Date,Open,High,Low,Close,Volume
2015-01-02,170.47258874432092,170.88559529706598,168.65534982907482,169.6878662109375,121465900
2015-01-05,168.6470660413276,168.8122661140158,166.3177160273211,166.6233367919922,169632600
2015-01-06,166.92894957322903,167.44934175106874,164.2609313452381,165.0539093017578,209151400
2015-01-07,166.3754906183617,167.44930974013607,165.92944926830862,167.1106414794922,125346700
2015-01-08,168.5149312956221,170.29086705779733,168.4984201081495,170.0760955810547,147217800
2015-01-09,170.48908829723226,170.5056120873232,168.10191108942752,168.71316528320312,158567300
2015-01-12,168.84530078782205,169.0022452562674,166.78852411875266,167.39151000976562,144396100
2015-01-13,168.60579178755538,169.729170120032,165.6238839596993,166.9207305908203,214553300
2015-01-14,164.91346747166824,166.1111962382504,164.02138464722543,165.91294860839844,192991100
2015-01-15,166.54900663505038,166.86288300701946,164.27747086579527,164.3931121826172,176613900
2015-01-16,164.18662850345416,166.70597099593076,164.0049046119339,166.5490264892578,211879600
2015-01-20,167.18501618298058,167.44934637710867,165.34301083199585,166.9041748046875,130991100
2015-01-21,166.44164760507718,168.22583901130292,165.9790822636024,167.7467498779297,122942700
2015-01-22,168.4983992677013,170.37343973468046,167.12721463947537,170.2412872314453,174356000
2015-01-23,169.9852312963904,170.24130594621263,169.1757419827697,169.3079071044922,117516800
2015-01-26,169.09307382349303,169.7951770912514,168.38270236179068,169.70431518554688,92009700
2015-01-27,167.655845533799,168.60575536241527,166.63985315825929,167.4658660888672,134044600
2015-01-28,168.64700634144867,168.74612382918318,165.12819688338908,165.31817626953125,168514300
2015-01-29,165.5164476333486,167.1023906847634,164.11221580090753,166.84632873535156,173585400
2015-01-30,165.67343415017112,166.99504739330268,164.48397340858196,164.748291015625,197729700
2015-02-02,165.24387318713673,166.8793751012651,163.43490302874275,166.78851318359375,163107000
2015-02-03,167.68068495307872,169.20881446344757,167.3089815220046,169.20054626464844,124212900
2015-02-04,168.44057206127013,169.64655660572535,168.10190370106497,168.55621337890625,134306700
2015-02-05,169.2169950571287,170.40645559253682,169.14265692465472,170.2577667236328,97953200
2015-02-06,170.6212406255758,171.18293601095024,169.26657983067707,169.78697204589844,125672000
2015-02-09,169.1426646169671,169.86129180480972,168.6222724580705,169.0270233154297,87219000
2015-02-10,170.05955750358785,171.08380553916865,169.0683318377307,170.82774353027344,96164200
2015-02-11,170.66256225237188,171.35641021173268,170.01827306097127,170.9268798828125,91087800
2015-02-12,171.7198101932229,172.62842936615894,170.95987988674725,172.5706024169922,97545900
2015-02-13,172.69451327422047,173.33053409635758,172.43843870239692,173.28097534179688,93670400
2015-02-17,172.9671141018099,173.72705713986363,172.7193202893553,173.5535888671875,76968200
2015-02-18,173.18188702097638,173.64445228011232,172.91755681349412,173.5701141357422,80652900
2015-02-19,172.9753918948121,173.80966051892923,172.83497119197804,173.4462127685547,91462500
2015-02-20,173.03320849141335,174.56133766054108,172.4136987099765,174.48699951171875,140896400
2015-02-23,174.2391464711458,174.46217346191406,173.85917502776118,174.46217346191406,74411100
2015-02-24,174.38785846833633,175.1560571033271,174.090493287688,174.9578094482422,72472300
2015-02-25,174.83392244920137,175.31301152317158,174.4704746962613,174.80914306640625,73061700
2015-02-26,174.7182566612815,174.87520113297848,173.99961684898244,174.6026153564453,72697900
2015-02-27,174.5034583905861,174.76778853466683,173.95829952534078,174.0078582763672,108076000
2015-03-02,174.10702503800874,175.16432070555928,174.05746627296082,175.10650634765625,87491400
2015-03-03,174.67692690286944,175.15601583681678,173.52876962108434,174.3878173828125,110325800
2015-03-04,173.79314592999464,173.86749668575007,172.6862914344985,173.65272521972656,114497200
2015-03-05,173.97488018199235,174.12356909840437,173.33885915122326,173.8427276611328,76873000
2015-03-06,172.98363319579175,173.41316346565193,171.06728967572505,171.39768981933594,188128000
2015-03-09,171.5959539499552,172.46325756122909,171.4390094552801,172.1080780029297,89818900
2015-03-10,170.74511230031905,170.82770601836518,169.27479791321812,169.31610107421875,157121300
2015-03-11,169.57214594426426,169.74561416140978,168.83699512675014,168.9196014404297,110145700
2015-03-12,169.54741781479228,171.13336120593354,169.4978590531875,171.06729125976562,93993500
2015-03-13,170.79467305582406,171.75283834092306,168.9857029767861,170.01821899414062,162410900
2015-03-16,170.74518487235875,172.38068739069163,170.04306864879194,172.28982543945312,136099200
2015-03-17,171.55465239072544,172.1576383881858,170.96817757941653,171.77767944335938,94510400
2015-03-18,171.30686131999258,174.51179627508682,170.67082768526348,173.8427276611328,228808500
2015-03-19,173.42971522233455,173.8509773639673,172.66151648881646,173.04974365234375,117917300
2015-03-20,173.99636107467424,175.08326585229423,173.8138260948983,174.5771484375,177715100
2015-03-23,174.58553314874214,175.15802837331734,174.237060546875,174.237060546875,71784500
2015-03-24,174.112585767895,174.56891073329592,173.1916180726312,173.25799560546875,77805300
2015-03-25,173.46545013430293,173.69776520861421,170.67765658234543,170.71913146972656,159521700
2015-03-26,170.05534076691788,171.22520830472868,169.35838305008411,170.3125457763672,153067200
2015-03-27,170.19636661978635,170.87671404274337,170.00552650267113,170.70248413085938,118939000
2015-03-30,171.73129641311075,173.08371141679822,171.7147115290507,172.78501892089844,96180400
2015-03-31,171.96363121206426,172.66058888963727,171.21690621635824,171.2749786376953,126768700
2015-04-01,171.24182193973758,171.26671193265366,169.6819815291534,170.66932678222656,137303600
2015-04-02,170.60294970108774,171.73134247042432,170.4204146457377,171.28330993652344,86900900
2015-04-06,170.395456211234,172.95093329947434,170.26271385538638,172.4365234375,114368200
2015-04-07,172.46145215552548,173.20817713321736,171.94704217801407,171.980224609375,81236300
2015-04-08,172.20423971106177,173.00074463141883,171.81427969330997,172.56100463867188,89351900
2015-04-09,172.39506560943883,173.5566405495446,171.90554564612407,173.32432556152344,85548900
2015-04-10,173.57328798988937,174.3117206984161,173.37416803447064,174.27023315429688,72722900
2015-04-13,174.12917502382024,174.75975527148466,173.43222990187343,173.4820098876953,74436600
2015-04-14,173.28291138587718,173.99645414479616,172.66063616566487,173.8139190673828,75099900
2015-04-15,174.27851832960081,175.09991337221425,174.195543250851,174.5937957763672,99529300
2015-04-16,174.26191135152382,175.05012391611444,174.06277876943213,174.54400634765625,68934900
2015-04-17,173.35758646133294,173.59819398304518,171.75625826434415,172.5361785888672,191113200
2015-04-20,173.45716995112807,174.44451548892474,173.37420750422365,174.11264038085938,92189500
2015-04-21,174.79292391814982,174.95056896762836,173.60645881560166,173.9051513671875,72559800
2015-04-22,174.24534286718344,174.94230069064122,173.32437509425588,174.759765625,78264600
2015-04-23,174.36154886535184,175.84671979773134,174.24539130585492,175.19955444335938,102585900
2015-04-24,175.6143536888242,175.87155873444283,175.1580160303617,175.60604858398438,61327400
2015-04-27,176.17027656329202,176.29472655151122,174.68510584935564,174.87594604492188,79358100
2015-04-28,174.85102087644302,175.48158845695426,173.6811405816105,175.4318084716797,86863500
2015-04-29,174.54405651764822,175.3073793114101,173.90519637105058,174.7100067138672,125684900
2015-04-30,174.13749290674085,174.52745303792176,172.26236223504856,172.95932006835938,161304900
2015-05-01,173.7391862143041,174.87588389704135,173.63962625911066,174.8343963623047,103399700
2015-05-04,175.25756223646033,175.91303245626554,175.14970982400388,175.33224487304688,70927200
2015-05-05,175.09159061917188,175.44836820377265,173.1832780802404,173.32432556152344,113326200
2015-05-06,173.87197243782254,174.17895746152567,171.54880933841025,172.61082458496094,135060200
2015-05-07,172.51121080317245,173.72257829166836,172.17933588972457,173.29942321777344,88244900
2015-05-08,174.9672066267344,175.7803093912612,174.88423153107524,175.5811767578125,155877300
2015-05-11,175.5396971735505,175.80519468415648,174.66850933332694,174.74317932128906,75708100
2015-05-12,173.91342824033026,174.75972583742453,173.09202063195485,174.2204132080078,119727600
2015-05-13,174.62700942418684,175.24928460026194,174.02133179766892,174.25364685058594,94667900
2015-05-14,175.26588372196588,176.1619615027784,174.9920811228103,176.07069396972656,95934000
2015-05-15,176.2615509033203,176.40259844881396,175.7803231632827,176.2615509033203,76510100
2015-05-18,176.0955698911435,177.0580124734228,176.02919235784495,176.80911254882812,74549700
2015-05-19,176.92524966742405,177.1990522131285,176.46891209125,176.75100708007812,72114600
2015-05-20,176.85053574557546,177.37325075490276,176.31123585293534,176.62652587890625,76857500
2015-05-21,176.4854728196305,177.34835515256788,176.31952271002848,177.14093017578125,64764600
2015-05-22,176.75926356368856,177.17411351941092,176.65141118414758,176.71778869628906,57433500
2015-05-26,176.22829770881899,176.65145286603982,174.4029600049852,174.81781005859375,124308600
2015-05-27,175.2741862570893,176.70956421388289,174.86762855732204,176.4772491455078,93214000
2015-05-28,176.17025686369877,176.38597437256442,175.5894692165826,176.2781219482422,74974600
2015-05-29,176.2117246051281,176.2531994850872,174.91739437695398,175.18289184570312,124919600
2015-06-01,175.84662729540608,176.17850224503937,174.7514171732241,175.53964233398438,93338800
2015-06-02,175.0833377129909,176.0540854164766,174.46106257022674,175.3654327392578,91531000
2015-06-03,175.8964556652323,176.45235332192888,175.3405580085357,175.830078125,87820900
2015-06-04,175.1247532579522,175.78021056836454,174.0295433800399,174.34483337402344,151882800
2015-06-05,174.19554356303513,174.71825870761285,173.39073340655372,174.04620361328125,121704700
2015-06-08,173.93834636683118,174.08769898352278,172.90122113504552,172.97589111328125,89063300
2015-06-09,172.95098876953125,173.49030144767775,172.32042123131572,172.95098876953125,105034700
2015-06-10,173.71431032637201,175.40690566336218,173.65623790120128,175.02523803710938,134551300
2015-06-11,175.46498440269264,175.971102001252,175.23266937321156,175.58944702148438,73876400
2015-06-12,174.7680459769165,175.46499109192928,173.97152823103042,174.24533081054688,135382400
2015-06-15,173.1086361141157,173.78069119959363,172.40338593342784,173.49859619140625,124384200
2015-06-16,173.3492325606859,174.52741782155275,173.17500263268036,174.44444274902344,85308200
2015-06-17,174.72657775878906,175.33226807449984,173.70604996607278,174.72657775878906,126708600
2015-06-18,175.32394929798113,177.00823971096892,174.75975923225266,176.54360961914062,165867900
2015-06-19,176.3017778218902,176.3768109906399,175.38466335339805,175.7598419189453,130478700
2015-06-22,176.67701763935042,177.24395207329624,176.4519053332587,176.66033935546875,70696000
2015-06-23,176.8687638249379,177.1188871824413,176.39354089530357,176.78538513183594,68476800
2015-06-24,176.51854725890612,176.89372583021103,175.47637749317096,175.5013885498047,92307300
2015-06-25,176.00168702375012,176.1267423437939,174.89281653941904,174.9678497314453,97107400
2015-06-26,175.32633823537532,175.56812880012623,174.38422520408892,174.9344940185547,104174800
2015-06-29,173.45876660249095,174.94281557284336,171.19100380518373,171.2660369873047,202621300
2015-06-30,172.8001770178951,172.85021188107152,171.14938274364292,171.62461853027344,182925100
2015-07-01,173.19195405817197,173.44207737125143,172.21648458678231,173.0001983642578,135979900
2015-07-02,173.47545965044043,173.6422043099479,172.4249441241193,172.84181213378906,104373700
2015-07-06,171.55783748282298,173.12525230369525,171.35773628956693,172.34988403320312,117975400
2015-07-07,172.55001867707884,173.55883217437201,170.17386584349634,173.43377685546875,173820200
2015-07-08,172.09980861176086,172.38327583973646,170.29060275537043,170.5240478515625,164020100
2015-07-09,172.61668341636218,172.87515224406943,170.72411199229873,170.83248901367188,144113100
2015-07-10,172.82513914137888,173.40041904782046,170.87419984963972,172.98355102539062,129456900
2015-07-13,174.24250913650008,175.00119930594377,174.20081978785296,174.892822265625,106069400
2015-07-14,174.85106427755088,175.9599343628904,174.7926966679971,175.6514434814453,81709600
2015-07-15,175.693199165046,176.15175654972325,175.11791923897846,175.59315490722656,97914100
2015-07-16,176.6436079459637,177.0021209716797,176.40183015050818,177.0021209716797,106683300
2015-07-17,176.99380980423336,177.21058930613975,176.5852873062746,177.1522216796875,89030000
2015-07-20,177.37734308080402,177.73584347269255,176.92713121534828,177.2439422607422,70446800
2015-07-21,177.1104981066195,177.36896690292505,176.24341843197277,176.54356384277344,77965000
2015-07-22,175.8599150166322,176.56026287200874,175.82657117675748,176.2267608642578,88667900
2015-07-23,176.3601524260903,176.4601966622729,174.876103554315,175.23460388183594,90509100
2015-07-24,175.3346636099752,175.3930185080703,173.08357920770112,173.4170684814453,117755000
2015-07-27,172.53330165520254,173.04188104088917,171.9663546525979,172.40823364257812,132361100
2015-07-28,173.2420249526405,174.66771933333678,172.41663432543018,174.52598571777344,123544800
2015-07-29,174.65102063440906,175.95164681042806,174.50928703541234,175.72654724121094,105791300
2015-07-30,175.21795021419427,175.9349636396938,174.6009810316665,175.76821899414062,91304400
2015-07-31,176.2684239707699,176.29343502740363,175.21792142675645,175.5013885498047,103266900
2015-08-03,175.46812984148264,175.52648476133868,173.95905660227538,174.90951538085938,113965700
2015-08-04,174.83441582600307,175.29297311573126,174.08405860412074,174.567626953125,81820800
2015-08-05,175.45974010894733,176.1767535837583,174.85944916623106,175.14292907714844,85786800
2015-08-06,175.32631450183948,175.4347042383865,173.1252522637311,173.70887756347656,116030800
2015-08-07,173.55050215836098,173.70056854343548,172.47497551144963,173.3754119873047,117858000
2015-08-10,174.4842726082692,175.64316516294912,174.4842726082692,175.55979919433594,80270700
2015-08-11,174.22578553646764,174.64265347090495,173.2169595375375,173.9756622314453,126081400
2015-08-12,172.67505252000194,174.36753547494192,171.2160146125157,174.18411254882812,172123700
2015-08-13,174.0257163564138,174.7093860011013,173.4254254026694,173.9673614501953,89383300
2015-08-14,173.77560986168024,174.67604637963953,173.63387625077044,174.60101318359375,72786500
2015-08-17,174.00907700255445,175.5764923095703,173.55051957690992,175.5764923095703,79072600
2015-08-18,175.30136197924693,175.65152964294157,174.83447176098744,175.0679168701172,71692700
2015-08-19,174.32583589007928,175.09287138975742,172.87514356925766,173.68386840820312,172946000
2015-08-20,172.17479724965054,173.65884614356457,169.998746027617,170.05711364746094,194327900
2015-08-21,168.18958459097217,170.03214702105623,164.67956263609406,164.93801879882812,346588500
2015-08-24,156.31719117881585,164.6462069534633,152.07346461980424,157.9929962158203,507244300
2015-08-25,162.937051181498,162.953729466756,155.8419610598146,156.13377380371094,369833100
2015-08-26,160.14404551360946,162.40346341649578,157.0508787165583,162.1283416748047,339257000
2015-08-27,164.26268936314614,166.26365090686062,162.75362906333933,166.1385955810547,274143900
2015-08-28,165.49659854882236,166.61380175279606,165.0130301347587,166.14691162109375,160414400
2015-08-31,165.17139594973068,166.02181000776918,164.25428150265006,164.80455017089844,163298800
2015-09-01,161.01111043486603,162.38678262332616,159.01848167867516,159.8855743408203,256000400
2015-09-02,162.26167538279665,162.96202320130396,160.42745896303018,162.9203338623047,160269300
2015-09-03,163.62900898451664,165.1214034229012,162.54516245333764,163.0370635986328,152087800
2015-09-04,160.78599337005926,161.62806215377893,159.75215614582967,160.5692138671875,207081000
2015-09-08,163.362203403593,164.7545407372646,162.72022324123685,164.60446166992188,116025700
2015-09-09,166.1802472312169,166.30530252865324,162.03657875215427,162.40341186523438,149347700
2015-09-10,162.21162888709986,164.42936908185118,161.9531728346661,163.2871551513672,158611100
2015-09-11,162.89529368431928,164.09587519080304,162.18661321341497,164.0291748046875,119691200
2015-09-14,164.20426116280294,164.25428327467455,162.93697920092842,163.42054748535156,79452000
2015-09-15,163.92080987050704,165.90510531161007,163.3788866438561,165.46322631835938,113806200
2015-09-16,165.76339385199034,167.08903100857285,165.4215590465416,166.8972625732422,99581600
2015-09-17,166.76380889622376,169.15662614966107,166.14683993307912,166.5220184326172,276046600
2015-09-18,164.01877931187536,166.50783687324343,163.39022645170527,163.80087280273438,223657500
2015-09-21,164.6305281045718,165.66972706910326,163.59970523919577,164.6472930908203,105726200
2015-09-22,162.48509755782862,162.971179937286,161.3788384622485,162.51023864746094,153890900
2015-09-23,162.67780792921184,163.14712519772604,161.67212624126188,162.25039672851562,92790600
2015-09-24,161.03525019150445,162.12474445816738,159.70272109335767,161.66380310058594,159378800
2015-09-25,163.1220738481947,163.423779799342,160.7503323298869,161.62193298339844,155054800
2015-09-28,160.72523520008556,160.83418850856506,157.25562220673473,157.56570434570312,178515900
2015-09-29,157.78352463470284,159.0154891991918,156.66050053114188,157.65780639648438,159045600
2015-09-30,159.54344943762996,160.76703778299435,158.764050145454,160.59942626953125,163452000
2015-10-01,160.97658756861168,161.32019955209685,159.08255279057036,161.01849365234375,131079000
2015-10-02,159.04064658051715,163.44889292368572,158.49589306831552,163.4237518310547,211003300
2015-10-05,164.64734619822048,166.55814603288178,164.53839293436835,166.3318634033203,126320800
2015-10-06,166.1977784415177,166.75928420829425,165.09990800289916,165.76197814941406,110274500
2015-10-07,166.69218957934794,167.4716016642994,165.50213120205433,167.11961364746094,124307300
2015-10-08,166.73412628130978,168.91311473391343,166.4324203846099,168.628173828125,153055200
2015-10-09,168.77063532913212,169.20642276618494,168.10017639559013,168.72872924804688,107069200
2015-10-12,168.80414255469205,169.08908342854323,168.3767312439153,168.88795471191406,56395600
2015-10-13,168.15881617556323,169.42431063021064,167.65598162169104,167.82359313964844,88038700
2015-10-14,167.76494043382095,168.34321110380344,166.72574123600018,167.01905822753906,99106200
2015-10-15,167.6810884036993,169.59188745094457,167.31233546687366,169.58351135253906,134142200
2015-10-16,169.98586114814174,170.37136646247572,169.2232138338629,170.3546142578125,114580100
2015-10-19,169.70923741616932,170.4383544921875,169.39915549426513,170.4383544921875,76523900
2015-10-20,170.00261102800798,170.8322926630684,169.7511873130431,170.2205047607422,78448500
2015-10-21,170.639550390483,170.79039695586204,168.9969264357949,169.16455078125,102038000
2015-10-22,170.1114939640774,172.231810651103,169.16448328739693,172.0222930908203,174911700
2015-10-23,173.69011103451444,174.27675782662064,172.89394661751743,173.9080047607422,144442300
2015-10-26,173.73201452401705,173.79067280838166,173.1118377599379,173.4805908203125,69033000
2015-10-27,172.81010415201033,173.48056299169156,172.4664922383321,173.1453399658203,77905800
2015-10-28,173.480587526555,175.13996347879436,172.81851748104603,175.1148223876953,135906700
2015-10-29,174.6120119254061,175.38303533093182,174.49468255473792,175.0142822265625,90525500
2015-10-30,175.20700293085025,175.5254737879926,174.10075660741566,174.25997924804688,131076900
2015-11-02,174.58688617311827,176.51443846235014,174.46116790124873,176.32168579101562,86270800
2015-11-03,175.96967410022543,177.3860153733307,175.74339147149564,176.8328857421875,95246100
2015-11-04,177.12621850842723,177.25192397763175,175.76015939934234,176.29652404785156,96224500
2015-11-05,176.3551573584658,176.8160986601643,175.23214603282946,176.12049865722656,78408700
2015-11-06,175.7769398695307,176.26302237316085,174.70421047805144,176.02835083007812,110471500
2015-11-09,175.4165348072266,175.56739414738445,173.43868791009058,174.38571166992188,131008700
2015-11-10,173.9079873730397,174.82149384506457,173.63981148972155,174.7879638671875,75874600
2015-11-11,175.05613820965038,175.10642038441057,174.03369136306415,174.10073852539062,67846000
2015-11-12,173.0615952943574,173.5309128287457,171.65364269119257,171.67039489746094,121315200
2015-11-13,171.25967005237672,171.5278458972901,169.6589527183827,169.7427520751953,153577100
2015-11-16,169.5584285031652,172.3827219761185,169.44108635756888,172.3240509033203,117645200
2015-11-17,172.6341033533533,173.5140669260381,171.7038448214845,172.19830322265625,121123700
2015-11-18,172.67602370486216,175.07290561750696,172.63413041421526,174.93043518066406,121342500
2015-11-19,174.81313450517308,175.1986525882852,174.48628749929313,174.7796173095703,88220500
2015-11-20,175.53384851339226,176.09535416536397,175.03939003018522,175.41651916503906,94011500
2015-11-23,175.4752234196192,175.97805809854208,174.754482204015,175.21542358398438,64931200
2015-11-24,174.20970448066703,175.85232822831483,173.82419922577145,175.45005798339844,98874400
2015-11-25,175.5757580407517,175.77689955099623,175.16509891948007,175.42491149902344,51980100
2015-11-27,175.51711484805486,175.8272096574253,175.0394212687719,175.62606811523438,37317800
2015-11-30,175.78526418784404,175.9025935308499,174.78795837832422,174.89691162109375,112822700
2015-12-01,175.5254524613775,176.681993612213,175.2488877171369,176.5646514892578,97858400
2015-12-02,176.5143660168775,176.83283682937392,174.51137847141774,174.76280212402344,108441300
2015-12-03,175.01424632913574,175.28242221225327,171.59491750079425,172.31565856933594,166224200
2015-12-04,172.3156725330037,175.96966035065273,172.3156725330037,175.67633056640625,192913900
2015-12-07,175.34947755684817,175.76851278396063,173.6481955578069,174.6119842529297,102027100
2015-12-08,173.05320013551412,174.561716961954,172.4581643919731,173.43870544433594,103372400
2015-12-09,172.80172035190606,174.88850725265175,171.11719083392987,172.08935546875,162401500
2015-12-10,172.1564097185433,173.84092651795578,171.92175104363824,172.53353881835938,116128900
2015-12-11,170.42164670400737,171.0837167933455,168.8795872161852,169.18968200683594,211173300
2015-12-14,169.3489225829156,170.1702281432619,167.57220431685354,170.0445098876953,182385200
2015-12-15,171.55302505022993,172.73470749855906,170.01935453413182,171.82958984375,154069600
2015-12-16,172.9526108886259,174.64551693695873,171.63684680850224,174.34381103515625,197017000
2015-12-17,174.65388239389682,174.72092956664895,171.67035354010022,171.68711853027344,173092500
2015-12-18,170.94690416829022,171.08178369521318,168.46831115642496,168.6284942626953,251393500
2015-12-21,169.80035600673932,170.1965943918638,168.6875130023776,170.01954650878906,99094300
2015-12-22,170.90474783070158,171.8574076490797,169.91837134677345,171.5623321533203,111026200
2015-12-23,172.56563562867956,173.72906040239997,172.4728986849185,173.68690490722656,110987200
2015-12-24,173.43393705200427,173.94820307781427,173.18101701464653,173.40020751953125,48539600
2015-12-28,172.70889178931722,173.0461099010935,171.93327984099471,173.00396728515625,65899900
2015-12-29,174.09991383300613,175.17902711134462,174.06619717107773,174.85023498535156,92640700
2015-12-30,174.60579258526704,174.6901035548786,173.46765881575018,173.61097717285156,63317700
2015-12-31,172.9365137681449,173.57723329901134,171.87425231933594,171.87425231933594,114877900
2016-01-04,169.0247378144135,169.47998356786456,167.42291956654066,169.4715576171875,222353500
2016-01-05,169.7918953745946,170.21342442255937,168.65377466351708,169.7581787109375,110845800
2016-01-06,167.21218979593286,168.66225118483942,166.58833485087854,167.6168670654297,152112600
2016-01-07,164.6745725350337,166.45342598970592,163.20764652208442,163.595458984375,213436100
2016-01-08,164.55650127523245,165.11292267031985,161.51306122906905,161.79969787597656,209817200
2016-01-11,162.7186624135249,163.05589341995838,160.02931749748547,161.9599151611328,187941300
2016-01-12,163.40146337567285,164.01689194666832,161.14206185973615,163.26657104492188,172330500
2016-01-13,163.93270144490674,164.27835847235212,158.81534370434633,159.19471740722656,221168900
2016-01-14,159.80166644313084,162.92940481013775,158.20828713856892,161.80813598632812,240795600
2016-01-15,157.45800285707142,159.13568064709096,156.4041799782958,158.33477783203125,324846400
2016-01-19,160.14736603081948,160.27381963470282,156.97745847695202,158.54554748535156,195244400
2016-01-20,155.99105620650136,158.07341096946286,152.61039748829143,156.5137481689453,286547800
2016-01-21,156.98589956251828,159.22842497611094,155.66229179050984,157.39056396484375,195772900
2016-01-22,159.9956237238477,160.8218173621808,159.23687630187553,160.61949157714844,168319600
2016-01-25,160.11362383775347,160.30752363639772,157.9975522277229,158.1914520263672,130371700
2016-01-26,158.84896734803982,160.62782002458823,158.51174933498638,160.349609375,141036800
2016-01-27,159.82693898727493,161.49619024417947,157.70242920136823,158.60450744628906,185681700
2016-01-28,160.1472990063032,160.34962468783962,157.78673409737553,159.43069458007812,143798800
2016-01-29,160.19791755880993,163.45212261959614,160.07988992920824,163.31723022460938,210529300
2016-02-01,162.31398819603547,164.04226001473677,161.73227600136582,163.25820922851562,136061600
2016-02-02,161.83347120425384,161.84189715589827,159.7932588700517,160.3159637451172,182564900
2016-02-03,161.3697602245639,161.68168761708515,157.7361817318406,161.2770233154297,205054900
2016-02-04,160.77963173464707,162.49946476772794,160.14733809741855,161.5299530029297,139531800
2016-02-05,161.01569349009503,161.5889669028916,157.82049564391338,158.45278930664062,180788300
2016-02-08,156.61493026107567,156.9099929217756,154.1110463004901,156.31985473632812,191526700
2016-02-09,154.58316887226096,157.60131910006854,154.44827645822463,156.3282928466797,184513100
2016-02-10,157.1544756864922,158.7815717708362,156.06692344935064,156.19338989257812,148214100
2016-02-11,153.72321201774534,155.20700251784558,152.66938938485407,154.16160583496094,219058900
2016-02-12,155.93207520421836,157.3568329836755,155.08901686974585,157.33998107910156,127632400
2016-02-16,159.14410602685712,160.02088092779238,158.18302015711848,159.99559020996094,120250700
2016-02-17,161.15900869027703,162.98001749067555,161.03254224177735,162.60906982421875,136009500
2016-02-18,162.87886470694102,162.93788496403232,161.63114199637977,161.9430694580078,102343000
2016-02-19,161.16743240085756,162.01891654044448,160.56042947582927,161.86717224121094,114793000
2016-02-22,163.44366003440703,164.35416427207795,163.37621384672272,164.21084594726562,103640300
2016-02-23,163.5532945241324,163.82307932901813,162.01892239045185,162.136962890625,111455300
2016-02-24,160.71222239458268,163.15708654029385,159.60781797985007,162.87887573242188,150812200
2016-02-25,163.3256446324791,164.86001657290862,162.5668974763839,164.85157775878906,110728300
2016-02-26,165.71996446159756,165.81268851853963,164.3120458800102,164.47222900390625,129833700
2016-02-29,164.48908530726592,165.43330637127323,162.98844274594833,163.18234252929688,125918100
2016-03-01,164.40474909828157,167.10254520529068,163.93263863876854,167.0182342529297,141799700
2016-03-02,166.70632132039938,167.81915137646766,166.29321820053025,167.76856994628906,102415000
2016-03-03,167.59153048775184,168.44302748531464,167.0182570982276,168.42616271972656,95172200
2016-03-04,168.62003825160113,169.7497458306991,167.79384495325377,168.97412109375,129293600
2016-03-07,168.05523173245695,169.51373179540596,167.9793595758545,169.1090545654297,100219000
2016-03-08,168.0383659502354,168.54419314985492,167.10257083728501,167.2627410888672,123974900
2016-03-09,168.07210923048493,168.43461813774294,167.2880582940595,168.08897399902344,94801200
2016-03-10,168.57791165780847,169.5137067095646,166.40282010875242,168.22381591796875,156838700
2016-03-11,169.67384382062787,170.98058625779174,168.20693117363018,170.9384307861328,137964500
2016-03-14,170.43270829208885,171.17459101950473,170.10391599387964,170.71934509277344,73612000
2016-03-15,169.75818029203575,170.74455672977479,169.49683433811077,170.44105529785156,93169100
2016-03-16,169.96054660976955,171.83213693477836,169.9183911248905,171.42745971679688,129303200
2016-03-17,171.34316418983127,173.02084188245536,170.94692578129084,172.5150146484375,134278500
2016-03-18,173.0149863304641,173.5319048209772,172.7014500581585,173.1929473876953,138372400
2016-03-21,172.93028446198593,173.66752412335737,172.70148104175357,173.438720703125,72926700
2016-03-22,172.66754644663476,173.91323505526816,172.50655007068661,173.34547424316406,97471900
2016-03-23,172.96412238673693,173.150552830856,172.0319701661417,172.2014617919922,81052500
2016-03-24,171.17612242849734,172.15911712593663,170.95580138130484,172.12521362304688,84360900
2016-03-28,172.54038859451902,172.75224015887895,171.7777281349806,172.2268524169922,62408200
2016-03-29,171.82008233027528,173.93012849534293,171.51501557063168,173.81996154785156,92922900
2016-03-30,174.81989904080604,175.3029138438038,174.21823495839973,174.58262634277344,86365300
2016-03-31,174.48948461704867,174.91318788914268,173.9979872697719,174.15899658203125,94584100
2016-04-01,173.1675392516827,175.5317979130874,172.85399002539597,175.34536743164062,114423500
2016-04-04,175.26902399778817,175.47240613852486,174.47246010955988,174.77752685546875,63497000
2016-04-05,173.43864226417537,174.7860151498737,172.77766639834624,173.03189086914062,99662200
2016-04-06,173.03194835987722,174.98098604302,172.85398729207458,174.92166137695312,91839800
2016-04-07,173.83693734939823,174.1928464631695,172.09975175353787,172.82852172851562,113859000
2016-04-08,174.00645032583586,174.43863592304353,172.7607617169382,173.2946319580078,95040600
2016-04-11,173.9301694457003,174.62504892364467,172.79464793483095,172.8878631591797,83757500
2016-04-12,173.0573365069002,174.7775704690855,172.6166815572068,174.4979248046875,115350600
2016-04-13,175.41312217712402,176.34527437534416,175.2775340518565,176.26052856445312,96336400
2016-04-14,176.31986770012065,176.76899208786213,175.92158563093162,176.26901245117188,65212900
2016-04-15,176.2690118023422,176.40459993824712,175.75209334830146,176.07411193847656,75761600
2016-04-18,176.07410600301003,177.3452156408778,175.4131300257505,177.3113250732422,82531000
2016-04-19,177.73503026630098,178.12482998523546,177.05710253247176,177.87060546875,88316100
2016-04-20,177.9130118678641,178.73499729867763,177.43846624397145,178.04013061523438,81100300
2016-04-21,178.05703173609004,178.16719870773824,176.8113432719301,177.08251953125,85695000
2016-04-22,176.7266103886894,177.3536828601742,176.1842708004453,177.08251953125,99251700
2016-04-25,176.4808836141633,176.81985399272102,175.87074986315722,176.77748107910156,66166500
2016-04-26,177.14181523808645,177.54857959028388,176.56558513473195,177.04013061523438,75864200
2016-04-27,176.65877363671703,177.79429485484587,176.30286458015692,177.4044952392578,77329400
2016-04-28,176.65035289468423,177.75197092687552,175.37924322948243,175.79446411132812,97216200
2016-04-29,175.1758707044217,175.5233104687304,173.74375166699065,174.8453826904297,142424100
2016-05-02,175.34531294727643,176.41304024801133,174.91314038206343,176.23509216308594,62188000
2016-05-03,175.00637602999169,175.24364879119557,173.9555874229489,174.70130920410156,106422100
2016-05-04,173.70983730544705,174.43860730448847,173.22680946555437,173.72677612304688,92243800
2016-05-05,174.19289892045248,174.54880814140395,173.2692288281928,173.69293212890625,67619200
2016-05-06,172.9217779802772,174.37084886559472,172.76925100834785,174.32847595214844,89315000
2016-05-09,174.20134033716386,174.90467627236418,174.02337930329685,174.47250366210938,74374900
2016-05-10,175.1758817791427,176.65884323088056,175.108087703987,176.6418914794922,77472200
2016-05-11,176.18422572525807,176.71808283731846,174.9893798828125,174.9893798828125,81727000
2016-05-12,175.65885569735008,175.82834731079288,174.03183706537783,175.04025268554688,89586300
2016-05-13,174.74368803932327,175.29449705429184,173.19293269930267,173.5149383544922,96474600
2016-05-16,173.68442685674904,175.70124535905617,173.62510220030677,175.22669982910156,77486800
2016-05-17,174.95551118991153,175.2436262299386,173.06578582235952,173.5911865234375,114924900
2016-05-18,173.2437772589709,174.81995377820982,172.55738010114683,173.64205932617188,120062100
2016-05-19,172.9217078869592,173.32845924429304,171.83702898047395,173.04034423828125,115430500
2016-05-20,173.65051706969587,174.65046334051098,173.59967475481287,174.133544921875,104990400
2016-05-23,174.15049760539685,174.43014328991345,173.7098555543978,173.8962860107422,58682600
2016-05-24,174.70975671321835,176.4638939748023,174.68433555844706,176.1503448486328,93537800
2016-05-25,176.82828119514468,177.76043335068047,176.1503535302454,177.34519958496094,76621400
2016-05-26,177.48081820927177,177.7096215832107,177.0825361225769,177.3960723876953,55280700
2016-05-27,177.55702729034823,178.167160813654,177.50618498513825,178.15869140625,64211200
2016-05-31,178.42986622882066,178.5400331841697,177.26044141171204,177.81973266601562,109879400
2016-06-01,177.20961797158864,178.36209116510832,177.0147181247832,178.18414306640625,69936200
2016-06-02,177.78580387470103,178.7433639831607,177.31125852353676,178.72642517089844,63044700
2016-06-03,178.16722105071435,178.54008198883983,176.98932650367107,178.19264221191406,101757100
2016-06-06,178.54851283883448,179.45524382712608,178.38750356574386,179.09933471679688,64887000
2016-06-07,179.25189200266425,179.93828918383645,179.22647084265023,179.37899780273438,60974800
2016-06-08,179.51454452608584,180.0907875243807,179.38743875534112,179.9636688232422,66170900
2016-06-09,179.23494389089262,179.83660819436378,178.9637805351063,179.7179718017578,73786900
2016-06-10,178.34515166586806,178.68410904426875,177.4723112022157,178.01466369628906,113829200
2016-06-13,177.41303453769132,178.26891049203684,176.5571585833458,176.6418914794922,117751200
2016-06-14,176.26052776899468,176.8876131477305,175.34532732316208,176.29441833496094,125059300
2016-06-15,176.29444825824095,177.41303108091927,175.8622755842411,176.0487060546875,109124500
2016-06-16,176.04866312222205,176.74354251177266,174.21826236624872,176.5740509033203,149533100
2016-06-17,176.4701621006193,176.49571546014107,175.26058875857578,175.91648864746094,117055700
2016-06-20,177.8756679387866,178.54859475858052,176.96422142590865,177.04940795898438,82789600
2016-06-21,177.4327180900244,177.96083819196116,176.98977152195235,177.55197143554688,72461700
2016-06-22,177.73083125459377,178.4548777236498,177.1175246684293,177.26234436035156,95560500
2016-06-23,178.71891135430852,179.62183119566257,178.2589379814508,179.5707244873047,102731400
2016-06-24,173.45476529696333,179.60485903143808,172.67961199025197,173.12255859375,333444400
2016-06-27,171.71702689879322,171.7255533496306,169.21269390864185,170.0219268798828,230775800
2016-06-28,171.623305065418,173.1139780365979,171.31665182001268,173.0884246826172,159382400
2016-06-29,174.48544479534866,176.26573159068695,174.3832313518315,176.03575134277344,137328600
2016-06-30,176.504213883724,178.4889271454984,175.9505275208487,178.4378204345703,165021900
2016-07-01,178.43780696283076,179.298146523958,178.27596039201924,178.81260681152344,106055300
2016-07-05,177.98638642688363,178.09712631512292,176.93014625342386,177.5264129638672,109803700
2016-07-06,177.03233631305994,178.71040933220064,176.3764365193641,178.59115600585938,96021500
2016-07-07,178.77005163259213,179.43446496128354,177.71381146782082,178.48043823242188,85593800
2016-07-08,179.77519856716046,181.38512517532322,179.54520533809736,181.13809204101562,133971000
2016-07-11,181.59801253797013,182.34761212478182,181.39357274221206,181.77688598632812,73633900
2016-07-12,182.7395299662686,183.39542993187803,181.802530015398,183.0972900390625,101275600
2016-07-13,183.51457109798886,183.52308454774075,182.58609816733718,183.07162475585938,87324100
2016-07-14,184.33243985037933,184.56243313927266,183.7021061663911,184.09393310546875,91230900
2016-07-15,184.65603683603393,184.8519502033913,183.40387057951722,183.84681701660156,107155400
2016-07-18,183.96611194887564,184.50275846526557,183.71056536975473,184.34091186523438,58725900
2016-07-19,183.92349496786622,184.1875549664378,183.67647487174233,184.1534881591797,54345700
2016-07-20,184.1534935758465,185.1586268899919,184.1534935758465,184.9201202392578,58159500
2016-07-21,184.8093717578081,185.03083847970123,183.77867221092137,184.22161865234375,67777300
2016-07-22,184.34089084954488,185.0990040493372,184.07683084702495,185.0478973388672,62787500
2016-07-25,184.84347369635424,184.89458041130248,183.96610709603976,184.5453338623047,55873100
2016-07-26,184.44309323845644,184.98825311359136,183.78719349883522,184.6304931640625,70080500
2016-07-27,185.00529881803118,185.07344542926506,183.66794594313563,184.43458557128906,84083900
2016-07-28,184.23864234264187,184.9371352956895,183.77866900592056,184.64752197265625,65035700
2016-07-29,184.38344623722966,185.30339283201792,184.10234638974194,184.9456329345703,79519400
2016-08-01,185.00526587013712,185.39709256790456,184.34085277597947,184.7923126220703,73311400
2016-08-02,184.54530878477047,184.69864190641763,182.77354891834582,183.6083221435547,92295500
2016-08-03,183.54870710658165,184.204606918532,183.25058028125014,184.1449737548828,53993600
2016-08-04,184.25572533964777,184.65607861415472,182.5009920927308,184.34091186523438,46585500
2016-08-05,184.3408719822423,185.8911650309218,184.3408719822423,185.84857177734375,71892200
2016-08-08,186.0360266481112,186.1382530864224,185.47383972677943,185.73789978027344,39906500
2016-08-09,185.8059915214018,186.34262492404972,185.52489164495,185.84857177734375,51251700
2016-08-10,185.9593393883668,186.03599945766584,185.03937956386426,185.3886260986328,57941100
2016-08-11,185.91672529073242,186.49596496611446,185.65266530542866,186.24893188476562,72504300
2016-08-12,185.9422775017856,186.30005044482607,185.68674396766605,186.08709716796875,61313500
2016-08-15,186.45341923045174,186.97302588150868,186.44490577630455,186.623779296875,49813500
2016-08-16,186.20638433318723,186.2745179562473,185.66122436523438,185.66122436523438,53213600
2016-08-17,185.6953007652244,186.14676077773237,184.86052736442625,186.01046752929688,75134300
2016-08-18,185.98490989689367,186.4619232578189,185.8741830080184,186.4278564453125,52989300
2016-08-19,185.95936001723447,186.3341599500134,185.47383319350868,186.1552734375,75443000
2016-08-22,185.91675056339253,186.3767369854356,185.55047711402338,186.14674377441406,61368800
2016-08-23,186.76003679823123,187.05817660563002,186.46189699083246,186.5215301513672,53399200
2016-08-24,186.3767401227276,186.4704400993404,185.15012697348288,185.56752014160156,71728900
2016-08-25,185.18425741697212,185.85719738869116,185.03093721945217,185.43980407714844,69224800
2016-08-26,185.62717700379397,186.64935049767715,184.2046501668467,185.0905303955078,122506300
2016-08-29,185.21827125245898,186.26599788851843,185.18419144450021,186.00193786621094,70502200
2016-08-30,185.91674874049886,186.1978486628494,185.14160858841032,185.69528198242188,58114500
2016-08-31,185.3630734334427,185.48232676312082,184.3920068924529,185.1671600341797,85269500
2016-09-01,185.15861927743916,185.46527252972356,184.0171927819061,185.1756591796875,97844200
2016-09-02,186.0275074347612,186.43637418242812,185.43975417381776,186.01046752929688,79293900
2016-09-06,186.2916081177802,186.64936822473558,185.57608790386942,186.5727081298828,56702100
2016-09-07,186.41076585012152,186.73445897028816,185.9507925193483,186.55557250976562,76554900
2016-09-08,186.22343021291192,186.49601672347939,185.8230768990411,186.12973022460938,74102900
2016-09-09,184.81792135656548,184.86902807179513,181.64917503593986,181.6747283935547,221589100
2016-09-12,180.91662068590415,184.68163379603857,180.8484740642897,184.28128051757812,168110900
2016-09-13,183.00357638087698,183.26763643886903,181.0103362679948,181.6321563720703,182828800
2016-09-14,181.6832181629531,182.88427780483661,181.0102915040864,181.56396484375,134185500
2016-09-15,181.40217203040726,183.76168559041375,181.22328551258488,183.3783721923828,134427900
2016-09-16,182.76366792581595,182.94345806111463,181.98461217497623,182.66949462890625,155236400
2016-09-19,183.32015528309017,183.96224239525162,182.37842229326847,182.70375061035156,80250500
2016-09-20,183.55987049912048,183.71396513879625,182.67807189218635,182.71231079101562,69665300
2016-09-21,183.41431802619306,184.94676009783961,182.7294225333122,184.76698303222656,110284400
2016-09-22,185.77714930568925,186.23088968519738,185.52888144386645,185.93124389648438,76678700
2016-09-23,185.5374671479672,185.67444884801776,184.81833281764258,184.91250610351562,73630900
2016-09-26,184.08210674101107,184.2618838253767,183.21742102902655,183.41433715820312,89827300
2016-09-27,183.2516630614715,184.6471234918225,182.8835263269881,184.55296325683594,78494800
2016-09-28,184.77551177596033,185.62307129089558,183.81666606772146,185.46896362304688,87411000
2016-09-29,185.26352112161058,185.6658967386846,183.24308657792002,183.79100036621094,128070600
2016-09-30,184.62143417016583,185.87992589879707,184.37316624574723,185.17791748046875,117202900
2016-10-03,184.7669790094918,184.95531252922103,184.09919644758304,184.73272705078125,83512100
2016-10-04,184.84403258789584,185.0666180738813,183.20029122302313,183.79100036621094,119948100
2016-10-05,184.41593201846445,185.03233652110154,184.34744117780565,184.60427856445312,72816000
2016-10-06,184.38171632211893,184.95531252922103,183.8423720737274,184.73272705078125,62927400
2016-10-07,185.00666074402258,185.17788132018285,183.3714761556129,184.0991668701172,89788300
2016-10-10,185.05804443359375,185.52034134257795,184.91250627588957,185.05804443359375,51855000
2016-10-11,184.62998863208392,184.6984794829944,181.99314965685426,182.72084045410156,130367400
2016-10-12,182.85782847749783,183.48280261492656,182.3612795887013,182.9605712890625,73866100
2016-10-13,181.63360671311602,182.85784654528132,180.8202989779291,182.36129760742188,101357000
2016-10-14,183.3372428027531,183.79955277491104,182.37839702834248,182.4554443359375,93346200
2016-10-17,182.42976500852797,182.68660243484823,181.6421398142282,181.82192993164062,58275700
2016-10-18,183.4143117616483,183.47423309370768,182.58387812767933,182.9605712890625,76869700
2016-10-19,183.22596189159376,183.75674966585316,182.8663947158089,183.44854736328125,66519200
2016-10-20,183.09752483983908,183.6625645353384,182.44688138226903,183.10609436035156,73639800
2016-10-21,183.10609240583523,183.2773129914425,182.14723361250657,183.1916961669922,89089100
2016-10-24,184.0649374413789,184.3389008279515,183.61975346984508,183.97076416015625,60146600
2016-10-25,183.79095400311965,184.04779138418704,183.19167548949028,183.35433959960938,66542300
2016-10-26,182.53248092126256,183.56837386828238,182.29275644560417,182.98622131347656,75705500
2016-10-27,183.7054333672789,183.7396722707094,182.42125894422213,182.49830627441406,77220200
2016-10-28,182.4725676586778,183.1488935654366,181.24832802261642,181.95889282226562,140623200
2016-10-31,182.292783476287,182.51538200884306,181.80480412278754,181.96746826171875,61272500
2016-11-01,182.29280454167187,182.34418248355638,179.44194927362747,180.64906311035156,122781800
2016-11-02,180.34086915477957,180.72613188868763,179.12518573960872,179.5618133544922,103330800
2016-11-03,179.77578944949215,179.98981843271363,178.46593311724016,178.73988342285156,88939300
2016-11-04,178.85117098823267,179.6901608899193,178.39743061851397,178.54296875,109122100
2016-11-07,178.54299901440498,182.51537683425684,178.54299901440498,182.4811248779297,109794900
2016-11-08,182.08732580286676,183.86804876461554,181.8219319159806,183.30300903320312,106772100
2016-11-09,181.81335015747885,185.8627882300816,181.78766772262458,185.2463836669922,258429000
2016-11-10,186.03405331261018,186.8987259738683,184.25333004480336,185.70872497558594,172113300
2016-11-11,184.98954808289514,185.52033582618566,184.338904621336,185.28062438964844,100552700
2016-11-14,185.80288643230247,186.00835901047284,184.68137636929268,185.4261932373047,94580000
2016-11-15,185.81144289060984,186.87303161621094,185.6059833757356,186.87303161621094,91652600
2016-11-16,186.25657880926144,186.75312761404004,186.13672310212814,186.52197265625,65617700
2016-11-17,186.676099078109,187.54077154766955,186.5647998162659,187.48085021972656,69797200
2016-11-18,187.5493174090308,187.72053797721748,186.88153498550636,187.0613250732422,86265800
2016-11-21,187.63491755839485,188.49958990227336,187.4893794250663,188.47390747070312,72402600
2016-11-22,188.78215239591617,189.02186385363086,188.11438289752599,188.8420867919922,67429000
2016-11-23,188.32837394303928,188.99614330677943,188.1314709417549,188.9447784423828,56620200
2016-11-25,189.28725291578274,189.68105896052663,189.2101925476429,189.64682006835938,37872300
2016-11-28,189.3386507599294,189.61260113485753,188.65375522766547,188.75648498535156,76572500
2016-11-29,188.79067283273022,189.57829785519968,188.4910270568457,189.1245574951172,69886700
2016-11-30,189.74104372210638,189.90370789549405,188.61096403117952,188.6708984375,113291800
2016-12-01,188.97051707232507,188.97051707232507,187.61785196668092,187.97743225097656,79040500
2016-12-02,188.06299200507038,188.55954083115392,187.71198132508658,188.07154846191406,74840300
2016-12-05,188.90202952729857,189.54411666106003,188.70512646400132,189.20167541503906,67837800
2016-12-06,189.39000177393402,189.83518579680896,188.91057885543555,189.80093383789062,59877400
2016-12-07,189.6468370623224,192.34359747994642,189.52698133405676,192.28367614746094,110738100
2016-12-08,192.25801124482192,193.22541361716267,191.9926042635398,192.75454711914062,99714400
2016-12-09,192.9771035152016,193.93594921927246,192.94285156103166,193.9188232421875,88005800
2016-12-12,193.82468599748915,194.30412200195045,193.27677219854309,193.69627380371094,102016100
2016-12-13,194.35545044058355,195.48551672384679,194.33832446352554,194.9889678955078,110477500
2016-12-14,194.68940396630498,195.39141251432298,192.9429194612208,193.37954711914062,142501800
2016-12-15,193.61917381484898,195.03175981530796,193.3880188656367,194.17564392089844,124972600
2016-12-16,194.6312726357613,194.69156029974823,193.47731839077315,193.7959442138672,156420200
2016-12-19,193.97675592107728,194.63985439307436,193.83035994627357,194.21788024902344,90341100
2016-12-20,194.75175054933553,195.11345009615462,194.51924630674972,194.967041015625,89838800
2016-12-21,194.83788407091805,195.01011382656955,194.42453002929688,194.42453002929688,67909000
2016-12-22,194.27818658290144,194.39874875846775,193.69258948708537,194.08872985839844,56219100
2016-12-23,194.1317873010316,194.38153169613182,193.94234370721074,194.3729248046875,36697800
2016-12-27,194.63982731069177,195.25124493566398,194.62260039243822,194.85511779785156,42672500
2016-12-28,195.1135149259041,195.13072870792,193.13283934987078,193.24478149414062,64095000
2016-12-29,193.3136327930532,193.66671234975908,192.7624896651442,193.20169067382812,48696100
2016-12-30,193.52895156569957,193.61507303026372,191.80662739674145,192.4955596923828,108998300
2017-01-03,193.79592722132304,194.47625268810015,192.79698909968164,193.96817016601562,91366500
2017-01-04,194.29539466616654,195.26851207345445,194.28678777541126,195.1221160888672,78744400
2017-01-05,194.85509890854982,195.1220569843028,194.17477367651423,194.967041015625,78379000
2017-01-06,195.07909092493435,196.12970996146183,194.53655448172768,195.66468811035156,71559900
2017-01-09,195.40634977073876,195.54413889884307,194.98437549352983,195.01882934570312,46939700
2017-01-10,195.0360431314953,195.87137165272264,194.631295780373,195.01882934570312,63771900
2017-01-11,194.93265109478259,195.56991577148438,194.26955260662038,195.56991577148438,74650000
2017-01-12,195.05320671675017,195.26849723189008,193.7270229252161,195.07904052734375,72113200
2017-01-13,195.25130776674516,195.82828488116763,195.21686705944367,195.52688598632812,62717900
2017-01-17,194.88958876507553,195.2943359950259,194.4504008335571,194.83792114257812,61240800
2017-01-18,195.08762859655678,195.31153912048646,194.53648545658123,195.2684783935547,54793300
2017-01-19,195.34599463170878,195.483783712224,194.11453921786523,194.5451202392578,66608800
2017-01-20,195.2254491108912,195.75075852737518,194.59680444535826,195.25990295410156,129168600
2017-01-23,195.25986555738928,195.32014006102685,193.9939564378257,194.75177001953125,75061600
2017-01-24,194.9670529499956,196.41381180496955,194.8551108360682,196.00045776367188,95555300
2017-01-25,196.9477557982735,197.6969757080078,196.7841329083282,197.6969757080078,84437700
2017-01-26,197.55056992098218,197.8175411955517,197.21471724555164,197.49029541015625,59970700
2017-01-27,197.56775703454838,197.71415297738932,196.99938703978657,197.18023681640625,59711100
2017-01-30,196.49131364627334,196.51714745264198,194.97567339806525,195.9573974609375,79737300
2017-01-31,195.4665894924151,196.00051898366206,194.89823243571473,195.9402313232422,75880800
2017-02-01,195.94018351228783,196.8530131051667,195.43210109969132,196.01768493652344,79117700
2017-02-02,196.0177446598415,196.4311119956221,195.3288253807931,196.1469268798828,69657600
2017-02-03,197.05109133806323,197.67973590662965,196.74107249844477,197.49888610839844,80563200
2017-02-06,197.0941453700368,197.49028567706006,196.80996032940286,197.14581298828125,57790100
2017-02-07,197.53337817012294,197.77450252089744,196.96500799745806,197.1544647216797,57931200
2017-02-08,197.15447525123201,197.54199561136676,196.61193886286796,197.41282653808594,51566200
2017-02-09,197.41281856891618,198.88539850604153,197.41281856891618,198.58399963378906,65955200
2017-02-10,198.92844207107467,199.59154055725963,198.60119627316433,199.3676300048828,66015900
2017-02-13,199.8584786124461,200.7110337232728,199.8326448036595,200.4526824951172,55182100
2017-02-14,200.27183115065384,201.2621753275736,199.92737160929255,201.25355529785156,71109000
2017-02-15,201.03828987887738,202.49365593222012,200.98662225525658,202.30419921875,86785800
2017-02-16,202.3299910531187,202.51084083856136,201.38272082258933,202.13192749023438,84722400
2017-02-17,201.468791862682,202.4505157470703,201.45156494813884,202.4505157470703,77204100
2017-02-21,202.82087604014896,203.82843399397925,202.81225601044366,203.6562042236328,88946100
2017-02-22,203.251490149344,203.6992849971404,203.08786724175664,203.4753875732422,62115200
2017-02-23,203.9920878749946,204.00930165644274,202.8553475654405,203.61317443847656,74615900
2017-02-24,202.769204202893,203.91453806498942,202.72614347613032,203.87149047851562,82381600
2017-02-27,203.78536208765897,204.36233901382846,203.53563090539905,204.1901092529297,56515400
2017-02-28,203.81122209260744,204.05234641691743,203.25147201266427,203.6389923095703,96961900
2017-03-01,205.29242616150023,206.95447579618843,205.27519924075014,206.48944091796875,149158200
2017-03-02,206.29999552679604,206.30861555778915,205.13743454805757,205.18910217285156,70246000
2017-03-03,205.1029620528857,205.48187545397204,204.72404865179934,205.31825256347656,81974300
2017-03-06,204.52596783156446,205.05988404795863,204.10399373585008,204.70681762695312,55391500
2017-03-07,204.40540151886213,204.7584810729663,203.88869909137853,204.0953826904297,65103700
2017-03-08,204.38822766273705,204.64657894355068,203.57873311499068,203.71652221679688,78168800
2017-03-09,203.83709492427994,204.30212988182257,203.01038655132612,203.97488403320312,90683900
2017-03-10,204.93074530765566,204.97380604057082,203.74233740870923,204.6896209716797,81991700
2017-03-13,204.62931534588895,204.8359989615552,204.30208271311278,204.79293823242188,57256800
2017-03-14,204.25041693502382,204.3020976979482,203.3978748809851,204.00929260253906,59880800
2017-03-15,204.57768905340063,206.1966781857777,204.34517158134187,205.7747039794922,96081800
2017-03-16,205.91245511123034,205.9899565408601,205.04268618470874,205.3699188232422,78344000
2017-03-17,205.6320125701059,205.82229351135118,205.00927734375,205.00927734375,89002100
2017-03-20,205.0092494983875,205.2946708714881,204.3951718875136,204.7843780517578,52537000
2017-03-21,205.38982235241298,205.51090901439778,202.02532881856098,202.15505981445312,131809300
2017-03-22,202.18966922638143,202.91618921870486,201.56693403368797,202.63076782226562,97569200
2017-03-23,202.63077792289533,203.54757889187846,202.04264643239952,202.41455078125,100410300
2017-03-24,202.7172120670613,203.2880415163762,201.48904386178776,202.2674560546875,112504900
2017-03-27,200.59820862722134,202.31938117796201,200.32144478844586,202.05990600585938,87454500
2017-03-28,201.75723863446456,203.95410073492422,201.64479629003603,203.53030395507812,93483900
2017-03-29,203.24486140080134,203.95407953685887,203.01997673531778,203.72055053710938,61950400
2017-03-30,203.66001404084622,204.56817064319617,203.48703497312647,204.36923217773438,56737900
2017-03-31,204.03196056939515,204.5595554133915,203.84167959631716,203.89358520507812,73733100
2017-04-03,203.94541794497783,204.14434319591695,202.3107414799695,203.53890991210938,85546500
2017-04-04,203.25351822724852,203.75516679210006,202.8729563368468,203.66867065429688,56466200
2017-04-05,204.34327805151034,205.32062888253068,202.85563437139967,203.06321716308594,108800600
2017-04-06,203.2015942350403,204.1529856156892,202.76048247725743,203.63404846191406,69135800
2017-04-07,203.38325034394884,204.11842792690598,202.94215171264923,203.42649841308594,74412300
2017-04-10,203.56489403083373,204.34330651252617,203.01999737517406,203.54759216308594,67615300
2017-04-11,203.16700087724368,203.4091742008586,201.8177457321159,203.30538940429688,88045300
2017-04-12,203.02864167040403,203.21892261084852,202.18967930502347,202.41455078125,81864400
2017-04-13,202.07720426085868,202.81238170244328,201.099853515625,201.099853515625,92880400
2017-04-17,201.6188347524172,202.88160705566406,201.4199094790997,202.88160705566406,68405400
2017-04-18,202.1464378130178,202.81242112623795,201.59289684029733,202.2761688232422,83225800
2017-04-19,202.83835390279546,203.2102582391283,201.67936643251812,201.9042510986328,68699900
2017-04-20,202.5183487901547,203.98870400717547,202.19833682284133,203.54759216308594,92572200
2017-04-21,203.46973807880664,203.52163048064483,202.5010447179408,202.89889526367188,110389800
2017-04-24,205.13896965036957,205.33790808615962,202.8729138470728,205.1303253173828,119209900
2017-04-25,205.77038791146632,206.669886959925,205.68389178100873,206.3239288330078,76698300
2017-04-26,206.28929328187664,207.17150352612882,206.150917970928,206.19415283203125,84702500
2017-04-27,206.5142203713662,206.66989757723962,205.83093521903572,206.3671875,57410300
2017-04-28,206.6266222370468,206.65256843460105,205.7876599895779,205.9174041748047,63532800
2017-05-01,206.43637084960938,206.86018079937156,206.02121843190722,206.43637084960938,66882500
2017-05-02,206.5747731913736,206.6958598711885,206.1077283399328,206.5142364501953,57375700
2017-05-03,206.51416698954247,206.60930743435804,205.588708735659,206.26333618164062,73137700
2017-05-04,206.5660888673445,206.6439274612729,205.65793234581244,206.5055389404297,61462700
2017-05-05,206.87744394406326,207.33584434389297,206.43633221020283,207.31854248046875,62001300
2017-05-08,207.3618504525365,207.5088833404866,206.86020184793435,207.2840118408203,48385700
2017-05-09,207.54347565445931,207.74240093927168,206.7477481202938,207.09371948242188,51363200
2017-05-10,207.05048474320645,207.46563720703125,206.84290191256463,207.46563720703125,54293800
2017-05-11,207.01589339556276,207.2061743568771,205.9607037728046,207.04183959960938,62358300
2017-05-12,206.7909564966798,207.08502219994918,206.4276965342667,206.69581604003906,53912700
2017-05-15,207.11963353742098,207.95859581385963,207.10233167263556,207.83750915527344,61918900
2017-05-16,208.1315939933016,208.15754019413583,207.25804110448254,207.64724731445312,51241800
2017-05-17,207.64724366280345,207.64724366280345,203.90218810458956,203.96273803710938,172174100
2017-05-18,203.8848658703277,205.63198464016048,203.625390695013,204.7843780517578,107047700
2017-05-19,205.268726412231,206.7823162173544,205.21683401621968,206.1163330078125,115011400
2017-05-22,206.62662010978983,207.32720702890853,206.55743904866105,207.16287231445312,61010600
2017-05-23,207.53478073115593,207.78561157318967,207.15421890010862,207.62127685546875,48341700
2017-05-24,207.85481893629006,208.2094213944331,207.51749194867847,208.1056365966797,46927700
2017-05-25,208.61590365124414,209.37702726719854,208.40833408140554,209.10025024414062,64071700
2017-05-26,208.90996080003987,209.22132833952406,208.8321222145324,209.0570068359375,46629900
2017-05-30,208.7370082051156,209.12621437940422,208.58133101438253,208.87539672851562,35201900
2017-05-31,209.1694902615477,209.2040939957279,208.13160259292346,208.8235321044922,91796000
2017-06-01,209.28189341336648,210.50141746443626,208.9964720483849,210.48411560058594,68962000
2017-06-02,210.5360110522851,211.34038276481593,210.2419453498353,211.1846923828125,88666100
2017-06-05,211.01172035211985,211.2971417307393,210.8300837666508,211.02902221679688,44698800
2017-06-06,210.466814497772,211.0203553658864,210.27653358709625,210.35438537597656,50375400
2017-06-07,210.69172942442873,210.96849329954466,210.02574614132465,210.74362182617188,54144300
2017-06-08,210.83878303284237,211.32312976002748,210.31983256945347,210.84742736816406,65950700
2017-06-09,211.11550569356558,211.91121990384883,209.26460209199337,210.52737426757812,132256400
2017-06-12,210.2851903574007,210.53600799468163,209.63650903629403,210.48411560058594,86108100
2017-06-13,211.0203777650746,211.56527435779938,210.67441963482645,211.5133819580078,60067000
2017-06-14,211.7815241526878,211.79016848775927,210.42361129135838,211.2452850341797,78602300
2017-06-15,209.89598483832128,210.95983177720848,209.61922098575457,210.8387451171875,66464900
2017-06-16,210.99777153370127,211.04991698387204,210.00696819501678,210.88478088378906,84553100
2017-06-19,211.71044001182366,212.70124331255076,211.61483560290208,212.64041137695312,65123800
2017-06-20,212.2841118334075,212.2927983226885,211.18901740229742,211.20639038085938,56906400
2017-06-21,211.59749874860742,211.71047615166384,210.68491346435795,211.15423583984375,55977600
2017-06-22,211.1629284400103,211.65832352725792,210.8848016626108,211.05862426757812,44148100
2017-06-23,211.11946010978448,211.64092790155846,210.73704243872845,211.3106689453125,66986800
2017-06-26,211.97995102812823,212.39714130250758,211.24120144982373,211.4497833251953,56700500
2017-06-27,211.23242948028994,211.5279424723989,209.72884484149196,209.74623107910156,82247700
2017-06-28,210.763171460494,211.82350682734375,210.52850359751773,211.6236114501953,70042600
2017-06-29,211.77132102248703,211.82346647947858,208.55555631046235,209.76364135742188,106949700
2017-06-30,210.57191628538862,210.9456474858864,209.96353053531456,210.1547393798828,86820700
2017-07-03,211.09343678832516,211.52800001408386,210.51112365722656,210.51112365722656,39153800
2017-07-05,210.8761713286819,211.20643038752084,210.06787677070994,210.9978485107422,54427600
2017-07-06,210.23293954349657,210.35461668308216,208.88579125834767,209.0683135986328,65400800
2017-07-07,209.6419858765696,210.57194423329292,209.07704575652258,210.4241943359375,57972300
2017-07-10,210.42417841054788,211.023877706191,210.1199788872515,210.650146484375,36663300
2017-07-11,210.65014975664388,210.80659939619719,209.3290872496961,210.49371337890625,50354600
2017-07-12,211.45839782242825,212.2406060633384,211.45839782242825,212.07546997070312,59610400
2017-07-13,212.08425472507315,212.544890714518,211.8582733448653,212.43190002441406,39471600
2017-07-14,212.43188011754648,213.7790287344336,212.33627567991405,213.4226837158203,60262700
2017-07-17,213.3444457275283,213.72686344258008,213.2227685692678,213.39659118652344,33531900
2017-07-18,212.98805573976517,213.5616821911414,212.64909706609973,213.50953674316406,42742500
2017-07-19,213.82247370216416,214.6742138332142,213.81377395088398,214.66552734375,51034300
2017-07-20,214.91757530246852,215.0392524680929,214.21358503979766,214.76113891601562,47135200
2017-07-21,214.18746759554307,214.59595797953887,213.96148629097556,214.56988525390625,82340800
2017-07-24,214.4916752404168,214.65681136046095,214.04842559857326,214.51776123046875,46622300
2017-07-25,215.26521368818368,215.36951787097334,214.81327752275382,215.03924560546875,54915600
2017-07-26,215.3260546559813,215.36081387501542,214.78720055915,215.0479278564453,47575400
2017-07-27,215.50858225374023,215.54334147361757,213.52696191351524,214.84803771972656,70766600
2017-07-28,214.36998121506053,214.72632615533806,213.91804511998137,214.59596252441406,50088400
2017-07-31,214.99575673459248,215.09136115279443,214.2656938656761,214.4742889404297,65838700
2017-08-01,215.074008699399,215.10876791760106,214.43085043723022,214.95233154296875,55050400
2017-08-02,215.08268283502977,215.19567349587365,214.12663861669216,215.05661010742188,47211200
2017-08-03,214.9436210594324,214.9696937872359,214.36130803546263,214.63943481445312,40856000
2017-08-04,215.1261677878745,215.36082236469053,214.64814562096288,215.0305633544922,60191800
2017-08-07,215.10006939833806,215.43032836914062,214.99576522593466,215.43032836914062,31995000
2017-08-08,215.11744331571666,216.3342280791,214.52644380404467,214.90016174316406,61719400
2017-08-09,214.21359245470444,214.94365547372158,213.85724743524958,214.89151000976562,62632600
2017-08-10,214.05710373969825,214.18748063761373,211.80606987759083,211.85821533203125,120479500
2017-08-11,212.08419213347946,212.7621095503957,211.84952433168104,212.1710968017578,74869900
2017-08-14,213.4487466454919,214.491695659703,213.41398742513857,214.2744140625,73291900
2017-08-15,214.65682724702344,214.67421348773985,213.94415051944327,214.2483367919922,55242700
2017-08-16,214.76982020562247,215.16962417546023,214.19619361221802,214.6220703125,56715500
2017-08-17,214.0136188607719,214.32650479195567,211.27586364746094,211.27586364746094,128490400
2017-08-18,211.110771048936,212.2319513923749,210.50238529682153,210.94564819335938,136748000
2017-08-21,210.88485646596178,211.37156519107882,210.18086611271622,211.11082458496094,65469700
2017-08-22,211.69308230910568,213.47478047201594,211.6756960711894,213.31834411621094,63140100
2017-08-23,212.3536629833121,212.97943507606757,212.2059130811083,212.55355834960938,50203800
2017-08-24,212.93591815300553,213.09235450271285,211.84951040732693,212.05810546875,50741700
2017-08-25,212.84905815401697,213.46614375669583,212.40580844740558,212.55355834960938,64445900
2017-08-28,213.08373905284878,213.10981178649212,212.14508085623504,212.56227111816406,40565600
2017-08-29,211.2498139126445,213.06628450382465,211.13682326186802,212.80555725097656,51135700
2017-08-30,212.78818857668327,214.08319150724105,212.60566622281107,213.81375122070312,62030800
2017-08-31,214.43085140317208,215.3434367114177,213.848538347503,215.10008239746094,103803900
2017-09-01,215.47376752778257,215.83011245528897,215.2564859761538,215.40423583984375,62007000
2017-09-05,214.90015712543195,215.12613844359225,212.89247756007697,213.85720825195312,91398800
2017-09-06,214.53510430665335,214.91752194991508,214.00493680337013,214.58724975585938,57916900
2017-09-07,214.8915363660705,214.9089226101272,214.15277350457401,214.56126403808594,58034700
2017-09-08,214.274416360231,214.769824772838,214.06583451224182,214.30918884277344,63832800
2017-09-11,215.57808126339495,216.67318888716122,215.56070828593013,216.594970703125,71364800
2017-09-12,216.95999602215846,217.3597866815819,216.7774736694203,217.3250274658203,56896000
2017-09-13,217.03821711288396,217.4640937671046,216.92522645196908,217.4293212890625,59228000
2017-09-14,217.10774620268882,217.55969557911206,216.93392360000743,217.3597869873047,95446300
2017-09-15,217.21566977959978,217.7397254791433,217.11086130521687,217.6523895263672,95432400
2017-09-18,218.01923179186971,218.4646811341499,217.7309951606429,218.1153106689453,46235200
2017-09-19,218.35989657938688,218.42104374769173,218.01052607591205,218.3336944580078,47108100
2017-09-20,218.42105066508134,218.525859153917,217.41658711242658,218.4123077392578,59574100
2017-09-21,218.25510815450258,218.34244412458347,217.65243265212848,217.82711791992188,48211400
2017-09-22,217.53014764359605,218.03674424025084,217.50394552028905,217.87078857421875,51214000
2017-09-25,217.61746600132773,217.9668498298664,216.68289258120123,217.42530822753906,57064400
2017-09-26,217.85330171224217,218.09786373210036,217.32050302734459,217.55633544921875,54082000
2017-09-27,218.25503558212424,218.78783413469284,217.37285328251144,218.4035186767578,81001400
2017-09-28,218.1240620366598,218.74421000106764,218.03672607545622,218.6656036376953,44778800
2017-09-29,218.65684347170293,219.51282378636614,218.47342863829596,219.4342041015625,85578000
2017-10-02,219.6612893935846,220.38624572753906,219.48659084361725,220.38624572753906,59023000
2017-10-03,220.3862586954186,220.88411227476126,220.30763901225592,220.85791015625,66810200
2017-10-04,220.70946216621985,221.3645418885094,220.5959107495144,221.11997985839844,55953600
2017-10-05,221.4518837893815,222.44760446083976,221.15491750595024,222.43014526367188,63522800
2017-10-06,221.98469156749644,222.46508606184125,221.72267032297378,222.17684936523438,80646000
2017-10-09,222.4039128546295,222.46504669165515,221.5479325152339,221.80996704101562,35803100
2017-10-10,222.3777281817695,222.7707733374642,221.83618656529862,222.3951873779297,43057400
2017-10-11,222.29910515071512,222.74456787109375,222.13316282390105,222.74456787109375,47674300
2017-10-12,222.43011595511425,222.77948643927715,222.1768110256109,222.4126434326172,47065100
2017-10-13,222.84933575115855,222.96288714195765,222.41261603593503,222.68338012695312,54800400
2017-10-16,222.91051376147277,223.17253496477068,222.56987286955564,222.98037719726562,38221700
2017-10-17,222.9279734690156,223.18127840295898,222.70961358067885,223.13760375976562,31561000
2017-10-18,223.5131697489327,223.5568443908322,223.1637992689959,223.35595703125,40888300
2017-10-19,222.5786044856064,223.45204404486665,222.15935722889787,223.41709899902344,61903800
2017-10-20,224.21196630472966,224.59628187884428,223.3996605089635,224.57005310058594,89176400
2017-10-23,224.8931981521395,224.91940026930925,223.61795736919385,223.69656372070312,63915300
2017-10-24,224.12459043068006,224.32546446473933,223.73153197709217,224.0896453857422,66935900
2017-10-25,223.75773786485246,223.87128927136814,221.85364604019503,222.98037719726562,103715300
2017-10-26,223.59179742215292,223.86254822529017,223.1463347175475,223.26861572265625,69798000
2017-10-27,224.01105961565028,225.2513555999806,223.27737353607554,225.0941162109375,85562500
2017-10-30,224.01102273054096,224.99801359997798,223.95861849457592,224.25558471679688,54285700
2017-10-31,224.63118258968325,224.858285407945,224.30801421308635,224.60498046875,60304800
2017-11-01,225.38240065372474,225.72302829563802,224.53516302963726,224.90199279785156,54202700
2017-11-02,224.8320756098468,225.1290418553702,223.7664783028467,224.98928833007812,56449500
2017-11-03,225.14651932111855,225.7841398341459,224.7360016370278,225.740478515625,59589700
2017-11-06,225.60942075481384,226.2208390901341,225.53955732047456,226.08982849121094,49652600
2017-11-07,226.1946383869873,226.5265496765108,225.4260073281454,225.9326171875,57502200
2017-11-08,225.75793755793842,226.41301726687485,225.47843048486277,226.31692504882812,50469600
2017-11-09,225.11161032535176,225.68808369230456,223.91497561583995,225.4959259033203,95085500
2017-11-10,225.1115999260466,225.600723974454,224.7971478062067,225.426025390625,59984700
2017-11-13,224.74470620159695,225.86270764857133,224.70976115958797,225.63560485839844,50228600
2017-11-14,224.8321261873201,225.2164418045128,224.0547520258686,225.11163330078125,61315200
2017-11-15,224.14203021059666,224.66609921823314,223.27733367391352,223.9848175048828,80811500
2017-11-16,224.9281576360003,226.2558028958665,224.8844963178253,225.88894653320312,67777000
2017-11-17,225.53954973835357,225.86271808991955,225.14649129953867,225.22509765625,75756800
2017-11-20,225.46972440635292,225.80160908346332,225.22513571490924,225.6094512939453,48075500
2017-11-21,226.37810249998583,227.26902808267985,225.57455287648494,227.08558654785156,69176800
2017-11-22,227.09426049623252,227.22527108469816,226.718687924212,226.8846435546875,45033400
2017-11-24,227.3738035315452,227.5135570664607,227.23404999662972,227.40872192382812,27856500
2017-11-27,227.45240926382237,227.74937552896802,227.09429582945995,227.29519653320312,52274900
2017-11-28,227.75812937033317,229.62727634177566,227.6620371490641,229.60107421875,98971700
2017-11-29,229.7321136776528,230.26492578642106,229.01591333994227,229.4613494873047,77512100
2017-11-30,230.3784610083552,232.3786187053131,230.29985463494003,231.4702606201172,127894400
2017-12-01,231.25188552927713,231.73226666483723,227.75812700080465,230.98983764648438,164390900
2017-12-04,232.60570674441112,233.03368363528838,230.65792676514644,230.71035766601562,94040600
2017-12-05,229.88055419921875,231.59248823067725,229.74954359953608,229.88055419921875,77994500
2017-12-06,229.976659620051,230.35225894459674,229.4613334017952,229.92425537109375,75898600
2017-12-07,230.64918518066406,230.9636106197974,229.66219423795215,230.64918518066406,77218600
2017-12-08,231.60124271960038,231.91566817453804,230.61425172727832,231.90695190429688,76563900
2017-12-11,232.6056671142578,232.6668142754687,231.88072407003264,232.6056671142578,83077500
2017-12-12,233.39182329780536,233.4879155290524,232.64067792289777,233.01625061035156,85195800
2017-12-13,233.26078490419235,233.6975047181604,232.9026714581071,232.99002075195312,102905400
2017-12-14,233.28702210203215,233.40057353557847,231.98560539042037,232.0380096435547,100666700
2017-12-15,233.0396235043032,234.4354876252898,232.9869514085304,233.97019958496094,144610300
2017-12-18,235.3661531844431,235.80510534376077,235.26080895284903,235.45394897460938,83653600
2017-12-19,235.69970433667532,235.74358882543072,234.47940476779215,234.54965209960938,82382900
2017-12-20,235.51535044887996,235.56802255763964,234.12827359902516,234.4267578125,76751500
2017-12-21,235.05007482828026,235.6207340227915,234.66379481577025,234.90960693359375,67032300
2017-12-22,234.92718321653447,234.9623068882412,234.31263952346958,234.84817504882812,78720900
2017-12-26,234.44423452016034,234.7866299138477,234.30379346744445,234.56715393066406,45244400
2017-12-27,234.7340228152358,235.0412946350718,234.40920255682684,234.6813507080078,57751000
2017-12-28,235.18179032005045,235.20812637677773,234.79551029370862,235.16421508789062,45116100
2017-12-29,235.74360810502137,235.76115654365725,234.08438313836797,234.27749633789062,96007400
2018-01-02,235.13788587052997,235.98945411816476,234.75160583295255,235.95433044433594,86655700
2018-01-03,236.12105740806095,237.595956521271,236.12105740806095,237.4467010498047,90070400
2018-01-04,238.08762314772258,238.9304036547057,237.50820317682505,238.44754028320312,80636400
2018-01-05,239.23763366582364,240.1594221725427,238.7460095567062,240.03652954101562,83524000
2018-01-08,239.93998942067273,240.63354122486592,239.6502928293821,240.47552490234375,57319200
2018-01-09,240.89685596880133,241.64307973864751,240.61592025449383,241.019775390625,57254000
2018-01-10,240.26476683908032,240.91443403501134,239.59757799911702,240.6510467529297,69574300
2018-01-11,241.20421201328483,242.4069366455078,241.03740804909924,242.4069366455078,62361500
2018-01-12,242.6702805959339,244.15391398365108,242.37176960389846,243.9871368408203,90816100
2018-01-16,245.2425689643196,245.89220956615077,242.45960057454664,243.1531524658203,106555100
2018-01-17,244.08365705963055,245.85701356015943,243.15308092859505,245.47073364257812,113258800
2018-01-18,245.35665068678648,245.7780275136728,244.56651555336,245.05816650390625,100728000
2018-01-19,245.63756026225914,246.173095703125,245.05816712382477,246.173095703125,140920100
2018-01-22,245.96246493019794,248.17477416992188,245.9097660228466,248.17477416992188,91322400
2018-01-23,248.21858322942705,248.9911430822644,247.8937630166444,248.70144653320312,97084700
2018-01-24,249.3423710936975,249.93936638272544,247.42854613851088,248.6049346923828,134816100
2018-01-25,249.46527770838205,249.56183431704545,247.92015763767293,248.71026611328125,84587300
2018-01-26,249.54424737555524,251.63366347839286,249.28964767784194,251.58975219726562,107743100
2018-01-29,251.0191178174703,251.45806987609902,249.76372135975387,249.92173767089844,90118300
2018-01-30,248.0957126217795,249.97441352934558,246.88420063512552,247.3582763671875,131796400
2018-01-31,248.2098154832068,248.71020041762685,246.4100961508907,247.48114013671875,108364800
2018-02-01,246.75254341754422,248.49956422699574,246.4101479147717,247.20025634765625,90102500
2018-02-02,245.88336854660707,246.01507559481632,241.78357140273644,241.81869506835938,173174800
2018-02-05,240.06291099027115,242.1698756837403,231.1609496616137,231.7052459716797,294681800
2018-02-06,228.20238422661203,236.7707364527866,227.11379176202638,236.27032470703125,355026800
2018-02-07,235.7172502975997,239.10594725573497,234.9095667392294,234.9886016845703,167376100
2018-02-08,235.2870873577438,235.4275552292879,226.1393148107997,226.1744384765625,246449500
2018-02-09,228.95738632420708,231.42429478550562,222.039510890829,229.57192993164062,283565300
2018-02-12,231.61744087262778,234.4091964404118,229.71240386406902,232.94308471679688,143736000
2018-02-13,231.74037748189377,234.0668183011388,231.16095748307058,233.52252197265625,81223600
2018-02-14,232.03884618797034,237.0341229974219,232.03005857309503,236.67417907714844,120735700
2018-02-15,238.41242036112484,239.7029404462211,235.9542728320571,239.69415283203125,111200300
2018-02-16,239.07087926559547,241.70459187762137,239.02696798048893,239.764404296875,160420100
2018-02-20,238.8162675010244,240.25604318291386,237.47307520829037,238.26318359375,86369700
2018-02-21,238.7021616780107,241.17785810812944,236.98147683910005,237.07803344726562,98883700
2018-02-22,237.9997668719995,239.7116635044079,236.7180346030189,237.38522338867188,110511300
2018-02-23,238.6055718002206,241.16903686523438,238.13149606679718,241.16903686523438,92766400
2018-02-26,242.24005616182345,244.0661115745576,241.65187545623988,243.9695281982422,86491400
2018-02-27,244.15394484904607,244.86507195937202,240.86180382064492,240.9232635498047,99099200
2018-02-28,242.02063428753124,242.46837402290828,238.16664860815584,238.48268127441406,121907800
2018-03-01,238.2719705350681,239.8170904251165,233.52250582934735,235.01495361328125,176855100
2018-03-02,233.34693091903503,236.78832724910447,232.48660193015064,236.22645568847656,139083200
2018-03-05,235.04122114087008,239.5712084865752,234.93585016785295,238.9566650390625,97307400
2018-03-06,239.93126588618128,240.01030086006037,238.07011281315357,239.56256103515625,79213200
2018-03-07,237.40278429089088,239.82578083528867,237.20964436134096,239.47462463378906,87063500
2018-03-08,240.15068154029282,240.75643757744385,239.15867230598982,240.633544921875,66901200
2018-03-09,242.0381046915257,244.821044921875,241.72204537064238,244.821044921875,113625300
2018-03-12,245.11080427775596,245.73410860789863,244.12752930588547,244.51380920410156,71924800
2018-03-13,245.6726653493665,246.1730770862234,242.32785307291076,242.93360900878906,91968900
2018-03-14,243.89054440125355,244.07489676707442,241.13393936249835,241.68699645996094,105895100
2018-03-15,242.19620497023516,242.83705786317586,240.92323321625588,241.42364501953125,83433000
2018-03-16,241.9498400999178,242.73431697378314,241.63254174564145,241.6854248046875,100343700
2018-03-19,240.93626628921376,241.86174692882767,236.76713820760952,238.41539001464844,109208400
2018-03-20,238.81200848856804,239.4554549648832,238.14212048028443,238.82083129882812,59757300
2018-03-21,238.77675641430042,240.8657182435724,238.15095552635282,238.36248779296875,78709600
2018-03-22,236.14126540111988,236.98742117685686,232.1307877527902,232.404052734375,148785900
2018-03-23,232.84483100714124,233.17095224027113,227.25660218969375,227.4505157470703,183534800
2018-03-26,231.04669419910772,233.955370261597,228.6492300456166,233.67330932617188,141956100
2018-03-27,234.60765289876343,235.13648355929,228.14682704159767,229.69813537597656,129941400
2018-03-28,229.8303123233447,231.496209377788,227.91761869403678,229.01939392089844,146452300
2018-03-29,230.15648794780927,233.80558127407573,229.02827092448925,231.94577026367188,111601600
2018-04-02,231.41687299833714,231.9281118003099,224.47129066036044,226.93927001953125,186286300
2018-04-03,228.1732379441203,230.32390533759397,226.38395605270182,229.84793090820312,119956900
2018-04-04,226.30464403356794,233.01223907187764,226.17243637884116,232.30711364746094,123715300
2018-04-05,234.0611056703616,235.02187728674107,232.97697612149102,234.1404571533203,82652600
2018-04-06,232.1837048489923,233.67328013698705,227.40639586017514,228.9224395751953,179521200
2018-04-09,230.3768414531003,233.4353712614112,229.1164167597462,230.05072021484375,105442900
2018-04-10,232.93290306078362,234.4930340065151,231.79589038705828,233.70855712890625,103529000
2018-04-11,232.22777905016653,234.1404727021837,232.15727727028641,232.4833984375,91140200
2018-04-12,233.80550546359493,235.3391678373889,233.6292106832202,234.3960418701172,68890500
2018-04-13,235.7005753585113,235.81516428659432,232.70375210342695,233.70855712890625,85079200
2018-04-16,235.33917858817293,236.39689352112617,234.51946430947865,235.63003540039062,63405300
2018-04-17,237.3928893273972,238.75028395961277,236.88167744967973,238.1509246826172,64682000
2018-04-18,238.59160948485868,239.1292628354769,237.86883854573958,238.3271942138672,57303900
2018-04-19,237.67491160741451,237.87764790291487,235.97377736301559,237.0050506591797,77655900
2018-04-20,236.93457291245892,237.15492797278438,234.1140173807684,234.9954376220703,99953100
2018-04-23,235.56835661263662,236.12365560791923,233.88484090745573,234.96017456054688,65558000
2018-04-24,235.98272214180878,236.20307726867,230.29754910926124,231.7959747314453,112885500
2018-04-25,231.73422698132876,232.8095608821234,229.91850321587756,232.3688507080078,103840900
2018-04-26,233.39128417911363,235.55957054280748,232.95057403778003,234.7310333251953,67731900
2018-04-27,235.33916671761327,235.6388463237789,234.0170365675143,234.9513397216797,57053600
2018-04-30,235.56836039425437,236.1236593984513,233.07392627997427,233.1444549560547,82182300
2018-05-01,232.58035587799654,233.6645124635416,231.02904763828548,233.55874633789062,74203400
2018-05-02,233.36482048739748,234.17571200711808,231.60198008945386,231.98980712890625,86368900
2018-05-03,231.16129352643733,232.13083432497558,228.33191503251203,231.4785919189453,136311500
2018-05-04,230.50898174610822,235.15408302694007,230.18286060318687,234.47537231445312,91222100
2018-05-07,235.24225048650933,236.23823271919028,234.55471690649136,235.26869201660156,55304900
2018-05-08,234.89848369650036,235.63005062825889,233.70856104472983,235.26869201660156,67499200
2018-05-09,235.9384577412241,237.86876935439255,235.4184232603375,237.5426483154297,59666100
2018-05-10,238.28316684656053,240.09009464765438,238.17740071163087,239.76394653320312,72063900
2018-05-11,239.88733180849408,240.75992922415082,239.3760930143519,240.49551391601562,59871500
2018-05-14,240.927451634401,241.57969413016048,240.06364994905277,240.6101531982422,54790600
2018-05-15,239.3849666181639,239.40258534284115,238.0099529264822,238.9530792236328,87036100
2018-05-16,238.98828401389073,240.41618042257653,238.96181558524657,239.95782470703125,53942600
2018-05-17,239.69340582604104,240.83044538955156,238.97945763236936,239.75511169433594,56536400
2018-05-18,239.4113658661193,239.7727513992917,238.80318373697688,239.15574645996094,64368000
2018-05-21,240.6365285554006,241.49150719389405,240.2487015297659,240.95382690429688,58025900
2018-05-22,241.4738581359053,241.72947751252565,239.95781439332927,240.283935546875,52966400
2018-05-23,239.0147067417322,240.97146049199173,238.8560306763974,240.9449920654297,64694200
2018-05-24,240.54838622347975,240.82162432927402,238.67095692322204,240.451416015625,76043800
2018-05-25,239.8784637451172,240.50426445551912,239.37604785563138,239.8784637451172,56374800
2018-05-29,238.25660705484879,239.0146421436189,236.0089971067472,237.11956787109375,115908600
2018-05-30,238.424151931224,240.72464562438188,238.35365015429863,240.283935546875,69678400
2018-05-31,239.87844608631977,240.178125656547,238.2125762843502,238.8119354248047,93519900
2018-06-01,240.10769344433027,241.45626535039463,240.0371647610212,241.15658569335938,71258400
2018-06-04,241.9762622852021,242.55800278701213,241.7382885385191,242.30238342285156,45385200
2018-06-05,242.43458106982055,242.8576723897408,241.66774990774505,242.47866821289062,51135000
2018-06-06,243.0869076992501,244.61174757560133,242.46990274081546,244.5059814453125,62732200
2018-06-07,244.99079207863485,245.2816489527639,243.57169135650165,244.47955322265625,72969400
2018-06-08,244.0211403793715,245.25512304006372,243.85366842197706,245.20223999023438,72139700
2018-06-11,245.42253897819404,246.24225296224844,245.3079500967846,245.52830505371094,58892500
2018-06-12,245.94267695300078,246.2070922530715,245.20228721399303,245.84573364257812,72329000
2018-06-13,246.08374537166932,246.3393648003741,244.85855819513074,245.06129455566406,79070600
2018-06-14,245.92509556733162,246.20712963062033,245.0877354919689,245.6782989501953,77097600
2018-06-15,244.895603562976,245.70130092797672,243.7888808670294,245.36485290527344,120041600
2018-06-18,243.91282259238102,244.98414962861307,243.43473783628795,244.8601837158203,52917600
2018-06-19,242.59367013367032,244.14308226043644,242.17754122455472,243.92173767089844,97531500
2018-06-20,244.60334059698366,245.0017714563841,244.00129011487593,244.33773803710938,53785500
2018-06-21,244.32886601045814,244.34659086014588,242.3102055759744,242.80601501464844,71061400
2018-06-22,244.06333906679495,244.17844254707023,243.0274347639137,243.248779296875,54898500
2018-06-25,242.0977634550983,242.25712501103698,238.25522616199765,239.93743896484375,137854200
2018-06-26,240.50414217516678,241.31867497111477,239.7515653170251,240.46871948242188,68547400
2018-06-27,241.0531081863732,242.47855430114694,238.32612785087287,238.47665405273438,105110700
2018-06-28,238.4235078556914,240.60153070616383,237.71518906963607,239.84011840820312,76650500
2018-06-29,240.9291852544935,242.29267566560128,240.07036705666417,240.1854705810547,97592500
2018-07-02,238.61829634130885,240.85830219113393,238.3792269257358,240.69891357421875,63554800
2018-07-03,241.59313404316126,241.69053969089012,239.4239737642924,239.84893798828125,42187100
2018-07-05,240.97335725440993,241.86757071714234,239.9020303531457,241.8055877685547,56925900
2018-07-06,241.8321692408488,244.2226737215322,241.45143615123604,243.850830078125,66493700
2018-07-09,244.85131916394857,246.0997056110018,244.80706106381928,246.0465850830078,50550400
2018-07-10,246.4981344115885,247.0293667064297,246.20594449060724,246.9319610595703,51966800
2018-07-11,245.38251487407948,246.1705142878191,244.82472239371876,245.12574768066406,77054700
2018-07-12,246.38297898038041,247.40115823605083,245.78092844897768,247.34803771972656,60124700
2018-07-13,247.17106397174726,247.84393308483635,246.71951240695805,247.54290771484375,48216000
2018-07-16,247.58713231385073,247.72876902543337,246.87881365796778,247.32150268554688,48201000
2018-07-17,246.55128025824675,248.71160533141384,246.4981597252672,248.32203674316406,52315500
2018-07-18,248.4016865443658,248.95061666305273,247.95899747838,248.84437561035156,44593500
2018-07-19,248.18037940734067,248.56108557675034,247.42780247784685,247.90591430664062,61412100
2018-07-20,247.70220885881517,248.33084673232435,247.46316651088532,247.62252807617188,82337700
2018-07-23,247.41898931255392,248.28664279808868,247.07367878860228,248.08302307128906,47047600
2018-07-24,249.49073321709503,250.1724647113452,248.46369125173717,249.3313446044922,68026900
2018-07-25,249.08341911238333,251.7749762113117,249.03916101342188,251.4562530517578,78882900
2018-07-26,250.73902196461992,251.54469204385367,250.64161634936613,250.8629608154297,57919500
2018-07-27,251.19062823019235,251.2880338772159,248.24233086923053,249.1631317138672,76768700
2018-07-30,249.24282110559668,249.4021826939374,247.3392363952235,247.86163330078125,63742500
2018-07-31,248.62298720311097,249.69428698825837,248.24228115824914,249.0833740234375,68570500
2018-08-01,249.28708818072533,249.79176024823593,248.0210038173346,248.6673126220703,53853300
2018-08-02,247.36585304894294,250.19018493185882,247.16220631548583,250.02198791503906,63426400
2018-08-03,250.14587016215646,251.14635172489284,249.96878373668994,251.09323120117188,53935400
2018-08-06,251.12870559188278,252.32394464127194,250.73913699132908,252.0140838623047,39400900
2018-08-07,252.67800972347698,253.22693969372204,252.54518142392368,252.84620666503906,43196600
2018-08-08,252.67809533094987,253.13848226400177,252.27966433647936,252.74005126953125,42114600
2018-08-09,252.80199595567012,253.19156446296677,252.26192830940533,252.3947296142578,35717000
2018-08-10,250.96047208820502,251.5005398433731,249.995386032617,250.70370483398438,77076000
2018-08-13,250.97816157511463,251.58907469989234,249.47300781443937,249.76519775390625,65732900
2018-08-14,250.49118768395763,251.59791032549649,250.1016191525683,251.3588409423828,43842000
2018-08-15,250.0130131442934,250.15467684918175,248.04747314579978,249.48178100585938,102925400
2018-08-16,250.9162116389535,252.36824505984566,250.8807889405019,251.5005645751953,69967900
2018-08-17,251.29685472442358,252.82856856746483,250.88958836311608,252.38587951660156,65618500
2018-08-20,252.83748215861576,253.1916280670518,252.3859305890893,252.926025390625,39807500
2018-08-21,253.43940798146477,254.37790633504312,252.96129637996282,253.5190887451172,67272000
2018-08-22,253.11193086980177,253.89106802965605,252.8463011909792,253.3686981201172,44993300
2018-08-23,253.19160341162674,254.0504213412442,252.71349162101544,253.03224182128906,49204900
2018-08-24,253.60775351363543,254.69677851147446,253.55463297906772,254.55511474609375,57487400
2018-08-27,255.75029016014744,256.67109089621715,255.59092859609513,256.5648498535156,57072400
2018-08-28,257.02523321330386,257.13150127415275,256.22839838429445,256.6888122558594,46943500
2018-08-29,256.90136255603954,258.3002483366861,256.66232014973934,258.070068359375,61485500
2018-08-30,257.591801205987,257.96364472490865,256.43195853099576,257.025146484375,61229500
2018-08-31,256.6180203252793,257.4768382804098,256.1310731115822,257.0341491699219,66140800
2018-09-04,256.61799092686505,256.94557650796173,255.59094906584016,256.5914306640625,57594400
2018-09-05,256.23728113360505,256.4409278252253,254.89151613831157,255.9008331298828,72452400
2018-09-06,256.007069863912,256.3080951728007,254.1035123702836,255.13055419921875,65909900
2018-09-07,254.0858507118014,255.6087023274441,253.84678130041397,254.63478088378906,73524800
2018-09-10,255.64411217155657,255.90974186342126,254.88269983133213,255.07748413085938,50210900
2018-09-11,254.43108940663996,256.36120709749815,254.08580601257725,255.91851806640625,50530500
2018-09-12,255.92736349015473,256.58253456637283,255.1925116359852,255.98048400878906,59810800
2018-09-13,257.04295190384914,257.68042515569164,256.75962445423187,257.4944763183594,51034200
2018-09-14,257.69811887974004,257.8840406945149,256.75962035999163,257.53875732421875,55079900
2018-09-17,257.4856929408959,257.5210886145558,255.90085840767378,256.1753234863281,68244000
2018-09-18,256.38770941207565,258.1584651362326,256.3611491569968,257.5652770996094,61930400
2018-09-19,257.6184687058169,258.2559420232231,257.4945028015122,257.8398132324219,49080600
2018-09-20,259.0970906351815,260.2480714927518,257.8575395336768,259.9293212890625,100360600
2018-09-21,260.670163615046,260.78578814845525,259.53175051533134,259.69183349609375,105479700
2018-09-24,259.1137115939335,259.25601660965026,258.2510060962114,258.8291015625,53409600
2018-09-25,259.2826786788656,259.38940064759277,258.3488343105982,258.5889587402344,44370000
2018-09-26,258.7313131778317,259.9141847464246,257.3972340300499,257.81524658203125,79739700
2018-09-27,258.2865565354975,259.62063535481394,258.01084908419097,258.53558349609375,59249500
2018-09-28,257.9130857394722,259.0604014939994,257.8775298349885,258.5623474121094,70091400
2018-10-01,259.7985457060066,260.5278487801344,258.7935622699914,259.4606018066406,62078900
2018-10-02,259.30938720703125,260.0208851700745,258.93586027610115,259.30938720703125,47258200
2018-10-03,260.3589158911238,260.7769285042683,259.096002645905,259.4517517089844,64694600
2018-10-04,258.9714428347122,259.0248038303383,255.84081347636905,257.4239196777344,111545900
2018-10-05,257.6462407924696,258.16207274661025,254.56007018759942,255.98309326171875,105951700
2018-10-08,255.29824864888656,256.3388422447717,253.9197111613411,255.98309326171875,87742200
2018-10-09,255.60060640972696,256.90797752205634,255.0491643965814,255.60948181152344,74339000
2018-10-10,255.10254333298064,255.17370940377114,247.1425558886837,247.51608276367188,214731000
2018-10-11,246.43102392729244,248.04971271824712,240.4543498192236,242.0641632080078,274840500
2018-10-12,246.15530112776585,246.43991110132865,242.24200898793077,245.426025390625,183186500
2018-10-15,245.0703043529026,246.39550796513305,243.95857183970327,244.04751586914062,102263700
2018-10-16,246.00422397212148,249.75743475503074,245.53285038018345,249.38388061523438,118255800
2018-10-17,249.4193658888533,250.0508222323508,246.85793033980752,249.4282684326172,110626000
2018-10-18,248.4944520427115,249.09035262690333,244.55447843294348,245.8262939453125,134557500
2018-10-19,246.47555038751653,248.405502838311,244.9991663473376,245.69288635253906,139901600
2018-10-22,246.35994223177246,246.68010818995015,244.0564355596308,244.59007263183594,82415800
2018-10-23,240.97910616405136,244.46548348573245,238.89791939665656,243.3448486328125,146352700
2018-10-24,243.0958722305184,243.47832885220126,235.42049357209595,235.97190856933594,177806700
2018-10-25,237.8040571423669,241.7440310079275,236.78126856701027,240.20538330078125,138061500
2018-10-26,236.50553554729737,241.02360445591398,233.27706004527508,235.98077392578125,201574600
2018-10-29,239.06697033859635,240.35659102695715,231.10698111147096,234.67340087890625,160749100
2018-10-30,234.50440300293118,238.46215415518796,234.01522445024443,238.15086364746094,157116000
2018-10-31,240.71238855001397,243.00702032611397,240.2410149125849,240.69461059570312,128296300
2018-11-01,241.55728117758088,243.4516779994685,240.47222900054206,243.25601196289062,99495000
2018-11-02,244.3588166152821,244.78573168928202,239.76958135193883,241.815185546875,122634100
2018-11-05,242.30427306035915,243.70061530079823,241.33484578123614,243.14920043945312,65622500
2018-11-06,243.08701262334208,244.8479797106511,243.02474908298626,244.68789672851562,60085900
2018-11-07,246.85790833301073,250.00634150986258,246.43099339892765,249.92630004882812,102752100
2018-11-08,249.12588950722693,250.11312204168914,248.3343501125517,249.47276306152344,65584900
2018-11-09,248.1653839048309,248.35214737217913,245.63062828033082,247.03587341308594,98812600
2018-11-12,246.5289735049613,246.76909801815407,241.9041542101757,242.42001342773438,99673600
2018-11-13,242.88245150278644,244.87466772001525,241.2459843040756,241.9663848876953,98176600
2018-11-14,243.83406416161853,244.23427156850525,238.75567780247712,240.31210327148438,125335900
2018-11-15,239.04920193961252,243.28268858618313,237.47499826716003,242.8201904296875,135101400
2018-11-16,241.72629445079986,244.35887012888557,241.2104352306737,243.4517059326172,126668000
2018-11-19,242.8468290600021,243.14034163054626,238.41770428548043,239.33377075195312,103061700
2018-11-20,236.0074165626149,237.4660223874147,234.04188143022697,234.9045867919922,136021300
2018-11-21,236.45209791161415,237.59941320378695,235.6961416882554,235.70501708984375,75563700
2018-11-23,234.06865686123018,235.52726327765873,233.97083740598626,234.13092041015625,42807900
2018-11-26,236.38097603926,238.13306729325623,235.98964408412053,237.9107208251953,79981400
2018-11-27,236.87912447802594,238.7112579345703,236.2743483576336,238.7112579345703,75502400
2018-11-28,239.7785158641876,244.2076416015625,238.64897806215677,244.2076416015625,127629600
2018-11-29,243.43382912733134,245.07029607445224,242.29541615794696,243.67398071289062,82346400
2018-11-30,243.52280408525462,245.71958882183426,243.2026381197173,245.15927124023438,98204200
2018-12-03,249.27718694391484,249.38390895543824,246.81359670486466,248.40557861328125,103176300
2018-12-04,247.57842453840732,248.00533967236856,240.04532257036914,240.3566131591797,177986000
2018-12-06,236.50556502661695,240.1075678957514,233.41049160957218,239.991943359375,204185400
2018-12-07,239.65396675054097,241.2192949448085,233.5794717353162,234.41549682617188,161018900
2018-12-10,234.23760261616204,235.82961126558462,230.01301882509009,234.8601837158203,151445900
2018-12-11,238.0530908610672,238.23985434553188,233.44607729820376,234.91355895996094,121504400
2018-12-12,237.88409498741427,239.24485459889894,236.0163787982232,236.09642028808594,97976700
2018-12-13,237.03916121383372,237.90186677142725,234.90464011376045,236.01637268066406,96662700
2018-12-14,233.87294881626218,234.82459840670106,231.1069712205048,231.65838623046875,116961100
2018-12-17,230.7067925306345,231.81852536582636,225.48609947927983,227.11367797851562,165492300
2018-12-18,228.75016268793746,229.4172023997313,225.26375651851885,226.86465454101562,134515100
2018-12-19,226.9445887693069,230.70668716555602,221.7683701095604,223.4670867919922,214992800
2018-12-20,222.22201009148066,223.78732473209402,217.58830256839778,219.82955932617188,252053400
2018-12-21,220.72863299677553,223.38553619386457,214.68126458714568,215.3253631591797,255345600
2018-12-24,213.84035620425558,215.45060262563953,209.57322025034426,209.63583374023438,147311600
2018-12-26,211.09396462178614,220.2276153564453,209.11693755623702,220.2276153564453,218485400
2018-12-27,216.998207573705,222.1151909748024,213.76877426318353,221.91839599609375,186267300
2018-12-28,223.2691930102769,224.89732089212802,220.469154308551,221.63211059570312,153100200
2018-12-31,223.2513302461389,223.81491988199966,221.38166176077164,223.57337951660156,144299400
2019-01-02,220.04873678437622,224.7273989963419,220.02190048222155,223.80596923828125,126925200
2019-01-03,222.06151737501295,222.36568485027112,217.9822360854176,218.46531677246094,144140700
2019-01-04,221.4890038398222,226.42708803378295,221.1132819712888,225.78298950195312,142628800
2019-01-07,226.05137509532184,228.96770037116784,225.15679528246304,227.56321716308594,103139100
2019-01-08,229.74599353972656,230.18432891084558,227.2232719214142,229.7012481689453,102512600
2019-01-09,230.40796876553281,231.61565694335764,229.18239882003667,230.77474975585938,95006600
2019-01-10,229.24502671919808,231.83930266140655,228.56513733970846,231.5888214111328,96823900
2019-01-11,230.51531358491874,231.7051199930724,229.9338421818793,231.67828369140625,73858100
2019-01-14,229.7817660410097,231.06996320273115,229.3792214907282,230.2648468017578,70908200
2019-01-15,230.6405836982719,233.2169780367859,230.63162916363206,232.90386962890625,85208300
2019-01-16,233.3332136885603,234.35304766189932,233.12747782757188,233.46742248535156,77636700
2019-01-17,232.59969924486884,236.09750948945432,232.55495387525625,235.2386932373047,96118400
2019-01-18,237.0457902053426,238.8349499938338,235.2745121865881,238.3697509765625,127900300
2019-01-22,236.9025962600359,237.11728664606434,233.53896794342953,235.14920043945312,115531200
2019-01-23,236.1779733228326,236.87574433178852,233.1811261470387,235.64122009277344,86030300
2019-01-24,235.46234089582398,236.34799345977734,234.451461356412,235.76649475097656,59204100
2019-01-25,237.60932299896712,238.58443898655247,235.86490880279874,237.76141357421875,96883400
2019-01-28,235.62338606355894,236.01697605824288,234.19205292689497,235.95437622070312,85613700
2019-01-29,236.09746443338423,236.66102665952286,234.80926760140358,235.64122009277344,66136300
2019-01-30,237.15308758964215,240.21253492262588,236.3926893728271,239.3716278076172,92473700
2019-01-31,239.30903974505677,241.95698818402894,239.0943220389077,241.47390747070312,104012100
2019-02-01,241.6707188640082,242.61004400064866,240.80297539703585,241.5902099609375,85782500
2019-02-04,241.63492373195646,243.35252886814231,240.96398891789138,243.28990173339844,60744800
2019-02-05,243.71929701903028,244.61387672404788,243.21833456825289,244.30972290039062,79552800
2019-02-06,244.03237048116657,244.52437832841062,243.25409061715408,243.9876251220703,58347800
2019-02-07,242.37744182669658,242.92312237490376,240.0068109279789,241.6617889404297,95482000
2019-02-08,240.4183223771915,242.0553914066869,239.59529694515285,241.95700073242188,75788900
2019-02-11,242.6099969413012,242.86940536740855,241.56332680359037,242.09112548828125,68021400
2019-02-12,243.70138226031133,245.5799775461956,243.6298006053734,245.2042694091797,72270200
2019-02-13,246.03630963906483,246.84142609171184,245.61585599262298,246.00051879882812,65277200
2019-02-14,244.91806536618728,246.58199805028215,244.1039944428411,245.45481872558594,83234400
2019-02-15,247.22604336493276,248.16536847036366,247.0203074973905,248.12957763671875,97088700
2019-02-19,247.3334661324364,249.21206212427865,247.32451159710354,248.5590362548828,59120800
2019-02-20,248.5231527937661,249.51615033119904,248.02219040925297,249.05990600585938,76610800
2019-02-21,248.42482818267058,248.782654652387,247.21713995951922,248.17434692382812,64214700
2019-02-22,248.7915845167354,249.90980930917786,248.15644047874292,249.71302795410156,78114600
2019-02-25,251.13531731579243,251.6541614228157,249.97234756493305,250.0528564453125,69030700
2019-02-26,249.70408159702777,250.75072474880014,249.49831840033238,249.87405395507812,56844100
2019-02-27,249.15829721146872,250.1155039234547,248.2279540955296,249.76663208007812,56921600
2019-02-28,249.5519338490404,249.99029644590678,248.9794170639072,249.30145263671875,69268300
2019-03-01,250.875944510797,251.26956178049417,249.42672969982436,250.85806274414062,78880500
2019-03-04,251.91368898973167,252.1552157189455,247.6554802053009,249.9456024169922,106494600
2019-03-05,250.07085083470344,250.26765948736204,249.0599712687937,249.60565185546875,59114600
2019-03-06,249.72193751100994,249.7308920448468,247.77176016313658,248.0937957763672,75039800
2019-03-07,247.6465319640461,247.7896680184655,245.1775101014412,246.01841735839844,94885100
2019-03-08,244.16661570345593,245.69633953555666,243.7014440300641,245.5263671875,85795800
2019-03-11,246.2420047220662,249.2477792605108,246.21516842441596,249.08676147460938,65098900
2019-03-12,249.64138407228003,250.5449182155576,249.4535299980749,250.0260467529297,79667500
2019-03-13,250.91170489447018,252.6114007343966,250.7506598124784,251.6810302734375,80639200
2019-03-14,251.70782780447044,252.1282812585758,251.08163853904514,251.5199737548828,67518400
2019-03-15,252.07087511860678,253.57138855973614,251.88216612584606,252.76272583007812,81309000
2019-03-18,252.97830890078654,253.97568041420575,252.75367888847163,253.6791534423828,62199800
2019-03-19,254.73946761602602,255.50318784032194,252.8525697345642,253.74209594726562,90268100
2019-03-20,253.52644405949383,254.73045774743304,251.87317030498068,252.97833251953125,84609200
2019-03-21,252.1607035260337,256.239965190846,252.11576106694608,255.8356475830078,79550400
2019-03-22,254.47886913237073,254.99999873616272,250.8488401747913,250.9117431640625,122659300
2019-03-25,250.57030774799213,251.7563609170328,249.46514552195487,250.7230682373047,85575200
2019-03-26,252.47518322548854,253.5444244613853,251.1903059153472,252.5919952392578,68125900
2019-03-27,252.58294971576728,253.1670096654195,249.72566263249684,251.2711181640625,72224700
2019-03-28,251.9000567435742,252.6727706873622,250.74995238075306,252.2235107421875,56238500
2019-03-29,253.73311658007276,254.13743419240424,252.6099664002764,253.81398010253906,82186800
2019-04-01,255.8087611739287,257.1205932407867,255.53918860961605,256.8240661621094,77617900
2019-04-02,257.01279314818845,257.18351422465327,256.1591877658643,256.94989013671875,40070400
2019-04-03,258.162880381585,258.5582315397109,256.752196813757,257.3542175292969,68243200
2019-04-04,257.6775542854916,258.28854128030713,256.9857037843611,258.0369567871094,48997500
2019-04-05,258.7018866821242,259.3398281950125,258.41435370537175,259.2859191894531,58621700
2019-04-08,258.8636614791043,259.59146060914446,258.2077318961907,259.483642578125,53566300
2019-04-09,258.522174565323,258.8456286022435,257.6056940400608,258.1537780761719,66142300
2019-04-10,258.56711479989013,259.1242202855344,258.1538032388763,259.03436279296875,52601500
2019-04-11,259.5194496889376,259.52844366112635,258.39629999121735,258.9623718261719,55093100
2019-04-12,260.57083310063365,260.9931386511058,259.0074168766403,260.714599609375,69727800
2019-04-15,260.78647484201645,260.8853263154702,259.74418819639936,260.54388427734375,49596700
2019-04-16,261.4244381773299,261.47834719052565,260.12157304356356,260.714599609375,52153200
2019-04-17,261.82872721774316,261.855681721401,259.6632906883781,260.0766296386719,58268300
2019-04-18,260.66070312049783,260.858378651933,259.36683190031505,260.58880615234375,68708500
2019-04-22,259.8250957710666,260.96620654252615,259.73523826780877,260.8134460449219,40160100
2019-04-23,261.1818141622424,263.3921933348262,260.94821758401093,263.1585693359375,52246600
2019-04-24,263.0777235358863,263.410171605521,262.43078792825753,262.5745544433594,50392900
2019-04-25,262.47568374884355,263.06871029746924,261.22675508512435,262.41278076171875,57770900
2019-04-26,262.45779772184494,263.7067267400949,261.6850559679797,263.6348571777344,50916400
2019-04-29,263.72467211131345,264.56928329115584,263.634814607374,264.0481262207031,57197700
2019-04-30,263.7066772500253,264.47042488251304,262.29602141570473,264.1828918457031,81111700
2019-05-01,264.8118711118755,265.0185406267152,262.18818009576734,262.1971740722656,71671900
2019-05-02,262.08036361263817,262.99687175976754,260.13955670306206,261.631103515625,65030200
2019-05-03,263.10463197802125,264.47037250137964,261.7388640340087,264.19183349609375,56543700
2019-05-06,259.896981941665,263.54497195780687,259.5824943704813,263.1047058105469,107198100
2019-05-07,260.70559211160116,261.29861864665406,256.80601830897126,258.71087646484375,144729900
2019-05-08,258.3515930175781,260.05877644874835,257.7585662091501,258.3515930175781,91568300
2019-05-09,256.2849164466201,258.1717868559465,254.5507516890629,257.5697937011719,103471100
2019-05-10,256.63536824121263,259.6184622709735,253.6522742114518,258.86370849609375,112429300
2019-05-13,253.7600846462088,254.7214804117822,251.52275072246363,252.35836791992188,127290500
2019-05-14,253.37366265002794,256.16807429211826,253.24788410051545,254.6405792236328,77003200
2019-05-15,253.01424507952993,256.7700521218785,252.80757560681195,256.1321105957031,73956400
2019-05-16,256.8329499899436,259.8609579611438,256.7610804560164,258.50421142578125,76749600
2019-05-17,256.2040296890674,259.312901499198,256.1860417381828,256.8329772949219,100353000
2019-05-20,255.23354386924208,256.9407260832024,254.38893302495606,255.1347198486328,62877600
2019-05-21,256.82398306292055,257.8123606375981,256.57239853669876,257.43499755859375,46847100
2019-05-22,256.4824990841084,257.596654910179,256.1680116562386,256.64422607421875,49482500
2019-05-23,254.42493392448358,254.46984895753423,252.09777034696506,253.50845336914062,98733800
2019-05-24,254.9460676553149,255.35940661704134,253.46351507181586,254.08349609375,55268100
2019-05-28,254.36203379085782,255.31446283570273,251.70242216113928,251.7203826904297,70029400
2019-05-29,250.6062703090443,251.01058794348035,248.6295149162675,250.0312042236328,104972900
2019-05-30,250.785904569244,251.62154901071113,249.6178395350318,250.7140350341797,62523800
2019-05-31,248.17124628444185,248.997869366568,247.30864730223772,247.33560180664062,86862800
2019-06-03,247.37153052407598,248.48568651126263,245.3768150956478,246.70663452148438,96428000
2019-06-04,248.99790209790564,252.19663167059005,248.5486420183639,252.06185913085938,77231900
2019-06-05,253.67919765838639,254.2722242847403,251.87319069063545,254.24526977539062,71169700
2019-06-06,254.5417215538303,256.5723579727726,253.89478610001754,255.89846801757812,69430400
2019-06-07,256.9138946222919,259.5375858798903,256.7431735770717,258.4593505859375,74272200
2019-06-10,260.0047577816279,261.3076228990596,259.5554977301904,259.6453552246094,60799100
2019-06-11,261.4603007892035,261.8286972441243,258.93546202655364,259.5823974609375,58641300
2019-06-12,259.3488976402078,259.90597580686716,258.61210445561744,259.124267578125,47096300
2019-06-13,260.0317238829631,260.55288092143763,259.3308792682955,260.1934509277344,48945200
2019-06-14,259.90594482421875,260.50793796326803,259.1421972200491,259.90594482421875,52324700
2019-06-17,260.13953327502185,260.7685083224592,259.83403972704474,260.0047607421875,39205700
2019-06-18,261.8197169504023,263.7784836775862,261.4602870674344,262.7272033691406,85434800
2019-06-19,262.86208891416766,263.85046667610106,261.8916991065089,263.3203430175781,78674400
2019-06-20,265.9979361214567,266.2405267117123,263.38323896605675,265.836181640625,116570000
2019-06-21,265.5671787539079,266.822182181022,265.23311368814433,265.4497985839844,83309500
2019-06-24,265.6573661634113,265.9733556577188,264.97116086464666,265.1246643066406,47582700
2019-06-25,265.1788214889388,265.2059070885623,262.4159801112717,262.5243225097656,82028700
2019-06-26,263.4182718416797,263.92388825683076,262.154230803802,262.2625732421875,51584900
2019-06-27,263.02092303525444,263.6980906365372,262.64172460878746,263.1924743652344,40355200
2019-06-28,264.1676793995476,265.04348425035056,263.65305277697564,264.5469055175781,59350900
2019-07-01,267.86954678851,268.0862592451392,265.7477486038009,266.9486083984375,78705600
2019-07-02,266.9033612093092,267.69790900113674,266.06367992868246,267.64373779296875,61504500
2019-07-03,268.320982738767,269.80173633261614,268.17651695736487,269.7836608886719,40898900
2019-07-05,268.5556853748782,269.63916472557844,267.2645588956779,269.47662353515625,51677300
2019-07-08,268.16743147205943,269.2960442403786,267.4541404873554,267.9958801269531,45841800
2019-07-09,266.84019265047795,268.6278977139199,266.7860214397084,268.3299560546875,41101300
2019-07-10,269.3954061841779,270.5601425237143,268.8627041508156,269.6120910644531,58448500
2019-07-11,270.253117309667,270.4878500388574,269.24188463431943,270.24407958984375,50826100
2019-07-12,270.731586921279,271.5261345736811,270.42460761085414,271.4538879394531,40326000
2019-07-15,271.8872920895059,271.8872920895059,271.0385732165695,271.544189453125,33900000
2019-07-16,271.4540284074998,271.6617031458477,270.3615385971301,270.66851806640625,36650100
2019-07-17,270.6412948846412,270.8038084821164,268.82647705078125,268.82647705078125,36036300
2019-07-18,268.3299433311183,270.18989495674094,267.8875359461371,269.8106689453125,51392600
2019-07-19,270.903180082799,270.93026568631416,268.1403383081677,268.3118896484375,58678600
2019-07-22,268.7091319171699,269.5127173993327,268.19450545816716,268.9709777832031,43638100
2019-07-23,270.090607031503,270.8941650390625,269.259935864137,270.8941650390625,44564500
2019-07-24,270.1357029970052,272.1672058105469,270.04540847226593,272.1672058105469,47213200
2019-07-25,271.71578443902234,271.76995564778645,270.0634799096485,270.8670654296875,55394100
2019-07-26,271.55321120558057,272.8804606370098,271.4267933768651,272.68182373046875,45084100
2019-07-29,272.5644676648038,272.68184778639005,271.63449196441434,272.18524169921875,38126500
2019-07-30,270.7858119974368,271.9234625037329,270.4065859773304,271.51715087890625,45849000
2019-07-31,271.76097959602436,271.9506064237515,266.53326388586026,268.54669189453125,104245200
2019-08-01,268.70017713336995,271.6526186964665,265.4136429910856,266.20819091796875,142646600
2019-08-02,265.31426961081803,265.55804002591907,262.6507327117384,264.2037048339844,116749700
2019-08-05,260.113601003053,260.2219434044942,254.36219557639544,256.2582702636719,178745400
2019-08-06,258.14535837183905,260.0685190404571,256.6736428346704,259.851806640625,120711700
2019-08-07,256.7819550684586,260.77274168505596,254.65114752446226,260.0052795410156,140572300
2019-08-08,261.4950674503696,265.10662841796875,260.94431762874206,265.10662841796875,87713900
2019-08-09,264.1676091836573,264.76352003700896,261.5221474446139,263.30084228515625,93730000
2019-08-12,261.80205988649254,263.2918233491414,259.1475602385619,260.0956115722656,65527600
2019-08-13,259.79760350315723,265.58513268360247,259.4545008367751,264.1405029296875,94299800
2019-08-14,260.09556938065884,260.70049034452813,256.20411507951735,256.33050537109375,135622100
2019-08-15,257.2154261800236,257.9016317136364,254.96723786093705,257.00775146484375,99556600
2019-08-16,258.6599898772652,261.2332048589005,257.0618566167302,260.7998352050781,83018300
2019-08-19,263.815534727368,264.6190928142968,263.13836696189935,263.9419250488281,53571800
2019-08-20,263.4362519312439,263.9689538188934,261.79301278192634,261.9194030761719,51596400
2019-08-21,264.077348056287,264.4204232030708,263.39114265467236,264.0502624511719,49524700
2019-08-22,264.75450123640525,265.38650783914835,262.1993065597355,263.9689636230469,51666400
2019-08-23,262.66878155669343,264.33009591746213,255.9422397627942,257.188232421875,149161500
2019-08-26,259.37325938101276,260.0323791503906,257.8473727295932,260.0323791503906,72423800
2019-08-27,261.42272130625895,261.7929094320134,258.2535692800758,259.0119934082031,66668900
2019-08-28,258.35305014787957,260.9985121802663,257.5494645347921,260.83599853515625,59696700
2019-08-29,263.3911606210267,264.6913248632864,262.3889380553566,264.1676330566406,57899400
2019-08-30,265.64836826101157,265.66641614641384,263.12028660352104,264.0502624511719,62901200
2019-09-03,262.3528717175835,263.2647722903244,261.1790976581127,262.50634765625,69101400
2019-09-04,264.6732441815311,265.50388772814705,263.9238298917129,265.48583984375,46887300
2019-09-05,267.96879736456265,269.8106735830968,265.44972592383255,268.8987731933594,83258100
2019-09-06,269.21478476498777,269.7474866798832,268.53761711069353,269.1064147949219,49584300
2019-09-09,270.0906625871632,270.1809295889888,268.3029295757313,269.241943359375,51260300
2019-09-10,268.48343727792104,269.24188935174453,267.2284341315708,269.1786804199219,57947100
2019-09-11,269.48569071099945,271.17409129973674,268.8356085403277,271.09283447265625,68821100
2019-09-12,271.99570650637503,273.0881960688336,271.23728195073244,272.0318298339844,72908700
2019-09-13,272.47428446935595,272.8264249779895,271.4810994432451,271.8512878417969,62104800
2019-09-16,270.7226651270901,271.89643922675583,270.37055218501104,271.0115966796875,58191200
2019-09-17,270.8129723529359,271.7880819460408,270.64142095768113,271.69781494140625,41475500
2019-09-18,271.30945217296875,271.968571901471,269.27794933684083,271.8602294921875,73375800
2019-09-19,272.24844412507855,273.2416287217111,271.5080676481326,271.8421325683594,76560500
2019-09-20,272.44438033573425,272.72559424976635,269.76857139785557,270.5577087402344,89565000
2019-09-23,269.89566087758845,271.2109087987867,269.6416852140578,270.49432373046875,43476800
2019-09-24,271.5827644184251,271.97279346935863,267.4102840114436,268.37176513671875,94869400
2019-09-25,268.4533536576858,270.40352627736024,266.97484206860895,269.9590759277344,71854000
2019-09-26,269.96814996825674,270.17675595776956,267.99076670726214,269.3966979980469,56179700
2019-09-27,270.1496138053091,270.2584842358922,266.394400547626,267.9454650878906,84746600
2019-09-30,268.462564934567,269.8957076382301,268.4172230044374,269.1882019042969,51662400
2019-10-01,270.0679131700186,270.72099718134706,265.7684595761757,265.98614501953125,88242400
2019-10-02,264.4079776780748,264.4170571356595,259.9996795705218,261.2876892089844,122539500
2019-10-03,261.0609645123863,263.45561645739946,258.3488636781905,263.42840576171875,85278800
2019-10-04,264.08144832542007,267.2470787072425,264.0269992614025,266.99310302734375,65091200
2019-10-07,266.1947699330452,267.81841429468926,265.55981716913095,265.84100341796875,59610500
2019-10-08,263.9907184423583,264.72543473960826,261.67769911141454,261.7139892578125,95708100
2019-10-09,263.7275882237998,265.13351958206624,263.10171486269707,264.1992492675781,62359400
2019-10-10,264.117604480698,266.865993928109,263.95434039818133,265.98614501953125,55296300
2019-10-11,268.7346644381994,270.97510381384257,268.61676988687105,268.7437438964844,98720400
2019-10-14,268.42614651152667,269.0973894531063,268.0996183355658,268.4443054199219,40394800
2019-10-15,269.48754603678105,271.8459076999341,269.369623801432,271.10211181640625,46754500
2019-10-16,270.6394458056109,271.35603084525394,270.2312854776649,270.6666564941406,48928200
2019-10-17,271.82763155922663,272.3355827530061,270.77543903460804,271.4648132324219,45736600
2019-10-18,270.929634312639,271.5736388782995,269.4239120539197,270.27655029296875,64304000
2019-10-21,271.5918227015919,272.3083799212792,271.1564240881151,272.10882568359375,39048600
2019-10-22,272.6440642871781,272.93433011116593,271.1292896905478,271.2200012207031,48594700
2019-10-23,270.965950615548,272.0634850874928,270.75731692201106,272.0090637207031,34352200
2019-10-24,272.94331115214135,273.0884440118041,271.62806364231596,272.4534912109375,35453100
2019-10-25,271.8821897310793,274.11357754219307,271.82776833873777,273.5693359375,45205400
2019-10-28,274.7846778376868,275.6101055167936,274.7574671529367,275.1112060546875,42147000
2019-10-29,274.83912723810425,275.95482078917917,274.7121255754735,275.02960205078125,44284900
2019-10-30,275.22913658461215,276.24503908773704,273.9229683145181,275.8731689453125,49643900
2019-10-31,275.8641227568858,275.8641227568858,273.68718460462867,275.1384582519531,69053800
2019-11-01,276.5807027657832,277.7326588147076,276.41741095435447,277.68731689453125,71141500
2019-11-04,279.23837720396307,279.374430643672,278.43108065957426,278.802978515625,60606900
2019-11-05,279.00258028848964,279.30192558808307,278.2043630646061,278.49462890625,42933200
2019-11-06,278.4945130993228,278.83012072860964,277.61466416358525,278.5580139160156,46487100
2019-11-07,279.89148638265715,280.8710989172841,279.06605853304166,279.5377197265625,54272300
2019-11-08,279.19295893958304,280.28144163006976,278.49453294996727,280.2270202636719,49032100
2019-11-11,278.8483051362286,279.8642075711623,278.71222403622494,279.6918640136719,35797300
2019-11-12,280.054668191953,281.1794133049867,279.5104268632624,280.28143310546875,46484600
2019-11-13,279.2927281958677,280.7712397910703,279.0659632930762,280.37213134765625,53917700
2019-11-14,280.0910183287371,280.862024736105,279.4560653623706,280.7803649902344,51219900
2019-11-15,282.1137105902836,282.8575062211695,281.4243640106054,282.8121643066406,62023600
2019-11-18,282.57633203669667,283.2566268714091,282.1228021468884,283.0207824707031,49228000
2019-11-19,283.619442778009,283.62852223373176,282.2951432620522,282.93914794921875,67804700
2019-11-20,282.3494805416947,282.8665111010922,280.3358073409572,281.8868713378906,79406200
2019-11-21,281.9959026614513,282.10474543475334,280.63531263262547,281.4335021972656,54664700
2019-11-22,282.1772483826184,282.31330182529547,281.052503014795,282.059326171875,44850200
2019-11-25,282.9846232041064,284.24542236328125,282.9846232041064,284.24542236328125,48647200
2019-11-26,284.2815982160428,285.07073576578375,283.9641217688007,284.8893127441406,37569000
2019-11-27,285.37004499703744,286.1592102050781,285.15235952241426,286.1592102050781,44444600
2019-11-29,285.5968026686247,285.84172650261706,284.87116598414514,285.0979309082031,36592700
2019-12-02,285.351926627072,285.4154274537873,282.2497977488334,282.6761169433594,75767800
2019-12-03,279.9640166629559,280.862024736105,278.58529565869156,280.7803649902344,73941700
2019-12-04,281.82344036418806,283.11144954756696,281.47875327303325,282.5127868652344,49080000
2019-12-05,283.2112849549353,283.2294161852713,281.71461417355385,283.0207824707031,40709000
2019-12-06,284.92566208065074,286.00506561677,284.91658262330225,285.60595703125,48927000
2019-12-09,285.21583692878045,285.887052207936,284.63530546909504,284.7078857421875,34838500
2019-12-10,284.6534969724014,285.3156328729228,283.73735776823526,284.39044189453125,52649800
2019-12-11,284.84398729797243,285.4517295424743,284.30882533883084,285.19775390625,53429100
2019-12-12,285.206841471859,288.43597254390977,284.971024718016,287.6559143066406,96389600
2019-12-13,287.42002857849036,289.0527527941986,286.6490222278449,287.8282165527344,81503900
2019-12-16,289.5516578841208,290.3952169345024,287.7647488016478,289.8056335449219,82749700
2019-12-17,290.18661712815833,290.4859347171941,289.787508555263,289.869140625,61097700
2019-12-18,290.25913538779594,290.4859003373177,289.8328161754444,289.8872375488281,48133000
2019-12-19,290.07766829054526,291.14801972745664,289.8236926929126,291.075439453125,85310500
2019-12-20,292.10543451333706,293.48183740439526,291.13013011229833,292.3515625,147142100
2019-12-23,293.1354754488179,293.19016437902224,292.6523713537724,292.7982177734375,52990000
2019-12-24,293.02618987174196,293.071754722142,292.50661705381003,292.80743408203125,20270000
2019-12-26,293.19025140163853,294.37524348162793,293.18115512214473,294.3661193847656,30911200
2019-12-27,295.0952934102021,295.1499823509916,293.7644828220485,294.29315185546875,42528800
2019-12-30,294.3751576532409,294.5118799794698,292.18748916413625,292.67059326171875,49729100
2019-12-31,292.16931374555315,293.62775035689424,291.82293192090606,293.3816223144531,57077300
2020-01-02,294.9129966046256,296.1435533670269,293.9923531023892,296.12530517578125,59151200
2020-01-03,292.74356586892327,295.0041439336054,292.688876931802,293.8829650878906,77709700
2020-01-06,292.1328118215423,295.08615327203825,292.0143098616565,295.0041198730469,55653900
2020-01-07,294.4390032296372,294.91301114756425,293.7280191701127,294.1746826171875,40496400
2020-01-08,294.3661197989049,296.9548319309042,294.1200195395933,295.7425231933594,68296000
2020-01-09,297.30119760730037,297.82077038824355,296.71781178644477,297.7478332519531,48473300
2020-01-10,298.33120751452185,298.48615024274386,296.4261352089056,296.8909912109375,53029300
2020-01-13,297.5108322451486,298.9418965712198,297.0824170116794,298.93280029296875,47086800
2020-01-14,298.4952101168568,299.5434516916106,297.9209485381816,298.47698974609375,62832800
2020-01-15,298.38584690535674,299.9080685509151,298.3038135068561,299.1515197753906,72056600
2020-01-16,300.52792945323296,301.6399841308594,300.30004962435345,301.6399841308594,54050300
2020-01-17,302.3509470912397,302.7884585291991,301.5761501633732,302.5788269042969,95846000
2020-01-21,301.6217259743135,302.78846954692693,301.5488166711206,301.986328125,77742400
2020-01-22,302.84315842409643,303.49035714511143,301.867853930092,302.0227966308594,48914900
2020-01-23,301.37570973553994,302.7794576149532,300.2636547848771,302.3692626953125,51963000
2020-01-24,303.02540197392955,303.10743535217887,298.39486951881184,299.68011474609375,87578400
2020-01-27,294.4480497017618,296.3531215152195,294.1107920443717,294.87646484375,84062500
2020-01-28,296.2985479035743,298.8416952816207,294.9677371260553,297.9666442871094,63834000
2020-01-29,299.3246499677332,299.55252974536654,297.5198321146291,297.7203674316406,53888900
2020-01-30,295.66036446661803,298.89627442765044,294.9129398382602,298.6866149902344,75491800
2020-01-31,298.06691244131224,298.2218830146405,292.35169450141586,293.2632141113281,113845600
2020-02-03,294.73988183320415,297.30124980208666,294.62137982895297,295.4417419433594,69083000
2020-02-04,299.0422151737549,300.8105652654087,298.72317777873883,299.9446105957031,62573200
2020-02-05,302.870532103236,303.6179846653886,301.41212336008243,303.4083251953125,65951100
2020-02-06,304.3654472195234,304.62067153969036,303.35364621707834,304.42926025390625,50359700
2020-02-07,303.37183913632214,304.4383010658972,302.2597845544811,302.80670166015625,64139400
2020-02-10,301.92253597033135,305.13107376686384,301.88606741089336,305.0672607421875,42070000
2020-02-11,306.41637021168424,307.20026355708615,305.0673114617923,305.59600830078125,54864500
2020-02-12,307.02705945948134,307.77451202465284,306.66245727222037,307.56488037109375,43992700
2020-02-13,306.1429208622096,308.202963799749,305.86947614367216,307.23675537109375,54501900
2020-02-14,307.64690946641167,307.8474448392001,306.4528213248784,307.72894287109375,64582200
2020-02-18,306.7353777212436,307.79274347896046,305.550385905375,306.9359130859375,57226200
2020-02-19,307.9022397572771,309.07808011314717,307.61967088254494,308.403564453125,48814700
2020-02-20,307.8565243216202,308.67691395841035,304.15575813081296,307.1364440917969,74163400
2020-02-21,305.7874255135602,306.0973387829116,303.1531209980254,303.9735107421875,113788200
2020-02-24,294.5484154937722,304.04643281297626,292.81650624331786,293.8921203613281,161088400
2020-02-25,295.2775405729495,295.88824287722144,284.11143004396996,284.9864807128906,218913200
2020-02-26,286.38112799579915,289.9633921811157,283.2090586238566,283.9382629394531,194773800
2020-02-27,278.4327827430655,283.9930581364514,271.18621826171875,271.18621826171875,284353500
2020-02-28,263.15557910658106,271.5324419822393,260.2751753707995,270.0466613769531,384975800
2020-03-02,271.8241810091955,281.80532914475464,268.40598340350584,281.74151611328125,238703600
2020-03-03,282.1153644586077,286.0713568612347,271.2409404465995,273.6746826171875,300139100
2020-03-04,279.0342862432625,285.3967010302959,276.4911395839047,285.17791748046875,176613400
2020-03-05,277.9951357880224,281.17632889627316,273.46488424875696,275.6980895996094,186366800
2020-03-06,267.2119474918185,272.3438069509594,264.55032601369834,271.1405944824219,228667200
2020-03-09,250.9412315537288,259.04465081754387,249.25494324110963,249.96592712402344,309417300
2020-03-10,259.45487913879975,262.99155082298614,249.30054030564344,262.9004211425781,276444100
2020-03-11,255.8635931184185,256.99386865458393,246.91246291123264,250.08453369140625,255316300
2020-03-12,233.34889835184046,243.06569566035535,225.76505247924013,226.15701293945312,392220700
2020-03-13,239.81156693642356,247.45922586480515,226.5307403139834,245.49034118652344,329566100
2020-03-16,219.84023822786799,234.16932404862888,216.35824141554718,218.6279296875,297240000
2020-03-17,223.35868442017195,233.50391264622428,216.0938883539165,230.4320831298828,262070500
2020-03-18,215.34645080566406,226.39406110097966,207.8446502974257,218.7646484375,327597100
2020-03-19,218.0810284637233,225.4916860447425,211.67304784141282,219.2295379638672,289322000
2020-03-20,222.37076338943308,224.149511692918,209.50694631687315,209.78201293945312,347158800
2020-03-23,209.2227585938349,210.58890024674915,200.11813687201803,204.41830444335938,326025200
2020-03-24,214.9348708645978,223.81027088011052,214.36641010403872,222.93922424316406,235494500
2020-03-25,224.51628064557806,235.04206747049008,219.8218620415987,226.2766876220703,299430300
2020-03-26,228.77974835482536,240.9558914934752,228.34881392408727,239.48890686035156,257632800
2020-03-27,232.21803399813555,239.13129805518238,230.18256074726233,232.35556030273438,224341200
2020-03-30,234.44604471765408,240.61663876583322,232.45641822635318,239.90147399902344,171369500
2020-03-31,238.90208181788717,241.4418275508448,234.92282878626662,236.32565307617188,194881100
2020-04-01,227.3677561407306,236.2431562593995,223.62688640381754,225.6898651123047,189554600
2020-04-02,224.8096570813122,231.67707467324524,224.25952385795503,230.89773559570312,177660400
2020-04-03,229.91666012342145,232.26388300481995,224.83715469449982,227.56028747558594,135561200
2020-04-06,236.4081376209245,244.8067547366427,227.54191713385043,242.84461975097656,188061200
2020-04-07,251.41750778727922,252.16935565660157,242.87221252313967,243.09225463867188,201427200
2020-04-08,245.6870219261838,253.05874090906812,243.20228632655915,251.2524871826172,153774500
2020-04-09,254.50739317768844,257.8265203918572,252.5727909100661,255.0758819580078,189999200
2020-04-13,254.10395500418002,254.44319588474661,248.8502262862596,252.74696350097656,114839100
2020-04-14,257.6247434043118,261.2188944182337,252.60941275513804,260.201171875,134143400
2020-04-15,254.49816925151632,260.3386853472331,252.56353956668622,254.67237854003906,121775000
2020-04-16,255.9469100537086,256.7537685008256,252.83870305963532,255.9010772705078,131798300
2020-04-17,261.6590540286196,263.41944685021514,258.92674327686353,262.8143310546875,146684800
2020-04-20,259.1191971166025,262.95177313986176,257.96394844153764,258.1839904785156,100109300
2020-04-21,253.72801334575112,254.92912296463592,249.40949178866583,250.3447265625,126385700
2020-04-22,255.2134176368434,257.64314274626923,253.89310890173235,255.9010772705078,92951600
2020-04-23,257.17549374033564,260.33873886010645,255.58013253954968,255.8826904296875,104709700
2020-04-24,257.39560066112443,260.11873398584896,255.3509492350438,259.44940185546875,85063200
2020-04-27,261.4205849434391,264.30874873794517,260.96214535761493,263.1901550292969,77896600
2020-04-28,266.8302216256885,267.1786402598977,261.67736409264813,261.9799499511719,105270000
2020-04-29,267.29784515422165,270.36939668055743,266.2709447231819,268.83819580078125,118745600
2020-04-30,267.4628265283742,268.9390166066362,264.6021678699744,266.3350830078125,122901700
2020-05-01,261.5948274910563,266.5001372793607,258.1198471539412,259.2843017578125,125180000
2020-05-04,257.40466678621465,260.30200851871746,255.92850465269154,259.99945068359375,80873200
2020-05-05,262.8142792143297,265.2073206037957,260.12780177122573,262.40167236328125,79569900
2020-05-06,264.09796681903833,264.48304052192884,260.1920513755059,260.62298583984375,73632600
2020-05-07,263.83207158010157,265.69333581380084,263.2636107768448,263.76788330078125,75250400
2020-05-08,266.8944094168429,268.5998195757135,265.7666377314456,268.1322021484375,76452400
2020-05-11,266.20676247386785,269.56254444611375,265.7850057832069,268.1872253417969,79514200
2020-05-12,269.36997290557235,269.78255179515514,262.7042425975372,262.841796875,95870800
2020-05-13,262.2825114779081,263.31858964743844,255.7726623265701,258.1932373046875,144721100
2020-05-14,255.76341829570492,261.4113685344945,250.29879909463915,261.28302001953125,121977900
2020-05-15,258.89919065123917,262.53002466488874,257.95480613821377,262.48419189453125,111146300
2020-05-18,268.6914747602291,272.08393945209053,268.3705893815132,270.4794006347656,119703800
2020-05-19,269.8834715117107,271.58885385664627,267.68296642946405,267.7012939453125,95189300
2020-05-20,271.23127021904025,273.1108617924765,271.00205036955106,272.2489929199219,85861700
2020-05-21,272.12068909653203,272.9275475763484,269.27835689934,270.36944580078125,78293900
2020-05-22,270.0852232989164,271.05711341057327,268.8474302756722,270.8829040527344,63958200
2020-05-26,276.8334801639419,277.0718778390343,270.901267405882,274.2203674316406,88951400
2020-05-27,277.007581296367,278.3370675296901,272.19396476879547,278.3003845214844,104817400
2020-05-28,279.3272461114309,281.33521382254526,277.11756385460404,277.7868957519531,90405200
2020-05-29,277.3192788350179,279.6114768667384,274.57781894297864,279.0246887207031,119090800
2020-06-01,278.38295609279857,280.7576706979194,277.8695057987693,280.15252685546875,55758300
2020-06-02,281.069313365472,282.5179982006775,279.73985528660774,282.4721374511719,74267200
2020-06-03,284.4527271115644,287.18503847878395,284.177674415277,286.2314758300781,92567600
2020-06-04,285.2503333753304,286.9832488519643,283.38906933428206,285.47955322265625,75794400
2020-06-05,290.86163222663976,294.56580447547407,290.79744395981476,292.7962341308594,150524700
2020-06-08,293.60310815038525,296.52795553104175,293.0621526886974,296.3354187011719,73641200
2020-06-09,293.67647298750563,296.4087837876376,292.8146040767573,294.1257629394531,77479200
2020-06-10,294.7033265416414,295.59270049020836,291.769301891686,292.4844665527344,95000800
2020-06-11,285.57125517345406,286.2039042091924,275.07300264511355,275.62310791015625,209243600
2020-06-12,282.61894313978905,283.38911860299044,273.7802388403364,278.9239196777344,194678900
2020-06-15,273.24835223856235,282.6555425806839,272.07474788246594,281.52777099609375,135782700
2020-06-16,289.2571484357814,289.4038525103005,282.0963219351536,286.94659423828125,137627500
2020-06-17,287.9642291345723,288.2576371655434,285.02102704171295,285.7545471191406,83398900
2020-06-18,284.24169706401284,286.3413300443272,283.78325751672384,285.86456298828125,80828700
2020-06-19,289.32367329044104,289.5170574345226,282.28787417657315,284.23101806640625,135549600
2020-06-22,283.6322522922705,286.4502464708875,282.49032809295295,286.05426025390625,74649400
2020-06-23,288.69733429029844,289.6274664668477,286.96601139314646,287.3712158203125,68471200
2020-06-24,285.3360276763805,285.95305250280444,278.20816137818287,280.040771484375,132813500
2020-06-25,279.469847494696,283.31007226818923,277.4530430466422,283.0429992675781,89468000
2020-06-26,281.9470509652658,282.1588713157659,275.7400992165521,276.32025146484375,127961000
2020-06-29,277.5727234684733,280.51963173893165,275.2888463730119,280.3815002441406,79773300
2020-06-30,279.94872310498295,285.66762102118946,279.7921834155964,283.9731140136719,113394800
2020-07-01,285.08736775765794,287.2238950877985,284.62691073499315,285.96221923828125,72396500
2020-07-02,289.38803604130976,290.7325908541107,286.8739585501112,287.5370178222656,69344200
2020-07-06,291.3496151795207,292.55601050927066,290.6036769406393,291.975830078125,61713800
2020-07-07,290.4379459868934,292.4086879039096,288.5868993171508,288.9644775390625,82910000
2020-07-08,289.7287189273089,291.2850657221682,287.96979804712055,291.174560546875,54638600
2020-07-09,291.7824392568342,292.0218859318801,286.109604655345,289.5169982910156,83354200
2020-07-10,289.4524563986217,292.74012588856067,288.02505104229334,292.4730529785156,57550400
2020-07-13,294.8122255722936,297.18817150586733,289.28674115516975,289.9405822753906,102997500
2020-07-14,288.522406144319,294.4715320808562,287.32522893206374,293.6979675292969,93657000
2020-07-15,296.9118582248771,297.49203848703377,294.0201750465289,296.3961486816406,87196500
2020-07-16,294.4991602617193,295.87131342816184,293.85450907927094,295.4200744628906,54622500
2020-07-17,296.4238694209868,297.0593024720893,294.45309952821765,296.2765197753906,62774900
2020-07-20,296.0094126786261,299.4168060932532,295.2634745052949,298.6708679199219,56308800
2020-07-21,300.632423503006,301.0744442907489,298.3209200855165,299.3063049316406,57292200
2020-07-22,298.947079971857,301.3230536853919,298.83657479523924,301.0099182128906,57792900
2020-07-23,300.6508750281461,301.35077884843804,296.0555219337203,297.41845703125,75738000
2020-07-24,295.56746146986495,296.5251921252175,294.00189588834417,295.50299072265625,73766600
2020-07-27,296.193647698937,297.8328739008944,295.40164684860423,297.65789794921875,48293000
2020-07-28,296.9303216498821,298.0446479275418,295.4752897615271,295.7699890136719,57495000
2020-07-29,296.64488066256155,299.9693955729184,296.60803622504216,299.4076232910156,48454200
2020-07-30,296.44227447076116,298.7537780991364,294.36102749576685,298.33935546875,61861700
2020-07-31,300.1258457184252,300.7981230082648,295.9172622915835,300.6968078613281,84986800
2020-08-03,302.3545227663099,303.5516998495723,301.8111868221174,302.787353515625,53077900
2020-08-04,301.9309475225113,303.95697021484375,301.9309475225113,303.95697021484375,41917900
2020-08-05,305.2554780680495,306.10273162848586,304.9884050397274,305.8448486328125,42697700
2020-08-06,305.2646080403921,308.00891400036295,304.9422824929676,307.8891906738281,43679400
2020-08-07,306.92221206378724,308.3956800618827,306.0197062402385,308.1101989746094,57308300
2020-08-10,308.5614527808773,309.21529387333,306.62752769620295,309.0311279296875,44282100
2020-08-11,310.2099129722672,310.8453459347755,305.7526922046899,306.4801940917969,69601100
2020-08-12,308.911406789461,311.5267992817978,308.88378049251634,310.75323486328125,53774400
2020-08-13,309.98892606516085,311.49923889521347,309.2706140885454,310.1915283203125,41816100
2020-08-14,309.80478873517694,310.7349211885929,309.0772585556513,310.2007751464844,47260400
2020-08-17,311.2137224910681,311.5820825212489,310.2099294645962,311.18609619140625,35481000
2020-08-18,311.5820463337453,312.28194998264934,309.98885496076423,311.85833740234375,38733900
2020-08-19,312.23591780968894,312.7516274630557,309.9981032669653,310.55987548828125,68054200
2020-08-20,308.8377736301808,312.0057207368476,308.7088602558769,311.52685546875,42207800
2020-08-21,311.1953341258538,312.85296841916903,310.85457226958493,312.6319580078125,55106600
2020-08-24,315.06320894225934,315.8736180566661,312.60438339712664,315.7999572753906,48588700
2020-08-25,316.36172368925685,316.987938738221,315.20136254835245,316.9050598144531,38463400
2020-08-26,317.4944774947084,320.34928983089753,316.9511413370441,320.0822448730469,50790200
2020-08-27,320.94779884525434,322.2278548973866,319.1243787139967,320.7820129394531,58034100
2020-08-28,321.80420702373715,322.9829758804368,320.61622003326073,322.8540344238281,48588900
2020-08-31,322.64226783208227,323.51711938437126,321.4542807471516,321.68450927734375,66099200
2020-09-01,322.5132963995055,324.81558148751446,321.6200086611954,324.71429443359375,54908700
2020-09-02,326.62058140555735,330.3778981673585,325.47862893248646,329.41094970703125,69540000
2020-09-03,327.7256539431089,328.19532906675,315.495917398797,318.0744934082031,148011100
2020-09-04,318.75605256613443,320.3215899223895,308.38654915956926,315.47760009765625,139156300
2020-09-08,310.0809875272591,315.54202965407626,306.55389879011744,306.8577880859375,114465300
2020-09-09,310.8545526760322,315.37624441716423,309.98889114735533,312.91741943359375,91462300
2020-09-10,314.78681929289183,315.44066034104674,306.52621987560775,307.4839782714844,90569500
2020-09-11,309.26138178450964,310.32042738546795,304.8225690491499,307.64056396484375,84680200
2020-09-14,310.7992477225099,313.460702594157,307.78786914857267,311.6925354003906,65605700
2020-09-15,314.1422160421619,314.97103311859536,311.70179927663685,313.2673645019531,52920900
2020-09-16,314.50149299855275,315.92889910987805,311.7479397682059,312.02423095703125,82096000
2020-09-17,307.18007184112935,310.99266929417666,306.65514411572747,309.2797546386719,91523300
2020-09-18,310.08326217502207,310.19420971929947,303.24122418442806,305.7191467285156,105877900
2020-09-21,301.14238742219266,302.4645593357365,297.4717223903731,302.3166198730469,99450800
2020-09-22,303.7960278580259,305.9503348545205,301.2903399000604,305.39556884765625,63612100
2020-09-23,305.9503536740996,306.22775080288056,297.8138791281714,298.31317138671875,93112200
2020-09-24,297.0002185553226,302.1594777085532,295.68727323191223,299.1083068847656,76681300
2020-09-25,298.25759348900306,304.72979648153216,297.38849504638966,303.94390869140625,71069400
2020-09-28,308.09538490645014,309.70418077413325,307.10605558287943,308.99224853515625,64584600
2020-09-29,308.78884527571864,309.52851442541044,306.616028350716,307.3094787597656,51304000
2020-09-30,307.97516755399596,312.78310129067506,307.78100935569034,309.63946533203125,104081100
2020-10-01,312.22836509125534,313.1991843917802,309.7504423645945,311.62738037109375,88698700
2020-10-02,306.69000965854815,311.59963625667905,306.2184543549931,308.66864013671875,89431100
2020-10-05,310.7212700191764,314.3272066536649,310.675051276602,314.1423034667969,45713100
2020-10-06,314.28097349200937,316.37057974539914,309.16793362544905,309.67645263671875,90128900
2020-10-07,312.6259658002967,315.87132309591203,312.5982289095894,315.0669250488281,56999600
2020-10-08,316.99928967685366,317.9238901844621,316.083915987055,317.8591613769531,45242500
2020-10-09,319.5049503113114,321.15999312657567,318.8854837702439,320.69769287109375,59528600
2020-10-12,323.2311624863126,327.3271369060572,322.74112523312164,325.8570251464844,80388500
2020-10-13,325.71829333157706,325.89396970025575,322.76881520469266,323.73040771484375,73255500
2020-10-14,324.30360807019053,325.39462982999737,320.96581398724754,321.69622802734375,57727900
2020-10-15,317.7944015372411,321.77942707857534,317.2581457104829,321.29864501953125,60357700
2020-10-16,322.6486204375523,324.30366342738694,320.9288768497177,321.10455322265625,89501900
2020-10-19,322.36186504375246,322.99058642914855,315.32567082654083,316.2225341796875,68425600
2020-10-20,317.56327447111846,320.72542054305353,316.8051235185024,317.48931884765625,60051900
2020-10-21,317.4431044735385,319.6066946596672,316.58323270677243,316.88836669921875,63575000
2020-10-22,317.1010319977672,319.2091203575822,314.9652067470299,318.6266174316406,55399300
2020-10-23,319.84711952294293,319.9025933086826,317.25824879984316,319.70843505859375,49143900
2020-10-26,316.3336902437672,317.1196066019274,310.31452973959426,313.80029296875,91473000
2020-10-27,314.14230712329396,314.475149793473,312.5057460118679,312.7184143066406,65994100
2020-10-28,307.059827691063,312.7461150486337,301.5399616493468,302.0299987792969,127094300
2020-10-29,302.2612006889962,308.26184985459844,300.5784207406355,305.0997314453125,90597700
2020-10-30,303.52783260839107,304.8315226203362,298.2761088587803,301.9190368652344,120287300
2020-11-02,305.3031311035156,307.3002435800331,302.566292996373,305.3031311035156,86068300
2020-11-03,308.5299804346644,312.7461569674992,305.3863439975958,310.69354248046875,93294200
2020-11-04,315.1593778065313,321.7055664962755,313.9851450876126,317.6373291015625,126959700
2020-11-05,322.90752215223176,325.63510535784354,322.5561693903892,323.8321228027344,82039700
2020-11-06,323.5454798982403,325.0063646417054,321.43739166729375,323.7581481933594,74973000
2020-11-09,336.5268178489835,336.90590740925865,327.3640242503452,327.8263244628906,172304200
2020-11-10,326.83706430106344,328.39964160698554,324.08177251066513,327.3456115722656,85552000
2020-11-11,329.5275920192219,330.60013191836515,328.2886308124271,329.7772521972656,58649000
2020-11-12,328.76945432758134,329.8235125087104,324.7752013576145,326.5781555175781,67546200
2020-11-13,328.48285175165734,331.8391565132532,327.965077662347,331.0994873046875,62892200
2020-11-16,333.76234079790987,335.4266106214588,332.4771323966517,335.2324523925781,74541100
2020-11-17,332.8283977244911,334.63137974023823,331.32129460037004,333.42938232421875,66111000
2020-11-18,333.697561213107,334.2430721080145,329.379664574458,329.4166564941406,70591300
2020-11-19,328.7879664083773,331.173423449706,327.44728430310664,330.8035888671875,59940900
2020-11-20,330.54466445649757,330.74807768636424,328.46431342145667,328.53826904296875,70417300
2020-11-23,330.341330114274,331.7652230633756,328.11303908751194,330.50775146484375,63230600
2020-11-24,333.0504084548386,336.3789766002486,332.1997916166957,335.8334655761719,62415900
2020-11-25,335.750145589235,335.7778824723925,334.2245605824417,335.3155822753906,45330900
2020-11-27,336.4066780190502,336.7210388362217,335.24167223686067,336.24951171875,28514100
2020-11-30,335.4727353400609,335.7408773444086,332.0887228617469,334.76080322265625,83872700
2020-12-01,338.00621842500254,339.95711197569057,337.4144605490259,338.4222717285156,74231400
2020-12-02,337.31281295054083,339.2914436515928,336.7395650672134,339.13427734375,45927000
2020-12-03,339.03249301288866,340.4286487496057,337.94147123204993,339.041748046875,62882000
2020-12-04,339.6242628374325,341.9635009765625,339.5317971440086,341.9635009765625,50749900
2020-12-07,341.19604390236077,341.75080980917244,339.9940746180739,341.2607727050781,48944300
2020-12-08,339.99411677063375,342.8233922079248,339.9478980295718,342.2593994140625,42458900
2020-12-09,342.9158669849853,343.0730332820125,338.3575929060704,339.1897277832031,74098300
2020-12-10,337.8212640589187,340.1235101648178,336.9521373730438,339.0787353515625,57735400
2020-12-11,337.38674768616795,339.08800937588853,335.8704174000004,338.6811828613281,57698600
2020-12-14,340.8447456280566,341.91725738932104,336.9891490851876,337.1648254394531,69216200
2020-12-15,339.6982365511047,341.7231140136719,338.329845795208,341.7231140136719,63865300
2020-12-16,341.93578357691985,343.17474493301853,341.05740176418556,342.2593994140625,58420500
2020-12-17,343.8959099470601,344.3766920459077,343.0730019635639,344.17327880859375,64119500
2020-12-18,344.4611087749372,344.62823947679175,340.7933577976849,342.79901123046875,136542300
2020-12-21,338.8898932592316,351.4159127548199,336.15997816972384,341.5733642578125,96386700
2020-12-22,341.8983367429737,342.0097572148125,339.87412260631737,340.9976501464844,47949000
2020-12-23,341.9633643931626,343.20760697353194,340.979112376798,341.3041076660156,46201400
2020-12-24,341.7776565578183,342.659782611028,341.19269902115246,342.6319274902344,26457900
2020-12-28,345.17611443159626,345.96538061700096,344.5540073036612,345.5754089355469,39000400
2020-12-29,347.09821664709926,347.27464186044676,344.3311518128284,344.9161376953125,53680500
2020-12-30,345.733259466037,346.4389603203097,345.0182924625775,345.40826416015625,49455300
2020-12-31,345.2132342407314,347.8874388872676,344.70254763729105,347.1631774902344,78520700
2021-01-04,348.4910332362678,348.6210426946345,338.7506384714175,342.43695068359375,110210800
2021-01-05,341.7962383123607,345.88181651795514,341.74979422078724,344.79541015625,66426200
2021-01-06,343.2911234562188,350.0416393473608,342.743287286381,346.8567199707031,107997700
2021-01-07,349.22456754371,352.7530149569909,349.04814233936133,352.01019287109375,68766800
2021-01-08,353.39376410680273,354.2294461631156,350.15316189053533,354.0158996582031,71677200
2021-01-11,350.84954484541544,353.3844459686813,350.72882987062206,351.6295166015625,51034700
2021-01-12,351.8152146876118,352.71587302635754,349.4659767403623,351.7037658691406,52547700
2021-01-13,351.6294773146356,353.6443970420134,350.84950564563337,352.65087890625,45303600
2021-01-14,353.39375334288167,353.8951738961369,351.08169311224,351.41595458984375,49989100
2021-01-15,349.8002212044383,350.59875344385847,346.9960355450777,348.8531188964844,107160000
2021-01-19,351.3044700083426,352.13088573862603,349.82809207789774,351.5923156738281,51233300
2021-01-20,353.87651262058415,357.2935676023044,353.48654097639,356.4578857421875,61836100
2021-01-21,357.0150334029827,357.44218304043847,355.86365062010475,356.78289794921875,47840100
2021-01-22,354.93512517961597,356.6807884063507,354.554419617458,355.5201110839844,52860500
2021-01-25,356.25362897614195,357.2750022410849,351.415906011499,356.92218017578125,70402000
2021-01-26,357.86925374578055,358.2778143535909,356.1328853310083,356.3650207519531,42665300
2021-01-27,353.05012900637144,353.1429888444501,345.4268095254111,347.6553039550781,123351100
2021-01-28,349.46599738570745,354.6379822958076,349.02960991918064,350.645263671875,94198100
2021-01-29,348.78814770996314,349.75383907984985,341.9540655846165,343.6254577636719,126765100
2021-02-01,347.01456637013837,350.3758824135657,343.91324084010205,349.34521484375,75817600
2021-02-02,352.52090191367535,355.83580306474755,349.42887007201125,354.2851257324219,64450700
2021-02-03,355.11152644432576,356.2814981741382,353.2915924599428,354.5636901855469,52427100
2021-02-04,355.59436662167684,358.63998265068375,354.6751192898168,358.59356689453125,47142600
2021-02-05,360.4599791681368,360.710675281438,358.54718510912704,360.0049743652344,48669800
2021-02-08,361.4534473259199,362.6512741525483,360.59920475972706,362.6048583984375,38365200
2021-02-09,361.769153490128,362.95771418565323,361.3606211720995,362.3634338378906,35551100
2021-02-10,364.09979957873327,364.24836966450124,359.8099410732521,362.20556640625,59154400
2021-02-11,363.2827449986079,363.70060021262947,360.3671379983436,362.7906188964844,42913300
2021-02-12,361.9920628197405,364.8241042599518,361.9177635996305,364.58270263671875,50593300
2021-02-16,365.8083200461877,366.0033342269587,363.55197027023985,364.2669372558594,50972400
2021-02-17,362.5213268153556,364.6012515218009,361.5091912477151,364.3505554199219,52290600
2021-02-18,361.7506393479471,363.5427184335589,360.03283114692755,362.7998962402344,59712800
2021-02-19,364.05338233465426,364.34122801938736,361.71343891444184,362.1591491699219,83241000
2021-02-22,359.4013902770424,361.7784550408201,359.1042500973584,359.37353515625,67414200
2021-02-23,357.1728812923066,361.15633342710237,353.0315929249602,359.8099365234375,107284100
2021-02-24,358.7235712258007,364.2019909749651,357.7393191021612,363.77484130859375,72433900
2021-02-25,362.5120335653563,363.8769912428288,353.57017085547034,355.0093994140625,146670500
2021-02-26,356.8850463128118,358.0271345906392,351.20237503364604,353.1801452636719,152701600
2021-03-01,358.03639956573255,362.9855428178806,353.3751303176071,361.74127197265625,105348800
2021-03-02,361.9642260505401,362.1963615356677,358.41718903694675,358.9186096191406,79595300
2021-03-03,358.22218274333903,359.18784590388924,354.0623048857202,354.1644592285156,119940200
2021-03-04,353.9787373865895,356.5600826850542,345.3061596092031,349.78173828125,183433000
2021-03-05,353.2729412236846,357.2656872416636,346.01176720058334,356.2164306640625,152039600
2021-03-08,357.17290844727864,359.977094609663,354.16444194612137,354.4429931640625,123149200
2021-03-09,358.2778276525571,362.04770476168795,357.77640719038783,359.5035095214844,113633600
2021-03-10,361.84342629734385,363.4312247093334,360.4320530796693,361.74127197265625,109899400
2021-03-11,364.2019950148293,367.37759240388004,363.7469902205475,365.4090881347656,86245000
2021-03-12,364.0533342174548,366.0403986280399,363.2455075098559,365.901123046875,64653600
2021-03-15,366.15180845909873,368.34318144087337,364.0161740450138,368.08319091796875,73427200
2021-03-16,368.6960999272851,369.40177242737843,366.84828247321997,367.6189880371094,73722500
2021-03-17,366.3376593522936,369.67112159743425,365.1955425370876,368.8725891113281,97959300
2021-03-18,366.2912103516865,368.371135091279,362.82773894437463,363.5055847167969,115349100
2021-03-19,363.205574280837,364.77995178052817,360.66234252833834,362.83294677734375,113624500
2021-03-22,363.3453133880508,367.10891663764517,363.28942068287944,365.73016357421875,73778600
2021-03-23,365.09671154896347,366.54065388487237,362.06906667782835,362.8515930175781,90686600
2021-03-24,364.2489071923662,365.8791772373448,360.9604207531097,361.0069885253906,97588600
2021-03-25,359.57244319585334,363.8297562145069,357.6347344917859,363.0379333496094,116128600
2021-03-26,364.18373344592686,369.28881849367565,363.5875351124933,368.88824462890625,114409100
2021-03-29,367.4163152580118,369.60554090899944,365.93510175704296,368.701904296875,108107600
2021-03-30,367.43499693096027,368.39452632963565,366.13075792489735,367.7237854003906,76262200
2021-03-31,368.29203631973724,370.7700506223906,368.2640899656706,369.21429443359375,112734200
2021-04-01,371.1427167920272,373.2574287119727,370.9377673643158,373.2015075683594,99682900
2021-04-05,375.8564594894642,379.0983784802134,375.7819453604423,378.55804443359375,91684800
2021-04-06,377.9990859414913,379.3778104361055,377.66370131465686,378.3344421386719,62021000
2021-04-07,378.16675464905626,379.11695894712534,377.710288137678,378.77227783203125,55836300
2021-04-08,380.02068189018087,380.6262052108521,379.089098803099,380.5703125,57863100
2021-04-09,380.4492124791382,383.5048037222059,380.32810213483407,383.33709716796875,61104600
2021-04-12,382.74090909191403,383.74700629608895,382.1353857837753,383.47686767578125,56704900
2021-04-13,383.3743798281407,385.2375459689583,382.992427357714,384.6133728027344,56551000
2021-04-14,384.58548771887484,385.6381813048944,382.75959257028177,383.2999267578125,61659900
2021-04-15,385.4331734470441,387.68761700399335,385.3866056650256,387.4174499511719,60229800
2021-04-16,388.70298586402646,389.31783402254797,387.28699001478793,388.7123107910156,82037300
2021-04-19,387.7807610260529,388.2279026853113,385.4797498055928,386.8025817871094,78498500
2021-04-20,385.5914957452918,386.6907567846418,382.4986335803177,383.9705505371094,81851800
2021-04-21,383.3557132219947,387.80867863656937,383.2159530341772,387.6037292480469,66793000
2021-04-22,387.43601353904774,388.2651075101176,383.0016699793457,384.06365966796875,97582800
2021-04-23,384.6227137075241,389.6346353832558,384.5481995678462,388.2279357910156,73209200
2021-04-26,388.8800379124394,389.60667156779255,388.2931360312582,389.03839111328125,52182400
2021-04-27,389.3364201598553,389.5320730309627,387.81793554032805,388.9544677734375,51303100
2021-04-28,389.2246953658085,390.342606350338,388.3769514146441,388.8427429199219,51238900
2021-04-29,391.56296041556226,391.9355879172904,387.9484139465216,391.32073974609375,78544300
2021-04-30,389.05704160482367,389.9047856090629,387.85529148566474,388.7496032714844,85527000
2021-05-03,390.73387217038277,391.1158246327663,389.0943053331574,389.5880432128906,68128300
2021-05-04,387.60376353614816,388.09750141176715,383.5048038327527,387.1845397949219,101591200
2021-05-05,388.8240877515174,389.0569834839452,386.7466475835862,387.30560302734375,60162200
2021-05-06,387.3801199711882,390.528874845266,385.3772223436678,390.3984680175781,74321400
2021-05-07,391.16239525650957,393.8919265936675,390.4823294392389,393.23980712890625,67733800
2021-05-10,393.59384166171475,393.81741249794896,389.22471484913274,389.3458251953125,81852400
2021-05-11,384.8369586713548,386.8584779431412,382.0049382756216,385.8710021972656,116888000
2021-05-12,383.0949159919616,384.3618553205323,376.3595601632733,377.673095703125,134811000
2021-05-13,379.21952621514686,384.13828367571983,379.17293000396353,382.20989990234375,106394000
2021-05-14,384.9394270681594,388.9266014154042,384.9114807136324,388.078857421875,82201600
2021-05-17,386.97025720812496,387.9018401628468,385.07911651757036,387.0913391113281,65129200
2021-05-18,387.3522140021612,387.59443468838975,383.5979355139091,383.7563171386719,59810200
2021-05-19,379.07974196431326,382.92715562063444,377.5985000735296,382.7501525878906,106467100
2021-05-20,383.62587868681237,388.1254406224363,383.5047967743601,386.8677978515625,78022200
2021-05-21,388.3489123133246,389.58793334205984,386.09449788680337,386.55096435546875,76578700
2021-05-24,388.7868254622032,391.56295289159766,388.544604797389,390.49163818359375,51376700
2021-05-25,391.57227976579446,391.9262858634761,389.0476977323679,389.6252746582031,57451400
2021-05-26,390.2121400584183,390.9015023339306,389.1780966451499,390.3984680175781,43088600
2021-05-27,391.4231910374945,391.93555024942225,390.3239016330106,390.6033935546875,56707700
2021-05-28,392.1684893742527,392.42933147222897,391.0692282777566,391.3021240234375,58520200
2021-06-01,393.65901283958925,393.7987445957446,390.5195828561252,390.9574279785156,54216600
2021-06-02,391.60959794586466,392.4107742254593,390.60350066902646,391.57232666015625,49097100
2021-06-03,389.26197808041053,391.2555509981351,387.7993858877597,390.1190185546875,58138800
2021-06-04,391.96354696648706,393.9850945840739,390.18422002621526,393.6869812011719,55938800
2021-06-07,393.6776201553933,393.85462318339853,392.37340976192394,393.30499267578125,51555000
2021-06-08,394.1620563356279,394.25522031845156,391.56296032167944,393.38885498046875,47134300
2021-06-09,394.2272616788116,394.30180423460956,392.5783701098852,392.80194091796875,48436300
2021-06-10,394.0223453765083,395.5781015257895,392.7088099094243,394.62786865234375,51020100
2021-06-11,395.1775077811149,395.3917536695252,393.89191873202867,395.27996826171875,45570800
2021-06-14,395.39174825118516,396.26743850654356,394.1527554254345,396.16497802734375,42358500
2021-06-15,396.31398359945143,396.3512264436359,394.5626033146111,395.43829345703125,51508500
2021-06-16,395.57807599910893,395.8016468115362,391.19032822728997,393.23046875,80386100
2021-06-17,392.82060361942723,394.0782178856841,390.63137795315737,393.1000671386719,90949700
2021-06-18,389.82512979232945,390.5167474088944,387.5913771677302,387.7969970703125,118676300
2021-06-21,389.5540649639203,393.53560087943845,388.7409408172673,393.3486633300781,72822000
2021-06-22,393.33938339648705,396.28346475320944,392.61969941589416,395.4516296386719,57700300
2021-06-23,395.52640432656335,396.33017311106846,394.8908622379778,394.9749755859375,49445400
2021-06-24,397.11522847080494,397.73205959660106,396.8628599421337,397.3114929199219,45110300
2021-06-25,398.0591985278256,399.17141131218983,397.73207208724824,398.7227783203125,58129500
2021-06-28,399.2462030135846,399.6948074887242,398.0498768754374,399.5265808105469,53159600
2021-06-29,399.9097427746152,400.5452847325405,399.2087698297282,399.74151611328125,35970500
2021-06-30,399.2835611544407,400.75093815402226,399.25552337520446,400.0780029296875,64827900
2021-07-01,400.83513000426785,402.452051650708,400.7696989990123,402.29315185546875,53441000
2021-07-02,403.45209077508554,405.72323677808726,402.37724253484845,405.3680725097656,57697700
2021-07-06,405.42411100289456,405.63908633581775,401.90056347036705,404.6296691894531,68710400
2021-07-07,405.31193822358387,406.34003766118167,403.30248799530796,406.05963134765625,63549500
2021-07-08,400.7509143885333,403.50808611480505,399.57327068511836,402.75103759765625,97595200
2021-07-09,404.25584763381096,407.349473214676,402.55481277928465,407.0503845214844,76238600
2021-07-12,406.9662877159468,408.76079142536776,406.53636552867664,408.5084228515625,52889600
2021-07-13,407.72325737950405,409.21867209378087,406.8540577380294,407.1157531738281,52911300
2021-07-14,408.8075027783235,409.29352904474496,406.48028123314407,407.72332763671875,64130400
2021-07-15,406.38676403559714,407.0596992666777,404.43338933545084,406.3306884765625,55126400
2021-07-16,407.50838463044124,407.55510476141916,402.75111727654803,403.1436462402344,75874700
2021-07-19,398.3301918050422,403.20896436083694,394.3860497884981,397.18994140625,147987000
2021-07-20,397.8536396448114,404.1530707517098,397.0591977452092,402.8819580078125,99608200
2021-07-21,404.0782727663207,406.28401626491234,402.83522636423976,406.143798828125,64724400
2021-07-22,406.32141887481384,407.2373674036416,405.34006786173984,406.9943542480469,47878500
2021-07-23,408.91960818789283,411.51788035862415,408.2373460404216,411.1814270019531,63766600
2021-07-26,410.5925550860386,412.20012081384886,410.5458349664142,412.1907653808594,43719200
2021-07-27,411.15344841239045,411.18148619614936,407.4896830394306,410.3122863769531,67397100
2021-07-28,410.9384848950348,411.51795145786116,408.7234143462509,410.14404296875,52472400
2021-07-29,411.0693007705477,412.91985138960683,411.05994533585215,411.84503173828125,47435300
2021-07-30,409.28412555399376,411.29357581662805,409.1532635675781,409.84490966796875,68951200
2021-08-02,411.5553115323718,412.10674026622047,408.62991264660883,408.9850769042969,58783300
2021-08-03,409.7795060797524,412.43385397257424,407.5924735593852,412.3123474121094,58053900
2021-08-04,411.03199510338305,412.28439714468374,410.05064402198764,410.2843017578125,46732200
2021-08-05,411.4431679198543,412.96662067268136,411.1253968736616,412.88250732421875,38969700
2021-08-06,413.2002671340216,413.9853535543252,412.9198607907698,413.56475830078125,46930000
2021-08-09,413.53671760242094,413.8544886377314,412.4618979342041,413.2283020019531,41222600
2021-08-10,413.6768480634151,414.45260745639985,412.99458596031207,413.7422790527344,43339300
2021-08-11,414.8077789542653,414.86385451105014,413.6862107732414,414.7703857421875,44034300
2021-08-12,414.620958878903,416.15376725903695,413.7237211934941,416.0135498046875,38909400
2021-08-13,416.4621552133837,416.7892817139917,415.9761574416634,416.7705993652344,39470300
2021-08-16,415.47142121296486,417.8827560853764,413.91993068902,417.7519226074219,73740000
2021-08-17,415.2003367624512,415.87327201338974,412.0319534928369,415.013427734375,92673900
2021-08-18,414.00406428357036,415.5649103189403,410.22817626839674,410.4711608886719,89351900
2021-08-19,407.7513985767886,412.3030748636905,407.61120965110115,411.1067199707031,92812200
2021-08-20,411.45252871527185,414.7050256555393,410.96650244315384,414.3778991699219,72008700
2021-08-23,416.0602493564847,418.92957275106846,414.4526832434195,418.0229797363281,54973000
2021-08-24,418.6865234375,419.21926979163254,418.1724879522138,418.6865234375,38744700
2021-08-25,418.8735372999682,420.0791906082296,418.49966212692135,419.5651550292969,40529700
2021-08-26,419.2847079423929,419.5183656415265,416.99487960448477,417.0883483886719,57829600
2021-08-27,417.8921060042868,421.19135148689224,417.83603043980827,420.8175048828125,77235100
2021-08-30,421.4904164695936,423.4531466839395,421.2474033554113,422.6680603027344,48357400
2021-08-31,422.57464706002395,422.91110047218524,421.4437517278113,422.0419006347656,59300200
2021-09-01,422.9764722664043,423.4905077483613,422.03248612109024,422.2661437988281,48721400
2021-09-02,423.686814177093,424.36907636322894,422.3689814101181,423.5653076171875,42501000
2021-09-03,422.43439243098885,423.9765273755303,422.0324795543075,423.46246337890625,47170500
2021-09-07,423.1166526229062,423.21012139664674,421.27542901861193,421.9483642578125,51671500
2021-09-08,421.41564382630884,422.1446546206983,419.51831615140816,421.434326171875,56181900
2021-09-09,421.2381816132478,422.9859369304317,419.38760205952013,419.630615234375,57970400
2021-09-10,421.55580611377326,421.9763727824504,416.2003623513121,416.3218688964844,89948200
2021-09-13,419.3126944167152,419.5743898490149,415.0787903327298,417.3873291015625,83738600
2021-09-14,418.8266922544094,419.03231214319595,414.2470076652523,415.1349182128906,78197100
2021-09-15,415.5556328590935,419.09789235421874,414.45277511868954,418.6025390625,78792200
2021-09-16,418.0789706250188,419.0509659215077,414.99467250347925,417.93878173828125,77786700
2021-09-17,417.168134146106,417.59004823430996,413.51137369740354,413.86767578125,118425000
2021-09-20,407.7544290834885,409.3296324653092,402.10990737755776,406.9668273925781,166445500
2021-09-21,409.30144322368784,410.59537031179264,406.05726871090457,406.58233642578125,92526100
2021-09-22,408.8513325900805,412.58309005146594,406.69480673198865,410.5484313964844,102350100
2021-09-23,412.41434258074156,417.1399803704705,412.17993634176355,415.53662109375,76396000
2021-09-24,413.9051954031547,416.9337345501658,413.6895313452658,416.22113037109375,62094800
2021-09-27,415.1896841659372,416.3523298980062,414.33644206403306,415.0303039550781,61371100
2021-09-28,412.2643708805607,412.5925453791143,405.93540163406385,406.666748046875,130436300
2021-09-29,408.0449684995728,409.7795802277792,406.7885546104285,407.35113525390625,82329200
2021-09-30,408.82324196639286,409.5264607159928,402.03484612674845,402.3724060058594,140506000
2021-10-01,404.0976283486504,408.8326231008619,400.58153463739126,407.1542663574219,129240100
2021-10-04,405.9915954205408,406.8917073430287,399.7657521393978,401.903564453125,128570000
2021-10-05,403.4037355215152,408.3262663404989,402.6067772325321,406.0853576660156,90682500
2021-10-06,402.4942986652522,407.9794109817039,400.8722256266175,407.77313232421875,113032200
2021-10-07,411.0454355366307,414.13020116989895,410.86728449835147,411.298583984375,72437500
2021-10-08,412.0674077940218,412.4518374427157,409.9202387275282,410.5484313964844,74557400
2021-10-11,409.89219860577384,412.79884218436496,407.5106228023292,407.5762634277344,65233300
2021-10-12,408.4950547167105,408.89822655825884,405.78530500807835,406.5729064941406,71181200
2021-10-13,407.5948986632403,408.8513125536215,404.6226438533049,408.03558349609375,72974000
2021-10-14,411.69232759288604,415.0490407513381,411.2235151439211,414.8990173339844,70236800
2021-10-15,417.0087329506892,418.42455590539737,416.38989699593026,418.0588684082031,66260200
2021-10-18,416.27735526871015,419.6340400404351,415.621006350095,419.2965087890625,62213200
2021-10-19,420.91859501540216,422.59692303340495,420.30911592133424,422.53131103515625,46996800
2021-10-20,422.99082000892685,424.491025906163,422.87830957409244,424.19097900390625,49571600
2021-10-21,423.59087874148474,425.5223841474882,423.1595792098458,425.29736328125,41305400
2021-10-22,424.86595278780356,426.30990306849355,422.91567707626706,424.8565673828125,58845100
2021-10-25,425.9442973142117,427.46324528395957,424.1722008875209,427.13507080078125,45214500
2021-10-26,428.68217522735085,429.89169091412384,427.1444564431734,427.5195007324219,56075100
2021-10-27,427.9789361517596,428.6446418796485,425.55046225853243,425.62548828125,72438000
2021-10-28,427.05064707991323,429.8072666921166,427.04129028806375,429.7322692871094,51437900
2021-10-29,427.4350712129975,430.8949094853391,427.1444097745334,430.604248046875,70162400
2021-11-01,431.5888253261382,431.9638982601933,429.6198354925865,431.3450622558594,48433600
2021-11-02,431.51381650455664,433.3984520764042,431.38253525829714,433.0890197753906,48908400
2021-11-03,432.52643344894864,436.1362956921223,432.0857485213813,435.7331237792969,52509800
2021-11-04,436.33310224976924,437.87082079414984,435.98618562096254,437.78643798828125,52847100
2021-11-05,440.00869977242445,441.2932415636286,437.7959183013962,439.30548095703125,66390600
2021-11-08,440.4024399467041,440.8993800137787,438.99600255528054,439.6804504394531,50405200
2021-11-09,440.0461676231419,440.2805738708811,436.8207353651275,438.2271728515625,51149100
2021-11-10,436.53942763125457,438.2271697715408,433.220255788708,434.7016906738281,69429700
2021-11-11,436.19252851233256,436.2675545379645,434.8236039920207,434.84234619140625,34848500
2021-11-12,436.10807465603904,438.6771576415782,435.1610643814979,438.12396240234375,53466700
2021-11-15,439.40862530276064,439.56800554034606,437.14894545673525,438.2740783691406,46980500
2021-11-16,438.0114907479462,441.14315465497026,437.9364933419403,440.0086364746094,48857500
2021-11-17,439.74607145027005,439.9242224676994,438.32089192487604,438.9397277832031,47858300
2021-11-18,439.97114731825366,440.69313688366196,437.25204053194824,440.43060302734375,50625600
2021-11-19,440.3180067810075,441.56506389702315,439.277256897484,439.6429443359375,57315600
2021-11-22,441.5181949166131,444.0028951339013,438.1989948186662,438.4052734375,72762000
2021-11-23,438.0771663973215,439.8399060268832,435.4799553727706,438.9866638183594,73206500
2021-11-24,436.98951426235885,440.2805872370219,436.17378507370955,440.15869140625,61858800
2021-11-26,433.50152742675596,434.96422009835896,429.21657442443677,430.34173583984375,112669600
2021-11-29,435.1236653350825,437.4583425612124,432.9296261441328,435.62060546875,86268800
2021-11-30,433.18271599479897,435.0860934508205,426.9006175423312,427.1444091796875,148559600
2021-12-01,432.84521097923056,435.6862135337651,422.2031616971008,422.4000549316406,131939200
2021-12-02,422.61568676881933,430.43547509903107,422.2218717157111,428.86962890625,127637800
2021-12-03,430.5292522904625,431.58874442702455,420.9185967447433,425.1379089355469,137331600
2021-12-06,427.6788877462588,432.0482235973753,425.2691846744251,430.1729736328125,98977500
2021-12-07,435.44238012792107,439.63356454550274,430.04165158605986,439.07098388671875,95484700
2021-12-08,439.46484235390875,440.68374339000826,437.7114595944113,440.2336730957031,72238800
2021-12-09,438.9490964511675,440.3367916207848,437.0644898372222,437.2613830566406,61272600
2021-12-10,439.9617388281514,441.52755637554407,437.4113979747184,441.3775329589844,77159800
2021-12-13,440.86187964178026,441.20879629669554,437.1863772299923,437.4676818847656,87724700
2021-12-14,434.2047373052017,436.6894377150197,431.5418858646757,434.4578857421875,97264100
2021-12-15,434.5141971486355,441.49010093703475,432.00134036114184,441.246337890625,116899300
2021-12-16,443.09342361388826,443.37469964954175,435.8080595359977,437.35516357421875,116568600
2021-12-17,434.28117656754216,437.2827106378424,430.99737826772844,432.700439453125,135511600
2021-12-20,427.62890570329984,428.4945351603184,424.4862394814665,428.099365234375,107134800
2021-12-21,431.5148339230484,435.8430669166713,429.350731783521,435.7019348144531,69806300
2021-12-22,435.44794347232624,440.17134685592566,435.25032979357655,440.0584411621094,58890200
2021-12-23,441.0558332086626,444.2925972471357,440.9523458894644,442.7965393066406,56439700
2021-12-27,444.17028879957417,449.11011430535285,444.1232543282057,449.0630798339844,56808600
2021-12-28,449.49583182545905,450.5214301033936,447.9339028188725,448.696044921875,47274600
2021-12-29,448.7995905115579,450.2862300149204,447.8022185897107,449.2700500488281,54503000
2021-12-30,449.69343150623797,450.7002217741406,447.56697399413,448.02801513671875,55329000
2021-12-31,447.53880315085513,448.6866969603346,446.6261104168571,446.8989562988281,65237400
2022-01-03,448.15975083339737,449.61819265083415,445.8545162929149,449.4864501953125,72668200
2022-01-04,450.9072545217483,451.6223622300133,447.4822951975026,449.3359069824219,71178700
2022-01-05,448.9689091940095,449.7404696581306,440.61354395954817,440.7076416015625,104538900
2022-01-06,440.2466667010779,443.0035528678846,437.9319849605687,440.293701171875,86858900
2022-01-07,440.3030723284207,441.479221117935,437.1980222953608,438.5529479980469,85111600
2022-01-10,435.36325245373706,438.22362566846715,429.62364055153137,438.0072326660156,119362000
2022-01-11,437.7438209696161,442.0908627934465,434.751676287286,441.99676513671875,74303100
2022-01-12,443.7280116585806,445.2429062617321,441.2345819172256,443.1916809082031,67605400
2022-01-13,444.292463640066,444.9416999284774,436.0594238960003,437.08502197265625,91173100
2022-01-14,433.94247281173614,437.6120514809011,432.7286791584299,437.263916015625,95890900
2022-01-18,432.5781593461344,432.7851627070061,428.4098944174529,429.5201721191406,109709100
2022-01-19,431.0632487949444,432.455790611051,424.7873060995941,425.0601806640625,109357600
2022-01-20,426.9419932565545,431.6371698449728,418.2384925675779,420.3555603027344,122379700
2022-01-21,419.2358518525332,421.58814926561837,412.0754723100945,412.10369873046875,202271200
2022-01-24,406.5052754832323,414.36195566976323,395.90112761933347,413.8538513183594,251783900
2022-01-25,407.47441758472695,413.7409421509055,401.9135823339121,408.8011169433594,167997300
2022-01-26,414.6818552495206,417.80571346524874,403.5225401054795,407.7755126953125,186391100
2022-01-27,412.3672026513168,415.50045053402,404.0777079047049,405.7619323730469,149878300
2022-01-28,407.1168944257264,415.88626787051186,402.54404110046244,415.8392333984375,164457400
2022-01-31,415.17116710249303,423.6770844746201,413.82565957531546,423.3289489746094,152251400
2022-02-01,424.05345661872343,426.8291797344353,420.5344280122152,426.1893615722656,123155400
2022-02-02,428.58867006151223,431.05387362428513,426.28340667304684,430.3293762207031,117361000
2022-02-03,424.30745056905977,426.2080966836343,419.3770152968473,420.2144470214844,118024400
2022-02-04,419.97926396514714,426.0293671450485,417.6081293545503,422.1904296875,118454400
2022-02-07,422.95254768054906,424.3450895509773,419.50878037886775,420.8354797363281,84472900
2022-02-08,420.3367433125656,425.2201150815416,418.9159464741092,424.2980041503906,81012000
2022-02-09,428.32514818742595,430.82799617234946,428.1275632375704,430.5080871582031,92589900
2022-02-10,424.67438876665915,430.6680383540824,420.778998939607,422.77374267578125,140103700
2022-02-11,422.85846290665194,424.92846773085336,413.00703862428105,414.4372253417969,153214600
2022-02-14,413.9291255162954,415.5098626456239,409.6197001412661,413.082275390625,123006300
2022-02-15,417.51407522523783,419.91340763201026,416.99655245102997,419.7440490722656,88482700
2022-02-16,417.7021805621434,421.58818077331404,415.82976087005267,420.2144470214844,84863600
2022-02-17,417.0341632264874,420.186247943638,410.63592485416507,411.23809814453125,102259100
2022-02-18,411.49211293034836,412.74355133918664,406.30766852315804,408.5752868652344,132642900
2022-02-22,406.37355193227506,409.7702560003978,400.6997823601273,404.19061279296875,124391800
2022-02-23,407.09801689358864,407.66257403498787,396.4562253293039,397.0207824707031,132578000
2022-02-24,386.7364966376221,403.4284183428238,386.378971556724,402.9955749511719,213942900
2022-02-25,404.22820402320997,411.97197784953823,402.5815957478885,411.8872985839844,121804500
2022-02-28,406.505202258136,412.31068466320824,405.25379272155976,410.83343505859375,145615000
2022-03-01,409.3374644946176,411.3416268267393,401.8759540045587,404.576416015625,137785900
2022-03-02,406.82527213860226,413.74103471938145,406.0725481862987,412.0191650390625,117726500
2022-03-03,414.446680076633,415.04885343146157,408.17073639481583,409.9678955078125,105501700
2022-03-04,406.2417338018763,407.7660178207688,402.60038226461853,406.6369323730469,113978200
2022-03-07,406.0536235461076,406.7593128666358,394.5838174926232,394.6496887207031,137896600
2022-03-08,394.82851645161617,401.97008984857894,390.5943799836052,391.6576232910156,164772700
2022-03-09,400.02232727972273,404.13413881650297,397.8393882545467,402.158203125,116990800
2022-03-10,397.55708322285636,401.2360799371363,395.5999843486872,400.34222412109375,93972700
2022-03-11,402.8263104395944,403.4379021571393,394.7438182155745,395.2519226074219,95636300
2022-03-14,396.0234396841189,399.4671781987032,391.2247467020312,392.3632507324219,95729200
2022-03-15,394.969610741959,401.62191584683524,393.6993928949382,400.99151611328125,106219100
2022-03-16,404.4917305799787,409.9396315604553,399.7024270341616,409.8831787109375,144954800
2022-03-17,407.9731146505722,415.0111999511719,407.5967527483876,415.0111999511719,102676900
2022-03-18,413.40292135860483,419.8776656161691,412.6667255275147,419.5567626953125,106345500
2022-03-21,419.3868116069883,421.3877523283893,415.93234592986585,419.43402099609375,88349800
2022-03-22,420.82140820007544,425.276343887646,420.82140820007544,424.3419494628906,74650400
2022-03-23,421.8125003060186,423.303758234989,418.79219389310117,418.87713623046875,79426100
2022-03-24,420.897026967389,425.2009454427064,419.78329999434203,425.1914978027344,64736900
2022-03-25,425.8238668662759,427.54166664957455,423.247167191328,427.2679443359375,77101300
2022-03-28,426.6733001787727,430.3070983886719,424.7856157896072,430.3070983886719,68529800
2022-03-29,434.18623279666707,436.12112638537604,431.50572468711965,435.63031005859375,86581500
2022-03-30,434.4882852945164,435.30000450918726,430.83562083793777,432.9403991699219,79666900
2022-03-31,432.1758375929519,432.996975544084,425.823770410925,426.2768249511719,121699900
2022-04-01,427.8530688001301,427.99463935727147,423.9172632927216,427.4849853515625,89048800
2022-04-04,427.6832403411355,431.2509628688752,426.8621021980193,431.1471252441406,59601000
2022-04-05,429.6558116325977,432.119225743506,424.5590699380688,425.70111083984375,74214500
2022-04-06,421.7936427720497,423.71906006741074,418.5656898647818,421.44439697265625,106898000
2022-04-07,420.56664291276263,425.38024389891154,418.6223302828864,423.56805419921875,78097200
2022-04-08,422.8129558921499,425.32357938924946,420.89695753959705,422.4354248046875,79272700
2022-04-11,419.16969873165914,420.0097320215141,414.7147916975716,415.21502685546875,89770500
2022-04-12,418.19752691427806,420.7175978859881,412.1286293865626,413.6765441894531,84363600
2022-04-13,413.4311571589825,419.16970449840653,413.25182485427155,418.4146423339844,74070400
2022-04-14,418.64119283709516,419.7549485147844,413.1008437773758,413.2046813964844,97869500
2022-04-18,412.27968190004844,415.0545800894282,411.14705981320014,413.3745422363281,66002500
2022-04-19,413.2707073837323,420.76481631207815,413.10082271070314,420.0475158691406,77821000
2022-04-20,421.8219041129893,422.43539568830266,418.5750851378038,419.7359924316406,65224400
2022-04-21,423.3509483444846,424.7383973991878,412.55339229515056,413.45947265625,85417300
2022-04-22,412.3740611145033,413.47834025677906,401.5481909244776,402.114501953125,132471800
2022-04-25,399.87763849644267,404.61571598232445,395.31886452951045,404.4458312988281,119647700
2022-04-26,401.9162927984164,402.1145203899857,392.70441293823944,392.73272705078125,103996300
2022-04-27,393.80869150273776,399.169736833569,391.70394193167726,393.8370056152344,122030000
2022-04-28,398.5750669559005,405.5123117771295,394.1484454415817,403.7850646972656,105449100
2022-04-29,399.80216617743,401.95412552190345,388.11739360908206,388.863037109375,145491100
2022-05-02,388.92904179526005,392.56283983474725,382.2749373532382,391.2037048339844,158312500
2022-05-03,391.7039196895496,395.40376459664327,390.1465571793375,392.9969787597656,100028200
2022-05-04,393.65766562044956,405.53121582781534,390.47692222902697,404.96490478515625,144247900
2022-05-05,400.7081751004019,401.1329155913623,386.4467339742489,390.5713195800781,172929100
2022-05-06,388.01350785652954,391.50570647733946,382.9450801949944,388.2400207519531,151770800
2022-05-09,382.3505124543199,383.5869435337957,374.23346310540126,375.8096923828125,155586100
2022-05-10,381.7747206128694,383.2754262479383,372.6477827083813,376.677978515625,132497200
2022-05-11,375.7153401314492,381.3500802473875,369.9484482575457,370.694091796875,142361000
2022-05-12,367.5037643543331,373.57266165703663,363.5207498600562,370.3069763183594,125090800
2022-05-13,374.4315896864937,380.5382491972758,373.39335762056186,379.1602478027344,104174400
2022-05-16,377.5180173546355,381.2839385536254,375.27166828724563,377.621826171875,78622400
2022-05-17,383.7001932426954,385.6256395203469,379.9720047899369,385.3896789550781,83029700
2022-05-18,380.840309909265,381.12345103452697,368.61754246873323,369.8539733886719,117674500
2022-05-19,366.7959211904098,372.0059481432004,365.3707103676318,367.5887451171875,98510700
2022-05-20,371.16591037827914,374.7336324078952,359.1696852051724,367.74920654296875,131432200
2022-05-23,370.7695124155736,375.3943621595535,368.45711634736125,374.6298522949219,76414900
2022-05-24,370.51475409897284,372.95930235202695,365.2292311284691,371.77008056640625,91448800
2022-05-25,370.278726265349,377.01777330975807,369.8823286767236,375.0545654296875,91472900
2022-05-26,376.2815783765453,384.18153289436907,376.073931942696,382.5486755371094,82168300
2022-05-27,385.0026651402334,392.0531673410909,384.80446634850006,391.9399108886719,84768700
2022-05-31,390.3259612932842,393.07254576990726,387.0036468547426,389.74078369140625,95937000
2022-06-01,391.8549115373816,392.8648006270381,384.0776335587426,386.5882568359375,86585800
2022-06-02,386.42789374965014,393.9974979722233,384.18154466114504,393.9503173828125,79609600
2022-06-03,389.24045670832646,390.78837150030967,386.512768154437,387.48492431640625,71874300
2022-06-06,391.48684319664267,393.21406164588547,387.4943805595861,388.6647644042969,57508900
2022-06-07,385.1819749982957,392.8459684053957,384.7194727728496,392.3929138183594,59272400
2022-06-08,390.6845434619145,392.46841881070924,387.333915614858,388.1267395019531,64350000
2022-06-09,386.3523744576506,388.61759004588066,378.8960266113281,378.8960266113281,86289800
2022-06-10,372.7044332589276,373.55388552538324,367.86251789521714,367.9096984863281,132893900
2022-06-13,358.5184668650851,360.3683895194282,352.3362831480851,353.9408264160156,170004900
2022-06-14,355.6869276147928,356.7157121238985,349.7784664118968,352.874267578125,104011800
2022-06-15,356.16833403207096,362.34107104293935,351.22260935386237,357.905029296875,125666800
2022-06-16,349.702968623294,350.10881384000515,343.63404163139757,346.0597229003906,134473300
2022-06-17,346.474006989018,350.14245020385545,343.30795986691686,346.8057556152344,111113900
2022-06-21,352.52169557516805,356.9200257502837,352.44584583713896,355.53607177734375,76811900
2022-06-22,351.3178660517575,358.9960185982588,350.9007792220965,354.89154052734375,90059400
2022-06-23,357.0243321478926,359.1002487608876,353.46963484148904,358.370361328125,79292100
2022-06-24,361.53641078181903,369.7738317116263,361.5079743602973,369.76434326171875,98050300
2022-06-27,370.683832618729,370.9776852889989,367.2618578134948,368.3519592285156,66009600
2022-06-28,369.9065216331798,372.68391795995,360.7116937770823,360.825439453125,86548900
2022-06-29,361.3753088463661,362.3611241546952,358.71165775298255,360.5316467285156,65676000
2022-06-30,356.6451313576215,360.8349471944622,353.1567954408799,357.6025390625,112508300
2022-07-01,356.9484798436387,361.82079880218214,354.33221338787916,361.3847351074219,74839700
2022-07-05,356.30389388763615,362.0862071237408,353.4790840960441,362.0672302246094,81438000
2022-07-06,362.2094276989218,365.7736135029027,359.8301699411462,363.2900695800781,70426200
2022-07-07,365.06266665246835,369.52735833895935,363.3090102076316,368.7311096191406,64525900
2022-07-08,367.1006548819058,370.29516685698064,365.5745188691098,368.4277648925781,72397800
2022-07-11,365.7546185718872,366.72148571389,363.527002730403,364.218994140625,58366900
2022-07-12,363.66926385832295,366.0485507559225,359.25195608212715,360.9961242675781,62219200
2022-07-13,355.56452982281553,362.02934629353234,355.14744302288534,359.1002502441406,84224600
2022-07-14,354.15207948496095,359.30876226262916,351.71594911911046,358.2281494140625,89704800
2022-07-15,362.62649570213034,365.1858892356065,360.7211976903377,365.0721435546875,79060400
2022-07-18,368.1528836213448,368.825898190188,360.8349458407432,362.0577697753906,63203600
2022-07-19,365.97267860433266,372.40905889172745,365.31864088700104,371.8403015136719,78506000
2022-07-20,372.02988023942527,375.62250240338216,370.6648741646818,374.2100830078125,71843800
2022-07-21,373.63182056702766,378.0680753048155,371.2335862430008,378.02069091796875,64903900
2022-07-22,378.143943990978,379.3383025244326,372.29526973672574,374.5133972167969,72197300
2022-07-25,375.13906335562353,375.8215664094441,372.73134023128426,374.96844482421875,53631500
2022-07-26,373.3285714235852,373.537114847819,369.64118001606494,370.5322265625,52946400
2022-07-27,373.82144153900765,381.8977324950311,373.5275888700464,380.153564453125,82342100
2022-07-28,380.9592441702565,385.61350177770953,377.4140068493156,384.9215393066406,73966600
2022-07-29,386.3529969467856,391.5191695238333,385.58518450605675,390.5333251953125,87003700
2022-08-01,387.84111510481983,391.8792599477975,387.13017574109546,389.3767395019531,69997500
2022-08-02,387.8127450392465,391.4906766053588,385.63254218875403,386.8079528808594,63435400
2022-08-03,388.9311943873553,394.0310037637521,388.64683022919735,392.8650817871094,67820600
2022-08-04,392.78929793981433,393.4718009620609,390.9598207163616,392.5997314453125,45656600
2022-08-05,388.3246478205913,392.58079648264055,388.26777497334547,391.93621826171875,56814900
2022-08-08,393.62347746477167,395.87004150956847,390.3815808280443,391.4811706542969,53886100
2022-08-09,390.7512597952123,391.25365582181684,388.85542136603334,389.92657470703125,44931800
2022-08-10,396.9696030117307,398.2587881715667,395.0168917661512,398.1165771484375,68665700
2022-08-11,400.9603347598482,402.818277227606,397.37720132659865,398.1165771484375,59489700
2022-08-12,400.0503656332881,404.9605804756404,399.10244636975136,404.8563232421875,61694500
2022-08-15,402.64764150057266,407.04600061972724,402.5907686609456,406.5246276855469,54048300
2022-08-16,405.4535207281274,409.2451978170758,404.64778356108576,407.3209228515625,59289000
2022-08-17,403.7283280008868,407.1313549468698,402.42968313864895,404.4297790527344,63563400
2022-08-18,404.6288399076743,406.2876987703884,403.3396834770453,405.605224609375,49023200
2022-08-19,402.8467196760706,403.1121358999802,399.2825341593999,400.1546325683594,68016900
2022-08-22,395.329701995395,395.5003494416631,390.92188337608326,391.8224182128906,77695600
2022-08-23,391.39585573923233,393.7846307828097,390.3247023494631,390.87451171875,49105200
2022-08-24,390.64698231789686,393.49074002484474,389.9645082393007,392.1257629394531,49177800
2022-08-25,393.614017515164,397.7090360070508,392.52391605971974,397.6616516113281,50942300
2022-08-26,397.547891912805,398.0881839321778,384.1442990308555,384.201171875,103087000
2022-08-29,381.25313774516417,384.70354880710715,380.3052184856568,381.6607360839844,65370800
2022-08-30,382.81725710753153,383.05423695854176,375.3760840001701,377.4709777832031,85652400
2022-08-31,379.10137171228644,380.3431437236325,374.4660612189248,374.5987548828125,76029700
2022-09-01,372.4280160542996,376.1154069737023,369.7264403478649,375.774169921875,78740100
2022-09-02,379.43310730382876,380.6464427581479,370.00129941700374,371.81182861328125,99632100
2022-09-06,372.6554995418325,373.5939303427136,368.19080797230174,370.408935546875,76637400
2022-09-07,370.0961415467539,377.83116684452074,369.87813861226584,377.0633544921875,70964200
2022-09-08,374.79784580059123,379.9829368756566,373.59396971166063,379.5279541015625,80821700
2022-09-09,381.7649972904449,386.28659071940456,381.4995810521483,385.4239807128906,76706900
2022-09-12,387.4903999035653,390.28677304617617,387.1870588242466,389.56634521484375,69256300
2022-09-13,380.90239200547273,382.10626800654813,371.5085373863549,372.6270751953125,122947100
2022-09-14,373.92568555402255,375.56559617352946,370.7501504689949,374.0489196777344,85023700
2022-09-15,372.49436398050875,375.33812191068284,368.53206820723454,369.8022766113281,87633800
2022-09-16,365.6294902775206,367.6378019325583,363.69728184111455,366.9810485839844,103084800
2022-09-19,363.84014194343365,369.8270263671875,363.763980617156,369.8270263671875,73278500
2022-09-20,366.50513850212155,367.51405803281153,362.8311539935767,365.5818786621094,77274900
2022-09-21,367.504586823731,370.5504007332188,359.19527603958755,359.2048034667969,106746600
2022-09-22,358.4337649769324,360.0708846733697,355.44508694272207,356.1875,89472600
2022-09-23,352.7229712221048,352.76105188849385,345.7842729569001,350.2197265625,122346900
2022-09-26,348.753848761664,352.37072699861113,345.53671576875286,346.7550354003906,92581200
2022-09-27,350.2862710344236,352.5515910179344,343.4808127042095,345.869873046875,108294100
2022-09-28,346.8217084645166,354.3600529595543,345.127482081543,352.67535400390625,110802200
2022-09-29,349.1346285560483,349.42016092257757,342.36725004597866,345.308349609375,112952300
2022-09-30,344.36600021604005,348.2779675279083,339.8353891876637,339.9686279296875,153711200
2022-10-03,343.6807783472364,350.7908257861915,341.90089189193463,348.9443054199219,89756500
2022-10-04,354.45522944852485,359.78538917158465,348.9061712798272,359.7568359375,103602800
2022-10-05,355.397528717206,361.17501250579096,353.07510228982494,358.9192199707031,88065700
2022-10-06,357.5200156173895,360.4706419018,354.721682907655,355.2166442871094,82333500
2022-10-07,351.19054873616767,355.3023890964065,343.5474892236813,345.308349609375,107789500
2022-10-10,346.4219606923115,346.6599140174196,340.4350759464563,342.67181396484375,76042800
2022-10-11,340.9774934330555,345.5366860181765,338.5694076088321,340.5015869140625,92482800
2022-10-12,340.91094386553914,342.4814298234217,339.13102879643657,339.3785095214844,76991800
2022-10-13,332.3826260098785,349.80082219820514,331.3356258487721,348.33502197265625,147254500
2022-10-14,350.79069404097305,352.41831529855494,339.7591840858435,340.39691162109375,123737000
2022-10-17,346.4695113964719,350.24821073516875,340.0637984886666,349.14410400390625,93168200
2022-10-18,357.0537438488278,357.3583310897419,349.8104292073491,353.2464904785156,97162900
2022-10-19,351.20960435158037,353.9318056806791,347.935364051329,350.74322509765625,79746900
2022-10-20,350.2958396474553,354.71226720130164,347.04062545500517,347.8020935058594,88283100
2022-10-21,347.5260408349085,356.7395859020458,346.02218871676973,356.2541809082031,131038400
2022-10-24,357.7770190393889,361.74606316639574,355.13095089201244,360.6134033203125,85436900
2022-10-25,360.5372686391246,366.6859727287409,360.4230557221393,366.37188720703125,78846300
2022-10-26,363.2309138667366,368.90371186098525,362.9739347843384,363.61163330078125,104087300
2022-10-27,364.61105138754175,366.44804370025827,361.0512506396155,361.6699523925781,81971800
2022-10-28,361.5652980348159,370.75029017440346,361.3844511918501,370.2743835449219,100302000
2022-10-31,367.8187505238296,369.6842965425897,366.69561775058895,367.5998229980469,96631300
2022-11-01,371.34045662683894,371.5784099530066,364.82052968043666,365.9912414550781,85407600
2022-11-02,365.4010855031739,369.90317244332704,356.7015278683844,356.80621337890625,126990400
2022-11-03,353.57008917022813,356.1685499468717,351.0192364870028,353.13226318359375,87100100
2022-11-04,358.8335469874606,360.61343287804317,352.170855133582,358.2148742675781,103505200
2022-11-07,359.5093069084671,362.2315073959389,357.4343613850076,361.6413879394531,68286900
2022-11-08,362.745493209243,366.5622732100706,359.5188617569453,363.5926208496094,84641100
2022-11-09,361.62234147920316,362.77405623568103,355.60687575970667,356.1018371582031,78495500
2022-11-10,369.35108918360226,376.00428299719744,367.0572450041489,375.671142578125,141455800
2022-11-11,376.5277909851231,380.1066180137116,374.64319033872147,379.3070983886719,93839900
2022-11-14,377.5462142284,380.89658611860307,375.8043798668183,376.0804138183594,71903500
2022-11-15,381.8198821687392,382.9239890323085,375.48080239259394,379.2880554199219,93194500
2022-11-16,377.6604299906343,378.61224316456577,375.76633106956126,376.39453125,68508500
2022-11-17,371.6449756187588,375.9186366580597,371.3404174691277,375.2428283691406,74496300
2022-11-18,378.5741867367159,378.6408206344442,374.1006819611119,376.94659423828125,92922500
2022-11-21,375.6235663390515,376.7466989172969,373.73896579052973,375.5759582519531,51243200
2022-11-22,377.5176474312929,380.79188693120494,376.1089535381112,380.63006591796875,60429000
2022-11-23,380.29692789864373,383.51406095455076,380.06850204043604,383.0286560058594,68261600
2022-11-25,382.46708656258517,383.49506108811516,382.1910816475926,382.9429931640625,30545400
2022-11-28,379.8590951809206,381.4962149118125,376.0708685003482,376.83233642578125,67881600
2022-11-29,376.96567607447696,378.1554427948825,374.34818928958475,376.1852111816406,52310000
2022-11-30,376.4325818837763,388.0351867675781,374.51945716113363,388.0351867675781,144566700
2022-12-01,389.0726695441886,390.24341023181614,385.2463909544575,387.7496643066406,76398200
2022-12-02,382.86676369077975,388.2064204612096,382.76207820760726,387.3022155761719,85342700
2022-12-05,384.48500420879964,385.41776267708946,378.98352435280736,380.3350830078125,77289800
2022-12-06,380.1732617355015,380.7157732131678,372.76815579992063,374.85260009765625,77972200
2022-12-07,374.0054742055746,376.5753814167961,373.0822142567911,374.2148742675781,65927900
2022-12-08,376.0995130057314,378.21251059995166,374.3195977744953,377.146484375,60737900
2022-12-09,375.909145637889,378.45999830118234,374.2053917040091,374.3291320800781,81447700
2022-12-12,375.119059475854,379.7258605957031,374.4528077117335,379.7258605957031,75405800
2022-12-13,390.45280046353844,390.70977956297014,379.8400894083029,382.600341796875,123782500
2022-12-14,382.2577658393952,385.9603339099887,377.21316643546646,380.1542663574219,108111300
2022-12-15,375.29987006418787,376.2041040710259,369.19877403899443,370.85491943359375,117705900
2022-12-16,368.3029384387337,369.641590174743,364.3443519350762,366.47662353515625,119858000
2022-12-19,366.6678340994925,367.00250429400353,361.70523742151596,363.3689880371094,79878100
2022-12-20,362.61364283927566,365.482194633709,361.2941043449694,363.8662414550781,74427200
2022-12-21,366.4574464966575,370.4351746621718,365.9219858955704,369.306884765625,78167400
2022-12-22,366.2662563964438,369.28780122976565,358.3490543275083,364.0383605957031,100120900
2022-12-23,363.01521636298173,366.2758070046261,361.4662030943732,366.13238525390625,59857300
2022-12-27,366.01764723973866,366.3618594408892,363.0152157544233,364.68853759765625,51638200
2022-12-28,364.6216127041186,366.59137848650926,359.9267751898031,360.15625,70911500
2022-12-29,362.9960715854847,367.50926042450396,362.47015297141144,366.6391296386719,66970900
2022-12-30,363.9618527124626,365.8168226274327,361.8486652893112,365.67340087890625,84022200
2023-01-03,367.52844425814527,369.4981809896888,361.2749926451564,364.1340026855469,74850700
2023-01-04,366.39043499740046,368.9721424611028,363.34977806844154,366.9450378417969,85934100
2023-01-05,364.9945163658359,365.1092537639918,362.16422021646383,362.7570495605469,76970500
2023-01-06,365.84544889092865,372.1945229681979,362.7856784133102,371.0757751464844,104189600
2023-01-09,373.2654787600865,376.4495872696216,370.68379991549534,370.8654479980469,73978100
2023-01-10,370.28219867133123,373.53321794947027,369.3451279864,373.4662780761719,65358100
2023-01-11,375.0440257972263,378.26636090740493,374.2312636370513,378.1898498535156,68881100
2023-01-12,379.289500125456,381.02973273660194,375.22571833967487,379.5667724609375,90157700
2023-01-13,376.3730941204777,381.61299228704434,376.10536380133436,381.0392761230469,63903900
2023-01-17,381.0201896884126,382.6935115955875,379.6623956443495,380.3412780761719,62677300
2023-01-18,381.52697849057256,382.58832869980466,374.1356658339176,374.3364562988281,99632300
2023-01-19,372.2997830998825,373.94442072442195,370.2918200719056,371.6113586425781,86958900
2023-01-20,373.0073764154368,378.6871115907864,371.36273880270227,378.53411865234375,91806400
2023-01-23,379.3373059432333,385.0074698849866,378.3811219727352,383.07598876953125,84178800
2023-01-24,381.40265563212273,383.57318267652687,380.21699688122226,382.6648254394531,59524900
2023-01-25,378.6010544265812,383.14292828207675,376.3157607326886,382.8082580566406,84800300
2023-01-26,385.46642861189923,387.17800600043023,382.5022526217131,387.01544189453125,72287400
2023-01-27,385.97315181927854,390.2759788703347,385.7627902184548,387.9046325683594,68346200
2023-01-30,385.1508780562935,387.37880296998725,382.7413050405992,383.0377197265625,74202000
2023-01-31,383.5540574493801,388.7174447402499,383.20981606709955,388.6696472167969,86811800
2023-02-01,387.45528923844535,395.54462644508357,384.7206171548962,392.80035400390625,101459200
2023-02-02,396.68239430758535,399.9812400651867,394.7891690731477,398.5182800292969,101654500
2023-02-03,393.55573107794413,398.7000051703591,393.0776391240828,394.2824401855469,94736800
2023-02-06,391.8346069060138,393.26888274999055,390.21865378736663,391.8728332519531,60295300
2023-02-07,390.9548967397829,398.241013206568,389.7118693730586,396.99798583984375,90990700
2023-02-08,395.02829871801737,396.36695047559357,391.9684982603406,392.6569519042969,76227500
2023-02-09,396.25214123369045,396.4051341468822,388.02895452722424,389.25286865234375,78694900
2023-02-10,388.07678232835883,390.54375312300726,387.26404936045475,390.1612854003906,70769700
2023-02-13,390.81149214644563,394.875273798094,390.3525133608386,394.74139404296875,64913500
2023-02-14,393.22104214899304,396.864100329501,390.6106788806823,394.5597229003906,88389300
2023-02-15,392.3701118499811,395.9175463340548,391.52866525765285,395.841064453125,61555700
2023-02-16,390.8784407346895,394.8179138959173,390.25692701019995,390.3907775878906,76431500
2023-02-17,388.26800352329917,389.65448174842203,386.34606468801917,389.4154357910156,89257800
2023-02-21,385.39950609313314,386.4513142893378,381.34529542458307,381.60345458984375,82655900
2023-02-22,382.01461731866567,383.5540887169433,379.62415734279705,381.07757568359375,83742300
2023-02-23,383.96523503521115,384.5772067863999,378.88790045751995,383.10467529296875,96242400
2023-02-24,378.09430903342667,379.84411300157524,376.3923025955011,379.0122375488281,108194400
2023-02-27,382.3492886397092,383.7070827492521,379.36599925020045,380.3030700683594,80444700
2023-02-28,379.82499112745273,381.785156708453,378.79229603840645,378.8974914550781,96438600
2023-03-01,378.0846868266854,379.30860107550785,376.1436346387775,377.44403076171875,99706800
2023-03-02,375.4743186281051,381.2209936912257,375.1396483986959,380.3795471191406,85127800
2023-03-03,382.1962961869598,386.7286281625777,381.54609807414363,386.4800109863281,90120000
2023-03-06,387.3023155770407,389.5971805098177,386.30790523195174,386.74774169921875,72795900
2023-03-07,386.6999829953439,386.9390290181394,380.2074848456975,380.8194274902344,108310600
2023-03-08,380.9341111603913,382.19625170885286,379.212962662717,381.4408874511719,74746600
2023-03-09,382.2249589763906,383.88873887527785,373.41851305631604,374.40338134765625,111945300
2023-03-10,373.85828575920306,375.9332173953836,367.4805563054659,369.0008850097656,189253000
2023-03-13,365.0805650006383,373.2846390345943,363.9713881978472,368.4750061035156,157790000
2023-03-14,373.38980130348455,376.21055539266825,370.0909552792131,374.56591796875,149752400
2023-03-15,368.98181836154816,372.4240570496017,366.89731528704147,372.2232666015625,172996900
2023-03-16,369.87107021323396,379.0982391870772,369.36429390384325,378.7539978027344,143254200
2023-03-17,377.4255889740926,378.55818505074,372.9431553160695,374.3253173828125,140553400
2023-03-20,375.10286177523193,378.33752477252494,374.4022021758944,377.9247741699219,93055800
2023-03-21,381.28408976671983,383.3669404738883,379.6907633119906,382.88702392578125,91524200
2023-03-22,382.71428861761933,386.3232414014182,376.3217962204962,376.36016845703125,111746600
2023-03-23,379.2204571484992,383.25176789780386,374.6708576136584,377.3775939941406,119351300
2023-03-24,376.1010222149094,379.9403548581303,373.75902695920195,379.8539733886719,107682400
2023-03-27,382.12883352250185,382.8967177472465,379.671662586895,380.5643005371094,74010400
2023-03-28,379.87323827558174,380.5643194663322,377.87679777551904,379.7100830078125,62871700
2023-03-29,383.8660584843338,385.46899270747423,382.6662670661032,385.2290344238281,77497900
2023-03-30,387.8589998974814,388.10856590647154,385.62260139743574,387.48468017578125,69840000
2023-03-31,388.4060846284512,393.2436518891425,388.3004877505952,392.94610595703125,112062600
2023-04-03,392.42776506097084,394.8465339049245,392.03422997869995,394.44342041015625,67391100
2023-04-04,395.0865256835199,395.3744932102715,390.8824517022873,392.2550354003906,66601500
2023-04-05,391.5255732993779,392.28384974684195,389.57711302940226,391.22802734375,65200200
2023-04-06,390.4313411526847,393.0325102209904,389.3851264771968,392.754150390625,63743300
2023-04-10,390.27775752337686,393.23406013832266,389.66347951634174,393.1572570800781,63681000
2023-04-11,393.7811965721071,394.66422675434245,392.4950235384784,393.26287841796875,59297900
2023-04-12,395.3264818376402,395.61444936283374,391.0744279375137,391.659912109375,86420400
2023-04-13,392.744581127332,397.21740780284637,391.602377161458,396.8622741699219,85814800
2023-04-14,396.22870868146754,398.41712702758065,393.5891675964206,395.89276123046875,78161500
2023-04-17,395.8064093482449,397.3325406110166,394.577824032139,397.3133544921875,66436400
2023-04-18,398.8874765900454,399.0218673008723,396.1999552913603,397.572509765625,63560000
2023-04-19,395.6624479202901,398.4075568472331,395.60486027089866,397.5053405761719,55227300
2023-04-20,394.693049912546,397.08305478926667,393.79080425161,395.3361511230469,75840400
2023-04-21,395.6336418065236,396.10395069254025,393.6947893230702,395.64324951171875,73457400
2023-04-24,395.44166194381876,396.4782981802782,394.1075090570705,396.05596923828125,64332100
2023-04-25,394.08826140218645,394.6449810037149,389.71142480850085,389.7690124511719,97766700
2023-04-26,390.3833244029181,391.4583328014488,387.56141271088387,388.11810302734375,80447000
2023-04-27,390.65217716252755,396.1136313192731,390.40261111578326,395.8448791503906,92968400
2023-04-28,394.9618177860324,399.2330879315298,394.9042301280886,399.2234802246094,89433100
2023-05-01,398.78197199859795,400.84560788880884,398.58999360759657,398.82037353515625,62122300
2023-05-02,398.1099974743272,398.1580067083917,391.43917444922255,394.3378601074219,103998500
2023-05-03,394.837004192524,397.24619509986604,391.3912062306647,391.63116455078125,91531800
2023-05-04,390.5848655498766,390.9112052798367,387.52299570222164,388.857177734375,94901900
2023-05-05,392.48538864162396,397.1021838881152,392.22624422840113,396.05596923828125,87891800
2023-05-08,396.3823322476967,396.64147667611564,394.76021173712985,396.16156005859375,50046800
2023-05-09,394.6162947953608,395.53772662115546,394.19396577274875,394.42431640625,49220100
2023-05-10,397.2557473304781,397.8892407221348,392.44697389350114,396.2671203613281,96142900
2023-05-11,395.4033173680311,395.8640185793233,393.5028369960926,395.5760803222656,70157100
2023-05-12,396.8142503993596,397.0254148728848,392.63897016343816,395.0577392578125,70481500
2023-05-15,395.6624389099318,396.8238288685914,393.75238023444746,396.42071533203125,54289400
2023-05-16,395.31692397910456,396.2383850257728,393.7619987390595,393.7716064453125,57705500
2023-05-17,395.7872805401457,399.1562756190207,394.1459737431661,398.5516052246094,87287000
2023-05-18,398.23477512417634,402.8131980774416,398.01403224251106,402.390869140625,97177200
2023-05-19,403.29311788250186,403.82101441184767,400.58638129995114,401.80535888671875,103793300
2023-05-22,401.8245672616326,403.50427528786696,400.586374286309,401.9685363769531,60745400
2023-05-23,400.32722839371974,401.9013689419868,397.0638012887145,397.45733642578125,86383500
2023-05-24,395.85444497777297,396.238372422446,393.4164603018304,394.5778503417969,89213700
2023-05-25,398.0812545290906,399.44423070710803,395.84485582251955,397.994873046875,90961600
2023-05-26,398.64748907245814,403.8689837488059,398.57071530888675,403.14910888671875,93830000
2023-05-30,405.07840112218025,405.6062976614237,401.9205417166639,403.3027038574219,72216000
2023-05-31,401.4790054006544,402.38125089733444,399.5017514717894,401.0662841796875,110811800
2023-06-01,401.29661257093727,405.9326227931181,400.0488412722422,404.8768005371094,88865000
2023-06-02,407.44919955900986,411.5188830151562,406.92130300774403,410.7318420410156,91426200
2023-06-05,411.0773899248413,412.3635629860605,409.2441048720611,409.9447937011719,65460200
2023-06-06,409.53204325524,411.3652988856477,408.8793344192004,410.83740234375,64022200
2023-06-07,411.2309384070294,412.3635345526036,408.9945106484148,409.4168395996094,85373300
2023-06-08,409.4840283285931,412.344341762355,408.71617349799953,411.8932189941406,61952800
2023-06-09,412.6899118726264,414.63837227354514,411.6436971048215,412.63232421875,85742800
2023-06-12,413.61131547404943,416.45241340725585,412.8914406087862,416.3756103515625,76104300
2023-06-13,417.8345851160925,419.76382988102273,417.1722978814529,419.1207580566406,95899700
2023-06-14,419.45674831132544,421.42439480568777,416.1741056268984,419.6199035644531,100612100
2023-06-15,418.8040313332803,426.06997610483035,418.7080714411939,424.82220458984375,110303100
2023-06-16,426.80484934957235,427.3732510116979,422.9030966686289,423.3751525878906,114165800
2023-06-20,421.4387558395076,422.32506614292663,419.1073181445954,421.1786193847656,76160400
2023-06-21,420.19591625792975,420.9955241203809,418.43288044222425,419.02056884765625,76982300
2023-06-22,418.06687430704443,420.6391323512952,417.72967888460175,420.5331726074219,70637200
2023-06-23,417.08416191308544,419.1362056994903,416.64100677536294,417.3539123535156,92074500
2023-06-26,416.7855154988048,418.7026693868189,415.40786249787595,415.6487121582031,72823600
2023-06-27,416.52540707007813,420.8221567639146,416.0726085341393,420.2055969238281,72813700
2023-06-28,419.126500621765,421.4290371213432,418.5099408774898,420.41748046875,75636000
2023-06-29,420.00325329466176,422.2383451446893,419.5986423394109,422.0745544433594,67882300
2023-06-30,425.2827088718478,428.0380149404403,424.9647708481831,427.05535888671875,104964000
2023-07-03,426.70844840618423,427.82596471994304,426.429054627451,427.5466003417969,32793400
2023-07-05,425.7354801650757,427.6430199831629,425.7258367708566,426.91082763671875,58418400
2023-07-06,423.3366343156822,423.991738320798,421.06299828536083,423.5678405761719,80658300
2023-07-07,422.57550143257924,426.43873894163033,422.25756345371417,422.4984130859375,86134200
2023-07-10,422.1420000351028,423.7412452715391,421.57359837767063,423.5678405761719,62443500
2023-07-11,424.32893908451956,426.7566930521444,423.3558970583311,426.2653503417969,64463800
2023-07-12,430.0515200243212,431.1016209821125,428.62567949600117,429.6950378417969,91924500
2023-07-13,431.506253963796,433.89549322497544,431.0727422071223,433.1054992675781,72425200
2023-07-14,433.991813962652,434.83958003816,432.07463074719146,432.8357238769531,69815800
2023-07-17,432.6912196663996,435.3887239970372,432.6430320958501,434.338623046875,52680200
2023-07-18,434.0110663595222,438.2114701147798,433.5775252322227,437.5660095214844,80668200
2023-07-19,438.3559839057652,439.7239933832524,437.48890168977437,438.5390319824219,65891700
2023-07-20,437.54673021651973,438.44268380742795,434.9166416038705,435.6295471191406,70591600
2023-07-21,437.34439535359957,437.54673021651973,435.6199331260899,435.6295471191406,71275600
2023-07-24,436.77604624077406,438.3849349409323,435.7452026173443,437.57568359375,54023400
2023-07-25,437.3059083742901,440.02267010001805,437.2577208036124,438.770263671875,55191200
2023-07-26,437.8357038433955,440.26345740361967,436.78560303915054,438.837646484375,71052900
2023-07-27,442.2192143317386,442.6238546795818,435.02262562113657,435.92822265625,92194400
2023-07-28,439.1941631701477,441.0246146496096,435.92822776892785,440.19610595703125,80011800
2023-07-31,440.6681750532694,441.39072403261815,439.35793761574195,441.0342712402344,62040400
2023-08-01,439.56979040572475,440.51393144990516,438.818340807487,439.7721252441406,55291500
2023-08-02,436.660370149276,436.92047716007846,432.90312187918494,433.6545715332031,93933400
2023-08-03,431.6410971149184,434.29044314301314,430.995607146359,432.41180419921875,64276100
2023-08-04,434.2230384704291,436.3232404604835,429.9359027397443,430.4561462402344,100128900
2023-08-07,432.28658168791264,434.36752621178806,431.59293351328745,434.21337890625,58357500
2023-08-08,431.6796137883657,434.2037427118271,428.9724661870649,432.3251037597656,71361300
2023-08-09,432.59488283321724,432.7586735355105,428.6738433785323,429.4349365234375,78789600
2023-08-10,431.7855978075418,435.1671361209915,428.4233462814403,429.58905029296875,93005500
2023-08-11,427.7200594884635,430.3501481391964,427.1227570858758,429.33856201171875,68690900
2023-08-14,428.4233633029166,431.7085266113281,428.1150686990038,431.7085266113281,47867400
2023-08-15,429.935919835655,430.292402044995,426.1112258867205,426.6796569824219,75707500
2023-08-16,426.26540717866783,427.9224542221298,423.4426558676056,423.54864501953125,80107200
2023-08-17,425.0129750031002,425.2730820684876,419.8009844959738,420.32122802734375,95711300
2023-08-18,417.5080561439708,421.5543421169173,417.1612467523088,420.52349853515625,98852000
2023-08-21,421.5350602162778,424.00135836533855,419.3867000805202,423.2595520019531,68719000
2023-08-22,425.0321333206804,425.0321333206804,421.5542789285874,422.113037109375,64994200
2023-08-23,423.1728380844883,427.43107286328376,423.0283341735705,426.8144836425781,68441000
2023-08-24,428.41372832126285,428.9243284062607,420.8703007742917,420.89923095703125,88517300
2023-08-25,422.62366273446645,425.14776219480035,419.07836317797603,423.866455078125,102325100
2023-08-28,426.05336574379237,427.1709115909124,423.8664616174519,426.5543518066406,61595400
2023-08-29,426.44835885508,432.9994865828607,426.26531078000176,432.7200927734375,83081900
2023-08-30,433.05731299234867,435.1382574911251,432.35402143192493,434.5024108886719,69053900
2023-08-31,435.1190142078131,436.255817610441,433.6835595621321,433.8666076660156,66084600
2023-09-01,436.58338220970904,437.06508153807744,433.2211009052936,434.67584228515625,58944100
2023-09-05,434.23269470933957,434.5506033353466,432.72979513066315,432.7972106933594,55166200
2023-09-06,431.98789706191957,432.09388618903915,427.5659013158959,429.8876953125,70758500
2023-09-07,426.89156794336543,429.24226303585164,426.5447585365695,428.5679016113281,70355400
2023-09-08,428.6160154651993,430.74511806057524,428.2595627004295,429.21331787109375,61659700
2023-09-11,431.8337979292306,432.3443980335229,430.1285929169173,432.0361328125,60180100
2023-09-12,430.5909909482861,432.1131477113599,429.08809157187744,429.6661071777344,67565400
2023-09-13,429.88768993651144,431.32314432701645,428.78940150844926,430.1670837402344,60199300
2023-09-14,432.6334271290332,434.5698383708397,431.332833106535,433.8761901855469,83430800
2023-09-15,432.2935551441486,432.6222625307114,428.2136712808251,428.6487121582031,111848900
2023-09-18,428.3393572391215,430.1956202798295,427.8656361967372,428.9001159667969,55752200
2023-09-19,427.981617392204,428.57137880593234,425.3326034960519,428.0106201171875,66514600
2023-09-20,429.2674693964477,429.68318495179983,423.8727265693422,424.0757751464844,82562600
2023-09-21,421.2333589486901,421.4943834516094,416.91177626347593,417.06646728515625,104095800
2023-09-22,418.091288955446,419.6864977783781,415.71294757869936,416.1286926269531,100829700
2023-09-25,414.920205158679,417.9172517040119,414.485134786977,417.87860107421875,70874500
2023-09-26,414.84288124552415,415.54865360911657,410.90801075336816,411.7394714355469,96168400
2023-09-27,412.90925504168933,413.4700137261174,408.2686420542666,411.9037780761719,104705800
2023-09-28,411.35267675993066,415.96428646714304,410.7629154217767,414.2917175292969,92258300
2023-09-29,417.3371661441051,417.5111824781116,411.7684074215334,413.2862854003906,115111300
2023-10-02,412.454856073705,414.3691244055631,410.36657139466814,413.1219482421875,83798600
2023-10-03,410.94664397430034,413.1799422139496,406.22867088652805,407.59185791015625,103760600
2023-10-04,408.0559363281981,411.30435944495287,406.59606370497346,410.5599365234375,87453000
2023-10-05,410.269877205424,411.2463514179395,407.1858225474584,410.4052429199219,70142700
2023-10-06,407.9592344326086,416.8150963910029,406.63472757769614,415.27789306640625,113273300
2023-10-09,413.3829806224,418.5070215863633,412.8319288458573,417.9366149902344,80374400
2023-10-10,418.5649967058061,422.70288570856627,418.1686064888882,420.11187744140625,78607300
2023-10-11,421.17537943505704,422.08414129890025,418.79703802262225,421.8327941894531,62451700
2023-10-12,422.4419704136199,422.81900590982724,416.9118902695845,419.2611999511719,81154200
2023-10-13,420.75965970754623,421.95850789546967,415.60664534568787,417.1728515625,95143100
2023-10-16,419.4157827397426,422.6255551040407,419.1740835467255,421.56207275390625,75433200
2023-10-17,418.4393454760135,423.5923892481788,418.09131276942526,421.5427551269531,75324700
2023-10-18,419.77355201420596,420.73067151213604,414.84288188055683,415.9256896972656,93559800
2023-10-19,416.64111990263626,418.4490253157197,411.59443909771255,412.27117919921875,121323000
2023-10-20,411.83610400929126,412.37750784711915,407.0987761718527,407.20513916015625,123919900
2023-10-23,405.67757598059893,410.3568982821464,403.9276761980999,406.4993591308594,92035100
2023-10-24,408.61667642933105,410.7146385432617,406.7700909338865,409.56414794921875,78564200
2023-10-25,407.8819596802007,407.9109624071266,403.17363397769196,403.68603515625,94223200
2023-10-26,402.6225206966068,403.47327705797994,397.9335505307934,398.85198974609375,115156800
2023-10-27,400.43759484678344,400.8339851009318,395.62293584989493,397.04412841796875,107367700
2023-10-30,399.8284803456642,402.8448816266276,398.5329761803426,401.79107666015625,86562700
2023-10-31,402.36153498192397,404.63351364420447,400.4569438698378,404.3144836425781,79665200
2023-11-01,405.2812643437381,409.43847913059346,404.7495083565733,408.6263732910156,98068100
2023-11-02,412.41616442869764,416.612088488878,412.3968391143164,416.4573974609375,94938900
2023-11-03,418.75840416588386,421.80380835994043,418.63271585397734,420.2569274902344,100167800
2023-11-06,421.0109973746679,421.66841210779677,419.2804228673673,421.22369384765625,67831700
2023-11-07,421.2237277176419,423.0606358569916,420.0829145000172,422.42254638671875,64256100
2023-11-08,423.0219913930459,423.5440700044392,420.43098266202935,422.7319641113281,61746000
2023-11-09,423.8727133946502,423.9113935278032,419.0097266771128,419.43511962890625,83174400
2023-11-10,421.5040718428815,426.2896982135309,419.4254351571336,425.9803161621094,89462200
2023-11-13,424.64616313137293,426.6764127794683,423.86306009469695,425.57427978515625,52236100
2023-11-14,431.50076562505876,435.1165763059157,431.2783917339626,433.83074951171875,97176900
2023-11-15,435.16492211328534,436.3927730128096,433.8984205823122,434.74920654296875,77327600
2023-11-16,434.3045010394223,435.60000533429076,433.2410185572766,435.2809753417969,66665800
2023-11-17,435.2906316917746,436.43147446982493,434.37219232906403,435.8223876953125,83133200
2023-11-20,435.5709613361329,440.01823251915994,435.56128392675316,439.1771240234375,69936200
2023-11-21,438.13296253247677,439.05143128536895,436.95346926763995,438.219970703125,49244600
2023-11-22,439.87321460582723,441.22672421241435,438.81940964411666,439.911865234375,59394900
2023-11-24,439.9602117787139,440.3759273074353,439.631504418495,440.18255615234375,29737400
2023-11-27,439.55420100976517,440.3663068584605,439.0031197003399,439.3898620605469,50506000
2023-11-28,439.00313736224456,441.12042500107185,438.4424081242647,439.8249206542969,62115000
2023-11-29,441.97120588419773,443.1023712619962,439.1191726740231,439.5155334472656,63146000
2023-11-30,440.35662667945024,441.59412543023933,438.28766732031204,441.2460632324219,79752700
2023-12-01,440.6370255353667,444.38820233909854,440.0472935709732,443.8564758300781,89183400
2023-12-04,440.4726232624604,443.8757373404589,439.2544498661346,441.52642822265625,72430900
2023-12-05,440.14394887033336,442.3965725770802,439.76688393206007,441.439453125,69793500
2023-12-06,443.57606849081975,443.60507121667763,439.225482586349,439.6605529785156,69124700
2023-12-07,441.7391409339485,443.66305717468333,441.13973162302386,443.01531982421875,66995400
2023-12-08,442.27087844484373,445.451648340426,442.02917923250493,444.919921875,83194400
2023-12-11,444.4268307846884,446.8244975103325,444.2141343049595,446.65045166015625,65002200
2023-12-12,446.30240990232363,448.78708475043413,445.30661038207074,448.6903991699219,68327600
2023-12-13,449.0674408996175,455.12927578193285,448.709730800554,454.8778991699219,93278000
2023-12-14,456.8115200961749,458.00069086527446,453.66943027540754,456.3377990722656,119026000
2023-12-15,455.7417439978948,456.91633245678577,453.74207009746453,455.58642578125,141553700
2023-12-18,457.1881393985243,459.12957270241793,456.13006180277284,458.1491394042969,70375300
2023-12-19,458.6926752884159,461.0127019870432,458.6150310014618,460.9350280761719,55761800
2023-12-20,460.08088857770923,461.9640813854923,454.12070331796554,454.5478210449219,102921000
2023-12-21,457.5279117747337,459.12961810798345,455.11083655200457,458.8578186035156,86667500
2023-12-22,459.98374941589714,461.45925759296136,457.8870276491879,459.7799072265625,67160400
2023-12-26,460.1876248035588,462.62410332069675,460.1099508863103,461.7213439941406,55387000
2023-12-27,461.5175089754055,462.7017844285322,460.98362668768385,462.5561828613281,68000300
2023-12-28,462.9153345190397,463.5656980482324,462.31349497002446,462.73089599609375,77158100
2023-12-29,462.5367960308314,463.0609913493408,459.4402073535901,461.391357421875,122283100
2024-01-02,458.33359292378987,459.79938459581,456.7124830275094,458.8092346191406,123623700
2024-01-03,456.6542157231931,457.3919698393569,454.4604162904711,455.062255859375,103585900
2024-01-04,454.5865557790852,457.1686653982138,453.3731600721968,453.596435546875,84232200
2024-01-05,453.80034274035296,456.66396886840727,452.7713854034213,454.2177734375,86118900
2024-01-08,454.71275316529835,460.8476889622242,454.5865552720958,460.70208740234375,74879100
2024-01-09,458.05205442710235,461.02244496424106,457.54729244084217,460.0032043457031,65931400
2024-01-10,460.275022232607,463.4686883884697,459.99350610212235,462.604736328125,67310600
2024-01-11,463.6045274671268,464.1190060691037,458.43062113494074,462.4008483886719,77940700
2024-01-12,463.84719564870727,464.58494971105563,461.31363965656635,462.7211608886719,58026400
2024-01-16,461.34278348918724,462.6532272077025,459.2071951071508,461.0224304199219,85014900
2024-01-17,458.0035093314712,458.9451056102245,456.11060012839494,458.4597473144531,68843900
2024-01-18,460.12938495584103,463.09005873569527,458.58594911701266,462.5367431640625,91856200
2024-01-19,463.6628015298727,468.58434205067863,462.5853202688259,468.3028259277344,110834500
2024-01-22,469.83656769535,471.0111265282756,468.6425755704272,469.29296875,75844900
2024-01-23,469.83653570981716,470.90430023582877,468.7493378931313,470.66162109375,49945300
2024-01-24,473.52526505734005,474.45714470411593,470.6810725123754,471.1761474609375,81765000
2024-01-25,473.30199623812143,474.0106300348732,471.1761540957068,473.73883056640625,72525000
2024-01-26,473.3117152908374,474.79691054106985,472.29247468488353,473.1369934082031,76641600
2024-01-29,473.4476261562877,477.0295728420406,472.9040272208165,476.8839416503906,61322800
2024-01-30,476.19475312019154,477.2237103899132,475.7579187820987,476.5151062011719,58618400
2024-01-31,474.3115894395865,474.7581108271003,468.72025176527393,468.73968505859375,126011100
2024-02-01,470.43839078044346,474.9036930669608,469.6326794127357,474.87457275390625,91891600
2024-02-02,475.31139921660196,481.5239798187347,474.971642466127,479.873779296875,99228200
2024-02-05,479.2428126687566,479.90289286822576,475.87442477356564,478.12646484375,75757100
2024-02-06,479.0680669349689,479.84465802363434,477.6411122849623,479.5146179199219,55918600
2024-02-07,481.756982255993,483.93137810723994,480.854193242822,483.51397705078125,70556500
2024-02-08,483.513949705615,484.1060726186496,482.69855130751233,483.7275085449219,52343600
2024-02-09,484.2322866772762,486.9599980744067,483.8925299274153,486.523193359375,63979400
2024-02-12,486.4941004077062,488.7558572787602,485.59131136468835,486.3096618652344,56502300
2024-02-13,480.04846760997253,482.5334996770295,476.35003982173856,479.61163330078125,113099200
2024-02-14,482.2423403647749,484.4555731763151,479.92231331563113,483.97021484375,68387800
2024-02-15,484.6690979139186,487.4938867654942,484.19342663721847,487.3094482421875,61683000
2024-02-16,487.0085316428908,488.14425347916483,484.1449058140717,484.8826599121094,75532900
2024-02-20,483.14507545774694,483.8148722929186,479.970842787005,482.21319580078125,71736700
2024-02-21,480.9124933217148,482.8053731626366,479.106944807319,482.6500549316406,59293400
2024-02-22,489.25091074641995,493.59970240133447,488.2898811137423,492.6387023925781,76402500
2024-02-23,494.3568862406584,495.191718012327,492.250447577862,492.9784851074219,61321800
2024-02-26,493.4152350521733,493.8520693709636,491.0466841824756,491.1728820800781,50386700
2024-02-27,491.86211180789684,492.30863314805396,489.9692025931845,492.0853576660156,48854500
2024-02-28,490.53217814092545,492.0173732682764,490.17301775947533,491.4349670410156,56506600
2024-02-29,493.19203416880555,494.8131144463538,490.5516835957709,493.20172119140625,83924800
2024-03-01,494.0753617325155,498.25911842016706,493.6676477127876,497.8320007324219,76844800
2024-03-04,497.03607301464484,499.1425115484434,497.00692307628157,497.2981262207031,49799300
2024-03-05,495.2984852488147,495.7450362651965,490.1245782125844,492.3280944824219,72855600
2024-03-06,495.59937641592427,497.07488469099843,493.53177482463775,494.82281494140625,68382400
2024-03-07,498.1135389799133,500.7830096761973,494.8810360564722,499.734619140625,58652100
2024-03-08,500.36560770630734,503.04473579557066,496.1623881738849,496.735107421875,86532500
2024-03-11,495.53145243574386,496.8904498381802,493.6094227797772,496.3080139160156,62557200
2024-03-12,498.41443934118087,502.2293483869414,495.9002573325016,501.6469421386719,73114400
2024-03-13,501.9672879725168,502.14200986510485,499.4240150117718,500.86065673828125,55104100
2024-03-14,501.83141302779165,501.9867608875834,496.83225728193105,499.87060546875,110171800
2024-03-15,496.80816405826874,498.2590460217431,494.77306623402836,496.4381408691406,107646300
2024-03-18,500.4985887866016,501.93969410963876,498.97956820958467,499.3885192871094,88893300
2024-03-19,498.6972103635703,502.44605736767124,497.6942371868493,502.1636962890625,60755300
2024-03-20,502.22210687375775,506.9446864437559,501.5502289693654,506.808349609375,69594600
2024-03-21,509.6418984195912,510.342957334889,508.200733818281,508.483154296875,60256100
2024-03-22,508.3954886770838,508.8823549532907,507.2854193036717,507.5191650390625,79070800
2024-03-25,506.1462770254766,507.26609347283284,505.9612654237029,506.1170959472656,48512100
2024-03-26,507.5386980888141,507.87954020766836,504.7830772199743,505.1822814941406,65463700
2024-03-27,508.00603133212223,509.4666301607913,505.84431416109436,509.4276428222656,82999800
2024-03-28,509.46672014586477,510.829910300913,509.04802220619024,509.33038330078125,96294900
2024-04-01,510.07042079723595,510.60596189996124,507.28550008559404,508.4442443847656,62477500
2024-04-02,504.62724203503336,505.3477947483364,502.9134629158643,505.2115173339844,74230300
2024-04-03,504.12083842082313,507.2660352902269,504.0721636747669,505.7664489746094,59155800
2024-04-04,509.7685979294163,510.10938062558256,499.29122383235546,499.59307861328125,96858100
2024-04-05,500.94653513579135,506.7694375345306,500.5083435441168,504.8122253417969,74546500
2024-04-08,505.5132702303462,506.51618383860915,504.28635772492515,505.0945129394531,48401800
2024-04-09,506.82779978442835,507.0712329255352,500.8393207404325,505.6788024902344,68049200
2024-04-10,499.9922752896709,502.60187193743167,498.638831930463,500.615478515625,82652800
2024-04-11,502.1344876196163,505.8346601112469,498.6290735605831,504.3935546875,70099000
2024-04-12,500.85886371567153,502.2707879594682,495.70780962230026,497.43133544921875,92561100
2024-04-15,501.59888962975333,501.7644075343254,490.3522600316743,491.1994323730469,92101400
2024-04-16,491.6766166443132,493.19563735543574,489.0183155418661,490.30364990234375,73484000
2024-04-17,492.7574157801548,492.9229634124424,486.00945537176443,487.4018859863281,75910300
2024-04-18,488.794360179131,490.8878795783521,485.46418121059236,486.3989562988281,74548100
2024-04-19,486.3210167619427,487.31421332567436,480.8875721611567,482.1534423828125,102212600
2024-04-22,484.7533503648902,489.18385210193054,482.41639776348796,486.5937194824219,67961000
2024-04-23,488.59951866571254,492.7963035867981,486.40862042410805,492.36785888671875,64633600
2024-04-24,493.2540640735244,494.0427852311199,489.9141678416356,492.13427734375,55928100
2024-04-25,486.0678327855915,491.02412816029823,484.42222231211605,490.2646179199219,69122400
2024-04-26,493.0495298783495,496.4868049205615,492.4166096033967,494.90936279296875,64306100
2024-04-29,496.69128964862307,497.33395677101214,493.9258924563797,496.6620788574219,46415400
2024-04-30,495.20149000874,496.1752226900087,488.7943420410156,488.7943420410156,77483600
2024-05-01,488.2100967940072,494.841213980312,486.7397509352648,487.2071533203125,80242800
2024-05-02,490.9073316662554,492.6016467604268,486.4281553313073,491.76422119140625,62550200
2024-05-03,497.73321224009646,499.08668524553275,495.20150126804214,497.85980224609375,72756700
2024-05-06,500.25510463599915,503.03996550471606,499.8169130959195,503.00103759765625,47264700
2024-05-07,503.9651034446084,504.9485829994704,502.8842743906612,503.55615234375,52561300
2024-05-08,501.72543965182825,504.14027734043043,501.6085965012132,503.604736328125,42047200
2024-05-09,503.78980752288453,506.54548758690595,503.13742328274043,506.5065002441406,43643700
2024-05-10,508.1034582569593,508.9116730396104,505.94180018838176,507.1589660644531,52233200
2024-05-13,508.8337028193061,508.9407991411694,506.08776976766853,507.2270202636719,36716400
2024-05-14,507.42184425163964,510.070428158798,506.8863031411852,509.5543212890625,57535900
2024-05-15,512.0178797101214,516.1562436643347,511.38492968552964,515.8641357421875,59504900
2024-05-16,515.9614786446474,517.558414507879,514.6566506998298,514.802734375,50244800
2024-05-17,514.9195214966393,515.6108930215729,513.4686694664939,515.542724609375,59187600
2024-05-20,515.6595992673854,517.5973177042522,515.2700824401487,516.13671875,37764200
2024-05-21,515.3772058901883,517.5583573493641,515.1727006539206,517.4025268554688,33437000
2024-05-22,516.7113097871478,517.4221156794935,513.7413773413039,515.912841796875,48390000
2024-05-23,518.9605990872589,519.0676954201629,510.93699174891134,512.1444702148438,57211200
2024-05-24,513.9848197975488,516.3412958961842,513.0403275362747,515.5330810546875,41291100
2024-05-28,516.3412489766735,516.5749353115505,513.2642204156563,515.893310546875,36269600
2024-05-29,511.871810616093,513.4589997088932,511.56995584928654,512.28076171875,45190300
2024-05-30,510.74230907986095,511.4044402025134,507.63609930287237,508.8824462890625,46377600
2024-05-31,509.8367770177735,513.6440460717812,504.7441141188356,513.5174560546875,90785800
2024-06-03,515.1240197883811,515.4063808363203,508.8726139393969,513.93603515625,46835700
2024-06-04,512.6312623824123,515.250605333056,511.17066354967966,514.5105590820312,34632700
2024-06-05,516.8279675613272,520.6449819475588,514.841515418931,520.62548828125,47610400
2024-06-06,520.9275684331457,521.3560132540258,518.6879948188819,520.615966796875,30808500
2024-06-07,519.6422511020912,522.7874486486729,518.5516750551577,519.9830932617188,43224500
2024-06-10,519.1747616812378,521.9109480214009,518.5807990347079,521.589599609375,35686100
2024-06-11,520.0414700499772,522.9042467845098,518.0745108271142,522.8458251953125,36383400
2024-06-12,527.4028194115604,529.8274041983666,526.1077383475028,527.139892578125,63251300
2024-06-13,528.8829186945259,529.0581834417079,525.4164327979901,528.2012939453125,44760900
2024-06-14,526.6725890295746,528.551886156822,525.6696157422205,528.522705078125,40089900
2024-06-17,527.8410888070123,534.1216772051151,527.3834034899254,532.7291870117188,55839500
2024-06-18,532.7875604635906,534.2092316077063,532.3688625324717,534.0826416015625,41376400
2024-06-20,535.0076850141029,535.669816103357,530.8595742964317,532.6317749023438,70328200
2024-06-21,531.8103437911085,533.031436553649,530.4622526113701,531.9177856445312,64338600
2024-06-24,531.7418545665156,534.3012597413704,530.0713785197397,530.1885986328125,45528700
2024-06-25,531.4096852385123,532.5917242597523,529.8955424418219,532.2302856445312,37936200
2024-06-26,531.1166134619692,533.6076301716555,530.4719028733521,532.89453125,38550600
2024-06-27,532.7578061070262,534.3110621107577,532.0153722749866,533.7346801757812,35041500
2024-06-28,534.5064116818106,537.5543137581463,530.3938098387125,531.6343994140625,76144500
2024-07-01,533.0117265646933,533.2559450469041,529.9736629556671,532.7284545898438,40297800
2024-07-02,531.126400132376,536.3135986328125,531.0775683576217,536.3135986328125,40434800
2024-07-03,536.0010708200014,539.068469909586,535.9620173191718,538.70703125,32789900
2024-07-05,539.0098526062544,542.213968717536,538.3748605783948,541.8134765625,41488400
2024-07-08,542.5949943367658,543.3862600338458,541.3739016175886,542.438720703125,36110500
2024-07-09,543.3959524424528,544.2946598471173,542.6730752067231,542.9661254882812,27289700
2024-07-10,544.1871530936876,548.6807492045888,543.8941028470899,548.3388671875,38701200
2024-07-11,548.4562180647349,549.3256503566656,542.9759684638211,543.6109008789062,53054200
2024-07-12,544.7342036963953,550.6345006536228,544.2653232987394,547.0396118164062,53084400
2024-07-15,549.0325043663784,551.7775178290722,546.6879829958002,548.5440673828125,40584300
2024-07-16,549.8530274778409,552.090047326324,549.1008154677004,551.7969970703125,36475300
2024-07-17,545.8772743812609,547.5477506768178,543.7379175635831,544.060302734375,57119000
2024-07-18,545.593898977862,546.580551242634,537.7007404833427,539.879150390625,56270400
2024-07-19,539.644738170822,541.2663824595259,535.2390267295067,536.2940673828125,65509100
2024-07-22,540.2113760766848,542.4288993582354,538.277184442637,541.8232421875,43346700
2024-07-23,541.7157018138391,543.8648365993427,540.484890622907,540.9733276367188,34439600
2024-07-24,536.1671163330532,536.4699449259502,527.7952979520205,528.7135620117188,74515300
2024-07-25,528.8307523766035,534.7994982405838,525.0209792890996,525.958740234375,61158300
2024-07-26,529.7392825093052,534.5357078065754,528.9675138593225,531.8493041992188,53763800
2024-07-29,533.3927971337158,534.3989464184045,530.1690650137424,532.1619262695312,39515800
2024-07-30,533.6272524601584,534.6822931769603,526.0662565076813,529.4657592773438,46853600
2024-07-31,536.2843251839307,540.6998152024645,534.9167372159726,538.072021484375,65663400
2024-08-01,539.7913062018092,542.0381046138815,526.9551667505608,530.452392578125,76428700
2024-08-02,523.3603002519518,524.5716145988897,516.3756265717791,520.5762329101562,82789100
2024-08-05,499.80785259777787,511.4717311244644,498.4695101090915,505.41510009765625,146267400
2024-08-06,507.2124748611044,517.4989864003181,505.8937188490462,510.07476806640625,84826300
2024-08-07,516.2486294067602,519.2965314666948,506.0696179320819,506.6654968261719,70698300
2024-08-08,511.79399346845105,519.0033278281719,509.7719169059722,518.378173828125,63276600
2024-08-09,517.5576103421191,522.1489300560904,516.3365178449808,520.6640625,45619600
2024-08-12,521.8559471668351,523.3407552909962,518.6713279832952,520.9376831054688,42542100
2024-08-13,524.122235093717,529.739260585726,523.8780165940644,529.5047607421875,52333100
2024-08-14,530.2961433616041,532.3573932676823,527.6292958362486,531.1753540039062,42446900
2024-08-15,536.7922766972661,540.5629961238054,536.1866195717042,540.2797241210938,60846800
2024-08-16,538.6679690791409,542.1847520674191,538.511695437375,541.4911499023438,44430700
2024-08-19,541.901367537868,546.6685180664062,541.0514918139045,546.6685180664062,39121800
2024-08-20,546.2191462607274,547.8700657821756,544.4412283435015,545.779541015625,33732300
2024-08-21,546.8247712917706,549.1106230342316,541.9012882335657,547.6550903320312,41514600
2024-08-22,549.5502804647684,550.1559376249218,542.1455582382872,543.3568725585938,56121500
2024-08-23,546.5903394303513,550.0680084955276,544.4020915801096,549.1301879882812,50639400
2024-08-26,550.1559715338451,550.8690705771505,546.1214765619129,547.8212280273438,35788600
2024-08-27,546.5512887213379,549.0618623501647,545.4083627021253,548.5734252929688,32693900
2024-08-28,548.2314695905903,548.661296528156,542.2041141850556,545.3887329101562,41066000
2024-08-29,547.3522554939839,550.6443160255352,544.294635177053,545.4375610351562,38715200
2024-08-30,547.8016709409602,551.1523417216108,544.2556134288437,550.6443481445312,62700100
2024-09-03,547.5084877669302,547.8406511283397,536.801987949737,539.3125610351562,60600100
2024-09-04,537.4761456891545,541.6083040829072,536.7532683896355,538.2088012695312,47224900
2024-09-05,538.1501466111926,540.9928237930679,534.4477558926965,536.8997192382812,44264300
2024-09-06,537.2221175565589,538.8437022454943,526.9649400293706,527.8636474609375,68493800
2024-09-09,532.054494369654,535.0437266855093,530.1300214174476,533.7737426757812,40445800
2024-09-10,535.6786451567546,536.4504138231891,530.8138314182086,536.0986938476562,36394600
2024-09-11,536.0107592184578,542.5167136236998,527.4728902611638,541.5984497070312,75248600
2024-09-12,542.1748597619055,546.4633510224045,539.9573366553728,546.1605224609375,51819600
2024-09-13,546.7662020730168,550.0094311099382,546.5122052774053,549.0130004882812,39310500
2024-09-16,548.7491943236346,550.0875069413107,546.9517795427174,549.8237915039062,36656100
2024-09-17,552.0314851715059,553.477299266029,547.8211605278194,550.0484619140625,49321000
2024-09-18,550.7030274298603,555.5385664291312,547.8603498689396,548.4171752929688,59044900
2024-09-19,557.8048475354702,559.6315971955383,554.9426137920285,557.7755126953125,75315500
2024-09-20,556.4096197933483,557.8500005367814,553.7933228326182,556.8113403320312,77503100
2024-09-23,557.8793836152081,558.8494456443765,556.6642942041962,558.2026977539062,44116900
2024-09-24,558.9964258828836,559.8587165873663,556.1743944512203,559.7999267578125,46805700
2024-09-25,559.6432009533316,560.378103761662,557.4580492681129,558.5653076171875,38428600
2024-09-26,562.817932214862,563.1413061737785,558.4281322177342,560.77978515625,48336000
2024-09-27,561.8478858705382,562.6611352170194,558.9376397719122,559.9664916992188,42100900
2024-09-30,558.9376557740085,562.8179640810873,556.6447925339722,562.21044921875,63557400
2024-10-01,561.857759819067,562.5044480240527,554.6066943100618,557.1739501953125,72668800
2024-10-02,556.282242548741,558.4281611024765,553.8913563966638,557.4090576171875,38097800
2024-10-03,555.9391917508498,558.3300776437013,554.1068390984451,556.3899536132812,40846500
2024-10-04,560.828843806913,561.8185225581165,556.6643942780399,561.4461669921875,42939100
2024-10-07,559.7999074826037,560.446655391967,555.2239297880301,556.370361328125,49964700
2024-10-08,558.9376197622599,562.230029540932,558.0655806170524,561.6322631835938,37398700
2024-10-09,561.6224751598685,566.0809331902332,561.0247685875196,565.5223999023438,37912200
2024-10-10,564.1799758679994,565.9535388259317,562.9257131010544,564.53271484375,44138100
2024-10-11,564.4543586951436,568.6482329129351,564.3171624790748,567.913330078125,42268000
2024-10-14,569.5202272995722,573.4887501402064,569.0401003876937,572.557861328125,36217200
2024-10-15,572.8224884018784,573.1262458468478,566.8942243784207,568.1093139648438,54203600
2024-10-16,568.1092586044506,571.0978512020905,567.305757742965,570.5784912109375,30725400
2024-10-17,574.1158386665669,574.3216329805343,570.4413246734956,570.6275024414062,34393700
2024-10-18,572.3128969974695,573.6063330690159,570.8528997080355,572.8224487304688,37416800
2024-10-21,572.0973176864316,573.0771881011084,568.912738838732,571.8817749023438,36439000
2024-10-22,569.3536172092114,572.7341816541917,568.6971208640092,571.5779418945312,34183800
2024-10-23,569.5593582450659,570.0003117934486,562.8570198066266,566.3551635742188,49314600
2024-10-24,568.3052337104026,568.3836400907534,564.9639018539431,567.5801391601562,34979900
2024-10-25,569.8044663478088,572.6950960929863,566.4435179318251,567.3841552734375,47268200
2024-10-28,570.8528344834444,570.9802224021391,568.834304134212,569.1380615234375,30174700
2024-10-29,568.1778707648036,571.1762720247682,566.7864714367279,570.0592651367188,42899700
2024-10-30,569.588797638648,571.5779630983764,567.6290569957021,568.3345947265625,41435800
2024-10-31,563.9742291931302,564.0428273008541,556.9975564307639,557.1935424804688,60182500
2024-11-01,559.8195584319851,563.9643910438907,559.1336371976272,559.545166015625,45667500
2024-11-04,559.6823835212687,560.9758196621659,556.4586313456186,558.3399658203125,38217000
2024-11-05,559.251198693126,565.1304208425688,559.0356559214524,565.0912475585938,39478300
2024-11-06,577.3396500855225,580.0146771322202,573.6063462638446,579.142578125,68182000
2024-11-07,581.1415644099445,584.639708979933,581.063158030651,583.62060546875,47233200
2024-11-08,584.1693242787533,587.5695056932594,584.1693242787533,586.148681640625,46444900
2024-11-11,587.7359440369437,588.0886829564369,584.9825111589258,586.7070922851562,37586800
2024-11-12,586.6287817012992,587.2264882691159,582.4055428293386,584.8846435546875,43006100
2024-11-13,585.3451316888757,587.1676761411395,582.9836705187753,585.1687622070312,47388600
2024-11-14,585.2962448517161,585.7763718199695,580.7202664359244,581.4061279296875,38904100
2024-11-15,577.8491019104924,578.3194803370213,572.1070761341368,573.9590454101562,75988800
2024-11-18,574.419710212039,577.6239061886371,573.5574791123935,576.3109130859375,37001700
2024-11-19,572.9399175544836,579.1424527664861,572.2736130052895,578.4173583984375,49412000
2024-11-20,578.495884693383,578.8976052377521,572.8616299600318,578.6134643554688,50032600
2024-11-21,581.4550801704302,583.1404284379229,575.6248397212988,581.7196044921875,46750300
2024-11-22,581.7097870344509,584.1497143652956,581.2101034094488,583.5225830078125,38226400
2024-11-25,587.451946771504,588.7649396726674,583.2188992835091,585.5020141601562,42441400
2024-11-26,586.746407902425,589.2255088244219,586.0311216188419,588.5592041015625,45621300
2024-11-27,588.3729502321648,588.7550542016285,585.256969810655,586.7757568359375,34000200
2024-11-29,587.5890586237147,591.2047827973582,587.3147260107087,590.4208984375,30177400
2024-12-02,590.8324390421951,592.1552999944694,590.3425038316959,591.4791870117188,31746000
2024-12-03,591.2439870884159,591.9984465923378,590.2151351783115,591.7534790039062,26906600
2024-12-04,593.4388120135218,595.6728850379003,592.772507434092,595.4279174804688,42787600
2024-12-05,595.4279904670244,596.2314913306755,594.0953811448159,594.4481201171875,28762200
2024-12-06,595.212525949607,596.8097196143469,594.8009970944031,595.5750732421875,31241500
2024-12-09,595.4574149257465,595.6239761392873,591.9200973185369,592.5079956054688,34742700
2024-12-10,593.1841677805376,593.605504896008,590.0093971009587,590.6658935546875,37234500
2024-12-11,593.5858806768452,596.1825011825678,593.3114882757061,595.2320556640625,28677700
2024-12-12,594.3698085144841,594.9380902901107,592.1651000976562,592.1651000976562,31543800
2024-12-13,594.1934038090473,594.9086900260288,590.6756429397628,592.0474853515625,35904700
2024-12-16,593.8014244521054,595.54562235978,593.0273484159295,594.5755004882812,43695200
2024-12-17,592.0279524011855,592.9882063411098,590.7541327283874,592.1259155273438,55773500
2024-12-18,591.8220501813851,594.2031278558312,574.0962297805506,574.4783935546875,108248700
2024-12-19,579.456068103567,581.0630696987981,574.0569733506421,574.3019409179688,85919500
2024-12-20,571.9778879961826,585.722562754752,571.1323175828937,581.2000122070312,125716700
2024-12-23,580.9443313472664,585.2800771480029,577.7686569320756,584.6803588867188,57635800
2024-12-24,586.0273454449668,591.2185033240278,585.4472496940897,591.1791381835938,33160100
2024-12-26,589.4094496188982,592.3392722176656,588.0133673077331,591.218505859375,41219100
2024-12-27,587.4823184826345,587.7183292627742,580.8164691334702,584.9949340820312,64969300
2024-12-30,577.9947505411832,581.7799239969942,574.5732845002501,578.3191528320312,56578800
2024-12-31,579.9807622286955,580.6985158642835,574.583178079053,576.2152709960938,57052700
2025-01-02,579.4695486945864,581.180251846637,570.7291685588775,574.7994995117188,50204000
2025-01-03,577.6408633877121,582.6254735449975,576.5593423217554,581.9864501953125,37888500
2025-01-06,586.2337670283534,589.6060270134918,583.608664526265,585.3390502929688,47679400
2025-01-07,587.3643786767495,587.6888410122485,576.903513754268,578.7223510742188,60393100
2025-01-08,578.7911897402016,580.6395509433228,575.350100693004,579.56787109375,47304700
2025-01-10,576.0185903209236,576.0874192959229,568.8119506064235,570.7192993164062,73105000
2025-01-13,566.0788468496604,571.9581742427216,565.6658729466735,571.604248046875,47910100
2025-01-14,574.5242054496483,575.1534475548353,568.6153544470202,572.3907470703125,48420600
2025-01-15,580.3937160773642,583.9429389739179,579.2827311805529,582.802490234375,56900200
2025-01-16,584.1690862304802,584.34604932179,580.9836305712422,581.6817016601562,43319700
2025-01-17,586.9121689712896,589.2717368825727,585.5848557638515,587.521728515625,58070600
2025-01-21,590.5597127423754,592.9094994878243,588.5933760531964,592.899658203125,42532900
2025-01-22,595.7213382459036,597.5893820777127,595.1707663809229,596.2326049804688,48196000
2025-01-23,595.6032899728609,599.48681640625,595.3280340779654,599.48681640625,41152100
2025-01-24,599.5458113037603,600.4995156835615,596.5864653530726,597.7367553710938,34604700
2025-01-27,584.7983708814467,589.5962372876534,584.6312490621345,589.2816162109375,70361100
2025-01-28,590.5104687195756,595.1805175844501,587.1971967465958,594.3448486328125,44433300
2025-01-29,593.5583671362218,593.9614997638901,589.1341095636221,591.6805419921875,37177400
2025-01-30,593.7943615542468,596.3898803192325,590.6088457833347,594.8561401367188,39281300
2025-01-31,597.2747575383468,599.6933732210748,590.9333098394596,591.6903686523438,66566900
2025-02-03,582.6943020815504,590.1860392450765,580.5510025263411,587.70849609375,65857200
2025-02-04,587.7674745011321,592.1622076462813,587.2267439810199,591.6510009765625,33457800
2025-02-05,590.5302274178379,594.1974260072697,588.5049031019603,594.0499267578125,30653100
2025-02-06,595.7902226770135,596.2425017541303,592.4867911796968,596.1146850585938,35771500
2025-02-07,596.6750666805723,597.8941858585465,589.9501686239648,590.6580810546875,50788500
2025-02-10,593.8631663388722,595.3083949100401,592.5948408497425,594.6693115234375,26048700
2025-02-11,592.4080280097315,595.662312577201,592.2900526181724,595.12158203125,30056700
2025-02-12,589.1145136580423,594.3744405625547,588.4361250659014,593.2044677734375,45076100
2025-02-13,594.3055297285264,599.6736500230521,593.0471055616473,599.4671630859375,40921300
2025-02-14,599.6736338799176,600.7059485220444,598.8182823186273,599.4376831054688,26910400
2025-02-18,600.5977915687461,601.197509765625,598.1398710820379,601.197509765625,26749000
2025-02-19,599.8112758662747,602.9082197102092,599.3000091966954,602.61328125,31011100
2025-02-20,601.2467721645895,601.3844301402796,596.8028918726411,600.1063232421875,36554000
2025-02-21,599.8899309928074,600.0275889538111,589.3798596850504,589.8419799804688,76519800
2025-02-24,591.8869960824046,592.8800056614799,586.4500466079941,587.157958984375,50737200
2025-02-25,587.098968367302,587.8265033006376,579.6366946428752,584.2379150390625,58266500
2025-02-26,585.8994552001853,589.488043359785,581.8979531727184,584.5328369140625,43321600
2025-02-27,586.8039490929929,587.9542991571739,574.809344386224,575.2025756835938,74196700
2025-02-28,575.7039886670112,584.70978328648,572.636508577737,584.1788940429688,88744100
2025-03-03,586.1451821704109,587.2856908321073,570.1392358459373,573.944091796875,74249200
2025-03-04,569.9525786591505,575.5369680083471,562.6181207422406,567.1505126953125,109648200
2025-03-05,566.9833166199888,575.035467216836,563.434093538414,573.24609375,71230500
2025-03-06,565.7937090893346,570.4047711019521,560.523941077153,563.0703735351562,80094900
2025-03-07,561.2908538818324,567.6716070865215,556.1095373006934,566.226318359375,81158800
2025-03-10,558.0365509948175,559.9536812738498,546.2385307775894,551.14453125,99326600
2025-03-11,549.9843324603625,554.5265648872522,542.7285461144836,546.5628662109375,88102100
2025-03-12,552.7077615834074,553.6319422779778,544.3705127696392,549.4633178710938,69588200
2025-03-13,549.0896174558009,549.6991769603108,540.4279077137791,542.1386108398438,74079400
2025-03-14,546.7497351697265,554.3398260143258,542.2075022062043,553.3369750976562,62660300
2025-03-17,553.3173439083719,560.1209127085318,552.8847473951123,557.60400390625,49008700
2025-03-18,555.2934937414076,555.5098219909205,549.6501167935029,551.5771484375,66041400
2025-03-19,553.3566775077279,561.3399999727566,552.1768634471969,557.5842895507812,66556000
2025-03-20,553.848245552193,560.966374832501,553.1304918485869,555.9718627929688,62958200
2025-03-21,551.5205297947124,557.0526817242638,550.2878724028328,556.1552734375,83763000
2025-03-24,562.880651498493,567.1703352751009,562.2890000340255,566.1151733398438,58766800
2025-03-25,567.3181993393742,568.4127846067184,565.73055113845,567.4760131835938,38355700
2025-03-26,567.2097001365158,568.3338979913931,559.3206937528307,560.7012939453125,51848300
2025-03-27,559.3108687859911,562.9792883535321,557.101956447335,559.2122802734375,42164200
2025-03-28,557.6838635858104,558.413587192946,547.3689639965595,547.9507446289062,71662700
2025-03-31,542.201606334121,552.93066066187,539.2826520783074,551.6289672851562,95328200
2025-04-01,549.715889513425,555.1297110203275,545.9981756472096,553.18701171875,54609600
2025-04-02,547.3492217360947,559.547595484726,547.1125611273237,556.6878662109375,76014500
2025-04-03,537.5470765410741,540.3673821784607,529.2537841796875,529.2537841796875,125986000
2025-04-04,516.404523136506,518.5740121118964,498.05273494035157,498.2696838378906,217965100
2025-04-07,482.40291724281104,515.9114550791749,475.115432610906,497.3821716308594,256611400
2025-04-08,514.6196789750944,517.6963871548359,482.37337814369187,489.5918273925781,165816600
2025-04-09,486.59399925019795,541.0084228515625,486.20939567811143,541.0084228515625,241867300
2025-04-10,524.7866027854379,526.0981670837639,502.25365007002944,517.3019409179688,162331200
2025-04-11,515.7536950429114,528.9874872153164,512.8544826104954,526.5320434570312,97866300
2025-04-14,536.5017912856171,536.7286411738348,526.453165817952,531.6401977539062,68034000
2025-04-15,532.1824786951643,535.6930840370895,529.3621734315309,530.1510620117188,56892900
2025-04-16,524.3033791384568,530.4272422697393,513.0713913810127,518.3668823242188,83484800
2025-04-17,520.3194821276195,523.800475242003,516.6411916080497,519.1065063476562,79868100
2025-04-21,513.9293002870572,514.4618467446136,501.40552056556845,506.7503356933594,69368100
2025-04-22,512.9235950678715,521.956482797522,511.9867633247528,519.9349365234375,75948100
2025-04-23,532.9319549297188,537.8625838932508,526.4728430251603,527.991455078125,90590700
2025-04-24,529.2735171048926,539.8349482182391,528.0211780146883,539.105224609375,64150400
2025-04-25,539.0657336001437,543.4046513367819,536.1467793425768,543.0003662109375,61119600
2025-04-28,543.7400050325934,545.8700106135369,537.4583875113086,543.2074584960938,47613800
2025-04-29,541.294298062473,547.7435994540236,540.9393072120234,546.6292724609375,47775100
2025-04-30,539.9729835885655,548.7988227140515,534.0069337400583,546.8462524414062,93101500
2025-05-01,552.5954041380958,556.2440822591161,550.1202183270924,550.7217407226562,63186100
2025-05-02,556.8948640346016,560.4942476694231,554.5774922291787,558.896728515625,60717300
2025-05-05,554.7648117792631,558.7882219920989,553.9068871278389,555.6917724609375,38659200
2025-05-06,550.1891944565425,555.533979770925,549.2326812616892,551.047119140625,48264700
2025-05-07,552.3784371058738,555.9975022415719,548.3254139860352,553.3645629882812,55588000
2025-05-08,557.3977713110521,562.3974366423718,553.9069074354913,557.2202758789062,65130800
2025-05-09,558.6205173502777,559.6263849147109,554.9521583078488,556.51025390625,37603400
2025-05-12,573.4026196086874,574.9114211824733,569.0340889310521,574.9015502929688,78993600
2025-05-13,575.3157161654024,580.907093658496,574.7536773375426,578.6981811523438,67947200
2025-05-14,579.6546629482465,580.8084133986617,577.4161378946785,579.437744140625,66283500
2025-05-15,577.4358426248243,582.770756919371,576.9822030720642,582.2678833007812,71268100
2025-05-16,583.0468496173695,586.251758304484,581.104210780506,585.9559326171875,76052100
2025-05-19,579.9405744991373,587.2773530559552,579.9405744991373,586.596923828125,68168500
2025-05-20,584.8614766498325,585.8081190582527,581.4198464644389,584.624755859375,60614500
2025-05-21,580.2759763071138,584.3585523251965,573.7478271095126,574.7733764648438,95197700
2025-05-22,574.5760350084579,578.4811148637216,573.3433777523152,575.0001220703125,70860400
2025-05-23,567.988738706783,573.7378691727489,567.6140060747297,571.0753173828125,76029000
2025-05-27,577.938827709351,583.1061179228353,570.4048112020747,582.9483642578125,72588500
2025-05-28,583.3526850377893,584.5459191469531,578.8460820656009,579.5758056640625,68445500
2025-05-29,584.8317737253767,584.9698457847473,577.9387639052553,581.863525390625,69973300
2025-05-30,580.7591899526665,582.928679235147,575.1481304892388,581.2128295898438,90601200
2025-06-02,579.6053591727813,584.5655410710423,576.9428072484826,584.4866943359375,61630500
2025-06-03,584.1218520308094,588.7960792462304,583.6385997733717,587.81982421875,63606200
2025-06-04,588.6776647088699,589.6539195966438,587.2280285207049,587.6619262695312,57314200
2025-06-05,589.3383724752952,590.6893600195378,582.8496477946317,584.8218994140625,92278700
2025-06-06,590.3540722792903,592.4940086999786,588.5790577947733,590.8274536132812,66588700
2025-06-09,591.3993476813894,592.9081490758875,590.1864321834666,591.3599243164062,53016400
2025-06-10,591.8924030034493,595.0973118762876,590.7781362147839,594.7127685546875,66247000
2025-06-11,595.8074157747775,596.6653405011278,590.9556931519085,593.0166625976562,73658200
2025-06-12,591.6853731206485,595.3734741210938,591.2021810906274,595.3734741210938,64129000
2025-06-13,590.1963519379123,593.499849631983,587.218232455665,588.7171630859375,89506000
2025-06-16,592.0699627819344,596.0637602908375,591.892407169678,594.3182983398438,79984100
2025-06-17,591.8826784891205,593.401290785268,588.480531921813,589.2398681640625,82209400
2025-06-18,590.1371879149127,592.8785866278505,588.1944885876793,589.1510620117188,76605000
2025-06-20,591.8224395288368,592.8906208578056,586.3629131433069,587.7673950195312,94051400
2025-06-23,588.5190130228361,593.9587392448562,585.4035696790836,593.5730590820312,87426000
2025-06-24,597.7072083922786,601.1885919192599,596.7972471416377,600.13037109375,67735300
2025-06-25,601.247995602986,601.940336500435,598.903972841808,600.4666748046875,62114800
2025-06-26,602.3161684365299,605.5997923429508,601.7029677445283,605.1646118164062,78548400
2025-06-27,606.1635425121184,609.6350865938839,604.1360202356653,608.1712646484375,86258400
2025-06-30,610.6142811588834,612.4340832221852,608.2998981128763,611.0791015625,92502500
2025-07-01,609.6053849111585,612.0483479268365,608.7746241554748,610.8812866210938,70030100
2025-07-02,610.4757300098587,613.6901136433279,609.8526292762224,613.6505737304688,66510400
2025-07-03,615.628656191773,619.4167005776212,615.6088560521965,618.4869995117188,51065800
2025-07-07,616.5286747873084,617.1913758193931,611.0988485499288,613.8780517578125,74814500
2025-07-08,614.5406899285775,615.2923708557059,612.7307881009865,613.5418090820312,59024600
2025-07-09,615.945166968477,617.8737488887257,614.1055045789822,617.2210083007812,66113300
2025-07-10,617.3594891460615,620.0002120765442,616.1825277796053,618.9617309570312,57529000
2025-07-11,615.9154666088177,618.0122289852302,614.7187654701638,616.7858276367188,63670200
2025-07-14,616.3307657158283,618.3088477245484,614.985684437804,617.9627075195312,51898500
2025-07-15,620.6431287961128,620.9793689858044,615.242942324076,615.3220825195312,74317300
2025-07-16,616.9044910111767,617.8836320494379,611.276844692317,617.3792114257812,88987500
2025-07-17,617.5573456006476,621.5135103761386,617.3397251475282,621.1574096679688,68885700
2025-07-18,622.4035753929759,622.5716954836944,619.5947323692288,620.7024536132812,65621600
2025-07-21,621.87939453125,624.6189973413707,621.4541141003111,621.87939453125,63375000
2025-07-22,622.2057439990875,622.8288447335428,619.3276609031153,621.9683837890625,60046300
2025-07-23,624.6289433239532,627.2598266601562,622.8288811376781,627.2598266601562,70511000
2025-07-24,627.6454884244192,629.1785504969665,627.0421878119985,627.4674682617188,71307100
2025-07-25,628.1301809903662,630.5928838363332,627.8829206987424,630.1181030273438,56865400
2025-07-28,630.4939604147171,631.0478210681617,628.5752180855901,629.9598999023438,54917100
2025-07-29,631.3543207675477,631.6708211428117,627.3883169234746,628.2982177734375,60556300
2025-07-30,628.9510415464463,630.6917636576716,624.6190364089183,627.507080078125,80418900
2025-07-31,632.4523273568442,632.8380075585872,623.857556644127,625.1531982421875,103385200
2025-08-01,619.436379958757,619.475980234049,612.5031927364548,614.9065551757812,140103600
2025-08-04,618.813325728958,624.3024917393647,618.7243458354196,624.2530517578125,73218000
2025-08-05,624.8662177521945,625.6772386500149,620.168272806011,621.0880737304688,68051400
2025-08-06,622.1562946160922,626.4981995520814,621.2463937026511,625.845458984375,64357500
2025-08-07,629.2674923107387,629.9993730574174,622.2156245224251,625.3212280273438,74205800
2025-08-08,627.1114011688534,630.6620853000642,626.7949007710238,630.1972045898438,64051600
2025-08-11,630.4742118551501,631.947873553624,627.70484826023,628.9510498046875,58742300
2025-08-12,631.2951060550639,635.8051316570012,629.8115442075018,635.6469116210938,64730800
2025-08-13,637.8424936799373,639.10849531226,635.6369512596368,637.82275390625,60092800
2025-08-14,635.7457174616427,638.5447207235369,635.300697252298,637.882080078125,59327500
2025-08-15,638.9107148606824,639.0096552004113,635.4787708739423,636.388671875,68592500
2025-08-18,635.814941575414,636.942462907598,635.1424008771667,636.2501220703125,43804900
2025-08-19,636.0721245937336,637.0512656505922,631.4829592777961,632.7984008789062,69750700
2025-08-20,632.3929060531275,632.6500060324975,626.013578858981,631.1170043945312,88890300
2025-08-21,629.3071240874224,630.9785456585483,626.864161086776,628.5850830078125,54805800
2025-08-22,630.7709706915778,639.41518174206,630.2665499847296,638.2382202148438,84083200
2025-08-25,636.9820009718095,638.2183023325629,635.3105191174199,635.42919921875,51274300
2025-08-26,635.1622594491828,638.4359833484747,634.5391586749303,638.0897827148438,51581600
2025-08-27,637.5062179210042,640.2755208793137,637.3578376120881,639.5436401367188,48341100
2025-08-28,640.146950913372,642.3623933153343,638.267809046051,641.8085327148438,61519500
2025-08-29,640.374419619015,640.7404203673219,636.0919150690585,637.98095703125,74522200
2025-09-02,630.5136938017484,633.4709169972102,627.9619508913343,633.2533569335938,81983500
2025-09-03,635.6270215222661,637.1501834379544,633.4412793439511,636.685302734375,70820900
2025-09-04,637.3578424589464,642.0360478647699,636.4578416280056,642.00634765625,65219200
2025-09-05,644.3404973975818,645.0625384730564,636.2798483910566,640.14697265625,85178900
2025-09-08,641.5118230975241,642.718484610511,640.1370415028089,641.7195434570312,63133100
2025-09-09,641.8579832056892,643.7272854003053,640.1271612550325,643.203125,66133900
2025-09-10,646.4570825189741,647.3768835600082,643.4998590892842,645.0625610351562,78034500
2025-09-11,647.0109525903231,651.1154976382888,646.4274520986086,650.4231567382812,69934400
2025-09-12,650.3934256012134,651.8868873722256,649.7011451004063,650.2055053710938,72780100
2025-09-15,652.4110731340584,653.7956944276398,652.114372883025,653.6671142578125,63772400
2025-09-16,654.2210123755038,654.5276730798186,651.9858301119879,652.7671508789062,61169000
2025-09-17,652.7770978636573,654.4683196962441,647.1296508296768,651.9561767578125,101952200
2025-09-18,654.6364399867887,657.603563340362,653.0341982051615,655.0023803710938,90459200
2025-09-19,656.8877828567474,659.0895125014193,654.9438659954435,658.2465209960938,97945600
2025-09-22,656.7588293222589,661.8069717744121,656.7290467709187,661.3607177734375,69452200
2025-09-23,661.2417286303936,661.8566899635472,656.540685502851,657.7606201171875,81708900
2025-09-24,659.0498612769777,659.1490153831234,654.2496039734066,655.6678466796875,68082200
2025-09-25,652.5338627083877,653.9917550046746,649.0328388399253,652.6429443359375,89622100
2025-09-26,654.0910020825955,656.9274877414105,652.4743904900326,656.3820190429688,69179200
2025-09-29,658.9010899003678,659.8135740530697,656.4216318338509,658.2266845703125,73499000
2025-09-30,657.4828203674869,661.1722852976668,656.173659297658,660.7061157226562,86288000
2025-10-01,657.7208749627936,663.8699431635192,657.611793334362,662.95751953125,72545400
2025-10-02,664.9410037342527,665.0600128657511,661.3011766397112,663.7210693359375,56896000
2025-10-03,664.4848020775174,667.1527012490268,662.6698219114437,663.7112426757812,70494400
2025-10-06,666.1014192164715,666.9841207809839,663.9591941673339,666.0914916992188,54623300
2025-10-07,667.0138297258598,667.4601442579947,662.1838505424819,663.6219482421875,72020100
2025-10-08,664.7426772273783,667.6783772359653,663.919480237528,667.5791625976562,60702200
2025-10-09,667.9957845708525,668.4023890582872,663.7112737749407,665.6452026367188,66501900
2025-10-10,666.6071968358344,668.4122493878771,647.4757221413303,647.6542358398438,159422600
2025-10-13,655.2216030747315,659.664772492732,654.3488290056752,657.5919189453125,79560500
2025-10-14,651.7701536094826,660.3590300864076,647.8030207789583,656.78857421875,88779600
2025-10-15,661.3409343998026,664.7228887516702,653.5157497881946,659.7044677734375,81702600
2025-10-16,661.3408828539109,663.215367636124,651.7106461582608,655.211669921875,110563300
2025-10-17,654.0810128478913,660.2895852935891,652.7322022395391,658.9308471679688,96500900
2025-10-20,661.8367798071084,666.6866142382812,661.7872027532737,665.7840576171875,60493400
2025-10-21,665.9228395283285,667.4600912091562,664.4748144266518,665.7740478515625,56249000
2025-10-22,666.4783066993808,666.4783066993808,657.8497808005621,662.3128051757812,80564000
2025-10-23,662.6301900162397,667.1825015615415,662.3128121266341,666.2402954101562,65604500
2025-10-24,670.9016937183009,672.8951271271609,670.0983517375236,671.6851806640625,74356500
2025-10-27,677.1201116013259,679.9070199177999,676.5151383891614,679.6094970703125,63339800
2025-10-28,681.4046232640447,683.2493254549719,679.2028936555786,681.41455078125,61738100
2025-10-29,683.0608492697363,684.0328379014793,677.2589421639235,681.7418212890625,85657100
2025-10-30,678.2805222142791,680.303738053287,674.2439575195312,674.2439575195312,76335800
2025-10-31,679.4111219213156,679.4508319897004,673.6587916341136,676.4556274414062,87164100
2025-11-03,680.0359699637585,680.1649066224819,674.3530715971103,677.7251586914062,57315000
2025-11-04,670.5545580097922,674.3729598389511,669.0371611161902,669.6917114257812,78427000
2025-11-05,669.4337786331213,675.2654684624238,668.6304366940664,672.012451171875,74402400
2025-11-06,670.9115428502156,671.8140994484131,663.2252231578799,664.8021850585938,85035300
2025-11-07,662.4218719882706,665.5658682287408,655.7769731606511,665.4567260742188,100592400
2025-11-10,671.6752576501947,676.57466917413,669.4834554774103,675.8407592773438,75842900
2025-11-11,674.3629519753922,677.9532020666294,673.1529450781785,677.3878784179688,58953400
2025-11-12,679.1631581075335,679.3318048264125,675.3547447293747,677.7647705078125,62312500
2025-11-13,674.9084518036677,675.2654792192372,665.010475070097,666.5179443359375,103457800
2025-11-14,659.9127671356764,670.1082678298286,657.8201189320223,666.408935546875,96846700
2025-11-17,664.1972328051172,668.1742931923078,656.7290761218832,660.2003173828125,90456100
2025-11-18,656.6596720569411,659.6548768721069,650.4709542015795,654.6563110351562,114467500
2025-11-19,655.3505889035424,661.8566848395906,653.3372397764296,657.1853637695312,94703000
2025-11-20,667.3808213360044,670.0090710879778,646.5335791707308,647.1683349609375,165293500
2025-11-21,649.667590792559,659.0895314498267,645.5020891320908,653.6149291992188,123956200
2025-11-24,657.2447591605586,664.5541959227929,656.1538219404428,663.235107421875,80437900
2025-11-25,663.135941149376,670.6536740212097,659.020017057554,669.4734497070312,81077100
2025-11-26,672.0620713400136,676.0986363282427,671.1595147067713,674.09521484375,71879600
2025-11-28,675.2654787466182,678.0523870500939,674.9084513312986,677.7747192382812,49212000
2025-12-01,673.2323336611282,677.3779800628074,673.1629015749381,674.6803588867188,61201200
2025-12-02,676.316803165018,678.2012155152329,673.7481184984898,675.9300537109375,62953800
2025-12-03,674.9779023816353,679.2822075879724,674.105128319461,678.2706298828125,57238500
2025-12-04,679.6689755171525,679.7384076011712,675.7415530139849,678.7664794921875,61970300
2025-12-05,679.8375623637357,682.7336127271673,678.9549213715281,680.0557861328125,79241000
2025-12-08,680.9484564225444,680.9980334759979,675.9696853695019,678.0127563476562,55231500
2025-12-09,677.5366323782647,679.7582167824522,676.9812362772177,677.427490234375,58310100
2025-12-10,676.9515664343469,683.3088703732143,675.711837383319,681.92041015625,85671300
2025-12-11,679.51034738166,683.5865617528303,676.5647198382891,683.5072021484375,86173700
2025-12-12,682.5153843270051,683.2195721462687,673.5893360954813,676.1580810546875,113160300
2025-12-15,680.1053789946951,680.1252340287925,673.6687159286942,675.1365356445312,90811000
2025-12-16,673.6488975485244,675.4837328267965,669.4338188610296,673.2918701171875,122030600
2025-12-17,674.3034691132465,674.8489377460819,665.6848710067972,665.8832397460938,110625200
2025-12-18,672.0322187932205,675.1464323222394,669.3544527925658,670.9114990234375,108650100
2025-12-19,673.0134542661981,677.4896664833268,672.8940327515619,676.9923095703125,103599500
2025-12-22,680.3245900087294,681.7370666700199,676.9923229108747,681.2098999023438,69556700
2025-12-23,680.3046207584179,684.562024812114,680.2548972126992,684.3233032226562,64840000
2025-12-24,684.313382495532,687.1781631452748,684.164151137988,686.7305297851562,39445600
2025-12-26,686.989161229118,688.0037280321676,685.6264081645946,686.660888671875,41613300
2025-12-29,683.9055083361335,685.5567672531378,682.4433081832867,684.2138671875,62559500
2025-12-30,683.8160334465714,684.9201512250444,682.9506372729019,683.3783569335938,47160700
2025-12-31,683.5076844111845,683.726492314561,678.1063955310838,678.3152465820312,74144800
2026-01-02,682.0852055985325,683.2390468658663,676.2263268834449,679.55859375,89377200
2026-01-05,682.910778712987,685.7855161168121,682.7516512212146,684.0845336914062,71927200
2026-01-06,684.2934596862484,688.6602678554459,684.1442890432024,688.1529541015625,69273800
2026-01-07,688.5309418430683,690.2916046822218,685.6761181181482,685.9347534179688,75588300
2026-01-08,685.1787573638412,686.9692300361542,683.8557710289468,685.8651123046875,64019200
2026-01-09,686.9791831428475,691.6344363504869,685.5368360184962,690.4010009765625,80125500
2026-01-12,687.0289310253164,692.410366767912,686.979207477028,691.4852294921875,63976000
2026-01-13,691.813478661017,692.4103433578374,687.6953490317495,690.1026000976562,78309700
2026-01-14,687.3472637531122,688.0634285762314,682.4134612479594,686.7106323242188,94676700
2026-01-15,690.8983886882239,691.7737417111902,687.5959315038539,688.5806884765625,77862000
2026-01-16,689.9931507530615,690.5800586110835,686.4519720383781,688.0037231445312,79289200
2026-01-20,677.8874730475171,681.1501633341576,672.9934983300664,673.9981689453125,111623300
2026-01-21,676.0572511802958,685.0991655259935,674.5452667925615,681.77685546875,127844500
2026-01-22,686.2033478813381,687.476610793547,683.2888434897402,685.3379516601562,77112200
2026-01-23,684.5123006998919,687.3074439470811,683.5274830754288,685.5865478515625,63059600
2026-01-26,686.8399050563427,690.4606777697717,686.272910918868,689.0680541992188,60473800
2026-01-27,690.5104039402848,692.8480177488461,689.9036431059924,691.8134765625,55506100
2026-01-28,693.3652237572153,694.1510864943795,690.271678492269,691.7438354492188,61172200
2026-01-29,692.7087686795362,693.375209936545,681.2098793986574,690.3711547851562,97486200
2026-01-30,688.1330315570439,690.5402826440542,683.487735152998,688.3120727539062,101835100
2026-02-02,685.9348095869553,693.2459322689688,685.7756213682558,691.7339477539062,79286500
2026-02-03,692.529690413304,693.2757257351432,680.4140840721383,685.885009765625,107904600
2026-02-04,686.7006659106327,687.7948875474046,678.1561081391175,682.5626831054688,105204600
2026-02-05,677.3404209861714,680.0758839506523,672.2176206040476,674.0379638671875,113610800
2026-02-06,677.8576866055596,688.6503070282812,677.2508650473027,686.96923828125,89127600
2026-02-09,685.7755944360715,692.1915108078678,684.7013472083629,690.2816772460938,73885200
2026-02-10,691.276360737094,692.8579216647231,688.0037135108784,688.4613037109375,65185700
2026-02-11,692.7087599208829,693.4547952732178,685.5368515439336,688.3021850585938,76353900
2026-02-12,690.5701102294341,691.6742279947084,676.7734344520502,677.668701171875,118829000
2026-02-13,678.0864377658819,682.6522007204912,673.9384983110481,678.1461181640625,96267500
2026-02-17,676.5446598627462,681.31927396984,672.2077222570326,679.2402954101562,81354700
2026-02-18,680.4041503420104,685.507036973797,679.2204384959671,682.662109375,73570300
2026-02-19,680.225062656192,682.5526587813481,677.9471293624403,680.8616333007812,58649400
2026-02-20,678.7131823752115,686.4122580979458,678.126274472082,685.7855834960938,100034000
2026-02-23,684.1940214696967,686.3525334522094,676.7734345413753,678.7827758789062,90558100
2026-02-24,678.295350173768,684.7112054782021,676.4053697086953,683.7164916992188,73798700
2026-02-25,686.53156929616,690.0130676270821,686.4519751919497,689.4859008789062,56369500
2026-02-26,689.615191050754,689.6350440416309,680.7323436648176,685.6561889648438,71671000
2026-02-27,679.4790749097389,683.2291046432514,678.0367277603054,682.3637084960938,83308900
2026-03-02,675.1123137702438,684.9798583327654,674.4359156260907,682.751708984375,87477200
2026-03-03,671.4915420947397,679.0016196644848,666.1200629162043,676.7337036132812,105003100
2026-03-04,678.026741603972,683.4579005621853,676.0273572426378,681.5082397460938,79182200
2026-03-05,678.474445192334,681.9062201445739,672.0386149612469,677.70849609375,106606500
2026-03-06,669.8502072585248,672.5359467168151,666.2195382406165,668.82568359375,100687000
2026-03-09,662.8673651303956,676.3258117079225,658.888509802078,674.6845703125,102667700
2026-03-10,674.1374043547928,679.7476047325034,671.1930903760745,673.6002807617188,81505300
2026-03-11,673.9982140650914,676.4849986405864,669.7806371390539,672.7548217773438,68441700
2026-03-12,667.6120785283837,668.0995392824933,662.3500644519811,662.5390625,108882200
2026-03-13,665.7321452917186,668.7859240392634,657.863924887251,658.7890014648438,97200200
2026-03-16,664.8468199428278,668.5173163233716,663.5934708305671,665.493408203125,82023100
2026-03-17,668.8355969918504,670.8747480492216,666.1598145596139,667.2440185546875,87128000
2026-03-18,664.8268919718373,666.1796881508768,657.6948111200146,657.9335327148438,82062600
2026-03-19,653.4971375917409,659.4753776238247,651.7066647804095,656.3121948242188,111272500
2026-03-20,654.8230422006715,655.0025723674255,643.063298812559,646.9034423828125,163617500
2026-03-23,656.3790129905765,660.9173090129275,652.2596206790361,653.6959228515625,134802700
2026-03-24,649.6463809650626,655.3417305137531,648.2100787416998,651.5015869140625,96457500
2026-03-25,656.9774239230809,659.1917509309695,652.5588148295345,655.1322021484375,90653800
2026-03-26,650.3844333840033,653.1672421520028,643.1630473705688,643.432373046875,96494400
2026-03-27,640.8489947137006,641.0085567819559,631.4831091918358,632.4606323242188,103649400
2026-03-30,638.4651675144013,638.7245091624994,627.6630399662237,630.3460693359375,99275900
2026-03-31,637.2981538716512,649.865752001465,636.3405988140365,648.6688842773438,152534100
2026-04-01,652.219751792706,656.8278752918841,651.3220400966815,653.5562744140625,97841500
2026-04-02,644.7589215344626,656.5086804928782,643.4522901873171,654.144775390625,68358700
2026-04-06,654.1746977251443,658.0247645183308,653.8356054757206,657.23681640625,39105800
2026-04-07,654.9626585699763,657.9150134208243,649.386996170508,657.5260009765625,69980400
2026-04-08,674.6519776493207,675.3402070755335,669.734652974974,674.27294921875,93606100
2026-04-09,673.1059235004034,679.4096297331154,672.0386657215836,678.162841796875,57134400
2026-04-10,679.5692561407437,680.2774536083281,676.7066358948267,677.7140502929688,42253500
2026-04-13,675.669302461078,684.536473353906,674.8414790590384,684.3369750976562,54185800
2026-04-14,685.9229138241225,692.7952238870419,685.8929616905456,692.675537109375,63480500
2026-04-15,693.4734516118131,698.480571570673,692.4161778504387,698.1414184570312,58240400
2026-04-16,699.2585607342904,700.9741726960574,696.7350934539525,699.8569946289062,49972400
2026-04-17,704.3255249385737,710.5594650064761,703.9464965121796,708.3152465820312,70661900
2026-04-20,706.9587079747221,708.0857482546458,704.3254772575062,706.8988037109375,43546800
2026-04-21,708.4548936431559,709.4523240430285,700.8345107773317,702.2708129882812,58941400
2026-04-22,707.3278031045794,709.6218808832724,706.4001392457644,709.3825073242188,42518500
2026-04-23,707.6768673789517,710.5295037064266,700.4754491270062,706.6295776367188,56174000
2026-04-24,708.9236633096505,712.6340752101273,707.1881441382454,712.10546875,45182000
2026-04-27,711.3374146094498,713.7911152864904,710.4696550399041,713.332275390625,33135900
2026-04-28,709.9908768700561,711.0481506026886,707.4274735730012,709.8612060546875,43117400
2026-04-29,709.1729992133655,710.3699278433978,706.5497524472755,709.7515258789062,41859200
2026-04-30,712.7936806635566,717.9403946619685,708.6244289610544,716.8132934570312,67240900
2026-05-01,719.3966516418469,723.0073446973263,718.6186267345964,718.7982177734375,43049800
2026-05-04,718.2196821209096,720.2644021704073,713.152718877996,716.1649780273438,51950600
2026-05-05,719.9153564929043,723.1769124909786,719.6360467603954,721.9102172851562,36933200
2026-05-06,726.288861980811,732.7023927493656,725.9497697512824,731.9443359375,53288900
2026-05-07,733.161188473549,734.238430329629,727.8748196364371,729.7001342773438,51724600
2026-05-08,733.0415191543954,736.1834492768152,732.6824588199246,735.724609375,47227100
2026-05-11,734.5576163199453,738.8864300819614,734.5576163199453,737.4002685546875,44024000
2026-05-12,734.9964788307154,736.9414802248905,729.9494836014034,736.2831420898438,54185300
2026-05-13,736.5723674930287,741.9983910774667,733.5800764180441,740.4025268554688,44200200
2026-05-14,741.7391534739264,747.6040491923611,741.649357949993,746.2474975585938,45307600
2026-05-15,739.8838927249178,741.5496453663399,736.0637780312098,737.2706298828125,60410800
2026-05-18,737.9289136337939,739.5147938000424,731.5054597381557,736.751953125,47843900
2026-05-19,732.8919551385734,735.7545755811656,729.650306265128,731.8446044921875,54255900
2026-05-20,733.8195334397973,739.9636778498481,732.0042028263388,739.3452758789062,45768000
2026-05-21,736.7419902854853,742.9559620700644,735.1361419849363,740.8114624023438,43332200
2026-05-22,744.3224328967863,747.015507083493,742.566945697205,743.7239990234375,41762000
2026-05-26,748.0827892360243,750.1973368284331,746.4469887578754,748.6613159179688,41123600
2026-05-27,748.9505199197505,749.4492351039673,746.2973210478585,748.5316162109375,42106300
2026-05-28,748.3221518516883,753.2095851254732,747.3047533704411,752.6609497070312,41562600
2026-05-29,753.9576670103595,756.1320579864754,752.7507543048832,754.5361328125,55075700
2026-06-01,753.4189990020213,758.3264003155792,752.7507376917755,756.5908203125,43634900
2026-06-02,755.0847737682097,758.4461093852723,754.805464031348,757.6182250976562,31581900
2026-06-03,756.2018667594974,756.8501599793441,751.6336185743088,752.3018798828125,51402500
2026-06-04,750.1673635570705,756.3614281257201,749.5389775481502,755.1445922851562,49923000
2026-06-05,750.3768677170906,750.8855669656407,733.6400171295905,735.65478515625,93989400
2026-06-08,741.4498108327123,743.4247643242134,736.2931129658897,737.3204345703125,49319100
2026-06-09,741.7191759970133,744.9807928982774,720.7332622187009,735.1560668945312,87683500
2026-06-10,731.5054857614351,736.4826536495077,723.4661992814284,723.56591796875,60341300
2026-06-11,726.8873842592473,738.0984921563339,722.5485255148498,735.8642578125,86330500
2026-06-12,738.8066884479139,742.5270843334097,733.1412911200548,739.843994140625,57079500
2026-06-15,749.9179969688896,754.7356026867302,749.8282623277308,752.890380859375,60176400
2026-06-16,752.6111046530555,753.4988323298886,747.9531216783239,748.4019775390625,67093100
2026-06-17,749.3594421826946,750.217278570044,737.3204502885575,739.0560302734375,85945200
2026-06-18,747.760009765625,748.22998046875,743.8599853515625,746.739990234375,80875700
2026-06-22,747.7000122070312,750.1799926757812,743.1300048828125,744.3900146484375,46628100
2026-06-23,733.8099975585938,739.6300048828125,732.2999877929688,733.5800170898438,66846800
2026-06-24,735.1699829101562,739.9500122070312,730.8400268554688,733.239990234375,57439500
2026-06-25,738.9099731445312,739.3699951171875,729.5999755859375,734.2999877929688,53934400
2026-06-26,728.9500122070312,736.530029296875,716.5800170898438,728.989990234375,71034000
2026-06-29,736.530029296875,741.5599975585938,732.0900268554688,741.0,58035200
2026-06-30,741.2899780273438,748.02001953125,740.8900146484375,746.77001953125,55626000
2026-07-01,745.0,749.4400024414062,742.3800048828125,745.760009765625,47100900
2026-07-02,747.4000244140625,751.3099975585938,740.030029296875,744.780029296875,57447800
2026-07-06,748.739990234375,752.4099731445312,747.4099731445312,751.280029296875,50673300
2026-07-07,750.219970703125,750.9600219726562,745.2100219726562,747.7100219726562,43721500
2026-07-08,743.1599731445312,746.1500244140625,739.510009765625,745.4000244140625,43767400
2026-07-09,747.3499755859375,751.969970703125,745.5900268554688,751.7100219726562,41441700
2026-07-10,752.0499877929688,755.4199829101562,748.0999755859375,754.9500122070312,42191300
2026-07-13,752.469970703125,753.9099731445312,748.0,749.1699829101562,44013600
2026-07-14,750.9099731445312,753.3400268554688,748.6599731445312,751.8300170898438,35143100
2026-07-15,754.239990234375,755.5800170898438,750.2000122070312,754.8099975585938,43844800
2026-07-16,752.760009765625,754.5700073242188,747.8800048828125,750.719970703125,46409800
2026-07-17,742.0800170898438,747.2899780273438,740.7999877929688,743.2899780273438,62651000
2026-07-20,747.0599975585938,748.72998046875,741.510009765625,742.0900268554688,50422300
2026-07-21,746.2899780273438,749.0399780273438,744.1799926757812,748.280029296875,34324300
2026-07-22,746.6199951171875,750.02001953125,746.3699951171875,747.4099731445312,32836200
2026-07-23,739.3699951171875,742.5599975585938,735.2100219726562,738.1799926757812,55437300
2026-07-24,738.510009765625,743.719970703125,737.2899780273438,738.9299926757812,44782000
2026-07-27,744.9099731445312,745.530029296875,735.8699951171875,739.0900268554688,41461200
2026-07-28,739.1900024414062,742.7899780273438,735.97998046875,740.8599853515625,47322200
2026-07-29,739.969970703125,742.6799926757812,729.0999755859375,729.4600219726562,70697200
2026-07-30,736.0499877929688,742.4500122070312,734.5900268554688,741.6900024414062,66811300
2026-07-31,744.6799926757812,748.9000244140625,737.6799926757812,747.030029296875,62445900
2026-08-03,749.4400024414062,758.5800170898438,748.7999877929688,757.6699829101562,59927500
2026-08-04,760.6300048828125,773.4099731445312,760.52001953125,771.3300170898438,69154800
2026-08-05,775.8499755859375,776.8499755859375,769.510009765625,769.7899780273438,44689100
2026-08-06,770.2100219726562,771.8200073242188,767.4600219726562,768.5599975585938,38416900
2026-08-07,771.02001953125,773.9199829101562,769.6099853515625,773.260009765625,43586300
2026-08-10,772.5999755859375,775.0499877929688,771.6199951171875,773.030029296875,39249500
2026-08-11,774.530029296875,774.6099853515625,769.2000122070312,770.5599975585938,36740600
2026-08-12,774.7100219726562,774.9000244140625,771.280029296875,772.489990234375,33179100
2026-08-13,774.8699951171875,779.3699951171875,774.1099853515625,777.8800048828125,35634500
2026-08-14,778.5399780273438,778.7999877929688,775.4299926757812,776.3400268554688,31367900
2026-08-17,776.1799926757812,776.780029296875,772.510009765625,772.6699829101562,34356600
2026-08-18,768.7000122070312,769.5,766.9199829101562,767.4500122070312,43920900
2026-08-19,770.3599853515625,772.469970703125,768.0999755859375,769.0599975585938,40306000
2026-08-20,765.9600219726562,768.1500244140625,762.0399780273438,762.5999755859375,45520300
2026-08-21,766.0499877929688,767.8499755859375,764.1699829101562,765.719970703125,39188700
2026-08-24,764.780029296875,765.219970703125,762.0800170898438,763.469970703125,32430900
2026-08-25,766.1599731445312,766.780029296875,763.0499877929688,765.9099731445312,27422300
2026-08-26,764.72998046875,767.3499755859375,763.9299926757812,766.0800170898438,28751600
2026-08-27,768.5,772.3599853515625,767.1599731445312,771.0999755859375,34557100
2026-08-28,771.760009765625,775.2999877929688,768.3099975585938,769.3499755859375,36744300
2026-08-31,767.3300170898438,768.0,764.719970703125,767.0499877929688,38810800
2026-09-01,762.010009765625,764.6699829101562,759.47998046875,761.780029296875,41126300
2026-09-02,762.4500122070312,766.4299926757812,761.72998046875,765.1599731445312,29566200
2026-09-03,767.9000244140625,774.030029296875,767.4500122070312,773.1699829101562,43531600
2026-09-04,772.010009765625,772.8699951171875,769.0,770.1900024414062,34015600
