Date,Open,High,Low,Close,Volume
2015-01-02,24.627197466302736,24.63825263316067,23.73399429855066,24.1717529296875,212818400
2015-01-05,23.94182443642263,24.02141693191781,23.305086159243192,23.490800857543945,257142000
2015-01-06,23.554910634932092,23.751680448224423,23.13262825097519,23.493005752563477,263188400
2015-01-07,23.70082957334784,23.92191940775139,23.590284656146064,23.822429656982422,160423600
2015-01-08,24.14965083516332,24.79523294678256,24.03247176973318,24.737749099731445,237458000
2015-01-09,24.91020453272063,25.03843710994372,24.366323452216545,24.764286041259766,214798000
2015-01-12,24.894724608480093,24.901357036182638,24.05458392610734,24.15407371520996,198603200
2015-01-13,24.636050791765385,24.938944600947984,24.078904914320937,24.368532180786133,268367600
2015-01-14,24.10764031957575,24.428219965569937,23.988251583933135,24.27566909790039,195826400
2015-01-15,24.31989111435514,24.33315596973811,23.581451593811096,23.616825103759766,240056000
2015-01-16,23.66325087457807,23.784850989909902,23.25865596732707,23.433317184448242,314053200
2015-01-20,23.842335547833613,24.09216823052668,23.5460758723348,24.036895751953125,199599600
2015-01-21,24.08774646055574,24.554246333501226,23.93740524529204,24.220401763916016,194303600
2015-01-22,24.377371692838484,24.86598014630522,24.257982950073732,24.85050392150879,215185600
2015-01-23,24.828391890847477,25.14897151233598,24.658151754473877,24.97873306274414,185859200
2015-01-26,25.146761665909416,25.283837994319246,24.938938332440024,25.005264282226562,222460000
2015-01-27,24.85492186783158,24.868188406556055,24.10542737099762,24.12974739074707,382274800
2015-01-28,26.00679816034438,26.11513340012785,25.49386978149414,25.49386978149414,585908400
2015-01-29,25.71717953341449,26.35170821368345,25.549150721219718,26.2875919342041,337745600
2015-01-30,26.17704406558535,26.530787562394195,25.83435405152494,25.90289306640625,334982000
2015-02-02,26.099655379164098,26.34727491181353,25.664108139624076,26.227886199951172,250956400
2015-02-03,26.199153148470717,26.329595379807706,26.00238327242477,26.232316970825195,207662800
2015-02-04,26.199153164948076,26.643544336500607,26.157145544153845,26.433507919311523,280598800
2015-02-05,26.63993474184997,26.686548350492288,26.469024386105367,26.62217903137207,168984800
2015-02-06,26.63993325962992,26.69098536969141,26.291452270981495,26.397994995117188,174826400
2015-02-09,26.313645742931502,26.599975776404712,26.287009642716814,26.573341369628906,155559200
2015-02-10,26.673220765989218,27.11270705592525,26.671002361301323,27.083850860595703,248034000
2015-02-11,27.250330865812547,27.727550500448018,27.190401745853304,27.718671798706055,294247200
2015-02-12,27.980586855420736,28.29577483213937,27.871825725389765,28.069372177124023,297898000
2015-02-13,28.2513791917622,28.2513791917622,27.889581022925857,28.206987380981445,217088800
2015-02-17,28.297998361881305,28.606527791695186,28.17147980591079,28.37346649169922,252609600
2015-02-18,28.32907060671682,28.584327796449173,28.289117292728804,28.57101058959961,179566800
2015-02-19,28.517730760460264,28.639810768780958,28.484437752226324,28.511072158813477,149449600
2015-02-20,28.548806879272085,28.7441349029541,28.422290054389272,28.7441349029541,195793600
2015-02-23,28.85956221196255,29.52100944519043,28.779655584756064,29.52100944519043,283896400
2015-02-24,29.507688768942803,29.6541847994094,29.114814282465368,29.336776733398438,276912400
2015-02-25,29.20137905755122,29.21025945210493,28.44448629856083,28.5865421295166,298846800
2015-02-26,28.58654527125863,29.048227619324624,28.1026687081255,28.948345184326172,365150000
2015-02-27,28.85512065026242,28.981640881892154,28.46446792842742,28.5132999420166,248059200
2015-03-02,28.68863674081051,28.917257714293886,28.477773163611293,28.653121948242188,192386800
2015-03-03,28.624278662306626,28.748577090756346,28.431169030292523,28.713062286376953,151265200
2015-03-04,28.65535153620305,28.75745235902055,28.48222110892298,28.531049728393555,126665200
2015-03-05,28.53993335182909,28.577666563390302,27.91399928590638,28.05827522277832,226068400
2015-03-06,28.49997810735225,28.71528196146638,28.02498027856481,28.100446701049805,291368400
2015-03-09,28.4023136222176,28.759674979569876,27.75862220746112,28.220304489135742,354114000
2015-03-10,28.058276112295825,28.238065167678325,27.478953941130857,27.636547088623047,275426400
2015-03-11,27.689816674209307,27.694255178262278,27.10383591974526,27.1326904296875,275756000
2015-03-12,27.148230408368267,27.723114112611338,26.997295854111336,27.62322998046875,193450800
2015-03-13,27.612129452813793,27.834091905499694,27.208157856663018,27.43233871459961,207309200
2015-03-16,27.496703620069137,27.734203338623047,27.272522798079336,27.734203338623047,143497200
2015-03-17,27.94507162614272,28.260257885548853,27.889581015961117,28.198108673095703,204092400
2015-03-18,28.18923120800626,28.668670913843595,28.049395473856592,28.51551628112793,261083600
2015-03-19,28.577669779459633,28.688651021321615,28.278020765120164,28.300216674804688,183238000
2015-03-20,28.46668358131895,28.499976593329478,27.780820438877107,27.945072174072266,274780400
2015-03-23,28.215869756374822,28.37790141092107,28.08269091981063,28.2358455657959,150838800
2015-03-24,28.240272707970803,28.42005998996217,28.091556635017813,28.120412826538086,131369200
2015-03-25,28.087133007674453,28.149282232419186,27.385730743408203,27.385730743408203,206620800
2015-03-26,27.248107132166854,27.718666378399934,27.212592332143824,27.576610565185547,190291600
2015-03-27,27.64985522013545,27.678709721579036,27.281398528451987,27.35686492919922,158184800
2015-03-30,27.534438061462257,28.056049394298906,27.523339263415995,28.04939079284668,188398800
2015-03-31,27.98724261971094,28.07602793240956,27.603248555439965,27.618785858154297,168362400
2015-04-01,27.705347314713894,27.77193671356621,27.32357170729665,27.578828811645508,162485600
2015-04-02,27.751966360889373,27.869606194832926,27.565518705606575,27.816335678100586,128880400
2015-04-06,27.627666924397037,28.302432987869057,27.596592316307593,28.266918182373047,148776000
2015-04-07,28.331288251334495,28.43782928378001,27.962831448421586,27.96949005126953,140049200
2015-04-08,27.933973429983475,28.056053452395012,27.738647087564086,27.878482818603516,149316800
2015-04-09,27.933969162089646,28.096002467676044,27.66983504381536,28.091562271118164,129936000
2015-04-10,27.956166746508018,28.23583987612223,27.80301382482314,28.211423873901367,160752000
2015-04-13,28.49330973169168,28.53770491734124,28.102657160866446,28.155927658081055,145460400
2015-04-14,28.189228461035782,28.2535977686083,27.947290226464986,28.033855438232422,102098400
2015-04-15,28.058278711413053,28.21809027909061,27.969493378188155,28.140403747558594,115881600
2015-04-16,28.02941516334476,28.21142428673899,27.99168195697449,28.0049991607666,113476000
2015-04-17,27.867384238290143,27.99834126136886,27.625444304883104,27.6898136138916,207828000
2015-04-20,27.871821413307316,28.43782457640034,27.78303610534011,28.322404861450195,188217200
2015-04-21,28.4333901506331,28.45558436268727,28.115982097667967,28.169254302978516,129740400
2015-04-22,28.187008986802727,28.604297752600676,28.038294562620575,28.54880714416504,150618000
2015-04-23,28.477780534714668,28.948339803973433,28.442265732953803,28.78186798095703,183083600
2015-04-24,28.96387471775855,28.994949318200284,28.684199926905492,28.917261123657227,178103600
2015-04-27,29.36784338391649,29.549854170067825,29.110366197746103,29.443309783935547,387816800
2015-04-28,29.845069485394777,29.862823499138404,28.759673350630607,28.979413986206055,475696000
2015-04-29,28.89063130070376,29.20803595648382,28.477781036868112,28.553247451782227,253544400
2015-04-30,28.553253082815576,28.553253082815576,27.65208596250953,27.77860450744629,332781600
2015-05-01,27.989464323636177,28.883974410591033,27.811895381492974,28.62205696105957,234050400
2015-05-04,28.7441409420115,28.981642419512106,28.468906249622496,28.566570281982422,203953200
2015-05-05,28.4444899594742,28.511079379684627,27.91843997488117,27.922880172729492,197085600
2015-05-06,28.09156501703216,28.133738421260357,27.381285907835494,27.74752426147461,288564000
2015-05-07,27.80993607949338,28.101922626916142,27.642768870863186,27.919153213500977,175763600
2015-05-08,28.235648908196517,28.445165634155273,28.108601929809527,28.445165634155273,222201600
2015-05-11,28.3939044649695,28.431795286787377,28.001618314143666,28.155412673950195,168143200
2015-05-12,27.994927891644913,28.280226251224054,27.821074310058396,28.05510902404785,192640000
2015-05-13,28.117519558747397,28.349324915305054,28.055110751311194,28.086315155029297,138776800
2015-05-14,28.398364898742013,28.741613388061523,28.342642498454563,28.741613388061523,180814000
2015-05-15,28.76835795231079,28.861971162025597,28.576672789268603,28.70149040222168,152832000
2015-05-18,28.614562464956876,29.136123212983502,28.610103721522318,29.01799201965332,203531600
2015-05-19,29.129439534702552,29.17178909874721,28.895404797262362,28.991249084472656,178532800
2015-05-20,28.97564274981076,29.194073565945473,28.82853482421962,28.989015579223633,145819600
2015-05-21,28.991260281394762,29.338967613699268,28.93776553756854,29.285472869873047,158921600
2015-05-22,29.33226903831206,29.6376266636522,29.28768840308798,29.54178237915039,182384000
2015-05-26,29.555160763671573,29.624255991868104,28.779502547789,28.890947341918945,282790400
2015-05-27,29.051430075210902,29.479377705384593,28.986793586711027,29.430341720581055,183332800
2015-05-28,29.390220414402172,29.410279660533305,29.220825556475184,29.37238883972168,122933200
2015-05-29,29.24979600702335,29.298831982306186,28.953352484095202,29.03805160522461,203538000
2015-06-01,29.038060129885473,29.285467750161875,28.98679646832212,29.096010208129883,128451200
2015-06-02,28.944443612069538,29.122755972398,28.824084724437427,28.966733932495117,134670400
2015-06-03,29.12275026555983,29.185159069291473,28.953352025981317,29.00238800048828,123934000
2015-06-04,28.88203616955327,29.104925780306708,28.732700538471533,28.83300018310547,153800400
2015-06-05,28.864197319458214,28.90654687899434,28.61010336326613,28.674739837646484,142507200
2015-06-08,28.730461266542275,28.799559883017782,28.269081672485527,28.48528480529785,210699200
2015-06-09,28.240112017725373,28.54770075816988,27.99939253889353,28.400592803955078,224301600
2015-06-10,28.512033881528776,28.828536668303414,28.49643167937827,28.726009368896484,156349200
2015-06-11,28.79287718751531,29.015766789775782,28.636855146138068,28.661373138427734,141563600
2015-06-12,28.57221218670296,28.60341658791102,28.331491062658774,28.344863891601562,147544800
2015-06-15,28.106378922142444,28.360472936450034,28.01945211201157,28.289148330688477,175955600
2015-06-16,28.313659277513487,28.49642864057753,28.16655305871185,28.440706253051758,125976400
2015-06-17,28.467461189265897,28.50312264250904,28.24902862379286,28.37384796142578,131672400
2015-06-18,28.358245445578536,28.598964928738177,28.356016073365065,28.503122329711914,141628800
2015-06-19,28.46523446882514,28.489752464188214,28.17324959742682,28.21782684326172,218867600
2015-06-22,28.41620001843674,28.543247046517177,28.324816149367734,28.442947387695312,136157200
2015-06-23,28.41397438594371,28.442949429335567,28.280239230564334,28.31367301940918,121075600
2015-06-24,28.353783269452745,28.93106816595417,28.333724023497552,28.554384231567383,221123600
2015-06-25,28.721560387912792,28.797342052542167,28.41843032836914,28.41843032836914,127752400
2015-06-26,28.456318810047843,28.52764342401851,28.19776772209652,28.25126075744629,176267200
2015-06-29,27.963730430215445,28.188849413776683,27.74529956342408,27.75644302368164,196645600
2015-06-30,27.988247102160244,28.11083706279536,27.82999568966663,27.957042694091797,177482800
2015-07-01,28.284694412526996,28.29361020179656,28.081864032798475,28.21782684326172,120955200
2015-07-02,28.1799300518542,28.237881819588296,28.032822110801316,28.182159423828125,108844000
2015-07-06,27.847821176129703,28.135348902323692,27.827760232179628,28.084083557128906,112241600
2015-07-07,28.059563264748366,28.117515019660587,27.587036841064467,28.014986038208008,187787200
2015-07-08,27.74529812250506,27.780959574195116,27.312891754866524,27.319578170776367,243046400
2015-07-09,27.604876303351464,27.651682914753206,26.57289807936976,26.762353897094727,314380000
2015-07-10,27.179153965422657,27.60487214819412,27.016443835554426,27.477825164794922,245418000
2015-07-13,27.867884974232183,28.030595122040307,27.709633570480506,28.0083065032959,165762000
2015-07-14,28.093006371960204,28.166560350659324,27.870116764153963,27.997163772583008,127072400
2015-07-15,28.0216808342292,28.34041303082011,27.990476426214375,28.26685905456543,134596800
2015-07-16,28.471918987819443,28.656919477190332,28.384992173876547,28.643543243408203,144889600
2015-07-17,28.770588460709696,28.890947341918945,28.59896252546252,28.890947341918945,184658800
2015-07-20,29.191847091502144,29.637626229005697,29.13166595565219,29.437026977539062,235600800
2015-07-21,29.6108899615348,29.62649046776288,29.046979445804723,29.142820358276367,307025600
2015-07-22,27.190296618307492,27.97263944055738,27.190296618307492,27.91023063659668,461802400
2015-07-23,28.128669554648045,28.32704118175297,27.874575522165046,27.896865844726562,203998000
2015-07-24,27.93252142787519,28.02613464110773,27.616018639986606,27.749752044677734,168649200
2015-07-27,27.435479418016175,27.551382959642904,27.2192779394094,27.364154815673828,177822000
2015-07-28,27.500118255615234,27.618251172130954,27.315121179871685,27.500118255615234,134472400
2015-07-29,27.448852083328312,27.526863096129816,27.25270816484163,27.413188934326172,148046800
2015-07-30,27.26385445887506,27.319576856125906,27.127891673541978,27.274999618530273,134513200
2015-07-31,27.326262085652413,27.335177872887087,26.94957985293466,27.03650665283203,171540000
2015-08-03,27.081091519687238,27.319583368753676,26.193989995754883,26.399049758911133,279904000
2015-08-04,26.17169774277363,26.23410656183663,25.242248472058005,25.552064895629883,496554400
2015-08-05,25.17537606494462,26.176151451205765,24.98592027194948,25.72145652770996,397250400
2015-08-06,25.965510942769974,26.08417688188036,25.55129903349801,25.777435302734375,211612000
2015-08-07,25.654290296722888,26.028200378207167,25.636378006922328,25.86475372314453,154681600
2015-08-10,26.090895064834488,26.86558376287846,26.090895064834488,26.805131912231445,219806400
2015-08-11,26.37748162069634,26.460324680282355,25.374417301768855,25.410240173339844,388331200
2015-08-12,25.195296388091382,25.84236287679192,24.545990436229246,25.802061080932617,404870000
2015-08-13,25.981175606121347,26.06177918249208,25.645327940646474,25.781906127929688,194143200
2015-08-14,25.596074898960804,26.041632408633568,25.526666914798433,25.963268280029297,171718000
2015-08-17,25.981181919757336,26.341658638289204,25.86027652582025,26.231948852539062,163538800
2015-08-18,26.068502283275883,26.29464024535976,25.97446532375149,26.08417510986328,138242800
2015-08-19,25.99461694847219,26.088653913711482,25.676681470828807,25.750568389892578,193146000
2015-08-20,25.542337117733236,25.60278895124628,24.99378485741103,25.2221622467041,274006400
2015-08-21,24.725107924238447,25.054238945973523,23.654873519011304,23.679502487182617,513102000
2015-08-24,21.2412541787492,24.360160773309758,20.598664782007,23.088417053222656,648825200
2015-08-25,24.87736877192404,24.87736877192404,23.17350061875759,23.227235794067383,414406400
2015-08-26,23.977289788865253,24.604206278523865,23.5205383474457,24.55942726135254,387098400
2015-08-27,25.1281287694697,25.354265018824652,24.633311593791372,25.282617568969727,338464400
2015-08-28,25.114690636761168,25.36993475251835,24.973635217487907,25.36545753479004,212657600
2015-08-31,25.08334520563764,25.643091378068043,25.076628524882036,25.24679183959961,224917200
2015-09-01,24.662416701253587,25.049760096014527,24.03773976777712,24.118343353271484,307383600
2015-09-02,24.68032774832823,25.152751922607422,24.43403807824614,25.152751922607422,247555200
2015-09-03,25.186339324259134,25.25127008789612,24.637788736174347,24.7116756439209,212935600
2015-09-04,24.398215017804926,24.729583776008354,24.295221933054687,24.465383529663086,199985200
2015-09-08,25.020655451685165,25.202012676117203,24.700480552968315,25.146038055419922,219374400
2015-09-09,25.470697939320914,25.528910328782462,24.57734155057093,24.662424087524414,340043200
2015-09-10,24.68929065235671,25.363225719627625,24.606449287830657,25.20425796508789,251571200
2015-09-11,25.02961714855396,25.57145118713379,25.022900465893834,25.57145118713379,199662000
2015-09-14,26.10208772561707,26.171495714483527,25.716982029564473,25.81773567199707,233453600
2015-09-15,25.956546090053127,26.09088481175147,25.61845896901484,26.034910202026367,173364800
2015-09-16,26.02819748858507,26.093128250746073,25.846840272065933,26.064022064208984,148694000
2015-09-17,25.896103977366394,26.08193845312514,25.461740296333076,25.506519317626953,256450400
2015-09-18,25.12365338505354,25.591602192431484,25.047528706192068,25.401287078857422,297141200
2015-09-21,25.450543302268766,25.83117179539932,25.448305547072934,25.795347213745117,200888000
2015-09-22,25.385608201637265,25.56472766295323,25.193055378596025,25.390087127685547,201384800
2015-09-23,25.44158645060453,25.68563670877131,25.3677012423614,25.59607696533203,143026800
2015-09-24,25.35650112732597,25.860272672901985,25.159471093345076,25.748323440551758,200878000
2015-09-25,26.070740522080886,26.126715144151163,25.528904882201047,25.683395385742188,224607600
2015-09-28,25.49084980233526,25.65205703308119,25.175153732299805,25.175153732299805,208436000
2015-09-29,25.262467575101102,25.414718619874495,24.149691782770407,24.41836929321289,293461600
2015-09-30,24.666902685032007,24.973644311516768,24.344489936686728,24.69601058959961,265892000
2015-10-01,24.420605159944234,24.543749997216835,24.026543388881606,24.534793853759766,255716400
2015-10-02,24.183282138921875,24.854977768788267,24.080289013994268,24.71392059326172,232079200
2015-10-05,24.60196544381129,24.93557542351823,24.420608213703833,24.80347442626953,208258800
2015-10-06,24.769892872875147,25.018420368941634,24.577340007306336,24.922143936157227,192787200
2015-10-07,25.018416771488347,25.025133452868637,24.496734588503575,24.80347442626953,187062400
2015-10-08,24.671374349752824,24.671374349752824,24.228054602494883,24.516883850097656,247918400
2015-10-09,24.6288311899875,25.139319417702776,24.51464249435338,25.103496551513672,211064400
2015-10-12,25.240072606529296,25.244549823843702,24.951243405776886,24.9870662689209,121868800
2015-10-13,24.812427895180186,25.177381779236768,24.78108224664574,25.02960968017578,132197200
2015-10-14,24.917664521660804,24.96916022058333,24.530319361136108,24.675853729248047,177849600
2015-10-15,24.837060506657778,25.099021339929475,24.738544620691677,25.045286178588867,150694000
2015-10-16,25.027373018721345,25.07663095999206,24.747499905328574,24.8616886138916,156930400
2015-10-19,24.80795247463472,25.020655349128607,24.653461975516304,25.016178131103516,119036800
2015-10-20,24.928859366119294,25.562492561490735,24.812432892145672,25.472932815551758,195871200
2015-10-21,25.52443257217561,25.878192661655163,25.457262329491055,25.4706974029541,167180800
2015-10-22,25.598314448531912,25.860275268554688,25.546817044869623,25.860275268554688,166616400
2015-10-23,26.128953305791157,26.695417924855107,26.046111957092148,26.661832809448242,237467600
2015-10-26,26.437936407238446,26.449130307785506,25.730416297397827,25.811019897460938,265335200
2015-10-27,25.837886851554078,26.093131001043727,25.522189151379532,25.647573471069336,279537600
2015-10-28,26.1804488844097,26.71108888783793,25.9856565952047,26.704370498657227,342205600
2015-10-29,26.57675364071474,27.02231292542602,26.480477208786336,26.986488342285156,204909200
2015-10-30,27.08947331326267,27.140970708994747,26.7446694911273,26.7558650970459,197461200
2015-11-02,27.046936330493363,27.172318929250643,26.780496599924348,27.132017135620117,128813200
2015-11-03,27.04469827373439,27.649223501416767,27.024546521766375,27.4432373046875,182076000
2015-11-04,27.568627069121565,27.72311761089232,27.23054149806689,27.315622329711914,179544400
2015-11-05,27.398808495415594,27.58768915297197,27.02329794480738,27.1896915435791,158210800
2015-11-06,27.232417770691246,27.389816905665,27.12223837620962,27.221174240112305,132169200
2015-11-09,27.198692213232512,27.38982024774243,26.994073312799244,27.110998153686523,135485600
2015-11-10,26.2857689753872,26.548851106859324,26.09688830871263,26.25653648376465,236511600
2015-11-11,26.166602321930753,26.40270107597701,25.905767452101802,26.108139038085938,180872000
2015-11-12,26.141862072371055,26.26778137968767,26.00469923453464,26.02043914794922,130102400
2015-11-13,25.903516496024874,25.98671417400718,25.24468565184891,25.260425567626953,183249600
2015-11-16,25.044556298543846,25.68764705151674,24.959111309845696,25.674156188964844,152426800
2015-11-17,25.840549257652057,25.86978174661462,25.48077863424922,25.563976287841797,110467600
2015-11-18,26.029439467794393,26.418441007519032,25.97097618391726,26.373470306396484,186698800
2015-11-19,26.452161313671542,26.92660943341436,26.254287891164125,26.708498001098633,173183200
2015-11-20,26.802939041576014,26.964836267435388,26.72423947776155,26.82542610168457,137148400
2015-11-23,26.81868376747103,26.92211945907281,26.38470984852701,26.47690200805664,129930000
2015-11-24,26.382460384517966,26.836670565894213,26.33524064156712,26.730987548828125,171212800
2015-11-25,26.80519291015844,26.80969100919762,26.515127280928052,26.53986167907715,85553200
2015-11-27,26.598317098803424,26.62530053849919,26.443165322715622,26.490385055541992,52185600
2015-11-30,26.53086387650366,26.850161962966027,26.47689870344151,26.600570678710938,156721200
2015-12-01,26.70175553371693,26.715246398072217,26.276776151306265,26.384706497192383,139409600
2015-12-02,26.384702391262085,26.557843129313408,26.10138399075898,26.14635467529297,133546400
2015-12-03,26.207073057309465,26.26103823435552,25.683156055067965,25.903514862060547,166278000
2015-12-04,25.92374906366475,26.814182073839056,25.88327475795129,26.764713287353516,231108000
2015-12-07,26.7534740057645,26.951347454917414,26.49039013596013,26.596073150634766,128336800
2015-12-08,26.425181333962087,26.66802719034269,26.27677667652191,26.58483123779297,137238000
2015-12-09,26.45215968213919,26.463403210841623,25.876526695424236,25.997949600219727,185445600
2015-12-10,26.092383689303475,26.294755155598843,25.973209857907666,26.121614456176758,116850800
2015-12-11,25.901267440158662,25.94623813495721,25.375101390301033,25.449304580688477,187544800
2015-12-14,25.224440987583034,25.336869410291904,24.687033264276362,25.291898727416992,257274800
2015-12-15,25.170478224407994,25.36385526714267,24.812954914041605,24.84443473815918,213292400
2015-12-16,24.97485191656355,25.181719820552477,24.46442758805496,25.03556251525879,224954000
2015-12-17,25.188465245465725,25.240183079210375,24.504901885986328,24.504901885986328,179091200
2015-12-18,24.489162600471232,24.626323713257054,23.792104929194526,23.84157371520996,385813200
2015-12-21,24.122644714931468,24.1428827252825,23.738139673479584,24.133888244628906,190362400
2015-12-22,24.149625856743704,24.221579979597372,23.936010821490726,24.111400604248047,131157600
2015-12-23,24.120396142449295,24.4756704154377,24.104656229874962,24.42170524597168,130629600
2015-12-24,24.509399823075448,24.509399823075448,24.273299413800387,24.291288375854492,54281600
2015-12-28,24.192349850721047,24.21483691016716,23.87530255568779,24.019210815429688,106816800
2015-12-29,24.05069041292171,24.606087151769415,24.028205069209697,24.45093536376953,123724800
2015-12-30,24.414965409425207,24.44194714258074,24.1001653702738,24.13164520263672,100855200
2015-12-31,24.06193365769457,24.066430040175042,23.569496573278652,23.668434143066406,163649200
2016-01-04,23.07256747887027,23.69317302561246,22.93540462767866,23.688674926757812,270597600
2016-01-05,23.77861399486199,23.80109933875041,23.027592872753676,23.095048904418945,223164000
2016-01-06,22.611603751375167,23.018595806788426,22.4564536951053,22.643083572387695,273829600
2016-01-07,22.188880170763806,22.514922007336757,21.68295211817137,21.687448501586914,324377600
2016-01-08,22.159645434850617,22.285564734277752,21.75715142787112,21.802122116088867,283192000
2016-01-11,22.254087042025237,22.274323339005928,21.887569207392257,22.155149459838867,198957600
2016-01-12,22.609364399011472,22.640844231136107,22.224857549233676,22.47669792175293,196616800
2016-01-13,22.557640100646875,22.753266186209792,21.878573139057075,21.8988094329834,249758400
2016-01-14,22.02697054492986,22.593610606193327,21.52778820565719,22.37774658203125,252680400
2016-01-15,21.631235998384323,21.970770443322397,21.442357000472644,21.84035301208496,319335600
2016-01-19,22.12816830586096,22.18213348140118,21.473833904788066,21.734668731689453,212350800
2016-01-20,21.383890151871395,22.07869884236,21.00613050352855,21.763898849487305,289337600
2016-01-21,21.82460894765617,22.00899152675043,21.34791344418033,21.653718948364258,208646000
2016-01-22,22.1776322715049,22.813977619619987,22.119170721005172,22.804983139038086,263202000
2016-01-25,22.827468904057305,22.82971795312473,22.308050078398306,22.35976791381836,207178000
2016-01-26,22.46994190965125,22.68355520071658,22.051708090589102,22.48343276977539,300308000
2016-01-27,21.59526373031638,21.727928519937482,20.988148878470312,21.00613784790039,533478800
2016-01-28,21.089333723410213,21.25347833759569,20.774533647662953,21.156789779663086,222715200
2016-01-29,21.314185372152718,21.887569427490234,21.21524778897145,21.887569427490234,257666000
2016-02-01,21.691943547249263,21.745908718250337,21.451346753613898,21.68294906616211,163774000
2016-02-02,21.45584059454087,21.59525246159298,21.199503918251445,21.244476318359375,149428800
2016-02-03,21.361404404872772,21.77514025621137,21.154536479203475,21.664960861206055,183857200
2016-02-04,21.671740451478744,22.004073903550463,21.520269281773988,21.83903694152832,185886800
2016-02-05,21.820946856215283,21.911377982843753,21.181150386824715,21.255754470825195,185672400
2016-02-08,21.054548380153207,21.635566145722503,21.034202280013222,21.47957420349121,216085600
2016-02-09,21.31680247016064,21.689829898955924,21.235414604793277,21.475055694580078,177324800
2016-02-10,21.685304214332465,21.782517387893716,21.273844166316813,21.31227684020996,169374400
2016-02-11,21.203762286379774,21.414013967845996,20.932468848290426,21.183414459228516,200298800
2016-02-12,21.294201743605687,21.36428508983797,21.027430707353084,21.248985290527344,161405600
2016-02-16,21.481834344942182,21.895555641242883,21.38914367805079,21.848079681396484,196231600
2016-02-17,21.85486738201881,22.2030262360018,21.73730807831995,22.182680130004883,179452800
2016-02-18,22.34545201182724,22.356756552852104,21.72374020173718,21.762174606323242,156084000
2016-02-19,21.70339148191296,21.875210480764,21.65817677292454,21.712434768676758,141496800
2016-02-22,21.773481797991092,21.90686816459971,21.685311879737572,21.902345657348633,137123200
2016-02-23,21.79383152562168,21.816438889349048,21.375589259755856,21.40723991394043,127770400
2016-02-24,21.24671768551952,21.789301117570563,21.09750603432402,21.72599983215332,145022800
2016-02-25,21.714695354094964,21.87520980834961,21.53383307403958,21.87520980834961,110330800
2016-02-26,21.974690930125423,22.160074062042128,21.834524247963518,21.909130096435547,115964400
2016-02-29,21.897817210770345,22.207543305482968,21.85034125023726,21.859384536743164,140865200
2016-03-01,22.076420718272963,22.78177989666207,22.024422246230593,22.727521896362305,201628400
2016-03-02,22.723001824665893,22.808910471559376,22.526314195794363,22.777259826660156,132678400
2016-03-03,22.738823174705715,22.994289542428934,22.709432063268995,22.946813583374023,147822800
2016-03-04,23.14350929042273,23.45549501278614,22.917432230058527,23.288198471069336,184220400
2016-03-07,23.148025368283808,23.24749980657361,22.82473516867268,23.030466079711914,143315600
2016-03-08,22.784043561065058,23.00559981671915,22.698134907762526,22.84056282043457,126247600
2016-03-09,22.90386196851119,22.96490372881502,22.668741664588698,22.86090850830078,108806800
2016-03-10,22.926471182400185,23.114113796134067,22.641613657275727,22.872211456298828,134054400
2016-03-11,23.11411457855069,23.123157866540367,22.946818062818732,23.118637084960938,109632800
2016-03-14,23.039508553350707,23.26558555978219,23.010117438622984,23.177413940429688,100304400
2016-03-15,23.502972386146215,23.77878669216551,23.478103770040793,23.64314079284668,160270800
2016-03-16,23.649915432593247,24.034245647936118,23.645392926626023,23.957380294799805,153214000
2016-03-17,23.855644211176386,24.070418395445465,23.729041643493137,23.918947219848633,137682800
2016-03-18,24.04102545063523,24.077198595692938,23.781038301062566,23.946073532104492,176820800
2016-03-21,23.948336012271906,24.337188717419153,23.76973498026448,23.943815231323242,142010800
2016-03-22,23.7946043981686,24.255801688020146,23.785561111132616,24.126937866210938,129777600
2016-03-23,24.072681497331324,24.20606610926661,23.941556413684907,23.993553161621094,102814000
2016-03-24,23.844344077095183,24.02068388043272,23.713218988776717,23.889558792114258,104532000
2016-03-28,23.96416200977932,24.007117191742648,23.751649077746794,23.78104019165039,77645600
2016-03-29,23.713214362107195,24.368837950950414,23.710953109348186,24.343969345092773,124760400
2016-03-30,24.563268005803202,24.96342356311957,24.55196346512961,24.768997192382812,182404400
2016-03-31,24.80517564109926,24.845869581453446,24.615270011169347,24.640138626098633,103553600
2016-04-01,24.59265983674843,24.86847409817385,24.461534741180458,24.866212844848633,103496000
2016-04-04,24.963422460395734,25.36357972486646,24.92951056470371,25.12167739868164,149424800
2016-04-05,24.757697483706366,25.03351175238245,24.73734965290633,24.825519561767578,106314800
2016-04-06,24.920469282378427,25.090027037913124,24.68760851591967,25.08550453186035,105616400
2016-04-07,24.85716642817889,24.963422898290155,24.443446812937044,24.53839874267578,127207600
2016-04-08,24.622048122439764,24.816472765264848,24.454749892241516,24.565528869628906,94326800
2016-04-11,24.635610713456614,25.006376851669792,24.603960071767485,24.646913528442383,117630000
2016-04-12,24.719257124018643,24.981507258908653,24.56552642749345,24.96794319152832,108929200
2016-04-13,25.04933303960668,25.397490112175344,25.04933303960668,25.329668045043945,133029200
2016-04-14,25.234717106917486,25.408795650036424,25.16915456540157,25.343233108520508,101895600
2016-04-15,25.345494944337705,25.38845013024312,24.807432255678037,24.83456039428711,187756000
2016-04-18,24.617529101873007,24.631093172522302,24.176679557461316,24.29876136779785,243286000
2016-04-19,24.389192283203197,24.416322150976796,24.01616651909479,24.169898986816406,129539600
2016-04-20,24.10885203656196,24.43666300879299,23.97772695773727,24.219629287719727,122444000
2016-04-21,24.174414010799026,24.174414010799026,23.855644608505056,23.957380294799805,126210000
2016-04-22,23.740347814241954,24.072681302070844,23.652177916429892,23.89181900024414,134732400
2016-04-25,23.738093229340844,23.88504367525063,23.627315943889997,23.756179809570312,112126400
2016-04-26,23.49166421544458,23.80591113845957,23.49166421544458,23.591136932373047,224064800
2016-04-27,21.703389075022095,22.31605745547276,21.631044513765236,22.114849090576172,458408400
2016-04-28,22.067380553082494,22.12842059645249,21.307761542083796,21.438886642456055,328970800
2016-04-29,21.2489783607375,21.414015342196215,20.914385341232986,21.192459106445312,274126000
2016-05-02,21.244457131151787,21.269325740502186,20.889516290677836,21.169851303100586,192640400
2016-05-03,21.296454851931436,21.644613673926738,21.17889555903354,21.51801109313965,227325200
2016-05-04,21.52252786906403,21.680782790425525,21.210542256689823,21.294191360473633,164102000
2016-05-05,21.380623047596245,21.396544718750324,21.080384580596473,21.2077579498291,143562000
2016-05-06,21.237334106521224,21.255529067828576,20.891603811694022,21.089488983154297,174799600
2016-05-09,21.153170823695866,21.328309216431954,21.05991407635242,21.105405807495117,131745600
2016-05-10,21.22823492885758,21.282823281311984,20.950741389604683,21.24870491027832,134747200
2016-05-11,21.262349563852535,21.28281954167646,21.030346069855238,21.041719436645508,114876400
2016-05-12,21.0894876117092,21.103134265635397,20.350263778278634,20.548147201538086,305258800
2016-05-13,20.470811496382066,20.85065835989076,20.470811496382066,20.589086532592773,177571200
2016-05-16,21.014427313211556,21.469334282624654,20.846112220421773,21.35333251953125,245039200
2016-05-17,21.505721633373344,21.53983825823196,21.15544315705916,21.264619827270508,187667600
2016-05-18,21.417017521776273,21.655842601257323,21.355604118958222,21.507997512817383,168249600
2016-05-19,21.526198945289668,21.526198945289668,21.282823771465388,21.426118850708008,121768400
2016-05-20,21.526197671292028,21.70588613259609,21.49890262838541,21.65812110900879,128104000
2016-05-23,21.805968570027968,22.10620713301069,21.760476826950246,21.93334197998047,152074400
2016-05-24,22.1130241542287,22.31090754035163,22.026590734697244,22.26769256591797,140560800
2016-05-25,22.44283273539829,22.686207870935945,22.31545935166485,22.65891456604004,152675200
2016-05-26,22.672565962123095,22.91139284192371,22.43601410331719,22.838607788085938,225324800
2016-05-27,22.617975124751148,22.85225193686595,22.574758407254578,22.8249568939209,145364800
2016-05-31,22.654360693055555,22.836324126466405,22.476947299912524,22.713499069213867,169228800
2016-06-01,22.522448268633966,22.640725078601825,22.365506509534764,22.39507484436035,116693200
2016-06-02,22.199463908923846,22.254052269561818,21.97883370987399,22.22675895690918,160766400
2016-06-03,22.24267326838133,22.351849953501652,22.16533819236666,22.272241592407227,114019600
2016-06-06,22.28816481330216,23.175233684369644,22.188086467543354,22.433734893798828,93170000
2016-06-07,22.574755461453954,22.71577722860276,22.508793751110098,22.524715423583984,89638000
2016-06-08,22.522440715899357,22.645265791831612,22.445107372904335,22.50424575805664,83392400
2016-06-09,22.40417098762951,22.743076235457888,22.395072638887008,22.665742874145508,106405600
2016-06-10,22.410992231830097,22.597504025380122,22.399620598458615,22.479228973388672,126851600
2016-06-13,22.447379527819397,22.54518457198372,22.08572767229757,22.140316009521484,152082000
2016-06-14,22.13577254221866,22.399619411239556,22.006124128394898,22.16761589050293,127727600
2016-06-15,22.249497985695854,22.383696433074892,22.069809539227236,22.094829559326172,117780800
2016-06-16,21.937887249421912,22.233577464826187,21.851455552539154,22.188087463378906,125307200
2016-06-17,21.976551120458073,21.983374445732636,21.67631266105356,21.683135986328125,244032800
2016-06-20,21.835531591109053,21.965179990517978,21.614901463004077,21.630823135375977,137647600
2016-06-21,21.59443332961213,21.915141824877544,21.535294940608498,21.8150634765625,142185600
2016-06-22,21.892393901115703,22.037963965891365,21.687685455233666,21.733177185058594,116876400
2016-06-23,21.82188662145151,21.901494989448125,21.664943170735132,21.858278274536133,128960800
2016-06-24,21.132698469807497,21.53074196205251,21.073560093638157,21.244150161743164,301245600
2016-06-27,21.153169543397652,21.164542909327977,20.811989389471883,20.934814453125,181958400
2016-06-28,21.130427064931602,21.303292182746873,20.95756194711633,21.287368774414062,161779600
2016-06-29,21.373805947279248,21.505729395454093,21.296470853912698,21.47161102294922,146124000
2016-06-30,21.480707474584726,21.783219287907485,21.44886412581391,21.744552612304688,143345600
2016-07-01,21.719532709372814,21.942437887322246,21.683141054292065,21.810514450073242,104106000
2016-07-05,21.69678234688148,21.69905736705325,21.485250589537515,21.60580062866211,110820800
2016-07-06,21.517102043514402,21.75820394800162,21.464788707162878,21.728633880615234,123796400
2016-07-07,21.76729407881754,21.949257529673048,21.74909912199765,21.821884155273438,100558400
2016-07-08,21.946979523878202,22.037961236929736,21.846901201320176,21.990196228027344,115648400
2016-07-11,22.00612799646269,22.210836510938176,22.001579689622186,22.058443069458008,95179600
2016-07-12,22.101656369381995,22.222206447769825,22.090284735483287,22.158519744873047,96670000
2016-07-13,22.15624565760046,22.215382316531976,22.026595500252867,22.03342056274414,103568800
2016-07-14,22.15169568117808,22.51562092515798,22.135774005983098,22.470130920410156,155676000
2016-07-15,22.499694983145172,22.586128405240313,22.404164950091495,22.467851638793945,120548000
2016-07-18,22.4496548807053,22.77491338448554,22.426909882711097,22.70667839050293,145975600
2016-07-19,22.645268497534165,22.74534858662166,22.595228452990415,22.71578025817871,95119600
2016-07-20,22.745350179366334,22.849978581951518,22.68621178300688,22.736251831054688,105104000
2016-07-21,22.70667767782248,22.972797790199554,22.54745922619612,22.61569595336914,130808000
2016-07-22,22.577034955196268,22.586133303460066,22.360953088429195,22.440563201904297,113254800
2016-07-25,22.347299463465593,22.481496154001874,22.044785985546643,22.140316009521484,161531600
2016-07-26,22.02204485065051,22.28361668767847,21.93106311577136,21.987926483154297,224959200
2016-07-27,23.716578460029492,23.73477515864117,23.37084986307108,23.416339874267578,369379200
2016-07-28,23.389037102651976,23.75751055619003,23.38676208241241,23.73249053955078,159479200
2016-07-29,23.69837832974729,23.780261720313952,23.582376570555798,23.702926635742188,110934800
2016-08-01,23.74841921797252,24.144187796248808,23.74841921797252,24.121442794799805,152671600
2016-08-02,24.12144132758002,24.12598963346021,23.655161017241863,23.764339447021484,135266400
2016-08-03,23.839400261736206,24.073677083992887,23.830301913693987,24.062305450439453,120810400
2016-08-04,24.14463180231835,24.240679358398708,24.076025408127766,24.21095085144043,109634800
2016-08-05,24.30242093466482,24.618008218125887,24.28184006560408,24.579132080078125,162213600
2016-08-08,24.588279156253062,24.782663345336914,24.505953931304926,24.782663345336914,112148800
2016-08-09,24.750645374406457,24.91301195493757,24.700334258942462,24.883281707763672,105260800
2016-08-10,24.860418063003667,24.903868897021987,24.64316738237836,24.69805145263672,96034000
2016-08-11,24.81696485819469,24.9107268079648,24.663745898296824,24.68204116821289,109938000
2016-08-12,24.647741233881806,24.798674613556432,24.647741233881806,24.739215850830078,74641600
2016-08-15,24.730072615281454,25.050232959205076,24.716352030954308,25.03651237487793,103472800
2016-08-16,25.07079940073845,25.208012143941268,24.974751876282482,25.013628005981445,135177600
2016-08-17,24.949600249949032,25.011346343055315,24.775798694007165,24.97704315185547,101424000
2016-08-18,24.979335317571383,25.063947894830854,24.931309793782944,24.945032119750977,87938800
2016-08-19,24.87413258392679,25.084524667333604,24.780372392776844,25.009057998657227,101472400
2016-08-22,24.894713986665746,24.949598040886347,24.66374104741897,24.814674377441406,103280800
2016-08-23,24.83297250496072,24.99991378779172,24.81925192504388,24.892431259155273,85030800
2016-08-24,24.828398820745715,24.869562304003725,24.624868749284683,24.70490837097168,94700400
2016-08-25,24.55855269825186,24.670608182261617,24.396186090273154,24.599716186523438,100344800
2016-08-26,24.563119482080538,24.686608162413584,24.31156394320661,24.455636978149414,111065200
2016-08-29,24.382463338384497,24.56998549165305,24.30699665914969,24.428199768066406,99881200
2016-08-30,24.194946162837265,24.35502544439064,24.126339759466784,24.24068260192871,99455600
2016-08-31,24.16292739451736,24.371030435457087,24.15835270431955,24.263547897338867,118649600
2016-09-01,24.272692142709676,24.42362549295995,24.15377638517271,24.407617568969727,106806000
2016-09-02,24.629448540997902,24.698054947077583,24.42820575842203,24.636310577392578,107210000
2016-09-06,24.675180388848958,24.7666549918823,24.585993130693005,24.62944221496582,107521600
2016-09-07,24.659167628540366,24.87184529737556,24.48536609133258,24.780370712280273,169457200
2016-09-08,24.526535907357516,24.531108852664694,24.066877263365704,24.130908966064453,212008000
2016-09-09,23.929668343134992,24.17664928520172,23.584352493286133,23.584352493286133,186228000
2016-09-12,23.474576839413547,24.1766415511706,23.44713393971841,24.11260986328125,181171200
2016-09-13,24.58599069243886,24.878707997329702,24.524244600003367,24.68661117553711,248704800
2016-09-14,24.8649874725559,25.848334561750047,24.835257226232883,25.560190200805664,443554800
2016-09-15,26.038143227331968,26.465785938468404,25.95352892504526,26.429195404052734,359934400
2016-09-16,26.326286261433125,26.55725745562229,26.079305400688995,26.280548095703125,319547600
2016-09-19,26.342307128682275,26.568705489923925,25.89865629910692,25.974123001098633,188092000
2016-09-20,25.852918389610863,26.09761201225972,25.729427905554424,25.971834182739258,138057200
2016-09-21,26.035857370172934,26.067873217249353,25.713411554693913,25.967252731323242,144012800
2016-09-22,26.150198489897182,26.285123903628826,26.070158877378088,26.211944580078125,124296000
2016-09-23,26.166215967099763,26.250830299650183,25.509889160050122,25.775163650512695,209924800
2016-09-26,25.53046758597969,25.930667501061446,25.50988671353312,25.814037322998047,119477600
2016-09-27,25.84147967487134,25.88264316361179,25.690546301245323,25.862060546875,98429600
2016-09-28,25.999264546854857,26.216515153290395,25.93980580661877,26.0587215423584,118564400
2016-09-29,25.878066233039693,26.024424893860175,25.56705364261295,25.653953552246094,143548000
2016-09-30,25.717991259612663,25.92609606504455,25.567059618683253,25.852916717529297,145516400
2016-10-03,25.775155537213298,25.852909553815465,25.67682065266904,25.731704711914062,86807200
2016-10-04,25.855195111686786,26.141052130858036,25.756860227302564,25.841474533081055,118947200
2016-10-05,25.932956356259535,25.992415121344827,25.770589733482975,25.852916717529297,85812400
2016-10-06,26.00155116276416,26.14790980234844,25.871200444861515,26.045001983642578,115117200
2016-10-07,26.14105278343529,26.19822418869675,25.958105333438315,26.083881378173828,97433600
2016-10-10,26.303421366738682,26.69904828893821,26.234816722043714,26.538969039916992,144944000
2016-10-11,26.91630032966746,27.142700379565017,26.57327185437994,26.596141815185547,256164000
2016-10-12,26.83625455336549,26.98032759661097,26.699043543629553,26.833967208862305,150347200
2016-10-13,26.708200926158003,26.856846967937212,26.46350731697683,26.751651763916016,140769600
2016-10-14,26.957459030571766,27.023778066721302,26.785944823377953,26.900287628173828,142608800
2016-10-17,26.831688845240055,26.948317275365774,26.70591103463414,26.881999969482422,94499600
2016-10-18,27.02606937128049,27.032929661416194,26.859128084135385,26.86370277404785,98214000
2016-10-19,26.81339321059467,26.93002338387391,26.02442839397574,26.78366470336914,80138400
2016-10-20,26.724202994273142,26.843118754782015,26.602999888927684,26.769939422607422,96503200
2016-10-21,26.712765284375394,26.735635240937782,26.59156219141872,26.66474151611328,92770800
2016-10-24,26.779083671080933,26.925442316923476,26.756215459805414,26.904861450195312,94154800
2016-10-25,26.97346782051524,27.067229760933547,26.827109165250445,27.04207420349121,192516000
2016-10-26,26.141053806189035,26.458926692300718,25.912368176196,26.43377113342285,264536800
2016-10-27,26.388036578780813,26.495519111665708,26.093031885777496,26.179933547973633,138248000
2016-10-28,26.040433412078734,26.34687131993518,25.944384121128103,26.00613021850586,151446800
2016-10-31,25.99012328759394,26.122761377288192,25.887213702941654,25.964967727661133,105677600
2016-11-01,25.946675361452602,26.017567359342415,25.276626292698843,25.496164321899414,175303200
2016-11-02,25.475576724117772,25.69282735078854,25.436700590036935,25.519025802612305,113326800
2016-11-03,25.50983388565465,25.620165575193028,25.181134398016813,25.245494842529297,107730400
2016-11-04,24.946678836590927,25.342037894308067,24.850138160736485,25.017934799194336,123348000
2016-11-07,25.302958660645363,25.401798411417044,25.160445001440227,25.378812789916992,130240000
2016-11-08,25.35582822681413,25.67993131308819,25.215613640315656,25.528223037719727,97016800
2016-11-09,25.256989077727034,25.587987683875674,24.836347061719003,25.486848831176758,236705600
2016-11-10,25.535118842363453,25.535118842363453,24.326057817339162,24.776582717895508,228538000
2016-11-11,24.62257322403577,25.02482772400998,24.491553257048928,24.923688888549805,136575600
2016-11-14,24.758188959858504,24.781174579940497,23.923798850418375,24.29846954345703,204702000
2016-11-15,24.496154829888138,24.751299306666837,24.40191323914231,24.62027931213379,129058000
2016-11-16,24.5260335830077,25.337439939184023,24.50304795972101,25.282272338867188,235362000
2016-11-17,25.240896788695487,25.365021255298394,25.015635231805124,25.2730770111084,110528000
2016-11-18,25.220209359694955,25.408694264436743,25.206418337347433,25.29836082458496,113715600
2016-11-21,25.31215378733923,25.741990354786033,25.286869077055236,25.682228088378906,117058400
2016-11-22,25.732797947854785,25.840832309420602,25.60637613935342,25.698320388793945,103862000
2016-11-23,25.597183842295777,25.631663158149788,25.360428562424204,25.567302703857422,109705600
2016-11-25,25.544308066467806,25.71440550870166,25.50293324993665,25.696016311645508,45903600
2016-11-28,25.61326655949029,25.85232085903765,25.60407196100497,25.64544677734375,108776000
2016-11-29,25.46386208296801,25.751186762101863,25.30066187566286,25.620166778564453,114115200
2016-11-30,25.65234553282995,25.790261020175535,25.34663167085868,25.404096603393555,144649200
2016-12-01,25.36962276149973,25.500642756715852,25.06160976609378,25.16734504699707,148347600
2016-12-02,25.09378875204552,25.30525930339659,25.020233701415115,25.261587142944336,106112000
2016-12-05,25.2845749809842,25.29147049357029,24.882320379013997,25.079999923706055,137298000
2016-12-06,25.169640832451275,25.36732034366806,25.09838487620706,25.2730770111084,104782000
2016-12-07,25.114469475410555,25.558098734097868,25.09148385783048,25.521320343017578,119994800
2016-12-08,25.482255381982473,25.84313516687226,25.422491348076566,25.771879196166992,108273200
2016-12-09,25.815554018149612,26.36491880924601,25.815554018149612,26.192523956298828,137610400
2016-12-12,26.040810805308038,26.43387076008026,25.856922307239902,26.043109893798828,105497600
2016-12-13,26.16723460853157,26.645343337012505,26.146548071609143,26.47754669189453,174935200
2016-12-14,26.443067376666335,26.709703790136704,26.42927635205138,26.47754669189453,136127200
2016-12-15,26.521219462804925,26.831531553286478,26.486741900476627,26.622358322143555,186098000
2016-12-16,26.771763515751104,26.778659027184773,26.58327860390481,26.65683364868164,177404400
2016-12-19,26.617759262011504,26.98093632752822,26.60626557324657,26.810840606689453,111117600
2016-12-20,26.83382881080029,27.00852272541942,26.82003778590881,26.882099151611328,85700000
2016-12-21,26.847620690099358,26.98553619546714,26.84302251282898,26.90738296508789,95132800
2016-12-22,26.74418157253058,26.780959974316932,26.58098136040775,26.730390548706055,104343600
2016-12-23,26.569490683491168,26.783260345458984,26.569490683491168,26.783260345458984,56998000
2016-12-27,26.783260200445167,27.077482185425456,26.77636468778853,26.953357696533203,73187600
2016-12-28,27.01311490877457,27.12804477467143,26.709700132954477,26.838422775268555,83623600
2016-12-29,26.767167413662005,26.918875691723734,26.755675478278704,26.83152961730957,60158000
2016-12-30,26.813142350917477,26.93956417139991,26.532713152708265,26.622358322143555,122345200
2017-01-03,26.61776110407188,26.739586497171988,26.37870674148132,26.698211669921875,115127600
2017-01-04,26.629253499617192,26.780961786716674,26.606267873790532,26.6683292388916,84472400
2017-01-05,26.645343649037947,26.861412390220124,26.620058934487233,26.80394744873047,88774400
2017-01-06,26.843023377261122,27.160230978882005,26.771767410492767,27.102766036987305,127007600
2017-01-09,27.111962596832893,27.452155871055513,27.109665261499952,27.351016998291016,134247600
2017-01-10,27.300442124142183,27.440656713931567,27.192409513205952,27.37859535217285,97848400
2017-01-11,27.29354838793295,27.567082073301073,27.261368160676803,27.525707244873047,110354400
2017-01-12,27.330323672002628,27.422267919532228,27.17171988885633,27.41077423095703,108344800
2017-01-13,27.378595071522714,27.49582403552166,27.309636444772575,27.362504959106445,104447600
2017-01-17,27.201605673159065,27.63833960830125,27.17402362176945,27.583173751831055,137759200
2017-01-18,27.583172578128174,27.698102463870374,27.51651303395479,27.580873489379883,94852000
2017-01-19,27.445254329705012,27.603856363706946,27.4383588178385,27.53260040283203,102389200
2017-01-20,27.68660995192404,27.68660995192404,27.521112382513458,27.583173751831055,130391600
2017-01-23,27.58316948476046,27.769355317601576,27.530300971624104,27.601558685302734,88200800
2017-01-24,27.47973419636854,27.606156008413322,27.468240507232313,27.576274871826172,92844000
2017-01-25,27.67970578544661,28.06587016739159,27.647525566425397,28.015300750732422,129510400
2017-01-26,27.967039202349472,28.144032216222865,27.950949087787432,28.029102325439453,105350400
2017-01-27,28.075070781169206,28.12334112004273,27.950946301055517,28.031396865844727,82251600
2017-01-30,27.796946432360293,27.957847595214844,27.734885056313868,27.957847595214844,121510000
2017-01-31,27.847510956602637,27.902676809319985,27.725685561410188,27.893482208251953,196804000
2017-02-01,29.199085204775255,29.994401522323454,29.19448878117204,29.594444274902344,447940000
2017-02-02,29.417452924522408,29.741554274953458,29.37147992020151,29.543874740600586,134841600
2017-02-03,29.493310317018416,29.695588062970586,29.458832750041203,29.670303344726562,98029200
2017-02-06,29.681784977399246,29.99669165246171,29.62891471967079,29.94841957092285,107383600
2017-02-07,30.005893220062706,30.36217656964027,29.98520668226717,30.233455657958984,152735200
2017-02-08,30.19207911863059,30.39205597580901,30.162196229210775,30.350679397583008,92016400
2017-02-09,30.392231720882286,30.57691747290408,30.26987815871774,30.569992065429688,113399600
2017-02-10,30.579222414450598,30.69003243533569,30.48457050037162,30.500728607177734,80262000
2017-02-13,30.722359928568,30.89319487594774,30.646176919165736,30.770837783813477,92141600
2017-02-14,30.812400869844556,31.186387072747426,30.761612185180123,31.170228958129883,132904800
2017-02-15,31.285651271890703,31.458793521847717,31.077878458389428,31.283340454101562,142492400
2017-02-16,31.3202825748279,31.373378552381876,31.12867136942429,31.246410369873047,90338400
2017-02-17,31.188697339946398,31.357221505579854,31.188697339946398,31.33182716369629,88792800
2017-02-21,31.449549332017238,31.569595581246578,31.39183526331295,31.55805206298828,98028800
2017-02-22,31.495722036880956,31.655013441014837,31.421849855631695,31.652706146240234,83347600
2017-02-23,31.715054889509755,31.73813841707009,31.465729542768877,31.51882553100586,83152800
2017-02-24,31.375687767675753,31.548830032348633,31.23024713812225,31.548830032348633,87106400
2017-02-27,31.65963020312745,31.72888779187423,31.461093660766565,31.611148834228516,81029600
2017-02-28,31.645791486578673,31.72889992032576,31.558064939126574,31.625015258789062,93931600
2017-03-01,31.832782418776734,32.35451650915443,31.76583562625202,32.27140808105469,145658400
2017-03-02,32.319884860714694,32.38452434862909,32.03362175524529,32.079795837402344,104844000
2017-03-03,32.03823247793358,32.280632262993784,31.994369223554767,32.26908874511719,84432400
2017-03-06,32.17445165451661,32.26679631749007,31.99669478314653,32.16752624511719,87000000
2017-03-07,32.10288046672162,32.31526786615911,32.04054827172309,32.209075927734375,69785200
2017-03-08,32.077476258004396,32.27370548580954,32.047467339904514,32.089019775390625,74828800
2017-03-09,32.02901776441551,32.04055776618579,31.638869890157473,32.01516342163086,88623600
2017-03-10,32.14674748941157,32.17214182940908,32.0059249717142,32.12135314941406,78451200
2017-03-13,32.054395288155675,32.188288828177306,32.047469881692045,32.13519287109375,69686800
2017-03-14,32.158295874412474,32.23909349746687,32.052100384931684,32.08673095703125,61236400
2017-03-15,32.18368275296958,32.49302939880526,32.09595621777302,32.426082611083984,102767200
2017-03-16,32.486108606301194,32.555366221686945,32.379913126364556,32.479183197021484,76928000
2017-03-17,32.55073713387873,32.55073713387873,32.294486509155334,32.31757354736328,175540000
2017-03-20,32.412229772933976,32.66617316416422,32.37298461657809,32.65694046020508,86168000
2017-03-21,32.80700401255952,32.9662954963866,32.25756463879983,32.282958984375,158119600
2017-03-22,32.28526243499958,32.689261053486796,32.26448268602448,32.647705078125,103440800
2017-03-23,32.61076646650214,32.68464218874113,32.460711249263134,32.53227615356445,81385200
2017-03-24,32.66618038136774,32.72158718512899,32.400696932180246,32.46764373779297,89582400
2017-03-27,32.17906357298683,32.60153107795881,32.00130321325164,32.523040771484375,94300400
2017-03-28,32.52997258774683,33.25255064482762,32.463022266468414,33.197147369384766,133499200
2017-03-29,33.16944161532169,33.35643823436015,33.05632424825825,33.271018981933594,116760000
2017-03-30,33.2871863285405,33.35875125204132,33.1278948419926,33.2271614074707,84829200
2017-03-31,33.17867244111365,33.30564412870682,33.01476289484099,33.16482162475586,78646800
2017-04-03,33.17636400984456,33.27101242591104,33.02399798995029,33.17405319213867,79942800
2017-04-04,33.07017128430263,33.44877554763126,33.05170235406852,33.42107391357422,79565600
2017-04-05,33.294110639443595,33.58037384658186,33.199458669028225,33.24794006347656,110871600
2017-04-06,33.31025871910069,33.36335821192298,33.11634024491553,33.16482162475586,84596000
2017-04-07,33.18099150244167,33.28487618455112,33.0747995243171,33.09095764160156,66688800
2017-04-10,33.150966820278995,33.2156063038978,32.9893645886443,33.05169677734375,75733600
2017-04-11,32.9986111713542,33.09326313157314,32.33374367676682,32.696189880371094,121517600
2017-04-12,32.68926110490339,32.81622928141407,32.55305317900341,32.73543167114258,81400000
2017-04-13,32.7608268015999,32.869329572304196,32.56229019165039,32.56229019165039,71291600
2017-04-17,32.661558023380536,32.75390268431767,32.52073549771646,32.74235916137695,66328400
2017-04-18,32.645386121478026,32.7908231768218,32.57612853567344,32.59690475463867,58790000
2017-04-19,32.75390194444348,32.78160358080456,32.423775513256935,32.476871490478516,69313600
2017-04-20,32.601533685099724,32.99398877144453,32.58768286785988,32.8831787109375,93278400
2017-04-21,32.883178261307776,32.93858152950958,32.74697386352734,32.84393310546875,69283600
2017-04-24,33.12788228211742,33.23176692273539,33.054006568067706,33.16020202636719,68537200
2017-04-25,33.222539435282336,33.45108497600299,33.21330320828219,33.36566925048828,75486000
2017-04-26,33.35181972629284,33.381832181324775,33.10018713089948,33.16944122314453,80164800
2017-04-27,33.22484048167015,33.28024726548445,33.084017988406494,33.194828033447266,56985200
2017-04-28,33.264083439183395,33.31256481214759,33.074783104828754,33.162506103515625,83441600
2017-05-01,33.49725799424165,33.98205421858617,33.46493824595202,33.838924407958984,134411600
2017-05-02,34.06054097807995,34.187512662605755,33.8989422534962,34.05361557006836,181408800
2017-05-03,33.61037839972,34.0490076206691,33.30564982001212,33.949737548828125,182788000
2017-05-04,33.825066209760145,33.96819598915599,33.66115668610716,33.82737350463867,93487600
2017-05-05,33.88047234638502,34.39297365997338,33.88047234638502,34.38835906982422,109310800
2017-05-08,34.40451889529334,35.48261754362255,34.40451889529334,35.323326110839844,195009600
2017-05-09,35.52186302080197,35.755030172831056,35.42490378313578,35.54956817626953,156521600
2017-05-10,35.46647319595749,35.53803812307615,35.11557044861919,35.38105392456055,103222800
2017-05-11,35.33931694196356,35.71485030550532,35.30686379075656,35.68703079223633,109020400
2017-05-12,35.86088217624112,36.25959427924951,35.85392818328043,36.18541717529297,130108000
2017-05-15,36.16456126267978,36.312919047116495,35.942026354589,36.09270095825195,104038800
2017-05-16,36.14833356066949,36.17614953767241,35.865526004045456,36.03938293457031,80194000
2017-05-17,35.605904337064445,35.830759605936734,34.70416644230344,34.829341888427734,203070800
2017-05-18,35.06578093021892,35.54562416578141,35.03332778161628,35.36017608642578,134272800
2017-05-19,35.55490499482918,35.693988426847056,35.38104805196041,35.4807243347168,107843200
2017-05-22,35.698624955149626,35.83307474631924,35.44595371833895,35.69630813598633,91865600
2017-05-23,35.90722864422921,35.90722864422921,35.538653019324535,35.65224075317383,79675600
2017-05-24,35.66153603976484,35.73803352072875,35.39031962750843,35.545631408691406,76712000
2017-05-25,35.636038207100896,35.779762360234024,35.47377242497843,35.66849136352539,76942400
2017-05-26,35.6986131398825,35.754248615544256,35.538664242341355,35.60820770263672,87710400
2017-05-30,35.56417141113815,35.798297458551254,35.54330942948441,35.62212371826172,80507600
2017-05-31,35.69166548354051,35.738026619591665,35.323089676811115,35.41117477416992,97804800
2017-06-01,35.50622810236903,35.54331843723868,35.28600998691513,35.508544921875,65616400
2017-06-02,35.60126213247194,36.03474426269531,35.44131319709185,36.03474426269531,111082800
2017-06-05,35.77742710131049,35.802926251960564,35.57343743323714,35.6823844909668,101326800
2017-06-06,35.67544076401883,36.11819726310274,35.647624786988494,35.80293655395508,106499600
2017-06-07,35.93506610026069,36.157600969588174,35.809887141277,36.016197204589844,84278400
2017-06-08,35.98838879563472,36.05561192690346,35.79134950331921,35.92811965942383,85003200
2017-06-09,35.9744757167898,35.9744757167898,33.84878545799699,34.53493881225586,259530800
2017-06-12,33.78387455154509,33.8650056503976,33.035128278392655,33.709693908691406,289229200
2017-06-13,34.113044202442644,34.180267317025965,33.64710542644517,33.98091125488281,136661600
2017-06-14,34.19186595717574,34.19186595717574,33.34344321400546,33.64943313598633,126124800
2017-06-15,33.2228946180029,33.49179058864316,32.96558627709412,33.44774627685547,128661600
2017-06-16,33.32953433255747,33.49643727878537,32.963275285953394,32.9795036315918,201444400
2017-06-19,33.30172263396618,34.015695654119625,33.30172263396618,33.922969818115234,130165600
2017-06-20,34.04581984224662,34.04581984224662,33.59842973452533,33.614654541015625,99600400
2017-06-21,33.732875707856564,33.86037147503061,33.52192848736202,33.81400680541992,85063200
2017-06-22,33.79083786050344,34.006418781116174,33.64015971458918,33.758384704589844,76425200
2017-06-23,33.64247081875442,34.11304321865027,33.637833644291,33.90904998779297,141757600
2017-06-26,34.115361889100086,34.37267026030625,33.70042494885919,33.80242156982422,102769600
2017-06-27,33.61465529080629,33.881238028549696,33.29244060142321,33.31793975830078,99047600
2017-06-28,33.49410982286014,33.869639564051425,33.18580318779632,33.80473327636719,88329600
2017-06-29,33.54511748511974,33.64247694381055,32.981819179038446,33.30635070800781,125997600
2017-06-30,33.484846264999454,33.603071249121264,33.32953448819821,33.385169982910156,92096400
2017-07-03,33.58451187449349,33.68187129619987,33.171891857064345,33.26461410522461,57111200
2017-07-05,33.30866399727566,33.56365199104382,33.08380879379327,33.40138626098633,86278400
2017-07-06,33.15335488794052,33.26462232063813,33.011951125440845,33.08612823486328,96515200
2017-07-07,33.125537127404115,33.55438561225656,33.125537127404115,33.4222526550293,76806800
2017-07-10,33.406029337936204,33.832557485774224,33.234489228921056,33.62624740600586,84362400
2017-07-11,33.54975466583044,33.80938345354862,33.46862354358563,33.73520278930664,79127200
2017-07-12,33.814003484756064,33.88586376361694,33.57060667884082,33.783870697021484,99538000
2017-07-13,33.72824379624453,34.42135468439262,33.71433580804226,34.254451751708984,100797600
2017-07-14,34.30081694099434,34.61607768026899,34.15245915410795,34.548851013183594,80528400
2017-07-17,34.49785125121931,34.98001133617501,34.43989894381205,34.66938781738281,95174000
2017-07-18,34.58594277384944,34.801527236732724,34.46308414230851,34.78993606567383,71475200
2017-07-19,34.882648805047324,35.10055002760471,34.759790207159064,35.00782775878906,83692000
2017-07-20,35.1191079114296,35.174743415150814,34.81543830335063,34.8502082824707,68974800
2017-07-21,34.76906282384856,34.87337625535041,34.511754473009255,34.83396911621094,105010400
2017-07-24,34.905828766334864,35.336994007540355,34.74819667551784,35.255859375,85972800
2017-07-25,35.188650067878356,35.6615394515635,35.188650067878356,35.406551361083984,75415600
2017-07-26,35.54794139887237,35.68238761903824,35.48071475166183,35.57344055175781,63124000
2017-07-27,35.640663606834835,35.69629908680656,34.14549501172972,34.90119171142578,129905200
2017-07-28,34.745892537480536,34.82470684308858,34.58362675030843,34.655487060546875,68854800
2017-07-31,34.74820230717305,34.847882115795706,34.3379025150929,34.476985931396484,79383600
2017-08-01,34.56275619111648,34.82238138619338,34.402807263032315,34.78297424316406,141474400
2017-08-02,36.922577704697034,37.03152833707844,36.199333963891554,36.42650604248047,279747200
2017-08-03,36.405645382650995,36.44273571356146,35.935072862751454,36.06256866455078,108389200
2017-08-04,36.17845886071467,36.486761944151176,36.090370244231536,36.25263595581055,82239600
2017-08-07,36.407962932875485,36.839128311262435,36.31755746017154,36.813629150390625,87481200
2017-08-08,36.76494790280871,37.51369077846636,36.688450427022744,37.10802459716797,144823600
2017-08-09,36.9179400889615,37.38387894784038,36.88317011611761,37.33519744873047,104526000
2017-08-10,37.211840473121136,37.2351138396778,35.98541146775911,36.14598846435547,163217200
2017-08-11,36.44388322040585,36.90234102138387,36.32054214207355,36.64867401123047,105028400
2017-08-14,37.0768771341642,37.28399737332113,36.94422529789718,37.200218200683594,88490800
2017-08-15,37.38871078210849,37.74709720230741,37.26769566381313,37.60746765136719,117862000
2017-08-16,37.68660088619419,37.81924917046181,37.270030943015655,37.456207275390625,110686400
2017-08-17,37.35614502406897,37.400362308938035,36.732454752422,36.73711013793945,111762400
2017-08-18,36.737103295814435,37.11876316373311,36.47180318702973,36.653324127197266,109712400
2017-08-21,36.65334070503348,36.74410121616706,36.09714094685185,36.585853576660156,105474000
2017-08-22,36.82320587499691,37.23512038858057,36.77433676805687,37.183921813964844,86418400
2017-08-23,37.01870047325585,37.34450642241073,36.974483190652286,37.230472564697266,77596400
2017-08-24,37.33520242456181,37.40734848090794,36.89769200647658,37.065250396728516,79275600
2017-08-25,37.15367250100886,37.365448131007646,37.06524149202365,37.202545166015625,101920400
2017-08-28,37.267707314457965,37.70056580462589,37.21883464818906,37.57722473144531,103864000
2017-08-29,37.25839696687532,37.961207367983214,37.23512359422168,37.91233825683594,118067600
2017-08-30,38.11945542733169,38.1403993304265,37.84251864968543,38.014732360839844,109078400
2017-08-31,38.08222500529962,38.28701933479134,38.04498902702507,38.1660041809082,107140400
2017-09-01,38.35218631660367,38.38476691476252,38.07990484248632,38.17764663696289,66364400
2017-09-05,38.107826095654566,38.224185869992446,37.365450167215954,37.71918487548828,117874000
2017-09-06,37.86579516412337,37.93095634650661,37.35613884039739,37.67961883544922,86606800
2017-09-07,37.721508469706514,37.75641853046921,37.318904669575105,37.528350830078125,87714000
2017-09-08,37.43526143833459,37.5027485354411,36.89302454061996,36.916297912597656,114446000
2017-09-11,37.35148229687576,37.71219825667535,37.20952325015532,37.58420181274414,126323200
2017-09-12,37.842523774144745,38.15669656718192,36.94888161090867,37.435264587402344,286856000
2017-09-13,37.20485838508281,37.225805834946854,36.748730238780546,37.15365982055664,179629600
2017-09-14,37.00009041883862,37.095502755900135,36.79064064858667,36.83485794067383,95042800
2017-09-15,36.879063711510014,37.460862528753474,36.76968524978679,37.20719909667969,196458400
2017-09-18,37.26071860122323,37.35147906251199,36.76968032322053,36.925601959228516,113077600
2017-09-19,37.12109233670527,37.18160168941418,36.872084276845705,36.939571380615234,83242400
2017-09-20,36.74641502768066,36.83019420658848,35.79924831851858,36.32054138183594,211805600
2017-09-21,36.25769313841606,36.25769313841606,35.54789806424568,35.69683837890625,150046800
2017-09-22,35.266325043549436,35.43621290068164,35.038260840039634,35.3477783203125,186581600
2017-09-25,34.90560444698507,35.333807540538785,34.712446806182214,35.035926818847656,177549200
2017-09-26,35.32217692462423,35.820196674707795,35.30123301505046,35.638675689697266,146640000
2017-09-27,35.79225867763542,36.00636018473851,35.73174933689874,35.89232635498047,102016800
2017-09-28,35.81321227532656,35.90397275998524,35.53627543595255,35.6712532043457,88022000
2017-09-29,35.65496905757333,35.869070648914104,35.37337679824419,35.86674118041992,105199200
2017-10-02,35.89931307362548,35.94353035206246,35.54092656332573,35.79458999633789,74795200
2017-10-03,35.84114107558,36.09247864696727,35.81787124829647,35.95051956176758,64921200
2017-10-04,35.7527102079886,35.80623471709769,35.48042872553934,35.71780014038086,80655200
2017-10-05,35.88070024890902,36.17392916873495,35.85044912063934,36.16229248046875,85135200
2017-10-06,36.06452906900521,36.185544162587526,35.96911325385346,36.141326904296875,69630400
2017-10-09,36.260028433475185,36.47412996923933,36.185560032391976,36.26700973510742,65051600
2017-10-10,36.318211320930025,36.7696878026188,36.09480254816797,36.280975341796875,62468000
2017-10-11,36.29726559284751,36.532311041171035,36.24606701186326,36.43224334716797,67622400
2017-10-12,36.38570207050026,36.6230734482927,36.241413538743075,36.30424880981445,64500400
2017-10-13,36.47412429704772,36.60212072543048,36.3996559075453,36.53463363647461,65576800
2017-10-16,36.746411876689784,37.23512430358156,36.688231994965435,37.20719909667969,96486000
2017-10-17,37.18392066080533,37.43758405834157,37.05592422823548,37.34449768066406,75989200
2017-10-18,37.33287510452323,37.400365772210506,37.14204689286132,37.17927932739258,65496800
2017-10-19,36.47878609569955,36.55558396623373,36.07618230564295,36.299591064453125,170336800
2017-10-20,36.44620210761689,36.71150220336914,36.29493584858067,36.362422943115234,95896400
2017-10-23,36.51136555990022,36.697541887170274,36.18788556728802,36.343807220458984,87937200
2017-10-24,36.37173968118282,36.63471392906621,36.35079577232983,36.560245513916016,71028800
2017-10-25,36.51602560804627,36.66496597867976,36.1343656863593,36.39966583251953,84828400
2017-10-26,36.590490078000336,36.73012321400495,36.485767001505955,36.632381439208984,68002000
2017-10-27,37.069884438584545,38.07290838110051,36.93258079751083,37.94491195678711,177816800
2017-10-30,38.14039934956485,39.113168722330684,38.100837460026646,38.79899597167969,178803200
2017-10-31,39.073605228864956,39.48086438095683,38.8501964825732,39.338905334472656,144187200
2017-11-01,39.53206521312065,39.54835728462217,38.54068129899505,38.83856201171875,134551200
2017-11-02,38.77106950931524,39.21323513193892,38.463878069668525,39.122474670410156,165573600
2017-11-03,40.4931985606318,40.553704360574216,39.822965172267914,40.14411926269531,237594400
2017-11-06,40.11387005611356,40.723597727661854,39.962603760125596,40.55138397216797,140105200
2017-11-07,40.47225170238434,40.78409500021298,40.40010922090348,40.681697845458984,97446000
2017-11-08,40.64679096381511,41.014488220214844,40.569993098457765,41.014488220214844,97638000
2017-11-09,40.75151481626194,40.9819084167544,40.293057083101544,40.93070983886719,117930400
2017-11-10,40.898011384934065,40.96107253375823,40.70182510390722,40.79524612426758,100582000
2017-11-13,40.52198417452118,40.75554027927347,40.49862713853262,40.63175582885742,67928400
2017-11-14,40.41454264083575,40.51730788656065,39.980128188133286,40.01749801635742,99130000
2017-11-15,39.697542276779,39.779288361333066,39.3261888238754,39.48967742919922,116632400
2017-11-16,39.98013765358011,40.1412919576405,39.774610677253996,39.961456298828125,94550000
2017-11-17,39.94744691659311,40.029193003996674,39.6204696945477,39.73958206176758,87598000
2017-11-20,39.77226907364915,39.83533022227053,39.60177410833716,39.699867248535156,65049600
2017-11-21,39.88671932640713,40.56870286213054,39.88671932640713,40.43791198730469,100525200
2017-11-22,40.489296234998555,40.87232819669046,40.4168943952556,40.86298751831055,102355600
2017-11-24,40.89567791956575,40.989098941782885,40.79057481484202,40.86531448364258,56106800
2017-11-27,40.88400167947981,40.89100807834741,40.484619125107635,40.659786224365234,82867200
2017-11-28,40.70883140262639,40.8419565345033,40.138953913985674,40.42155838012695,105715200
2017-11-29,40.31878402349336,40.38651371324103,39.041232082418645,39.58308029174805,166665600
2017-11-30,39.80497809979089,40.204360736187915,39.34020358179403,40.13663101196289,166108800
2017-12-01,39.692862534061966,40.094579352171586,39.35420686724889,39.94977569580078,159037200
2017-12-04,40.28375409121187,40.31645180181726,39.618121361648676,39.6578254699707,130169600
2017-12-05,39.48499753144079,40.05954716131824,39.33084963515859,39.620460510253906,109400800
2017-12-06,39.12066287798593,39.751263895202484,38.87776600191327,39.473331451416016,114240000
2017-12-07,39.47798969259851,39.80730466888246,39.44996409930915,39.54572296142578,102693200
2017-12-08,39.81898119319847,39.93809352249656,39.428942929726325,39.557395935058594,93420800
2017-12-11,39.517696389805344,40.379519077673,39.42193752142367,40.3281364440918,141095200
2017-12-12,40.20669257959501,40.262747342436676,40.04554181852073,40.101593017578125,77636800
2017-12-13,40.28843523854579,40.53133206264366,40.171657165390585,40.234718322753906,95273600
2017-12-14,40.26506465721678,40.435563152609014,40.08989760639284,40.223026275634766,81906000
2017-12-15,40.552347608549645,40.67846633705121,40.27908739364348,40.63175582885742,160677200
2017-12-18,40.84428942929417,41.38613769523844,40.83961730971844,41.20396423339844,117684400
2017-12-19,40.879332559638705,40.963412916005446,40.659789208915306,40.764888763427734,109745600
2017-12-20,40.84195135876632,40.9704079180063,40.46359164226223,40.72050476074219,93902400
2017-12-21,40.678458995875786,41.11053913720405,40.66211192466059,40.8746452331543,83799600
2017-12-22,40.79757130484145,40.97040407412929,40.755532924188635,40.8746452331543,65397600
2017-12-26,39.89138628266804,40.04786845648848,39.629801003099054,39.837669372558594,132742000
2017-12-27,39.72789890711573,39.8867153639745,39.636812159497616,39.84467697143555,85992800
2017-12-28,39.93809456364171,40.136618681430484,39.81664438933152,39.95677947998047,65920800
2017-12-29,39.82600107882872,39.84234815837053,39.522377330033464,39.52471160888672,103999600
2018-01-02,39.74191791945546,40.24172797035305,39.53171523253815,40.232383728027344,102223600
2018-01-03,40.29543986802562,40.767224260711025,40.16231472364331,40.225372314453125,118071600
2018-01-04,40.29778381353322,40.51499292533627,40.19034996089553,40.412227630615234,89738400
2018-01-05,40.50798265725906,40.958744354322555,40.41689589359532,40.87232971191406,94640000
2018-01-08,40.72050476074219,41.01478414426948,40.62240806911673,40.72050476074219,82271200
2018-01-09,40.767214379171435,40.88632669672445,40.500960591160094,40.7158317565918,86336000
2018-01-10,40.44257360333201,40.70882740472124,40.40520377343591,40.70648956298828,95839600
2018-01-11,40.77657074012666,40.98677343075358,40.75321726146878,40.93772506713867,74670800
2018-01-12,41.14791003371474,41.42350807179687,41.024125591694585,41.36044692993164,101672400
2018-01-16,41.549628413105026,41.897628282123996,41.13857096354328,41.15024948120117,118263600
2018-01-17,41.14091299359858,41.86493845941443,40.88867549633279,41.82990646362305,137547200
2018-01-18,41.89295892367008,42.06345745239051,41.63137721705079,41.86726760864258,124773600
2018-01-19,41.71545572653174,41.942005431691854,41.43518911550599,41.680423736572266,129700400
2018-01-22,41.40950695127393,41.52161290769802,41.24601835570046,41.339439392089844,108434400
2018-01-23,41.40950082837842,41.909310783105305,41.297394888530555,41.34877395629883,130756400
2018-01-24,41.39782215645873,41.409500675183416,40.451919160296335,40.690147399902344,204420400
2018-01-25,40.75788422729664,40.86064950797437,39.828331707702596,39.96379470825195,166116000
2018-01-26,40.171656622698116,40.171656622698116,39.71855713477156,40.057212829589844,156572000
2018-01-29,39.741899547890576,39.741899547890576,39.02021218646074,39.22807693481445,202561600
2018-01-30,38.66055051084549,39.09029298583721,38.466698472240886,38.99687194824219,184192800
2018-01-31,38.973506787042304,39.34019158896355,38.8870921670817,39.10429763793945,129915600
2018-02-01,39.04358102152163,39.38223672499564,38.947822145072344,39.18605041503906,188923200
2018-02-02,38.770318479924185,38.95716410101793,37.392338706452456,37.48575973510742,346375200
2018-02-05,37.158783638850124,38.27518171314244,36.43475817272473,36.54920196533203,290954000
2018-02-06,36.161500373275416,38.23781447548652,35.96764833446802,38.07666015625,272975200
2018-02-07,38.090660445947215,38.163062260948806,37.15176756499472,37.26153564453125,206434400
2018-02-08,37.436707202469265,37.60253360818496,36.20820335015767,36.236228942871094,217562000
2018-02-09,36.834238847176806,37.026533888766004,35.232545926564505,36.67946243286133,282690400
2018-02-12,37.1695747743934,38.433574681948436,36.937410211584435,38.156856536865234,243278000
2018-02-13,37.97863712192877,38.63526140008167,37.90828388171339,38.53911209106445,130196800
2018-02-14,38.23423521438623,39.28952266255722,38.196716602413595,39.249656677246094,162579600
2018-02-15,39.81718190932094,40.591060388671146,39.631921837320796,40.56761169433594,204588800
2018-02-16,40.41985794427395,40.99675003968103,40.28149888137807,40.43627166748047,160704400
2018-02-20,40.3471710450307,40.865432606579574,40.19942960756967,40.300270080566406,135722000
2018-02-21,40.530065735709606,40.83257983703268,40.103258956165824,40.117332458496094,149886400
2018-02-22,40.28853879540828,40.79273036100625,40.267433900844,40.452693939208984,123967600
2018-02-23,40.72707628005614,41.191401942979354,40.69658904083861,41.156227111816406,135249600
2018-02-26,41.35554853334056,42.068452335634156,41.32271750780691,41.9699592590332,152648800
2018-02-27,42.00044873820776,42.32406784199246,41.7800103071155,41.833946228027344,155712400
2018-02-28,42.037961604302204,42.35689307363016,41.75420853117485,41.77062225341797,151128400
2018-03-01,41.86912912796917,42.15992083887436,40.49022213739476,41.038970947265625,195208000
2018-03-02,40.52305269157681,41.34383210081118,40.44097331932767,41.32272720336914,153816000
2018-03-05,41.08821211152215,41.68151798734125,40.92640076751445,41.46577072143555,113605600
2018-03-06,41.72137939673423,41.8011113730967,41.30395484011507,41.43058776855469,95154000
2018-03-07,41.02490416440903,41.238307688510396,40.867783950120035,41.0460090637207,126814000
2018-03-08,41.15152794699737,41.53612153235945,41.05538223439218,41.49391174316406,95096400
2018-03-09,41.733117043172626,42.21151261164634,41.599445535644904,42.20682144165039,128740800
2018-03-12,42.27952306476591,42.77199219669841,42.26076553937398,42.614871978759766,128828400
2018-03-13,42.8188823717897,43.03228584704719,42.03328148015338,42.204471588134766,126774000
2018-03-14,42.28654947219528,42.333450428842454,41.69793119458534,41.845672607421875,117473600
2018-03-15,41.85973408922066,42.26777984416537,41.75889723169396,41.8949089050293,90975200
2018-03-16,41.894918778246705,42.00513799817259,41.65337544393605,41.7471809387207,157618800
2018-03-19,41.58303340390642,41.61820823444028,40.72473175573631,41.10932540893555,133787200
2018-03-20,41.095252990722656,41.46108551940185,41.024899755596465,41.095252990722656,78597600
2018-03-21,41.048335598889736,41.06006173079245,40.161894417403104,40.164241790771484,148219600
2018-03-22,39.866427764434306,40.494908555129875,39.53811743769994,39.596744537353516,165963200
2018-03-23,39.488858804240465,39.847656274311774,38.679805755615234,38.679805755615234,164115200
2018-03-26,39.413814288272604,40.5933908285116,39.03156458909685,40.5160026550293,150164800
2018-03-27,40.72940449669083,41.074132023484395,39.144129495106135,39.47713088989258,163690400
2018-03-28,39.22151554961201,39.871104581868025,38.738428994894235,39.04094314575195,166674000
2018-03-29,39.35284871600534,40.27681225973409,39.139445242034746,39.3458137512207,153594000
2018-04-02,39.07846227655928,39.617832072666424,38.56957970397209,39.08784103393555,150347200
2018-04-03,39.31297602301765,39.573280410628975,38.66573432493875,39.48885726928711,121112000
2018-04-04,38.665743788214215,40.3377861453882,38.63994772264869,40.24398422241211,138422000
2018-04-05,40.471456271496045,40.85839366355364,40.35420208259207,40.523048400878906,107732800
2018-04-06,40.09389852773458,40.4480048978712,39.44430930489733,39.48652267456055,140021200
2018-04-09,39.83828875541759,40.59105872724588,39.83125378957353,39.87815475463867,116070800
2018-04-10,40.56995108908561,40.80445947688379,40.225223472757165,40.628578186035156,113634400
2018-04-11,40.389369381678115,40.78568903885256,40.26508025086536,40.43861770629883,89726400
2018-04-12,40.66609779258834,41.03896524660504,40.579327261385,40.83728790283203,91557200
2018-04-13,40.98736929116872,41.235947570635815,40.76927824238423,40.975643157958984,100497200
2018-04-16,41.04599479836905,41.31802533378069,40.99909384564957,41.231258392333984,86313600
2018-04-17,41.388396388130964,41.96294135774675,41.36963528329551,41.79878616333008,106421600
2018-04-18,41.69792490586436,41.9347806054284,41.47983388010552,41.704959869384766,83018000
2018-04-19,40.74817443971879,41.1304242406062,40.49021737111835,40.523048400878906,139235200
2018-04-20,40.00711835073657,40.15251235509052,38.794707262352645,38.86271667480469,261964400
2018-04-23,39.12303532985958,39.14414022627035,38.480481049834914,38.75016784667969,146062000
2018-04-24,38.85099935886724,39.00577573441421,37.80743787824953,38.210792541503906,134768000
2018-04-25,38.135745511852214,38.79236958650734,38.08650076378324,38.377288818359375,113528400
2018-04-26,38.48751498482302,38.86507362764552,38.31163369614759,38.51096725463867,111852000
2018-04-27,38.459379210220455,38.53676741485826,37.66908701419298,38.065406799316406,142623200
2018-04-30,38.02083603841994,39.22386131751476,37.952826620026435,38.754844665527344,169709600
2018-05-01,39.02453317715288,39.678809862224035,38.75719381639185,39.65536117553711,214277600
2018-05-02,41.0928987187872,41.6838607850088,40.75755348322687,41.407142639160156,266157600
2018-05-03,41.24534078445149,41.625243268091204,40.9076480975209,41.48219299316406,136272800
2018-05-04,41.80112285694862,43.20817327569584,41.782361755300954,43.10968017578125,224805200
2018-05-07,43.42625741514392,44.01018453355884,43.32542053554756,43.42156982421875,169805600
2018-05-08,43.38170126079182,43.67014553139931,43.07214851901718,43.630279541015625,113611200
2018-05-09,43.74753354962685,43.946863500783344,43.43563701372067,43.93748474121094,92844800
2018-05-10,44.026597421096504,44.64335192738503,44.00548895079558,44.56596374511719,111957200
2018-05-11,44.608342648435915,44.74252598594442,44.1280988490821,44.39646911621094,104848800
2018-05-14,44.49534749608727,44.61776309036825,44.22462436223415,44.29289245605469,83115200
2018-05-15,43.970378343631864,44.0386500297141,43.574886781090854,43.89033889770508,94780800
2018-05-16,43.80324750303207,44.36588377258651,43.78676688805345,44.299964904785156,76732400
2018-05-17,44.2575866959749,44.47181311070607,43.87151001954558,44.01982116699219,69176000
2018-05-18,44.06689787877009,44.212852583391616,43.81736102553501,43.85973358154297,73190800
2018-05-21,44.25758035606822,44.556555441924544,44.00098141717452,44.17047882080078,73603200
2018-05-22,44.347033414525384,44.46473973224768,43.970371760969364,44.05982971191406,60962800
2018-05-23,43.86914520823956,44.37528092786658,43.73024902599362,44.342323303222656,80233600
2018-05-24,44.4388507541978,44.455327773211465,43.83619489329493,44.29289245605469,92936000
2018-05-25,44.31171578071335,44.64600126495954,44.17517603214325,44.39411163330078,69844000
2018-05-29,44.16340695342887,44.43413001735231,43.99155316227338,44.23402786254883,90056400
2018-05-30,44.19166457691975,44.25757983398438,43.970376103011894,44.13987350463867,74762000
2018-05-31,44.073961577958656,44.31172708804303,43.81971545630675,43.9915657043457,109931200
2018-06-01,44.255222240202905,44.78960633163015,44.19872191503412,44.7849006652832,93770000
2018-06-04,45.1144812257264,45.53351546579196,45.0462131360557,45.159210205078125,105064800
2018-06-05,45.451125024403204,45.6559328937866,45.283980451471415,45.50762176513672,86264000
2018-06-06,45.582948159321724,45.68888312315127,45.18039098623548,45.665340423583984,83734400
2018-06-07,45.70301712912846,45.71714131505994,45.27927359062222,45.542938232421875,85388800
2018-06-08,45.003840274270324,45.19923322394816,44.6742639688573,45.12860870361328,106627200
2018-06-11,45.0462077379834,45.19216241765169,44.77783748614501,45.0179557800293,73234000
2018-06-12,45.055615840849484,45.34281949046892,44.99911552560742,45.265132904052734,67644400
2018-06-13,45.29809464432641,45.40638602703127,44.83197867553465,44.893184661865234,86553600
2018-06-14,45.09328461010756,45.09799386793647,44.7801854185429,44.916725158691406,86440400
2018-06-15,44.73546388316103,44.76606867596771,44.31878250278761,44.455322265625,246876800
2018-06-18,44.22931916554199,44.544771178363625,44.06923673424777,44.4317741394043,73939600
2018-06-19,43.5843017620001,43.86444341520715,43.18645377330186,43.71377944946289,134314000
2018-06-20,43.869146633345196,44.06924522085797,43.72318835479916,43.904457092285156,82514800
2018-06-21,44.081020718622625,44.33997608225244,43.53721804711214,43.65963363647461,102847600
2018-06-22,43.815018682741396,43.822080777679254,43.48073301793347,43.53252410888672,108801600
2018-06-25,43.174684615472465,43.53251289934205,42.54613318305983,42.885128021240234,126652400
2018-06-26,43.078161213268196,43.91152039626255,42.97222264930026,43.417152404785156,98276800
2018-06-27,43.60548924535381,44.08808595262717,43.32299475079041,43.353599548339844,101141200
2018-06-28,43.33946445126731,43.83618521939736,43.26883994737882,43.66904067993164,69460800
2018-06-29,43.8550328978544,44.06690649566092,43.05934036740119,43.577247619628906,90950800
2018-07-02,43.2735652503592,44.0928004597291,43.17939801288904,44.06454849243164,70925200
2018-07-03,44.208138207593315,44.24580509220455,43.20763448482043,43.29709243774414,55819200
2018-07-05,43.61254637039309,43.883273073933445,43.381842978525576,43.645503997802734,66416800
2018-07-06,43.65021202345311,44.358802788798194,43.59842095439938,44.25051498413086,69940800
2018-07-09,44.61068318589229,44.88846830157013,44.56360138907869,44.86492919921875,79026400
2018-07-10,44.89554734134358,45.02973068179138,44.770775334103476,44.81079864501953,63756400
2018-07-11,44.375282843511165,44.67661073672415,44.16576573663476,44.22932815551758,75326000
2018-07-12,44.617759623255736,45.06033655826407,44.5659685524734,44.97087860107422,72164400
2018-07-13,44.98265074224645,45.1615630676569,44.940274596265624,45.04150390625,50055600
2018-07-16,45.08623263086396,45.352246488020654,44.82727727386679,44.942630767822266,60172400
2018-07-17,44.66955094745963,45.16862462279862,44.54007326976923,45.06975173950195,62138000
2018-07-18,45.147449118604044,45.152158378583366,44.71193416939551,44.82257843017578,65573600
2018-07-19,44.655435602898564,45.328716068057794,44.655435602898564,45.170989990234375,81147200
2018-07-20,45.147441331264595,45.30045812912671,44.76842679084426,45.06740188598633,82704800
2018-07-23,44.88848622384331,45.189817746404486,44.62482518272859,45.107421875,63957600
2018-07-24,45.30515750434939,45.590008351958474,45.21099389422537,45.434635162353516,74791600
2018-07-25,45.44876576568423,45.87015642198545,45.30045464627953,45.863094329833984,66839600
2018-07-26,45.813657492271,46.131466017243845,45.578244834398404,45.7194938659668,76304000
2018-07-27,45.90311735619619,45.950199171301655,44.75194955512328,44.959110260009766,96096000
2018-07-30,45.17569861864278,45.24632315163883,44.50948379555925,44.70722961425781,84118000
2018-07-31,44.799036876357306,45.23219537594548,44.573039107117175,44.79668045043945,157492000
2018-08-01,46.87772303025375,47.49685586882303,46.44927027493961,47.43564987182617,271742800
2018-08-02,47.219075346270785,49.05529495161467,47.16493143616586,48.822235107421875,249616000
2018-08-03,48.73747656804409,49.140033746422596,48.372586272623785,48.96347427368164,133789600
2018-08-06,48.965830589860516,49.26009639869382,48.74689855230227,49.21772384643555,101701600
2018-08-07,49.27657299747852,49.318945546288,48.67391365266562,48.756309509277344,102349600
2018-08-08,48.50677025810236,48.92109516921225,48.14658924289564,48.78926467895508,90102000
2018-08-09,49.32600948331823,49.384862642496735,48.77749760872117,49.17299270629883,93970400
2018-08-10,48.986374954988406,49.39743090242757,48.82336994816407,49.02653503417969,98444800
2018-08-13,49.44703548083893,49.83446612894163,49.06669169299889,49.34309005737305,103563600
2018-08-14,49.6478343527854,49.74232821635951,49.1989794890338,49.55097579956055,82992000
2018-08-15,49.4257611626043,49.78484426985245,49.21550928892601,49.666725158691406,115230400
2018-08-16,50.023444767005195,50.51009493981501,49.957298351557796,50.39434051513672,114001600
2018-08-17,50.422703707891095,51.488137151206544,50.35655727177056,51.40073013305664,141708000
2018-08-20,51.52356740894987,51.77870156484017,50.817213693824115,50.899898529052734,121150800
2018-08-21,51.216467625710436,51.30860042475476,50.56208648112297,50.80068588256836,104639200
2018-08-22,50.57862151592245,51.11251877669157,50.51719725085432,50.80304718017578,76072400
2018-08-23,50.70855474914138,51.275528888946454,50.69674571672292,50.90699768066406,75532800
2018-08-24,51.16920724931565,51.240075841735475,50.81721095322185,51.06526184082031,73905600
2018-08-27,51.29913331813298,51.67475486622444,51.10541983221715,51.48576354980469,82100400
2018-08-28,51.73854910291171,52.09999341575368,51.717288520911694,51.901554107666016,91107200
2018-08-29,52.00785967623927,52.79689832830849,51.83304564336104,52.676414489746094,109019200
2018-08-30,52.7401827486312,53.92373493613474,52.53937881923874,53.16068649291992,195175200
2018-08-31,53.51032449768809,54.06784690966644,53.38984428836114,53.7749137878418,173360400
2018-09-04,53.95918507117456,54.14108594690396,53.53868123150636,53.94737243652344,109560400
2018-09-05,54.096198793356,54.25683907496072,53.17723213437342,53.59537124633789,133332000
2018-09-06,53.44418099923575,53.70877030386008,52.27952809791721,52.70475769042969,137160000
2018-09-07,52.40945751605054,53.241013565604675,52.140146053637395,52.27952575683594,150479200
2018-09-10,52.19683916241394,52.40945574431646,51.13849284121695,51.57789611816406,158066000
2018-09-11,51.50230839347898,52.9882492587636,51.1597635933339,52.88194274902344,142996000
2018-09-12,53.139433921586026,53.15360764020319,51.93461737319087,52.22519302368164,197114800
2018-09-13,52.80397358083536,53.94500473781186,52.57954796881852,53.48670196533203,166825600
2018-09-14,53.330789785670724,53.588288636449,52.56774117812255,52.879573822021484,127997200
2018-09-17,52.48033447784941,52.66932583005766,51.327494078328534,51.47159957885742,148780400
2018-09-18,51.450322907548866,52.40945315642441,51.29204372483906,51.55663299560547,126286800
2018-09-19,51.61806106604274,51.88264677017388,50.86209933658958,51.58734893798828,108495200
2018-09-20,52.02911525185576,52.51103971221684,51.77161281099577,51.9795036315918,106435200
2018-09-21,52.15668660065999,52.29370523412945,51.332213714764634,51.41962432861328,384986800
2018-09-24,51.221187301371494,52.27008227145814,51.176301449926825,52.15904998779297,110773600
2018-09-25,51.91335848542905,52.63861168577063,51.901545851293584,52.48978042602539,98217600
2018-09-26,52.20866247111113,52.85831777335347,51.915725691677075,52.0716438293457,95938800
2018-09-27,52.8748417371576,53.49378473885603,52.80869171721533,53.141788482666016,120724800
2018-09-28,53.10400092790325,53.35205184075627,52.92210004922642,53.32843017578125,91717600
2018-10-01,53.85050878521809,54.197779303794704,53.47252974510527,53.687503814697266,94403200
2018-10-02,53.685143811325815,54.33479901696342,53.53867724574372,54.16470718383789,99152800
2018-10-03,54.3466234449781,55.15455802530657,54.28283809253597,54.82382583618164,114619200
2018-10-04,54.51906948736873,54.88996531394605,53.56230374089691,53.85996627807617,128168000
2018-10-05,53.85287945813357,53.95918596232943,52.10943981236538,52.98588180541992,134322000
2018-10-08,52.49450599592842,53.1063622318355,52.01966478038702,52.863037109375,118655600
2018-10-09,52.83232269929613,53.68986871026096,52.503951672171496,53.59537124633789,107564000
2018-10-10,53.262284289555225,53.47253621494058,51.03928120567304,51.11251449584961,167962400
2018-10-11,50.67783525382728,51.854300842204054,50.15811177498409,50.66129684448242,212497600
2018-10-12,52.071635376118714,52.652783065490866,51.225901996474846,52.47087860107422,161351600
2018-10-15,52.24644946201455,52.40472864854832,51.32748286247947,51.3487434387207,123164000
2018-10-16,51.71964012658048,52.67877048262682,51.20700353895954,52.48032760620117,116736000
2018-10-17,52.515764645492226,52.59608478681421,51.81649782677638,52.2535400390625,91541600
2018-10-18,51.466862088668904,51.91099112455737,50.31874412087741,51.03218460083008,130325200
2018-10-19,51.51410848939273,52.270070113730455,51.36527724915882,51.80940628051758,132314800
2018-10-22,51.92280389191962,52.76617618297206,51.722003540271174,52.12596893310547,115168400
2018-10-23,50.98730513181056,52.74019262431789,50.72035473904034,52.617347717285156,155071200
2018-10-24,52.58663632017464,52.971702219608254,50.682552981710785,50.81248474121094,163702000
2018-10-25,51.43143757260694,52.2984316284464,51.204647237524014,51.925174713134766,119423200
2018-10-26,51.003845416593705,52.017309700274836,50.24079674850228,51.09834289550781,189033600
2018-10-29,51.781068877806405,51.899188017139984,48.68634598538271,50.13921356201172,183742000
2018-10-30,49.88169975873189,50.8337395169499,49.4375743470066,50.38961410522461,146640000
2018-10-31,51.2353476188621,52.07871621140571,51.17392337307562,51.70309829711914,153435600
2018-11-01,51.747997017825796,52.52994516393309,51.21882196206112,52.49687194824219,233292800
2018-11-02,49.50373206968647,50.47230685045314,48.530427909312415,49.01471710205078,365314800
2018-11-05,48.26347923934601,48.28473981849687,46.81533749201692,47.62327194213867,264654800
2018-11-06,47.701232888220325,48.36270079071048,47.64689909334055,48.138275146484375,127531600
2018-11-07,48.6580010661063,49.62421481077782,48.22332347597132,49.598228454589844,133697600
2018-11-08,49.778395614446815,49.81158422834098,49.01268455420354,49.425174713134766,101450400
2018-11-09,48.72821123325348,48.83725798808566,47.945904040896274,48.47218322753906,137463200
2018-11-12,47.17544617439907,47.376950783365466,45.940348730689024,46.030433654785156,204542000
2018-11-13,45.42829839038313,46.74399267153785,45.385625249664386,45.570533752441406,187531600
2018-11-14,45.96643301809805,46.10392974917986,44.077043957770435,44.28329086303711,243204000
2018-11-15,44.6602144819987,45.50889886088742,44.3069899736933,45.37614440917969,185915200
2018-11-16,45.16042378008925,46.22009385580825,44.91388027599369,45.87872314453125,147713200
2018-11-19,45.04187875050665,45.20782179086691,43.85419682883502,44.06044006347656,167701200
2018-11-20,42.28484285652294,43.01973815578726,41.60684386740584,41.955326080322266,271300800
2018-11-21,42.60724693877204,42.7352627289544,41.85338983967159,41.90791320800781,124496800
2018-11-23,41.47172379819083,41.8652485061949,40.79846701261189,40.843505859375,94496000
2018-11-26,41.30578507376438,41.474097479199976,40.36227340474678,41.39586639404297,179994000
2018-11-27,40.65860267099883,41.43142901354087,40.50925570213166,41.3057861328125,165549600
2018-11-28,41.89607267178659,42.97707755899626,41.46935926439113,42.894107818603516,184250000
2018-11-29,43.30185140230018,43.33504001855677,42.126019422817734,42.5645866394043,167080000
2018-11-30,42.74000782999921,42.74949235818661,41.96718517795777,42.334632873535156,158126000
2018-12-03,43.72855352828848,43.842342523740484,42.958100347142334,43.81389617919922,163210000
2018-12-04,42.89647046140482,43.237841134153726,41.78701939225855,41.8865852355957,165377200
2018-12-06,40.717871651240934,41.43380172975156,40.40020862932466,41.419578552246094,172393600
2018-12-07,41.1279855500533,41.36504811416553,39.89763026354484,39.94267272949219,169126400
2018-12-10,39.115325064377515,40.32197270882044,38.719430996285325,40.205814361572266,248104000
2018-12-11,40.69416374537951,40.72497942132242,39.589451243722934,39.97586441040039,189126800
2018-12-12,40.395447175002914,40.7557831755504,40.068303395918306,40.0872688293457,142510800
2018-12-13,40.416786406967034,40.90987683469424,40.193947081069616,40.52583312988281,127594400
2018-12-14,40.063568031120994,40.08253346781374,39.1816951199879,39.22910690307617,162814800
2018-12-17,39.22200742213319,39.90949114960628,38.5771968447114,38.864044189453125,177151600
2018-12-18,39.205406665323395,39.71508971376303,38.97071343268076,39.368980407714844,135366000
2018-12-19,39.35238091263852,39.69612086582762,37.714277923367106,38.1409912109375,196189200
2018-12-20,38.024819921733545,38.43019834962624,36.815803457566034,37.17850875854492,259092000
2018-12-21,37.185619812707245,37.49380175233447,35.471659138694456,35.732425689697266,382978400
2018-12-24,35.120816354489186,35.926831218245276,34.75099934452627,34.80789566040039,148676800
2018-12-26,35.15638085749842,37.273347931699135,34.7818215521374,37.259124755859375,234330000
2018-12-27,36.94383371504013,37.164303808057454,35.57598515454274,37.0173225402832,212468400
2018-12-28,37.337352040383294,37.57915685691389,36.6380182335606,37.03628158569336,169165600
2018-12-31,37.5815344580242,37.778296854127106,37.09555539461711,37.394256591796875,140014000
2019-01-02,36.718617135510485,37.657386397267345,36.56215498900312,37.43691635131836,148158800
2019-01-03,34.13226039084803,34.54475047514119,33.66287761719509,33.70792007446289,365248800
2019-01-04,34.262650244247524,35.21564271315385,34.0895955946681,35.14689254760742,234428400
2019-01-07,35.25120374411971,35.28202303602157,34.58742781885169,35.06866455078125,219111200
2019-01-08,35.455066224870585,35.99082977941127,35.208522821319015,35.7371711730957,164101200
2019-01-09,35.865191626259296,36.63327559109025,35.471670542086514,36.344058990478516,180396400
2019-01-10,36.152042085783165,36.50052435461603,35.7632596139456,36.46022415161133,143122800
2019-01-11,36.24212643871853,36.436515862873954,35.91734826183033,36.102256774902344,108092800
2019-01-14,35.760888011805555,35.860453851229586,35.37447488807685,35.559383392333984,129756800
2019-01-15,35.623405705623604,36.36304002184824,35.57125163283453,36.28718185424805,114843600
2019-01-16,36.28953607113632,36.95331194342955,36.270570632809374,36.730472564697266,122278800
2019-01-17,36.555041764917604,37.37527971845507,36.33220240574262,36.94856643676758,119284800
2019-01-18,37.33734441280423,37.427429321935136,36.97700839356735,37.176143646240234,135004000
2019-01-22,37.0789469631182,37.154805083090615,36.18047805104972,36.34168243408203,121576000
2019-01-23,36.54318990699627,36.7778831290405,35.96238739453365,36.48866653442383,92522400
2019-01-24,36.533702817587695,36.621414786971584,35.97186583784891,36.19944381713867,101766000
2019-01-25,36.85847696932407,37.48669477291411,36.58348721486467,37.39897918701172,134142000
2019-01-28,36.93196750675945,37.059983290146754,36.42702681111613,37.05287170410156,104768400
2019-01-29,37.041028491557945,37.48670730390051,36.53371471002909,36.66883850097656,166348800
2019-01-30,38.700465907848546,39.387945938010034,37.98453590853503,39.174591064453125,244439200
2019-01-31,39.37845305142474,40.06356354968348,39.01100544334011,39.45668411254883,162958400
2019-02-01,39.579962696906414,40.058826416325836,39.33578495633769,39.47565460205078,130672400
2019-02-04,39.68663518647969,40.694150841774515,39.65581590302126,40.596954345703125,125982000
2019-02-05,40.97862902443456,41.504908129697604,40.85772843652332,41.29154968261719,144406400
2019-02-06,41.402979043571136,41.62107980509116,40.97626928419296,41.3057861328125,112958400
2019-02-07,40.86957727340358,41.23465558231685,40.38122905771558,40.523468017578125,126966800
2019-02-08,40.23301855889848,40.630610517833716,40.09731162648508,40.57109069824219,95280000
2019-02-11,40.723451736055644,40.76154528352861,40.29490840898636,40.33776092529297,83973600
2019-02-12,40.497286553447424,40.71155645006401,40.402052662772235,40.685367584228516,89134000
2019-02-13,40.804400566797696,41.06390606505326,40.4544237953591,40.51632308959961,89960800
2019-02-14,40.40442731408336,40.773447210619636,40.325860733039946,40.66393280029297,87342800
2019-02-15,40.77107347735558,40.87820841832707,40.41395458558312,40.57346725463867,98507200
2019-02-19,40.404431905407954,40.81630799877144,40.35205417876045,40.69488525390625,75891200
2019-02-20,40.75679375063616,41.2639037947893,40.70917861976395,40.95677947998047,104457600
2019-02-21,40.90201766804449,41.03772095743167,40.54489877740289,40.72583770751953,68998800
2019-02-22,40.84964624668983,41.18771841275426,40.80203111381347,41.18057632446289,75652800
2019-02-25,41.46387375984165,41.87098715173917,41.413875530113756,41.48053741455078,87493600
2019-02-26,41.35674080846053,41.73528587720178,41.22817600180852,41.50434875488281,68280800
2019-02-27,41.237710498215094,41.663870778026364,41.12342983703562,41.63291931152344,111341600
2019-02-28,41.5019750987165,41.64244097925039,41.16866198112314,41.223419189453125,112861600
2019-03-01,41.49245537237755,41.699583177214194,41.16152532850225,41.65673065185547,103544800
2019-03-04,41.82815171089323,42.3185944748955,41.418655034914266,41.86624526977539,109744800
2019-03-05,41.8876715182838,41.9019556946587,41.554358327395256,41.79005813598633,78949600
2019-03-06,41.58530531623897,41.780532059793444,41.41150846773898,41.54959487915039,83241600
2019-03-07,41.39484729251784,41.53055423911175,40.95440276119777,41.06867980957031,99185600
2019-03-08,40.549662045743496,41.2043800226722,40.35443530524196,41.16628646850586,95997600
2019-03-11,41.78052173701599,42.64474679624628,41.74719079303466,42.592369079589844,128044000
2019-03-12,42.85426224671515,43.48993336743866,42.70427116635539,43.07091522216797,129870400
2019-03-13,43.389940429970174,43.63992435242317,43.073294612569825,43.26137924194336,124130000
2019-03-14,43.78277497966139,43.83039373846659,43.46374963935355,43.74230194091797,94318000
2019-03-15,44.00894419863652,44.59937963267705,43.74467612555862,44.311302185058594,156171600
2019-03-18,44.235127988769825,44.85175241081099,44.23274487113642,44.76366424560547,104879200
2019-03-19,44.84223009997764,44.99460068115345,44.263695608787415,44.4089241027832,126585600
2019-03-20,44.33750218240909,45.11364294068705,43.98038327138836,44.7969970703125,124140800
2019-03-21,45.23982785468012,46.742107598369216,45.18982960517974,46.4468879699707,204136800
2019-03-22,46.50640098152946,47.06588868608585,45.42076015573601,45.485042572021484,169630800
2019-03-25,45.594562296617404,45.706459850538906,44.42559577501445,44.93508529663086,175381200
2019-03-26,45.6302893658434,45.92074646520519,43.944687121823435,44.47084045410156,199202000
2019-03-27,44.93744664139862,45.17790531296973,44.41367315544963,44.870784759521484,119393600
2019-03-28,44.9850703167183,45.1302987940568,44.64699824203542,44.93031311035156,83121600
2019-03-29,45.194583813551674,45.254103625195796,44.88745955109944,45.22315216064453,94256000
2019-04-01,45.625507499441596,45.6350290710456,44.84937044927723,45.530277252197266,111448000
2019-04-02,45.49455328534568,46.29688265663801,45.48503171581355,46.1921272277832,91062800
2019-04-03,46.00881357119078,46.78257110861055,45.98500419384211,46.50878143310547,93087200
2019-04-04,46.37545960019598,46.75162528431652,45.98263025616197,46.5897331237793,76457200
2019-04-05,46.77065940854449,46.92541307250988,46.646857203932264,46.90160369873047,74106400
2019-04-08,46.763526343275984,47.67060771411414,46.74447956713856,47.6396598815918,103526800
2019-04-09,47.69204530479587,48.29438562024931,47.43253611674226,47.49681854248047,143072800
2019-04-10,47.301568811766636,47.792014964508176,47.182529224099255,47.76344299316406,86781200
2019-04-11,47.818220384265864,47.8539308198169,47.2444485010714,47.365867614746094,83603200
2019-04-12,47.42538742230085,47.64918250585792,46.713532766545136,47.34682083129883,111042800
2019-04-15,47.27777558297322,47.58013723283315,47.142068673382234,47.432525634765625,70146400
2019-04-16,47.48728843219198,47.94201703520826,47.27301492918647,47.43729019165039,102785600
2019-04-17,47.50633845193266,48.420565658052794,47.28492646285772,48.361045837402344,115627200
2019-04-18,48.35865206262389,48.603873379039385,48.21580670422305,48.53483200073242,96783200
2019-04-22,48.28961339420896,48.791960743297345,48.17295325708763,48.6943473815918,77758000
2019-04-23,48.67053652737033,49.460961335538265,48.54435482277016,49.39667892456055,93292000
2019-04-24,49.36811836306549,49.63476598723901,49.29431436943186,49.32050323486328,70162400
2019-04-25,49.24193312050334,49.46334508558559,48.83481599293768,48.87290954589844,74172800
2019-04-26,48.78244423832543,48.80625362004122,48.120584114004615,48.63959884643555,74596400
2019-04-29,48.66341116859207,49.03719744177,48.53484993524552,48.713409423828125,88818800
2019-04-30,48.34438091958181,48.42532700777185,47.40396843365186,47.77537155151367,186139600
2019-05-01,49.96807847828328,51.260847173955064,49.813324772705464,50.12044906616211,259309200
2019-05-02,49.958560121043945,50.627562381913904,49.551446546864156,49.79428482055664,127985200
2019-05-03,50.20854358720607,50.434718196346275,50.051410376846924,50.413291931152344,83569600
2019-05-06,48.63721663178776,49.72047812954347,48.44913559082613,49.634769439697266,129772400
2019-05-07,49.01574935276211,49.38238974098722,47.81344860502053,48.296749114990234,155054800
2019-05-08,48.06819897946514,48.88719217828683,48.03248854519136,48.306278228759766,105358000
2019-05-09,47.71108629358228,48.01582748157981,46.8206721107276,47.78727340698242,139634400
2019-05-10,47.1826045112537,47.524370793548194,46.071274225403876,47.125244140625,164834800
2019-05-13,44.86196762071345,45.28498816826159,43.700446219509786,44.3863639831543,229722400
2019-05-14,44.551259529371606,45.33755501706482,44.31226345269041,45.0890007019043,146118800
2019-05-15,44.51780099992997,45.82749850185416,44.458051979718945,45.62913131713867,106178800
2019-05-16,45.387746348226955,45.999575728464684,45.13201879261702,45.428375244140625,132125600
2019-05-17,44.675530176376924,45.62434479299866,44.63490128521863,45.17025375366211,131516400
2019-05-20,43.86055981831974,44.058926994173994,43.08621123813103,43.757789611816406,154449200
2019-05-21,44.26685628541341,44.93126512693006,44.14257729693959,44.59667205810547,113459200
2019-05-22,44.13302203951607,44.38396868148397,43.62874010735263,43.68370819091797,118994400
2019-05-23,42.97150481396772,43.14835961585324,42.49590120341213,42.938045501708984,146118800
2019-05-24,43.06708882439502,43.53074175934809,42.689474615998094,42.77312469482422,94858800
2019-05-28,42.76117939821549,43.16030242542194,42.51979466347363,42.59627151489258,111792800
2019-05-29,42.16369717944017,42.863957742691476,42.06331924159227,42.39313507080078,113924800
2019-05-30,42.5293526884522,42.835267386171125,42.223437990733274,42.61300277709961,84873600
2019-05-31,42.118285740184604,42.53892125066101,41.82193288157596,41.8410530090332,108174400
2019-06-03,41.96771001391318,42.52217898232048,40.6938605637744,41.41801834106445,161584400
2019-06-04,41.92947891959907,42.978671716588416,41.70960293183085,42.93326187133789,123872000
2019-06-05,44.04221266909963,44.211901549584574,43.29176486241516,43.62635803222656,119093600
2019-06-06,43.7554169600446,44.326617630693605,43.53314863720055,44.266868591308594,90105200
2019-06-07,44.575160856832326,45.86813062026095,44.398306078529586,45.445106506347656,122737600
2019-06-10,45.84183565226266,46.692661078886516,45.796425815427575,46.02586364746094,104883600
2019-06-11,46.57077698006724,46.84323236940541,46.26964322768004,46.5588264465332,107731600
2019-06-12,46.353295595119384,46.83606876664861,46.219458354725056,46.4106559753418,73012800
2019-06-13,46.53254494248193,47.03204596994404,46.269651392297824,46.40109634399414,86698400
2019-06-14,45.779696276386936,46.26724663690452,45.48095119972922,46.06410217285156,75046000
2019-06-17,46.102347467348565,46.59468250985322,45.927881330772394,46.33895492553711,58676400
2019-06-18,46.85519413749216,47.86853544063034,46.654438254431774,47.42878341674805,106204000
2019-06-19,47.72273967725771,47.77054181487059,47.156320085097796,47.290157318115234,84496800
2019-06-20,47.88763820927724,47.944998575125226,47.32838831772336,47.6701545715332,86056000
2019-06-21,47.512425596440636,48.002368332728025,47.35707594275429,47.50764465332031,191202400
2019-06-24,47.45028079634536,47.83745693129313,47.3618534124554,47.459842681884766,72881600
2019-06-25,47.42399625849341,47.62236346699699,46.67354862052132,46.74047088623047,84281200
2019-06-26,47.266261076876305,48.03582883274254,47.16588314960564,47.75142288208008,104270000
2019-06-27,47.86853220087833,48.174450595474106,47.69645834618091,47.73708724975586,83598800
2019-06-28,47.48374449199016,47.67972304896698,47.09418331982912,47.30210876464844,124442400
2019-07-01,48.55683497285938,48.87231156085323,47.95456380737443,48.16966247558594,109012000
2019-07-02,48.136217637800144,48.547291326254786,48.12426710039781,48.451690673828125,67740800
2019-07-03,48.583124628476725,48.86036096665152,48.44211781134659,48.85319137573242,45448000
2019-07-05,48.59986654062499,49.013328841833136,48.49231536016307,48.8101806640625,69062000
2019-07-08,47.992813828081516,48.13382067409461,47.4192245563178,47.80400848388672,101354400
2019-07-09,47.60801559399719,48.16009592269418,47.51480727417549,48.0955696105957,82312000
2019-07-10,48.241362495353016,48.690672667251185,48.17205158666198,48.57117462158203,71588400
2019-07-11,48.5902977893706,48.84841402179487,48.207906207357404,48.217464447021484,80767200
2019-07-12,48.38475394958472,48.7551985897967,48.32500493170507,48.5879020690918,70380800
2019-07-15,48.77670972449391,49.20212246066729,48.75520095224477,49.04438781738281,67789600
2019-07-16,48.89621122738501,49.25948632051337,48.63570635359561,48.87470245361328,67467200
2019-07-17,48.7671576951322,49.01571204861512,48.580741018322186,48.59986114501953,56430000
2019-07-18,48.7552049860908,49.20451882646519,48.683505425870685,49.151939392089844,74162400
2019-07-19,49.18300345934316,49.35269228680589,48.36324862605585,48.418216705322266,83717200
2019-07-22,48.67155105881449,49.52715747734154,48.661992820040304,49.5247688293457,89111600
2019-07-23,49.821129303572306,49.92867682071002,49.54150065350668,49.91194534301758,73420800
2019-07-24,49.63231890602095,49.98603210762174,49.51282085781072,49.871315002441406,59966400
2019-07-25,49.9238844874918,50.00753456328713,49.40765214685897,49.47696304321289,55638400
2019-07-26,49.58691034563834,50.12465157648066,49.50565254598537,49.649051666259766,70475600
2019-07-29,49.8211257312173,50.34213544864626,49.816344788392115,50.11269760131836,86693600
2019-07-30,49.89281732418989,50.22741400398605,49.5462737585504,49.89759826660156,135742800
2019-07-31,51.7235452895837,52.906575478576855,50.4998861935349,50.91573715209961,277125600
2019-08-01,51.1212623066255,52.10831732750633,49.41005306995918,49.8139533996582,216071600
2019-08-02,49.12086584402196,49.33596086524618,48.18878255632911,48.75998306274414,163448400
2019-08-05,47.31885783788372,47.47659255461135,46.02588755106476,46.207523345947266,209572000
2019-08-06,46.917333133084945,47.33796868663929,46.374810857148454,47.08224105834961,143299200
2019-08-07,46.70222514662527,47.6940574258256,46.3222222523882,47.56977844238281,133457600
2019-08-08,47.84702393793063,48.642881479152365,47.65343765837779,48.618980407714844,108038000
2019-08-09,48.292715357100306,48.642973433081345,47.81050558062374,48.218345642089844,98478800
2019-08-12,47.889667686680966,48.47263670436005,47.776912437595854,48.095985412597656,89927600
2019-08-13,48.225540616343345,50.89327399998517,48.09599030561405,50.13277816772461,188874000
2019-08-14,48.738921717537906,49.52580693537661,48.60217461253329,48.640560150146484,146189600
2019-08-15,48.81089358611512,49.21393074829478,47.90165492656464,48.398258209228516,108909600
2019-08-16,49.00761940403555,49.69854452652455,48.90206099247231,49.54020690917969,110481600
2019-08-19,50.52861579041757,51.034813742319905,50.387073206778055,50.463844299316406,97654400
2019-08-20,50.590991119074104,51.18355469517102,50.45664537335362,50.46623992919922,107537200
2019-08-21,51.097189663129065,51.25552363068702,50.763723018625974,51.013221740722656,86141600
2019-08-22,51.14517603483993,51.44505627927644,50.55980921199625,50.97004699707031,89014800
2019-08-23,50.2431213591193,50.87167268359999,48.22073125322143,48.614173889160156,187272000
2019-08-26,49.38667429026109,49.70574728667128,49.19475021549554,49.53781509399414,104174400
2019-08-27,49.86647298576687,50.03200742242358,48.8276876557246,48.97882843017578,103493200
2019-08-28,48.964437759537844,49.35308130541824,48.77731281814011,49.307498931884766,63755200
2019-08-29,50.02001851007021,50.21674168290386,49.5785957240762,50.14236831665039,83962000
2019-08-30,50.418254378102155,50.48782496724096,49.708136520945146,50.07759094238281,84573600
2019-09-03,49.523407032864746,49.65535503445335,48.99322096372661,49.3482780456543,80092000
2019-09-04,49.99362663387558,50.255121283851096,49.73693109197349,50.185550689697266,76752400
2019-09-05,50.85968624758702,51.3322977758527,50.742131881351554,51.16676330566406,95654800
2019-09-06,51.351479283319904,51.440242639191425,50.982024876577526,51.16195297241211,77449200
2019-09-09,51.5410034279187,51.92485150775339,50.636567475633186,51.38026809692383,109237600
2019-09-10,51.30590148845998,52.00642116476611,50.790109031997794,51.98722839355469,127111600
2019-09-11,52.31589898333976,53.66895822314736,52.234328791439815,53.640167236328125,177158400
2019-09-12,53.930455617643666,54.31909918340094,53.46504096397798,53.52021789550781,128906800
2019-09-13,52.77892229352678,52.96844499471411,52.06400882562303,52.479042053222656,159053200
2019-09-16,52.23432184073489,52.810093912094956,52.19353858053524,52.754913330078125,84632400
2019-09-17,52.76932307922049,52.97564081276649,52.567800793429946,52.94684982299805,73274800
2019-09-18,53.0332094166562,53.46263988380928,52.64456587529819,53.44344711303711,101360000
2019-09-19,53.261116540529656,53.68094878345625,52.867673899298595,53.009220123291016,88242400
2019-09-20,53.10999319791364,53.39307839803144,52.17196689328703,52.23434066772461,221652400
2019-09-23,52.52700920101302,52.74052373300916,52.21513309590776,52.471832275390625,76662000
2019-09-24,53.026016216053826,53.376277900497726,52.10478511979031,52.22233581542969,124763200
2019-09-25,52.43104739925435,53.13876383787783,52.092781703491944,53.02600860595703,87613600
2019-09-26,52.77891875008804,53.00442926136015,52.49823130328569,52.75252914428711,75334000
2019-09-27,52.90845848244411,53.009221444627215,52.12637228824465,52.495826721191406,101408000
2019-09-30,52.99481963756266,53.87766871925499,52.96843003744191,53.731327056884766,103909600
2019-10-01,53.995230177972914,54.75092680553321,53.78651107289727,53.88007354736328,139223200
2019-10-02,53.5130199648798,53.63777114984615,52.28231048438784,52.529415130615234,138449200
2019-10-03,52.402261102678956,53.00922196273818,51.61058034563439,52.97563552856445,114426000
2019-10-04,54.13196106340708,54.57578511336924,53.712128887741386,54.460628509521484,138478800
2019-10-07,54.28311070218234,55.16115707118716,54.17995001859924,54.472633361816406,122306000
2019-10-08,54.17516269518079,54.712545705751026,53.817704155676886,53.834495544433594,111820000
2019-10-09,54.46543502807617,54.647760851343286,54.13196842959568,54.46543502807617,74770400
2019-10-10,54.68134539656082,55.283507092490474,54.53020828720955,55.19953918457031,113013600
2019-10-11,55.88567662071718,57.010827782874266,55.73213809572937,56.66776657104492,166795600
2019-10-14,56.35348195750364,57.128374978236515,56.298305029368485,56.58618927001953,96427600
2019-10-15,56.7109382267624,57.013216118499486,56.34868430138051,56.45424270629883,87360000
2019-10-16,55.986429471773434,56.43505271476371,55.94564620616464,56.22633361816406,73903200
2019-10-17,56.39906636796876,56.65336418407442,56.02241875184439,56.44464874267578,67585200
2019-10-18,56.279116685052266,56.99643144981467,56.20714470406706,56.71574401855469,97433600
2019-10-21,56.98202604924332,57.81449361573173,56.93404595868458,57.699337005615234,87247200
2019-10-22,57.85527846851607,58.104777142678074,57.485824073685386,57.5673942565918,82293600
2019-10-23,58.08080006310815,58.35429066597053,57.869683225583834,58.33989334106445,75828800
2019-10-24,58.65896114841544,58.72853540039477,58.011220689350694,58.43585205078125,69275200
2019-10-25,58.33509539573167,59.19155132829628,58.26792252496766,59.15556716918945,73477200
2019-10-28,59.357093432019504,59.79611853294327,59.18916123346468,59.748138427734375,96572800
2019-10-29,59.728937090643406,59.91606203658459,58.19355198019087,58.36627960205078,142839600
2019-10-30,58.71893364927705,58.84848392967806,57.86727691472334,58.35907745361328,124522000
2019-10-31,59.313910448417545,59.776923756110406,56.919664109777756,59.67856216430664,139162000
2019-11-01,59.865675001652114,61.39866224623704,59.774513921473265,61.372276306152344,151125200
2019-11-04,61.73452740702055,61.859282241976885,61.26671873981368,61.77531433105469,103272000
2019-11-05,61.667361337070204,61.940855593414504,61.49223598607557,61.68655776977539,79897600
2019-11-06,61.600184974516274,61.772916252605114,61.264320634147275,61.71294021606445,75864400
2019-11-07,62.259150929671776,62.64656000743047,62.10755639243026,62.4251823425293,94940400
2019-11-08,62.247119099133464,62.66821174823248,61.804371137844974,62.59602737426758,69986400
2019-11-11,62.153279546974815,63.156686525438744,62.14846970255619,63.09172058105469,81821200
2019-11-12,62.93530917879608,63.2336884296262,62.78372197443297,63.033966064453125,87388800
2019-11-13,62.83426231969036,63.7125400727961,62.8198254404933,63.63794708251953,102734400
2019-11-14,63.46469473113416,63.73660151760766,63.06766588203988,63.19760513305664,89182800
2019-11-15,63.447842302165945,63.95315502891984,63.28662806062503,63.94834518432617,100206400
2019-11-18,63.95796632642828,64.35018529631039,63.580191577203664,64.27078247070312,86703200
2019-11-19,64.46328376817914,64.4873476799983,63.859321438185184,64.07588195800781,76167200
2019-11-20,63.895417341111305,64.02534925457783,62.658604165947985,63.32994842529297,106234400
2019-11-21,63.45024098588622,63.5272425470032,62.84627146473904,63.04599380493164,121395200
2019-11-22,63.18556681769094,63.32753434710897,62.76447407435324,62.99066162109375,65325200
2019-11-25,63.214444588644916,64.11197639359949,63.16872535757396,64.09513092041016,84020400
2019-11-26,64.23228059826994,64.28521826220536,63.16390763031804,63.594627380371094,105207600
2019-11-27,63.90503892603565,64.48254348721751,63.84007296737668,64.4488525390625,65235600
2019-11-29,64.15048795139506,64.48736075534232,63.98204787778324,64.30689239501953,46617600
2019-12-02,64.31167755552052,64.54749209940624,63.392497973986316,63.56333923339844,94487200
2019-12-03,62.15568877645392,62.449250841018284,61.66963012734118,62.43000411987305,114430400
2019-12-04,62.819819076069386,63.358815426886686,62.72597202752109,62.98103332519531,67181600
2019-12-05,63.47431687853907,63.9796296217953,63.21925558453559,63.905029296875,74424400
2019-12-06,64.36222263596946,65.2092179525118,64.31890465939279,65.13943481445312,106075600
2019-12-09,64.96858262823653,65.16107919501087,63.74380541469702,64.22746276855469,128042400
2019-12-10,64.631710359752,64.98542849439848,63.97239456081009,64.60283660888672,90420400
2019-12-11,64.68223268746318,65.23326451999995,64.60763972440519,65.15385437011719,78756800
2019-12-12,64.43441949509666,65.58460415390351,64.32373429636719,65.31991577148438,137310400
2019-12-13,65.31988214622592,66.24387874288264,65.19235153806613,66.2077865600586,133587600
2019-12-16,66.65295849103184,67.56492701892114,66.64814864663275,67.34114074707031,128186000
2019-12-17,67.27137945536563,67.80074884102518,67.08609392860065,67.47350311279297,114158400
2019-12-18,67.32669273345803,67.83200535618194,67.16306993166862,67.312255859375,116028400
2019-12-19,67.25453186379887,67.6587791659251,67.12219135736983,67.37965393066406,98369200
2019-12-20,67.91141820231184,68.012476324904,67.02832353839587,67.24007415771484,275978000
2019-12-23,67.50238173997971,68.39750505501115,67.46388094389195,68.33734893798828,98572000
2019-12-24,68.5033787375967,68.55150656735154,68.0774760830421,68.40231323242188,48478800
2019-12-26,68.53465994993616,69.77628303549606,68.505786189875,69.75943756103516,93121200
2019-12-27,70.05056661001181,70.73634754482153,69.32869348774332,69.73294067382812,146266000
2019-12-30,69.6511344086115,70.4283538378636,68.6308893370176,70.14682006835938,144114400
2019-12-31,69.76423961467027,70.66658123217782,69.6655827166298,70.65936279296875,100805600
2020-01-02,71.28258275873242,72.33170915039722,71.02993003048753,72.27155303955078,135480400
2020-01-03,71.5015494021164,72.32688945190185,71.34514498799838,71.56892395019531,146322800
2020-01-06,70.693043053502,72.17769145821572,70.44279162661955,72.13919067382812,118387200
2020-01-07,72.14884310617231,72.4039044671714,71.58097285889926,71.79994201660156,108872000
2020-01-08,71.50395296037216,73.25569843032547,71.50395296037216,72.95491790771484,132079200
2020-01-09,73.92945874874111,74.69705138445374,73.67921459070213,74.50455474853516,170108400
2020-01-10,74.73795456246773,75.23604892918155,74.17248564445511,74.67298126220703,140644800
2020-01-13,74.98818677177965,76.29477541829935,74.87027582985212,76.26830291748047,121532000
2020-01-14,76.20576405751645,76.41510614806313,75.11573562414125,75.23844909667969,161954400
2020-01-15,75.03870587717718,75.9169832961004,74.48526545986336,74.91598510742188,121923600
2020-01-16,75.45740996278018,75.96513130059404,75.09647333767747,75.85443878173828,108829200
2020-01-17,76.10228772628851,76.69663037690943,75.79669733616299,76.69422912597656,137816400
2020-01-21,76.32367023769899,76.7640097522044,76.03732655340609,76.17448425292969,110843200
2020-01-22,76.65812393494353,76.99740524586852,76.35253356734525,76.44638061523438,101832400
2020-01-23,76.49933483845827,76.89395515129645,75.95311259111175,76.8145523071289,104472000
2020-01-24,77.05996684733118,77.80108679471296,76.40305956833261,76.59315490722656,146537600
2020-01-27,74.60800908323662,75.01947479638015,73.36157631651781,74.3409194946289,161940000
2020-01-28,75.21920736994338,76.61482629516499,75.12055046053683,76.44398498535156,162234000
2020-01-29,78.07060092433913,78.8887225352215,77.33188214601793,78.04412841796875,216229200
2020-01-30,77.12973907839535,77.98395267078313,76.6990193918119,77.93101501464844,126743200
2020-01-31,77.2235730132215,77.64466563733676,74.18208496382785,74.47564697265625,199588400
2020-02-03,73.22202218961303,75.43336162333348,72.72152653053286,74.27114868164062,173788400
2020-02-04,75.87128624120515,76.91319410520111,75.46703897288427,76.72309875488281,136616400
2020-02-05,77.84679598712277,78.14517520873252,76.74714816252607,77.34870910644531,118826800
2020-02-06,77.61823424457238,78.25588759836752,77.06239232642683,78.25347900390625,105425600
2020-02-07,77.75420072606255,78.00263182401238,76.70017745261804,77.18980407714844,117684000
2020-02-10,75.7787945932457,77.55640411376953,75.69920332307832,77.55640411376953,109348800
2020-02-11,78.05086843646208,78.1232241451145,76.87141886050789,77.08849334716797,94323200
2020-02-12,77.5370912824159,78.92396493526354,77.5370912824159,78.91914367675781,113730400
2020-02-13,78.19317418101016,78.68280077942906,77.99057083277162,78.35718536376953,94747600
2020-02-14,78.32582374819955,78.62491117131455,77.86996808406116,78.37648010253906,80113600
2020-02-18,76.0634053664393,77.12225708916644,75.88250875090567,76.94136047363281,152531200
2020-02-19,77.18254532561073,78.28481031761038,77.18254532561073,78.05567169189453,93984000
2020-02-20,77.81689526489554,78.30410746194534,76.75080805425196,77.2549057006836,100566000
2020-02-21,76.84969364795695,77.29108544658935,74.89118775773731,75.50623321533203,129554000
2020-02-24,71.697751556561,73.3668197095871,69.76095266480475,71.91964721679688,222195200
2020-02-25,72.58778111739974,72.96886672904328,69.01326241271661,69.48358917236328,230673600
2020-02-26,69.10973846221914,71.84730854807512,69.10250289246999,70.58585357666016,198054800
2020-02-27,67.8000523998572,68.98190880585912,65.8367176160919,65.97178649902344,320605600
2020-02-28,62.049941078008516,67.15122314774298,61.835273603866604,65.93318176269531,426510000
2020-03-02,68.08465633915449,72.7059623843327,66.98480559511727,72.07161712646484,341397200
2020-03-03,73.24384124809224,73.32343252495296,68.93367144924383,69.78268432617188,319475600
2020-03-04,71.4999874378904,73.17870588852956,70.70163100181635,73.01951599121094,219178400
2020-03-05,71.27807270497505,72.25009001910128,70.2867629946478,70.65097045898438,187572800
2020-03-06,68.01712645055636,70.14447238483373,67.83140857783133,69.71273040771484,226176800
2020-03-09,63.61530881776465,67.07405117029745,63.43441220501271,64.19900512695312,286744800
2020-03-10,66.84493210656007,69.08804757078283,64.9708381447339,68.8227310180664,285290000
2020-03-11,66.9052206904251,67.82899618098686,65.57140256073914,66.4324722290039,255598800
2020-03-12,61.73157079868094,65.12277860691059,59.81647812782899,59.871952056884766,418474000
2020-03-13,63.89027874713733,67.51544677339488,61.01040024313374,67.04511260986328,370732000
2020-03-16,58.35724684046864,62.4889229945198,57.88691638094368,58.419960021972656,322423600
2020-03-17,59.698292128180576,62.1343642760622,57.50100115086754,60.98868942260742,324056000
2020-03-18,57.83144203035199,60.29887079269061,57.19227179173887,59.495689392089844,300233600
2020-03-19,59.66934960367585,60.98386423258545,58.51643550459872,59.03982925415039,271857200
2020-03-20,59.618696461531016,60.74025764199119,54.99256896191713,55.29165267944336,401693200
2020-03-23,55.01187186548029,55.11317353712298,51.280577065059646,54.117034912109375,336752800
2020-03-24,57.008967128821915,59.74171251843163,56.51210499986582,59.54634475708008,287531200
2020-03-25,60.47976645109919,62.288732546346424,58.92405634525676,59.21831512451172,303602000
2020-03-26,59.45951435519265,62.392448772259634,59.42092219277503,62.334564208984375,252087200
2020-03-27,60.96216861377286,61.71469746998704,59.58735486478481,59.753780364990234,204216800
2020-03-30,60.477355032834254,61.63026911474741,60.154150297630075,61.45901870727539,167976400
2020-03-31,61.64957594039169,63.311409233664314,60.78127060250106,61.3336067199707,197002000
2020-04-01,59.45469299280137,59.99014731742834,57.67708326845724,58.10641098022461,176218400
2020-04-02,57.968921460111474,59.129071143668284,57.13920841031964,59.07600784301758,165934000
2020-04-03,58.56226659383969,59.26173205327884,57.638487411525155,58.22700500488281,129880000
2020-04-06,60.51594969304915,63.4609446975246,60.14933518159841,63.306583404541016,201820400
2020-04-07,65.31573278898928,65.53281460871749,62.46962908019549,62.573341369628906,202887200
2020-04-08,63.37170347185306,64.48843981733701,63.00750327122689,64.17488861083984,168895200
2020-04-09,64.80923169926753,65.13966834587349,63.84444973045493,64.63797760009766,161834800
2020-04-13,64.71514828862199,66.01519525081281,64.11698094413983,65.90665435791016,131022800
2020-04-14,67.53473560751405,69.5245983530926,67.06440146882377,69.23516082763672,194994800
2020-04-15,68.11361434863234,69.0615109892011,67.68670092198845,68.60324096679688,131154400
2020-04-16,69.31475615357093,69.51253820784274,68.10154321976958,69.14833068847656,157125200
2020-04-17,68.66594602627303,69.21105020012682,66.77738117936849,68.2100830078125,215250000
2020-04-20,67.04028985944329,67.93994433259655,66.77497334644413,66.79426574707031,130015200
2020-04-21,66.6374787843657,66.87143866583018,64.02050667372501,64.72962188720703,180991600
2020-04-22,65.99350383291697,67.02823469257027,65.65342462126695,66.59408569335938,116862400
2020-04-23,66.53860187329087,67.95683260093587,66.29740637160167,66.33599853515625,124814400
2020-04-24,66.85940309058712,68.26074851489837,66.81116104086111,68.2510986328125,126161200
2020-04-27,67.96888006089833,68.62976064968919,67.52267433285353,68.29932403564453,117087600
2020-04-28,68.76000857373481,68.94090519524222,67.10058974876348,67.1922378540039,112004800
2020-04-29,68.67559111709774,69.86709736755677,68.47298779881385,69.39917755126953,137280800
2020-04-30,69.93704563014794,71.0393108397726,69.54872440544703,70.86323547363281,183064000
2020-05-01,69.04220854800435,72.11745102481503,68.94573182479387,69.72238159179688,240616800
2020-05-04,69.74650229526233,70.83670324791197,69.05909368437592,70.70886993408203,133568000
2020-05-05,71.16714520888473,72.59984709930193,71.02242643355622,71.77013397216797,147751200
2020-05-06,72.46961363455755,73.14013697599987,72.08611358941253,72.5106201171875,142333600
2020-05-07,73.1352926720061,73.6056267954184,72.83379832640894,73.26071166992188,115215200
2020-05-08,73.91856598501353,75.05767015159822,73.59206909173967,75.00446319580078,133838400
2020-05-11,74.5134886448119,76.67802725492889,74.3054951964832,76.18466186523438,145946400
2020-05-12,76.86666541777984,77.31650723109308,75.19307880379056,75.31400299072266,162301200
2020-05-13,75.49298094886383,76.41200935037834,73.33085553739997,74.4046630859375,200622400
2020-05-14,73.64524321049535,74.92220219963244,72.92453247252323,74.86174011230469,158929200
2020-05-15,72.63916594421597,74.46511834982786,72.60530362666714,74.4191665649414,166348400
2020-05-18,75.73966595706034,76.54501787394523,75.0503965474728,76.17256927490234,135178400
2020-05-19,76.18949622469526,77.03354472425552,75.70096514534589,75.73240661621094,101729600
2020-05-20,76.58855099973772,77.27539958314759,76.54985436932522,77.20526885986328,111504800
2020-05-21,77.06742188839526,77.60674654641333,76.39266269950214,76.62967681884766,102688800
2020-05-22,76.368473598234,77.20527445284804,76.26690139409212,77.123046875,81803200
2020-05-26,78.23796578857532,78.416931261963,76.54502680706055,76.60065460205078,125522000
2020-05-27,76.45793022136348,77.07947478468351,75.7202884286249,76.93436431884766,112945200
2020-05-28,76.61030060883014,78.22343238104992,76.3345973225865,76.9682388305664,133560800
2020-05-29,77.21010083931498,77.66961131806718,76.53776259003484,76.89328002929688,153532400
2020-06-01,76.84732546524727,77.95982952875313,76.71672526884876,77.83890533447266,80791200
2020-06-02,77.57285532110987,78.22342794839169,77.13268956944977,78.1992416381836,87642800
2020-06-03,78.51851253045199,78.89096118094021,77.94774639510123,78.6297607421875,104491200
2020-06-04,78.45320362768672,78.75067242701921,77.58012709236915,77.95257568359375,87560400
2020-06-05,78.20167432156592,80.23319921594221,78.17265369717333,80.17273712158203,137250400
2020-06-08,79.87044290894595,80.68063661442805,79.16182879014318,80.64677429199219,95654400
2020-06-09,80.32754516181643,83.58523659393398,80.29610368341933,83.19344329833984,147712400
2020-06-10,84.13905436012791,85.800551637391,83.70130935970825,85.33378601074219,166651600
2020-06-11,84.48006542527774,84.90330013235034,81.13530524486026,81.23687744140625,201662400
2020-06-12,83.36997815286581,84.11486795424553,80.83057003176687,81.938232421875,200146000
2020-06-15,80.59597529574442,83.60214898703789,80.43393362831908,82.95157623291016,138808800
2020-06-16,85.00001858358407,85.42083972922715,83.36996307483841,85.14996337890625,165428800
2020-06-17,85.89246631024803,85.95292841624997,84.91056229922657,85.03148651123047,114406400
2020-06-18,84.98795249991922,85.4813253336703,84.45830388000144,85.06534576416016,96820400
2020-06-19,85.7691132840755,86.2334580419222,83.47396713214061,84.57921600341797,264476000
2020-06-22,84.97101892587712,86.93482682128399,84.92506713782858,86.7921371459961,135445200
2020-06-23,88.03280774958151,90.05949829570565,87.61440740737248,88.64468383789062,212155600
2020-06-24,88.27467257128609,89.19128014209528,86.70749216559717,87.07994079589844,192623200
2020-06-25,87.2347210034187,88.27466617320825,86.47773432903298,88.23596954345703,137522400
2020-06-26,88.13198219774738,88.3520651420764,85.37732519563349,85.52485656738281,205256800
2020-06-29,85.43294416349418,87.59023505976948,84.95650253776073,87.49591064453125,130646000
2020-06-30,87.08477823143156,88.51168985334573,87.06543360477359,88.22630310058594,140223200
2020-07-01,88.30369462192029,88.84543272516727,88.01106009800148,88.0594253540039,110737200
2020-07-02,88.96394347072363,89.59758515519175,87.94576368111557,88.0594253540039,114041600
2020-07-06,89.48387580500977,90.88175875884683,89.45243434342156,90.41499328613281,118655600
2020-07-07,90.79231129924504,91.5686426186408,90.02323513682953,90.13448333740234,112424400
2020-07-08,91.10913287644715,92.26516797551552,91.02206361133545,92.23372650146484,117092000
2020-07-09,93.12372124513385,93.17692818708905,91.58556900054663,92.63035583496094,125642800
2020-07-10,92.22648731516976,92.8504604512018,91.61703187636013,92.79241180419922,90257200
2020-07-13,94.09356443653809,96.69585631586999,92.15152153234231,92.36434936523438,191649200
2020-07-14,91.74760549870197,94.08386192882043,90.8164950630273,93.89280700683594,170989200
2020-07-15,95.7622883592816,96.01139191075474,93.34380441075506,94.53853607177734,153198000
2020-07-16,93.41396366642356,94.22899176074843,92.77790106301757,93.3752670288086,110577600
2020-07-17,93.82507532269437,93.97985443699729,92.71498484222874,93.18659210205078,92186800
2020-07-20,93.27367496235873,95.28826887148021,92.9302469895083,95.1504135131836,90318000
2020-07-21,95.93882091931,96.01379331608409,93.58805470208915,93.837158203125,103433200
2020-07-22,93.53972463030362,94.78040838995652,93.45266272888264,94.10081481933594,89001600
2020-07-23,93.83473979885208,93.91213304289855,89.00986960132232,89.81764221191406,197004400
2020-07-24,88.0207257853986,89.93858177491317,86.23829692519554,89.59515380859375,185438800
2020-07-27,90.6544431599045,91.81047808647506,90.43194679011566,91.71857452392578,121214000
2020-07-28,91.29051001469016,91.46706199244389,90.20702659484037,90.21186828613281,103625600
2020-07-29,90.69316980146958,92.12491588954556,90.6568940096748,91.94110870361328,90329200
2020-07-30,91.11638090213245,93.15758190350233,90.71007737841838,93.0535888671875,158130000
2020-07-31,99.53028163979462,102.94517949075968,97.5374460244692,102.79523468017578,374336800
2020-08-03,104.67198130172932,107.9973966979683,104.37451250261263,105.38543701171875,308151200
2020-08-04,105.5740950606223,107.17755133558114,104.85338408077652,106.0892333984375,173071600
2020-08-05,105.81110781245884,106.79301183705664,105.34675558446708,106.47377014160156,121776800
2020-08-06,106.80508849601155,110.68191802624929,106.21739865938491,110.18854522705078,202428800
2020-08-07,109.71125415700284,110.16675013813993,106.88864159432606,107.68333435058594,198045600
2020-08-10,109.12492955700957,110.26366958356304,106.6051724150767,109.24849700927734,212403600
2020-08-11,108.51435673757749,109.01103688460056,105.74019692749955,105.99944305419922,187902400
2020-08-12,107.08732184428196,109.77910643524714,106.89349720537619,109.52228546142578,165598000
2020-08-13,110.8984238894721,112.46116134014059,110.41142984416976,111.46052551269531,210082000
2020-08-14,111.28609084035034,111.45084248513194,109.55617638834046,111.36119842529297,165565200
2020-08-17,112.48055471705385,112.50478464058327,110.4453668374708,111.0704574584961,119561600
2020-08-18,110.82332353901295,112.41997706741819,110.48896983798126,111.99597930908203,105633600
2020-08-19,112.40301949215254,113.54660235506186,112.04201803934366,112.13650512695312,145538000
2020-08-20,112.17769677241944,114.73864510178977,112.16073508691606,114.62477111816406,126907200
2020-08-21,115.58178541828921,121.01380564130231,115.56967415425338,120.53166198730469,338054800
2020-08-24,124.7255833722976,124.81039178666279,120.11249363042614,121.97323608398438,345937600
2020-08-25,120.84905044472852,121.31665761054535,119.25481478724724,120.97261047363281,211495600
2020-08-26,122.28580830184438,123.07323276693351,121.22217601375844,122.61773681640625,163022400
2020-08-27,123.21862581210485,123.55055438295649,120.0107741116813,121.15193939208984,155552400
2020-08-28,122.12347869162592,122.54020825717129,120.73276826199735,120.95567321777344,187630000
2020-08-31,123.64260792240353,126.9570575746163,122.1113683542111,125.05754089355469,225702700
2020-09-01,128.66273593650766,130.6397854362347,126.50156266667052,130.03890991210938,151948100
2020-09-02,133.34366115932812,133.7216242950921,123.0804958061553,127.34469604492188,200119000
2020-09-03,122.99330715589075,124.86373639811963,116.7811290254477,117.14939880371094,257599600
2020-09-04,116.36437378387909,119.88234128870778,107.46768860387866,117.2269058227539,332607200
2020-09-08,110.4332501967872,115.3177056334054,109.20244843470786,109.33812713623047,231366600
2020-09-09,113.641095738678,115.4630720645518,111.70282021985868,113.6992416381836,176940500
2020-09-10,116.64541298049808,116.7810916656073,109.0279901442392,109.98743438720703,182274400
2020-09-11,111.03413361469418,111.6737682049014,106.60517351967947,108.54344940185547,180860300
2020-09-14,111.17950360312706,112.35215960156188,109.3187605672934,111.79975128173828,140150100
2020-09-15,114.67808528768974,115.16265421996873,110.10375338394648,111.97418975830078,184642000
2020-09-16,111.67376709645097,112.42000005035005,108.58221472900694,108.66943359375,154679000
2020-09-17,106.33380874471821,108.73726653223142,105.35497742143326,106.9346694946289,178011000
2020-09-18,106.99282230683487,107.45800434374442,102.81583306003789,103.54268646240234,287104900
2020-09-21,101.31367629258035,106.78930687065947,99.91811535962182,106.68270111083984,195713800
2020-09-22,109.20245128230411,109.37689638794417,105.79108936459673,108.35929870605469,183055400
2020-09-23,108.17517702574132,108.65005253506956,103.47485221017152,103.81405639648438,150718700
2020-09-24,101.92421570211286,106.84743726159023,101.75946405865736,104.88008880615234,167743300
2020-09-25,105.08360984198643,108.96985441233768,104.34706305845842,108.81478881835938,149981400
2020-09-28,111.46054633695047,111.76097670476364,109.29936567544041,111.4120864868164,137672400
2020-09-29,111.01471084784787,111.75125007241884,110.06495278236143,110.56890106201172,99382200
2020-09-30,110.27819234917513,113.64110173479544,110.11344069592683,112.23584747314453,142675200
2020-10-01,114.00937358582986,114.0869063866764,112.25523648180236,113.18560791015625,116120400
2020-10-02,109.40595903034216,111.80942388224,108.75663851817679,109.53194427490234,144712000
2020-10-05,110.39450032404892,113.0499360657336,110.04561009300302,112.9045639038086,106243800
2020-10-06,112.1292442741749,112.53628778325715,108.78572170928096,109.66764068603516,161498200
2020-10-07,111.08256364293982,111.98386198190468,110.60768085568208,111.52836608886719,96849000
2020-10-08,112.66227103853464,112.80764318962937,111.05349871590646,111.4217758178711,83477200
2020-10-09,111.72221622412157,113.38913459955495,111.37332598768504,113.36006164550781,100506900
2020-10-12,116.35469801860559,121.31668690372315,115.59877161292933,120.56076049804688,240226800
2020-10-13,121.40390564086033,121.5202048546633,115.9573551882952,117.36260223388672,262330500
2020-10-14,117.26568290980406,119.23303161360833,115.9282753037238,117.44982147216797,150712000
2020-10-15,115.0560220445031,117.45947925612792,114.5036138843049,116.98460388183594,112559200
2020-10-16,117.53702461582463,117.7986959477676,115.14325320090887,115.34677124023438,115393800
2020-10-19,116.257768515436,116.70357101200219,112.09048045069933,112.40060424804688,120639300
2020-10-20,112.6138091614312,115.30801845057066,112.06140091237076,113.88338470458984,124423700
2020-10-21,113.06931343655647,115.04635557719843,112.8561019222811,113.26314544677734,89946000
2020-10-22,113.8252274699149,114.39702259575029,111.0534928722476,112.17769622802734,101988000
2020-10-23,112.79792782362254,112.95299339304236,110.75304683898185,111.48959350585938,82572600
2020-10-26,110.49142421725676,112.95303559705839,109.3962935573589,111.49932861328125,111850700
2020-10-27,111.92572130525396,113.66047883675716,111.00504336225823,113.00146484375,92276800
2020-10-28,111.49931413026005,111.86758385649746,107.67121513386326,107.76812744140625,143937800
2020-10-29,108.90201751002611,113.32128352260756,108.7372584642391,111.76097106933594,146129200
2020-10-30,107.63244356202665,108.53374202736012,104.39552680317541,105.5003433227539,190272600
2020-11-02,105.742604195953,107.26414993318045,104.00784700355827,105.41309356689453,122866900
2020-11-03,106.27565178371685,108.0491682897085,105.37435335866708,107.03157806396484,107624400
2020-11-04,110.61739783333208,112.02264481194184,108.88264012828803,111.40239715576172,138235500
2020-11-05,114.309790068738,115.92825566569405,113.26312696012087,115.35646057128906,126387100
2020-11-06,114.8662234022807,115.72053342058035,112.74014741905776,115.22542572021484,114457900
2020-11-09,116.98259196742552,118.42909663240218,112.66249091138815,112.92460632324219,154515300
2020-11-10,112.17708523408758,114.15753088265224,110.79852956756876,112.58482360839844,138023400
2020-11-11,113.76920934216545,116.1379803531598,113.0411019505022,116.00206756591797,112295000
2020-11-12,116.12825248994538,117.01168541609098,115.10889939924142,115.73021697998047,103162300
2020-11-13,115.95353177622367,116.17681389575209,114.42936059587085,115.7787857055664,81581900
2020-11-16,115.44869182782028,117.45826768159665,114.7011715913371,116.78841400146484,91183000
2020-11-17,116.06032428614111,117.14762661304611,115.48754260462515,115.90499114990234,74271000
2020-11-18,115.1477501072869,116.32242906767756,114.55555554119123,114.58467864990234,76322100
2020-11-19,114.15754170251833,115.58463355455793,113.40031110511585,115.17689514160156,74113000
2020-11-20,115.17687350645622,115.3030761134196,113.86628176431465,113.9148178100586,73604300
2020-11-23,113.7595093974955,114.1866681424837,110.42963099730896,110.5267105102539,127959300
2020-11-24,110.5849439032423,112.46830981108012,109.3034679028236,111.80815887451172,113874200
2020-11-25,112.17708942095175,113.34205836437563,111.80817691040372,112.64307403564453,76499200
2020-11-27,113.1673088628538,114.060452186272,112.82752688184597,113.18672180175781,46691300
2020-11-30,113.55562680437811,117.43886611768262,113.40029367663415,115.57491302490234,169410200
2020-12-01,117.47768785199075,119.86587890611962,116.50687811909167,119.13777160644531,127728200
2020-12-02,118.45820316266558,119.76880225855713,117.36119080484525,119.48726654052734,89004200
2020-12-03,119.91444354480213,120.16685620942218,118.64268486156841,119.35137939453125,78967600
2020-12-04,119.02126995710454,119.27368255768253,117.9727936839563,118.68148803710938,78260400
2020-12-07,118.73974965511624,120.93378197653361,118.68150343461471,120.1377182006836,86712000
2020-12-08,120.73960296108292,121.33179746034605,119.49696034501777,120.74930572509766,82225500
2020-12-09,120.89494675486756,122.27349493369557,117.46798924542293,118.2252197265625,115089200
2020-12-10,116.98258416090866,120.25421594451468,116.64280220277539,119.6426010131836,81312200
2020-12-11,118.85623544540636,119.17660443365664,117.03111582087004,118.83682250976562,86939800
2020-12-14,119.021283489644,119.74939086099992,117.99222744160214,118.2252197265625,79184500
2020-12-15,120.71047331119087,124.16656084447807,120.50660416507375,124.14714050292969,157243700
2020-12-16,123.69085992536465,124.62282888531004,122.86566580509383,124.07917785644531,98208600
2020-12-17,125.13738869029768,125.79754711737371,124.30249159373241,124.94322967529297,94359800
2020-12-18,125.19564951572379,125.33156230733624,122.43854558581786,122.96278381347656,192541500
2020-12-21,121.37064729644923,124.56461267355205,119.84647608918172,124.48694610595703,121251600
2020-12-22,127.7682574980973,130.48652745671254,125.86546408305279,128.03038024902344,168904800
2020-12-23,128.30221385873838,128.5643218128226,126.96249172878603,127.13724517822266,88223700
2020-12-24,127.48673172125208,129.56426380208862,127.2731524108818,128.1177520751953,54930100
2020-12-28,130.07879843395568,133.33100207588342,129.61279910731304,132.69998168945312,124486200
2020-12-29,134.0203193956025,134.73870929323533,130.41860788701317,130.93313598632812,121047300
2020-12-30,131.6224031061202,132.02043870547348,129.50602990016534,129.8166961669922,96452100
2020-12-31,130.16619767612093,130.80693578751612,127.87508564026446,128.8167724609375,99116600
2021-01-04,129.62250494776845,129.70987425858502,123.05982982560184,125.63247680664062,143301900
2021-01-05,125.12765639008194,127.89446984433803,124.6810774289331,127.1857681274414,97664900
2021-01-06,123.99184315415357,127.22464193893974,122.69095402050523,122.90453338623047,155088000
2021-01-07,124.61318583449368,127.7877390297739,124.12778078135423,127.09845733642578,109578200
2021-01-08,128.56437812216362,128.7585519984453,126.42859880354752,128.1954803466797,105158200
2021-01-11,125.41891104549275,126.37030043054156,124.74904996348562,125.21503448486328,100384500
2021-01-12,124.74903735169032,125.9043031805743,123.156910152344,125.040283203125,91951100
2021-01-13,125.00145310618869,127.61293359997765,124.73934514974653,127.06928253173828,88636800
2021-01-14,126.98193239512918,127.17609140406186,125.00147198922038,125.14710235595703,90221800
2021-01-15,125.02089191255358,126.41886047356746,123.29285155612885,123.42876434326172,111598500
2021-01-19,124.05009698063971,124.95295795714884,123.23462015974309,124.09864044189453,90757300
2021-01-20,124.9044008833116,128.62260444676102,124.79761120554318,128.176025390625,104319500
2021-01-21,129.89434712123654,135.59299559628155,129.6904705564632,132.87472534179688,120150900
2021-01-22,132.3019459227709,135.76774369341513,131.07873102256855,135.01051330566406,114459400
2021-01-25,138.89376878953092,140.8547939706266,132.55436700322258,138.74813842773438,157611700
2021-01-26,139.40828353042602,140.08784738058793,137.24336716103608,138.9811248779297,98390600
2021-01-27,139.24318159416592,140.08779582380444,136.31134794627852,137.91317749023438,140843800
2021-01-28,135.44739349341899,137.8452949915903,132.7097026247184,133.08831787109375,142621100
2021-01-29,131.86510749004256,132.7485480341253,126.40916071663973,128.1080780029297,177523800
2021-02-01,129.84581103922318,131.42823575703017,127.1081202867018,130.22442626953125,106239800
2021-02-02,131.76798067598213,132.33105201225376,130.6806786822872,131.04959106445312,83305400
2021-02-03,131.7971241921303,131.80684177003687,129.70988918879502,130.03025817871094,89880900
2021-02-04,132.3213832150557,133.38926514344305,130.66129188255576,133.3795623779297,84183100
2021-02-05,133.5399993993488,133.6080499269068,132.09132576396362,132.9663543701172,75693800
2021-02-08,132.2565886683768,133.16079860710033,131.1773789685877,133.1121826171875,71297200
2021-02-09,132.83023162868662,134.05528941674183,132.0816016865625,132.23715209960938,76774200
2021-02-10,132.69409868188646,133.1899609934861,130.67179521713933,131.63433837890625,73046600
2021-02-11,132.13023719239163,132.60665032664576,130.05933177017417,131.38160705566406,64280000
2021-02-12,130.62318851283254,131.7704486448014,129.98149309892653,131.61488342285156,60145100
2021-02-16,131.7315941955358,132.23715902657875,129.1064787039169,129.49539184570312,80576300
2021-02-17,127.60917872924279,128.5522725131688,125.87855638741323,127.2105484008789,97918500
2021-02-18,125.61605324019762,126.39386460486962,123.8757134782661,126.1119155883789,96856700
2021-02-19,126.62724075405677,127.08420447655753,125.22718295197116,126.26749420166016,87668800
2021-02-22,124.45906002205308,126.1216319880877,122.11591609767342,122.50482177734375,103916400
2021-02-23,120.32697521018065,123.19514104352085,115.10593306236852,122.36872100830078,158273000
2021-02-24,121.47420276169504,122.0769993929166,118.83937827123111,121.8728256225586,111039900
2021-02-25,121.22146392346573,122.9520867762104,117.19630523380374,117.63381958007812,148199500
2021-02-26,119.18939428483608,121.38670478117784,117.83795297430818,117.89629364013672,164560400
2021-03-01,120.31724465842385,124.38129410804099,119.38387540817448,124.24517822265625,116307900
2021-03-02,124.84799223826454,125.14939066272868,121.5423045814837,121.64925384521484,102260900
2021-03-03,121.34781889971498,122.2228547486705,118.46020430704087,118.67410278320312,112966300
2021-03-04,118.37271790565526,120.1713983779594,115.3295451588436,116.79765319824219,178155000
2021-03-05,117.62406745905575,118.55743656088569,114.30865590625393,118.0518569946289,153766600
2021-03-08,117.57545493676041,117.64351287063639,112.98638448752729,113.1322250366211,154376600
2021-03-09,115.72816384952438,118.6741119196786,115.49482341109125,117.73101806640625,129525800
2021-03-10,118.31438187621302,118.7810627593394,116.13651302909358,116.65181732177734,111943300
2021-03-11,119.14082490228071,119.79223777917623,117.89633241574592,118.57691192626953,103026500
2021-03-12,117.06016987865702,117.80880722667213,115.8545688924242,117.67269134521484,88105100
2021-03-15,118.04214884674406,120.56029993815383,117.07960562741921,120.55057525634766,92403800
2021-03-16,122.21314504308985,123.69098519524891,121.26033388239702,122.08675384521484,115227900
2021-03-17,120.60892077273179,122.36870994462072,118.94634875177347,121.29922485351562,111932600
2021-03-18,119.47138014582727,119.76306129363483,116.98239537750578,117.18656921386719,121229700
2021-03-19,116.5740372845451,118.0615946863235,116.36013878430732,116.66153717041016,185549500
2021-03-22,116.99212420499393,120.43392774935558,116.92406625712914,119.96723937988281,111912300
2021-03-23,119.90888714776963,120.79364033005854,118.75189479932533,119.14080047607422,95467100
2021-03-24,119.41304854895056,119.49083117848545,116.73933185520713,116.75877380371094,88530500
2021-03-25,116.22401168427893,118.28520644839449,115.69899016650163,117.24488067626953,98844700
2021-03-26,117.01155734823239,118.11021653249013,115.62122444554402,117.84770202636719,94071200
2021-03-29,118.27551018422949,119.17971289024223,117.3810321617412,118.02272033691406,80819200
2021-03-30,116.7781941742556,117.0601505729907,115.56286870613435,116.57402038574219,85671900
2021-03-31,118.27548932601961,120.09361168317854,117.78935908416811,118.7616195678711,118323800
2021-04-01,120.22972337194014,120.73529551085936,119.0921730782952,119.58802795410156,75089100
2021-04-05,120.433912742921,122.6603902138714,119.65610136330406,122.40760040283203,88651200
2021-04-06,122.99096372232243,123.60348521908364,122.16454371050696,122.7090072631836,80171300
2021-04-07,122.33952549547996,124.37154613081405,121.66866345905004,124.35210418701172,83466700
2021-04-08,125.37299788690146,126.77305548532095,124.9549329616751,126.74388885498047,88844600
2021-04-09,126.19939309739704,129.34950705430177,125.8785454100243,129.3106231689453,106686700
2021-04-12,128.84396428623276,129.16481202818863,127.0063925535893,127.59947204589844,91420000
2021-04-13,128.7661695536294,130.9245888251844,128.2703072556539,130.70095825195312,91266500
2021-04-14,131.19685094542675,131.2551842091699,128.0078372862974,128.36756896972656,87222800
2021-04-15,130.10792810253133,131.2551885555225,129.93291346998677,130.76905822753906,89347100
2021-04-16,130.57459244358938,130.9343240931431,129.58288254678484,130.4384765625,84922400
2021-04-19,129.80650105955348,131.71213827061115,129.6412185458448,131.099609375,94264200
2021-04-20,131.27460827428777,131.77045575605666,128.15364574587304,129.41758728027344,94812300
2021-04-21,128.68843727047496,130.03987915953448,127.65784321866985,129.79681396484375,68847100
2021-04-22,129.34955290809418,130.42876284437168,127.76477810538648,128.2800750732422,84566500
2021-04-23,128.4939686507075,131.37185181275385,128.4939686507075,130.59405517578125,78657500
2021-04-26,131.08987465502372,131.31349039844014,129.85509976347652,130.98292541503906,66905100
2021-04-27,131.26490623623846,131.65381940116677,130.38987757731036,130.662109375,66015800
2021-04-28,130.58431883810096,131.2746303918658,129.38844245381026,129.87457275390625,107760100
2021-04-29,132.6843927517533,133.26775499092827,128.77590135452442,129.77732849121094,151101000
2021-04-30,128.12447774341382,129.8551001147441,127.43418114888645,127.81336212158203,109839500
2021-05-03,128.37727305832388,130.35097557067442,128.1731066561789,128.8634033203125,75135100
2021-05-04,127.55086673903944,127.84254787757098,123.18541143255057,124.30351257324219,137564700
2021-05-05,125.61604742001238,126.83137298490321,124.42017121810461,124.54656982421875,84000900
2021-05-06,124.34239490228468,126.15080002789722,123.60347484441658,126.14108276367188,78128300
2021-05-07,127.43638287913002,127.83567547908756,126.10211342037881,126.81307983398438,78973300
2021-05-10,126.03395306208488,126.16055151436144,123.50177596650869,123.54073333740234,88071200
2021-05-11,120.2781354744355,122.97586852300613,119.56717642454035,122.6252670288086,126142800
2021-05-12,120.18075382257017,121.38840273799539,119.06075342898632,119.56718444824219,112172300
2021-05-13,121.32994515958939,122.85898653118865,121.0182936516952,121.70977020263672,105861300
2021-05-14,122.95638491442686,124.55359993393608,122.56681864446786,124.12507629394531,81918000
2021-05-17,123.51151514879045,123.61864605940792,121.9045589198871,122.97586059570312,74244600
2021-05-18,123.2582993819835,123.67708183593513,121.52473722434705,121.59291076660156,63342900
2021-05-19,119.94699632595916,121.66107596519278,119.65481977612977,121.43708038330078,92612000
2021-05-20,121.96300762442338,124.38804651528841,121.83639430422342,123.98873901367188,76857100
2021-05-21,124.48541706436308,124.66072150118845,121.94350644557427,122.15776824951172,79295400
2021-05-24,122.72264972174192,124.60230012567476,122.65447618088876,123.78421020507812,63092900
2021-05-25,124.48542900111524,124.9723924215316,123.02456103094238,123.58943176269531,72009500
2021-05-26,123.64786424977021,124.06664669892854,123.12195088824402,123.54073333740234,56575900
2021-05-27,123.14141426393122,124.3101054887469,121.81689357961606,122.01167297363281,94625600
2021-05-28,122.29412358918856,122.51812660764142,121.30073666690714,121.35916900634766,71311100
2021-06-01,121.81692100329542,122.07987398745031,120.7066618606694,121.03778839111328,67637100
2021-06-02,121.03776661351102,121.97272112169325,120.81377104330335,121.79741668701172,59278900
2021-06-03,121.4273366140028,121.59289985456873,119.91777018909227,120.31707763671875,76229200
2021-06-04,120.83325448650514,122.86873431142617,120.61899267015994,122.60577392578125,75169300
2021-06-07,122.87848491269204,123.02457321024367,121.57344629671239,122.61553192138672,71057600
2021-06-08,123.29726191856811,125.10874632513031,122.91743682004416,123.43360900878906,74403800
2021-06-09,123.89133026159469,124.41724357225148,123.2193286818069,123.81341552734375,56877900
2021-06-10,123.70629386140669,124.84577650141729,122.65447459192099,122.82003784179688,71186400
2021-06-11,123.2290871401218,124.11535064804697,122.81030467281765,124.02769470214844,53522400
2021-06-14,124.48540257494179,127.13443635700823,123.75496874491427,127.07600402832031,96906500
2021-06-15,126.5501263983375,127.19291187851302,126.01447183152456,126.25794982910156,62746300
2021-06-16,126.96890049704093,127.47533888931655,125.10873990323489,126.754638671875,91815000
2021-06-17,126.41376207268152,129.09201968074376,126.26766637763058,128.35183715820312,96721700
2021-06-18,127.30003468372927,128.0791523377771,126.842294888582,127.05655670166016,108953300
2021-06-21,126.90070252359433,128.95565688666113,125.83914229499234,128.84852600097656,79663300
2021-06-22,128.68299766370282,130.58212309669915,128.18629303149916,130.48472595214844,74783600
2021-06-23,130.2802171084206,130.815871699919,129.75429628741554,130.2120361328125,60214200
2021-06-24,130.94245782977737,131.12750347675475,129.46210751467535,129.92959594726562,68711000
2021-06-25,129.97829578212327,130.39707078875628,129.3452440962624,129.63742065429688,70783700
2021-06-28,129.9296003283306,131.72159479819973,129.87116798746578,131.26385498046875,62111300
2021-06-29,131.28333809814853,132.92925172484664,130.84508067855094,132.77342224121094,64556100
2021-06-30,132.61757943917965,133.82523552499876,132.32540290188453,133.38697814941406,63261400
2021-07-01,133.03636937045857,133.74732088516166,132.21827209331306,133.6888885498047,52485800
2021-07-02,134.30245986108,136.34768102067733,134.1563790042736,136.30873107910156,78852600
2021-07-06,136.4158466947496,139.41548226335163,136.4158466947496,138.31497192382812,108181800
2021-07-07,139.79533405407227,141.11012131228122,138.93830152510142,140.79847717285156,104911600
2021-07-08,137.88644602005195,140.3017433261173,137.00018264096806,139.50314331054688,105575500
2021-07-09,139.02592340594762,141.8502619651795,138.92852627188464,141.32435607910156,99890800
2021-07-12,142.3956971620693,142.50282808936566,140.2433448448313,140.7303009033203,76299700
2021-07-13,140.2725165312551,143.61304176059716,139.8829577523025,141.84051513671875,100827100
2021-07-14,144.23637643322533,145.66802829472786,143.82732030646622,145.25897216796875,127050800
2021-07-15,145.3466432583112,146.08681108461445,143.2527233830004,144.60646057128906,106820300
2021-07-16,144.5870044305878,145.85307833791254,142.07430929851364,142.5709991455078,93251400
2021-07-19,139.9998686480134,140.31152766267098,137.9741296348984,138.73377990722656,121434600
2021-07-20,139.71742366986297,143.26246279631377,139.23046766424767,142.3372344970703,96350000
2021-07-21,141.73339430532917,142.31774737595725,140.85687956010295,141.60678100585938,74993500
2021-07-22,142.13272618480354,144.33376205602218,142.00611286355945,142.9702911376953,77338200
2021-07-23,143.7007109713398,144.84018616778306,143.0871416883638,144.68435668945312,71447400
2021-07-26,144.40194679352788,145.92124724515625,143.84680978043045,145.10316467285156,72434100
2021-07-27,145.22975487472473,145.31741825019225,141.7528967098648,142.94107055664062,104818600
2021-07-28,141.03216017207177,143.13581314895694,138.82137630671426,141.19772338867188,118931200
2021-07-29,140.91530189117023,142.72677844865797,140.80817099785102,141.84051513671875,56699500
2021-07-30,140.61340882010876,142.51253410621536,140.35044843873504,142.05479431152344,70440600
2021-08-02,142.5417457565108,143.11635020883497,141.4607029570404,141.72366333007812,62880000
2021-08-03,142.0061193250026,144.17793912255732,141.39254995347815,143.51568603515625,64786600
2021-08-04,143.42803778640976,143.93446137395492,142.46385946656952,143.1163787841797,56368300
2021-08-05,143.14558074057953,143.98314564998552,142.35671440302508,143.22349548339844,46397700
2021-08-06,142.74557545925379,143.48685218422662,142.0433070322341,142.54074096679688,54126800
2021-08-09,142.59923476284288,143.08692025442784,141.9359896381178,142.491943359375,48908700
2021-08-10,142.83336158468475,144.0720871817776,141.7214390067462,142.01405334472656,69023100
2021-08-11,142.45296206335397,143.10645895995768,141.94576488875748,142.26763916015625,48493500
2021-08-12,142.58949314109574,145.37905487994794,142.24810732768088,145.22299194335938,72282600
2021-08-13,145.3010686682557,145.75949438540644,144.61831171174993,145.42787170410156,59375000
2021-08-16,144.88162714158625,147.46636967362969,142.86261655746753,147.39808654785156,103296000
2021-08-17,146.53000561245062,147.94429082183916,145.4180830822368,146.49099731445312,92229700
2021-08-18,146.11058891263426,147.0079285089272,142.55047558587256,142.75531005859375,86326000
2021-08-19,141.45807654722455,144.35493005036025,140.94113102889904,143.08694458007812,86960300
2021-08-20,143.80872432514332,144.84261535990314,143.16497579607238,144.54025268554688,60549600
2021-08-23,144.65729855503196,146.4910011515847,144.24764444190524,146.0228271484375,60131800
2021-08-24,145.7692167650667,147.14449367144724,145.4766024407117,145.93502807617188,48606400
2021-08-25,146.120370599229,146.61781948232644,144.15987966385998,144.70608520507812,58991300
2021-08-26,144.69634380228402,145.44736901605114,143.87702056810593,143.90628051757812,48597200
2021-08-27,143.84774439339665,145.08647001894514,143.2137590490284,144.94017028808594,55802400
2021-08-30,145.3302769581914,149.7096980445359,144.94988286885493,149.3488006591797,90956700
2021-08-31,148.9001358629917,149.0366872034825,147.56386751356777,148.090576171875,86453100
2021-09-01,149.06597111930256,151.1630130890743,148.58803390921838,148.75384521484375,80313700
2021-09-02,150.0803207109557,150.90939195726816,148.6465242486851,149.86573791503906,71115500
2021-09-03,149.9730775691431,150.8216606743961,149.3195806196622,150.49978637695312,57808700
2021-09-07,151.1532776856572,153.3868712092461,150.58756059759483,152.83091735839844,82278300
2021-09-08,153.113733911437,153.17225378958634,150.18762094012845,151.289794921875,74420200
2021-09-09,151.66046161317462,152.26518694823613,150.15838174591684,150.2754364013672,57305700
2021-09-10,151.1825274626448,151.65070144497142,145.03768627305047,145.30104064941406,140893200
2021-09-13,146.92020900177502,147.69074591305593,145.08650587919956,145.86680603027344,102404300
2021-09-14,146.64704249063803,147.34931083330153,143.29176371635268,144.47195434570312,109296300
2021-09-15,144.90114769505237,145.7594791408811,142.76508231790012,145.3595733642578,83281300
2021-09-16,144.78410203525485,145.30104757606733,143.59414799108714,145.12547302246094,68034100
2021-09-17,145.15475696069768,145.15475696069768,142.17010842593353,142.4627227783203,129868800
2021-09-20,140.25834475382314,141.2727239872893,137.7906574556132,139.41952514648438,123478900
2021-09-21,140.38514645685206,141.03865814980705,139.2634757155347,139.8974609375,75834000
2021-09-22,140.8923300236282,142.82356032742504,140.1608018149043,142.2578582763672,76404300
2021-09-23,143.03818581433492,143.45760318499043,142.05306622379317,143.21376037597656,64838200
2021-09-24,142.072506116171,143.83792478120196,141.97496308859883,143.3014678955078,53477900
2021-09-27,141.88723117083788,142.3651683544505,140.2778748536838,141.78968811035156,74150700
2021-09-28,139.72192610299075,141.18498292082313,138.20034939372246,138.41493225097656,108972300
2021-09-29,138.96112166840754,140.89235227723765,138.53195600356045,139.312255859375,74602000
2021-09-30,140.1217888739592,140.82405712165914,137.80040133945224,138.01498413085938,89056700
2021-10-01,138.40517505038864,139.40005789714257,135.68389579904266,139.13670349121094,94639600
2021-10-04,138.26858674850567,138.70751560218017,134.8645515046284,135.71311950683594,98322000
2021-10-05,136.0545166576062,138.73678711480215,135.9277136552574,137.63461303710938,80861100
2021-10-06,136.03502801816884,138.6490157972431,134.9621137010957,138.50271606445312,83221100
2021-10-07,139.53660933038944,140.66804355787346,139.2049866756737,139.7609405517578,61732700
2021-10-08,140.48271316225515,140.62901288949595,139.04891630336158,139.3805389404297,58773200
2021-10-11,138.76606124094116,141.2434974770439,138.31738395190774,139.29275512695312,64452200
2021-10-12,139.7024045703548,139.72191616043952,137.56633938704366,138.02476501464844,73035900
2021-10-13,137.76141892529833,137.91746698955632,135.77165355544514,137.43954467773438,78762700
2021-10-14,138.61000380183043,140.33641501765865,138.02477512030043,140.2193603515625,69907100
2021-10-15,140.2291266309253,141.33128600610704,139.97552058470157,141.27276611328125,67940300
2021-10-18,139.9170017643,143.2235096811566,139.63415065247935,142.94065856933594,85589200
2021-10-19,143.38929207620686,145.4960971069184,142.94062972963636,145.09619140625,76378900
2021-10-20,145.037656955219,146.0617994269622,144.47194001956103,145.5838623046875,58418800
2021-10-21,145.1449650896746,145.9545248556128,144.22811391179323,145.7984619140625,61421000
2021-10-22,146.0033099939033,146.481232332848,144.97916730862042,145.02793884277344,58883400
2021-10-25,145.0181495258691,145.69115788039105,143.98425867288518,144.97914123535156,50720600
2021-10-26,145.65218915043056,147.1249943659197,145.34006320959406,145.64244079589844,60893400
2021-10-27,145.68140905786274,146.04229155515878,144.8328410742834,145.18397521972656,56094900
2021-10-28,146.1301073675776,149.39759166799496,146.03256430303534,148.8123779296875,100077900
2021-10-29,143.59413644564216,146.2471470636249,142.804088225394,146.110595703125,124953200
2021-11-01,145.3205654883688,146.01307072992742,144.1598713388164,145.2913055419922,74588300
2021-11-02,144.9986747309846,147.8370082711022,144.98891149464504,146.32518005371094,69122000
2021-11-03,146.6860731609645,148.2271614322934,146.13011931995035,147.7589874267578,54511500
2021-11-04,147.8467909036605,148.67584762072252,146.92993945409776,147.2420654296875,60394600
2021-11-05,148.36534609443586,148.66815006608644,146.57781000839395,147.76950073242188,65463900
2021-11-08,147.89651258756408,148.0528033415094,146.6755190186912,146.9490203857422,55020900
2021-11-09,146.71456416967115,147.9160175036458,146.57781350486675,147.31040954589844,56787900
2021-11-10,146.53874739869644,146.64619541359409,144.41910465453822,144.4874725341797,65187100
2021-11-11,145.5033467129879,145.96242651484354,144.25303577054234,144.43862915039062,41000000
2021-11-12,144.98560270947831,146.90988909643477,144.05765090115398,146.50941467285156,63804000
2021-11-15,146.88060480284193,148.3555742437889,145.9624154592678,146.51919555664062,59222800
2021-11-16,146.46058703081326,147.97462166575806,145.87450429964008,147.49598693847656,59256200
2021-11-17,147.49599850722544,151.40317727562876,147.48623592599793,149.92822265625,88807000
2021-11-18,150.14311888912806,154.98801222203343,149.49843081431837,154.20657348632812,137827700
2021-11-19,153.9916731226482,157.28348128204507,152.89766786630707,156.8243865966797,117305600
2021-11-22,157.92816624213555,161.85488526610547,157.26395297389544,157.2834930419922,117467900
2021-11-23,157.3811042204667,158.04533214291368,155.36891020179667,157.6643829345703,96041900
2021-11-24,157.01974088138022,158.3774848564214,155.9354982175197,158.18212890625,69463600
2021-11-26,155.86712045424656,156.72668956141257,152.73160325073675,153.17115783691406,76959800
2021-11-29,155.67173929364688,157.4495124904144,155.1051966783485,156.5215606689453,88748200
2021-11-30,156.27736517799391,161.67903783874624,156.20898240534294,161.46414184570312,174048100
2021-12-01,163.59356203535145,166.34813007275002,160.71202083002768,160.9464569091797,152052500
2021-12-02,155.0563862894109,160.38967666927002,154.13819694441963,159.9598846435547,136739200
2021-12-03,160.21384675586103,161.1320360204304,156.01362719703414,158.0844268798828,118023100
2021-12-06,160.47759138079394,163.98429560873123,160.4678287996897,161.48370361328125,107497000
2021-12-07,165.15642772326544,167.59841414884357,164.43359437560147,167.2076873779297,120405400
2021-12-08,168.13568563195315,171.8768113251432,166.73886138447926,171.01722717285156,116998900
2021-12-09,170.85113086564078,172.64842918211983,169.88409893762693,170.50924682617188,108923700
2021-12-10,171.14419733842757,175.46162790674452,170.63625994665398,175.28579711914062,115402700
2021-12-13,176.91704079075095,177.9036129181879,171.45676231906222,171.66189575195312,153237000
2021-12-14,171.1832561903654,173.6154801461527,168.21380712036787,170.28460693359375,139380400
2021-12-15,171.04649539113694,175.33462289814014,168.31146765189683,175.13926696777344,131063300
2021-12-16,175.11975249855263,176.93659123544322,166.78769490587976,168.2626495361328,150185800
2021-12-17,165.98668171971096,169.44454258569772,165.75226057944147,167.16860961914062,195432700
2021-12-20,164.375008447403,166.62163920449956,163.5740445559153,165.81089782714844,107499100
2021-12-21,167.5789142050935,169.18085708761444,165.19553249835857,168.97573852539062,91185900
2021-12-22,169.02456703895956,171.77913555211592,168.15522025592128,171.56423950195312,92135300
2021-12-23,171.76934702247985,172.74614168304623,171.2028043307869,172.18936157226562,68356600
2021-12-27,172.9805656257053,176.2332936859138,172.96104046356876,176.1453857421875,74919600
2021-12-28,175.97930746687297,177.12215528727302,174.38712760111903,175.12948608398438,79144300
2021-12-29,175.16857977375096,176.43841575185178,174.0061917992903,175.21742248535156,62348900
2021-12-30,175.30532209148024,176.3798020768136,173.95734081982604,174.06478881835938,59773000
2021-12-31,173.9573242504266,175.07086935429706,173.14658304866205,173.44940185546875,64062300
2022-01-03,173.70341256103026,178.6362290402615,173.58620196027948,177.78640747070312,104487900
2022-01-04,178.39201490568885,178.69481886787932,174.96345608354855,175.52999877929688,99310400
2022-01-05,175.4420853705736,175.9890879826122,170.587414831676,170.8609161376953,94537600
2022-01-06,168.69243553501073,171.23210762394186,167.65703557565845,168.00868225097656,96904000
2022-01-07,168.8780676820412,170.09906129270573,167.06122859318413,168.17477416992188,86709100
2022-01-10,165.15642793014217,168.4970635759533,164.26754129298973,168.1942596435547,106765600
2022-01-11,168.3212790198075,171.1148977053451,166.85608689005863,171.01722717285156,76138300
2022-01-12,172.0330618342014,173.06846173538992,170.7632407657719,171.45675659179688,74805200
2022-01-13,171.70094857794888,172.52145244084235,167.80353287215138,168.1942596435547,84505800
2022-01-14,167.36399798657283,169.74737940608347,167.11979931497876,169.05386352539062,80440800
2022-01-18,167.53005178287384,168.53614912039677,165.47879187832885,165.8597412109375,90956700
2022-01-19,166.05509393247632,167.1100339648471,162.08930995625335,162.37257385253906,94815000
2022-01-20,163.10515822088573,165.74250066133902,160.3701303584997,160.69247436523438,91420500
2022-01-21,160.60458738914824,162.4702688967568,158.53378733529433,158.6412353515625,122848900
2022-01-24,156.30669005524535,158.53378075020058,151.11013516388041,157.8695526123047,162294600
2022-01-25,155.29079647095608,158.98307875093712,153.3762874615523,156.07223510742188,115798400
2022-01-26,159.70592982008216,160.57527648713483,154.15774320444362,155.98434448242188,108275300
2022-01-27,158.68028043462846,160.03802433796415,154.60704872462142,155.52523803710938,121954600
2022-01-28,161.8646250162313,166.39695095221313,159.02214941138433,166.37741088867188,179935700
2022-01-31,166.2113655240236,170.9390476064095,165.57644011866424,170.72415161132812,115541600
2022-02-01,169.9720379540269,170.78277933201363,168.31148996868112,170.55812072753906,86213900
2022-02-02,170.69484950775998,171.79863213102016,169.30780301992357,171.75955200195312,84914300
2022-02-03,170.4311395793071,172.15030783567607,168.125903430298,168.88780212402344,89418100
2022-02-04,167.90975737649003,170.27662529840396,166.93171820745542,168.6041717529297,82465400
2022-02-07,169.06382633955357,170.129885294368,167.19576822143142,167.8901824951172,77251200
2022-02-08,167.95865801143464,171.49916986063508,167.66524328351184,170.99058532714844,74829200
2022-02-09,172.1838075995271,172.77062217708496,171.05905354274313,172.40875244140625,71285000
2022-02-10,170.31573108381698,171.62629991772872,167.78261335475796,168.340087890625,90865900
2022-02-11,168.54550592037077,169.2790353586412,164.34970917619486,164.93653869628906,98670700
2022-02-14,163.69438566255786,165.85585845870224,162.90217644579033,165.17123413085938,86185500
2022-02-15,167.21538330696293,169.15189697697923,166.5111938044669,168.9954071044922,62527400
2022-02-16,168.07601104878276,169.5332796330186,166.31553783336227,168.76063537597656,61177400
2022-02-17,167.27401205002488,168.13469116142224,164.77023455180458,165.17123413085938,69589300
2022-02-18,166.09063975736873,166.7948143179217,162.54035235125863,163.6259765625,82772700
2022-02-22,161.35688974047144,163.02934320107533,158.58903724171788,160.71139526367188,91162800
2022-02-23,161.9045621151873,162.5011664749462,156.24172312968074,156.55470275878906,90009200
2022-02-24,149.22921086821898,159.27367681919955,148.66194638721413,159.1660919189453,141147500
2022-02-25,160.24193771015948,161.4938266826065,157.3371601146723,161.22976684570312,91974200
2022-02-28,159.47907699118204,161.7872502076219,158.8629074909049,161.49383544921875,95056600
2022-03-01,161.08304074169718,162.94132403155473,158.41299811175085,159.61598205566406,83474400
2022-03-02,160.77981797223677,163.68459476775294,159.37143953517563,162.90216064453125,79724800
2022-03-03,164.77025023720336,165.20058983386846,161.91437782369874,162.57943725585938,76678400
2022-03-04,160.87765818976635,161.91437725608384,158.54014531943216,159.58663940429688,83737200
2022-03-07,159.7724722055909,161.3960207362876,155.54733601828758,155.8016357421875,96418800
2022-03-08,155.33218168421902,159.30301816152476,152.37849933499598,153.98248291015625,131148300
2022-03-09,157.9337564869507,159.8213797915154,155.90922322313332,159.37147521972656,91454900
2022-03-10,156.68187121650197,156.86770104560523,152.55454474714313,155.0387725830078,105342000
2022-03-11,155.43971535505423,155.7820349398414,151.10701018748304,151.3319549560547,96970100
2022-03-14,148.12399948025242,150.73536174739257,146.80365582087973,147.31222534179688,108732100
2022-03-15,147.58612546449382,152.15358216127328,147.07755576988814,151.68411254882812,92964300
2022-03-16,153.60103819497576,156.48625045296393,151.06792059745445,156.0852508544922,102300200
2022-03-17,155.12678288189394,157.4642957434988,154.16830873861088,157.09263610839844,75615400
2022-03-18,156.98506332691767,160.86788006337628,156.25153394230247,160.3788604736328,123511700
2022-03-21,159.91919485399893,162.69683770871782,159.43017522147943,161.74813842773438,95811400
2022-03-22,161.87525716684658,165.6993938917205,161.28844262082922,165.11257934570312,81532000
2022-03-23,164.30079784879288,168.84867380689857,163.9682532045546,166.4720458984375,98062700
2022-03-24,167.30337650948087,170.31573891650316,166.4720521767643,170.24728393554688,90131400
2022-03-25,170.06143114397722,171.430679815148,168.95624226558783,170.8829803466797,80546200
2022-03-28,168.38901573521346,171.87083307439428,168.22275085370143,171.7436981201172,90371900
2022-03-29,172.80970879935504,175.07875145997002,172.46738918878967,175.0298614501953,100589400
2022-03-30,174.6288971925018,175.66561632731086,172.81951875433577,173.86602783203125,92633200
2022-03-31,173.93446796182153,174.120297776475,170.5700111087268,170.77540588378906,103049300
2022-04-01,170.20816010667752,171.0394993928561,168.1640617684755,170.4820098876953,78751300
2022-04-04,170.73630961524591,174.57022147286082,170.60915974417932,174.5213165283203,76468400
2022-04-05,173.60194829792937,174.38438259894033,170.58958593943765,171.2155303955078,73401800
2022-04-06,168.57484765163213,169.8169616919483,166.393824277865,168.05648803710938,89058800
2022-04-07,167.4011755212215,169.55285855113002,166.11994669119974,168.35964965820312,77594700
2022-04-08,168.00753302198206,168.00753302198206,165.48419068930104,166.35464477539062,76575500
2022-04-11,165.00500326610816,165.31796805598518,161.8654908055094,162.11000061035156,72246700
2022-04-12,164.3301525745867,166.13951616252308,162.98045368647982,163.97805786132812,79265200
2022-04-13,163.7139749230824,167.28381189911025,163.10759541750994,166.65786743164062,70618900
2022-04-14,166.87301451784703,167.50874884154206,161.41555493977322,161.66006469726562,75329400
2022-04-18,160.3201467390001,162.94129894819648,159.97784205250275,161.4449005126953,69023900
2022-04-19,161.3960167105301,164.13452917950872,160.31039271090148,163.72373962402344,67723800
2022-04-20,165.0539247315743,165.17129960837096,162.4523512544508,163.55752563476562,67929800
2022-04-21,165.20059691129774,167.7630547165198,162.266479452362,162.76527404785156,87227800
2022-04-22,162.80440987833427,164.18343379206294,157.95332893712188,158.23695373535156,84882400
2022-04-25,157.58163561913904,159.58661851207708,154.9800632753819,159.30299377441406,96046400
2022-04-26,158.6868312906376,158.7748512209157,153.2782766938566,153.3565216064453,95623200
2022-04-27,152.48609759207858,156.2808795981602,151.967738002025,153.13160705566406,88063200
2022-04-28,155.7527492675287,160.90702025080918,155.4397695467575,160.0463409423828,130216800
2022-04-29,158.28583697775457,162.55008785176082,153.7966412998766,154.18785095214844,131747600
2022-05-02,153.26850950984627,154.75511815394006,149.9040527150275,154.49105834960938,123055300
2022-05-03,154.67686742533908,157.18065989099466,152.88706912402677,155.9776611328125,88966500
2022-05-04,156.1635144371754,162.82395888042848,155.76251479077115,162.3740692138672,108256500
2022-05-05,160.25171284753384,160.47665766238154,151.5471558846843,153.3271942138672,130525300
2022-05-06,152.8080631040653,156.16767394547392,151.0156200226824,154.052001953125,116124600
2022-05-09,151.75022430191655,152.63176175523802,148.38083908771665,148.9391326904297,131577900
2022-05-10,152.32814774676658,153.5231099451531,149.7912929478581,151.3388671875,115366700
2022-05-11,150.34960463592216,152.2595803376125,142.81742986905113,143.49327087402344,142689800
2022-05-12,139.83980605277625,143.19940187956024,135.95128476595931,139.6341094970703,182602000
2022-05-13,141.62242982115953,145.0604001115948,140.17280954058904,144.09071350097656,113990900
2022-05-16,142.56273706460962,144.49230601105745,141.22084476017127,142.5529327392578,86643800
2022-05-17,145.80481151470883,146.69613834453236,143.66954586445135,146.17701721191406,78336300
2022-05-18,143.83608013972986,144.33560760113403,137.0287088681347,137.92984008789062,109742900
2022-05-19,137.0091561140078,138.7526228149115,133.79647489353653,134.5310821533203,136095600
2022-05-20,136.2353274341848,137.81228455615957,129.88832647827988,134.76611328125,137426100
2022-05-23,134.96203055915507,140.31976702681078,134.82490447725766,140.1728515625,117726300
2022-05-24,137.92000924521287,139.0562049598391,134.51143704695141,137.479248046875,104132700
2022-05-25,135.58883984827878,138.8798794260536,135.5006906054065,137.63595581054688,92482700
2022-05-26,134.57021942674126,141.37757526410218,134.32535040420584,140.82907104492188,90601500
2022-05-27,142.4060581377044,146.6080048732437,142.27872143657157,146.56883239746094,90978500
2022-05-31,146.01049226377089,147.5678554930359,143.8262500562877,145.7852020263672,103718400
2022-06-01,146.82346195823692,148.62570934761555,144.649023812494,145.65789794921875,74286600
2022-06-02,144.7959487531145,148.16534881431244,143.84585577263883,148.10658264160156,72348100
2022-06-03,143.8850177275583,144.93306421639832,141.49510885340763,142.39622497558594,88570300
2022-06-06,144.01238876362018,145.5207905259265,141.9260996131152,143.14065551757812,71598400
2022-06-07,141.3873815394989,145.94193944320352,141.1425125135875,145.65789794921875,67808200
2022-06-08,145.5305644824367,146.79408210793065,144.4335560047601,144.9232940673828,53950200
2022-06-09,144.0613237048235,144.91346299390733,139.60470516840178,139.7124481201172,69473000
2022-06-10,137.40092646925825,137.87107088214006,134.24701176433422,134.31558227539062,91437900
2022-06-13,130.1429810735186,132.4251621177248,128.74233746263164,129.17330932617188,122207100
2022-06-14,130.39769474252046,131.14209140798755,128.78154975446083,130.0352783203125,84784300
2022-06-15,131.53383428431485,134.5212392737676,129.44756042743367,132.6504364013672,91533000
2022-06-16,129.36918587177325,129.67282102638816,126.391570600365,127.39064025878906,108123900
2022-06-17,127.40048374314352,130.34870189215334,127.14581035148301,128.85989379882812,134520300
2022-06-21,130.68169231513036,134.2469845261448,130.58375367786297,133.08140563964844,81000500
2022-06-22,132.0235786011109,134.93262385029735,131.16164978530637,132.5720977783203,73409200
2022-06-23,134.0119221215175,135.74558399228505,132.84634321517927,135.43215942382812,72433800
2022-06-24,137.0287064173905,138.99746302987265,136.90138468183136,138.75259399414062,89116800
2022-06-27,139.7712426067131,140.5450371291734,138.0767530642211,138.75259399414062,70207900
2022-06-28,139.212931320367,140.47644880841756,134.50165406172098,134.6191864013672,67083400
2022-06-29,134.63880492913648,137.7829151592785,133.8650103621575,136.37246704101562,66242400
2022-06-30,134.43309207438057,135.5301005021527,131.02451949836083,133.91397094726562,98964500
2022-07-01,133.24794276909347,136.1863715256026,132.87575195629162,136.07862854003906,71051600
2022-07-05,134.94243962271915,138.70362462604172,134.11966825992553,138.65464782714844,73353800
2022-07-06,138.44892493914983,141.16206243102425,138.18446226043005,139.9866943359375,74064300
2022-07-07,140.3491492881493,143.5422515193908,140.3393599057939,143.3463592529297,66253700
2022-07-08,142.2787196887486,144.52172874952925,142.0240612352335,144.02218627929688,64547800
2022-07-11,142.6802818681296,143.63037488194183,140.82907263468897,141.89669799804688,63141600
2022-07-12,142.768425199881,145.40321819395862,142.07300556646354,142.8663787841797,77588800
2022-07-13,140.05532229787818,143.4443019452147,139.20316774910646,142.50401306152344,71185600
2022-07-14,141.12292146669557,145.8929653987599,140.30995449187216,145.42282104492188,78140700
2022-07-15,146.7059565075189,147.763792686889,145.15838218653053,147.08795166015625,76259900
2022-07-18,147.64623499784832,148.45920196700573,143.6891431225671,144.0515594482422,81420900
2022-07-19,144.88412086859606,148.1261847699647,143.89485526545627,147.90090942382812,82982400
2022-07-20,148.01844006316782,150.56508418725386,147.28383290571463,149.89903259277344,64823400
2022-07-21,151.32903006359481,152.37707647482438,148.82157409267467,152.16159057617188,65086600
2022-07-22,152.20078156045275,153.0725146399616,150.26142318216912,150.92745971679688,66675400
2022-07-25,150.849124954379,151.85798424989775,149.1546353044719,149.81088256835938,53623900
2022-07-26,149.13502930916428,149.94799628582763,147.70500253719806,148.48858642578125,55138700
2022-07-27,149.44849566558014,154.1010080911438,149.03711741300498,153.57208251953125,78620700
2022-07-28,153.75817384315252,154.40463173955777,151.2409277129022,154.12059020996094,81378700
2022-07-29,157.93069796196087,160.27164474239152,156.22640453209806,159.17462158203125,101786900
2022-08-01,157.7054523459462,160.2325026515257,157.58791998844677,158.1951904296875,67829400
2022-08-02,156.81414688340993,159.07673453265352,156.35379186998745,156.72598266601562,59907000
2022-08-03,157.53893055181024,163.1709180629882,157.45078129075776,162.72036743164062,82507500
2022-08-04,162.60285943908943,163.7586492750685,161.05528505110334,162.40696716308594,55474100
2022-08-05,160.0823306929475,162.67173843719075,159.8763484441019,162.1813201904297,56697000
2022-08-08,163.18178041324063,164.59418751238474,161.0533667864172,161.7105255126953,60276900
2022-08-09,160.8768354992681,162.6423445061743,160.1215870695177,161.75958251953125,63135500
2022-08-10,164.4667081851827,166.0949008724902,163.70165667502752,165.996826171875,70170500
2022-08-11,166.8010905635419,167.71327649760102,164.9669306824805,165.2611846923828,57149200
2022-08-12,166.56569547580565,168.87065273956517,166.1537308916434,168.802001953125,68039400
2022-08-15,168.2330984181666,170.0672580774187,168.06635799154176,169.87109375,54091700
2022-08-16,169.46896318920653,170.38114909928223,168.3704308785935,169.71417236328125,56377100
2022-08-17,169.45914438952641,172.77436193637106,169.2629800618565,171.2050323486328,79542000
2022-08-18,170.42036968678258,171.54832585930868,169.80243780169835,170.8126983642578,62290100
2022-08-19,169.71418188591318,170.4105825645676,168.02714147630917,168.23312377929688,70346300
2022-08-22,166.43821031061515,166.6049507819939,163.93707330716836,164.3588409423828,69026800
2022-08-23,163.87821006023856,165.47697879172844,163.45644246473458,164.02532958984375,54147100
2022-08-24,164.11359750144874,164.88845187937156,163.06409508904346,164.31956481933594,53841500
2022-08-25,165.54566701165754,166.87960592506704,165.1239142871809,166.77171325683594,51218200
2022-08-26,167.30135596498863,167.77215348287845,160.4256797689523,160.48452758789062,78961000
2022-08-29,158.0618418321346,159.77830620497173,156.7573420791942,158.28744506835938,73314000
2022-08-30,159.02307224651202,159.4448248788866,154.69757844618866,155.86477661132812,77906200
2022-08-31,157.23791969354875,157.50274977749038,154.12866933419335,154.20713806152344,87991100
2022-09-01,153.63825654168207,155.38414463005734,151.70600708998924,154.93296813964844,74229900
2022-09-02,156.6886565527691,157.286967514474,152.00025851175562,152.82415771484375,76957800
2022-09-06,153.4715206737186,154.07963464254792,150.7447958267751,151.56869506835938,73714800
2022-09-07,151.85312983190147,153.6676685648947,150.66631095885003,152.97128295898438,87449600
2022-09-08,151.6765739248584,153.36361410419434,149.75412756943635,151.50003051757812,84923800
2022-09-09,152.4907097522004,154.79568238893683,151.7845060067485,154.3542938232422,68028800
2022-09-12,156.53173198406338,161.11223777090294,156.24729591423596,160.2981414794922,104956000
2022-09-13,156.83574272665854,157.46347745743722,150.4308818908401,150.89187622070312,122656600
2022-09-14,151.82370097735972,154.08944624806267,150.66632089509483,152.333740234375,87965400
2022-09-15,151.68639505914092,152.2651001071562,148.4790697119515,149.45008850097656,90481100
2022-09-16,148.31232430924803,148.44964084888636,145.52673670084437,147.8120880126953,162278800
2022-09-19,146.44871449211215,151.59810678770754,146.2427471814607,151.51963806152344,81474200
2022-09-20,150.46032156880005,155.05064442927653,150.1464616536784,153.89324951171875,107689800
2022-09-21,154.32485530993193,155.6980357811973,150.65653533272163,150.77423095703125,101696800
2022-09-22,149.4599017279835,151.50984684718208,148.0180705759549,149.81300354003906,86652500
2022-09-23,148.29270193451399,148.5673350111051,145.7130966439831,147.54725646972656,96029900
2022-09-26,146.79199294144382,150.82323152103234,146.77237202102398,147.88072204589844,93339400
2022-09-27,149.81299153282302,151.75504386028683,147.0764489671257,148.8517608642578,84442700
2022-09-28,144.81069908771693,147.75320856386915,142.06435391669942,146.96853637695312,146691400
2022-09-29,143.30025780798485,143.9083718149734,137.98410935439225,139.74961853027344,128138200
2022-09-30,138.5726303244555,140.35776059275875,135.35548662233668,135.55165100097656,124925300
2022-10-03,135.56149072822626,140.32835923032613,135.05145128871018,139.72023010253906,114311700
2022-10-04,142.25075989142124,143.41795807791704,141.4955113649154,143.30026245117188,87830100
2022-10-05,141.3091461524557,144.55571313373582,140.26944671107276,143.594482421875,79471000
2022-10-06,143.0158044200555,144.7126478104947,142.43711432828448,142.64308166503906,68402200
2022-10-07,139.80847323243142,140.35775442140775,136.77769106151405,137.40542602539062,85925600
2022-10-10,137.7290496826172,139.17088043179677,135.91451126723297,137.7290496826172,74899000
2022-10-11,137.21904887976436,138.64127407342733,135.57125040118655,136.31668090820312,77033700
2022-10-12,136.46381898254117,137.67024396939837,135.51240615749046,135.68894958496094,70433700
2022-10-13,132.40312487373902,140.83830981626429,131.79499606499104,140.24981689453125,113224000
2022-10-14,141.54453406151188,141.75051634248345,135.5418185741853,135.72817993164062,88598000
2022-10-17,138.36665154683308,140.16156968133146,137.5819791306435,139.68096923828125,85250900
2022-10-18,142.70196183745628,143.88876607092178,137.91547311478982,140.99530029296875,99136600
2022-10-19,138.97473585531196,142.17225768233465,138.78837451258266,141.1031494140625,61758300
2022-10-20,140.2792613677454,143.09425775385319,139.91634163141597,140.6421661376953,64522000
2022-10-21,140.1321395849877,145.0167173026428,139.9163543059083,144.4478302001953,86548600
2022-10-24,144.36934369172494,147.35108041478094,143.20214572577777,146.58602905273438,75981900
2022-10-25,147.21377179556336,149.56778877679034,146.4977652190575,149.420654296875,74732300
2022-10-26,148.06709300971718,149.07735346461445,145.20303709712394,146.48794555664062,88194300
2022-10-27,145.23247083964995,146.19368643958677,141.3679725525205,142.02513122558594,109180200
2022-10-28,145.35994798735243,154.48172928103125,144.98724034146042,152.75546264648438,164762400
2022-10-31,150.22496108445085,151.2842665764986,149.0087181195706,150.40150451660156,97943200
2022-11-01,152.10816072803473,152.47106552613408,146.27218522217615,147.76304626464844,80379300
2022-11-02,146.09559446780847,149.25388921211223,142.22129326523782,142.25071716308594,93604600
2022-11-03,139.3376507448135,140.06347524662803,136.0910838596121,136.21859741210938,97918500
2022-11-04,139.59827074317496,140.16810151754257,132.0234836201314,135.95333862304688,140814800
2022-11-07,134.7055842324109,136.70980337190065,133.29083425573356,136.4838409423828,83374600
2022-11-08,137.94774130575934,138.9498435557623,135.0789489012502,137.05369567871094,89908500
2022-11-09,136.07123106652006,136.12035725287217,132.2297941583769,132.5048828125,74917800
2022-11-10,138.7631586833069,144.29441833496094,137.05366669118547,144.29441833496094,118854000
2022-11-11,143.26286485614494,147.37937519314977,141.83828048896822,147.07481384277344,93979700
2022-11-14,146.3576203774582,147.64464544159856,144.84461786588682,145.67971801757812,73374100
2022-11-15,149.5506380930854,150.89660867721872,145.95481705312972,147.4088592529297,89868300
2022-11-16,146.51481993344615,147.24183349471545,144.70707528826344,146.18077087402344,64218300
2022-11-17,143.8621421866718,148.82358651784583,143.58705356948877,148.07691955566406,80389400
2022-11-18,149.6390649453273,150.0222252429551,147.3401031595605,148.63694763183594,74829600
2022-11-21,147.52674987775407,147.73305885560603,145.12953609848137,145.41444396972656,58724100
2022-11-22,145.53237828985053,147.78221396265934,144.35340964940343,147.54641723632812,51804100
2022-11-23,146.82920540527334,149.16747394284351,146.72113379241404,148.42080688476562,58301400
2022-11-25,145.70916976960694,146.26918120067512,144.5400357218998,145.51268005371094,35195900
2022-11-28,142.59481349853306,144.0685093862778,140.86568238708142,141.69094848632812,69246000
2022-11-29,141.75971007267643,142.27059550015326,137.88881488460692,138.69442749023438,83763800
2022-11-30,138.9203582971881,146.1119996275474,138.08527316426236,145.43409729003906,111380900
2022-12-01,145.61097586517099,146.51484082101652,144.0390276864429,145.70921325683594,71250400
2022-12-02,143.40040769964443,145.4046270438478,143.09583136119605,145.21795654296875,65447400
2022-12-05,145.17867816271277,148.27343309869434,143.21375058654476,144.0586700439453,68826400
2022-12-06,144.49093730068225,144.71689974436399,139.43124046996064,140.4038848876953,64727200
2022-12-07,139.69655531326703,140.8558556105538,137.54495680465763,138.46847534179688,69721100
2022-12-08,139.8635600853956,141.00322179654424,138.62566097989853,140.14846801757812,62128300
2022-12-09,139.84388950557997,143.01725827820258,138.42913927736055,139.66705322265625,76097000
2022-12-12,140.1975885864345,141.9660265170688,138.58634846990296,141.95620727539062,70462700
2022-12-13,146.87830279302864,147.34006186732648,141.71054984410077,142.91897583007812,93886200
2022-12-14,142.8011107216781,144.0881358235322,138.68458524913544,140.69863891601562,82291200
2022-12-15,138.63545090272245,139.3133532425607,133.6445335943197,134.10629272460938,98931900
2022-12-16,134.2929782040358,135.23613504981998,131.38487878191776,132.1511993408203,160156900
2022-12-19,132.74069295008061,132.82911109974094,129.01716151047765,130.04873657226562,79592600
2022-12-20,129.08588923628005,130.91327209557377,127.61219386559817,129.9799346923828,77432800
2022-12-21,130.64800547841642,134.4108428696223,130.42204304769788,133.07469177246094,85928000
2022-12-22,131.99402745433673,132.20033647277774,128.01504576681836,129.91119384765625,77852100
2022-12-23,128.62415014924704,130.0978457490201,127.3665977700706,129.54766845703125,63814900
2022-12-27,129.07607245594536,129.10554516462403,126.46271568426795,127.74974060058594,69007800
2022-12-28,127.39608344761355,128.73223486036684,123.66272537894751,123.82974243164062,85438400
2022-12-29,125.74552617249073,128.19185867326428,125.4900910087302,127.33712005615234,75703700
2022-12-30,126.1581553688859,127.67114272748928,125.19533773599038,127.6514892578125,77034200
2023-01-03,127.9953746812147,128.6044974020352,121.99252063798394,122.87673950195312,112117500
2023-01-04,124.66483150899292,126.4037966398773,122.886574422074,124.14412689208984,89113600
2023-01-05,124.90060516942826,125.5293813261351,122.57217104073682,122.82760620117188,80962700
2023-01-06,123.80025205121024,128.0051879622661,122.69989001665523,127.34693908691406,87754700
2023-01-09,128.18208673410493,131.07053346068483,127.61225578201942,127.86769104003906,70790800
2023-01-10,127.97574077291436,128.95820466182693,125.87326865028986,128.4375,63896200
2023-01-11,128.94836939344688,131.1687321095965,128.17222961380043,131.1490936279297,69458900
2023-01-12,131.53222415316628,131.90555010610956,129.13501070565974,131.07046508789062,71379600
2023-01-13,129.71468306570503,132.55400260182785,129.35117628841525,132.3968048095703,57809700
2023-01-17,132.4655864864573,134.88243886666353,131.77786487384603,133.55612182617188,63646600
2023-01-18,134.42069543585905,136.1792989256054,132.6620769549058,132.83892822265625,69672800
2023-01-19,131.72870843866633,133.86065244378065,131.42414715096476,132.89784240722656,58280400
2023-01-20,132.90769302903612,135.59964906296133,131.86628386729487,135.4522705078125,80223600
2023-01-23,135.6979103035641,140.80673462294286,135.48176704430378,138.63548278808594,81760300
2023-01-24,137.84949253259393,140.64952034187644,137.83967329148908,140.0305633544922,66435100
2023-01-25,138.41932337339787,139.93231102042415,136.37579688239575,139.372314453125,65799300
2023-01-26,140.65934626942868,141.72040901629467,139.41161299424252,141.4355010986328,54105100
2023-01-27,140.64949717713105,144.64811636457318,140.57089828761406,143.37091064453125,70555800
2023-01-30,142.41797596075202,142.99762607371383,140.34497649686972,140.49234008789062,64015300
2023-01-31,140.19759064122545,141.80883078137197,139.78495761656453,141.75970458984375,65874500
2023-02-01,141.44528077834974,144.03898399261212,138.84175832526216,142.87966918945312,77663600
2023-02-02,146.28885767804982,148.52887400177488,145.57166328269082,148.17520141601562,118339000
2023-02-03,145.43410775063012,154.62014981197694,145.23761799882098,151.7906494140625,154357300
2023-02-06,149.89452545981646,150.41523013113607,148.13590667152536,149.06924438476562,69858300
2023-02-07,147.9983146799996,152.50781896271047,147.9983146799996,151.93798828125,83322600
2023-02-08,151.18150996746658,151.86923151834947,148.5190269025848,149.25587463378906,64120100
2023-02-09,151.08330847433277,151.62366665738756,147.78222892746496,148.22433471679688,56007100
2023-02-10,147.06326201809225,148.91310407783703,146.82710525948497,148.58839416503906,57450700
2023-02-13,148.52933886882354,151.78625678187208,148.49982115470684,151.38284301757812,62199000
2023-02-14,149.68057287811524,151.30412220458746,148.44078385852455,150.74325561523438,61707600
2023-02-15,150.65468023132328,153.00635283510616,150.42837278798947,152.83908081054688,65573800
2023-02-16,151.04826665403036,153.82305157694913,150.8908438680814,151.2450714111328,68167900
2023-02-17,149.90689371085574,150.54646418705764,148.43094798353164,150.1036834716797,59144100
2023-02-21,147.79137232815333,148.87373860585663,146.0300835825423,146.0989532470703,58867200
2023-02-22,146.4826819914061,147.54536466728035,144.80011234851025,146.5220489501953,51011300
2023-02-23,147.68313363952294,147.92912460701393,144.87884561858363,147.0041961669922,48394200
2023-02-24,144.75094042273577,144.8296593421339,143.38323110315275,144.35736083984375,55469600
2023-02-27,145.3413038601465,146.7778826433076,145.08546365545737,145.5479278564453,44998500
2023-02-28,144.6918692589824,146.689314426437,144.47539603761436,145.0460968017578,50547000
2023-03-01,144.4754113339038,144.86899086128216,142.68458995191014,142.9797821044922,55479000
2023-03-02,142.0646965175798,144.3573339453376,141.59238308918532,143.57015991210938,52238100
2023-03-03,145.66597544130724,148.68675112203792,144.96736964186593,148.6080322265625,70732300
2023-03-06,151.32379221822697,153.79355106354063,150.99909736370918,151.3631591796875,87558000
2023-03-07,151.2352451910372,151.55995507278075,148.70646582947896,149.16893005371094,56182000
2023-03-08,150.35952840818192,151.00894821688513,149.39524794362458,150.41856384277344,47204800
2023-03-09,151.09748364556307,152.06176399701366,147.82088228318355,148.17510986328125,53833600
2023-03-10,147.80122193638456,148.5195113692859,145.24290982690115,146.11863708496094,68572400
2023-03-13,145.43970497520198,150.68423448355665,145.33146834316847,148.0570526123047,84457100
2023-03-14,148.8540759406075,150.94007486124426,147.69300560224534,150.14306640625,73695900
2023-03-15,148.76548332238644,150.7924462663543,147.51584514285557,150.53662109375,77167900
2023-03-16,149.71992520737962,153.95097226183628,149.20825986230471,153.3507537841797,76161100
2023-03-17,153.57710247425993,154.2265223157517,151.80596427660015,152.51441955566406,98944600
2023-03-20,152.5832627325511,155.28916298853815,151.6780028890537,154.87588500976562,73641400
2023-03-21,154.79723834581083,156.8438704472163,154.0297325401581,156.72579956054688,73938300
2023-03-22,156.74542384346483,159.53987720924363,155.27931249330243,155.2989959716797,75701800
2023-03-23,156.28297554136526,158.9593583364734,155.15140813839363,156.38136291503906,67622100
2023-03-24,156.31249715364865,157.76875944157217,155.31869907440637,157.68020629882812,59196500
2023-03-27,157.37518971960662,158.19188156427322,155.33837722493854,155.74180603027344,52390300
2023-03-28,155.4367475403247,155.9484128704115,153.4786543640599,155.1218719482422,45992200
2023-03-29,156.81429056205513,158.46735739062942,156.79462209814082,158.1918487548828,51305700
2023-03-30,158.93965597985908,159.86458426430409,158.68383082177425,159.75634765625,49501700
2023-03-31,159.8350878653574,162.35403288236776,159.31358823359025,162.25563049316406,68749800
2023-04-03,161.63570888278477,163.62330459513862,161.58650769871608,163.50523376464844,56976200
2023-04-04,163.92836877990578,164.16451047380076,162.46225736922722,162.9739227294922,46278300
2023-04-05,162.09822184489292,162.40324825832465,159.20536551321473,161.13392639160156,51511700
2023-04-06,159.8252203026454,162.31466233453045,159.40212310856722,162.01947021484375,45390100
2023-04-10,158.8314525568901,159.43167114257812,157.51294452082058,159.43167114257812,47716900
2023-04-11,159.7465059260698,159.7563401575787,157.93600138413825,158.2213592529297,47644200
2023-04-12,158.6346426672523,159.4611686435216,157.21773241416443,157.53260803222656,50133100
2023-04-13,159.0380889195549,163.14121655398105,158.83144989570576,162.90505981445312,68445600
2023-04-14,161.9506011686896,163.65286938363687,161.19295983913122,162.5606689453125,49386500
2023-04-17,162.44259843625022,162.73779061232008,161.39959909302152,162.58035278320312,41516200
2023-04-18,163.43641422586148,164.72540456754612,162.99361844758067,163.80047607421875,49923000
2023-04-19,163.14122346923992,165.4633789570219,162.885383237049,164.94187927246094,47720200
2023-04-20,163.42656743390464,165.1780220485777,162.90506774605808,163.9775848388672,52456400
2023-04-21,162.40320545287983,163.78074857435575,161.85218820428946,162.37368774414062,58337300
2023-04-24,162.35403159020615,162.9444158925364,161.26183114076272,162.67874145507812,41949600
2023-04-25,162.54097982284455,163.64301445601814,161.1043860925183,161.1437530517578,48714100
2023-04-26,160.44515464932056,162.62955575633885,160.18932943478703,161.13392639160156,45498800
2023-04-27,162.54095594925062,165.85690860859063,162.54095594925062,165.70932006835938,64902300
2023-04-28,165.7880496631181,167.12624089927414,165.18783120394306,166.95895385742188,55275900
2023-05-01,166.5654112090663,167.71664719399982,165.93567490070697,166.8704376220703,52472900
2023-05-02,167.3623966257795,167.6182368189597,164.85328597063295,165.83724975585938,48425700
2023-05-03,166.7818533947913,168.17908009941613,164.47938185396285,164.7647247314453,65136000
2023-05-04,162.24574073649066,164.36125625353384,161.6750401054256,163.1313018798828,81235400
2023-05-05,168.23809809226543,171.50486456691795,168.02162489145863,170.7865753173828,113453200
2023-05-08,169.71404999386525,171.06209043449635,169.34998823962542,170.7176971435547,55962800
2023-05-09,170.27496029429,170.75709300871614,168.8482156052712,169.01548767089844,45326900
2023-05-10,170.24541483030967,171.23921282792068,169.14336520388548,170.77674865722656,53724500
2023-05-11,171.0621017201797,171.7902252766967,169.4090348343318,170.9636993408203,49514700
2023-05-12,171.07210045600348,171.50564580777203,168.49055408757272,170.0375213623047,45533100
2023-05-15,170.61886136031444,170.66813061172948,168.95365989259247,169.54486083984375,37266700
2023-05-16,169.4660330445526,170.5991506527755,169.2788189100942,169.54486083984375,42110300
2023-05-17,169.19011716888295,170.39219951568867,167.91903983890595,170.15573120117188,57951600
2023-05-18,170.4611756877155,172.6683084617715,170.04734111161662,172.48109436035156,65496700
2023-05-19,173.80145343851697,173.80145343851697,172.37273538217633,172.58950805664062,55809500
2023-05-22,171.42681253611994,172.14611049896482,170.90459157041087,171.64358520507812,43570900
2023-05-23,170.58929510312979,170.83562631420236,168.7664381272472,169.04232788085938,50747300
2023-05-24,168.57925877781034,169.8897428952425,168.0176313188349,169.31825256347656,45143500
2023-05-25,169.87986475065702,171.34798918728478,169.17042964019168,170.45135498046875,56058300
2023-05-26,170.7764937271046,173.1905363695113,170.56956891324683,172.8555145263672,54835000
2023-05-30,174.36308277683443,176.36329091292328,173.978806707213,174.69808959960938,55964400
2023-05-31,174.72769255411242,176.7180533606995,174.16605006005452,174.64886474609375,99625300
2023-06-01,175.0922328882,177.47671735788407,174.33352850038895,177.44715881347656,68901800
2023-06-02,178.37335293714096,179.11234656032465,176.62932377666553,178.29452514648438,61996900
2023-06-05,179.9498694414483,182.23581511366768,175.42721727327233,176.9446258544922,121946500
2023-06-06,177.3289349437502,177.47672767437876,174.82620111609043,176.58009338378906,64848400
2023-06-07,175.82136104700194,178.5507149734009,174.71780207381394,175.21046447753906,61944600
2023-06-08,175.28927455408018,178.18613184931536,174.85574427470908,177.92010498046875,50214900
2023-06-09,178.83646640490514,179.5557493602978,177.97923856717878,178.3043975830078,48900000
2023-06-12,178.6098569544308,181.191403498661,178.3142564640164,181.09286499023438,54274900
2023-06-13,180.11737806569877,181.4475575367352,179.76266053311636,180.61988830566406,54929100
2023-06-14,180.67901332162722,181.684048880549,179.34883379218707,181.25050354003906,57462900
2023-06-15,181.26036948430115,183.78279874291368,181.08300318978328,183.2802734375,65433200
2023-06-16,183.98970387223915,184.245897953939,181.56581317602513,182.20626831054688,101256200
2023-06-20,181.70376647980103,183.3689679486228,181.70376647980103,182.29495239257812,49799100
2023-06-21,182.1865534203878,182.68907870149724,179.91045548906328,181.26036071777344,49515700
2023-06-22,181.04356888160584,184.304991288712,180.97458893469445,184.25572204589844,51245300
2023-06-23,182.82703803401998,184.80753566864925,182.29495416898448,183.94044494628906,53117000
2023-06-26,184.08822111663613,185.2903184900679,182.51169553463515,182.55111694335938,48088700
2023-06-27,183.1620330683905,185.6253451571229,182.94526040179295,185.30018615722656,50730800
2023-06-28,185.1720661878379,187.11315707618536,184.84692226306757,186.4727020263672,51216800
2023-06-29,186.30522898461155,187.2807060224463,186.16728410364277,186.8077392578125,46347300
2023-06-30,188.8178174385461,191.6259844129726,188.4532369978983,191.12347412109375,85213200
2023-07-03,190.93627177904648,191.03481029014517,188.94591112680644,189.63565063476562,31458200
2023-07-05,188.75866963191964,190.14796610334872,187.82259909124357,188.52218627929688,46920300
2023-07-06,187.0541019502193,189.20211835514803,186.423494526132,188.9951934814453,45094300
2023-07-07,188.60098111677598,189.84248467272647,187.44815316449484,187.88168334960938,46815000
2023-07-10,186.4826030596721,187.20190113081154,184.2951803689385,185.84214782714844,59922200
2023-07-11,186.3840071209384,186.5219519651549,183.86157852105939,185.31985473632812,46638100
2023-07-12,186.89640150427806,188.88676181703667,185.70416691161034,186.98509216308594,60750200
2023-07-13,187.70438329432415,188.38425984411805,186.99494820191867,187.74378967285156,41342300
2023-07-14,187.4383302857117,188.37438582770977,186.8471444335954,187.89158630371094,41616200
2023-07-17,189.08381775872684,191.46831693797242,188.9951421376018,191.14315795898438,50520200
2023-07-18,190.5125649317522,191.47817907078496,189.5962050071137,190.88697814941406,48288200
2023-07-19,190.26621270882248,195.3209183853995,189.82280454932882,192.2368621826172,80507300
2023-07-20,192.22703531122195,193.5867885139367,189.67504737311495,190.29580688476562,59581200
2023-07-21,191.25156585425083,192.10879369152832,188.42367321559357,189.12326049804688,71951700
2023-07-24,190.5717048030419,192.04969224832402,189.4287242369893,189.92138671875,45377800
2023-07-25,190.49285737606127,191.58656857428397,190.08887057427083,190.77859497070312,37283200
2023-07-26,190.82785426220883,192.7689453418544,190.48299959942145,191.6456756591797,47471900
2023-07-27,193.1433729163405,194.30604897209747,189.72429463258098,190.38446044921875,47460200
2023-07-28,191.8131659299023,193.7444090416655,191.29094501886246,192.95614624023438,48291400
2023-07-31,193.18277106210203,193.6064685292723,192.394508242959,193.56704711914062,38824100
2023-08-01,193.36013930235927,193.8429388199064,192.41422090280528,192.7393798828125,35175100
2023-08-02,192.17772026565052,192.31566512038475,189.03454714457348,189.7538299560547,50389300
2023-08-03,188.75871726757424,189.54696523884948,187.8916264573319,188.3645782470703,61235200
2023-08-04,182.79748597555601,184.63019095429203,179.25031019901363,179.3192901611328,115956800
2023-08-07,179.4572524678221,180.44257749750784,174.74740002871357,176.2253875732422,97576100
2023-08-08,177.05305163689803,177.6245419410217,174.97401528572274,177.16143798828125,67823000
2023-08-09,178.2156906972674,178.27480777933516,174.41233639065635,175.5750274658203,60378500
2023-08-10,176.8460961883882,178.09746293161143,174.99369573264087,175.35826110839844,54686900
2023-08-11,174.953720563952,176.23636037713308,174.19399178686675,175.4174346923828,52036700
2023-08-14,175.59504844195268,177.2920967961584,174.9438523177461,177.06517028808594,43675600
2023-08-15,176.49294118914725,177.0849254578291,174.68735981208974,175.08201599121094,43622600
2023-08-16,174.7662850202376,176.15745776554937,174.14468726786023,174.21376037597656,46964900
2023-08-17,174.77615243783515,175.1412101505236,171.1649897406694,171.6780548095703,66062900
2023-08-18,170.0007213782545,172.76335939467492,169.6652621694116,172.1614990234375,61172200
2023-08-21,172.7337706675176,173.77962299820936,171.42151715942626,173.4934844970703,46311900
2023-08-22,174.69718434668556,175.30890581271296,173.89799596554266,174.8649139404297,42038900
2023-08-23,176.1377232252428,179.12728783194132,175.9502562936072,178.70301818847656,52722800
2023-08-24,178.25902046647073,178.68329009610582,173.6612029173666,174.02627563476562,54945800
2023-08-25,175.0129348306344,176.7593040006282,173.4737548580186,176.2265167236328,51449600
2023-08-28,177.6867593505913,178.1800870283186,176.1673167274641,177.78543090820312,43820700
2023-08-29,177.30196426395187,182.4325690983829,177.1046362040057,181.66297912597656,53003900
2023-08-30,182.47201632672878,185.34318659132038,182.27468829643146,185.14584350585938,60813900
2023-08-31,185.33334709899387,186.59626480914432,184.97815055206615,185.36294555664062,60794500
2023-09-01,186.96134589549212,187.38560051082152,185.76748618147488,186.93174743652344,45766500
2023-09-05,185.7674844117445,187.44479564304942,185.1064270757959,187.1685333251953,45280000
2023-09-06,185.88585963952747,186.32986658571798,179.04834537431464,180.46913146972656,81755800
2023-09-07,172.84227669356144,175.83185624974686,171.22416252451072,175.19052124023438,112488800
2023-09-08,175.96999075471308,177.8347687964352,175.417451102765,175.80224609375,65551300
2023-09-11,177.6670388917848,177.89396541040293,174.97345890425444,176.9665069580078,58953100
2023-09-12,177.09475937210624,177.72621814105926,172.48708107979573,173.94732666015625,90370200
2023-09-13,174.15451849429098,174.93398459835862,171.6582818339781,171.88522338867188,84267900
2023-09-14,171.67802028548886,173.75000241444866,171.2636268707299,173.39480590820312,60895800
2023-09-15,174.12492983939754,174.14466716160445,171.50043808217407,172.67454528808594,109259500
2023-09-18,174.12492516303394,176.9862345995646,173.81906442528665,175.5950469970703,67257600
2023-09-19,175.1510553991506,177.23289871202428,174.7662604292434,176.6803741455078,51826900
2023-09-20,176.86785847407558,177.3019893003594,173.05936766417838,173.14817810058594,58436200
2023-09-21,172.22069958579337,173.94734650075085,171.53990496478352,171.6089630126953,63149100
2023-09-22,172.33909518451154,174.7169382879251,171.7273736602944,172.45748901367188,56725400
2023-09-25,171.87536866413782,174.60840835340898,171.82603288281885,173.73028564453125,46172700
2023-09-26,172.4871029695211,172.8620217812148,169.3692683155077,169.66526794433594,64588900
2023-09-27,170.3164478696235,170.73084132501634,166.7940959712009,168.15567016601562,66921800
2023-09-28,167.08025562257725,169.7343615943213,165.3832067868562,168.41224670410156,56294400
2023-09-29,169.7244661753788,170.76045735672912,168.06687727418498,168.92527770996094,51861100
2023-10-02,168.9351141150612,171.97401410977108,168.64897565996583,171.4313507080078,52164500
2023-10-03,169.96123409658216,171.31296207551728,168.54046313149794,170.099365234375,49594600
2023-10-04,168.80686354725646,171.88523853747708,168.68846972057472,171.3425750732422,53020300
2023-10-05,171.47083294671847,173.10868450108188,170.3756448658088,172.57589721679688,48527900
2023-10-06,171.48071432556827,175.61480292776608,170.8689777300858,175.12147521972656,57266700
2023-10-09,174.45053908507856,176.66065260372454,173.45402254968238,176.60145568847656,42390800
2023-10-10,175.72333700059065,177.32171396949087,175.57532965392068,176.00946044921875,43698000
2023-10-11,175.82198018511957,177.4499705441094,175.22999600880442,177.400634765625,47551100
2023-10-12,177.6670336186698,179.906730392158,176.6507647716162,178.29849243164062,56743100
2023-10-13,178.99904528395493,179.5022341867499,175.76281633481818,176.46334838867188,51427100
2023-10-16,174.3913552582801,176.6902643223361,174.15455252434904,176.33506774902344,52517000
2023-10-17,174.29263735930638,176.03902130181154,172.4673342483031,174.7859649658203,57549400
2023-10-18,173.23695950912395,175.21027033840411,172.77323025982977,173.4934844970703,54764400
2023-10-19,173.69079235758196,175.46677490830675,172.85214438582656,173.11854553222656,59302900
2023-10-20,172.97054807703984,173.07908076842247,170.33618008275127,170.57298278808594,64244000
2023-10-23,168.62928473640696,171.68790756499885,167.6623515662161,170.69139099121094,55980100
2023-10-24,170.74072378645857,171.35244533043914,169.16206908920728,171.12551879882812,43816600
2023-10-25,169.5863625938841,170.75060892905034,168.3727654144791,168.8167724609375,57157000
2023-10-26,168.0964746462511,169.0930062294273,163.459197305812,164.6629180908203,70625300
2023-10-27,164.68264263448572,166.70528904611524,164.60370840247674,165.97515869140625,58499100
2023-10-30,166.76450604315932,168.88580920893756,166.61649869462795,168.01754760742188,51131000
2023-10-31,167.09008588386948,168.61938959873203,165.6594236135805,168.4911346435547,44846000
2023-11-01,168.71805482147735,171.9049471971035,167.84979334743332,171.64842224121094,56934900
2023-11-02,173.17777741023195,175.4076134182441,173.11858048911532,175.20042419433594,77334800
2023-11-03,171.91485064572058,174.46042350768224,171.0367278993792,174.2926788330078,79829200
2023-11-06,174.02626772873157,177.03555436857033,173.858538133294,176.83822631835938,63841300
2023-11-07,176.7889073081916,180.00541354681909,176.58171810512866,179.39369201660156,70530000
2023-11-08,179.91662978825056,181.00194176498167,179.16676200069597,180.4494171142578,49340300
2023-11-09,180.51847829944086,181.6629871195562,179.3838155582821,179.97581481933594,53763500
2023-11-10,181.75412225306079,184.32281184408907,181.3194195461175,184.15484619140625,66133400
2023-11-13,183.58184574005094,183.78930789371245,181.99123723697815,182.57412719726562,43627500
2023-11-14,185.4391901985185,185.84425545326624,184.0560589323069,185.1823272705078,60108400
2023-11-15,185.5874067506803,187.21752694473682,185.51824264456812,185.74546813964844,53790500
2023-11-16,187.28668991537342,188.65994715340477,186.37775779056014,187.4250030517578,54412900
2023-11-17,187.9584954748911,188.08693448765234,186.29873780998344,187.40524291992188,50922700
2023-11-20,187.60281994734135,189.598493753426,187.59294582194016,189.14402770996094,46505100
2023-11-21,189.10449492939836,189.21317059662826,187.4546116723618,188.34376525878906,38134500
2023-11-22,189.18356183514956,190.60620477415247,188.53150773289747,189.00572204589844,39617700
2023-11-24,188.57100791556658,188.60064536615056,186.970525284031,187.68185424804688,24048300
2023-11-27,187.6324520630897,188.37341847212542,186.62473352580105,187.50401306152344,40552600
2023-11-28,187.49414676130317,188.77849160556613,187.11871894105684,188.10667419433594,38415400
2023-11-29,188.60066651864972,189.77633577367203,186.6939199672285,187.08909606933594,43014200
2023-11-30,187.55341843722022,188.02764780463457,185.92329832735996,187.66209411621094,48794400
2023-12-01,188.0375263099119,189.25270705783993,186.95076949469112,188.9365692138672,45704800
2023-12-04,187.69172432124148,187.7608884211111,185.19219887595256,187.14834594726562,43389500
2023-12-05,187.91898862751913,192.05850876803487,187.88933609882633,191.09031677246094,66628400
2023-12-06,192.1079050949125,192.41416882595195,189.79609331061306,190.00357055664062,41089700
2023-12-07,191.29779342674496,192.65128739108172,191.25826677194576,191.93008422851562,47477700
2023-12-08,191.86090014217592,193.62934842275146,191.33728508312288,193.35272216796875,53406400
2023-12-11,190.7840156527889,191.1594434259829,189.11436907200368,190.85316467285156,60943700
2023-12-12,190.75438957156285,192.3746354774224,189.41076991243543,192.36476135253906,52696900
2023-12-13,192.74019585543422,195.6151493963814,192.50309623143957,195.5756378173828,70404200
2023-12-14,195.63488831127654,197.2156075489979,193.79729107961322,195.7238006591797,66831600
2023-12-15,195.1507962246044,196.01031245444227,194.62718115642724,195.19032287597656,128538400
2023-12-18,193.72816667410518,194.26167102083278,192.0486455445977,193.53057861328125,55751900
2023-12-19,193.79729775296602,194.57777573643529,193.5305456250714,194.56790161132812,40714100
2023-12-20,194.5283970820936,195.2990010280865,192.48333740234375,192.48333740234375,52242800
2023-12-21,193.73805393325773,194.7062459740887,191.1693639432951,192.33514404296875,46482500
2023-12-22,192.82909873139974,193.0563392932213,190.64572606781581,191.2681427001953,37149600
2023-12-26,191.2779991818499,191.55462542072405,190.50739536284337,190.72474670410156,28919300
2023-12-27,190.17149315937536,191.16932243864449,188.78834689776542,190.8235321044922,48087700
2023-12-28,191.80161980345068,192.3153607227681,190.8433020640508,191.2483673095703,34049900
2023-12-29,191.56450759639273,192.05848519728596,189.42064661751613,190.2110137939453,42672100
2024-01-02,184.89581391743906,186.17028459685415,181.6750853181039,183.4040069580078,82488700
2024-01-03,182.0011090098209,183.64111826756874,181.22061595613366,182.03074645996094,58414500
2024-01-04,179.95604798314233,180.88472835710988,178.70135563320858,179.7189483642578,71983600
2024-01-05,179.79799818956093,180.5587129492039,177.99991223040004,178.99774169921875,62379700
2024-01-08,179.89677561800764,183.36450834315934,179.313885613353,183.32498168945312,59144500
2024-01-09,181.7047124117811,182.91989304556353,180.52904335165846,182.91001892089844,42841800
2024-01-10,182.12958389612774,184.15488040474781,181.7047552354151,183.94741821289062,46792900
2024-01-11,184.29316874581366,184.7970355796361,181.4083411771675,183.3546142578125,49128400
2024-01-12,183.81896194364214,184.49077939116623,182.95944565085554,183.68064880371094,40477800
2024-01-16,179.9659175831278,182.04061439740983,178.75072186869164,181.418212890625,65603000
2024-01-17,179.08665457169852,180.72664884969066,178.12833676151584,180.4796600341797,47317400
2024-01-18,183.84857190455077,186.86183815424235,183.59170899023258,186.3579864501953,78005800
2024-01-19,187.04954979006996,189.6379874512041,186.54569809210085,189.252685546875,68903000
2024-01-22,189.98379650311966,192.97729968749402,189.94426985134535,191.5546417236328,60133900
2024-01-23,192.67104017695664,193.39224330006388,191.49537099853464,192.8291015625,42355600
2024-01-24,193.06621990928542,194.01466361551059,191.99922639290756,192.1573028564453,53631300
2024-01-25,192.86862433386716,193.90598035718745,190.78403816176663,191.83126831054688,54822100
2024-01-26,191.93006387634745,192.41415228379137,189.6281264159501,190.1023406982422,44594000
2024-01-29,189.69728055859,189.88499446653958,187.29655655692048,189.420654296875,47145600
2024-01-30,188.6401800108733,189.4898221386195,185.21197404804863,185.7751007080078,55859400
2024-01-31,184.7871410441138,184.846431021382,182.12955411744667,182.17893981933594,55467800
2024-02-01,181.77390231724044,184.69824158324056,181.6059517240919,184.6093292236328,64885400
2024-02-02,177.6936383802958,185.07366557426653,177.0909850527091,183.6114959716797,102551700
2024-02-05,185.8837890630235,186.97054595458332,183.6016146657499,185.41944885253906,69668800
2024-02-06,184.6093298683978,187.02981736340615,184.5204175084795,187.0199432373047,43490800
2024-02-07,188.3437817688575,188.74884702540382,186.33823388644547,187.12860107421875,53439000
2024-02-08,187.1088621926835,187.25704946443747,185.0934399218184,186.0517578125,40962000
2024-02-09,186.61560601384656,187.94116702243676,185.97262160450546,186.81346130371094,45155200
2024-02-12,186.38806813077576,186.63537211912902,184.7756412965565,185.1317596435547,41781900
2024-02-13,183.76661774979314,184.20187510350613,181.5309804501283,183.0444793701172,56529500
2024-02-14,183.32151955824494,183.52924646908957,180.47257259846702,182.16412353515625,54630500
2024-02-15,181.57057328309747,182.50043860227981,179.3943014199978,181.87722778320312,65434500
2024-02-16,181.44199396902647,182.8565806751117,179.71086599707365,180.34396362304688,49752500
2024-02-20,179.82955095197704,180.46264852115328,178.0588611409836,179.60203552246094,53665600
2024-02-21,179.9779444437335,180.91769653606136,178.71174929095213,180.35385131835938,41371400
2024-02-22,181.50134277124772,182.96539328132977,180.49235334512917,182.38174438476562,52292200
2024-02-23,183.01485026342843,183.04452553646294,180.26483093781445,180.5517120361328,45119700
2024-02-26,180.27473021897956,180.78911167382452,178.70186529911302,179.2063751220703,40867400
2024-02-27,179.1470080612827,181.93658908973126,177.62360710096542,180.66050720214844,54318900
2024-02-28,180.54178846123017,181.14521076395337,178.1874648834917,179.4635467529297,48953900
2024-02-29,179.3151930681472,180.60117691942332,177.59395175081718,178.80079650878906,136682600
2024-03-01,177.61370457626955,178.5831318593588,175.46710804516843,177.72251892089844,73563100
2024-03-04,174.25038035125658,174.99229230011673,171.9158301484072,173.2117156982422,81510100
2024-03-05,168.91851326517738,170.18470849670402,167.79080766540406,168.28541564941406,95132400
2024-03-06,169.2152850514215,169.39335177885377,166.8609461620447,167.29620361328125,68587700
2024-03-07,167.32586658446218,168.88882954707424,166.67299554984157,167.177490234375,71765100
2024-03-08,167.17750030588184,171.82681238429842,167.11814976227143,168.8888397216797,76267000
2024-03-11,171.07499261235472,172.49946586057737,170.1945911039721,170.8870391845703,60139500
2024-03-12,171.28272310113206,172.15323790323208,169.16580172767317,171.3618621826172,59825400
2024-03-13,170.90685960163916,171.32232852748163,168.9185256992457,169.2845458984375,52488700
2024-03-14,171.04532782778392,172.43022407386235,170.19460153541087,171.1343536376953,72913500
2024-03-15,169.32407812222547,170.75843811035156,168.4535633292171,170.75843811035156,121752700
2024-03-18,173.67664359575858,175.79356502758816,171.64874797271588,171.84658813476562,75604200
2024-03-19,172.45991109697533,174.7054356079408,171.1640405724947,174.18115234375,55215200
2024-03-20,173.82504084734046,176.74322509765625,173.2018299224136,176.74322509765625,53423100
2024-03-21,175.1406653733646,175.57592275278003,168.9976284397713,169.52191162109375,106181300
2024-03-22,169.90772263085663,171.18381963278856,168.22605856941686,170.422119140625,71160100
2024-03-25,168.7305586050563,170.08577952012527,167.6226265638577,169.00753784179688,54288300
2024-03-26,168.16670300567833,169.57138777241732,167.7512341389727,167.8798370361328,57388400
2024-03-27,168.57227437363676,171.72787530814264,168.27550660374618,171.4409942626953,60273300
2024-03-28,169.89782982249778,170.37264922530974,168.67119667981044,169.6307373046875,65672700
2024-04-01,169.3438746978549,169.40322523760474,167.65230884379906,168.19638061523438,46240500
2024-04-02,167.25662806803024,167.51381877100314,166.41578850586058,167.0192108154297,49329500
2024-04-03,166.969723660667,168.83934086761522,166.76199680113655,167.82044982910156,47691700
2024-04-04,168.45358430225178,170.0660111961713,166.99945068359375,166.99945068359375,53704400
2024-04-05,167.76110742740823,168.55248310289795,167.12800990586356,167.751220703125,42104800
2024-04-08,167.20716991074772,167.37533481002382,166.4256959559663,166.6334228515625,37425500
2024-04-09,166.8806999592474,168.24582257310013,166.5344834909376,167.84024047851562,42373800
2024-04-10,166.97963118021664,167.26649712267962,165.307854051912,165.9706268310547,49709300
2024-04-11,166.52458559261675,173.56781241373886,166.34653399230652,173.15232849121094,91070300
2024-04-12,172.38075949507746,176.43655077441642,172.33131077483722,174.6460723876953,101670900
2024-04-15,173.46890241983837,174.72521085075485,170.63974431610336,170.82769775390625,73531800
2024-04-16,169.8978273072319,171.88614579113815,166.45536027289515,167.5533905029297,73711200
2024-04-17,167.78091646807817,168.80969440593617,166.1882781982422,166.1882781982422,50901200
2024-04-18,166.21794611620325,166.8213684176903,164.75391081370103,165.23861694335938,43122900
2024-04-19,164.41761547732168,164.6055538581374,162.31058034320984,163.2206573486328,68149400
2024-04-22,163.7350029833429,165.45622881020677,162.9930911354229,164.05154418945312,48116400
2024-04-23,163.5668404824781,165.24850434331734,163.1414698344962,165.10011291503906,49537800
2024-04-24,164.74402954196006,167.47427542099652,164.4176015378687,167.19729614257812,48251800
2024-04-25,167.7017887376114,168.7701438382538,166.33666581552853,168.0579071044922,50558300
2024-04-26,168.04800546826704,169.49225225997063,167.35554224826544,167.47425842285156,44838400
2024-04-29,171.50034913417457,174.1316669492416,171.2332717193323,171.6289520263672,68169400
2024-04-30,171.46081207960546,173.1029142716877,168.1667209693098,168.4931640625,65934800
2024-05-01,167.75123767315736,170.84748833564953,167.28630498280754,167.47425842285156,50383100
2024-05-02,170.64962025703286,171.5498103000238,169.04709541575278,171.1640167236328,94214900
2024-05-03,184.6371141692426,184.98334572031666,180.6901529770176,181.4023895263672,163224100
2024-05-06,180.383540128798,182.2135806366563,178.47434543693257,179.7504425048828,78569700
2024-05-07,181.47163247242833,182.90599233972114,179.3646131175579,180.43295288085938,77305800
2024-05-08,180.87813197889614,181.09576068278213,179.4932206728727,180.76931762695312,45057100
2024-05-09,180.59127127419717,182.6686309202814,180.1461270912472,182.57960510253906,48983000
2024-05-10,183.1540861312051,183.34229448527321,180.4102525825865,181.32156372070312,50759500
2024-05-13,183.68899242379732,185.33332156582821,182.87672798687535,184.52105712890625,72044800
2024-05-14,185.73943318211036,186.52198207892377,184.5309518112327,185.66018676757812,52393600
2024-05-15,186.13566691836786,188.84978484549154,185.6007573941714,187.92857360839844,70400000
2024-05-16,188.67151097089564,189.29556710780693,187.86916171755817,188.04745483398438,52845200
2024-05-17,187.72057759120682,189.00830557822601,187.39369174809892,188.07717895507812,41282900
2024-05-20,187.54228461702792,190.10782534306233,187.22529890901677,189.2361297607422,44361300
2024-05-21,189.28565540299905,190.91016932460286,189.11726241831752,190.5337677001953,42309400
2024-05-22,190.45451683728567,190.99932654838926,188.47340160760692,189.09744262695312,34648500
2024-05-23,189.17667916140735,189.1964945447871,184.86776283091424,185.1154022216797,51005900
2024-05-24,187.03706106056427,188.78043669488514,186.26441236015899,188.18609619140625,36327000
2024-05-28,189.70169698060212,191.17763337385156,187.31446444482384,188.19606018066406,52280100
2024-05-29,187.81963788738682,190.43470949642946,187.72057607583483,188.4932098388672,53068000
2024-05-30,188.9587855239753,190.36537567482878,188.8300232981759,189.48377990722656,49889100
2024-05-31,189.6323431713606,190.7516780595243,188.1167913020161,190.4346923828125,75158300
2024-06-03,191.07855630297723,193.14883318833753,190.7021546904014,192.19789123535156,50080500
2024-06-04,192.80213237542046,193.47571940906454,191.2073340206378,192.51487731933594,47471400
2024-06-05,193.5549597642067,195.04079624688396,193.02996541617088,194.02052307128906,54156800
2024-06-06,193.8422122853953,194.64456149457678,192.3365605546928,192.6436309814453,41181800
2024-06-07,192.8120444256859,195.08042995429523,192.3068654552658,195.03089904785156,53103900
2024-06-10,195.04080033594326,195.43703247512377,190.33565137548777,191.29649353027344,97010200
2024-06-11,191.82150120872504,205.20394601258087,191.8017009364241,205.19403076171875,172373300
2024-06-12,205.41193016487838,218.1207863262847,204.94636687125956,211.05812072753906,198134300
2024-06-13,212.71235034689784,214.70336573665497,209.60200000148347,212.21707153320312,97862700
2024-06-14,211.8307711431916,213.13829945342002,209.30484597389386,210.48361206054688,70122700
2024-06-17,211.35530191551948,216.88261596473237,210.71144542501693,214.6241455078125,93728300
2024-06-18,215.5354294813442,216.5656178731208,210.98877362098574,212.26658630371094,79943300
2024-06-20,211.90998899500866,212.2170745602359,206.87796947703916,207.7001190185547,86172500
2024-06-21,208.40341856791886,209.88925500861833,205.1543907600995,205.5308074951172,241805100
2024-06-24,205.75861973380415,210.69159220230495,204.63928484253907,206.17465209960938,80727000
2024-06-25,207.1751175381149,209.38407188516823,206.64022308060072,207.09588623046875,55549700
2024-06-26,209.5029286499739,212.8312027309874,208.65104852463386,211.2364044189453,66213200
2024-06-27,212.66282504623206,213.70291360533915,210.34492376459474,212.07839965820312,49772700
2024-06-28,213.7326216506115,214.0297919592074,208.31427026634478,208.63124084472656,82542700
2024-07-01,210.08738182701015,215.45620282037203,209.91898882948186,214.70338439941406,60402900
2024-07-02,214.10904691098634,218.2991169839906,213.0689733881142,218.19015502929688,58046200
2024-07-03,217.92268618597842,219.4580535888672,216.9618440422543,219.4580535888672,37369800
2024-07-05,219.55710192478037,224.3117817727132,219.55710192478037,224.20281982421875,60412400
2024-07-08,224.94572057418634,225.69855401964364,221.14198303770854,225.66883850097656,59085900
2024-07-09,225.7778183894468,227.23393947620644,224.23255073363126,226.52073669433594,48076100
2024-07-10,227.1348758928893,230.87918266211804,227.08534498663496,230.78012084960938,62627700
2024-07-11,229.2051258414663,230.19568345608255,223.63819688403007,225.42120361328125,64710600
2024-07-12,226.7584454352943,230.44332094014862,226.5207061684713,228.36314392089844,53046500
2024-07-15,234.2470836578572,234.99000194235262,230.88909361652622,232.1867218017578,62631300
2024-07-16,232.78106107648213,234.03907359612094,230.13627381333595,232.60276794433594,43234300
2024-07-17,227.2834515580279,229.2744821236097,224.49998695797876,226.71884155273438,57345900
2024-07-18,228.10562515807683,228.26411801705945,220.17126344980832,222.06321716308594,66034600
2024-07-19,222.6971648700337,224.65846466815103,221.17169771561296,222.1919708251953,49151500
2024-07-22,224.86646431913928,225.6291978658938,220.98348053112068,221.84527587890625,48201800
2024-07-23,222.25140445670337,224.7971447504236,220.57735968997056,222.88536071777344,39960300
2024-07-24,221.88489130573666,222.67734036905603,215.07976577070053,216.4764404296875,61777600
2024-07-25,216.86277641061952,218.76466037633443,212.59347540961954,215.43638610839844,51391200
2024-07-26,216.63493468142264,217.4174836156479,213.97033243488113,215.9019317626953,41601300
2024-07-29,214.91137828370984,217.22927938341869,213.7127969665886,216.17929077148438,36311800
2024-07-30,217.1203256536185,218.24956072806748,214.07930652606245,216.7340087890625,41643800
2024-07-31,219.34909118598728,221.70662325926872,218.54674189777583,219.98304748535156,50036300
2024-08-01,222.25141811315143,222.36038006072013,214.97082835556836,216.2981719970703,62501000
2024-08-02,217.0807092384795,223.46981835778237,215.6543188775265,217.7840118408203,105568600
2024-08-05,197.21010696314244,211.484045462397,194.14928763761037,207.2939910888672,119548600
2024-08-06,203.36150053141452,208.00721860156926,199.17144565753833,205.2732696533203,69660500
2024-08-07,204.94637966039352,211.62274392073394,204.4412006806638,207.8388214111328,63516400
2024-08-08,211.0977289070064,212.1774330540979,206.85814362500793,211.29583740234375,47161100
2024-08-09,210.09728825409005,214.7330909034816,209.96851092003678,214.1981964111328,42201600
2024-08-12,214.27752324509848,217.6889728146819,213.81142108338884,215.72540283203125,38028100
2024-08-13,217.19314118814535,220.04925425523973,217.19314118814535,219.4344024658203,44155300
2024-08-14,218.74017685059633,221.1797604207405,217.8773840084887,219.88063049316406,41960600
2024-08-15,222.7367590108339,223.48053712623224,220.9120118672479,222.8557586669922,46414000
2024-08-16,222.06237857544772,224.94824111633486,221.79461423345728,224.17471313476562,44340200
2024-08-19,223.84746435464618,224.11522871504155,221.18968933533225,224.01605224609375,40687800
2024-08-20,223.8970537532744,225.28543353253482,223.57970115675508,224.6309051513672,30299000
2024-08-21,224.64083485973637,226.08871448701353,223.1830285060583,224.52182006835938,34765500
2024-08-22,225.90029338876204,226.4457337259973,222.04256465043304,222.66734313964844,43695300
2024-08-23,223.78798715352852,226.32674764036014,222.4690186706249,224.95819091796875,38677300
2024-08-26,224.87883517993083,225.39452559231563,222.0326490158817,225.29534912109375,30602200
2024-08-27,224.12514736512034,226.95151036486342,223.02435510684418,226.1383056640625,35934600
2024-08-28,226.02922904592305,227.95313769677003,223.80780609600177,224.61109924316406,38052200
2024-08-29,228.19113851748892,230.98773644426686,226.98125820388418,227.88369750976562,51906300
2024-08-30,228.28039594132485,228.4886453526855,225.59287085733376,227.1002655029297,52990800
2024-09-03,226.65400042223428,227.10026429068756,219.335218503661,220.9219512939453,50190600
2024-09-04,219.82114598403248,219.94014563997789,215.67581475954933,219.0178680419922,43840200
2024-09-05,219.79140861107143,223.60946073514918,219.6823205428289,220.53518676757812,36615400
2024-09-06,222.09215251756703,223.37145940933704,217.94683622588397,218.98812866210938,48423000
2024-09-09,218.9881123209545,219.43437615112032,214.91220775865924,219.07736206054688,67180000
2024-09-10,217.10388142289187,219.6426417511051,214.9320468059923,218.2840118408203,51591000
2024-09-11,219.6228241682371,221.2392917639212,216.08243282408242,220.8128662109375,44587100
2024-09-12,220.6541869199912,221.69547936785247,217.9964268983011,220.9219512939453,37455600
2024-09-13,221.72523244234597,222.18140791181287,220.06908820245332,220.65419006347656,36766600
2024-09-16,214.74364320285497,215.41800999792326,212.14538277021938,214.52548217773438,59357400
2024-09-17,213.96016573653907,215.10061943149995,212.7205355758407,214.9915313720703,45519300
2024-09-18,215.7452565018275,220.86245391858552,215.7353297749969,218.8592071533203,59894900
2024-09-19,223.12352684243388,227.91345980340301,222.7665127356472,226.97132873535156,66781300
2024-09-20,228.0622053540531,231.1563174701668,225.73169454082358,226.306884765625,318679900
2024-09-23,225.4540253555904,227.54652178723228,223.9367191660146,224.59124755859375,54146000
2024-09-24,226.7531907665081,227.44739590867707,223.85741591623423,225.4838104248047,43556100
2024-09-25,223.06402418257602,225.40444676008957,222.1615848378298,224.49208068847656,42308700
2024-09-26,225.41436171300208,226.60440369502516,223.54004142995942,225.63253784179688,36636700
2024-09-27,226.5647695239617,227.61597365379234,225.41438891191032,225.9003143310547,34026000
2024-09-30,228.13162655878588,231.06707763671875,227.74486252768645,231.06707763671875,54541900
2024-10-01,227.615942887257,227.74485413807125,221.88389405688537,224.33340454101562,63285000
2024-10-02,224.01605029183685,225.48376819979168,221.16986421787885,224.89866638183594,32880600
2024-10-03,223.27226484855484,224.92840891217833,221.4673712198949,223.79786682128906,34044200
2024-10-04,226.00938361911108,226.10856009308668,222.27066963907552,224.91851806640625,37245100
2024-10-07,222.63759275105315,223.81772316941647,219.49389225502094,219.8509063720703,39505400
2024-10-08,222.4392426471427,224.10529834651464,221.39795026893304,223.8970489501953,31855700
2024-10-09,223.36151510273743,227.84402197002447,222.96483950692257,227.63575744628906,33591100
2024-10-10,225.89038125247495,227.59611368544336,225.28544108575701,227.13992309570312,28183500
2024-10-11,227.39777482080956,227.5068628874906,225.4540279414576,225.66229248046875,31759200
2024-10-14,226.80274288926017,229.8076053434174,226.70358155060512,229.3811798095703,39882100
2024-10-15,231.67201972311165,235.51983687729248,230.44230106244424,231.9100341796875,64751400
2024-10-16,229.67870875165642,230.19438406287304,227.9332995992129,229.85720825195312,34082200
2024-10-17,231.4934859003546,231.91001494787182,228.6076384062416,230.22410583496094,32993800
2024-10-18,234.2206950473064,234.2206950473064,232.0686987091599,233.0504913330078,46431500
2024-10-21,232.5050303027995,234.8851292946414,232.5050303027995,234.5181884765625,36254500
2024-10-22,231.9496772340994,234.26034966164363,230.67038557078126,233.90333557128906,38846600
2024-10-23,232.13812257917175,233.18932661738793,225.87054472777703,228.8456573486328,52287000
2024-10-24,228.07212485007065,228.90516786821388,226.51515714412935,228.65724182128906,31109500
2024-10-25,227.83412074973037,231.28524701350278,227.665532857223,229.49026489257812,38802300
2024-10-28,231.38443735420992,232.78272881287972,230.62082086290692,231.46376037597656,36087100
2024-10-29,231.1662580738538,232.38605001867157,230.3927299983884,231.7315216064453,35417200
2024-10-30,230.68031899274527,231.53318522639518,227.64570650368097,228.19114685058594,47070900
2024-10-31,227.43744214117888,227.92338265648337,223.50037517792762,224.03590393066406,64370100
2024-11-01,219.13688241025088,223.4805517303345,218.44269248362247,221.060791015625,65276700
2024-11-04,219.1567312107691,220.94178678396568,217.88735096075072,220.1682586669922,44944500
2024-11-05,219.9599772111233,222.0921350198155,219.30544885909725,221.59628295898438,28111300
2024-11-06,220.76325691115125,224.19455985797964,219.3550388628842,220.87234497070312,54561100
2024-11-07,222.7665321945981,225.9895710313294,222.70703236030374,225.59288024902344,42137700
2024-11-08,225.53330763226646,227.01257809039103,224.77878865400953,225.3248291015625,38328800
2024-11-11,223.3789126974454,224.07386628495595,219.9041296110407,222.6144561767578,42005600
2024-11-12,222.93215790182094,223.964658210572,221.750729228627,222.6144561767578,40398300
2024-11-13,222.39607398240116,225.0170530189228,221.15507983350162,223.49807739257812,48566200
2024-11-14,223.39881774279925,227.22107081675753,223.37895759377815,226.5757598876953,44923900
2024-11-15,224.76885944610046,225.2851172657963,222.65421566813873,223.3789520263672,47923700
2024-11-18,223.6271499370396,228.08480645929455,223.5477244921184,226.377197265625,44633700
2024-11-19,225.34464764897942,228.5017442258817,225.02696106605572,226.63528442382812,36211800
2024-11-20,226.4168829534927,228.27340522879027,224.26251907255318,227.35011291503906,35169600
2024-11-21,227.230987838277,228.50176458087773,224.0838286281757,226.8735809326172,42108300
2024-11-22,226.4168797117104,229.05771868234922,226.4168797117104,228.21383666992188,38168300
2024-11-25,229.79240040372403,231.5694972757357,228.08479132337303,231.19223022460938,90152800
2024-11-26,231.64890834638587,233.8727750720934,231.64890834638587,233.36643981933594,45986200
2024-11-27,232.78070364946953,233.99191506726265,232.12545514826604,233.2373809814453,33498400
2024-11-29,233.11825362062933,236.0966394139658,232.28430923421996,235.62010192871094,28481400
2024-12-02,235.5605381566453,239.0551666028684,235.45133007089746,237.8638153076172,48137100
2024-12-03,238.08224409194108,241.01098726633802,237.1787967118795,240.9017791748047,38861000
2024-12-04,241.12017980186528,242.35125137710352,239.51185632927692,241.25917053222656,44383900
2024-12-05,242.23210799536452,242.77813324010052,240.3855083044983,241.2889404296875,40033900
2024-12-06,241.15989600483465,242.86750503393802,240.33587413565135,241.09039306640625,36870600
2024-12-09,240.08767817050534,245.45870413211114,240.0082527322972,244.97222900390625,44649200
2024-12-10,245.11122909402775,246.42172615122828,243.5723933612922,245.98489379882812,36914800
2024-12-11,246.17352158557497,248.9930565140259,244.48575750906295,244.714111328125,45205800
2024-12-12,245.11122473397327,246.9479020514793,243.9099357862414,246.17352294921875,32777500
2024-12-13,246.03453629863122,247.4939314395242,244.46591792091505,246.34230041503906,33155300
2024-12-16,246.2033097230519,249.56888515433104,245.86574781090837,249.2313232421875,51694800
2024-12-17,248.2782345553336,252.0012166921119,247.98039295462073,251.6537322998047,51356400
2024-12-18,250.34325221557475,252.44797328398425,245.95509905753715,246.2628631591797,56774100
2024-12-19,245.71684652457995,250.18442555229956,245.3097967996626,247.99034118652344,60882300
2024-12-20,246.25290739620831,253.1627684475662,243.9198478351204,252.6564483642578,147495300
2024-12-23,252.93444954402884,253.80809906094288,251.62395254537785,253.43084716796875,40858800
2024-12-24,253.64927033575188,256.34965954757746,253.45069916161225,256.3397521972656,23234700
2024-12-26,256.32980188696064,258.2260444048055,255.77383898408218,257.15380859375,27237100
2024-12-27,255.97238682838486,256.836144148833,251.2367643772991,253.74853515625,42355300
2024-12-30,250.4127477342041,251.67360197393796,248.9434149702759,250.38296508789062,35557500
2024-12-31,250.6212497119267,251.4551941340452,247.63292614272083,248.6157989501953,39480700
2025-01-02,247.1365264348607,247.3053149666319,240.07776640397734,242.0931396484375,55740700
2025-01-03,241.60665893554688,242.42074318433572,240.14724866814672,241.60665893554688,40244100
2025-01-06,242.54980162717402,245.54804748087855,241.4477983095151,243.23483276367188,45045600
2025-01-07,241.22937670987722,243.78086767976055,239.6111308132576,240.46493530273438,40856000
2025-01-08,240.17700647488417,241.95411831821167,238.32048434869313,240.95138549804688,37628900
2025-01-10,238.28080700459313,238.42973539672147,231.3213170399406,235.14358520507812,61710900
2025-01-13,231.84750029737077,232.97928640713008,228.06495238182922,232.7112274169922,49630700
2025-01-14,233.05869925952226,234.41882398797216,230.79512716232853,231.5992889404297,39435300
2025-01-15,232.94947976770305,237.2383625727966,232.74098609709984,236.1562042236328,39832000
2025-01-16,235.6399687194268,236.29520209930612,226.3871093224655,226.61544799804688,71759100
2025-01-17,230.44762501944012,230.61639839146835,226.83385097126646,228.3230438232422,68488300
2025-01-21,222.38613659782595,222.8031087860845,217.79942737812888,221.0359344482422,98070400
2025-01-22,218.2064601780486,222.5052654056773,218.2064601780486,222.2173614501953,64126500
2025-01-23,223.12080464680741,225.39429904989126,220.69838187044374,222.048583984375,60234800
2025-01-24,223.16053267311034,224.00441476166836,219.8148172645265,221.17494201660156,54697900
2025-01-27,222.40601266103107,230.47742834163907,222.36629236472388,228.2039337158203,94863400
2025-01-28,229.1867797612423,238.4594833656038,229.14705946957608,236.5433807373047,75707600
2025-01-29,232.43321505583046,238.1318651456976,232.3240069742682,237.63546752929688,45486100
2025-01-30,236.95045561956258,239.05517683623282,235.50098294542886,235.87823486328125,55658300
2025-01-31,245.40906406001392,245.40906406001392,231.75812916176676,234.2996826171875,100959800
2025-02-03,228.33299411580026,230.15973381299622,224.0738938399255,226.36724853515625,73063300
2025-02-04,225.61272492539547,231.45036595591674,225.01704170433482,231.12274169921875,45067300
2025-02-05,226.88350440739822,230.99367626573292,226.625383087866,230.7951202392578,39620300
2025-02-06,229.62360070928509,232.11552641696264,228.76979621063217,231.53970336914062,29925300
2025-02-07,230.92416830424466,232.3140755170278,225.6226304523949,225.98997497558594,39707200
2025-02-10,228.16659197494192,229.18034555631772,225.81107002878403,226.25831604003906,33115600
2025-02-11,226.80497424991785,233.79199753404617,226.7354100570617,231.1979522705078,53718400
2025-02-12,229.78663009476247,235.51142789245534,229.26980470124647,235.42196655273438,45243300
2025-02-13,235.4617298072221,240.85852795215618,234.1299251101732,240.05348205566406,53614100
2025-02-14,239.77519417214083,244.04891051069433,239.51678905976664,243.10472106933594,40896200
2025-02-18,242.6574585849239,243.6811607859394,240.36158248040348,242.9755096435547,48822500
2025-02-19,243.16435439309654,244.50609250836237,241.6735241546838,243.37306213378906,32204200
2025-02-20,243.44262036367402,245.2713683243621,242.79658488378954,244.32717895507812,32316900
2025-02-21,244.44646835255205,247.16972378813352,243.72093519653038,244.04891967773438,53197400
2025-02-24,243.4327143333106,247.3386977876534,242.9258374672402,245.58946228027344,51326400
2025-02-25,246.48393846255715,248.47171215983582,243.41283173998391,245.52980041503906,48013300
2025-02-26,242.8363877176575,243.48240813544444,237.66817887883008,238.89065551757812,44433600
2025-02-27,237.94645181292123,240.9778097055873,235.61081167459415,235.84934997558594,41153600
2025-02-28,235.5014815283524,240.61005923211764,228.7927454203557,240.36158752441406,56833400
2025-03-03,240.31188380351972,242.5381957053339,234.66661403302143,236.5748748779297,47184000
2025-03-04,236.25683384188991,238.60240725621293,233.24534293735957,234.48770141601562,53798100
2025-03-05,233.98083809185871,235.1039350742086,227.82867612475383,234.29888916015625,47227600
2025-03-06,233.00682927336524,236.4059203890797,231.73465535282332,233.89138793945312,45170400
2025-03-07,233.67273718007357,239.89446338205195,233.32487071745646,237.60853576660156,46273600
2025-03-10,234.10011191080184,234.71633209649934,222.84932017741133,226.08938598632812,72071200
2025-03-11,222.44182022291236,224.45940937640347,216.12069905845206,219.48997497558594,76137400
2025-03-12,218.7942505386503,220.39440897367027,213.5962265598192,215.653564453125,62547500
2025-03-13,214.62986833256545,215.51442704761877,207.14590135231947,208.398193359375,61368300
2025-03-14,209.9585940343847,212.64208545758027,208.2988048386841,212.18490600585938,60107600
2025-03-17,212.00600336087763,213.9043309003415,208.68642489319868,212.69178771972656,48073400
2025-03-18,212.85081593904235,213.83475423543342,210.19713981325924,211.38980102539062,42432400
2025-03-19,212.91042558181826,217.42266485537363,212.44329758558237,213.9241943359375,54385400
2025-03-20,212.6818553101102,216.16045933121794,210.92267131595005,212.7911834716797,48862900
2025-03-21,210.26668206389348,217.50217651661012,209.98839498228966,216.9356689453125,94127800
2025-03-24,219.64898417718916,220.1260455978378,217.24377992596973,219.38063049316406,44299500
2025-03-25,219.4203781558929,222.7300227946097,218.73459388406312,222.3821563720703,34493600
2025-03-26,222.1436424317859,223.64442126802376,219.12223310716143,220.17575073242188,34466100
2025-03-27,220.03661426059983,223.61461307047793,219.21168633594712,222.48158264160156,37094800
2025-03-28,220.31490521146458,222.44182255065115,216.34929105853038,216.5679473876953,39818600
2025-03-31,215.6833836525119,224.24075018814546,214.90815310911736,220.7720947265625,65299300
2025-04-01,218.46627993939285,222.31261744007998,217.56183920876018,221.82562255859375,36412700
2025-04-02,219.9670353213626,223.8133724100327,219.66886624627372,222.5213165283203,35905900
2025-04-03,204.28348559152053,206.22157697816277,200.0197179050274,201.94786071777344,103419000
2025-04-04,192.70470416765195,198.65809134675584,186.19474282689396,187.2283935546875,125910900
2025-04-07,176.11672557211514,192.96310261722135,173.5524959881376,180.35069274902344,160466300
2025-04-08,185.5586861535385,189.1764339595553,168.1756135141289,171.36598205566406,120859500
2025-04-09,170.89883496621582,199.38363475051753,170.83920418374143,197.6343994140625,184395900
2025-04-10,187.9141823452429,193.58926741380884,181.88128226075605,189.25592041015625,121880000
2025-04-11,184.96235041538483,198.32017705332044,184.92258644836306,196.9386749267578,87435900
2025-04-14,210.14745189040866,211.63828226401768,199.93029560984905,201.281982421875,101352900
2025-04-15,200.6260097569118,202.26591707175376,198.57860517432977,200.904296875,51343900
2025-04-16,197.1473909296092,199.47308245703653,191.19400339685228,193.0823974609375,59732400
2025-04-17,195.9944894564487,197.61452992177487,193.2314851467638,195.7758331298828,52164700
2025-04-21,192.08849990403363,192.6152586778503,188.64964501381652,191.9791717529297,46742500
2025-04-22,194.92105596821463,200.35761746440363,194.77197902848673,198.51893615722656,52976400
2025-04-23,204.7406939661261,206.72846769395255,201.56025903470575,203.34925842285156,52929200
2025-04-24,203.6374845300284,207.5534013078127,201.69940812530302,207.09620666503906,47311000
2025-04-25,205.10841141990002,208.46775361357263,204.9394524859384,208.00062561035156,38222300
2025-04-28,208.71623364812058,210.2070638884643,206.1917677806294,208.85537719726562,38743100
2025-04-29,207.4142395090872,210.94254069563792,207.09618845243054,209.91883850097656,36827600
2025-04-30,208.0205233254963,212.2743578831654,205.4065960245207,211.20095825195312,52286500
2025-05-01,207.80185982414434,213.2483553954001,207.62295230903422,212.0159454345703,57365700
2025-05-02,204.83013207172814,205.72463931330321,200.92416412992952,204.09466552734375,101010600
2025-05-05,201.85840315300126,202.85228989395054,196.99829759637964,197.67413330078125,69018500
2025-05-06,196.9983091053983,199.42338015596502,195.81558138809015,197.2964630126953,51216500
2025-05-07,197.9524407308952,198.2207944248892,192.0686324392914,195.05029296875,68536700
2025-05-08,196.51130456752412,198.82706269335065,193.48988012199126,196.28271484375,50478900
2025-05-09,197.7834732241415,199.31405222350435,196.3323918231404,197.31634521484375,36453900
2025-05-12,209.9552498967622,210.25380995429242,205.75554659425106,209.77610778808594,63775800
2025-05-13,209.4178625594749,212.3735786127325,207.99474788922345,211.9058380126953,51909300
2025-05-14,211.40822571910564,212.9109724892217,209.56713314477625,211.3087158203125,49325800
2025-05-15,209.93535780893234,211.93569971673273,208.53213606160298,210.43295288085938,45029500
2025-05-16,211.33859654598928,211.54759317457453,208.76105751069144,210.24388122558594,54737900
2025-05-19,206.90999202317107,208.47243269467637,203.2775387890809,207.7758026123047,46140500
2025-05-20,206.6711222878563,207.46727738969238,204.04382108157407,205.86502075195312,42496600
2025-05-21,204.18315305948536,206.04415370597744,199.74461367242378,201.1179656982422,59211800
2025-05-22,199.7446272097534,201.77480849030061,198.7394754118135,200.39149475097656,46742400
2025-05-23,192.73850002209878,196.74911564225795,192.52951856677853,194.330810546875,78432900
2025-05-27,197.34623795139206,199.77450469366767,196.48041207123393,199.24705505371094,56288500
2025-05-28,199.6251894151235,201.75489573800118,198.9385057789635,199.4560089111328,45339700
2025-05-29,202.60082660426147,202.82971610271787,197.55520490499057,198.98828125,51396800
2025-05-30,198.4110493394953,200.98860329086406,195.83351057352263,199.88394165039062,70819900
2025-06-02,199.31667499872813,201.15778278546435,199.15744093584797,200.72984313964844,35423300
2025-06-03,200.38154929416936,202.78990771325485,199.99342573046133,202.2923126220703,46381600
2025-06-04,201.9340306292736,205.24801554678163,201.1279290627925,201.84446716308594,43604000
2025-06-05,202.52119947175674,203.76518718349973,199.18730633012683,199.66500854492188,55126100
2025-06-06,202.0236053289331,204.7106157617459,201.07817770068002,202.93917846679688,46607700
2025-06-09,203.40692547634254,205.0091823144686,199.05794913802782,200.48106384277344,72862600
2025-06-10,199.63515466910712,203.36711781582227,199.60530017876516,201.6951904296875,54672600
2025-06-11,202.52118145308685,203.51637153393742,197.4556675860525,197.82388305664062,60989900
2025-06-12,198.12246436103902,198.71956936233477,196.4107360236097,198.24188232421875,43904600
2025-06-13,198.769334334526,199.40625545491926,194.7587190445596,195.50511169433594,51447300
2025-06-16,196.3510290449251,197.73434281232372,195.61458283187793,197.46563720703125,43020700
2025-06-17,196.25149936947125,197.4357781067605,194.27108064091922,194.69900512695312,38856200
2025-06-18,194.99756984742208,196.61973472966923,194.13175923439314,195.63449096679688,45394700
2025-06-20,197.28649906078425,200.72984844555882,195.9131318065836,200.03321838378906,96813500
2025-06-23,200.6602023375907,201.3269779408771,198.00304635957568,200.53082275390625,55814300
2025-06-24,201.61557243039425,202.46149014710028,199.23706853700068,199.3365936279297,54064000
2025-06-25,200.48105886821313,202.690382284235,199.65504919597097,200.5905303955078,39525700
2025-06-26,200.4611428555203,201.66532960796235,198.50063224789568,200.03321838378906,50799100
2025-06-27,200.91892502298623,202.2425296541318,199.03801637565215,200.11282348632812,73188600
2025-06-30,201.03836190454115,206.39248990855162,198.3015889216639,204.18316650390625,91912800
2025-07-01,205.6759415551798,209.17901505124104,205.1484920031366,206.82041931152344,78788900
2025-07-02,207.90517762155153,212.3138626915596,207.13887695509675,211.41819763183594,67941800
2025-07-03,211.12958235725722,213.61755770997246,210.7912213537831,212.52285766601562,34955800
2025-07-07,211.65705062020388,215.18997897032483,207.7957228576545,208.940185546875,50229000
2025-07-08,209.08945658408672,210.41304612040562,207.4473837253886,208.9998779296875,42848900
2025-07-09,208.52219391164948,210.31353924447487,206.22330706177223,210.12445068359375,48749400
2025-07-10,209.49749609462273,212.45321238064957,209.01980902189666,211.38836669921875,44443600
2025-07-11,209.55720483784353,211.10969909895366,208.8506131239295,210.1443634033203,39765800
2025-07-14,208.92027389637033,209.89557123752414,206.54176989733165,207.6165771484375,38840100
2025-07-15,208.21368905566166,210.87084499335577,207.9151289669034,208.10421752929688,42296300
2025-07-16,209.28849593835915,211.37838618562168,207.63647661047767,209.149169921875,47490500
2025-07-17,209.5571995447156,210.78127919114968,208.58190225319882,209.0098419189453,48068100
2025-07-18,209.85575432940058,210.77132749863404,208.6913836081342,210.1642608642578,48974600
2025-07-21,211.07983063398711,214.74212298846783,210.61209006251647,211.45799255371094,51377400
2025-07-22,212.11484021935428,213.91613206526756,211.20921348603295,213.3687744140625,46404100
2025-07-23,213.96588230147148,214.11515474984876,211.38834345684663,213.11996459960938,46989300
2025-07-24,212.87116805528336,214.65256693634578,212.50295255730364,212.73184204101562,46022600
2025-07-25,213.66733592091674,214.20474714033003,212.37358560556336,212.85128784179688,40268800
2025-07-28,213.00055398053098,213.81661722083774,212.03521828670327,213.0204620361328,37858000
2025-07-29,213.14982178903043,213.7767964509494,209.80599741985404,210.2538299560547,51411700
2025-07-30,210.88077731884883,211.36842593737322,206.72088996610802,208.04449462890625,45512500
2025-07-31,207.48719786288635,208.83069544134486,206.16359315375274,206.57162475585938,80698400
2025-08-01,209.85574027592583,212.5527122409286,200.53081350952442,201.40658569335938,104434500
2025-08-04,203.52634207300898,206.88014336875773,200.70995198839026,202.37193298339844,75109300
2025-08-05,202.42168730403617,204.35235878558626,201.18766113385618,201.94400024414062,44155100
2025-08-06,204.64094523363173,214.3440487139093,204.60112912578842,212.2242889404297,108483100
2025-08-07,217.8272171299369,219.78774287041324,215.5382768294147,218.9716796875,90224800
2025-08-08,219.76784743364436,229.88892965735022,218.19544514014734,228.2468719482422,113854000
2025-08-11,227.08116933177635,228.71513292468896,223.9327956372812,226.34388732910156,61806100
2025-08-12,227.17081559543826,229.95055565919736,226.23428798669784,228.80477905273438,55626200
2025-08-13,230.2195756343437,234.1351043372746,229.58191650034667,232.47125244140625,69878500
2025-08-14,233.1985666998313,234.25466305951576,230.0003892485326,231.92327880859375,51916300
2025-08-15,233.13877413921495,233.41774239633352,228.49592139875156,230.73764038085938,56038700
2025-08-18,230.8472538899505,232.26202593201924,229.26310933608104,230.0402374267578,37476200
2025-08-19,230.42880766374827,232.0129522601839,228.50591803460907,229.71145629882812,39402600
2025-08-20,229.13358225147155,229.6217843388592,224.93908515924198,225.17819213867188,42263900
2025-08-21,225.43723377620466,225.6863136691638,222.95639256938466,224.072265625,30621200
2025-08-22,225.33759321802492,228.2468445109381,224.5803958248437,226.92173767089844,42477800
2025-08-25,225.6464693442017,228.45609804536198,225.3973894325087,226.323974609375,30983100
2025-08-26,226.03502689374838,228.6453946309622,223.86305742355088,228.46604919433594,54575100
2025-08-27,227.7686378094015,230.05020313892598,227.41991984776428,229.6417236328125,31259500
2025-08-28,229.9704999102399,232.55096405412047,228.4959359400532,231.70408630371094,38074700
2025-08-29,231.65426265633033,232.52107103838586,230.51845893056873,231.28562927246094,39418400
2025-09-02,228.4062708029861,230.00038826150748,226.1346633063032,228.87454223632812,44075600
2025-09-03,236.33698891571112,237.9709525201245,233.49747185558658,237.59234619140625,66427800
2025-09-04,237.57241502764154,239.01707546456905,235.86871695735925,238.89752197265625,47549400
2025-09-05,239.1167027112504,240.43185187342493,237.61226559630578,238.80784606933594,54870400
2025-09-08,238.41927329094256,239.2661357937392,235.4701607098454,237.00450134277344,48999500
2025-09-09,236.12775932745953,237.90120710535396,232.5011563745861,233.48751831054688,66313900
2025-09-10,231.33547301291114,231.56462228661692,225.11843262708078,225.95533752441406,83440800
2025-09-11,226.04500979013486,229.60186307827533,225.81584532196928,229.18341064453125,50208600
2025-09-12,228.37637066624734,233.6468944473401,228.17710979485463,233.20852661132812,55824200
2025-09-15,236.12775635652346,237.31337916896246,234.16500543557729,235.828857421875,42699500
2025-09-16,236.30708253667353,240.33222235518573,235.45026224943368,237.2735137939453,63421100
2025-09-17,238.09051246512186,239.21635855568803,236.85507060288438,238.11044311523438,46508000
2025-09-18,239.0868055705458,240.31227437025743,235.77901734043184,237.00450134277344,44249600
2025-09-19,240.34217704154452,245.3935247988757,239.32594197772087,244.59646606445312,163741300
2025-09-22,247.38614726921998,255.6954638689992,247.20680184487878,255.1374969482422,105517400
2025-09-23,254.9382669065294,256.3928850249964,252.64672876089196,253.49359130859375,60275200
2025-09-24,254.2807025242173,254.79879299943292,250.11607847800005,251.38140869140625,42303700
2025-09-25,252.27810324622078,256.22353571779615,250.7836237831838,255.92462158203125,55202100
2025-09-26,253.16481067495934,256.6519291955366,252.84598111295833,254.51980590820312,46076300
2025-09-29,253.62311772285494,254.06150078407975,252.07881928540593,253.49359130859375,40127700
2025-09-30,253.92202035086734,254.97811672142575,252.17846100632588,253.69287109375,37704300
2025-10-01,254.10134722927504,257.83756097799323,253.9917514638179,254.5098419189453,48713900
2025-10-02,255.63569123318152,257.22980880920034,253.21464169746508,256.1836853027344,42630200
2025-10-03,253.73268185864376,258.2858540075867,253.01533061199513,257.0703430175781,49155600
2025-10-06,257.0404730386864,258.11651518827176,254.11130630837613,255.74526977539062,44664100
2025-10-07,255.86485915808862,256.4526841311554,254.48993311029045,255.5360870361328,31955800
2025-10-08,255.5758888188916,257.56852798749276,255.16739414069707,257.1102294921875,36496900
2025-10-09,256.8611554198282,257.0504585775582,252.2083446799687,253.1050262451172,38322000
2025-10-10,254.0017340209507,255.43643674947074,243.10199461677743,244.36732482910156,61999100
2025-10-13,248.46219085423505,248.7710475029622,244.6562426215344,246.74851989746094,38142900
2025-10-14,245.69241642712313,247.93413549962378,243.79940008876653,246.8581085205078,35478000
2025-10-15,248.57178982967116,250.89321639065437,246.559219921403,248.42233276367188,33893600
2025-10-16,247.33635013275978,248.1234359576197,244.22783772705108,246.53929138183594,39777000
2025-10-17,247.1072067041429,252.4474806979352,246.3599669580113,251.36148071289062,49147000
2025-10-20,254.94822099113512,263.4069798400544,254.68918336894043,261.27484130859375,90483000
2025-10-21,260.9161783410852,264.3136317818121,260.86634411857244,261.8028869628906,46695900
2025-10-22,261.6833338430701,261.882609922878,254.4899051977633,257.4988098144531,45015300
2025-10-23,258.98329410338334,259.66078406832133,257.06040475940137,258.6246032714844,32754900
2025-10-24,260.2287163700197,263.15789839957887,258.22610426270086,261.85272216796875,38253700
2025-10-27,263.90514984178776,268.1295353654346,263.67598537979285,267.8206787109375,44888200
2025-10-28,267.9999758056659,268.896687690681,267.16307106420925,268.00994873046875,41534800
2025-10-29,268.28892986747474,270.4110953948544,266.1269030442272,268.7073974609375,51086700
2025-10-30,270.98897852374654,273.131090148023,267.49191714200913,270.4011535644531,69886500
2025-10-31,275.9705701844509,276.29937269597025,268.16940070155243,269.37493896484375,86167100
2025-11-03,269.42476736726525,269.8531775103368,265.2701011373342,268.0597839355469,50194600
2025-11-04,267.3424445625432,270.49081837885313,266.6350661079627,269.0461730957031,49274800
2025-11-05,267.6214146886098,270.7000692568828,265.94760492323326,269.14581298828125,43683100
2025-11-06,266.90407480138714,272.3937751745226,266.90407480138714,268.7771301269531,51204000
2025-11-07,268.8069946610708,271.28785094446636,265.78814772800683,267.4819030761719,48227400
2025-11-10,268.2298525605972,272.98692304032335,266.733924572705,268.6985778808594,41312400
2025-11-11,269.07757258136417,275.16101963639426,269.0675899882029,274.5028076171875,46208300
2025-11-12,274.2535066981436,274.9815360542478,270.9624767916609,272.7276611328125,48398000
2025-11-13,273.36590026791555,275.9488963676571,271.3513946141157,272.2090759277344,49602800
2025-11-14,270.31420819279356,275.21088338895913,268.8681625557137,271.6705322265625,47431300
2025-11-17,268.0903024129557,269.75575219797963,265.00869378967747,266.7339782714844,45018300
2025-11-18,269.25705465795,269.97510130800674,264.59974924229334,266.7139892578125,45677300
2025-11-19,264.80921977983166,271.47107967039307,264.77930243197466,267.83099365234375,40424500
2025-11-20,270.09480618650156,274.68232536305425,265.1981613886433,265.5272521972656,45823600
2025-11-21,265.2280517805383,272.5879921198442,264.9488130991126,270.75299072265625,59030800
2025-11-24,270.164627965921,276.24807542504453,270.164627965921,275.1710205078125,65585800
2025-11-25,274.52274228722064,279.6188865292943,274.5028075356392,276.2181396484375,46914200
2025-11-26,276.2081750495132,278.7712060098946,275.8790842359358,276.79656982421875,33431400
2025-11-28,276.50736791500816,278.242634823177,275.2407959413455,278.0930480957031,20135600
2025-12-01,277.255303275414,282.650620542313,275.390384584981,282.33148193359375,46587700
2025-12-02,282.231773534172,286.619823290159,281.86278279875575,285.4131164550781,53669500
2025-12-03,285.4231155973949,287.8365294074879,282.5309633672564,283.378662109375,43538700
2025-12-04,283.32881389666403,283.9571086251454,277.8337611056945,279.93804931640625,43989100
2025-12-05,279.77845592816414,280.37683325787106,277.2951945750906,278.0232238769531,47265800
2025-12-08,277.374989388386,278.9108174051644,275.4003533668138,277.1356506347656,38211800
2025-12-09,277.4049018876359,279.26982065807096,276.16827776921565,276.42755126953125,32193300
2025-12-10,276.9960211276047,278.9905919368044,275.68957968235776,278.0232238769531,33038300
2025-12-11,278.342340640522,278.83100071126506,273.06669274298736,277.2752380371094,33248000
2025-12-12,277.14562382282355,278.4620479370953,276.0685689150702,277.52459716796875,39532900
2025-12-15,279.3894873363706,279.3894873363706,272.0993337942639,273.3658752441406,50409100
2025-12-16,272.07941349564567,274.752131096348,271.0522107383373,273.8645324707031,37648600
2025-12-17,274.2634896625032,275.41036187784255,270.9026424636208,271.1020812988281,50138700
2025-12-18,272.86723904028526,272.8872042261758,266.22534517191764,271.45111083984375,51630700
2025-12-19,271.41126100078174,273.854622814086,269.1673684747946,272.9271545410156,144632000
2025-12-22,272.1192896847017,273.13654030849926,269.7756932559407,270.23443603515625,36571800
2025-12-23,270.1048034873943,271.7603010837797,268.8282792538215,271.62066650390625,29642000
2025-12-24,271.60070067851706,274.6823088952694,271.46109654935304,273.06671142578125,17910600
2025-12-26,273.41578359787746,274.6224904749486,272.11929424741834,272.6578369140625,21521800
2025-12-29,271.9497734782625,273.61522314661676,271.6107000753325,273.0168762207031,23715200
2025-12-30,272.06942798009953,273.3359694836473,271.54086793463244,272.33868408203125,22139600
2025-12-31,272.3187639976345,272.9370761103812,271.0123224859311,271.12200927734375,27293600
2026-01-02,271.52095990203577,277.0857995993762,268.26979943372277,270.27435302734375,37838100
2026-01-05,269.9053759278346,270.7730094869922,265.41759095171795,266.5345458984375,45647200
2026-01-06,266.2751846804448,266.8236794412865,261.4084273717842,261.64776611328125,52352100
2026-01-07,262.485556491205,262.96423405428067,259.10474402829175,259.6233215332031,48309800
2026-01-08,256.32231677215987,258.5861744106298,255.00590778144198,258.33685302734375,50419300
2026-01-09,258.3767027680543,259.5036402038468,255.52448097015204,258.6659240722656,39997000
2026-01-12,258.45648066308013,260.5906555331263,256.1028713590674,259.54351806640625,45263800
2026-01-13,258.01770778709204,261.0993163539261,257.68861696081353,260.34136962890625,45730800
2026-01-14,258.78560808748875,261.10930037675524,256.0131555781144,259.25433349609375,40019400
2026-01-15,259.9424426175537,260.3313985459844,256.35220896361545,257.5090637207031,39388600
2026-01-16,257.19992653146244,258.1972120398704,254.23798735410128,254.83636474609375,72142800
2026-01-20,252.04394930256512,254.09835490933511,242.75922413209136,246.0303192138672,80267500
2026-01-21,248.02490552393743,250.8771427168815,244.51445623630568,246.97775268554688,54641700
2026-01-22,248.52352576906395,250.31864258405668,247.47637302553753,247.67584228515625,39708300
2026-01-23,246.6486524137701,248.7329754164565,244.01580413580567,247.36668395996094,41689000
2026-01-26,250.7973351598156,255.86354695988197,249.12190294519746,254.7166748046875,55969200
2026-01-27,258.4664899667647,261.2389423700868,257.5090739976807,257.56890869140625,49648300
2026-01-28,256.9505880888889,258.1572949521919,253.81911240916085,255.74388122558594,41288000
2026-01-29,257.2996187429542,258.9451334735496,253.71936801028804,257.578857421875,67253000
2026-01-30,254.47732177254832,261.1890484668085,251.49543285360957,258.775634765625,92443400
2026-02-02,259.3241487899344,269.7557466562268,258.50636737104884,269.2770690917969,73913400
2026-02-03,268.4692659190308,271.1419837262723,266.88355520832346,268.7485046386719,64394700
2026-02-04,271.5508603406617,278.19278500760885,271.5508603406617,275.73944091796875,90545700
2026-02-05,277.3749854862336,278.7412615768201,272.48829324857786,275.1610107421875,52977400
2026-02-06,276.36776572322356,280.1474864654567,276.1782790346459,277.36505126953125,50453400
2026-02-09,277.41494619870406,277.70443813431814,271.2160169672847,274.13079833984375,44623400
2026-02-10,274.40031021957236,274.87943562430115,272.4537718732244,273.19244384765625,34376900
2026-02-11,274.2106536370846,279.6808719096702,273.9610989943363,275.00921630859375,51931300
2026-02-12,275.0990585104662,275.22883180172755,259.71650632997444,261.2637634277344,81077200
2026-02-13,261.5432690161623,261.7628783299504,254.9949421084194,255.32435607910156,56290700
2026-02-17,257.5903108294174,265.8156532326085,255.08478749757862,263.4099426269531,58469100
2026-02-18,263.13045584681157,266.3447212846438,261.9825104325609,263.8791198730469,34203300
2026-02-19,262.13220471573277,264.00886051677537,259.5867290635135,260.11578369140625,30845300
2026-02-20,258.50868117461044,264.2783836675007,257.7001265171608,264.1086730957031,42070500
2026-02-23,263.0206001676805,268.95002088588865,262.91081074777924,265.705810546875,37308200
2026-02-24,267.38283777638213,274.4003442568012,267.233111068832,271.6552429199219,47014600
2026-02-25,271.29586819299504,274.45024283739696,270.567157599074,273.74151611328125,33714300
2026-02-26,274.4602128097023,275.61811956353745,270.31758130113775,272.4637756347656,32345100
2026-02-27,272.3240439665745,272.3240439665745,262.4217314181026,263.70941162109375,72366500
2026-03-02,261.94253069595567,266.05518620599753,259.73647625260065,264.2484130859375,41827900
2026-03-03,263.0106738027697,265.08695529305965,259.6666350681776,263.2801818847656,38568900
2026-03-04,264.17854815272653,265.67587606267574,260.95432154975975,262.0523376464844,39803100
2026-03-05,260.3254337562426,261.09405110124777,256.79173142961054,259.8263244628906,49658600
2026-03-06,258.16927189629365,258.3090066542827,253.916851068475,257.0013427734375,41120000
2026-03-09,255.2345148744848,260.68477987096253,253.22808575123491,259.41705322265625,38218500
2026-03-10,257.19102845716964,262.01244158439727,256.4922936817907,260.3653564453125,30590800
2026-03-11,260.624897946549,261.6630538494394,259.08763272962494,260.34539794921875,26218900
2026-03-12,258.1992408199258,258.48873275942157,253.7272102811576,255.3043975830078,40794000
2026-03-13,255.024890934378,255.87336762960538,249.07551643845036,249.6744384765625,36930000
2026-03-16,251.66090222791988,253.43773019062647,249.4348789230203,252.36964416503906,32074200
2026-03-17,252.5093881906664,254.67552076289968,251.7307636559193,253.77711486816406,32361600
2026-03-18,252.1799767808244,254.48585937367065,248.55643828829037,249.49476623535156,35757900
2026-03-19,248.95572868612365,251.38140795985734,246.85947863088072,248.5165252685547,34864100
2026-03-20,247.53824109812177,248.75606899357115,245.56177255944445,247.54823303222656,88331100
2026-03-23,253.51758537106093,254.14646797882926,249.83415620831627,251.04200744628906,40546100
2026-03-24,249.90403139868116,254.37604644028636,249.10545347620703,251.1917266845703,45152300
2026-03-25,253.6473574345128,254.5457480998694,251.15181088451408,252.16998291015625,28476700
2026-03-26,251.67088153367666,256.5421934269488,250.32329549316128,252.43951416015625,41796700
2026-03-27,253.4477020992108,255.03488128462607,247.6281009352486,248.35679626464844,47900000
2026-03-30,249.62453299565456,250.4230956915925,245.07264337813007,246.19065856933594,39446200
2026-03-31,247.4683905467953,255.02489784868362,246.65983587287727,253.33790588378906,49598100
2026-04-01,253.6273948962928,255.72364490973627,252.8787309132899,255.1746368408203,40059400
2026-04-02,253.74717405681358,255.6737439434535,250.20349485503914,255.464111328125,31289400
2026-04-06,256.0530752925303,261.6930045642991,256.0031460821725,258.39886474609375,29329900
2026-04-07,255.70368128016966,255.7436185540334,245.2623079794448,253.0484161376953,62148000
2026-04-08,257.9896321241455,259.28730423338584,256.07303883918246,258.4388122558594,41032800
2026-04-09,258.5386343954405,260.6548530924392,255.61386101634736,260.0259704589844,28121600
2026-04-10,259.5168819122501,261.7229364827484,258.5585701252562,260.0159912109375,31291500
2026-04-13,259.2673359057164,259.71651601158027,256.2027973984465,258.73828125,36234700
2026-04-14,258.7881922504944,261.4634109961452,256.7318642110386,258.3689270019531,48370700
2026-04-15,257.7001261657452,266.08515659729386,257.35074355126085,265.95538330078125,49913500
2026-04-16,266.3247234477873,266.68409800240715,260.80457553569033,262.9307861328125,43323100
2026-04-17,266.4844323486072,271.8149160854778,266.24486962975914,269.7486267089844,61436200
2026-04-20,269.84841238867654,273.7913879220191,269.80850557942483,272.5635681152344,36590200
2026-04-21,271.0163536236942,272.3140256362382,264.9272139873882,265.69586181640625,50209800
2026-04-22,267.3429346055621,273.2523721409737,266.39461467279705,272.68341064453125,43249200
2026-04-23,274.56001085217736,275.2787294551341,271.1660737405759,272.9429016113281,33399600
2026-04-24,272.2741016414235,272.5735550213531,269.16962610782736,270.5771179199219,38157100
2026-04-27,265.6159889280984,267.88193422863776,264.59781690250213,267.1332702636719,41466800
2026-04-28,271.8548539018017,272.7432830913257,268.181416710472,270.2277526855469,40018900
2026-04-29,267.07336249706583,270.55716597281076,266.56429174844374,269.688720703125,30047900
2026-04-30,270.018146234023,275.50834883767226,267.6623648300734,270.86663818359375,91848200
2026-05-01,278.3632420760759,286.70836594964845,277.8741246788477,279.6409912109375,79915400
2026-05-04,279.16179801165765,280.13007120517506,274.3703307853319,276.3368225097656,46668400
2026-05-05,276.43668191704,284.0630869835518,276.00745521106614,283.67376708984375,49311700
2026-05-06,281.4178249779708,287.5169265187869,280.5693330033821,286.99786376953125,58336100
2026-05-07,288.75470528792926,291.6096265406606,285.2709318587503,286.927978515625,45224300
2026-05-08,289.49338424193445,294.2349225642168,289.48339230776435,292.7974853515625,52692800
2026-05-11,291.72841688276577,293.6267735875138,289.979924827367,292.42779541015625,42247300
2026-05-12,292.3078994315659,295.0155556946294,292.3078994315659,294.54595947265625,45748100
2026-05-13,293.24708951115105,300.6607090744109,293.24708951115105,298.6124572753906,52684300
2026-05-14,299.5616620172475,300.1911240450107,295.12548538387824,297.9530334472656,35324900
2026-05-15,297.643304079477,302.93875555297063,296.26448829773227,299.9713134765625,54862800
2026-05-18,299.98126929450746,300.4009207908792,294.6558756451712,297.5833435058594,34483000
2026-05-19,296.7140952726279,300.2510533099592,296.09463441963413,298.7123718261719,42243600
2026-05-20,297.9230626302997,302.5390768782648,297.82314269813475,301.98956298828125,38229800
2026-05-21,300.80056674721834,305.27671719779084,300.1411318265125,304.7271728515625,42965100
2026-05-22,305.85620846339293,311.13165741506583,305.57645096183757,308.55389404296875,43670200
2026-05-26,309.29325163060713,311.5513139598484,307.4048960873393,308.0643005371094,48000500
2026-05-27,308.0643052358437,312.9900803339556,308.0343323058515,310.5821533203125,50430900
2026-05-28,310.412282475935,312.5304508120942,309.30325358892543,312.24072265625,48220400
2026-05-29,311.5113496628706,314.7285763294451,309.2632884033746,311.7911071777344,70026800
2026-06-01,309.363197507879,310.67206624496237,304.7571540774977,306.0460510253906,48849900
2026-06-02,307.1950545511415,315.1781903378333,306.42572903356995,314.92840576171875,44534700
2026-06-03,313.9092501546009,316.6668815001487,308.5838566628498,309.9926452636719,50836700
2026-06-04,312.96009909963743,313.26982953176514,309.38316692864953,310.9618225097656,44869100
2026-06-05,312.5903972939029,314.8984348439246,306.8853260765596,307.0751647949219,65310500
2026-06-08,308.4739595974908,317.1265012321255,300.9105055796523,301.2801818847656,77949100
2026-06-09,300.0212482417878,300.4908444635933,287.5320194610898,290.29962158203125,70108800
2026-06-10,290.4894628291428,294.4960172141002,287.1323727394638,291.3287353515625,52793300
2026-06-11,293.4668864344149,296.7440586571729,289.3404406054596,295.375244140625,42572500
2026-06-12,295.7749221682621,296.88398158337014,289.3704417369658,290.879150390625,38742100
2026-06-15,293.8665449684006,297.5233947188816,291.4486474146935,296.1645812988281,45732600
2026-06-16,294.99559499590845,300.2210994929347,293.71669913987887,298.9821472167969,39874400
2026-06-17,300.59074812548096,301.8096980081642,294.10632015937927,295.6949768066406,42745100
2026-06-18,297.8530937792582,300.31099586682666,295.3652492546472,297.7532043457031,85962200
2026-06-22,297.05381866220307,302.1594314563154,296.5043047694293,296.75408935546875,44879900
2026-06-23,297.2836155142734,301.3800886038737,293.9264950024863,294.04638671875,52010900
2026-06-24,295.1054570720635,299.4417438827621,292.68755959702736,292.8274230957031,53081900
2026-06-25,287.1523472601469,288.55113481081804,273.5141152813601,274.91290283203125,107013700
2026-06-26,274.7630284991681,285.70360492137456,273.9737007161028,283.53546142578125,261775500
2026-06-29,286.4829438934296,288.12151489662153,279.6088673150861,281.4972229003906,66427000
2026-06-30,280.9277417485351,289.69017405322865,280.45814550695326,289.11065673828125,65100200
2026-07-01,293.1871503157195,296.33442991747245,288.95081360688545,294.1263427734375,50164200
2026-07-02,293.866538367699,309.15337194761725,293.4269150966668,308.3640441894531,75352800
2026-07-06,307.0951430290638,313.9292760509671,306.7354678654279,312.3905944824219,53590000
2026-07-07,315.0183186077797,315.20815732134815,309.88273318392555,310.3923034667969,42490000
2026-07-08,311.6412289475945,314.5487250421545,306.7854009831778,313.1199645996094,41323500
2026-07-09,310.24243869469103,316.2572401947346,307.8944576262147,315.947509765625,48124500
2026-07-10,314.4488202226986,316.6369356310425,311.9010296470402,315.0483093261719,34132300
2026-07-13,316.7468014245228,323.171283634363,315.5078797345754,317.03656005859375,43257800
2026-07-14,313.48965629761443,315.91755515351207,311.64124426456783,314.58868408203125,36336800
2026-07-15,317.34631234952286,328.44675508114506,317.0465830462295,327.2178039550781,60957600
2026-07-16,327.72736328456057,334.3915986652446,326.50841333986017,332.97283935546875,62970600
2026-07-17,331.693929977533,334.7013154010385,328.71648699084636,333.452392578125,63407100
2026-07-20,333.2226134619852,333.4224228207836,323.4010672140761,326.3085632324219,53468000
2026-07-21,322.85156758462244,329.3159936819017,321.94234806189104,327.45758056640625,41338900
2026-07-22,327.58746619388995,328.7164973399543,323.0613709608057,325.60919189453125,38755900
2026-07-23,321.4527900194849,323.0214140443725,319.0748358849152,321.3828430175781,40840800
2026-07-24,321.5127284115298,334.0818750563203,321.3428614810286,332.7330322265625,47489400
2026-07-27,334.2517370375488,339.277401491225,333.73216560461384,336.61968994140625,49604300
2026-07-28,339.73698155301014,342.59453283396704,335.31080637618777,339.78692626953125,51859000
2026-07-29,339.43727163464206,344.2730974331505,337.0593175600121,337.8985900878906,56090800
2026-07-30,332.8129674612056,334.4615395264105,329.30598233808786,333.1426696777344,74817800
2026-07-31,304.54735603914753,310.4222943774597,299.7415030462749,308.6438293457031,132489100
2026-08-03,309.313234694189,311.5313230344714,302.29929450581176,303.1585693359375,75052000
2026-08-04,302.46913991298527,310.1525156602479,301.0603512911937,309.1134033203125,68001000
2026-08-05,309.09342362565195,311.4414048335362,305.40663118634393,310.7320251464844,49438800
2026-08-06,314.06913775686996,316.0174696892129,308.96355554648414,312.14080810546875,46139900
2026-08-07,311.1816431226555,314.53873325457766,310.47223295908327,313.05999755859375,34437200
2026-08-10,306.8299865722656,308.260009765625,304.6099853515625,308.260009765625,44812500
2026-08-11,307.75,309.9700012207031,302.7900085449219,304.9100036621094,37476700
2026-08-12,305.1000061035156,305.6600036621094,300.57000732421875,302.25,41657800
2026-08-13,304.2099914550781,306.0,302.04998779296875,305.260009765625,40349300
2026-08-14,306.0,307.489990234375,304.29998779296875,305.92999267578125,28229400
2026-08-17,306.2099914550781,307.6600036621094,302.94000244140625,305.5899963378906,38169300
2026-08-18,307.5799865722656,311.489990234375,305.739990234375,310.0299987792969,53424500
2026-08-19,310.1400146484375,319.2799987792969,309.6000061035156,316.8299865722656,50505600
2026-08-20,317.4599914550781,320.2799987792969,310.6499938964844,311.29998779296875,40959200
2026-08-21,312.04998779296875,312.3800048828125,307.010009765625,309.3500061035156,46876800
2026-08-24,311.4700012207031,313.3599853515625,309.9700012207031,310.3399963378906,34673600
2026-08-25,310.7900085449219,313.5899963378906,308.2099914550781,309.8999938964844,25869800
2026-08-26,310.29998779296875,315.42999267578125,308.79998779296875,313.45001220703125,34024500
2026-08-27,310.54998779296875,315.3999938964844,309.3999938964844,314.5799865722656,32419200
2026-08-28,316.8500061035156,322.3699951171875,315.45001220703125,319.70001220703125,38649400
2026-08-31,319.6000061035156,321.239990234375,312.79998779296875,316.8500061035156,41242700
2026-09-01,316.9800109863281,327.29998779296875,314.7300109863281,325.1300048828125,53167400
2026-09-02,326.8699951171875,328.3999938964844,323.5299987792969,324.9599914550781,33776400
2026-09-03,324.8699951171875,330.80999755859375,324.1099853515625,328.2099914550781,37225800
2026-09-04,328.30999755859375,328.92999267578125,317.8599853515625,319.9700012207031,39606900
2026-09-08,317.1000061035156,320.70001220703125,314.8999938964844,316.2200012207031,35477100
2026-09-09,315.489990234375,319.1499938964844,309.8999938964844,315.3399963378906,65640000
2026-09-10,316.6700134277344,326.739990234375,316.510009765625,326.57000732421875,70011900
2026-09-11,327.45001220703125,336.2200012207031,326.29998779296875,332.2699890136719,50659000
