Date,Open,High,Low,Close,Volume
2015-01-02,7.59580817740527,7.6921381222623175,7.460343228016604,7.532590866088867,13500000
2015-01-05,7.5310845032823135,7.587527983149239,7.405403506290122,7.412176609039307,15596000
2015-01-06,7.446796833823832,7.456580046423499,7.163072902665117,7.2435994148254395,22194000
2015-01-07,7.303806961162278,7.479911273051565,7.264672669631325,7.439271926879883,30907000
2015-01-08,7.565704556835329,7.849427763191662,7.552910517993935,7.8110456466674805,33265000
2015-01-09,7.862222989811437,7.962316666648478,7.7199856268528695,7.8945841789245605,23432000
2015-01-12,7.907376838320376,7.950274120893121,7.730520376188452,7.763633728027344,18692000
2015-01-13,7.810292815734511,8.0812219602647,7.65601362982898,7.719983100891113,24337000
2015-01-14,7.609354504612839,7.788468907002627,7.526570766308997,7.780942916870117,20984000
2015-01-15,7.793735630879393,7.942746765111073,7.604837329904342,7.625157356262207,18372000
2015-01-16,7.577746521569458,7.820077528598862,7.549148332054282,7.813304424285889,15375000
2015-01-20,7.80352497239804,7.920175009646326,7.7199883042624915,7.892329692840576,12840000
2015-01-21,7.851687877166114,8.043596377300606,7.835131555126888,7.930709362030029,16451000
2015-01-22,7.975862183380292,8.014244305868399,7.640211318888764,7.917161464691162,20639000
2015-01-23,7.904367524037963,8.090255049490686,7.845666086886894,8.05112075805664,15088000
2015-01-26,8.033056932091004,8.057139954235861,7.873509691537958,8.032304763793945,9611000
2015-01-27,7.907375141712262,7.975859771283462,7.738043988340503,7.886302947998047,15242000
2015-01-28,8.061654466444105,8.153469231522951,7.891571141718443,7.902107238769531,23302000
2015-01-29,7.874263648597304,8.022521925399747,7.696654296706942,8.017253875732422,15842000
2015-01-30,7.923936607244236,8.03230846250447,7.722997050853575,7.7425642013549805,16938000
2015-02-02,7.770407874183454,7.788469965869908,7.462602300183042,7.707943439483643,21581000
2015-02-03,7.713962083497516,7.80577685161356,7.628167532342506,7.7666425704956055,15390000
2015-02-04,7.746322670286086,7.923179090076088,7.710198500406532,7.887054920196533,16658000
2015-02-05,7.882540009123844,7.993921912846435,7.808034444660263,7.992416858673096,16585000
2015-02-06,7.997686578573073,8.060903891089493,7.846417477913328,7.882541656494141,10682000
2015-02-09,7.823085924461902,7.853189159168132,7.662785822849418,7.694394111633301,20346000
2015-02-10,7.754604156057401,8.087245662975018,7.74331516869399,8.05563735961914,20398000
2015-02-11,8.036823409548308,8.150463313103055,8.002204992217589,8.123370170593262,17169000
2015-02-12,8.188087816163105,8.281407629362235,8.16249974343616,8.255820274353027,21072000
2015-02-13,8.278400078267957,8.293452059278518,8.1346569611197,8.289689064025879,14614000
2015-02-17,8.293450476205713,8.379997197342332,8.209913863609447,8.343873023986816,15312000
2015-02-18,8.302483686943974,8.322803720947128,8.224967982209488,8.278401374816895,16681000
2015-02-19,8.278396963789959,8.361180675049491,8.252056724649094,8.346129417419434,13196000
2015-02-20,8.386016565856663,8.440954988606991,8.313016058256245,8.433429718017578,19283000
2015-02-23,8.504174575099603,8.521483778691906,8.42590599815604,8.49288558959961,23854000
2015-02-24,8.541799420926939,8.54932468967642,8.399561434656931,8.517716407775879,23213000
2015-02-25,8.525998244075016,8.571905629135822,8.45224484294884,8.480090141296387,38216000
2015-02-26,9.27481884116562,9.77528573471566,9.260519746051735,9.727120399475098,89263000
2015-02-27,9.685725074383265,9.685725074383265,9.493064512688942,9.604446411132812,33825000
2015-03-02,9.57359430405398,9.84903941630736,9.57359430405398,9.70981216430664,27893000
2015-03-03,9.651109615967274,9.70379011416928,9.60068634074681,9.649603843688965,18682000
2015-03-04,9.609715075885337,9.774530352972288,9.359858135977968,9.73840618133545,36143000
2015-03-05,9.735398220893913,9.899461365938308,9.691748768633687,9.826460838317871,21688000
2015-03-06,9.78356431854528,9.820440669438657,9.595418850880947,9.62476921081543,22329000
2015-03-09,9.617242461402409,9.677448944396327,9.552520097439107,9.566819190979004,17835000
2015-03-10,9.461455266409972,9.552517855597266,9.370393394940402,9.416300773620605,17688000
2015-03-11,9.429848676922477,9.517901173846596,9.371147251545683,9.381683349609375,17742000
2015-03-12,9.24772511972574,9.498334993701137,9.147631460268952,9.491561889648438,22305000
2015-03-13,9.46070380221223,9.53897236110337,9.327496818451474,9.407270431518555,18414000
2015-03-16,9.548006124520832,9.817430277164936,9.535212083803088,9.773780822753906,23077000
2015-03-17,9.694005718543089,9.75346003599535,9.595417831242637,9.71583080291748,19006000
2015-03-18,9.7113026955777,9.909061290832202,9.6380866584189,9.845657348632812,21250000
2015-03-19,9.85018782726835,10.035114636091661,9.813956998498922,9.96642780303955,24461000
2015-03-20,10.071346777995931,10.127956915451533,9.978505807047007,10.060779571533203,55522000
2015-03-23,10.189848965628002,10.286464025690314,10.10606571695217,10.14758014678955,23849000
2015-03-24,10.187581341780726,10.217773449128853,10.029827706858176,10.047943115234375,25819000
2015-03-25,10.010204502365085,10.063795627987448,9.389755619133844,9.392020225524902,48853000
2015-03-26,9.077265422527258,9.445609406891815,8.828180365883945,9.413152694702148,45058000
2015-03-27,9.434291421461818,9.73696773143298,9.423724215417339,9.677338600158691,24297000
2015-03-30,9.799613804526816,9.880378044864228,9.68412895982538,9.853960037231445,19523000
2015-03-31,9.760364623712404,9.774705931624517,9.565625743419282,9.584495544433594,16402000
2015-04-01,9.560340682057186,9.582984583784874,9.330125401676282,9.482595443725586,21830000
2015-04-02,9.518828660220263,9.579212893263088,9.40711790107472,9.436554908752441,14508000
2015-04-06,9.312012107582941,9.565626455953502,9.24634427377054,9.49769401550293,14227000
2015-04-07,9.54902142200918,9.598838453627698,9.465238167029225,9.484107971191406,16132000
2015-04-08,9.470518256439712,9.62147879324497,9.457686448848026,9.570152282714844,13607000
2015-04-09,9.498440729209278,9.656949388897637,9.48409943181748,9.602603912353516,13961000
2015-04-10,9.628274182563947,9.659221405903757,9.51580904177166,9.572419166564941,11669000
2015-04-13,9.604876061107069,9.621481256513064,9.442593172555416,9.46146297454834,10483000
2015-04-14,9.439572794107134,9.460707921039221,9.219170297442371,9.358054161071777,16047000
2015-04-15,9.4176817930272,9.53316661609367,9.408624089273301,9.502974510192871,16893000
2015-04-16,9.440327445958635,9.522601183766888,9.419947428767793,9.459952354431152,15456000
2015-04-17,9.336165706167083,9.380699128412694,9.128594292057205,9.197281837463379,26817000
2015-04-20,9.246342465729002,9.345976500284126,9.22369856328557,9.286347389221191,13295000
2015-04-21,9.383716569629259,9.43881718668222,9.279553325435812,9.291630744934082,20616000
2015-04-22,9.352769673838889,9.661484593595475,9.265212338564185,9.653936386108398,22580000
2015-04-23,9.451648212129186,9.469762900202845,9.250115558841594,9.364845275878906,28053000
2015-04-24,9.33918537003125,9.33918537003125,8.745909530204928,9.019903182983398,55059000
2015-04-27,9.05764169325882,9.20407375157803,8.961026652735148,9.068964004516602,27320000
2015-04-28,9.086323270254297,9.133121287648418,8.647027865204041,8.865165710449219,31023000
2015-04-29,8.75722865706139,8.870448871779864,8.661368740896922,8.833463668823242,20903000
2015-04-30,8.807800342890578,8.977631390347517,8.775344350571931,8.822141647338867,21339000
2015-05-01,8.90064082879852,9.316537917462703,8.897621834275032,9.2689847946167,25334000
2015-05-04,9.271254728471499,9.348244891757938,9.122558725106376,9.14520263671875,14207000
2015-05-05,9.065189772999046,9.10821369136821,8.803272878921344,8.815349578857422,22090000
2015-05-06,8.894605311950386,8.934609519933469,8.709677809174446,8.814596176147461,14475000
2015-05-07,9.057642557295402,9.33239129006518,9.057642557295402,9.244833946228027,23542000
2015-05-08,9.299183381764895,9.42976470372672,9.263707651956045,9.308996200561523,14846000
2015-05-11,9.327108199616154,9.348996996897888,9.253892159458312,9.269742965698242,12418000
2015-05-12,9.210114529135454,9.327864010440946,9.155769002291253,9.280311584472656,10264000
2015-05-13,9.331637957256136,9.422969422587627,9.232003893198833,9.29389762878418,11857000
2015-05-14,9.370130704480498,9.712811864763609,9.33239110378116,9.581476211547852,23279000
2015-05-15,9.645634372795977,9.77470541737781,9.553547819528266,9.65167236328125,22627000
2015-05-18,9.657708952413305,9.842635687387544,9.607136834104637,9.826029777526855,17984000
2015-05-19,9.877356382470282,9.952081892383426,9.755832860337836,9.772438049316406,16053000
2015-05-20,9.807915734949434,9.893208456039517,9.66978628622444,9.745266914367676,18721000
2015-05-21,9.775459965183456,9.814709780432466,9.649407923077224,9.781497955322266,21309000
2015-05-22,9.798859697015047,10.10153592999581,9.798859697015047,10.011713981628418,22856000
2015-05-26,10.141540809682004,10.154372620276535,9.860754073532116,9.910571098327637,26781000
2015-05-27,9.970199442960205,10.931064867521245,9.93472372926413,10.679715156555176,114248000
2015-05-28,10.945406632161397,10.9801272385759,10.265328613328009,10.746892929077148,249123000
2015-05-29,10.878225808780893,11.264685192768018,10.877471420046135,11.176373481750488,118244000
2015-06-01,11.18920463502926,11.35979005787579,10.955970398701394,11.066926002502441,83579000
2015-06-02,11.051080781534623,11.07070569494912,10.804260225791786,10.881250381469727,41264000
2015-06-03,11.020130455881603,11.020130455881603,10.779347975468141,10.7982177734375,30450000
2015-06-04,10.755193941498996,10.826900470054273,10.603479008226943,10.657824516296387,28017000
2015-06-05,10.640468799703823,10.872193677196153,10.515171097915376,10.854832649230957,38593000
2015-06-08,10.836714716247572,10.851810412770865,10.380813307823471,10.463841438293457,54422000
2015-06-09,10.487992652598557,10.622347265735343,10.303820311188153,10.583097457885742,44071000
2015-06-10,10.561966357450823,10.867661601150473,10.555173257784036,10.783123970031738,42617000
2015-06-11,10.73179717169589,10.813315805269777,10.644239827553406,10.717455863952637,31517000
2015-06-12,10.66461875083611,10.678960058074821,10.558191609645709,10.6027250289917,19145000
2015-06-15,10.503844687040955,10.870679195855764,10.492522376580467,10.802746772766113,34565000
2015-06-16,10.771046990799874,10.83067610837895,10.671412225520196,10.717455863952637,20998000
2015-06-17,10.710642425638456,10.786336302474117,10.556227869762514,10.649331092834473,25429000
2015-06-18,10.652357897989743,10.8809525532362,10.652357897989743,10.824182510375977,25298000
2015-06-19,10.824942137031242,10.893066496762453,10.71821431032523,10.815858840942383,26881000
2015-06-22,10.911988508292774,10.98616790511179,10.748489927875013,10.845377922058105,22846000
2015-06-23,10.896849442854679,10.896849442854679,10.662199711733372,10.721240043640137,21497000
2015-06-24,10.753031512516595,10.76514233084483,10.584234410403809,10.594831466674805,22402000
2015-06-25,10.60694102138271,10.676579120811871,10.508540002551927,10.538817405700684,17538000
2015-06-26,10.510054271243396,10.52443609257284,10.199710693535742,10.229988098144531,71798000
2015-06-29,10.055894778987554,10.234531723576339,9.918889545954084,9.99231243133545,40473000
2015-06-30,10.12780211666722,10.171704102991855,10.000636721910261,10.061948776245117,28695000
2015-07-01,10.173975004998612,10.423007263979578,10.167162715000863,10.256481170654297,43059000
2015-07-02,10.26405011599604,10.42679071218035,10.245126287227919,10.418464660644531,32797000
2015-07-06,10.30643864875909,10.416193971448427,10.133100270106643,10.158079147338867,30188000
2015-07-07,10.139154687453043,10.177000897343817,9.549501526291285,10.055134773254395,59268000
2015-07-08,9.847735805648504,9.941595547109516,9.602488313249294,9.692564010620117,51371000
2015-07-09,9.853793270753066,9.943111748092846,9.364812649891675,9.437479019165039,73469000
2015-07-10,9.583563273256855,9.902232851060267,9.575236501074361,9.82805347442627,50948000
2015-07-13,9.944624454259008,9.944624454259008,9.723599288891974,9.778099060058594,25304000
2015-07-14,9.790965827481893,10.027886547653276,9.727382769525818,10.014261245727539,26289000
2015-07-15,9.966575036053545,10.104337493606852,9.902235454520914,9.970359802246094,23100000
2015-07-16,10.114935206274962,10.201226148573255,9.907534625441064,10.195927619934082,33977000
2015-07-17,10.215609301744383,10.218636826540658,9.988528339002716,10.117207527160645,29000000
2015-07-20,10.184572025516685,10.265564428876548,10.124017213949228,10.191384315490723,23563000
2015-07-21,10.22620257284115,10.323089827271358,10.153536229680725,10.181543350219727,31532000
2015-07-22,9.616115481310826,9.840168183439875,9.490463825770194,9.809133529663086,61346000
2015-07-23,9.929485036494434,10.218634523618453,9.878013517205234,9.989282608032227,30608000
2015-07-24,10.105849918199894,10.131586036154905,9.714513952501953,9.72511100769043,36311000
2015-07-27,9.639578737487142,9.650933036226617,9.393574706427984,9.435206413269043,34893000
2015-07-28,9.505600474327633,9.80610425507575,9.349672156794506,9.72057056427002,27869000
2015-07-29,9.716784738313619,9.773554778674107,9.495759624346244,9.732680320739746,33407000
2015-07-30,9.517711077632484,9.748576007143564,9.466996084205656,9.662285804748535,39169000
2015-07-31,9.714513060829633,9.714513060829633,9.458669276016646,9.472293853759766,30593000
2015-08-03,9.569184225971147,9.650175914671795,9.404171880542293,9.52225399017334,27273000
2015-08-04,9.503329012359192,9.503329012359192,8.98936968938161,9.34588623046875,47467000
2015-08-05,9.310311798250924,9.513927597610042,9.158924761261138,9.44277572631836,34158000
2015-08-06,9.464726246604267,9.491976129498722,9.12864724505395,9.330748558044434,46052000
2015-08-07,9.160438780958323,9.384491457629897,9.14529971589844,9.276249885559082,30527000
2015-08-10,9.347403559553301,9.643365408533265,9.310313853630053,9.634282112121582,28907000
2015-08-11,9.510144508779677,9.5548037467086,9.304257669038588,9.401902198791504,26744000
2015-08-12,9.203585159108332,9.5888654517414,9.130162274431214,9.516956329345703,27205000
2015-08-13,9.508629101566541,9.599461324068047,9.386762229582127,9.400386810302734,14571000
2015-08-14,9.386006769348764,9.423853716376476,9.171793872104258,9.231592178344727,26496000
2015-08-17,9.183145471951484,9.501058578491211,9.143784774118176,9.501058578491211,21293000
2015-08-18,9.519983854944408,9.519983854944408,9.21796698459047,9.252785682678223,19502000
2015-08-19,9.202827257075416,9.293659484280717,9.030246097572382,9.192987442016602,30891000
2015-08-20,9.089286838428968,9.131675065281186,8.70703411102295,8.70703411102295,41756000
2015-08-21,8.53444951093329,8.741850014489101,8.426965215997685,8.43604850769043,56472000
2015-08-24,7.651865943054435,8.705520972586756,7.569359765684468,8.321754455566406,69040000
2015-08-25,8.63890965809165,8.704763001689738,8.190046349721749,8.21351146697998,43921000
2015-08-26,8.523095729528618,8.836466758728301,8.4156107153484,8.795592308044434,59354000
2015-08-27,9.121076504710048,9.613084484361824,9.111993211615008,9.557071685791016,91882000
2015-08-28,9.50181579525334,9.667584637734532,9.438232740991474,9.660015106201172,36322000
2015-08-31,9.58583715598249,9.691808455711357,9.46169998709962,9.535122871398926,30087000
2015-09-01,9.198285735736421,9.463212877854373,8.939413642155355,9.035544395446777,49749000
2015-09-02,9.24597045295339,9.39130169198292,9.095339964816862,9.389031410217285,36700000
2015-09-03,9.491976716789559,9.60551681973596,9.326207848864849,9.368596076965332,29954000
2015-09-04,9.177091794071325,9.371624323737647,9.132432558345506,9.170279502868652,24923000
2015-09-08,9.491976413096069,9.789451964169835,9.448074424235255,9.77658462524414,35477000
2015-09-09,9.853795009715423,9.97566192630966,9.560104121640975,9.625957489013672,31502000
2015-09-10,9.729654875493699,9.776585112798315,9.446560411344358,9.743279457092285,36224000
2015-09-11,9.70089085530861,9.932513064802771,9.608544868311784,9.921916007995605,39606000
2015-09-14,10.029403703140728,10.12250695667534,9.885586156341374,9.930245399475098,34643000
2015-09-15,10.001395087702273,10.214850717065119,9.915861387550178,10.17170524597168,30804000
2015-09-16,10.1663916104087,10.1663916104087,9.89076241344075,9.98415756225586,27317000
2015-09-17,9.98567344135042,10.103366142609111,9.886204284935271,9.917335510253906,19918000
2015-09-18,9.760159086993825,9.832293653113629,9.612852938538726,9.688024520874023,44021000
2015-09-21,9.747249116112497,9.823939194236306,9.583997572549865,9.662965774536133,16515000
2015-09-22,9.490605425123418,9.555146736370009,9.39265475803323,9.468585968017578,22483000
2015-09-23,9.477693992384273,9.70396757620777,9.401003196506217,9.532363891601562,21879000
2015-09-24,9.423026084899902,9.51793972511708,9.069947227430628,9.423026084899902,44995000
2015-09-25,9.564256546330117,9.789771281261418,9.506549620657614,9.623482704162598,35087000
2015-09-28,9.564257162664632,9.732064982737208,9.173213441515077,9.176250457763672,39887000
2015-09-29,9.25673701927595,9.300017758661433,8.964402848528605,9.086651802062988,47991000
2015-09-30,9.247623826936714,9.508826007116117,9.187638783551387,9.492121696472168,43955000
2015-10-01,9.347850625405414,9.483766826561789,9.073740099707182,9.274197578430176,45674000
2015-10-02,9.110950418557817,9.366838251731345,8.97579376871811,9.3645601272583,35207000
2015-10-05,9.412395571116782,9.481493122382666,9.184602695393801,9.204344749450684,39085000
2015-10-06,9.16941579660085,9.1883982322588,8.468573323210782,8.892268180847168,115846000
2015-10-07,9.009201770677805,9.076780809586811,8.794317313741418,9.008442878723145,37284000
2015-10-08,8.92339722234057,8.956806561617364,8.640174919880499,8.860374450683594,41409000
2015-10-09,8.850509023263275,8.965923633466474,8.773059297544199,8.877084732055664,34479000
2015-10-12,8.92871799286061,8.958331443919862,8.789764685358259,8.935551643371582,24184000
2015-10-13,8.83380252159296,8.858859717760481,8.596138966093,8.61208438873291,32475000
2015-10-14,8.580192315149395,8.941623291513716,8.533114946018406,8.918844223022461,33530000
2015-10-15,8.959843875899114,9.262808210863346,8.936305199110087,9.25369644165039,49316000
2015-10-16,9.255977083703867,9.262051840018572,9.104115417171714,9.192955017089844,19866000
2015-10-19,9.187638061762396,9.207380110718029,8.912008992322864,9.03273868560791,18593000
2015-10-20,8.99553621140259,9.117025567896578,8.929476391912326,9.103358268737793,21920000
2015-10-21,9.245345977423385,9.315202410201685,9.12006002320869,9.149673461914062,28197000
2015-10-22,9.234715083198099,9.538439093048252,9.203583862788857,9.517178535461426,34344000
2015-10-23,9.678914859417073,9.858871505911337,9.41999070515925,9.839129447937012,35498000
2015-10-26,9.723711738629065,9.723711738629065,9.319759627312028,9.385819435119629,58129000
2015-10-27,9.34633232112013,9.502750187880942,9.183080808187563,9.22484302520752,32280000
2015-10-28,9.475418943264122,9.707767357562703,9.392654089580766,9.650059700012207,30966000
2015-10-29,9.187644064456805,9.427585824179575,9.014521033983044,9.118546485900879,61582000
2015-10-30,9.17625156020401,9.416952868095947,9.124618657106772,9.349373817443848,25516000
2015-11-02,9.38961633926381,9.507309045444917,9.298499335368735,9.400246620178223,26068000
2015-11-03,9.224083208749427,9.487563457493156,9.224083208749427,9.274197578430176,26222000
2015-11-04,9.301537197562263,9.480734205427199,9.116265432565061,9.423786163330078,43098000
2015-11-05,9.484529084613968,9.491362732540832,9.157267082974139,9.192194938659668,28308000
2015-11-06,9.358485861343057,9.855074298650933,9.356967352992529,9.845962524414062,45287000
2015-11-09,9.747252842153905,9.790533591418066,9.54527673638822,9.60526180267334,28250000
2015-11-10,9.347853322110332,9.421506390333292,9.09424438545273,9.101078033447266,44759000
2015-11-11,9.127650293519475,9.31671858686979,9.098037588658935,9.107908248901367,25953000
2015-11-12,9.127653269739884,9.218770261349048,9.02970263048339,9.10031795501709,26588000
2015-11-13,9.03577722430566,9.10335626136393,8.747999320258176,8.924918174743652,39824000
2015-11-16,8.919604492362136,9.246107662401952,8.889991771163949,9.223328590393066,27796000
2015-11-17,9.222570473198523,9.39113722655641,9.187642605383449,9.268129348754883,19868000
2015-11-18,9.257494972721373,9.574885556276927,9.233196675121519,9.56121826171875,20270000
2015-11-19,9.574889198091592,9.577167322762254,9.3402626327574,9.50731086730957,32780000
2015-11-20,9.583240780024914,9.618168640944557,9.394932005124,9.597667694091797,28057000
2015-11-23,9.624243163441651,9.624243163441651,9.43137814451542,9.446564674377441,16003000
2015-11-24,9.370632838059613,9.763955390044485,9.370632838059613,9.744972229003906,35659000
2015-11-25,9.795088476933412,9.807996884067327,9.693341176474581,9.748770713806152,21396000
2015-11-27,9.766991543150041,9.905185901953736,9.708525005404955,9.874053955078125,13262000
2015-11-30,9.827736950155304,9.924169089806531,9.65233659948465,9.905186653137207,32615000
2015-12-01,9.959853984092577,10.157274460519922,9.940111936449844,10.090455055236816,43255000
2015-12-02,10.104124031585028,10.250670533107632,9.98794985823222,10.038823127746582,54364000
2015-12-03,10.999351352554966,11.151213023360041,10.849008189837907,10.993276596069336,120661000
2015-12-04,10.99479357544997,11.22942005956494,10.876341995584923,11.204362869262695,60329000
2015-12-07,11.138305724315744,11.368376739632321,11.051744961635835,11.300798416137695,44769000
2015-12-08,11.149694387682558,11.282573619666508,11.068448050768128,11.2210693359375,34560000
2015-12-09,11.172470954728912,11.237771856075957,10.965939420707377,11.059333801269531,30803000
2015-12-10,11.094264631257035,11.347114685202444,11.02440819251537,11.18690013885498,33078000
2015-12-11,10.981130098343236,11.216516280302434,10.956832515598384,10.965944290161133,27777000
2015-12-14,10.944680043921897,11.037316272933076,10.724480453754676,10.820913314819336,36993000
2015-12-15,10.833821853385063,10.951515283969206,10.7297964441033,10.878621101379395,35398000
2015-12-16,10.904520795881123,10.989063817534145,10.693543856768038,10.958597183227539,29644000
2015-12-17,11.038567780688876,11.081981851670987,10.694303037654905,10.699634552001953,24378000
2015-12-18,10.680590995068645,10.808548042814607,10.552633947322681,10.678306579589844,51964000
2015-12-21,10.899186104777119,11.120064054597547,10.804741309217126,11.104830741882324,26627000
2015-12-22,11.213747114094845,11.213747114094845,10.873290681454275,11.05151653289795,21684000
2015-12-23,11.12158634042397,11.170331920257196,10.997437612027852,11.158906936645508,16170000
2015-12-24,11.151292490896779,11.218317767246242,11.098738572777718,11.144437789916992,7436000
2015-12-28,11.112449513484428,11.150532076157136,10.962404405408716,11.146723747253418,13873000
2015-12-29,11.196228393106145,11.331802115530477,11.044660854579428,11.267823219299316,22533000
2015-12-30,11.235074040131087,11.340181147873723,11.205369368001724,11.224411010742188,17396000
2015-12-31,11.164236134062456,11.234307754341124,11.053035598225017,11.055320739746094,19673000
2016-01-04,10.820735461401537,10.842061517342067,10.653934615554407,10.836730003356934,30970000
2016-01-05,10.902233434155411,10.914419649579125,10.450575696314413,10.474186897277832,38173000
2016-01-06,10.249501374791594,10.362987103430795,10.075083838060714,10.152010917663574,50824000
2016-01-07,10.001201491023783,10.188567156075253,9.76356778623637,9.829069137573242,50056000
2016-01-08,9.903710029432773,10.16495490427839,9.753664976461058,9.764328002929688,64641000
2016-01-11,9.863346360792548,9.899143782300103,9.55259382803399,9.752145767211914,38941000
2016-01-12,9.890762778814224,10.028620906013836,9.662268191858168,9.895332336425781,41112000
2016-01-13,9.730059049789357,9.899907061928111,9.37436920351374,9.391887664794922,48470000
2016-01-14,9.458910066503844,9.648560913167147,9.161867691906464,9.535075187683105,63942000
2016-01-15,9.155773773518566,9.428443702784438,9.086464083195038,9.137494087219238,75916000
2016-01-19,9.349990616508913,9.505366438284835,9.06437262411289,9.14510726928711,54773000
2016-01-20,8.974504363816386,9.564781666961547,8.924235573910986,9.431493759155273,103988000
2016-01-21,9.505366340381466,9.59676473620723,9.394927762168507,9.48480224609375,48475000
2016-01-22,9.633325476005817,9.633325476005817,9.46195508065483,9.483281135559082,58428000
2016-01-25,9.477185927192185,9.519076799563384,9.444434894726777,9.481756210327148,61359000
2016-01-26,9.520602516077872,9.635611411904836,9.444437405403518,9.474142074584961,119134000
2016-01-27,9.417780959086633,9.551831511770366,9.146634207729443,9.318766593933105,58156000
2016-01-28,9.363700995974854,9.638655992010701,9.292106182960321,9.624946594238281,49969000
2016-01-29,9.858771528218503,10.23197885989482,9.757472063282766,10.183995246887207,259449000
2016-02-01,10.155817592135262,10.563300020266693,10.126874876981622,10.486372947692871,45619000
2016-02-02,10.283013722691473,10.479518537042654,10.030907892474739,10.148201942443848,59005000
2016-02-03,10.453620937028878,10.481039735268014,9.923513759851128,10.005009651184082,56234000
2016-02-04,10.008060337926695,10.455147871860598,9.939511865020458,10.367558479309082,60833000
2016-02-05,10.434579477985682,10.434579477985682,9.671408144414581,9.77651596069336,70953000
2016-02-08,9.672170434720316,9.672170434720316,9.080369478112251,9.281444549560547,91242000
2016-02-09,9.126828019122629,9.57543850851509,9.046093370151866,9.117688179016113,63400000
2016-02-10,9.32942981225645,9.419304335801176,9.036956995775231,9.078847885131836,45473000
2016-02-11,8.873199762881729,8.960027887291236,8.701829382217747,8.858728408813477,66673000
2016-02-12,8.969173090424345,9.317246299485632,8.814558386816877,9.266216278076172,39965000
2016-02-16,9.388837970887346,9.656938342130752,9.364465540030851,9.615047454833984,38521000
2016-02-17,9.672931901928324,9.963881488293394,9.652367801678716,9.953218460083008,32742000
2016-02-18,10.035477560056641,10.052996016890063,9.602861454912185,9.678264617919922,39202000
2016-02-19,9.676741190259236,9.809267826232565,9.520603353373069,9.800127983093262,31118000
2016-02-22,9.901424941546933,10.086505446390273,9.862581162966114,9.950170516967773,24204000
2016-02-23,9.913611440785136,9.939507778164787,9.753665311890927,9.761281967163086,22352000
2016-02-24,9.635610858618243,9.996632067864967,9.551829822778709,9.927322387695312,25680000
2016-02-25,9.960836474436384,10.091077972867815,9.801652259383651,10.089554786682129,25652000
2016-02-26,10.22131879819295,10.27996545331647,10.07279763313949,10.138298988342285,27142000
2016-02-29,10.15581869978534,10.504653779418973,10.122306422651326,10.203803062438965,35911000
2016-03-01,10.310433112209815,10.559492584282701,10.253309633310977,10.543498039245605,44906000
2016-03-02,10.499319152675485,10.529023818501958,10.28605788378397,10.432293891906738,43834000
2016-03-03,10.491703975412525,10.575485744768859,10.228935861606791,10.459714889526367,59437000
2016-03-04,11.12006327771146,11.26172973478981,10.794077526750606,11.124632835388184,72399000
2016-03-07,11.02561927164077,11.137581795859788,10.706488924081079,10.930413246154785,41363000
2016-03-08,10.837492641582854,10.87785961390675,10.618137871868718,10.634894371032715,33216000
2016-03-09,10.720200140775658,10.855773886881964,10.698874080428151,10.812359809875488,31152000
2016-03-10,10.926605644328196,11.104831492780388,10.815405068899377,10.999724388122559,54546000
2016-03-11,11.119301035223256,11.426245138715537,11.101021352258567,11.334847450256348,55822000
2016-03-14,11.204604840623745,11.363027048687622,11.196226229737986,11.28305435180664,28444000
2016-03-15,11.31047453395251,11.42319827219965,11.126155252800874,11.308189392089844,30891000
2016-03-16,11.268452945754495,11.406767552562759,11.221838666989969,11.357860565185547,34906000
2016-03-17,11.26157771240921,11.593991374339295,11.26157771240921,11.581000328063965,44708000
2016-03-18,11.610801261879857,11.691803255686603,11.529034788936965,11.652830123901367,70568000
2016-03-21,11.660473344041385,11.691804603153809,11.525979658287326,11.683398246765137,28207000
2016-03-22,11.645951669841411,11.891250337638903,11.58099718486364,11.826295852661133,33945000
2016-03-23,11.830884585913914,11.869092517036373,11.641370245015876,11.691040992736816,27577000
2016-03-24,11.597050193616472,11.713968905114994,11.54814391566092,11.691807746887207,25651000
2016-03-28,11.713197655092442,11.730009633902887,11.620732864788934,11.699442863464355,17224000
2016-03-29,11.712438248464712,11.839290801544356,11.629144254866468,11.778157234191895,26765000
2016-03-30,11.844641693926874,12.018872313355914,11.809490215530806,11.99212646484375,26794000
2016-03-31,11.998999680203493,12.025746248157992,11.802607971022544,11.806428909301758,24968000
2016-04-01,11.771278558140345,12.067776254750928,11.551197448043848,12.058606147766113,25671000
2016-04-04,12.073887905725039,12.099105513570773,11.895071942245451,11.921817779541016,17760000
2016-04-05,11.802604401529143,12.001288759342868,11.802604401529143,11.84692668914795,56915000
2016-04-06,11.821712445991619,12.056312804900283,11.746059618494904,12.038736343383789,28149000
2016-04-07,12.034153233565632,12.070069182921204,11.820949517642893,11.84234619140625,22975000
2016-04-08,11.942454500460038,11.989832543563418,11.81713017167938,11.932519912719727,18526000
2016-04-11,12.030328723622654,12.058602787163933,11.890485906423585,11.891249656677246,18568000
2016-04-12,11.921820204848249,11.949330526849977,11.691805228544045,11.877498626708984,16537000
2016-04-13,11.956971955548521,12.19997796885058,11.891252976917576,12.186986923217773,21730000
2016-04-14,12.019634846804973,12.158713965321006,11.921057098599976,12.136552810668945,27549000
2016-04-15,12.083822866690227,12.09987037053523,11.80795738460701,11.882081985473633,27685000
2016-04-18,11.871381554682072,11.951619788517249,11.753699151816173,11.913411140441895,15297000
2016-04-19,11.955442790417603,11.97989592129705,11.522922481120146,11.544319152832031,24560000
2016-04-20,11.57412198703204,11.775862876812711,11.493119985188876,11.709380149841309,19435000
2016-04-21,11.684161963031045,11.713200511344064,11.496940357345085,11.565715789794922,16117000
2016-04-22,11.493118294280514,11.687217278462779,11.365502027288478,11.48776912689209,25699000
2016-04-25,11.481657247559584,11.528272260569725,11.368560235896288,11.393777847290039,10870000
2016-04-26,11.576414271387446,11.776626924171778,11.465609244652029,11.5206298828125,26309000
2016-04-27,11.249351774003909,11.719317104288766,11.19509560207233,11.579473495483398,38930000
2016-04-28,11.492356843980733,11.769751328494465,11.258520917923118,11.308956146240234,25520000
2016-04-29,11.180572575543778,11.293670300146186,10.946736707853674,11.137779235839844,35067000
2016-05-02,11.169112800975183,11.220311777636178,11.042260256301294,11.162999153137207,19525000
2016-05-03,11.088112513079771,11.156123485267457,10.876436988956604,10.942919731140137,23986000
2016-05-04,10.890190397766451,11.036146901926413,10.795432868248009,10.856566429138184,20888000
2016-05-05,10.99029800598215,11.072828252615606,10.858096278236394,10.895541191101074,16841000
2016-05-06,10.832877951068992,10.889426827559298,10.635722455809304,10.842812538146973,30027000
2016-05-09,10.851216706528778,10.997937682432807,10.794668566416934,10.881783485412598,17300000
2016-05-10,10.889423721818599,11.091164577813155,10.813006421736679,11.050663948059082,18461000
2016-05-11,11.010931121307358,11.173698908085372,10.966608808589578,10.99259090423584,16716000
2016-05-12,11.009398069767434,11.059833283579694,10.661700740341415,10.777854919433594,26452000
2016-05-13,10.770213746357689,10.937566900492143,10.669343312152295,10.702202796936035,21716000
2016-05-16,10.764866741723834,10.975014007722724,10.751111944757334,10.90088939666748,20373000
2016-05-17,10.890187773257374,10.926867463690044,10.689210675469534,10.787788391113281,21248000
2016-05-18,10.7388880802429,11.084292880059154,10.723604320860707,10.994884490966797,22620000
2016-05-19,10.929925584037976,11.054484666606847,10.783969102595353,10.907764434814453,17478000
2016-05-20,11.013984949704062,11.284501264951507,10.981889941882056,11.212669372558594,25889000
2016-05-23,11.324240184141232,11.488536919914278,11.300550799225073,11.317362785339355,17609000
2016-05-24,11.355571353343043,11.590936257024717,11.336467385739697,11.571067810058594,19907000
2016-05-25,11.60316129445874,11.768221768232417,11.499998133965416,11.735363006591797,21737000
2016-05-26,11.750643375828433,11.787323796714812,11.601630441323948,11.693330764770508,18431000
2016-05-27,11.691805358551438,11.762872780217526,11.650540239474775,11.714730262756348,18693000
2016-05-31,11.768221223881682,11.840817599622993,11.714729541108886,11.795731544494629,32058000
2016-06-01,11.723134028299569,11.869090516040231,11.71778486054267,11.827061653137207,30777000
2016-06-02,11.860684872148177,11.884374251828778,11.72160578189943,11.837759971618652,46746000
2016-06-03,12.667646914083027,12.685223373616896,12.318422092136288,12.422348976135254,82985000
2016-06-06,12.486540863982972,12.527805249161895,12.3046676964152,12.443747520446777,34010000
2016-06-07,12.481953381437103,12.681401520652592,12.441452753367761,12.596578598022461,32340000
2016-06-08,12.539269425327557,12.579770062139696,12.4819560758934,12.509467124938965,25620000
2016-06-09,12.390253868395268,12.612626177790338,12.38872491028142,12.543087005615234,29143000
2016-06-10,12.392548452306107,12.454447223176155,12.22672422790455,12.289386749267578,26657000
2016-06-13,12.23741833251885,12.398658540656738,12.199209686767611,12.227483749389648,21568000
2016-06-14,12.170937571323307,12.26722258694982,12.083821932525531,12.149540901184082,25669000
2016-06-15,12.174839236005457,12.27449412117044,12.125777953315957,12.142642974853516,30884000
2016-06-16,12.039153767625471,12.17637168171684,11.927999909972396,12.160273551940918,22804000
2016-06-17,12.186340389368244,12.246133769781947,11.876641398333327,11.95866584777832,43333000
2016-06-20,12.142643514057015,12.234633149033975,12.011557790743517,12.029955863952637,20265000
2016-06-21,12.082080622158696,12.142640872374523,11.928764597218306,11.944096565246582,16126000
2016-06-22,11.937966635853812,12.048354347802203,11.866674282505798,11.892738342285156,16039000
2016-06-23,12.062152293978478,12.160274865076806,11.95636446816047,12.15950870513916,24435000
2016-06-24,11.652033382185056,11.872042676124208,11.376064430223522,11.400594711303711,64177000
2016-06-27,11.230413140629425,11.287907309612685,10.906149799878474,11.010404586791992,37864000
2016-06-28,11.245743379056258,11.493349008078416,11.236544342680853,11.481083869934082,37233000
2016-06-29,11.652799067870692,11.93183409333488,11.558509484660517,11.882006645202637,47860000
2016-06-30,11.882005018634391,12.053719138132235,11.818378657846859,11.912668228149414,42626000
2016-07-01,11.841375496736271,11.948697092079435,11.776216818323007,11.822211265563965,19779000
2016-07-05,11.619833878460057,11.62979907391499,11.462684844302496,11.556974411010742,26321000
2016-07-06,11.449650009028803,11.59606692092,11.28100203894,11.547005653381348,20603000
2016-07-07,11.509446530680455,11.72868887908126,11.509446530680455,11.574605941772461,19248000
2016-07-08,11.701859971139323,11.901170488181462,11.647432640652578,11.892738342285156,26741000
2016-07-11,12.042987539478865,12.148009200814961,11.98012806708555,12.062918663024902,25201000
2016-07-12,12.156441551701915,12.335054775662915,12.131144384122276,12.157208442687988,20306000
2016-07-13,12.181737373241434,12.294425009487734,12.06138448332452,12.066750526428223,15734000
2016-07-14,12.230799744113009,12.34655422323133,12.177905468186065,12.32585620880127,23550000
2016-07-15,12.350385268031252,12.385647627795857,12.239230683546248,12.354217529296875,19259000
2016-07-18,12.450811379273938,12.54893396450885,12.414781387091686,12.4439115524292,14626000
2016-07-19,12.37798388362346,12.418613755933524,12.249198827013753,12.305925369262695,14797000
2016-07-20,12.387949126239477,12.554297943959664,12.33582100879865,12.46997356414795,18064000
2016-07-21,12.496036495158476,12.532065016025191,12.251496985482872,12.296725273132324,19530000
2016-07-22,12.233863976479727,12.288292026029495,12.011555550644397,12.239996910095215,19664000
2016-07-25,12.23769721266112,12.318954746577228,12.209333947644401,12.248429298400879,9627000
2016-07-26,12.373383127557835,12.533598258132248,12.293658642180558,12.528998374938965,28631000
2016-07-27,12.720645732345877,12.847898466315055,12.473040090352011,12.69918155670166,30493000
2016-07-28,12.648586990681714,12.799603839544398,12.565796391532256,12.589560508728027,19512000
2016-07-29,12.56656396285735,12.621758189201786,12.349622243993187,12.417080879211426,26030000
2016-08-01,12.478404327328683,12.56272869779884,12.410945708234813,12.534364700317383,17876000
2016-08-02,12.502936472570639,12.57116272384963,12.43931010527698,12.486838340759277,22689000
2016-08-03,12.409410352800647,12.58342511480838,12.363415912075377,12.580357551574707,15019000
2016-08-04,12.59262365593563,12.801900777714126,12.58725761338072,12.801133155822754,19978000
2016-08-05,12.874729291093804,13.047210326441009,12.819535067355224,13.04107666015625,25594000
2016-08-08,13.031879235311205,13.12616809453805,12.86783033510599,12.90539264678955,19084000
2016-08-09,12.950618083298046,13.198223698959497,12.932221473677139,13.121566772460938,32743000
2016-08-10,13.12540021618219,13.198992509843134,13.019611659578905,13.173694610595703,19523000
2016-08-11,13.190555807794343,13.274112538167289,13.100865413643518,13.19208812713623,15745000
2016-08-12,13.19515977004975,13.232722079617396,13.137667065709174,13.221223831176758,16530000
2016-08-15,13.290212304813789,13.477257637190013,13.223519851788783,13.456561088562012,25807000
2016-08-16,13.400603442729398,13.414401631996402,13.192858595254181,13.215856552124023,19069000
2016-08-17,13.2043579801075,13.283314852025228,13.166795674973034,13.264150619506836,16613000
2016-08-18,13.248052695377792,13.352307467070245,13.234254506234816,13.33314323425293,21120000
2016-08-19,13.352309222355602,13.419769319247454,13.294816516345707,13.40980339050293,15349000
2016-08-22,13.41516928111725,13.515591803151562,13.343110762823999,13.486461639404297,15393000
2016-08-23,13.547018599270922,13.604511290575319,13.501022691662936,13.594545364379883,19741000
2016-08-24,13.612177072559367,13.621375376661812,13.366871417516379,13.438163757324219,21802000
2016-08-25,13.455029872897319,13.579216499033683,13.391403508937232,13.494892120361328,18735000
2016-08-26,13.555450218415002,13.694967331196564,13.425131409516368,13.5807466506958,22586000
2016-08-29,13.591478951182435,13.697267489262167,13.560816475617555,13.59914493560791,16726000
2016-08-30,13.65740710592424,13.753995890981631,13.48722603007804,13.56848430633545,27838000
2016-08-31,13.576148756268523,13.669672901197513,13.441997666636311,13.524022102355957,32753000
2016-09-01,13.55928886505853,13.619849146086413,13.401373608006104,13.575387001037598,39128000
2016-09-02,13.568483647234007,13.594546241996573,12.939886028578295,13.270283699035645,80668000
2016-09-06,13.309382841783425,13.338513010186084,13.00428442689064,13.116205215454102,36132000
2016-09-07,13.140733649600019,13.18519578714461,12.856331833166205,12.947554588317871,31437000
2016-09-08,12.908458623971072,12.942187207052902,12.768173861365467,12.90769100189209,18680000
2016-09-09,12.750542171728865,12.805736393383194,12.316657308732298,12.325089454650879,45022000
2016-09-12,12.198604787643218,12.629423564434894,12.169474624771945,12.608725547790527,35673000
2016-09-13,12.608725187701081,12.829500613948731,12.594926997711353,12.666985511779785,36003000
2016-09-14,12.666216653392565,13.026509146977583,12.652417004205398,13.001978874206543,40324000
2016-09-15,13.01966822231118,13.301850989362176,12.932782627086656,13.280322074890137,36322000
2016-09-16,13.257253329352816,13.301079619533784,13.059647855133697,13.166523933410645,83067000
2016-09-19,13.190361503154753,13.346446120139122,13.025049371277348,13.127311706542969,28306000
2016-09-20,13.24110620026632,13.24110620026632,12.930472493637483,12.935086250305176,18722000
2016-09-21,12.947390332493287,13.072719979096854,12.88741588980319,13.058110237121582,17977000
2016-09-22,13.14576163174179,13.167290538471246,12.922781993133253,12.981987953186035,20619000
2016-09-23,12.971226418005816,12.99659914955368,12.725949346974254,12.813603401184082,26875000
2016-09-26,12.694422809138162,12.858196503365676,12.514500966771536,12.81667709350586,32033000
2016-09-27,12.832052853815288,13.138841247084844,12.76515925427131,13.137304306030273,25353000
2016-09-28,13.208045069296842,13.279552443205231,13.054267331732248,13.125004768371582,20843000
2016-09-29,13.071177580392378,13.377965936188279,13.031963590088653,13.26032543182373,38570000
2016-09-30,13.301848779722885,13.428716833113244,13.258790957931364,13.26494312286377,34220000
2016-10-03,13.30261692835418,13.370279001136762,13.049650792793992,13.07656192779541,22807000
2016-10-04,13.118083932384632,13.14038131286405,12.923553806516939,12.998136520385742,19596000
2016-10-05,13.18651482683773,13.387195656047238,13.123466503417168,13.33875560760498,26149000
2016-10-06,13.324915723013229,13.428716454713017,13.168061186230414,13.39334774017334,21014000
2016-10-07,13.446400013758696,13.451782240717957,13.254945254881976,13.394883155822754,21842000
2016-10-10,13.434867155776146,13.52482808324446,13.360284440388183,13.437942504882812,16336000
2016-10-11,13.477923360097932,13.49407004088189,13.035040877813897,13.161140441894531,26181000
2016-10-12,13.12884778704466,13.152683574229783,12.94815747340996,13.107318878173828,21740000
2016-10-13,12.976607562447294,13.063491672170255,12.825135256851183,12.989677429199219,22373000
2016-10-14,13.069644021398581,13.274170156650708,13.020435497565755,13.078103065490723,19570000
2016-10-17,13.04811186669173,13.144223478319962,12.973529162209228,12.985063552856445,12741000
2016-10-18,13.121158887085027,13.291853219547743,13.112701310831397,13.238029479980469,14167000
2016-10-19,13.161142588579493,13.246489762800298,13.079639234271271,13.214964866638184,20440000
2016-10-20,13.198818326826776,13.423334955769871,13.149608338818354,13.3333740234375,18961000
2016-10-21,13.247257165870225,13.33260433321286,13.125002877533971,13.295697212219238,15842000
2016-10-24,13.391042424635225,13.609408368665816,13.344909249566586,13.574808120727539,19772000
2016-10-25,13.534823869143663,13.570961053800486,13.34106221279676,13.351826667785645,21622000
2016-10-26,13.236492261031565,13.438711482462066,13.15575885319514,13.301847457885742,21075000
2016-10-27,13.40257484004671,13.47485068262868,13.20804469498076,13.243414878845215,19840000
2016-10-28,13.262636285285131,13.291854302526321,12.99736725157603,13.02120304107666,20651000
2016-10-31,13.071180631786277,13.198817147767796,12.970455252722912,13.0927095413208,20317000
2016-11-01,13.126540832396461,13.190359088048714,12.750551933385573,12.978912353515625,28452000
2016-11-02,13.294927950444665,13.390271096246613,13.056571552486677,13.268016815185547,43501000
2016-11-03,13.259560337884304,13.481770073096978,13.23649302008812,13.301079750061035,20654000
2016-11-04,13.101936856227333,13.41948826704725,13.088865523272833,13.238029479980469,21753000
2016-11-07,13.408724439691033,13.67706881329135,13.3871955294758,13.606329917907715,26126000
2016-11-08,13.614785836548094,13.687830127079597,13.464082033080558,13.609403610229492,18923000
2016-11-09,13.184208773268352,13.570962180907493,13.160372982878052,13.334142684936523,32506000
2016-11-10,13.357206839181453,13.417181269563976,12.556020603372295,12.912787437438965,51217000
2016-11-11,12.867428883382704,13.071185123363472,12.742867673597145,12.882037162780762,29793000
2016-11-14,12.79976039696281,12.899717301346996,12.534492858183693,12.592928886413574,28187000
2016-11-15,12.673663277573667,12.878957862894124,12.579858530201788,12.798224449157715,25380000
2016-11-16,12.786692047266172,12.930475273091568,12.744404157212163,12.90433406829834,13333000
2016-11-17,12.8674207954716,12.99582574547916,12.765157037773934,12.843585014343262,18100000
2016-11-18,12.821290178336206,13.006594259386858,12.821290178336206,12.929704666137695,19524000
2016-11-21,13.004282858893863,13.283390122818252,13.004282858893863,13.269550323486328,21384000
2016-11-22,13.357213839290843,13.641704997715573,13.325688933284265,13.61094856262207,31024000
2016-11-23,13.560195086669394,13.66783962455443,13.474079456361366,13.615555763244629,22123000
2016-11-25,13.592485367337867,13.610938922013835,13.499449123589262,13.590178489685059,8198000
2016-11-28,13.5371311498319,13.614789215494593,13.420259082738601,13.428716659545898,26570000
2016-11-29,13.367976242735335,13.607871120006035,13.334914399986367,13.490230560302734,18514000
2016-11-30,13.464854124618942,13.524828567259807,13.105013334962056,13.108857154846191,31249000
2016-12-01,13.071948348350068,13.108855467293703,12.395323211722003,12.516807556152344,46389000
2016-12-02,12.576783931085075,12.68058466917059,12.349960421908674,12.626762390136719,26945000
2016-12-05,12.764394044271347,12.810527218988396,12.486823592151113,12.773621559143066,21372000
2016-12-06,12.825903603641013,12.915096057461042,12.567555222283678,12.668280601501465,39184000
2016-12-07,12.668278961717386,12.959689140319824,12.584470212684428,12.959689140319824,32659000
2016-12-08,13.036577692809622,13.177285512841925,12.87972319396596,13.125768661499023,38361000
2016-12-09,13.91311573952525,13.986161499635516,13.601715070581024,13.770102500915527,75744000
2016-12-12,13.690138425085804,13.899276802744447,13.575573253043146,13.698596000671387,37194000
2016-12-13,13.743190068770373,13.989235525453875,13.686290993666024,13.797012329101562,69076000
2016-12-14,13.822531654826363,13.85887689795097,13.627662331440838,13.735149383544922,46795000
2016-12-15,13.78850380714811,14.011985268540165,13.653951802152388,13.919962882995605,38103000
2016-12-16,13.977189866486116,14.003480506661948,13.724323318173903,13.797012329101562,41541000
2016-12-19,13.847282986268977,14.028233472201114,13.77382107719508,13.9547700881958,22219000
2016-12-20,13.996526290113685,14.172835140974234,13.930023117234567,14.079268455505371,27352000
2016-12-21,14.207632015873365,14.227738276326944,14.056840962195837,14.09627914428711,21013000
2016-12-22,14.1395845539241,14.151183413096165,13.871253265590534,13.965594291687012,17557000
2016-12-23,13.923059587246442,14.07230488982571,13.892901676211158,14.069211959838867,8977000
2016-12-27,14.08236178237814,14.205315000535585,14.077721648692249,14.097827911376953,8283000
2016-12-28,14.123339983255864,14.151177824247064,13.906818689658897,13.933883666992188,14039000
2016-12-29,13.895993575511552,13.971002653119651,13.813252910975232,13.909139633178711,13671000
2016-12-30,13.947809427395342,13.988793340988552,13.611427765555293,13.669425010681152,25421000
2017-01-03,13.7869629107768,13.988790988987803,13.651636519879922,13.790828704833984,32098000
2017-01-04,13.784641209346823,13.84186409917781,13.662460892625962,13.692620277404785,23965000
2017-01-05,13.63539460793482,13.687205971742415,13.445939766182216,13.4768705368042,24861000
2017-01-06,13.47146368260249,13.679479146459832,13.401867573312725,13.65550708770752,23142000
2017-01-09,13.660142019033149,13.787733854182143,13.659367680384793,13.684886932373047,20265000
2017-01-10,13.72510117387164,13.976419109322846,13.679477130059322,13.963273048400879,30181000
2017-01-11,13.923060842349125,13.955540297465982,13.74597767899415,13.874343872070312,18787000
2017-01-12,13.771498366196688,13.849600394513487,13.563484403633607,13.83104133605957,23137000
2017-01-13,13.834133525155702,13.979511579476705,13.794696818619625,13.953993797302246,20902000
2017-01-17,13.8789845015635,13.8905833592075,13.730513518982361,13.850372314453125,26316000
2017-01-18,13.947029021540422,14.3112483766437,13.91919118195097,14.307382583618164,35642000
2017-01-19,14.313574972483186,14.451219980918596,14.281096986501726,14.349145889282227,45718000
2017-01-20,14.58422505459571,14.811570936575066,14.545559735430738,14.776000022888184,57623000
2017-01-23,14.77058640146896,14.810797446742477,14.570304038972672,14.769813537597656,33394000
2017-01-24,14.902817067849185,15.43793380534391,14.86879336136937,15.291781425476074,62008000
2017-01-25,15.459589013443017,15.6660572614173,15.313436603113198,15.657549858093262,60888000
2017-01-26,15.809117655011622,15.873300772035304,15.553159525928692,15.788238525390625,38820000
2017-01-27,15.881801288571621,15.913506404236939,15.7395161749171,15.907319068908691,25780000
2017-01-30,15.809886102338181,15.842364083816934,15.512944135980721,15.71477222442627,33234000
2017-01-31,15.656780504518306,15.656780504518306,15.377623158236961,15.427114486694336,26749000
2017-02-01,15.639765772518235,15.812208838993435,15.482014496603433,15.751118659973145,31184000
2017-02-02,15.618109390636834,15.854735500522915,15.543100306137692,15.778953552246094,22712000
2017-02-03,15.848551966234691,15.976143830026745,15.70007950300324,15.942118644714355,24367000
2017-02-06,15.941342144992875,15.980780318410234,15.798284186420387,15.973047256469727,18716000
2017-02-07,16.023317944891502,16.03800973610813,15.847007600703826,15.922789573669434,22840000
2017-02-08,15.927426709317658,16.142400863548,15.864790811301164,15.998568534851074,21069000
2017-02-09,16.03259570346033,16.060433556038287,15.746479688297267,15.878711700439453,27519000
2017-02-10,15.929747741127903,15.968411586704324,15.763490550273193,15.892629623413086,23842000
2017-02-13,15.990061701272044,16.01558095730786,15.865562776177645,15.984648704528809,12463000
2017-02-14,16.006307815296964,16.007082154412764,15.836957638274052,15.87794303894043,17357000
2017-02-15,15.91582713784343,16.002435086760197,15.836950777281935,15.928973197937012,17088000
2017-02-16,15.965319380677048,16.10141866016487,15.866338220588743,16.098325729370117,17188000
2017-02-17,16.16172914198115,16.270763397216797,15.993151932618176,16.270763397216797,30945000
2017-02-21,16.316394331076808,16.5189953285297,16.309434129952923,16.451719284057617,30333000
2017-02-22,16.47104670258297,16.62029201697412,16.35505370677652,16.560749053955078,23949000
2017-02-23,16.631891662608762,16.699942030654825,16.211223632543458,16.283912658691406,29364000
2017-02-24,16.113788039592585,16.28932547977687,15.667600757592911,16.26767349243164,27651000
2017-02-27,16.29086682346868,16.505840911362643,16.2537487194568,16.492694854736328,26991000
2017-02-28,16.55920680629043,16.57467293700739,16.262264766168126,16.31098175048828,27548000
2017-03-01,16.47646051424853,16.655863750936174,16.282365489501153,16.636531829833984,51155000
2017-03-02,17.330169983619932,17.39744600810498,16.704579504824224,16.80278778076172,71171000
2017-03-03,16.85769226610208,17.012350588699046,16.834494550164287,16.88243865966797,30747000
2017-03-06,16.731646567013875,16.898678090742337,16.638852750984732,16.85305404663086,22771000
2017-03-07,16.80665899127152,17.118294297928923,16.787327065348805,16.954357147216797,29129000
2017-03-08,16.952038110539046,17.10824219179989,16.900226721509807,16.983741760253906,24532000
2017-03-09,16.918011505847357,17.233512573092888,16.866974460047988,17.167783737182617,25675000
2017-03-10,17.223457358541992,17.50802758390357,17.223457358541992,17.503387451171875,39430000
2017-03-13,17.465493903187326,17.611644788333276,17.426828594335767,17.511117935180664,26669000
2017-03-14,17.38043520445458,17.49797540718322,17.28377412522424,17.348730087280273,22165000
2017-03-15,17.347188745992444,17.52659202579527,17.262899366832073,17.470914840698242,20727000
2017-03-16,17.515189525058346,17.54160088676497,17.211461828672547,17.272829055786133,27835000
2017-03-17,17.362935291044575,17.37769519024739,17.155530704625573,17.18116569519043,51635000
2017-03-20,17.181162264721532,17.29457433245848,17.150089734679735,17.185823440551758,17215000
2017-03-21,17.26350643911676,17.320988852255837,16.741499099322795,16.780338287353516,30557000
2017-03-22,16.78033719800846,16.96288462946635,16.731399290883484,16.889089584350586,19131000
2017-03-23,16.87666164603917,16.969877773104844,16.81218746682293,16.845590591430664,19223000
2017-03-24,16.93491955712797,17.198252301454197,16.91394574625052,17.009490966796875,23794000
2017-03-27,16.8432620855109,17.103487941308625,16.776457309655928,17.015710830688477,15358000
2017-03-28,16.973763708945018,17.2277756570243,16.961334396218632,17.163301467895508,17929000
2017-03-29,17.151644259480555,17.194368248239496,17.064643544404777,17.191261291503906,15927000
2017-03-30,17.237094020823474,17.435176238199666,17.000947505042642,17.092609405517578,34168000
2017-03-31,17.088721279839014,17.166401110928742,16.93646857384402,17.008710861206055,25897000
2017-04-03,17.011828386452,17.088731896678897,16.830058742965505,16.996292114257812,19210000
2017-04-04,16.94734366129941,17.12134654220518,16.924817117747402,17.008710861206055,12634000
2017-04-05,17.053772429742256,17.12834385363622,16.840930286739187,16.86656379699707,15690000
2017-04-06,16.83315633890542,16.970649159950973,16.74693200229008,16.895299911499023,14615000
2017-04-07,16.895305331329823,17.077074932030424,16.859573098990406,16.95356559753418,16412000
2017-04-10,16.86190630565934,17.015711832171213,16.798984852799702,16.935701370239258,17994000
2017-04-11,16.822286983319717,16.96521739715376,16.625757479095387,16.899188995361328,22219000
2017-04-12,16.75314888167404,16.78965895932748,16.191526041185735,16.25056266784668,61026000
2017-04-13,16.25134083621688,16.62109542181068,16.235028199276865,16.415245056152344,42579000
2017-04-17,16.49758393771738,16.651389415196242,16.482824040534624,16.613325119018555,14507000
2017-04-18,16.55040943026393,16.600901566946863,16.472729561894862,16.553516387939453,8486000
2017-04-19,16.606341786439806,16.687904994627605,16.565948366915304,16.594690322875977,12081000
2017-04-20,16.701109646721363,17.021150024977814,16.64052026198652,16.95046043395996,16916000
2017-04-21,16.889094502606437,16.95978261126086,16.791217178233776,16.907737731933594,14683000
2017-04-24,17.14309945255418,17.237091929824896,17.064643240304356,17.185823440551758,17531000
2017-04-25,17.246413743446794,17.40021921968118,17.240976198553962,17.338075637817383,14848000
2017-04-26,17.360610182888337,17.394788202686804,17.15708887581373,17.220008850097656,14726000
2017-04-27,17.31399826172544,17.40721439359054,17.24952407918961,17.32953453063965,11850000
2017-04-28,17.30934164670541,17.33342094170137,17.07164083855337,17.152427673339844,16490000
2017-05-01,17.251858229679122,17.26506391282076,17.082516419438612,17.192045211791992,15339000
2017-05-02,17.358271788890345,17.51673694780553,17.20601906159372,17.512853622436523,27277000
2017-05-03,17.439834335079045,17.570335398154146,17.365261452396304,17.470129013061523,18002000
2017-05-04,17.49809795536633,17.544706760777213,17.233988799471884,17.353614807128906,16245000
2017-05-05,17.474789657122056,17.593639259270443,17.40410158343975,17.590532302856445,23128000
2017-05-08,17.59597303412004,17.641026132712877,17.389344838156607,17.484113693237305,17448000
2017-05-09,17.526061432012593,17.819690351740597,17.45537334506065,17.746671676635742,19261000
2017-05-10,17.826685504024688,18.13196596628615,17.764541902245305,17.969615936279297,24433000
2017-05-11,17.919122272251876,18.010006330074123,17.729583059245464,17.950969696044922,14823000
2017-05-12,17.981266888781597,18.33626160050237,17.931551123891968,18.32927131652832,25852000
2017-05-15,18.302076207149366,18.635320600376446,18.254691049896362,18.567739486694336,29172000
2017-05-16,18.638433235724012,18.74330081958776,18.541333785659805,18.6959171295166,18128000
2017-05-17,18.487734094646004,18.563083360254033,17.95096836410736,17.95796012878418,31447000
2017-05-18,17.98903869975583,18.53590185396267,17.686087316301748,18.46133041381836,30699000
2017-05-19,18.387533113574516,18.40928330126817,18.025546576998337,18.184789657592773,35812000
2017-05-22,18.295869122374324,18.56386459284476,18.1941099621168,18.517255783081055,20419000
2017-05-23,18.51492270740986,18.559977291481374,18.31994743543527,18.37432289123535,13696000
2017-05-24,18.523470829938095,18.643873215501507,18.40772813996679,18.612024307250977,16392000
2017-05-25,18.72931758745638,18.76427344653462,18.544439570602126,18.709897994995117,19010000
2017-05-26,18.713006479020468,18.76738193499714,18.512593660815003,18.73708724975586,13120000
2017-05-30,18.681933478879554,18.751068832114303,18.5654144358801,18.629112243652344,29364000
2017-05-31,18.838845784199965,18.867586246810003,18.453554976882057,18.602699279785156,44830000
2017-06-01,18.76738673818839,18.788360557038725,18.162263320919802,18.22285270690918,63774000
2017-06-02,19.30647829176293,19.87198599746647,18.96546565674179,19.771778106689453,108613000
2017-06-05,19.730605944224738,19.94655500431731,19.435424298050535,19.59156036376953,39532000
2017-06-06,19.4797024392084,19.83469858712275,19.468050979662493,19.7197322845459,29653000
2017-06-07,19.70575206612845,19.874315987236898,19.650600238763236,19.75235939025879,29290000
2017-06-08,19.808288538634336,19.89373653193903,19.60010758268953,19.804405212402344,28273000
2017-06-09,19.847905022328984,19.885967841141294,18.75573029190183,18.902544021606445,58191000
2017-06-12,18.67416427313985,18.884675779613275,18.312954252101427,18.850496292114258,54872000
2017-06-13,19.02838961355225,19.257544427453006,18.77282343500794,18.871477127075195,30853000
2017-06-14,18.920415889849288,19.027614091338062,18.4589992836042,18.685047149658203,34509000
2017-06-15,18.3589639542172,18.682706271874675,18.353503251181507,18.565690994262695,27527000
2017-06-16,18.639020170011065,18.678026253502278,18.34258137512755,18.42995262145996,35819000
2017-06-19,19.09771744501159,19.09771744501159,18.749790408762976,18.812198638916016,28519000
2017-06-20,18.878503531180332,19.007219822929933,18.71078117531782,18.721702575683594,24429000
2017-06-21,19.00176322118783,19.183527204163507,18.872265738674553,19.121898651123047,34998000
2017-06-22,19.152325380426067,19.22253482871209,18.962760167639736,19.037649154663086,18666000
2017-06-23,18.998641214019383,19.25841582924647,18.940132854796758,19.1328182220459,34985000
2017-06-26,19.189766270490384,19.33876602357645,18.816096631373593,18.93701171875,32103000
2017-06-27,18.828586452486082,18.877732781241015,18.35038359732742,18.358184814453125,33582000
2017-06-28,18.456475775866036,18.85744907411295,18.293434370332857,18.804401397705078,24533000
2017-06-29,18.621071063270964,18.642132702983496,17.98684564874978,18.25754165649414,34513000
2017-06-30,18.43150877498652,18.46427298403305,18.16549226336225,18.180315017700195,26534000
2017-07-03,18.294213681445246,18.351161220959025,17.87061790559549,17.923664093017578,21123000
2017-07-05,18.020392433521604,18.124145754094926,17.872952016356386,18.067977905273438,29699000
2017-07-06,17.75204097547703,18.389385285722646,17.747359948356166,18.33555793762207,26334000
2017-07-07,18.35584021839261,18.73730968187407,18.3534997049824,18.69284439086914,24731000
2017-07-10,18.76227255832011,18.873827101781696,18.629654883901484,18.860565185546875,22499000
2017-07-11,18.878505523366474,18.925311317312023,18.674897269448135,18.791913986206055,20502000
2017-07-12,18.956519968115927,19.282604242518293,18.80518114257514,19.223316192626953,27710000
2017-07-13,19.277915210532665,19.49244334875982,19.233449935542684,19.29273796081543,20400000
2017-07-14,19.395719135876178,19.533797527656006,19.33487024923046,19.52521514892578,14417000
2017-07-17,19.564216281067154,19.686692210649074,19.41365568477574,19.426137924194336,18746000
2017-07-18,19.288844216469993,19.575142730577657,19.19523260444296,19.57124137878418,13003000
2017-07-19,19.658606279865197,19.856752317347272,19.54549092973519,19.8458309173584,25526000
2017-07-20,19.853639673759123,19.892644263417463,19.685917259954753,19.77016830444336,12135000
2017-07-21,19.62194211951838,19.77718224291751,19.538470776007046,19.74519920349121,15504000
2017-07-24,19.759241811472545,19.789665502605057,19.634425371195647,19.73895835876465,13638000
2017-07-25,19.72101654418219,19.846612657121554,19.51662862263495,19.838031768798828,16123000
2017-07-26,19.868459876916237,20.141496453681423,19.862999175139528,20.0494441986084,19971000
2017-07-27,20.1430553193928,20.16489961390381,19.42068037612263,19.57670021057129,32010000
2017-07-28,19.4183443976061,19.589966701957323,19.30756950067569,19.53145980834961,31919000
2017-07-31,19.579042916332096,19.693719151655714,19.148425625310807,19.24203872680664,18902000
2017-08-01,19.364510938896515,19.502589306899672,19.265437154335366,19.37699317932129,17582000
2017-08-02,19.8614374474157,20.070506431688568,19.585282182494407,19.764705657958984,36970000
2017-08-03,19.72180191387306,19.736623181995764,19.286503605158916,19.52521514892578,23447000
2017-08-04,19.56031160210208,19.57825453922657,19.355925195913215,19.437835693359375,13454000
2017-08-07,19.45500786321566,19.728044488525306,19.416782943982497,19.69293975830078,18730000
2017-08-08,19.6570511789838,19.837255819321108,19.535354905907468,19.608684539794922,20439000
2017-08-09,19.46591886736117,19.530667590465022,19.309119409933857,19.437835693359375,21256000
2017-08-10,19.24204051852948,19.26856435708388,18.75837551030245,18.777877807617188,29033000
2017-08-11,18.726385439093498,19.131259975300267,18.62107276710669,19.047788619995117,16976000
2017-08-14,19.257636895104994,19.60010171107214,19.190547644546072,19.573577880859375,16736000
2017-08-15,19.745987659398097,19.81931730968824,19.60166887258334,19.79045295715332,20942000
2017-08-16,19.839595740214566,19.87236143915191,19.643790149307765,19.769386291503906,15394000
2017-08-17,19.736622244569446,19.83413520326382,19.241257723780134,19.264659881591797,22793000
2017-08-18,19.294303916871336,19.618047654152846,19.200692309704642,19.453445434570312,20126000
2017-08-21,19.65002720173861,19.65002720173861,19.2045887520809,19.472944259643555,20693000
2017-08-22,19.64535505346584,19.98547947581496,19.580606293188904,19.907468795776367,26917000
2017-08-23,19.808394625215282,20.19766682598091,19.76704951917341,20.04242515563965,27928000
2017-08-24,20.178940204715513,20.232767543386927,19.588401805336265,19.896541595458984,52119000
2017-08-25,19.678114836981695,19.845837240494564,19.017366951273797,19.158565521240234,69099000
2017-08-28,19.27167985352607,19.318485653270404,18.917512447360707,18.97602081298828,34174000
2017-08-29,18.82312542804819,19.0797799617627,18.724832772215823,18.857450485229492,33536000
2017-08-30,18.844186361800375,19.217076455623417,18.791138687625445,19.19211196899414,21924000
2017-08-31,19.23891551478971,19.699956433373462,19.15544415572502,19.664072036743164,29491000
2017-09-01,19.68435605160216,19.919167724099623,19.682015538197906,19.715560913085938,23242000
2017-09-05,19.511951932565115,19.715560224396192,19.270120216232076,19.428482055664062,24306000
2017-09-06,19.55017723399298,19.6047842486829,19.323166797556688,19.4542236328125,13996000
2017-09-07,19.486206839069354,19.502588942360322,19.200689544028414,19.23345375061035,16088000
2017-09-08,19.184314230255346,19.221759479056747,18.96432525345974,19.043115615844727,18094000
2017-09-11,19.27480139355812,19.365292811134076,19.19133002807489,19.3262882232666,16878000
2017-09-12,19.47606907465636,19.482310939986828,19.151545642943056,19.279483795166016,18396000
2017-09-13,19.176506270637756,19.33954762888777,19.12423828464989,19.209270477294922,29664000
2017-09-14,19.08289588133017,19.30834549663188,18.975241194021585,19.264659881591797,28645000
2017-09-15,19.317702107747422,19.595418150241528,19.12111540752152,19.54549217224121,50066000
2017-09-18,19.664549181309116,19.80397628441052,19.473426301970996,19.568204879760742,25743000
2017-09-19,19.67395187284257,19.727214873273347,19.451496563366206,19.563507080078125,22088000
2017-09-20,19.561947687025203,19.57291373425211,18.63139491515666,19.026958465576172,57010000
2017-09-21,18.991711847689476,19.010511000811235,18.656463022706824,18.828786849975586,28620000
2017-09-22,18.66899406110259,18.85776844718797,18.651762127257136,18.739490509033203,23100000
2017-09-25,18.57891733779075,18.627481694823693,18.135573731796324,18.447324752807617,38692000
2017-09-26,18.6329617697265,18.795103888282224,18.43165562441437,18.585180282592773,39010000
2017-09-27,18.75986026501524,19.008163602101572,18.68779658554449,18.84445571899414,26489000
2017-09-28,18.760636790808856,19.062204549733686,18.759853928669575,19.029306411743164,21932000
2017-09-29,19.02930298913119,19.134263269362293,18.917290974867992,18.997970581054688,17319000
2017-10-02,19.21494357717443,19.21494357717443,18.779433248286395,18.835830688476562,19431000
2017-10-03,18.805289005835995,18.873435380977604,18.633748027444213,18.759859085083008,25611000
2017-10-04,18.70345648052984,18.981524929172707,18.603977710406557,18.955677032470703,23271000
2017-10-05,19.055150594104525,19.248623579626642,18.984654171005918,19.086483001708984,22811000
2017-10-06,18.82252038342156,19.24941487996271,18.82252038342156,19.24863052368164,17489000
2017-10-09,19.268996997979336,19.366908566572715,19.221215507092595,19.301895141601562,16551000
2017-10-10,19.388839793303013,19.438187006524583,19.037141920810612,19.268213272094727,15348000
2017-10-11,19.207115944058703,19.673958815099944,19.20163292028497,19.613645553588867,26603000
2017-10-12,19.61521034691543,19.682573847514252,19.44758520463712,19.483617782592773,20067000
2017-10-13,19.594062551112927,19.64810992799565,19.38414042377948,19.422521591186523,15257000
2017-10-16,19.47108099420031,19.54079456283608,19.239226830147846,19.32147216796875,14899000
2017-10-17,19.256460589978275,19.264293693469263,18.98230794384067,19.004240036010742,26965000
2017-10-18,19.059855053913804,19.160116689250906,18.78335232107053,19.112335205078125,19905000
2017-10-19,18.863249154412696,19.141317612648844,18.670558986667846,19.135051727294922,25844000
2017-10-20,19.344187142362586,19.34732157867406,19.09353383023269,19.131132125854492,23548000
2017-10-23,19.204765100294008,19.24158054074751,19.01129205738808,19.133485794067383,23418000
2017-10-24,19.196148003925174,19.43661816401107,19.120951403006643,19.40058708190918,22887000
2017-10-25,19.259594831142444,19.498499274684505,19.130352349856373,19.25489616394043,20955000
2017-10-26,19.36847189609287,19.413903300529878,19.093536376953125,19.093536376953125,24446000
2017-10-27,19.15698638820103,19.816517971487624,19.017559215296654,19.80946922302246,44753000
2017-10-30,19.840792496446753,20.537922116074295,19.838442416527343,20.461942672729492,50202000
2017-10-31,20.561424469437142,20.8904073207086,20.46742872878318,20.6718692779541,32845000
2017-11-01,20.6977188423942,20.80737930365957,20.121998432727537,20.30998992919922,27333000
2017-11-02,20.535580495334706,20.729055050279097,19.493801440613552,20.32644271850586,67196000
2017-11-03,20.681264325922992,21.775523051935444,20.139226553564676,21.433225631713867,120503000
2017-11-06,21.7990264089622,22.07317903489542,21.15124388751609,21.737930297851562,78088000
2017-11-07,21.3478502854803,21.50137641656879,20.95620409569953,21.252288818359375,36789000
2017-11-08,21.096415299591193,21.448113131865068,20.932707469811696,21.336885452270508,30254000
2017-11-09,21.042369315354872,21.18022925719113,20.561427484346083,20.80738067626953,30980000
2017-11-10,20.81912564558343,20.88570477150624,20.64758474576898,20.754112243652344,20338000
2017-11-13,20.561425879340927,20.83401130491128,20.48701363781229,20.758031845092773,28064000
2017-11-14,20.624091271127778,20.802682461434888,20.464299232116776,20.62095832824707,19718000
2017-11-15,20.545762339255447,20.913910777999302,20.211296399016074,20.804248809814453,29032000
2017-11-16,20.898242446028775,21.513126889194666,20.84419507667375,21.314170837402344,31000000
2017-11-17,21.287535941030196,21.314168191320825,21.025916586554,21.294586181640625,24069000
2017-11-20,21.354119626851194,21.677619515638515,21.257775282031155,21.531145095825195,28639000
2017-11-21,21.62670177456218,21.791975309289406,21.53348889937084,21.665082931518555,20903000
2017-11-22,21.698772999042458,21.752820383802735,21.475534710518282,21.569530487060547,18642000
2017-11-24,21.671351487814512,22.166392278994845,21.658818223299008,22.11861228942871,11572000
2017-11-27,21.9525531417269,22.377098993775608,21.914171979588243,22.294069290161133,26230000
2017-11-28,22.31286919688404,22.316002139652994,21.684668604348733,21.728532791137695,26796000
2017-11-29,21.77552964356635,21.78649569012403,20.74706686565881,21.266389846801758,47231000
2017-11-30,21.288321136076828,21.802943936688262,21.1559457202038,21.770830154418945,31452000
2017-12-01,21.556991114420736,21.5804904254049,20.68283736317216,21.271089553833008,47729000
2017-12-04,21.455162442427994,21.502942429624454,20.376568187822155,20.64837074279785,48439000
2017-12-05,20.573960659558473,20.844978886808164,20.40085249731768,20.494848251342773,38117000
2017-12-06,20.273955108406295,20.711815536828095,19.911291270243456,20.67030143737793,48751000
2017-12-07,21.531923307050867,21.595369496324636,20.49641044291275,20.67030143737793,79282000
2017-12-08,20.817560692846193,20.90920635272342,20.310771040249392,20.358551025390625,41848000
2017-12-11,20.31391093308736,20.643676757443874,20.270829599703536,20.361692428588867,34941000
2017-12-12,20.31547598226073,20.43453528910119,20.030357246434345,20.263778686523438,28541000
2017-12-13,20.397716232308625,20.623304511215085,20.37969994663471,20.524608612060547,26943000
2017-12-14,20.54889477471849,20.600592067553485,20.107118451951038,20.313907623291016,37595000
2017-12-15,20.494847670216423,20.83557946762385,20.229310979885106,20.814430236816406,45091000
2017-12-18,20.82231434006709,21.013914730986794,20.704829933051005,20.846755981445312,29786000
2017-12-19,20.76081445507701,20.917722534603058,20.600752663467862,20.792354583740234,19094000
2017-12-20,20.98474146972785,21.00129958366593,20.7198101428027,20.945316314697266,19845000
2017-12-21,20.969765930722243,20.993421031040345,20.584985923945784,20.62125587463379,17758000
2017-12-22,20.644124160116615,20.766339938780817,20.398118002157418,20.685914993286133,14617000
2017-12-26,20.28220714533898,20.68591243926526,19.979429678810636,20.350805282592773,22256000
2017-12-27,20.409151148758784,20.627560378035714,20.38234233964553,20.431228637695312,35615000
2017-12-28,20.51322776836702,20.563690162165717,20.386280724111735,20.533727645874023,13641000
2017-12-29,20.482477872393478,20.654367957390814,20.235682240666513,20.256183624267578,17980000
2018-01-02,20.48247510752861,21.09197460263987,20.30900894192595,21.0533390045166,33135000
2018-01-03,21.075420737776543,21.34665953513873,20.97607203686032,21.283580780029297,31161000
2018-01-04,21.414469875940476,21.427874280757976,21.16530856458185,21.290678024291992,19067000
2018-01-05,21.44442500771504,21.624988128615936,21.245726167977672,21.416828155517578,28633000
2018-01-08,21.36163676309549,21.490159913680245,21.21497939435055,21.468082427978516,20971000
2018-01-09,21.53037856232045,21.59266927154127,21.1463866213288,21.17082977294922,26027000
2018-01-10,20.97213046994796,20.984746823559732,20.55817601196803,20.723758697509766,31607000
2018-01-11,20.78210399739671,20.804181486006986,20.622830257017974,20.77658462524414,17726000
2018-01-12,20.767914834400614,20.92009161875157,20.659103478185287,20.838878631591797,19881000
2018-01-16,20.909045090135983,21.05255023936209,20.63149893379169,20.756868362426758,33528000
2018-01-17,20.93270000656099,21.0154905704704,20.536879899621667,20.95871925354004,37365000
2018-01-18,20.931126217293137,21.293830164835462,20.853855010214716,21.27332878112793,30319000
2018-01-19,21.22208016185145,21.244945703576768,20.979226271865535,21.004457473754883,29963000
2018-01-22,20.946110305726364,21.034420265428444,20.549502035243492,20.6669864654541,27230000
2018-01-23,20.637811483465995,20.84833718854977,20.351592173620485,20.729276657104492,35398000
2018-01-24,20.57709762921711,20.758448857830917,20.185220703279366,20.25303077697754,45405000
2018-01-25,20.322412390682693,20.330297421101502,19.47557997539075,19.498445510864258,59520000
2018-01-26,19.666394602107818,19.78703272421306,19.336808413122988,19.774417877197266,49014000
2018-01-29,19.57651100245741,19.67191794588002,19.198828001108854,19.354948043823242,50401000
2018-01-30,19.02220114510572,19.32024868778749,18.687883664403365,19.000911712646484,46002000
2018-01-31,19.712130923648765,19.959714638357976,19.306849559983863,19.556798934936523,80482000
2018-02-01,19.059264619549257,19.388850849892723,18.773831863217683,18.828237533569336,66851000
2018-02-02,18.668957904409165,18.762787202922322,18.457644217844244,18.567243576049805,58352000
2018-02-05,18.50416981480946,19.239037348573852,17.94592218454234,17.9853458404541,70776000
2018-02-06,17.78980710223692,18.9551889822991,17.733035758665938,18.953611373901367,77744000
2018-02-07,18.825867996139603,19.168070508518642,18.687095666637386,18.717058181762695,40475000
2018-02-08,18.717858411211306,18.806956458741144,18.096531723978362,18.10126304626465,43200000
2018-02-09,18.355145363601704,18.696559880312925,17.839476602460422,18.568824768066406,43282000
2018-02-12,18.754909954059467,19.355736543934466,18.726525037969427,19.270580291748047,35063000
2018-02-13,19.003282498611036,19.399102723871195,18.92837694276596,19.385698318481445,23719000
2018-02-14,19.317884600559267,19.6056814763834,19.19803453065005,19.52762222290039,25491000
2018-02-15,19.655357864350083,19.857210476356304,19.27294358065989,19.856422424316406,25540000
2018-02-16,19.812269165511346,19.899001518820906,19.557588470340328,19.624608993530273,32639000
2018-02-20,19.613568926523065,20.164719600201316,19.516585886677483,19.682167053222656,41693000
2018-02-21,19.908459892493937,19.985731092193188,19.589910950845493,19.603315353393555,28156000
2018-02-22,19.64274491296626,19.956561101588047,19.575722885199735,19.660879135131836,19342000
2018-02-23,19.880865896854477,20.108737765136638,19.734995055625586,20.004657745361328,18280000
2018-02-26,19.866671899371603,20.062217090049234,19.790978296713664,19.944732666015625,28878000
2018-02-27,19.876920626230117,20.159198136035858,19.84459244833095,19.854843139648438,21176000
2018-02-28,20.033834797169273,20.066161478576838,19.395160635732797,19.433008193969727,28834000
2018-03-01,19.385693972158403,19.64274026933608,19.026933331160777,19.184629440307617,26044000
2018-03-02,18.957542891334565,19.805164805923383,18.94177433546355,19.78072166442871,27402000
2018-03-05,19.704240317828603,19.817782953903155,19.193301463324747,19.474002838134766,25900000
2018-03-06,19.657721959191033,19.81463002585576,19.500813892526303,19.787822723388672,30030000
2018-03-07,19.608837741767832,19.66482102030741,19.2650590538408,19.47952651977539,31549000
2018-03-08,19.574939261957212,19.578092975051007,19.390432758762447,19.471647262573242,33554000
2018-03-09,19.600163079053633,20.049599359636048,19.52525753359524,20.010175704956055,30782000
2018-03-12,20.551866381164682,20.839663287801017,20.47065190332299,20.724544525146484,53881000
2018-03-13,21.007606197429187,21.592662541862744,20.518746325214035,20.596805572509766,66855000
2018-03-14,20.658311394360762,20.68511869818119,20.118197987378444,20.547134399414062,39619000
2018-03-15,20.79471694914746,21.202363903127225,20.776582730252215,21.112476348876953,57990000
2018-03-16,20.737161019348353,20.784471216132104,20.059852793964662,20.09612274169922,113955000
2018-03-19,19.956554217490435,20.223851176402817,19.142049999499516,19.313940048217773,71267000
2018-03-20,19.32577101342944,19.558374190506647,19.024569713208518,19.109725952148438,61918000
2018-03-21,19.247333114135227,20.04817148067609,19.20573106161546,19.680953979492188,54912000
2018-03-22,19.36333670198101,19.738556282974532,19.320935052081595,19.486543655395508,43078000
2018-03-23,19.47134328812561,19.618550435742957,19.233732588554354,19.39933967590332,59070000
2018-03-26,19.814558178536643,19.907362042979123,19.241730800121676,19.819358825683594,48713000
2018-03-27,19.847357373998513,20.340980111559475,19.328931804849333,19.5505428314209,63917000
2018-03-28,19.527344122187316,19.755355015315743,18.84891016298306,18.935314178466797,41744000
2018-03-29,19.04812193585427,19.2681322791161,18.781708895055004,18.85291290283203,46874000
2018-04-02,18.7169073961338,18.890515052404563,18.036074536938305,18.215282440185547,53088000
2018-04-03,18.469693363199063,18.959316645847082,18.17767942743831,18.943315505981445,45569000
2018-04-04,18.40489026749548,19.03452127140284,18.360889419252764,18.96011734008789,37720000
2018-04-05,19.26173682523765,19.335339647539126,18.80091424558798,18.905719757080078,35798000
2018-04-06,18.699302766197718,18.924113737278375,18.221679593292606,18.310483932495117,30248000
2018-04-09,18.39928958824734,19.173727388403755,18.341687924282805,18.780109405517578,37494000
2018-04-10,19.16572764212772,19.325736001236844,19.013721379522135,19.18092918395996,33244000
2018-04-11,19.050522107063145,19.258532356140215,18.96731800743232,19.226530075073242,19922000
2018-04-12,19.315333664468834,19.41213857716477,18.968916462660893,19.15532684326172,41036000
2018-04-13,20.000964719534636,20.160973047671916,19.59294485614183,19.756153106689453,48312000
2018-04-16,19.92816244692529,19.9921654759495,19.65534959293281,19.950563430786133,25172000
2018-04-17,20.072168504152156,20.228975382275607,19.97216368160741,20.14017105102539,25084000
2018-04-18,20.080974328445276,20.134576476745604,19.79776051797913,19.968168258666992,20511000
2018-04-19,19.484142263946357,19.703352998552603,19.25373103654828,19.429738998413086,50141000
2018-04-20,19.29853968748414,19.328941253578037,18.801715258756083,18.970523834228516,41530000
2018-04-23,19.04011682779826,19.066518856192868,18.57049429556851,18.676898956298828,31337000
2018-04-24,18.860116558557266,18.8905181222204,18.136082330434814,18.2720890045166,44889000
2018-04-25,18.32088851928711,18.48889746357479,18.069676991123842,18.32088851928711,34023000
2018-04-26,18.48089480882794,18.551297691533094,18.26488398736196,18.434492111206055,32751000
2018-04-27,18.686505901218354,18.736908124178743,18.456894248445934,18.623302459716797,27211000
2018-04-30,18.60730253676335,18.730509504689152,18.266487047007747,18.354490280151367,39682000
2018-05-01,18.468892581034794,18.468892581034794,18.10967568231038,18.431291580200195,44947000
2018-05-02,18.664902202564573,18.676102695169597,18.14487736967788,18.300085067749023,52950000
2018-05-03,18.12007735823757,18.231282693050048,17.81526218657431,18.020872116088867,58011000
2018-05-04,17.89286289263678,18.56809535312071,17.759256594520554,18.442489624023438,51303000
2018-05-07,18.50489262391542,18.95291535015801,18.480892441905954,18.878511428833008,36953000
2018-05-08,18.860110283960253,19.117723126988988,18.786507486496383,19.108922958374023,40149000
2018-05-09,18.864912858742837,19.13132589761289,18.724906693849906,19.044921875,35031000
2018-05-10,19.179326135555463,19.499341289045436,19.089722197768793,19.481740951538086,25747000
2018-05-11,19.447338091505255,19.560943727613186,19.32893180889844,19.471338272094727,24052000
2018-05-14,19.70335711745648,19.874564467928476,19.504946602578443,19.581750869750977,27580000
2018-05-15,19.3857381451949,19.556145860600353,19.080922990384863,19.327335357666016,24984000
2018-05-16,19.372138039899536,19.377738286498932,19.12012541697406,19.241731643676758,29330000
2018-05-17,19.050524318523944,19.333738129841684,19.040923022708196,19.15692901611328,22825000
2018-05-18,19.189729814419543,19.250532931302445,18.87131381304915,18.880115509033203,25262000
2018-05-21,19.157724056411734,19.240928145900835,18.93451381920181,19.124923706054688,25720000
2018-05-22,19.22013006495661,19.310533608887855,19.007319170347948,19.080123901367188,19218000
2018-05-23,18.899317880537964,19.25133541622113,18.88331826260701,19.24573516845703,23454000
2018-05-24,19.269734517576698,19.549748397343564,19.200930828088314,19.48334503173828,22799000
2018-05-25,19.52414443844701,20.055371321892693,19.52414443844701,20.003368377685547,32214000
2018-05-29,19.892162075974785,20.089771423200883,19.87856125966094,19.976165771484375,28281000
2018-05-30,20.09537318355427,20.163375744294108,19.947366443274248,19.952966690063477,26844000
2018-05-31,19.941763511625787,20.42418579577045,19.920961725807697,20.166574478149414,34698000
2018-06-01,20.350587825587667,20.617000900991687,20.204180268827532,20.508195877075195,26360000
2018-06-04,20.640998932732213,20.749805471234378,20.499392038778687,20.67060089111328,25886000
2018-06-05,20.757805646260252,20.90901384347049,20.6442015059659,20.741806030273438,42374000
2018-06-06,20.860213719767916,21.10342622803029,20.7778107266276,21.082624435424805,37465000
2018-06-07,21.041020925118023,21.319435626153123,21.034621078274498,21.17542839050293,46077000
2018-06-08,20.540193755063886,20.795406299937316,20.30018275144673,20.638599395751953,73694000
2018-06-11,20.629796559678784,20.94501260100439,20.506591141773814,20.867408752441406,31859000
2018-06-12,20.827413476027598,20.939418433913275,20.673005333268257,20.915416717529297,27594000
2018-06-13,20.941814998128,21.286631507382566,20.857809768843442,21.087421417236328,34868000
2018-06-14,21.20103213235121,21.526647654740298,21.1290285049198,21.477846145629883,37042000
2018-06-15,21.60424807218913,21.745854980010034,21.307433437902638,21.619449615478516,60969000
2018-06-18,21.5210464102109,21.5210464102109,21.13942842325379,21.161029815673828,30191000
2018-06-19,20.75563830992559,21.171562232930217,20.605646827682925,21.156967163085938,36221000
2018-06-20,21.201561092382285,21.405875073998264,21.139942614536444,21.17885971069336,24951000
2018-06-21,21.208051529895613,21.28831669980682,20.953469722578788,21.051572799682617,18186000
2018-06-22,21.175620721549507,21.201564941559113,20.99563027895797,21.056438446044922,52412000
2018-06-25,20.789690059133694,20.789690059133694,20.304039813449243,20.465383529663086,29705000
2018-06-26,20.512416855277024,20.64295139835474,20.31377968644437,20.394044876098633,24233000
2018-06-27,20.438633533837745,20.687540009797235,20.0137913124934,20.03487205505371,24720000
2018-06-28,19.967574362054464,20.05189422318274,19.64245593041435,19.855688095092773,33238000
2018-06-29,20.021901114805843,20.021901114805843,19.666785208854098,19.672460556030273,42794000
2018-07-02,19.465710755787203,19.63840364114673,19.24923574788867,19.62462043762207,33369000
2018-07-03,19.730834173860988,19.733266686172463,19.377338948635543,19.40085220336914,11591000
2018-07-05,19.603541767475594,19.913254828076767,19.513546554447977,19.896228790283203,25299000
2018-07-06,19.855690097448203,20.155674665364707,19.816772996631208,20.081083297729492,23112000
2018-07-09,20.18810594629305,20.206754176093966,19.906769587455564,20.060815811157227,17955000
2018-07-10,20.134594297258925,20.41512031995694,20.030005553388147,20.314584732055664,16413000
2018-07-11,19.85974468679688,20.069732491369777,19.670024207997105,19.73731803894043,35761000
2018-07-12,16.789364891971623,17.048810110931324,16.009407045247432,17.024486541748047,435083000
2018-07-13,17.228801048730844,17.350415805674075,16.369388347061093,16.414791107177734,161678000
2018-07-16,16.34507203646757,16.732619405893107,16.25831963282285,16.478849411010742,102277000
2018-07-17,16.394524537916848,16.95233216388448,16.378308822339523,16.88909149169922,110827000
2018-07-18,16.800716717926143,17.016381382640606,16.752881444454616,16.927196502685547,80834000
2018-07-19,16.887472541906757,17.146107509569447,16.867203668609886,17.05611228942871,63247000
2018-07-20,17.034219661690628,17.124214873567624,16.925576222099966,17.052867889404297,62893000
2018-07-23,17.059353118286232,17.72661449327202,17.058542796446066,17.570947647094727,82211000
2018-07-24,17.658514190251175,17.86850202734804,17.512575813621783,17.621217727661133,81158000
2018-07-25,17.6512173483217,18.538196790526634,17.6512173483217,18.320911407470703,92271000
2018-07-26,18.363881313407376,18.62900198122136,17.964172960188495,18.094707489013672,85069000
2018-07-27,18.16199908692816,18.590085705408512,17.842557473299085,17.922012329101562,79443000
2018-07-30,17.92687339980315,18.487113516103964,17.922008376034764,18.257665634155273,75275000
2018-07-31,18.378474803253834,18.55360178616646,17.961740409731476,17.980388641357422,63860000
2018-08-01,18.101190118374618,18.156321389247523,17.528788936926865,17.577434539794922,42669000
2018-08-02,17.37231669480447,17.69581309011432,17.289618984425033,17.540956497192383,40312000
2018-08-03,17.492301402828822,17.674722769471988,17.38284765499358,17.659318923950195,24832000
2018-08-06,17.563649671352024,17.699857965043446,17.501220870076786,17.5895938873291,22638000
2018-08-07,17.77364743338868,17.98606783211628,17.60500762993329,17.86202049255371,29798000
2018-08-08,17.88066078684585,17.936602376001222,17.751748478479026,17.7930965423584,15801000
2018-08-09,17.849039647709336,17.857147505385772,17.507707035534825,17.55959701538086,27563000
2018-08-10,17.253936040046288,17.389334007284837,17.063405262629235,17.206911087036133,37017000
2018-08-13,17.15988879804628,17.348797397766816,17.06259605210519,17.11367416381836,29842000
2018-08-14,17.15421667797226,17.15421667797226,16.769912192260165,16.807207107543945,36327000
2018-08-15,16.631267277689762,16.829904367434477,16.439926176963468,16.748828887939453,41132000
2018-08-16,16.845312975003143,16.933686006798084,16.757750265161416,16.919902801513672,29239000
2018-08-17,16.861525615285863,17.122591506843378,16.662076655662414,16.9669246673584,39093000
2018-08-20,16.983952434919356,17.026112369328814,16.690455084244803,16.760181427001953,54489000
2018-08-21,16.825038030778508,17.142857320356022,16.791796285698915,17.06745719909668,29952000
2018-08-22,17.062597547417113,17.164753779796104,16.817745790624382,16.826663970947266,26890000
2018-08-23,16.842064748300636,16.951518487161998,16.643426137830286,16.668560028076172,35578000
2018-08-24,16.730179332609016,16.966923177898483,16.594781375053007,16.945032119750977,20541000
2018-08-27,17.046382720822592,17.38041939112041,16.91503942845209,17.26691246032715,28213000
2018-08-28,17.40149859508049,17.509331725800443,17.23448103306149,17.385284423828125,24340000
2018-08-29,17.416087706298796,17.496352852370453,17.305822101037286,17.430681228637695,18125000
2018-08-30,17.429059648650227,17.588781171115926,17.399872602951262,17.565269470214844,26529000
2018-08-31,17.51500636190138,17.7817476385707,17.500411288742328,17.758235931396484,27623000
2018-09-04,17.72255708095094,17.860387547071927,17.60418516092831,17.79066276550293,36663000
2018-09-05,17.832825036287883,17.982816533540863,17.802826118271007,17.952007293701172,37194000
2018-09-06,17.958493322466893,18.065514569028576,17.343932249784203,17.51013946533203,62509000
2018-09-07,18.177400589497932,19.086270850935183,18.16118487444412,18.856822967529297,104703000
2018-09-10,19.025462260274487,19.535434579725116,18.813852286803616,19.507869720458984,60880000
2018-09-11,19.271935320009593,19.434087820421656,18.680075677995152,18.854389190673828,60755000
2018-09-12,18.49360295332097,18.71656366688903,18.06632975682119,18.638731002807617,53077000
2018-09-13,18.946820800074764,19.39517625956201,18.738453626660892,19.08708381652832,43757000
2018-09-14,19.066002038037993,19.222479204175382,18.946818233088994,19.161672592163086,28095000
2018-09-17,19.45841240008106,19.482735972290804,18.997085674821264,19.03924560546875,36739000
2018-09-18,19.19608468013859,19.71887116860363,19.185465170609653,19.582456588745117,50511000
2018-09-19,19.642901925045294,19.80790626857409,19.58572079827391,19.7507266998291,31160000
2018-09-20,19.84874743389784,20.09788830709913,19.74500780923094,20.007217407226562,39986000
2018-09-21,20.121573884628717,20.32088749170969,20.027635815951005,20.266157150268555,135321000
2018-09-24,20.262078993231118,20.42953412714102,20.201632237769097,20.37643814086914,45326000
2018-09-25,20.338047199833156,20.368269799131635,20.078286778890792,20.22940444946289,47037000
2018-09-26,20.065211424293505,20.262074263086294,19.996595951728853,20.048057556152344,33428000
2018-09-27,20.06929896296707,20.24818999121879,20.00558347510919,20.131380081176758,29572000
2018-09-28,20.05704773629078,20.173857652695947,19.91899880343389,20.154253005981445,26739000
2018-10-01,20.24818884527511,20.596169338274535,20.231034976058496,20.381336212158203,27709000
2018-10-02,20.351110082329004,20.56104163739795,20.251454057801574,20.266157150268555,24888000
2018-10-03,20.324156146314756,20.53000257183196,20.17957287019024,20.37398338317871,19607000
2018-10-04,20.148534917669416,20.399308619967794,20.11095999422245,20.271879196166992,25660000
2018-10-05,20.289854580863267,20.425451202940955,19.800557852492037,19.950042724609375,33860000
2018-10-08,19.874885370059054,20.047242022709764,19.635547611382524,19.716415405273438,33397000
2018-10-09,19.65270338077028,20.072566564269323,19.634733104395885,19.98843002319336,24675000
2018-10-10,19.843845004305717,20.018652433912365,18.921616546220935,18.937137603759766,56327000
2018-10-11,18.94857493307357,19.245092279730482,18.558117944456274,18.697799682617188,37424000
2018-10-12,19.176477874344968,19.250811316634387,18.71495460301194,19.028627395629883,32589000
2018-10-15,18.871795497833894,19.22304328375692,18.790926118616287,18.989421844482422,30099000
2018-10-16,19.277763213899533,19.503214257016435,19.12909481044378,19.467273712158203,30355000
2018-10-17,19.583275709012362,19.583275709012362,19.107865666326134,19.373342514038086,20262000
2018-10-18,19.23120601888425,19.34474875116163,18.50420596997455,18.625917434692383,37442000
2018-10-19,18.787659316840298,18.876695874160557,18.536885555837273,18.647159576416016,32231000
2018-10-22,18.833402497257584,18.986154556462505,18.627556002264072,18.6749324798584,25619000
2018-10-23,18.20033669962028,18.750080096823318,17.87441159063704,18.710054397583008,35990000
2018-10-24,18.49358153979092,18.494399503435744,17.79435505567796,17.865421295166016,37810000
2018-10-25,17.96099844634187,18.247714254537282,17.901368101948105,18.153776168823242,35193000
2018-10-26,17.608930667267646,17.753513941791,17.088595094946417,17.411252975463867,53324000
2018-10-29,17.659584532547395,17.863798244517547,17.009368460025126,17.276479721069336,28636000
2018-10-30,17.46271541317809,18.098228103557066,17.23562996578925,18.053300857543945,29697000
2018-10-31,18.379228454510006,18.433957251398702,18.110482905384597,18.255884170532227,28146000
2018-11-01,18.392299434882784,19.133186246754256,18.274671545684285,18.777854919433594,36830000
2018-11-02,18.406185786551703,18.458463808770325,17.78700890487069,18.03369903564453,40241000
2018-11-05,17.89075139940894,18.06065732098596,17.457001455810687,17.9781551361084,27609000
2018-11-06,17.995310943534275,18.71904399994388,17.947932906226093,18.644710540771484,29464000
2018-11-07,18.950208961764705,19.219770911504373,18.72312348768179,19.147071838378906,29004000
2018-11-08,19.009023207570845,19.81852547563094,19.009023207570845,19.62493133544922,29796000
2018-11-09,19.196085637630578,19.524461579238242,18.995139142646387,19.522010803222656,33611000
2018-11-12,18.86934012063843,18.940406378124273,17.993671645454377,18.267318725585938,50306000
2018-11-13,18.41925931467292,18.772957915846742,18.160316795758092,18.365346908569336,26697000
2018-11-14,18.522996621404626,18.830949928559193,18.429874929094144,18.477252960205078,25411000
2018-11-15,18.47888430054938,19.548146970019395,18.449478108698994,19.3055419921875,36694000
2018-11-16,19.099696891983463,19.539164815230677,18.92244019188088,19.409284591674805,36005000
2018-11-19,19.321063141800018,19.692731949173655,18.668396444021933,18.716590881347656,35326000
2018-11-20,18.292638762735397,18.712503479890994,18.181546813545847,18.60059356689453,32123000
2018-11-21,18.805627062701955,19.05803515978677,18.584259529292467,18.787656784057617,19926000
2018-11-23,18.58997138620587,19.007383709938694,18.58997138620587,18.779481887817383,8066000
2018-11-26,19.132372288799193,19.45339591235149,18.91427191294456,19.22140884399414,28714000
2018-11-27,19.080090980646847,19.471364437457318,18.98533647578951,19.263883590698242,30406000
2018-11-28,19.31860979460198,19.441137665488498,18.919985621795018,19.214052200317383,31080000
2018-11-29,19.136449968882424,19.492599195760743,19.01310414450908,19.259794235229492,17920000
2018-11-30,19.2287579456015,19.464010598569246,19.064569997239,19.3929443359375,40083000
2018-12-03,20.02927681852212,20.17957808978754,19.724589130159373,19.773601531982422,35241000
2018-12-04,19.644541699586874,19.69682129384559,18.916724990839544,18.954299926757812,36455000
2018-12-06,18.48052048976281,18.5630226742683,17.775574199589652,18.562206268310547,57859000
2018-12-07,19.118483621696658,19.464011854427127,18.338387494183465,18.67003059387207,78396000
2018-12-10,18.620196685855458,19.630645211032874,18.50256882598189,19.543241500854492,43344000
2018-12-11,19.88714221248732,20.4491379408496,19.883873472951116,20.163238525390625,57730000
2018-12-12,20.620678486728536,21.25374053273875,20.584737928902953,20.82815933227539,68703000
2018-12-13,21.1124240743413,21.36074700723332,20.795484097677367,21.099353790283203,54355000
2018-12-14,20.85920132035753,21.368102702578156,20.799570963865424,20.815908432006836,42727000
2018-12-17,20.74729020540627,21.346044467563956,20.67295676057877,20.758726119995117,56238000
2018-12-18,21.05589321465816,21.097992285873776,20.538329226380103,20.609317779541016,51849000
2018-12-19,20.554013164573597,21.126059254934805,20.019114519127736,20.1322021484375,59728000
2018-12-20,20.174298013104686,20.5127374127067,19.683146962273142,19.967105865478516,75365000
2018-12-21,19.96711044971134,20.780191463803728,19.96711044971134,20.216400146484375,102138000
2018-12-24,19.976183294066363,20.116511912950283,19.275365208300453,19.29930305480957,28494000
2018-12-26,19.6278405934201,20.512736510131745,19.274543178426942,20.48301887512207,36741000
2018-12-27,20.223827541309287,20.738089916938122,19.987745888998145,20.706722259521484,37507000
2018-12-28,20.884191474284677,21.301875744614712,20.732306428205035,20.932893753051758,28702000
2018-12-31,21.28289899175379,21.338204509510806,20.714979482098794,20.989858627319336,26590000
2019-01-02,20.541627355729442,21.02452199451403,20.3468182231144,20.926292419433594,30346000
2019-01-03,20.187508177808166,20.350949697163166,19.01287646599597,19.06488037109375,68580000
2019-01-04,19.33975613677225,19.518055658755884,19.12348416656792,19.252256393432617,54248000
2019-01-07,19.286931937652117,19.83091207559758,19.048373630353954,19.644357681274414,53433000
2019-01-08,19.8201767655931,19.967935235651584,19.263815302753542,19.486690521240234,36795000
2019-01-09,19.68067244870047,20.362504522012927,19.63362175000405,20.329486846923828,52971000
2019-01-10,20.270875404900774,20.683606521484023,20.170995809816365,20.596933364868164,29594000
2019-01-11,20.589507612829554,20.877593160732893,20.580426217235015,20.683609008789062,20158000
2019-01-14,20.48054340892826,20.76697889427544,20.29811570777062,20.708370208740234,25498000
2019-01-15,20.86438670014745,21.64527499387998,20.802477965270917,21.172285079956055,39247000
2019-01-16,21.230889617886994,21.24327262290926,20.74881994087016,20.776885986328125,24484000
2019-01-17,20.641509587899446,21.243271647691973,20.530897003296577,21.076528549194336,35154000
2019-01-18,21.39020521362887,21.62216023920491,21.214382280853354,21.529708862304688,34634000
2019-01-22,21.296928109938793,21.417445538086334,21.04103522096495,21.32086753845215,37156000
2019-01-23,21.424052092110937,21.53713972598379,20.937854146133247,21.257308959960938,31771000
2019-01-24,21.551990546702264,22.019202108612,21.462015789995522,21.755054473876953,35999000
2019-01-25,21.888782065471393,22.147976524925422,21.537134665087013,22.117435455322266,30333000
2019-01-28,21.590793143219965,22.192555266459912,21.35058329926547,22.091022491455078,31320000
2019-01-29,22.06873630058504,22.089372544324124,21.778172572649716,21.983713150024414,27870000
2019-01-30,22.28748078706547,22.597029131330267,22.070383811896683,22.35516929626465,28727000
2019-01-31,22.33370538405524,22.370026237764698,21.98618618361221,22.143024444580078,21063000
2019-02-01,22.217319529016706,22.254463822669763,21.865672082656513,22.024160385131836,22878000
2019-02-04,22.081113291756985,22.464128322269264,21.87062112883398,22.46247673034668,20761000
2019-02-05,22.449276971266418,22.66967561786118,22.280057225312504,22.287487030029297,22619000
2019-02-06,22.557402508851855,23.11293877874307,22.514478441904675,22.80008888244629,27064000
2019-02-07,22.5235625607259,22.664717790627567,21.982059206879224,22.212364196777344,28646000
2019-02-08,22.06708137022654,22.64160394461442,22.044793537604253,22.622617721557617,23903000
2019-02-11,22.65068447075682,22.782758304159366,22.558231527819604,22.759645462036133,18012000
2019-02-12,23.0015078310245,23.145138101321304,22.870258991960174,23.062591552734375,19809000
2019-02-13,23.112945657649497,23.291245196666914,22.945377532173776,23.221906661987305,19190000
2019-02-14,23.162469367655778,23.34737367258841,23.026268920564835,23.23676109313965,16015000
2019-02-15,23.450554439950622,23.450554439950622,23.01305893564478,23.272254943847656,17352000
2019-02-19,23.207872321342222,23.346550957275948,23.12532577664621,23.249971389770508,15152000
2019-02-20,23.381222685288922,23.660228429814605,23.30115273317815,23.395254135131836,16150000
2019-02-21,23.380386671082867,23.389466489148855,23.024612728177452,23.19053077697754,13254000
2019-02-22,23.108817325360086,23.112943944023144,22.67214675703485,22.824031829833984,27225000
2019-02-25,23.177330765410577,23.18145895878406,22.98747480578636,22.99738121032715,19245000
2019-02-26,22.94207039206204,22.948675185495944,22.65480989823541,22.700210571289062,27211000
2019-02-27,22.553280023659397,22.70846670003235,22.252811499972818,22.41047477722168,29146000
2019-02-28,22.285010772663853,22.758825753764253,22.174399730359124,22.729934692382812,31460000
2019-03-01,22.92556748887999,22.961061766969486,22.380762438875212,22.51448631286621,19035000
2019-03-04,22.700213319966835,22.830637144693245,22.358472291984615,22.691133499145508,17382000
2019-03-05,22.74148521827527,23.149264731401363,22.661415276230933,22.866130828857422,21699000
2019-03-06,22.837236771557972,22.85952460289572,22.327101123652863,22.398916244506836,19973000
2019-03-07,22.30234311580482,22.314726122583878,21.79881211605345,21.916852951049805,25411000
2019-03-08,21.59079105289468,21.854938725002977,21.395981908548166,21.80788803100586,22167000
2019-03-11,21.865667079355628,22.332878642025452,21.79632856129149,22.209884643554688,27161000
2019-03-12,22.26766653049715,22.289954360933013,21.814487992373607,22.256935119628906,23324000
2019-03-13,22.32958132434578,22.54172511173504,22.206587302236404,22.38736343383789,32089000
2019-03-14,22.459997831890224,22.47403085124198,22.113303689146317,22.138893127441406,43094000
2019-03-15,23.646193533491218,24.72672372252556,23.401857077333204,23.962345123291016,144066000
2019-03-18,23.957390625757153,24.514576995007545,23.955739033751232,24.255382537841797,56746000
2019-03-19,24.28179664581206,24.84476121746415,24.277668453077695,24.7069091796875,51556000
2019-03-20,24.818509211726933,24.901793119519656,24.176392808373407,24.23802375793457,41263000
2019-03-21,24.308816823619708,24.932611442142846,24.235527802415298,24.71857261657715,27379000
2019-03-22,24.645277100385634,24.688584601682003,24.268835584697307,24.372940063476562,23307000
2019-03-25,24.335467256708984,24.500368745965243,24.068959991871623,24.332136154174805,23878000
2019-03-26,24.516189027626023,24.94093549971012,24.504529376614204,24.737722396850586,28009000
2019-03-27,24.782698198868523,24.87514303589885,24.3571193148622,24.649444580078125,21862000
2019-03-28,24.74439195352117,25.259917030218208,24.624462725025936,24.90762710571289,33030000
2019-03-29,25.08668365463432,25.207445245664793,24.84182937030836,25.044208526611328,24493000
2019-04-01,25.244089245618262,25.547240186709487,24.96425601917951,25.467288970947266,27040000
2019-04-02,25.49810871317179,25.597217362877416,25.202452286755946,25.239097595214844,22857000
2019-04-03,25.503103885257715,25.601378559095014,25.13665559890487,25.334871292114258,22266000
2019-04-04,25.380677147610054,25.484781646502213,25.124163192141232,25.151647567749023,15228000
2019-04-05,25.318212448709204,25.35485775137559,25.134989112394294,25.34153175354004,18875000
2019-04-08,25.329873782037172,25.426483698611893,25.151647881646927,25.358190536499023,13899000
2019-04-09,25.199950889601887,25.32737469434205,25.00923137174119,25.27240753173828,11621000
2019-04-10,25.284902466966596,25.632194940186317,25.23493116126675,25.61054039001465,14992000
2019-04-11,25.663839072522045,25.83373640400812,25.503933459111472,25.768775939941406,16669000
2019-04-12,25.930346728497074,26.43754318438106,25.86538467487397,26.403396606445312,30087000
2019-04-15,26.40339769697708,26.444208069603636,26.081923283357558,26.350929260253906,16216000
2019-04-16,26.650752492443516,26.651584870968417,26.325946954764625,26.525827407836914,21116000
2019-04-17,26.670738021975936,26.729039463534825,26.470859165551982,26.69489288330078,18138000
2019-04-18,26.737364878739466,26.854793779520854,26.497508040994134,26.535818099975586,26548000
2019-04-22,26.42754935413645,26.475020340125383,26.16770432180818,26.234331130981445,13504000
2019-04-23,26.380910792336547,26.49167748550853,26.166871988788873,26.28763198852539,19777000
2019-04-24,26.199354135656353,26.401733302082974,26.083589986486746,26.17853355407715,23335000
2019-04-25,26.063601238411344,26.063601238411344,25.532251493214492,25.96949005126953,26732000
2019-04-26,25.74712534827591,25.897034491866354,25.410658579551175,25.852062225341797,16404000
2019-04-29,25.921186309686536,26.20684779232901,25.854559497883873,26.044445037841797,13404000
2019-04-30,26.094414063025038,26.519158958417695,26.028619635410024,26.517494201660156,18953000
2019-05-01,26.692392883223626,26.91725898209531,26.54164977214176,26.559139251708984,18158000
2019-05-02,26.64908412877778,26.833143021903805,26.170204409299426,26.30262565612793,20428000
2019-05-03,26.23016482692926,26.371746979745907,25.875376272304624,26.293458938598633,19214000
2019-05-06,25.55057865917042,25.97865635093159,25.430649425625624,25.948673248291016,14371000
2019-05-07,25.705485747857907,25.7862709503173,25.295729908342405,25.592220306396484,21734000
2019-05-08,25.426476172776123,25.623025461794285,25.244085256798236,25.267404556274414,15099000
2019-05-09,24.985080137685905,25.472288437886647,24.722736351457794,25.323211669921875,22282000
2019-05-10,25.2540814847151,25.43480766508309,24.706908673444964,25.314878463745117,21025000
2019-05-13,24.470387828976534,24.625296014392617,24.002333758621848,24.43374252319336,37864000
2019-05-14,24.62612762526707,25.368183527557157,24.608638145701597,25.151647567749023,34277000
2019-05-15,25.007568790017885,25.63219583653082,24.869317698729347,25.349031448364258,18166000
2019-05-16,24.964260151399458,25.243259457115098,24.543677069473734,24.759382247924805,34233000
2019-05-17,24.383767033762883,24.449561457486098,24.01981755171549,24.143077850341797,39094000
2019-05-20,23.15283336803388,23.31523767470698,22.373300003140415,22.7022705078125,65162000
2019-05-21,23.077051364042003,23.301085076532875,22.873839821406133,22.93047332763672,25060000
2019-05-22,22.526544833049474,22.907983813019293,22.4007858036886,22.421607971191406,31809000
2019-05-23,22.035174859950295,22.110962604919536,21.501326365629044,21.661231994628906,46607000
2019-05-24,21.87860477124416,22.131786069284924,21.298949967648,21.31560707092285,27963000
2019-05-28,21.368068348040662,21.464678243817158,20.828391726459646,21.194005966186523,61965000
2019-05-29,21.049094500478326,21.351413065503227,20.952486184997127,21.164026260375977,28132000
2019-05-30,21.20900142494254,21.432201182544425,21.164029157418984,21.372238159179688,17310000
2019-05-31,21.074081403778944,21.29894590102064,20.904182477533787,20.957483291625977,22192000
2019-06-03,21.033269116372427,21.514649098806874,20.920837672245614,21.085739135742188,28911000
2019-06-04,21.400551333769666,22.153436043425963,21.300611911789787,22.128450393676758,36805000
2019-06-05,22.404119251027783,22.612328239784894,21.85361526932512,22.130117416381836,23651000
2019-06-06,22.238381403134934,22.902984655628437,22.093468150863153,22.71892738342285,32687000
2019-06-07,22.884669646251055,23.142015999877906,22.759742967231087,22.89216423034668,25963000
2019-06-10,23.04706656411187,23.716665705062013,23.046234185759218,23.33689308166504,23280000
2019-06-11,24.193050097895004,24.297986964744545,23.270268077634107,23.60923194885254,37105000
2019-06-12,23.458489241068182,23.582581933121677,23.103700643005336,23.296918869018555,27057000
2019-06-13,23.445996628229494,23.56009442224559,23.103700069164375,23.4534912109375,37735000
2019-06-14,21.496330402924908,22.32750004659752,21.4430279973446,22.147607803344727,100797000
2019-06-17,22.056823048134415,22.378298993581627,21.76533178439977,22.15093421936035,35785000
2019-06-18,22.332501536851893,23.570928470261016,22.191751708173783,23.15700912475586,54920000
2019-06-19,23.217796676118002,23.2419483551919,22.795548950430717,23.110361099243164,28920000
2019-06-20,23.52844605940946,23.773300329899293,23.0828789893452,23.240285873413086,57291000
2019-06-21,23.257941546551816,23.62706275674211,23.03512456702427,23.037647247314453,45399000
2019-06-24,23.166289808057815,23.496732017305096,23.12256709723878,23.475711822509766,20506000
2019-06-25,23.472357055449233,23.785142218845355,23.208338376266457,23.24953842163086,24436000
2019-06-26,23.423590202293042,23.88183769092208,23.38323051384234,23.664064407348633,24774000
2019-06-27,23.78934039395713,24.253473477277918,23.73048319921798,24.023088455200195,21813000
2019-06-28,24.203868865966797,24.324947917482092,23.948260207887614,24.203868865966797,49265000
2019-07-01,25.365883712788467,25.708099068559896,24.916044669918968,25.25405502319336,44832000
2019-07-02,25.130449737266105,25.280955758770567,24.711720100828828,24.831958770751953,19011000
2019-07-03,23.854084387962455,24.281220823606056,23.796907912192697,23.95414161682129,49411000
2019-07-05,23.849882055801586,24.000389699093493,23.708624775719425,23.76664161682129,24565000
2019-07-08,23.54298273501277,23.643039975419722,23.07128156668555,23.11920928955078,34291000
2019-07-09,22.992238678233843,23.204966507666462,22.90479325904998,23.167129516601562,26131000
2019-07-10,23.363046636886843,23.442083678235637,23.038490070870928,23.08053207397461,30134000
2019-07-11,23.14274871263847,23.32857064884097,22.950200698481456,23.21169662475586,20712000
2019-07-12,23.23860651729412,24.041590346043268,23.23860651729412,23.996185302734375,21971000
2019-07-15,24.476293815845168,24.761331051324003,24.15425833568191,24.244226455688477,30334000
2019-07-16,24.130715782985614,24.19798138323791,23.743938982469523,23.890241622924805,14617000
2019-07-17,24.010481068542415,24.155943364400734,23.811206928675915,23.970121383666992,15453000
2019-07-18,24.06261460578577,24.409033397985276,23.862498483116386,24.365310668945312,19357000
2019-07-19,24.537675009471375,24.64950369347734,24.344284997737148,24.383804321289062,22047000
2019-07-22,24.636054179626882,25.223789150574728,24.572153208989036,24.90091323852539,33905000
2019-07-23,25.18258323398033,25.423057389095113,25.158198391913718,25.290206909179688,19692000
2019-07-24,25.32552928268969,25.634951437046468,25.26667046541653,25.5416202545166,19006000
2019-07-25,25.403714575038556,25.403714575038556,25.174171530837015,25.25741195678711,15741000
2019-07-26,25.35831327674996,25.47855034864622,25.269185520482576,25.301977157592773,14996000
2019-07-29,25.328049255772775,25.439037597523907,24.969018665127926,25.37093162536621,12068000
2019-07-30,25.14811007368192,25.30282111637505,24.98078562822954,25.1876277923584,11164000
2019-07-31,25.227149005111293,25.29441461116007,24.103811940731987,24.382965087890625,20819000
2019-08-01,24.310652351963302,25.041325205125336,23.7380535813304,23.991981506347656,21911000
2019-08-02,23.717028869972914,23.865854164639547,23.199082396238012,23.41937828063965,20080000
2019-08-05,22.86612433973992,22.890509185298036,22.20439933710158,22.505413055419922,27765000
2019-08-06,22.713088385906026,22.885456553161625,22.244750352285642,22.40282440185547,22199000
2019-08-07,22.20019018881818,22.93086298531266,22.113585112598166,22.706363677978516,22244000
2019-08-08,22.73411235942897,22.917411636037546,22.07154549439733,22.784561157226562,29163000
2019-08-09,22.666845857111845,23.589226319435003,22.666845857111845,23.183950424194336,30735000
2019-08-12,22.986360503110152,23.3924768184878,22.9157318576077,23.1763858795166,20040000
2019-08-13,23.14779634798018,24.005432313521425,22.87284663503602,23.85408592224121,22340000
2019-08-14,23.441243244075363,23.55559460542125,22.734113272646447,22.833330154418945,27108000
2019-08-15,22.870326680673408,22.935909959739362,22.269139673035646,22.587810516357422,20010000
2019-08-16,22.882942735693003,23.18563879688358,22.868648612471116,23.019996643066406,17458000
2019-08-19,23.500944419182787,23.548870542558067,23.17386514565375,23.440404891967773,17489000
2019-08-20,23.388270907271053,23.960029296802347,23.291576709591254,23.574092864990234,17920000
2019-08-21,23.933125072173045,24.237501806869048,23.88351662959195,24.173599243164062,19381000
2019-08-22,24.248431733409184,24.334194852329055,23.925555890658462,24.183687210083008,12294000
2019-08-23,23.878472265402927,24.00375471740613,22.79044952279122,22.881258010864258,25742000
2019-08-26,23.2865320980121,23.370614499837995,23.122572296507737,23.309234619140625,14249000
2019-08-27,23.47151510685222,23.561481630337184,23.115005637634347,23.170499801635742,14298000
2019-08-28,23.0662343637568,23.241125220479578,22.741677848247935,23.21169662475586,17202000
2019-08-29,23.668269426286884,24.004597490706047,23.631272777892228,23.826343536376953,16429000
2019-08-30,23.993660131210234,24.039065169805358,23.534572403275824,23.764957427978516,16720000
2019-09-03,23.54298382814779,23.614452830688755,22.780359662693517,23.042695999145508,22210000
2019-09-04,23.441247502905732,23.90874375543236,23.391639053006568,23.79691505432129,19865000
2019-09-05,24.245910877159513,24.693227231705972,24.245910877159513,24.469568252563477,20938000
2019-09-06,24.53935962147102,24.66127904732172,24.32495097923249,24.544404983520508,13748000
2019-09-09,24.80421073565931,24.989190712952368,24.417433982117952,24.603254318237305,21686000
2019-09-10,24.49731600996814,24.757970028174867,24.284588113746356,24.757129669189453,20850000
2019-09-11,24.915201329766703,25.12204348543541,24.766376013202247,25.057300567626953,19260000
2019-09-12,25.3448588080852,25.420532801602906,24.927811484889794,25.27338981628418,33109000
2019-09-13,25.02703086732745,25.055619108411772,23.870061895990588,24.410709381103516,62557000
2019-09-16,24.114739764346762,24.406504672048385,24.02224896712496,24.27113151550293,22176000
2019-09-17,24.217323035568906,24.324948326367654,23.85829248115137,24.285429000854492,21912000
2019-09-18,24.256839283875454,24.44770499650587,23.869220535119993,24.193777084350586,16510000
2019-09-19,24.257677914375016,24.547760483296198,24.150893003735213,24.437612533569336,19421000
2019-09-20,24.41045921477939,24.47240388725025,23.914052124954605,24.12110137939453,35524000
2019-09-23,24.066790572630968,24.367180044909592,23.936113270118135,24.222925186157227,14850000
2019-09-24,24.380760104507683,24.51483140522272,23.738401952285994,23.95563316345215,20292000
2019-09-25,23.05955051148729,23.52286414562415,22.91105358932488,23.400671005249023,55588000
2019-09-26,23.357402719692846,23.645912519783426,23.13847528519312,23.49741554260254,27477000
2019-09-27,23.473652870035988,23.8682323489145,23.162231687197487,23.262361526489258,28660000
2019-09-30,23.40238031231565,23.48129655196175,23.123204342898816,23.42613983154297,19826000
2019-10-01,23.61281681002631,23.729918196765432,23.197871788077844,23.32261085510254,19429000
2019-10-02,23.204663429683944,23.233513114603443,22.768504748570578,22.917001724243164,19543000
2019-10-03,22.911058396017356,23.292910016682473,22.675159453893922,23.286970138549805,17096000
2019-10-04,23.631483686141063,23.903869977095844,23.35230780725457,23.880958557128906,25884000
2019-10-07,23.76046578735017,23.846169980182065,23.394737593558755,23.426982879638672,18658000
2019-10-08,23.255573468346995,23.326852007539404,22.81856675149268,22.939062118530273,22757000
2019-10-09,23.223329305627608,23.32770122613087,23.082468403659156,23.178356170654297,16329000
2019-10-10,23.298001542371775,23.656093671373302,23.22078312214731,23.288667678833008,17340000
2019-10-11,23.716342387852137,24.10583174124423,23.68240091612366,23.836837768554688,23697000
2019-10-14,23.795260531762896,23.984488581359916,23.749439298465987,23.900482177734375,13312000
2019-10-15,23.98363809436668,24.660787517370593,23.94630101954205,24.635330200195312,21230000
2019-10-16,24.523321595603516,24.616663477228816,24.314576118029947,24.479196548461914,20046000
2019-10-17,24.620057520967855,24.753280754433497,24.4656206648541,24.559810638427734,13125000
2019-10-18,24.565750811538148,24.603086269927086,24.099043015215283,24.330699920654297,16981000
2019-10-21,24.4757980334647,24.76939956559008,24.35869665724182,24.571685791015625,13031000
2019-10-22,24.573387152528916,24.681154688725737,24.373977152796215,24.39264488220215,13046000
2019-10-23,24.01078905520452,24.06000588247263,23.654394744925813,23.78676986694336,20957000
2019-10-24,24.004848370571466,24.056611089398416,23.6493037823334,23.95563316345215,16896000
2019-10-25,24.036249088488166,24.724428564005535,24.032855103205673,24.59290313720703,20869000
2019-10-28,24.70660532409011,24.818614914554452,24.46561621922392,24.739700317382812,12999000
2019-10-29,24.80164799739884,24.922143373687653,24.444403945407224,24.452041625976562,13272000
2019-10-30,24.60902450828501,24.690486627512485,24.312878662148023,24.628541946411133,17281000
2019-10-31,24.591203358600737,24.954387269058852,24.421492778648748,24.850013732910156,27881000
2019-11-01,24.86189236128421,25.167373657226562,24.78552203729862,25.167373657226562,21234000
2019-11-04,25.416003893551533,25.920047129115655,25.380364619991045,25.881013870239258,34075000
2019-11-05,25.88101372994654,26.880614423118683,25.836040592387178,26.648109436035156,38711000
2019-11-06,26.48009866003286,26.66847862711655,26.195832525773536,26.573440551757812,18076000
2019-11-07,26.778779110871568,27.11141383219792,26.360440221122552,26.452932357788086,23981000
2019-11-08,26.29425883713685,26.610771813176317,25.89204328844837,26.594648361206055,17830000
2019-11-11,26.40711746999046,26.580222031114598,26.376568368589687,26.53864288330078,9154000
2019-11-12,26.644714522749133,26.84836819996749,26.581921750693088,26.77454376220703,16875000
2019-11-13,26.51573301537383,26.789817141456393,26.475003575278947,26.61671257019043,12625000
2019-11-14,26.368936183618388,26.461428356036887,25.97520474042369,26.217891693115234,17268000
2019-11-15,26.497918392370618,26.56495487154518,26.31208431857976,26.552227020263672,18120000
2019-11-18,26.45972851005934,26.59464953621168,26.138125351526664,26.396087646484375,15850000
2019-11-19,26.86958102690436,27.63498045420413,26.86958102690436,26.95867919921875,31743000
2019-11-20,26.805942667044636,26.88485889685475,26.22043729614126,26.447002410888672,19927000
2019-11-21,26.402025382840506,26.788967175384226,26.288317987106282,26.750782012939453,19317000
2019-11-22,26.868737041380456,27.10972782226682,26.62011019752332,26.72278594970703,13216000
2019-11-25,26.866184732179043,27.169121747243214,26.83733505224017,27.121601104736328,19636000
2019-11-26,27.06899660465367,27.16912808094333,26.818671960168885,26.83734130859375,30793000
2019-11-27,26.979049499425464,27.14876010264118,26.85431041762417,27.02147674560547,20182000
2019-11-29,26.88655378109475,26.966318098775528,26.729571039280913,26.832246780395508,9229000
2019-12-02,26.960377808294492,26.978197444360774,26.352810761707588,26.36638832092285,23158000
2019-12-03,25.950593815754875,26.220434235924404,25.72233092570258,26.009992599487305,18736000
2019-12-04,26.28407436604649,26.421539647973294,26.061751374234106,26.28152847290039,14439000
2019-12-05,26.35535605994625,26.514036597616602,26.22552682339697,26.406269073486328,15494000
2019-12-06,26.699024600861158,26.84327949908984,26.480095550622753,26.81867027282715,16937000
2019-12-09,26.814423078020205,26.912007017242125,26.639619107878996,26.676956176757812,24694000
2019-12-10,26.738055087307806,26.80678773468122,26.581072355617565,26.734661102294922,14563000
2019-12-11,26.744845061992013,27.26840411024443,26.744845061992013,27.130090713500977,20829000
2019-12-12,27.13093981391291,28.01598503121343,27.105484114214097,27.815725326538086,38935000
2019-12-13,26.989228398926077,27.13433137714184,26.357901854218994,26.765209197998047,70952000
2019-12-16,26.981590243723804,27.798749142828697,26.944253173634102,27.419445037841797,37921000
2019-12-17,27.471211313438353,27.573885437109173,27.302347193840145,27.476303100585938,20248000
2019-12-18,27.52721303499422,28.10423258051982,27.455086401051275,27.785175323486328,35155000
2019-12-19,27.935376839086352,27.939617298103673,27.46866738785193,27.50176239013672,31787000
2019-12-20,27.640613525990332,27.640613525990332,27.164035044048966,27.34317970275879,50540000
2019-12-23,27.47518478951937,27.628615918974322,27.224037937018718,27.38861083984375,20254000
2019-12-24,27.428900885116906,27.487187979611974,27.344041925177308,27.471757888793945,7024000
2019-12-26,27.53775853743253,27.578045494406577,27.15632564409188,27.255756378173828,15848000
2019-12-27,27.368897677523556,27.373182723504982,27.019178415453077,27.131465911865234,14487000
2019-12-30,27.130611018841787,27.2000398855697,26.807463598236637,26.868322372436523,13104000
2019-12-31,26.839174062414013,27.11689111492252,26.81174552047914,27.08774757385254,12487000
2020-01-02,27.370615101911174,27.643190497629938,27.199185444100166,27.633760452270508,20329000
2020-01-03,27.215466757559163,27.428898343643887,26.921464535191788,26.930892944335938,22870000
2020-01-06,26.64460054278515,26.907747471746063,26.54002809786429,26.89060401916504,20789000
2020-01-07,27.021753277364308,27.135755786520573,26.764607981080697,26.798036575317383,18565000
2020-01-08,26.8271759126978,26.870891227463318,26.43545634884657,26.463743209838867,31979000
2020-01-09,26.770606677016698,26.828035452413243,25.97602569161084,26.251171112060547,42397000
2020-01-10,26.181741279206676,26.19031300631956,25.61173368787309,25.647735595703125,40705000
2020-01-13,25.71630767930251,26.040310134524873,25.686305817077336,25.815736770629883,22054000
2020-01-14,25.8860222731313,26.498886823051954,25.850878684848833,26.415742874145508,28911000
2020-01-15,26.34117226039785,26.39002930619102,25.77459303723992,25.98373794555664,22733000
2020-01-16,26.14316948356478,26.38831466790237,26.07545398338419,26.318885803222656,21508000
2020-01-17,26.456889427025313,26.480889611468804,26.063456430706673,26.468032836914062,26896000
2020-01-21,26.38317489052412,26.52974767563789,26.25717229025973,26.40631675720215,21967000
2020-01-22,26.640319500355186,27.250612443898348,26.6146043176194,26.826322555541992,29264000
2020-01-23,27.015749328898682,27.41175394351054,26.64203153048521,27.398897171020508,30266000
2020-01-24,28.328908477487026,28.421482474457036,27.49489890164805,27.771760940551758,55782000
2020-01-27,27.121181406892394,27.41861363205906,26.455173093545387,26.488601684570312,38843000
2020-01-28,26.874320466181214,27.36289744928387,26.809176650448897,27.284038543701172,23166000
2020-01-29,27.499182371675705,27.894328637554494,27.183750050718295,27.215463638305664,23668000
2020-01-30,26.942035047575054,27.04489413697372,26.450886369837164,27.017465591430664,21128000
2020-01-31,26.928320661456787,26.964320932779515,26.0248806100064,26.156883239746094,22123000
2020-02-03,26.197169031186817,26.280312983572312,26.026596080419242,26.162883758544922,21288000
2020-02-04,26.72517959582474,26.963468074020724,26.541748214597497,26.708892822265625,22559000
2020-02-05,27.21460790549051,27.412611021289692,27.074035191981736,27.204322814941406,24825000
2020-02-06,27.32947506394183,27.418619080983806,26.93432703388287,27.402332305908203,22683000
2020-02-07,27.284906637921473,27.30204846276481,26.989187679632245,27.02004623413086,15883000
2020-02-10,26.774893641667664,26.96603843585262,26.59746393932999,26.931753158569336,19218000
2020-02-11,27.141756518410386,27.496615924523965,27.086897785688848,27.442615509033203,15527000
2020-02-12,27.60375542084769,27.865187361051852,27.56861183211774,27.83176040649414,15310000
2020-02-13,27.55575633837254,27.896905515587562,27.510329291397937,27.769187927246094,13857000
2020-02-14,27.84375880053496,27.917472702289864,27.180320605624118,27.237751007080078,19137000
2020-02-18,27.00032730285872,27.00118398525809,26.404606057282823,26.636037826538086,26693000
2020-02-19,26.828890369850892,27.15718113272194,26.717461190381453,27.059465408325195,20525000
2020-02-20,26.91117768698654,27.059465455725505,26.239169340555367,26.506601333618164,25521000
2020-02-21,26.443174108044413,26.524603065973583,25.910881771436063,26.100313186645508,24522000
2020-02-24,25.2174488950122,25.61173860862062,24.862587825786605,24.99458885192871,36849000
2020-02-25,25.209729042416836,25.34858840602721,24.09200231045862,24.230003356933594,31892000
2020-02-26,24.37314911578282,24.7031532713794,24.343148886627663,24.50429344177246,23074000
2020-02-27,24.02599506250582,24.45542817108855,23.44655922368731,23.48170280456543,34837000
2020-02-28,22.571413839905983,23.49713916765181,22.520841791460807,23.367708206176758,44586000
2020-03-02,23.722568582727753,24.463149100732295,23.241705010118054,24.42629051208496,31976000
2020-03-03,24.398857481486957,24.727146545882878,23.277701001961233,23.507417678833008,29930000
2020-03-04,23.78942740605396,24.490579337210423,23.551995625977128,24.467435836791992,23477000
2020-03-05,23.765431350267725,24.265151862157754,23.35314149183204,23.48942756652832,24374000
2020-03-06,22.88427453105175,23.222850414295955,22.500269962921905,23.095991134643555,30169000
2020-03-09,21.521402290860863,22.30912661480421,20.93596617363777,21.2333984375,43934000
2020-03-10,21.993695115895427,22.60141644337264,20.863109793829675,22.53455924987793,55071000
2020-03-11,21.761409329510823,21.985126075716032,20.785111731378084,21.08340072631836,36030000
2020-03-12,19.45651419401346,20.808244100923076,18.54193248536515,18.752792358398438,64281000
2020-03-13,19.32966178209871,20.097670949321465,17.242492621413955,20.076242446899414,84714000
2020-03-16,17.84421447826385,18.754509699685592,15.448471422867854,16.07847785949707,76935000
2020-03-17,16.441911135389905,17.143919778442584,15.55561606815247,17.101062774658203,70662000
2020-03-18,15.91390427647246,16.069905458940365,13.343302502829665,14.389029502868652,98993000
2020-03-19,14.369317343056442,17.78335864199532,14.143028932453667,16.66734504699707,74438000
2020-03-20,17.60879957325299,18.191109710559704,16.38054191743417,16.756254196166992,74044000
2020-03-23,16.813795069942298,17.083157518324676,15.49487760779962,16.86522674560547,46921000
2020-03-24,17.92610182511435,19.0654441705699,17.54690298088153,18.546768188476562,62970000
2020-03-25,18.497089678053747,21.27004024739277,18.238188845797612,18.964332580566406,64442000
2020-03-26,19.703555016614327,21.33977808747254,19.703555016614327,21.19768714904785,60213000
2020-03-27,20.311142652717677,21.10353910481555,20.049626451036808,20.10977554321289,39448000
2020-03-30,20.241403728291328,21.039902168257893,19.913636419593555,20.930936813354492,52343000
2020-03-31,20.747007604986155,22.029312777024863,20.57789478575082,20.66855239868164,50191000
2020-04-01,19.874409210117694,20.43405545665576,19.150008062053285,19.494338989257812,41858000
2020-04-02,19.387120139247244,20.742649727523553,19.304307049314513,20.66506576538086,45049000
2020-04-03,20.62844573841881,21.143633512061726,20.09756726199372,20.420976638793945,28960000
2020-04-06,21.320596226326362,22.090326946928947,21.231681126626473,22.005769729614258,38868000
2020-04-07,22.825193782965535,23.144243704947332,22.013619927672217,22.078126907348633,45892000
2020-04-08,22.383230342932396,22.85657526876395,22.110381297595715,22.76068687438965,27565000
2020-04-09,23.169521193818873,23.31858538336432,21.907266593158262,22.167911529541016,34828000
2020-04-13,22.09817725232645,22.797299102474234,22.037156911476078,22.65782356262207,25729000
2020-04-14,23.198292602336707,23.395301858708557,22.867038586033868,23.329923629760742,23094000
2020-04-15,22.75197121998207,22.867038632350187,22.330056266179167,22.44163703918457,25926000
2020-04-16,22.81822363844409,22.81822363844409,22.151354358121278,22.515735626220703,26896000
2020-04-17,22.945494657395415,23.31248965064184,22.572395966696465,23.177371978759766,34089000
2020-04-20,22.6647991959419,23.123324706749003,22.482609398562882,22.514862060546875,23801000
2020-04-21,22.190575323141413,22.21062557295432,21.514119233446415,21.588214874267578,29138000
2020-04-22,22.208883641021995,22.858317931430935,21.857579419636867,22.662179946899414,35438000
2020-04-23,22.686589160406058,23.118092746894046,22.535780799291114,22.571521759033203,21659000
2020-04-24,22.648233549303555,23.106758985332807,22.5671629601082,23.084095001220703,23373000
2020-04-27,23.043995250535353,23.64286914447041,23.043995250535353,23.40140151977539,16588000
2020-04-28,23.90612651078202,24.095291201355888,23.02394377212285,23.077117919921875,18988000
2020-04-29,23.63066202755861,24.1458498682523,23.469393771436685,24.06129264831543,28871000
2020-04-30,23.844235330997122,23.889564958448005,23.431909138651577,23.677736282348633,23379000
2020-05-01,23.187829626517967,23.349097898538638,22.507885161438086,22.638643264770508,26836000
2020-05-04,22.59592355225567,22.876618698837735,22.256823477293914,22.861799240112305,17046000
2020-05-05,23.235773508999923,23.44411388988228,22.988203870100755,23.089323043823242,26462000
2020-05-06,23.390940604246502,23.578361159710653,22.980358535384013,23.0291748046875,22727000
2020-05-07,23.536519618336506,23.57749136841471,23.18783077134151,23.340381622314453,18238000
2020-05-08,23.728294371307133,24.02032237825552,23.53913134557498,23.974992752075195,16757000
2020-05-11,23.830287296254735,24.124057801608892,23.689067623547626,24.007247924804688,20851000
2020-05-12,24.110113687011587,24.20948871794758,23.381352929843885,23.40140151977539,18764000
2020-05-13,23.542625894318878,23.565291546364257,22.609011192785303,22.939393997192383,21927000
2020-05-14,22.748482269064286,23.2706434551956,22.20714207436733,23.24013328552246,19912000
2020-05-15,22.614233447914515,23.018713457983875,22.383227427118705,22.70053482055664,21650000
2020-05-18,23.416217584583617,24.123185498389933,23.362170531196284,23.844234466552734,26531000
2020-05-19,23.8442378694439,24.062168602003254,23.676865896311927,23.706504821777344,18702000
2020-05-20,24.14411242997493,24.522440226216972,24.06652847091592,24.293176651000977,18605000
2020-05-21,24.314095013124074,24.364655432881236,23.94186929930726,23.954944610595703,14847000
2020-05-22,23.86254118255951,24.168515749000413,23.580974748901397,24.116212844848633,17452000
2020-05-26,24.844097546525525,25.02628727596565,24.5294055910638,24.58432388305664,23573000
2020-05-27,24.671501528530218,25.088185632931573,24.408241173115876,25.06987953186035,22812000
2020-05-28,24.84410415441481,25.218945290141733,24.620071382151558,24.681962966918945,18543000
2020-05-29,24.66104444131521,25.454312237439694,24.574743053021212,25.390676498413086,27300000
2020-06-01,25.316576234827643,25.375854083544596,25.050700485006292,25.27909278869629,18444000
2020-06-02,25.36974840334217,26.005234384218472,25.28780658245101,25.982568740844727,31847000
2020-06-03,26.24321651493048,27.097504525643078,26.19614439790625,26.982437133789062,31926000
2020-06-04,26.65292881633729,27.284926600164816,26.334748488904197,26.92664909362793,34997000
2020-06-05,27.868977469693363,28.602097665340654,27.46711453363554,27.640586853027344,50958000
2020-06-08,27.67720520510575,27.79401676528958,27.316312269432828,27.6789493560791,23916000
2020-06-09,27.197750705009746,27.79749572287488,27.16026560221867,27.48716163635254,22335000
2020-06-10,27.60310746091684,27.826267321248316,27.433120092396386,27.462759017944336,25914000
2020-06-11,26.815938064982454,26.897008650717474,25.576349039835748,25.60685920715332,45115000
2020-06-12,26.397511833250054,26.496017276648836,25.517944433627864,26.173479080200195,39439000
2020-06-15,25.71582795137249,26.740101789448524,25.49005102081596,26.508224487304688,29824000
2020-06-16,27.02341142728445,27.42004530269386,26.500377325188193,27.0861759185791,30387000
2020-06-17,27.321532369378343,27.60832955349381,27.179443137127734,27.32327651977539,20279000
2020-06-18,27.20821664838493,27.818423379042002,27.15591373688505,27.782682418823242,33625000
2020-06-19,27.97819427033335,28.015183663728436,26.66506576538086,26.66506576538086,58465000
2020-06-22,26.905496116535446,27.66994691959512,26.73199873201306,27.613582611083984,27195000
2020-06-23,27.747457121584542,27.957063732880705,27.415431043936152,27.416311264038086,22419000
2020-06-24,27.23136016885466,27.387244773788264,26.818310228750477,27.034963607788086,19096000
2020-06-25,26.95482285215805,27.256022735965278,26.685326009002523,27.200538635253906,15029000
2020-06-26,27.616231698381913,27.810866166106006,26.698538422527573,27.07371711730957,31425000
2020-06-29,27.13184048422839,27.337926188800598,26.813026147866942,27.282442092895508,14516000
2020-06-30,27.29741626274947,27.924477302825235,27.015589622880434,27.795894622802734,25125000
2020-07-01,27.75185434151599,27.9050965990163,27.47267176248925,27.542247772216797,15661000
2020-07-02,27.984361044168455,28.12791584807132,27.712223574665146,27.78356170654297,16638000
2020-07-06,28.182521760341782,28.26971057697553,27.948253889723734,28.075956344604492,17561000
2020-07-07,27.94825524444563,28.020473605003843,27.526398020766194,27.57659912109375,16150000
2020-07-08,27.842565879075448,28.16842529363142,27.664664034829137,28.1446475982666,18023000
2020-07-09,28.183400008328707,28.56386332667113,27.764185174299897,28.314626693725586,25225000
2020-07-10,28.350738804963328,28.4458529645873,27.780922308604204,28.133203506469727,13280000
2020-07-13,28.330477322751833,28.493408724456433,27.35289731156962,27.41718864440918,21549000
2020-07-14,27.212866229161204,27.849614685428936,26.878197852275697,27.74921417236328,18363000
2020-07-15,27.825835551967923,27.986124622247537,27.316789542395668,27.634723663330078,15253000
2020-07-16,27.35553899097784,27.643528811964956,27.240166346672265,27.419830322265625,12929000
2020-07-17,27.667307602095576,27.760661307559843,27.301814759490846,27.540485382080078,13354000
2020-07-20,27.464744713392083,27.975552797765168,27.32471247416611,27.92975616455078,14323000
2020-07-21,28.114702523295346,28.114702523295346,27.536960815990128,27.684038162231445,14312000
2020-07-22,27.74305147456908,27.802059815061224,27.334405950110444,27.636486053466797,14404000
2020-07-23,27.598608104838465,27.838158915158747,27.159136532842957,27.272747039794922,19417000
2020-07-24,27.00149986615421,27.381963233084246,26.7892492424453,26.93104362487793,15631000
2020-07-27,27.152095715406492,27.56250330096213,27.080759264814265,27.537843704223633,20646000
2020-07-28,27.40573510593122,27.487640904927524,26.96362117916418,27.06842613220215,13974000
2020-07-29,27.17235647486533,27.4101452379413,27.07635873379802,27.200538635253906,16562000
2020-07-30,26.94953298969801,27.559859659965365,26.94953298969801,27.48676109313965,21259000
2020-07-31,27.715743733950806,28.041604829130044,27.425111591681294,27.89628791809082,24719000
2020-08-03,28.006380713237814,28.48988692071093,27.942971274743073,28.290849685668945,20796000
2020-08-04,28.22655405037736,28.939045065632435,28.216868271304012,28.921430587768555,25258000
2020-08-05,28.90910004899373,29.202374546662533,28.693328580017866,29.022708892822266,22299000
2020-08-06,28.866830494248262,29.140730117527514,28.65898433170341,28.989248275756836,14193000
2020-08-07,28.92143374901546,29.039447068022913,28.312865734905277,28.70477867126465,14192000
2020-08-10,28.55417873291442,28.998931722863123,28.54008513414091,28.830718994140625,11989000
2020-08-11,28.849214293583525,29.355619649521756,28.42559665354712,28.537445068359375,19316000
2020-08-12,28.697730967375023,29.58107873934859,28.65457667164344,29.383798599243164,18471000
2020-08-13,29.257859843479228,29.363543352690183,28.873872283150327,29.012144088745117,15095000
2020-08-14,28.888846014313827,29.050016995707576,28.710944132468978,28.871234893798828,10140000
2020-08-17,29.020077253519634,29.220878326900678,28.975162505907477,29.091415405273438,10594000
2020-08-18,29.22703007031646,29.34328291734696,28.899406883404332,28.94344139099121,8857000
2020-08-19,29.0165424174408,29.335356714172953,28.908218258682425,28.9936466217041,11273000
2020-08-20,28.859783355572656,29.062344823936833,28.716226864052892,28.960182189941406,8910000
2020-08-21,28.913506804798846,29.103738472502144,28.622872943829325,29.064985275268555,11508000
2020-08-24,29.24024705831672,29.60838060175029,29.163624241960132,29.415508270263672,11996000
2020-08-25,29.503578364149153,29.6876451424648,29.327436925872323,29.60397720336914,11140000
2020-08-26,29.48066909005726,30.07690709972638,29.372344947962947,29.91485595703125,14844000
2020-08-27,29.98708238840053,30.058420522392463,29.60397504011466,29.868188858032227,12552000
2020-08-28,29.855862251097594,30.36842918395996,29.741369808400176,30.36842918395996,14589000
2020-08-31,30.25393107204928,30.875705581972234,30.25393107204928,30.573625564575195,22229000
2020-09-01,30.824631503560962,31.88764158360189,30.597410444853825,31.66482162475586,29205000
2020-09-02,32.22142652280465,33.375149659640975,32.01974528082374,33.02727127075195,37053000
2020-09-03,32.23464094720583,32.489162272970646,30.838722886857195,31.008699417114258,41795000
2020-09-04,31.790767466246802,32.808859573525055,31.13288022889887,31.965145111083984,58514000
2020-09-08,31.05889214277896,31.94752444053581,30.824626006453666,30.87218475341797,26685000
2020-09-09,31.367153032438434,31.868273797476988,30.92151637463112,31.707983016967773,26273000
2020-09-10,31.892931846258936,32.39493280699964,31.211265191186126,31.44817543029785,22851000
2020-09-11,31.749371488529036,32.081395855341476,31.23680122913047,31.678916931152344,17362000
2020-09-14,32.09372592664371,32.22406902900187,31.648089387419077,31.899089813232422,16447000
2020-09-15,32.260172536041196,32.68467028377093,32.176504622264225,32.31389617919922,16618000
2020-09-16,32.42575773903453,32.762186610776986,32.26458674407652,32.325355529785156,18498000
2020-09-17,31.264983596863882,32.59660860077746,31.264983596863882,32.22671127319336,22862000
2020-09-18,32.33239486403366,32.39580429221915,31.26938488452143,31.68155288696289,35295000
2020-09-21,31.106540468047587,31.279843116357764,30.526197979340363,31.26473617553711,24198000
2020-09-22,31.67178212137323,32.15436353939591,31.36783285444659,32.13570022583008,19500000
2020-09-23,32.01038030702663,32.10191696741063,31.110093520423174,31.246957778930664,15542000
2020-09-24,31.123429967163407,31.77842575211426,31.024780550235352,31.329614639282227,13611000
2020-09-25,31.28784843012569,31.791757869012706,30.952793658801536,31.70999526977539,18183000
2020-09-28,32.143697353828934,32.74359150416943,31.908183630308024,32.643165588378906,22192000
2020-09-29,32.66004824218333,32.954219992930376,32.348989670064014,32.37298583984375,13722000
2020-09-30,32.256561447851766,32.971991758347265,32.14636146186589,32.378318786621094,22403000
2020-10-01,32.792475399372094,32.94622653589169,32.42276207574671,32.758705139160156,16016000
2020-10-02,31.994391326825802,32.43164852361007,31.652230577956235,31.712661743164062,17100000
2020-10-05,32.069054915852966,32.60318522247683,31.9855157954173,32.536529541015625,18923000
2020-10-06,32.5374114839988,33.06087596653887,32.173919249880946,32.34811019897461,16672000
2020-10-07,32.73648062841143,32.870680185000886,32.53296068142219,32.5933952331543,12747000
2020-10-08,32.87334757105215,33.26439230892053,32.73293028924267,33.179073333740234,17045000
2020-10-09,33.41013308417149,33.77184868724585,33.23861032723016,33.47856521606445,17253000
2020-10-12,33.93094529433781,34.22511372974388,33.75319797790101,33.987823486328125,18839000
2020-10-13,34.16379109664495,34.46506885390696,33.64832426652829,33.90427780151367,16731000
2020-10-14,34.08646598160242,34.1042410486502,33.58077668142185,33.79851531982422,17298000
2020-10-15,33.33193185096778,33.81540146002556,33.32926372632836,33.76563262939453,14361000
2020-10-16,34.063355618602536,34.063355618602536,33.607435182672276,33.65187454223633,10295000
2020-10-19,33.88205753962962,34.09268682766909,33.34081810944759,33.39591979980469,14803000
2020-10-20,33.50611761481031,33.873162684370776,33.37725094378031,33.50434112548828,13297000
2020-10-21,33.39592587329976,33.49279881900843,32.91067629003427,33.0653190612793,11896000
2020-10-22,32.979104883461645,33.26616389969708,32.62627507032797,33.18262481689453,13547000
2020-10-23,33.17285120203517,33.23328575677075,32.95066793157905,33.12485885620117,8868000
2020-10-26,32.84756792213174,32.87956168345855,31.781979374645342,32.26456069946289,15509000
2020-10-27,32.45476239922077,32.45476239922077,31.925076782395333,31.958847045898438,9620000
2020-10-28,31.461150838921377,31.537580578182805,30.708393848739938,30.85770034790039,22331000
2020-10-29,30.86214674826267,31.944622320063477,30.694173536739505,31.550912857055664,15697000
2020-10-30,31.051452979684942,31.37139751984395,30.6097544418282,31.072784423828125,18530000
2020-11-02,31.553592031013952,31.584697564364514,30.959027136043392,31.216760635375977,11757000
2020-11-03,31.634463039323133,31.92685502159242,30.808829040528956,31.439828872680664,15457000
2020-11-04,32.03705110925395,32.79247288867626,31.740214579112852,32.40587615966797,21277000
2020-11-05,33.09285746057244,34.00736299427657,33.06175194548886,33.84917068481445,21783000
2020-11-06,33.77630062379432,34.09802155498348,33.52034371451553,33.82695770263672,13545000
2020-11-09,34.580617543846586,35.006320937175026,33.328391791354385,33.37549591064453,24088000
2020-11-10,32.91157236929733,33.16752595541494,32.02639206384198,32.2725715637207,26784000
2020-11-11,32.95955654314115,33.517682891135415,32.75426007899619,33.40925598144531,15133000
2020-11-12,33.52568430279902,33.64744168125978,32.730267630273396,32.90090560913086,12160000
2020-11-13,33.32749468444639,33.53457103691689,33.02354877370576,33.194183349609375,10997000
2020-11-16,33.31059973370205,33.893610382347724,33.238614613866886,33.843841552734375,12100000
2020-11-17,33.652758039880226,33.98869758199484,33.50789279985038,33.825172424316406,11950000
2020-11-18,33.76207853533602,34.21088967630735,33.73808575344821,33.82695770263672,13517000
2020-11-19,33.56921780625664,34.201997217625,33.269716615457405,34.15666961669922,14555000
2020-11-20,34.15489023504589,34.558373654055664,34.01180487714963,34.06779479980469,16140000
2020-11-23,34.249109007660884,34.585052071065526,34.03847968064628,34.39397430419922,12212000
2020-11-24,34.53794340675594,34.91032141613918,34.32109300330558,34.8587760925293,13455000
2020-11-25,34.91298763523641,35.149389583350455,34.571715165668024,34.734352111816406,11787000
2020-11-27,34.940541226192686,35.47555961964636,34.927210771895716,35.10051345825195,6846000
2020-11-30,35.01786038797775,35.74128836607288,34.904100630708115,35.68974304199219,15454000
2020-12-01,35.85682162320169,36.14299239687009,35.559985131561945,35.95547103881836,18181000
2020-12-02,35.970573775363604,36.03012007178677,35.64796466154926,35.88081359863281,10031000
2020-12-03,35.9492608910716,36.13945043170267,35.38047214954757,35.53155517578125,16120000
2020-12-04,35.76261828067664,36.651351302271266,35.76172664560325,36.58736038208008,20083000
2020-12-07,37.00772975138544,37.57918645251033,36.73488942608019,37.4058837890625,19707000
2020-12-08,37.262795748846536,37.92223271173222,37.16325809407134,37.62984085083008,18121000
2020-12-09,37.27969175982209,37.868923684660594,36.76422824646655,36.9908561706543,20908000
2020-12-10,36.5660266755826,36.904634365471864,36.26118923508997,36.44160461425781,26244000
2020-12-11,35.90482914482719,36.171448475109585,35.39647151963673,36.06657791137695,26664000
2020-12-14,36.12966735718396,36.820213369952675,36.0825632542932,36.59803009033203,26116000
2020-12-15,36.90730549287393,37.27257414767945,36.703785545809865,37.15437316894531,21207000
2020-12-16,37.149040103836825,37.96223164274564,37.0566117870327,37.76226806640625,23160000
2020-12-17,37.90446951156905,38.216412997228964,37.73116682170291,37.868919372558594,17152000
2020-12-18,38.075056284341166,39.047546907103076,37.82409184469527,38.949851989746094,45243000
2020-12-21,38.37533338586972,38.720413049679394,37.97647755979861,38.440765380859375,19096000
2020-12-22,38.44075845382002,38.85933235856885,38.36188243247849,38.819000244140625,17929000
2020-12-23,38.98930609828821,39.07893531936566,38.100170138361165,38.13423156738281,10533000
2020-12-24,38.4058086969868,38.72041361114706,38.32334940629089,38.67201232910156,4123000
2020-12-28,38.93014554517064,39.19276591481345,38.644227187027184,38.70965576171875,10625000
2020-12-29,39.06369337884031,39.06369337884031,38.253433588572,38.455101013183594,9593000
2020-12-30,38.690825777681766,39.25818673366443,38.55010445051918,38.97406005859375,10553000
2020-12-31,39.10670527416936,39.30299434369788,38.81450949314482,39.24473571777344,10211000
2021-01-04,39.37739965528717,39.63822495905319,37.75598423526054,38.11271286010742,24171000
2021-01-05,38.09748366268311,38.486478731739716,37.859963143589994,38.37085723876953,15069000
2021-01-06,37.94062985131245,38.951661415139405,37.69324855111425,38.13423156738281,17226000
2021-01-07,38.725792281445905,39.84886205117768,38.59493170745364,39.74130630493164,21267000
2021-01-08,40.06486928503478,40.33286452335653,39.31645477493354,39.942970275878906,15271000
2021-01-11,39.49211946816079,40.22439888489206,39.475088760106296,39.95371627807617,11660000
2021-01-12,40.13387524042987,40.760394015499564,39.939377777990984,40.279075622558594,13846000
2021-01-13,40.36064768173857,40.64656944085858,40.164358550994756,40.44221115112305,13118000
2021-01-14,40.648356015858155,41.09560957457904,40.45295932011259,40.519287109375,19692000
2021-01-15,40.17062893403675,40.33375585765879,39.49660804308182,39.961788177490234,18165000
2021-01-19,40.17959550816449,41.184356276860825,40.17959550816449,41.164634704589844,18819000
2021-01-20,41.18704279616004,41.74902553406937,40.781912885521834,41.3985710144043,14710000
2021-01-21,41.41918232997453,42.07886339485556,41.26591618533554,41.84134292602539,15749000
2021-01-22,41.563494455864216,41.90677906103444,41.44338707037583,41.68001174926758,16248000
2021-01-25,42.086932202356,42.12636850489294,40.878712484350274,41.659393310546875,14692000
2021-01-26,41.46758403836115,41.8601657018001,41.398568798056715,41.576934814453125,10742000
2021-01-27,40.830317910732646,40.95759181107496,39.57280089861406,39.85872268676758,21857000
2021-01-28,40.82940921019726,41.09381771424635,40.06754741821296,40.489707946777344,16946000
2021-01-29,40.32478678437846,41.059757036065925,40.12132436489575,40.378562927246094,22069000
2021-02-01,40.85810122774971,42.06542531345067,40.655537966273705,41.83417892456055,17027000
2021-02-02,42.104866384469915,42.75110010361176,41.94711430736208,42.74303436279297,16141000
2021-02-03,42.74750648718377,42.890019442492495,41.64146426504421,41.69524383544922,17857000
2021-02-04,41.23006564735526,42.23034390425511,41.00419757678068,42.182838439941406,15243000
2021-02-05,42.51446903669436,42.74661463083393,41.710483360914324,41.76874542236328,12488000
2021-02-08,42.01432890098387,42.432902807102636,41.73019879586735,42.368370056152344,17610000
2021-02-09,42.30563010885922,42.591551848586086,42.00267765802574,42.541358947753906,12758000
2021-02-10,42.772610164731994,42.79770661800198,41.72213896207548,42.130855560302734,14587000
2021-02-11,42.45711116522703,42.96442197008632,42.05377285059492,42.87837600708008,17123000
2021-02-12,42.87747621859886,43.65188297559216,42.56466296342622,43.589141845703125,13551000
2021-02-16,43.9978596662605,44.34741837670509,43.65188420954792,43.84100341796875,15163000
2021-02-17,43.401813607241515,43.571214655357274,42.57990139910033,43.24496078491211,14084000
2021-02-18,43.04329083571674,43.507578618610694,42.58617639839437,43.31487274169922,16715000
2021-02-19,43.6725064408512,44.379693154741624,43.62948345397836,43.9154052734375,17992000
2021-02-22,43.38120012237597,43.615133928803175,42.60320669586796,42.6964225769043,16967000
2021-02-23,42.22854195771731,42.54045935261895,40.87691358968208,42.296661376953125,21303000
2021-02-24,41.918431476093325,43.149056917595495,41.468483525489,43.10155487060547,15125000
2021-02-25,42.55211030461389,42.967100951193,40.80073031148058,40.97550964355469,23148000
2021-02-26,41.90497900251701,42.64264026369482,41.29639008419517,42.114715576171875,22640000
2021-03-01,42.995787078527506,43.918980888801556,42.472344859028546,43.8813362121582,24677000
2021-03-02,43.95213191620393,43.99605069446642,42.98681118844444,43.06837463378906,18546000
2021-03-03,42.843417748247155,43.14726605202232,41.40663893645553,41.504337310791016,23991000
2021-03-04,41.37975131325002,41.8574831711689,39.565629862646006,39.75923156738281,34575000
2021-03-05,40.71468687099222,40.871539689027486,38.810037205521866,40.34630584716797,42414000
2021-03-08,40.04963073998314,40.150915784215506,37.57851568400965,37.75688171386719,45243000
2021-03-09,39.05114227286881,40.05589948740278,38.59492369518981,39.7601203918457,37884000
2021-03-10,40.096231367329985,40.694962848733425,38.9982549612091,39.221435546875,19914000
2021-03-11,40.24592341483084,41.00150786393521,39.624782784246264,40.66449737548828,26170000
2021-03-12,39.917878099238905,40.64657453453583,39.84258873344902,40.43863296508789,18906000
2021-03-15,40.798049716234935,42.23662014726675,40.619683681844094,42.19538879394531,31241000
2021-03-16,42.24018644824821,43.38118565172018,41.894214537302425,42.859535217285156,31190000
2021-03-17,42.15326310862079,43.674296299751646,42.12727084069101,43.34445571899414,23754000
2021-03-18,42.535086310557254,43.32293708593399,41.56617865760136,41.60203170776367,28728000
2021-03-19,41.28587584449798,43.059074951828684,41.01939701761666,42.85853958129883,108602000
2021-03-22,42.71852127479739,43.47459147818029,42.60651010854927,42.9326057434082,31805000
2021-03-23,42.797101755483894,42.940728679259536,41.79171673491518,41.91908264160156,24712000
2021-03-24,42.4059806267359,42.45476024553043,41.269614679631914,41.305747985839844,20882000
2021-03-25,41.09708144636708,41.91548396844388,40.58671140494732,41.70591354370117,17537000
2021-03-26,41.24882668558261,43.62995430825633,41.24882668558261,43.543235778808594,28925000
2021-03-29,43.39510597856717,43.463757878269774,42.29938747636699,42.69232940673828,28410000
2021-03-30,41.902827151744376,41.91366783034235,40.79536534185097,41.20547103881836,27935000
2021-03-31,41.462014502791746,42.19098643510336,40.86582883099362,41.882957458496094,28684000
2021-04-01,42.64264428216856,43.050038130164104,42.3833914588051,42.99312973022461,23528000
2021-04-05,43.38607104842529,44.229766130738696,43.07171888161178,44.12498092651367,22966000
2021-04-06,43.64080804214009,44.10149562959895,43.15482438398541,43.70855712890625,18063000
2021-04-07,43.35987773227593,43.71216885213464,43.17831183184482,43.5811882019043,12074000
2021-04-08,44.0798166339085,44.0798166339085,43.3698140785559,43.85398864746094,18121000
2021-04-09,43.35896381530445,43.83862075363182,43.046417344664285,43.818748474121094,16614000
2021-04-12,43.53330703037179,43.848561971762926,43.23250403048329,43.69048309326172,23247000
2021-04-13,43.81062535913225,44.10149051096541,43.38516486515239,43.807010650634766,15281000
2021-04-14,43.582088285963074,44.18911120232938,42.924476680705006,43.115074157714844,18220000
2021-04-15,43.50711511499442,43.567634778597494,43.06810548210948,43.358970642089844,18370000
2021-04-16,43.40233048937827,43.519762001259906,43.06810605110441,43.249671936035156,16263000
2021-04-19,43.04551675940514,43.069906563751346,41.556859999724345,41.73300552368164,26319000
2021-04-20,41.55324494667788,41.735713624104754,41.059132600592264,41.30483627319336,19128000
2021-04-21,41.120564394526625,41.58306103204252,40.88389573564431,41.53337860107422,25947000
2021-04-22,41.10971995921393,41.65532038845684,40.558702636202945,41.110626220703125,27057000
2021-04-23,41.4159488250362,42.26144955682116,41.32652182388575,42.1060791015625,22890000
2021-04-26,42.186471035845386,42.801626204413814,41.87482733516575,42.622772216796875,18271000
2021-04-27,42.789884671945764,42.84046991891453,42.00942460679244,42.12594985961914,13267000
2021-04-28,42.03742360159057,42.09162355460704,41.19553765073043,41.480079650878906,15940000
2021-04-29,42.427659180214995,42.427659180214995,41.46472696410132,42.12053298950195,14650000
2021-04-30,41.52615910396929,41.61829800872617,40.995913301019165,41.2090950012207,19367000
2021-05-03,41.52976744450923,41.5378996783221,40.49366916882318,40.661685943603516,15098000
2021-05-04,40.39790789231372,40.44126715922592,39.502724934768864,40.155818939208984,23497000
2021-05-05,40.68607012644998,40.77911182764219,39.95980661361436,40.09169006347656,16388000
2021-05-06,40.088979765880914,40.56683111492423,39.73126836581431,40.5207633972168,13495000
2021-05-07,41.063657416304046,41.40601410483245,40.5767709542716,40.8820915222168,11712000
2021-05-10,40.50270805652928,40.516257186352284,39.363630093454155,39.39344024658203,25239000
2021-05-11,38.39075742722607,39.904707052391586,38.214611874699486,39.75204849243164,17887000
2021-05-12,38.778273421130436,38.920091280062444,37.86141248631674,38.154083251953125,29940000
2021-05-13,38.83246863501363,39.27780136963969,38.448561818100345,38.8966064453125,21841000
2021-05-14,39.41962827368895,40.208220561293146,39.027592615006796,39.892059326171875,16964000
2021-05-17,39.93903659289768,39.93903659289768,39.098956174248265,39.74030685424805,15725000
2021-05-18,40.09981376981779,40.14678774522456,39.138690809545636,39.18024444580078,17824000
2021-05-19,38.48108041975871,39.97154623394512,38.45398216905528,39.90108871459961,21369000
2021-05-20,40.26512990428703,41.48911715396885,40.227190968689285,41.10069274902344,21886000
2021-05-21,41.370774473431766,41.370774473431766,40.58940829674871,40.76103973388672,13216000
2021-05-24,41.27412994483614,41.77275644893383,41.22354469725901,41.47917938232422,14420000
2021-05-25,41.72396959765015,41.81972318184115,41.23618385857837,41.51078796386719,9600000
2021-05-26,41.62189601278013,41.74203595410096,41.148562217866775,41.59660339355469,9873000
2021-05-27,41.55234878181813,42.31474564965125,41.52073300210121,42.24609375,19098000
2021-05-28,42.45566065743983,42.87299239502982,42.24609369585078,42.666133880615234,19946000
2021-06-01,42.94706435566964,43.17831269515176,42.202737531872906,42.30300521850586,16277000
2021-06-02,42.62095964681281,43.15120530235185,42.40777800587689,42.7925910949707,13286000
2021-06-03,42.347253641674335,42.43397217171612,41.84681818586456,41.98592758178711,20389000
2021-06-04,42.50081570824381,43.21443279357045,42.41229154567976,42.90730667114258,23865000
2021-06-07,42.72665711014747,42.860349657524075,41.77547174749486,41.893802642822266,24142000
2021-06-08,42.27951633549235,42.67155201487106,41.86941400350766,41.871219635009766,16615000
2021-06-09,42.201832334387895,42.201832334387895,41.70771990130167,41.907352447509766,12126000
2021-06-10,42.04916680791769,42.414104196479926,41.571315435743514,42.33551788330078,15413000
2021-06-11,42.31474756467739,42.64806921330984,42.19821885938329,42.51889419555664,14508000
2021-06-14,42.49993078508633,42.98862296181839,42.09976280818677,42.9822998046875,14675000
2021-06-15,43.048223745882886,43.04913000730214,42.324672209646764,42.522499084472656,11131000
2021-06-16,42.48004729905401,42.55682798027905,41.68603471170626,42.07175064086914,20437000
2021-06-17,41.99316330666519,42.928993815216614,41.90825383375944,42.56134796142578,20881000
2021-06-18,42.20905844289026,42.43398361400557,41.59841730593918,41.868507385253906,28537000
2021-06-21,41.98412100345468,42.36738996679649,41.735587601001335,42.29729080200195,18591000
2021-06-22,42.47663895149796,42.65871619495353,41.99777673887514,42.2827262878418,13722000
2021-06-23,42.2290149964957,42.594985772141385,42.15436294543071,42.48392105102539,17674000
2021-06-24,42.77797860568231,43.120285532523496,42.660541217529456,42.79345703125,12502000
2021-06-25,42.91089378022175,43.011036448613424,41.87761078138071,42.07789611816406,19100000
2021-06-28,42.42383570908846,43.36062244139244,42.37922714782014,43.04289627075195,13987000
2021-06-29,43.00375924569951,43.45348795363333,42.855368463057914,43.43892288208008,14184000
2021-06-30,43.528138807532635,43.57001772812322,43.01832311621343,43.41069793701172,15381000
2021-07-01,43.50173212486471,43.50173212486471,42.69058210490232,42.755218505859375,11153000
2021-07-02,43.404321444906216,43.5691039913305,41.48705607962582,42.621395111083984,37054000
2021-07-06,42.82441262025685,43.40250423601471,42.6332330439749,43.08660125732422,13870000
2021-07-07,43.24318313967777,43.275956281582026,42.45752372535111,42.74611282348633,12581000
2021-07-08,42.279996744850635,42.886311987547415,42.019624445460366,42.8335075378418,16011000
2021-07-09,42.74883925897043,43.77848252037575,42.60864094046213,43.71475601196289,16782000
2021-07-12,43.81854343027666,44.97472996418909,43.08477514037993,44.22184371948242,33142000
2021-07-13,44.18361274141913,44.38389461151997,43.88045507866692,44.06344223022461,11806000
2021-07-14,44.53592365277045,44.790833191107616,43.766652569997696,43.84312438964844,14020000
2021-07-15,43.996980442397316,44.10349576099051,43.07203254622585,43.456214904785156,12624000
2021-07-16,43.6127992939544,43.72386750215659,42.53855072366569,42.61228942871094,13980000
2021-07-19,42.194423375261486,42.42110920195044,41.6582072448228,42.393798828125,14938000
2021-07-20,42.595899492901175,42.99282364611991,42.17530102648584,42.65962600708008,20727000
2021-07-21,42.754308857548565,43.63282840425772,42.65143307224616,43.60915756225586,13660000
2021-07-22,43.38884998447783,43.60643005844162,43.19858028690508,43.3642692565918,12583000
2021-07-23,43.70111345346719,44.024302473118375,43.40979117259574,43.98515319824219,13489000
2021-07-26,43.895026881510226,44.027942717720656,43.66925089468628,43.90230941772461,11160000
2021-07-27,43.767558876947625,43.86314864370153,42.587701592035515,43.27595138549805,14715000
2021-07-28,43.39794855357529,43.61462219890607,43.181278381079466,43.48443603515625,8359000
2021-07-29,43.559085143555755,44.22912692762791,43.4653151334399,44.072540283203125,9162000
2021-07-30,43.87680248791859,44.27554984826615,43.6592224739793,44.18997573852539,11548000
2021-08-02,44.522280685806386,45.0275435420485,44.017931185335755,44.12444305419922,15619000
2021-08-03,44.198173770806484,44.40483174716331,43.69473081114554,44.316524505615234,11135000
2021-08-04,44.47492979037956,44.60693570801028,44.06343708631635,44.408470153808594,12123000
2021-08-05,44.647895835055316,44.647895835055316,44.14354306680505,44.396629333496094,8372000
2021-08-06,44.15994535893488,44.43761243419195,44.06526544957783,44.192718505859375,9964000
2021-08-09,44.28922215931281,44.320175543309546,43.78942207352137,44.12444305419922,5952000
2021-08-10,44.23549544165324,44.28556676787783,43.50081732660187,43.904117584228516,9319000
2021-08-11,44.13626840372001,44.24187383837832,43.679257230077525,44.02156066894531,9816000
2021-08-12,43.90594667966552,44.15357024274523,43.40068389699905,44.08620071411133,8702000
2021-08-13,43.93598884692402,44.514990320328224,43.89046692545318,44.25917434692383,8582000
2021-08-16,44.13808822449661,44.50952177324546,44.098938960373296,44.439422607421875,9188000
2021-08-17,44.20726813784324,44.26462546597326,43.199475989500215,43.579105377197266,16499000
2021-08-18,43.39340077956692,43.43254657659632,42.63778132271304,42.6942253112793,15616000
2021-08-19,42.45569898563544,43.31874354704481,42.11976821553613,43.10935592651367,14044000
2021-08-20,43.04472231499592,43.355162498747134,42.828048673304686,43.25865936279297,10007000
2021-08-23,43.36425587434893,44.261893215254034,43.30690201792605,43.921409606933594,15707000
2021-08-24,43.91687093922847,43.975134692460855,43.71294259366258,43.82856369018555,9429000
2021-08-25,43.84131084834834,44.26918845149614,43.84131084834834,44.008819580078125,10017000
2021-08-26,43.97148524911358,44.43669226973863,43.75299533828014,44.22093200683594,10836000
2021-08-27,44.42758834634898,45.19504313263557,44.302868435132496,45.1495246887207,16459000
2021-08-30,45.519143374168515,46.233793786229555,45.35982706692593,45.4180908203125,19614000
2021-08-31,45.63658139622331,45.63658139622331,44.85456150598465,45.26514434814453,17378000
2021-09-01,45.17956491860358,45.44994940814021,44.87185787478087,44.89643859863281,12586000
2021-09-02,45.13586183134107,45.15316001918338,44.62331662975839,44.78172302246094,16991000
2021-09-03,45.146786667153314,46.06536175404551,45.06758520844902,45.307926177978516,25191000
2021-09-07,45.300648865578765,45.300648865578765,44.69979632644166,45.208702087402344,12398000
2021-09-08,45.48454982934199,45.50912708254339,44.43669827445262,45.00750732421875,13987000
2021-09-09,44.86821178151916,45.400784834078316,44.86821178151916,44.926475524902344,13174000
2021-09-10,45.25058025772891,46.0644599522032,45.20141880696606,45.3507194519043,16110000
2021-09-13,45.70121084565551,45.74399963695269,44.905535889948816,45.42445373535156,14927000
2021-09-14,45.70121606636709,46.01256611460918,45.369834707647264,45.68938064575195,14134000
2021-09-15,45.71214408647546,46.49325063397673,45.466340306778804,46.405853271484375,23346000
2021-09-16,45.99254193216485,46.352143574134516,45.5382603905842,46.18827438354492,17569000
2021-09-17,45.880557948797914,46.21284917393552,45.61017347176921,46.065364837646484,34470000
2021-09-20,45.428104473386405,45.79225552062137,44.46674042997709,45.04756164550781,30105000
2021-09-21,45.25573387136607,45.27957819037949,44.660566935029024,45.02647018432617,16935000
2021-09-22,45.32542207838203,46.12784483874186,45.13926080958082,45.90683364868164,20610000
2021-09-23,46.082909129904316,46.52126180622923,45.90683341939967,46.24706268310547,18370000
2021-09-24,46.06090563465838,46.357112499586556,45.92884883968279,46.303924560546875,10605000
2021-09-27,45.832557746890345,46.38645883777512,45.61246309230976,46.29750442504883,9831000
2021-09-28,45.57761503394386,45.985704057476525,44.985197837018426,45.02921676635742,20124000
2021-09-29,45.26857172819581,45.327262475341406,44.7201733909461,44.887996673583984,15783000
2021-09-30,45.35020043539251,45.35020043539251,44.42947929368383,44.47074508666992,15735000
2021-10-01,44.73851332066231,44.81279592665541,43.789361847767786,44.69266128540039,16052000
2021-10-04,44.47074243377742,44.62022072839565,43.356520611891106,43.6472282409668,20093000
2021-10-05,43.64630093855207,44.916420098380875,43.59035984888366,44.51566696166992,16557000
2021-10-06,44.30566447541678,44.87607402303051,43.99111607750144,44.82379913330078,12042000
2021-10-07,45.176864164796655,45.84356399410305,45.176864164796655,45.295162200927734,13261000
2021-10-08,45.56111068450504,45.66932316663233,45.0530615992439,45.19704055786133,10279000
2021-10-11,45.049403404547135,45.815143372347045,45.01363692169828,45.1502799987793,11186000
2021-10-12,45.471240047634055,45.55010540873272,44.20387047635536,44.502830505371094,20991000
2021-10-13,44.125925122155664,44.512002999340226,43.977363396105055,44.47807312011719,16424000
2021-10-14,45.10625372986334,45.77478669753335,45.01087995604719,45.63264083862305,19233000
2021-10-15,46.2562352350161,46.39012512980788,45.95177591817072,46.15077590942383,25103000
2021-10-18,45.88850321416237,46.21772342912086,45.729852437206056,46.160865783691406,16042000
2021-10-19,46.24889919498484,46.84957236715126,46.01504928065614,46.8055534362793,16383000
2021-10-20,46.861497102222884,47.0843414381519,46.62673410485196,46.71385192871094,13458000
2021-10-21,46.71661259896462,47.20906993969707,46.641413424444416,47.1503791809082,11787000
2021-10-22,47.20447864239705,47.81340438277843,47.04674440264583,47.26592254638672,15367000
2021-10-25,47.4566672193272,48.09952280118299,47.244828493581124,47.876678466796875,12416000
2021-10-26,48.166467701714986,49.061514773051556,48.05367245318906,48.958805084228516,24043000
2021-10-27,48.770799004435894,49.160546525720655,47.857414068748696,47.9720458984375,23500000
2021-10-28,48.066512108802634,48.59931863004185,48.001398502684474,48.56447219848633,11872000
2021-10-29,48.00781084485437,48.80106467810604,48.00781084485437,48.75704574584961,15564000
2021-11-01,48.63508114914732,48.84050051409654,48.138954201989655,48.42507553100586,16896000
2021-11-02,48.37006125195855,49.596165343257816,48.2994483302728,49.25226974487305,16262000
2021-11-03,49.43382608672471,49.868512560995946,48.949621379731695,49.73828887939453,14038000
2021-11-04,49.86943583248369,50.35272405377889,49.60532223037479,50.31145477294922,15956000
2021-11-05,50.43800461542074,51.3247955744479,50.42057965391523,51.25601577758789,18674000
2021-11-08,51.53572645626603,51.711802206352054,51.18082880128556,51.2587776184082,17231000
2021-11-09,51.28077941279978,51.529301146817076,50.90937338730538,51.1533088684082,15838000
2021-11-10,50.83235467530464,51.43761078471452,50.25919534827684,50.32522201538086,18450000
2021-11-11,50.684698164890946,51.090954132866564,50.32888048630026,50.93321990966797,14157000
2021-11-12,51.20925009982498,51.890621756086,50.858935239519276,51.650352478027344,13592000
2021-11-15,52.06028825837106,52.06028825837106,51.339483782269106,51.884212493896484,13972000
2021-11-16,51.73014058931124,52.229017186630195,51.60633624181451,52.15932083129883,13194000
2021-11-17,52.10154942323514,52.396843272790385,51.73105990846813,52.23910903930664,12532000
2021-11-18,52.373000469005575,52.88930207230185,52.23911055144537,52.713226318359375,12712000
2021-11-19,52.848029750046685,52.933317968961795,51.89887822142375,52.15473937988281,19612000
2021-11-22,52.42618078417585,52.45919410866242,50.66543749422307,50.738800048828125,25898000
2021-11-23,50.65993039290483,50.97539529803156,50.30319621195634,50.907535552978516,17109000
2021-11-24,50.7342260426693,51.270702278370564,50.198662859757775,51.23860549926758,12084000
2021-11-26,50.60032985108624,51.10746243141667,49.8254209414,50.12529754638672,14219000
2021-11-29,51.00658519144809,52.04744431165435,50.77548839753268,51.75306701660156,18703000
2021-11-30,51.65494113701632,51.81267536116539,50.62142147045233,50.77548599243164,22574000
2021-12-01,51.67420054541812,52.1327279193908,50.74339053597935,50.87453079223633,21980000
2021-12-02,50.07761159528656,51.273451875330935,49.8877840723924,50.66269302368164,22619000
2021-12-03,51.80809361244337,52.18041973788448,50.47469724301383,51.18266296386719,20305000
2021-12-06,51.78150389953303,52.12264982589202,50.98366713406344,51.811767578125,22482000
2021-12-07,52.45553292163697,54.387765871813635,52.45553292163697,54.142913818359375,29562000
2021-12-08,54.192432250915466,54.192432250915466,53.412017103319755,53.97417068481445,17998000
2021-12-09,53.41384938570472,54.1282343727965,53.41384938570472,53.502803802490234,29080000
2021-12-10,57.22238001061313,59.12710237895576,56.728089665573115,57.92851257324219,57087000
2021-12-13,58.14126718711446,58.17978331514448,56.97018798756163,57.009620666503906,26898000
2021-12-14,56.659309920689445,56.73083937817672,55.540502028297006,56.3906135559082,35956000
2021-12-15,56.451138394638654,58.77036923661774,55.971519852902965,58.67866516113281,29092000
2021-12-16,58.44940065486308,58.75203039663669,56.07789845313263,56.91975402832031,42748000
2021-12-17,56.630882565520864,58.6905896254134,56.40803822502088,58.22930908203125,50661000
2021-12-20,57.43513763928043,59.24998899977874,57.32417200402444,59.15277862548828,32770000
2021-12-21,59.81451717071654,59.94095832523722,58.44859781888447,59.64285659790039,36534000
2021-12-22,59.37335735542015,60.65068256051706,58.99864952399506,60.469783782958984,28383000
2021-12-23,60.555620177660174,61.90308411647082,60.555620177660174,61.355796813964844,23596000
2021-12-27,61.355796947033674,62.41715056376246,61.32441374326964,62.2307243347168,19442000
2021-12-28,62.53252092864511,62.55190570925698,61.561613102917576,61.74342727661133,17247000
2021-12-29,61.81725991910916,62.48175721297812,61.75450055044448,62.07659912109375,14797000
2021-12-30,62.12180731201265,62.36176873220971,61.26718723829694,61.381629943847656,11473000
2021-12-31,61.55606052896524,61.956606495984204,61.21458426603913,61.412086486816406,12046000
2022-01-03,61.49607926748097,61.99260561296155,61.02538755756635,61.219200134277344,22591000
2022-01-04,61.17859444195979,62.03783374256682,60.65714177826167,61.920623779296875,21103000
2022-01-05,61.94739374983231,61.94739374983231,59.25245858766155,59.343833923339844,34961000
2022-01-06,59.08172458685231,59.86528381245075,58.55289252287545,58.792850494384766,28581000
2022-01-07,58.683934712811926,59.05864254997779,57.078976455225984,57.14265823364258,27832000
2022-01-10,56.19297819264682,57.40938547108666,55.704750006838665,57.32817077636719,29793000
2022-01-11,56.80948252444389,57.95944064832491,56.71995907084014,57.41030502319336,19037000
2022-01-12,57.91422136857109,58.23539751666539,57.19711128043026,57.40569305419922,18806000
2022-01-13,57.91052971349302,57.94836629456033,54.835356042200885,55.11592483520508,30048000
2022-01-14,54.98579474928632,55.410337627855554,54.636932080009416,55.04024887084961,25661000
2022-01-18,54.2972918728697,54.54832580692088,53.159328641312,53.32545471191406,35825000
2022-01-19,53.67524173517045,53.96596059001103,51.990910163861386,52.04997634887695,22692000
2022-01-20,52.42191969494908,52.61942546538174,50.46255711396857,50.550235748291016,25225000
2022-01-21,50.45055791140354,51.259036248751265,49.03848630295128,49.212921142578125,38010000
2022-01-24,48.99696705398333,50.1616946330249,47.382777275323946,49.98357009887695,54256000
2022-01-25,48.73023371684212,50.336117991171236,48.38137105952817,49.29690933227539,38158000
2022-01-26,50.94524527043879,52.99136046984115,50.76712076637793,51.417781829833984,49715000
2022-01-27,52.58065363008428,52.63049215110686,49.93279384523022,50.050926208496094,34183000
2022-01-28,50.14784771191087,51.72973538296548,49.13540298751815,51.69281768798828,30254000
2022-01-31,51.628200499492024,54.11732071106264,51.31440721242382,54.07209777832031,40288000
2022-02-01,54.07117432314526,54.81227766155685,53.14363773176932,54.703372955322266,25719000
2022-02-02,55.282989759604234,55.81828230688448,54.78737863337196,55.69184112548828,24443000
2022-02-03,54.975635359066764,55.28481304299301,53.54049295079524,53.60786437988281,30602000
2022-02-04,53.19532222039157,55.05500751304904,53.173170200662284,54.467105865478516,20548000
2022-02-07,54.46710957366001,55.52108739403887,53.91335833202808,54.233612060546875,18671000
2022-02-08,54.30282828833304,55.54600301856965,54.17454232250852,55.395565032958984,14570000
2022-02-09,56.05361960281061,56.45693642039272,55.51924603152079,56.4218635559082,22004000
2022-02-10,54.94149009576506,56.7264212171324,54.320363906681344,54.57786178588867,24920000
2022-02-11,54.57786092298282,55.353114749297845,52.521592222858516,52.92213821411133,27281000
2022-02-14,53.06796530628607,53.78876507972736,52.61296515819033,53.398372650146484,19291000
2022-02-15,54.36282247300187,55.93271149107166,54.290835442629,55.630916595458984,34284000
2022-02-16,54.82704495693309,55.45001946737766,54.19576872001732,55.117767333984375,22931000
2022-02-17,54.42465909717534,54.59816801273049,53.426980192234765,53.4371337890625,21424000
2022-02-18,53.61617058957296,54.24375358821263,52.90921070089627,53.52849197387695,19708000
2022-02-22,53.52849919743643,54.471723931602334,52.58896411961688,53.29499816894531,20204000
2022-02-23,53.55064597311675,53.99734082315221,52.121041490856264,52.162574768066406,22416000
2022-02-24,50.90647829011692,54.05456122890885,50.67021003113417,53.5294189453125,35316000
2022-02-25,53.51373768798957,54.395125540181134,52.975674497895675,54.26868438720703,22380000
2022-02-28,53.62171001440325,54.66461175591414,53.19532236079639,54.21607208251953,25005000
2022-03-01,53.97150483821406,54.232692391092364,52.172730344987094,52.61758041381836,24898000
2022-03-02,53.02366514139557,54.501263495189406,52.936912441122196,54.06287384033203,21771000
2022-03-03,54.79198745403717,54.79383228254034,53.00613361165733,53.40022277832031,26454000
2022-03-04,54.70983447034281,55.920707100862195,53.899511336518486,55.00516891479492,44757000
2022-03-07,55.10577062969262,55.262665519433355,52.60650023882799,52.671104431152344,26494000
2022-03-08,52.8067659082313,55.01070153677583,52.01674652266062,53.15563201904297,26993000
2022-03-09,54.340676487734896,55.526630037842935,54.17547281141936,55.10023880004883,22560000
2022-03-10,54.04256301036228,54.454184996566376,53.194399776104945,54.242835998535156,19323000
2022-03-11,54.636931713664175,54.861201576885506,53.26362602699135,53.330997467041016,19813000
2022-03-14,53.24884981014029,53.527573757770796,52.12196263717045,52.4034538269043,25234000
2022-03-15,53.277472308925866,55.07624338771867,53.07166127912447,54.70707702636719,28260000
2022-03-16,55.06608008562905,56.0868297409417,53.90412011501747,56.032379150390625,29454000
2022-03-17,55.81088554577978,56.021312150592344,55.156534815962274,55.62168502807617,18174000
2022-03-18,55.741659366462436,56.594438178215135,55.005168094403615,56.336021423339844,41538000
2022-03-21,56.27005556513501,56.27005556513501,54.71463847696766,55.86958694458008,25789000
2022-03-22,55.90954976540112,57.004100617346445,55.68747792547971,56.803401947021484,19262000
2022-03-23,56.49305690227564,56.80618621367056,55.671678626961224,55.69211959838867,13839000
2022-03-24,56.36575752098475,58.278904027910265,55.935557860326554,58.205501556396484,26016000
2022-03-25,58.26589203429365,58.5753031566316,57.61454926074461,58.432212829589844,14538000
2022-03-28,58.15439893303102,58.843837753021525,57.21594322300122,58.8048095703125,14427000
2022-03-29,59.46637272005439,59.95975613658107,58.537210646303535,59.602962493896484,23001000
2022-03-30,59.3613728677867,59.86497849494729,58.28912055788919,58.638484954833984,18626000
2022-03-31,58.58181529436643,59.37346254865331,58.35602886452708,58.50748062133789,21731000
2022-04-01,58.694235640616164,58.96183617928358,57.486325699017,58.2566032409668,16267000
2022-04-04,58.20457199556403,59.161611390431936,58.02803246858461,58.987857818603516,16484000
2022-04-05,58.49539491668619,58.74719773148952,56.95762940944936,57.06169509887695,19778000
2022-04-06,55.94299107702442,56.82662441982213,55.170856192160315,55.9355583190918,23742000
2022-04-07,55.73393411228343,56.459608097435485,55.121615894708555,56.03312301635742,16583000
2022-04-08,55.506289193341324,55.618719858430765,54.44611622637273,54.54182052612305,20464000
2022-04-11,54.131121773661214,54.753662185726874,53.83843700606486,53.94807815551758,23512000
2022-04-12,54.73787250435698,55.61871998022577,54.09303372493756,54.362491607666016,17350000
2022-04-13,54.6811837669148,55.44402854013764,54.453540063185905,55.05656814575195,20266000
2022-04-14,55.284212149827724,55.47654937063357,53.227975414238976,53.31996154785156,27385000
2022-04-18,53.227045986332776,54.933918284047934,53.227045986332776,54.49535369873047,21375000
2022-04-19,53.831937118977095,55.62893489328943,53.831937118977095,55.528587341308594,16581000
2022-04-20,56.139972060643004,56.997588985967944,55.29722419578591,55.53787612915039,13920000
2022-04-21,56.26447328830954,57.224298457833925,54.88188127635814,55.074214935302734,20352000
2022-04-22,54.83078739845918,55.63265334480954,54.47305799695912,54.53717041015625,21064000
2022-04-25,54.029850169022694,54.70535218201455,53.06631014773103,54.62358474731445,26959000
2022-04-26,54.24448396566975,54.398725213331225,52.00613211567293,52.039581298828125,35809000
2022-04-27,51.641893988898694,52.96966729432325,51.56849152287581,51.99032974243164,19313000
2022-04-28,52.58499777992643,54.35783627478567,51.84445481674902,53.79290771484375,22334000
2022-04-29,53.205682204192684,53.73158617695397,51.41983178976405,51.511817932128906,26108000
2022-05-02,51.76733930669971,53.67212095487457,51.69672278667889,53.5522575378418,26725000
2022-05-03,53.52066787362593,54.51858564637396,53.126699796248694,54.00011444091797,17064000
2022-05-04,54.0577202928301,56.127893958369256,53.332042823997156,56.08979797363281,23896000
2022-05-05,55.21359120923126,55.5518046866289,53.36084275148754,53.890464782714844,32806000
2022-05-06,53.421245418894735,54.818706723382704,52.909278319909156,53.900691986083984,20745000
2022-05-09,53.2298377348406,53.70556970328017,52.0581663741938,52.30439376831055,30074000
2022-05-10,53.93693266949081,54.92742126517361,53.129491254826334,54.02055740356445,29271000
2022-05-11,53.38779980983341,54.32718423250015,52.57756887130092,52.6937141418457,26660000
2022-05-12,52.348993275163814,53.29766770179662,51.87140400864924,53.10811996459961,25518000
2022-05-13,53.61729637392836,54.968296626059804,53.28744073579537,54.65702819824219,19449000
2022-05-16,54.29836479942822,54.74064749592906,53.67303850644477,54.13947677612305,14189000
2022-05-17,55.32695603721371,56.585973813092,55.1559919673452,56.50699234008789,24676000
2022-05-18,55.749726385039935,55.81662475233623,52.60730016949229,53.015201568603516,35024000
2022-05-19,51.8472492149282,52.10277023359623,50.07812503848727,50.751766204833984,34884000
2022-05-20,51.46628890364867,51.567568651547575,47.61398286584566,50.47115707397461,40281000
2022-05-23,48.68810062948396,49.7631391383365,47.783094010866066,48.90738296508789,58586000
2022-05-24,48.93526007080417,49.1406055547014,47.962426359376444,48.70668411254883,25060000
2022-05-25,48.67880014850888,49.93781432461662,48.67880014850888,49.39704132080078,17842000
2022-05-26,49.38867358471653,51.5285348563898,49.03373374875986,51.16523361206055,39743000
2022-05-27,52.227265601386016,54.398718830277815,52.03399973864229,54.19615936279297,37301000
2022-05-31,54.3095169295606,54.54459337275143,53.51972714184146,53.903472900390625,30009000
2022-06-01,54.59569780781024,54.90789840919799,52.81635180696719,53.298587799072266,18345000
2022-06-02,53.682336511700676,53.68419381491164,52.78848098565343,53.5884895324707,29488000
2022-06-03,52.85725332001001,52.9250803487716,52.12414295144722,52.34156799316406,20562000
2022-06-06,53.10347274734222,53.21497120691346,51.804505237144504,52.14736557006836,14557000
2022-06-07,52.08325681022056,53.38408171502039,51.80357667327779,53.24006271362305,15895000
2022-06-08,53.13135135770584,53.5448282467243,52.23192375151249,52.53111267089844,24004000
2022-06-09,52.1408559805283,53.30044763596384,51.654901814632865,51.68185043334961,18787000
2022-06-10,51.112279933984624,51.20055147293862,50.14873994186005,50.29275894165039,24018000
2022-06-13,48.946407871257804,49.52434474870334,47.94662914157831,48.09529495239258,31619000
2022-06-14,48.77821904933888,48.77821904933888,47.8137470217762,48.332218170166016,24380000
2022-06-15,49.16660685548786,49.60145327121898,47.90015650067118,48.93989181518555,19141000
2022-06-16,47.568456690610255,47.79888992803308,45.74079559350523,46.196083068847656,37244000
2022-06-17,45.99352258841564,46.491552807089164,45.33102886814113,46.33266830444336,43504000
2022-06-21,47.225501645818206,47.86537931614021,47.1140151736343,47.19645690917969,21901000
2022-06-22,46.49756410098429,47.19646412818734,46.29988331306514,46.47789001464844,24721000
2022-06-23,47.0072115676194,47.0072115676194,46.00102066859611,46.52285385131836,16707000
2022-06-24,47.31169554746177,47.94876420905895,46.97910880960487,47.69487380981445,21201000
2022-06-27,48.13613389133512,48.15861702594933,47.10745632520112,47.37820816040039,13207000
2022-06-28,48.02464912128325,48.16892573493908,46.66619384904883,46.69804763793945,15667000
2022-06-29,46.41979575786492,46.461952975063745,45.59441705704671,45.94480514526367,14444000
2022-06-30,45.72182769797065,46.2567768567443,45.03604034543414,45.51384353637695,18890000
2022-07-01,44.914266853616425,45.369579930865186,43.9792741355858,44.76717758178711,21315000
2022-07-05,44.22004193080052,44.68191654243168,43.46211611805588,44.622894287109375,20711000
2022-07-06,45.01917837282028,45.63001479668246,44.547933214241056,45.214046478271484,22975000
2022-07-07,45.72932465921635,46.97348072345162,45.72932465921635,46.70647430419922,21319000
2022-07-08,46.18651479968157,46.80859463123813,45.906392320149706,46.72052764892578,12713000
2022-07-11,45.85861605076129,46.05816593736702,45.06134213333453,45.23747253417969,21449000
2022-07-12,45.70215980285087,46.149978397113344,44.976087839884386,45.09788131713867,21159000
2022-07-13,44.499220006734234,45.49791641238179,44.24720234874412,45.1316032409668,17665000
2022-07-14,45.199060702189065,45.59535499741838,44.3540078891077,45.40423583984375,19957000
2022-07-15,45.98416050039019,46.35047375268163,45.54383265800962,46.324241638183594,18714000
2022-07-18,46.858246302100284,47.06904310537206,45.736820031625086,46.005699157714844,18042000
2022-07-19,46.54346284079636,47.906599831371395,46.45820848034193,47.686439514160156,27257000
2022-07-20,47.737029010940574,48.49308207294333,47.262038373639875,47.94594955444336,27412000
2022-07-21,48.01902531384767,48.511813734572755,47.40725247188492,48.499637603759766,13912000
2022-07-22,48.605506029681386,48.69731842298074,47.469087320700325,48.01621627807617,17867000
2022-07-25,47.82322253427906,48.09116532496121,47.455033051072476,48.07149124145508,15061000
2022-07-26,48.21388679109497,48.418121969140046,47.678934079217235,47.88223648071289,17958000
2022-07-27,48.548354475809994,49.67165708227783,48.429373624441354,49.446807861328125,25699000
2022-07-28,49.521756336245446,50.26468971830467,48.771325002312246,49.992061614990234,14867000
2022-07-29,49.83935781818969,50.38742311527009,49.679152521476055,50.167259216308594,18482000
2022-08-01,49.78782615609499,50.571044049629634,49.69507384723673,50.25063705444336,11485000
2022-08-02,49.95551817944607,50.51576309363693,49.3943369148162,49.767208099365234,13072000
2022-08-03,50.14945688119426,51.340212469830995,50.039843109088444,51.22216796875,19228000
2022-08-04,51.37861872526797,51.82269186903853,51.060084447397074,51.78990173339844,16293000
2022-08-05,51.04978922743038,51.71496269958171,50.89801465475588,51.662498474121094,14357000
2022-08-08,51.46668907418722,51.80770650718031,50.47267436316718,51.10880661010742,13722000
2022-08-09,50.505469417860766,50.529828829405176,49.443065276249946,49.91617965698242,20072000
2022-08-10,51.15846042674046,51.623147626835085,50.51951910046749,51.56599807739258,19519000
2022-08-11,51.89765185016862,52.255534353267244,50.98889139831752,51.09944152832031,14268000
2022-08-12,51.32240904000724,52.31548740332261,51.1200465356761,52.29862594604492,18399000
2022-08-15,51.92387901025186,52.44477581984553,51.5744272700214,52.36701583862305,14329000
2022-08-16,52.23211272193625,52.27146089264878,51.15378342996714,51.68217468261719,14782000
2022-08-17,51.0001369259501,51.031990718038976,49.75129530136222,50.4586296081543,19022000
2022-08-18,50.910190019175566,52.51691393460955,50.74342670312074,52.319236755371094,23459000
2022-08-19,51.608162915107265,52.05036347139216,51.32804037767016,51.3805046081543,16923000
2022-08-22,50.831498558654495,50.88021380830023,49.37748541415892,49.53675079345703,18555000
2022-08-23,50.01454166795072,50.36774235436773,49.55173079573391,49.63323974609375,9003000
2022-08-24,49.61263817937805,49.7756525353692,49.03927709459145,49.7325553894043,11883000
2022-08-25,49.9770776753518,51.572558359639245,49.86559119715842,51.53976821899414,17345000
2022-08-26,51.41891090836185,51.62033707844132,48.71699260701894,48.79756164550781,25682000
2022-08-29,48.71699394313491,48.97369339692554,47.96750244339662,48.17173767089844,16580000
2022-08-30,48.42093595723077,48.52118264259059,46.97348103634124,47.44191360473633,18282000
2022-08-31,47.7951196204269,47.7951196204269,46.51910952427454,46.759883880615234,32445000
2022-09-01,46.04410834381311,46.214617048186234,45.04822100254477,46.09469985961914,31930000
2022-09-02,48.52961881374562,48.699191193796004,46.68399671749794,46.86387252807617,40426000
2022-09-06,46.70554665280893,47.218012803803404,45.941062791259,46.67462921142578,24738000
2022-09-07,47.115895022692925,47.72673162290336,46.75707614172235,47.32387924194336,20440000
2022-09-08,47.08685125051863,48.03683266493535,46.72147433325953,47.9609489440918,22535000
2022-09-09,48.28977638905052,49.27629671327321,48.28977638905052,48.941837310791016,23019000
2022-09-12,49.34936955480126,49.771895924687165,49.144198008802626,49.5657844543457,18157000
2022-09-13,48.13987795674448,48.55490996282411,47.0006503025467,47.18521499633789,35136000
2022-09-14,47.51125042652009,48.0611884624676,47.102776389824655,47.85039520263672,20605000
2022-09-15,47.679878802733924,47.92627121698583,46.5884300620684,46.85637283325195,36574000
2022-09-16,46.629658111950576,47.18896679842842,45.89328265952037,47.07748031616211,59012000
2022-09-19,46.32048556995566,47.16085296493275,46.32048556995566,47.0156364440918,17948000
2022-09-20,46.468506591023555,46.73364029527993,45.88015686402408,46.19306945800781,17132000
2022-09-21,46.38485891020363,47.224715884077575,45.51382524725979,45.54878234863281,20669000
2022-09-22,45.5761731223606,45.6498605208627,44.685300510998665,45.120819091796875,23540000
2022-09-23,44.86952255747734,45.15671854663174,43.64611060126872,44.277183532714844,29649000
2022-09-26,44.3055192267511,44.71364150593816,43.58091991778514,43.67066955566406,19361000
2022-09-27,44.35938363312509,44.391500923418576,43.12746643779692,43.905914306640625,17850000
2022-09-28,43.58375511684172,44.28379440553647,43.112338845179266,44.02021789550781,27605000
2022-09-29,43.54219888027661,43.586601611365104,42.02875444116692,42.52473449707031,39997000
2022-09-30,42.42364143743455,43.251220155052906,41.91160280568362,41.94655990600586,27202000
2022-10-03,42.440648162078425,43.54691786441684,42.2261953597712,43.15296936035156,21479000
2022-10-04,44.26017338060981,45.36171831233179,44.01076711696801,45.333377838134766,27277000
2022-10-05,44.642786263330024,46.110879716579824,44.53981059168633,45.80006790161133,18493000
2022-10-06,45.704663600345114,46.26299339534709,45.22569003173327,45.29937744140625,17250000
2022-10-07,44.62672668966055,44.717420533982974,43.36458090034254,43.50251007080078,28425000
2022-10-10,43.45716849762547,43.46661412248551,40.79683222123024,41.350440979003906,33454000
2022-10-11,41.11425382431685,41.44490469637058,40.2054306214054,40.69479751586914,28046000
2022-10-12,40.835561793566036,41.16338007991394,40.435000310899454,40.676849365234375,15046000
2022-10-13,39.43454775741362,41.92388621047774,39.21253772763064,41.37594985961914,27980000
2022-10-14,41.877588015100265,41.94182978711678,40.28384356703185,40.349029541015625,22816000
2022-10-17,41.52521013320999,41.68486675920751,40.943260974645916,41.130313873291016,24120000
2022-10-18,42.34333798334317,42.37545887126825,40.638116336365314,41.07930374145508,20341000
2022-10-19,40.92814487589353,41.4071183382901,40.70613489013297,41.12369918823242,12702000
2022-10-20,41.1076423085463,41.774616496338496,40.447281138436765,40.65134048461914,23402000
2022-10-21,40.82044330723939,42.574792078301996,40.54458498901194,42.48693084716797,26980000
2022-10-24,42.77034814643413,43.34285166378198,42.617304542813265,43.12839889526367,25287000
2022-10-25,43.26728110398022,43.85962019094452,43.15769239054237,43.463783264160156,18246000
2022-10-26,43.26726786632103,44.56814737449766,43.01691743007109,43.568634033203125,29291000
2022-10-27,44.028721001917454,44.47462942143522,42.9763033255287,43.0225944519043,18512000
2022-10-28,43.169966891800925,44.811890891011025,43.046207959616375,44.67585372924805,23094000
2022-10-31,44.10430361440057,44.66735439189714,43.930473124487506,44.41322708129883,19259000
2022-11-01,44.949825456420704,45.047128717892406,43.756642410711734,44.203495025634766,16324000
2022-11-02,44.42834589912079,45.38912568923178,43.05283070088695,43.08211898803711,21070000
2022-11-03,42.60124989454641,42.78263398891938,41.6962070152819,41.956947326660156,23887000
2022-11-04,43.16052033643601,44.29701875675743,42.82230863564318,43.957862854003906,28891000
2022-11-07,44.096733079493404,45.133091960748914,43.605481411947665,44.895023345947266,17687000
2022-11-08,45.46469197333423,46.177957240895736,44.73253185587036,45.545936584472656,20743000
2022-11-09,45.204897194793276,45.25213612658468,44.310247758020594,44.35181427001953,23695000
2022-11-10,46.38580171310874,47.91341618555509,46.02586610987002,47.85673522949219,33970000
2022-11-11,47.68950897811959,49.03101448449762,47.42498828833693,48.94504165649414,26728000
2022-11-14,48.689973430109326,49.599737264582785,48.46418302304374,48.48496627807617,21608000
2022-11-15,50.06643294388699,50.31300662583085,48.73910108267522,49.543060302734375,23315000
2022-11-16,48.815620206933914,48.98755866475241,48.207218983136435,48.34420394897461,25405000
2022-11-17,47.708408841165095,48.4396212263966,47.53268996284877,48.380104064941406,20375000
2022-11-18,48.82979970055515,48.91104433119547,48.275246714470065,48.668251037597656,14536000
2022-11-21,48.45852270458488,49.20579743775402,48.285640012501744,48.88364791870117,18622000
2022-11-22,49.406069531079346,50.09665955460214,49.03196014277875,50.07493209838867,18920000
2022-11-23,50.103269771135075,51.154743089296296,49.956839193673936,50.41408157348633,13964000
2022-11-25,50.13540157809509,50.50289800848074,50.021091859192204,50.06171417236328,7455000
2022-11-28,49.62052630443924,49.95306923519956,48.77027953000032,49.33427810668945,23505000
2022-11-29,49.40890482935296,49.67815015521497,48.63707015058824,49.256805419921875,12694000
2022-11-30,49.5137636418725,52.11647058405287,48.920480506894044,52.05695343017578,47349000
2022-12-01,52.05695438821257,52.18827053068214,51.20009115163873,52.03050231933594,23006000
2022-12-02,50.73624096149875,51.27000700730953,50.64460291292115,51.090511322021484,19320000
2022-12-05,50.80425581826062,50.965804445848164,49.64413795731546,50.13066864013672,18548000
2022-12-06,50.131625618894915,50.40748401671224,49.29082438724382,49.67532730102539,19655000
2022-12-07,49.08769214295166,49.597842242362255,48.752316689771696,48.98377227783203,16524000
2022-12-08,49.20201240357475,50.298832749950776,49.16138649133355,50.1722412109375,27514000
2022-12-09,52.04846400631118,52.20906485746053,51.109408154374904,51.460845947265625,37028000
2022-12-12,51.46367408207703,52.608677613914914,51.22654963441142,52.586002349853516,23416000
2022-12-13,54.39891911089508,54.967638608613385,53.37956301934439,53.94734191894531,40414000
2022-12-14,53.712120892896586,55.32759320476788,53.63465306616874,54.26856231689453,35218000
2022-12-15,53.261479116681116,53.51749842184081,52.68709073653067,52.715431213378906,36876000
2022-12-16,52.66347652692455,52.88548656126296,52.041852755366975,52.51799011230469,49549000
2022-12-19,52.776140462315944,53.01047938675567,51.98547779883964,52.357948303222656,25092000
2022-12-20,51.93307946374745,52.29792965826567,51.52822373356806,51.82353210449219,29831000
2022-12-21,52.17123018452254,53.52774089304205,52.10264407514871,53.46296310424805,25619000
2022-12-22,52.71231439792483,52.863778734066834,52.126465273764126,52.68754577636719,27553000
2022-12-23,52.39319306864887,52.73803507425318,52.15027815602209,52.62467575073242,13761000
2022-12-27,52.54084599365938,53.1657558506763,52.10169716626355,52.73041534423828,16677000
2022-12-28,52.54942820606832,53.13337324467626,51.67398305443804,51.90641784667969,15410000
2022-12-29,52.569427796717584,53.5934736977051,52.440824283510004,53.137176513671875,18176000
2022-12-30,52.56657191132773,53.312461442855025,52.20362943991185,53.26292419433594,14376000
2023-01-03,53.82210062535728,54.066919708865186,52.46844961319656,52.724700927734375,20173000
2023-01-04,53.63062740464568,54.123125449088995,52.96761614355195,53.36865997314453,17074000
2023-01-05,52.93712880049114,53.33055596852193,52.49988413858309,52.87139892578125,16277000
2023-01-06,53.64301249599063,56.298869533977815,53.564898305542194,56.05405044555664,35261000
2023-01-09,56.42270085486219,57.3152905325012,53.39913776446509,54.95473861694336,37739000
2023-01-10,54.488919951179625,54.78708457970076,52.39223948172167,54.76803207397461,44635000
2023-01-11,54.5841800637716,55.09287071293835,54.00023510411733,55.07381820678711,22502000
2023-01-12,54.8309010391625,55.7377828519477,54.65657588419928,55.43580627441406,19514000
2023-01-13,54.979517299238545,55.43486243367902,54.93379200633991,55.1557502746582,19647000
2023-01-17,54.76517222930043,55.76159313933619,54.73087554091407,55.1786003112793,15835000
2023-01-18,55.556790124871334,55.97117397209699,54.652771751157445,54.707069396972656,15703000
2023-01-19,54.21456300156519,54.304109406453875,53.37531891980897,53.65252685546875,22692000
2023-01-20,53.63443423243759,54.427953093287464,53.26101166821151,54.37269973754883,22950000
2023-01-23,54.48891820547517,55.70729738156114,54.277440122752274,55.406272888183594,23429000
2023-01-24,55.10240109458569,55.88829611140334,54.83471755090914,55.73016357421875,13825000
2023-01-25,55.02904969906337,55.91497132434577,54.87377702981519,55.79208755493164,13766000
2023-01-26,56.24266810165576,57.20956015025409,55.847336745325194,57.02094650268555,24525000
2023-01-27,56.519878497781676,57.08477101813838,56.22171382732096,56.29792022705078,19344000
2023-01-30,55.53678201484731,56.166452244876616,55.22814087195293,55.389129638671875,16984000
2023-01-31,55.44818822508653,55.93973048740276,55.32149252198557,55.72825241088867,23719000
2023-02-01,55.591085766124834,57.946877651901374,55.50821117316617,57.418182373046875,26553000
2023-02-02,57.88304899486128,58.40793229197478,57.13239549146033,57.70586395263672,24188000
2023-02-03,56.96569016925566,57.92210565082304,56.7989852788638,56.92949295043945,19093000
2023-02-06,56.52177839680546,57.46294971095664,56.41889921984296,57.280052185058594,18709000
2023-02-07,57.21908059483007,58.776585635706454,57.12953418445857,58.532718658447266,24025000
2023-02-08,57.79255278137208,58.12596621175276,57.215275976358015,57.31911087036133,15290000
2023-02-09,58.356494469926574,58.5784527349344,56.725639038478235,57.100013732910156,18837000
2023-02-10,56.80469910207175,57.009508997401355,56.168360669628086,56.51320266723633,21035000
2023-02-13,56.67990465160553,57.297190546641446,56.53415644164315,57.26289749145508,19847000
2023-02-14,56.60084793391552,57.6877675369488,56.51987750003995,57.37626647949219,17571000
2023-02-15,57.047615084109935,57.94496523218887,56.8418494708013,57.888763427734375,12683000
2023-02-16,57.22765000045285,58.00783241787662,57.113338609905746,57.207645416259766,17449000
2023-02-17,57.15620295196949,57.23717336735034,56.43698638066702,56.73610305786133,14215000
2023-02-21,56.203608304566,56.49796099310557,55.23576422219457,55.397705078125,22737000
2023-02-22,55.465338928240485,55.54535727568672,54.498446929371134,54.88615798950195,23475000
2023-02-23,55.79875637294565,55.816856800621146,54.64896313465025,55.612998962402344,18939000
2023-02-24,55.015714196890315,55.27386968553931,54.64229521329534,55.03667449951172,15353000
2023-02-27,55.81018874444512,56.18455980741652,55.65681659981804,55.77017593383789,18321000
2023-02-28,55.78065778584996,57.0209495695541,55.45867656779989,56.612281799316406,27822000
2023-03-01,56.584650800820015,56.985694617027654,56.23218488040136,56.54368591308594,15484000
2023-03-02,56.14550129957364,57.24576089930717,55.83495233074962,57.02761459350586,27525000
2023-03-03,58.84231431735466,60.5598596392149,58.65655693918399,60.27693557739258,46088000
2023-03-06,60.49031315089342,61.35241802586735,60.17881217303286,60.292171478271484,24983000
2023-03-07,60.47793646351128,60.56462300197088,59.39578103611332,59.552005767822266,19334000
2023-03-08,59.802548526413595,60.27408628967656,59.41102911648523,60.22931671142578,20912000
2023-03-09,60.02163658544126,61.19905812127984,59.24050206068503,59.30146789550781,21775000
2023-03-10,59.84160085971752,60.029262416211495,58.377450438843624,58.56892395019531,26098000
2023-03-13,57.8316054275782,59.479609043516845,57.811600841328,58.72514724731445,22364000
2023-03-14,59.38435051135547,60.33504985501881,58.91852527565155,60.24835968017578,25893000
2023-03-15,59.79206006415955,60.020686494690004,58.69942450021668,59.63678741455078,22963000
2023-03-16,59.237648797639615,60.687510685801456,58.85279399683468,60.63321304321289,31716000
2023-03-17,60.63320964254814,60.92565813907877,59.735855934289056,60.10641860961914,79303000
2023-03-20,60.27503937190198,61.418164434660085,60.166444071684026,61.32004928588867,25857000
2023-03-21,61.70190920664349,62.03771873109676,60.86142280254104,61.09361267089844,25000000
2023-03-22,61.107997310368326,62.22097060419974,60.51025642212885,60.53424072265625,25799000
2023-03-23,61.29989132901594,62.19027144718914,60.592769863849405,61.3315544128418,27162000
2023-03-24,61.216412729946725,61.33826306600128,60.306843086671265,61.0379524230957,17228000
2023-03-27,61.30948677806756,61.31907976628673,60.061227093920905,60.14278030395508,14707000
2023-03-28,59.98831091519464,60.11400066138964,59.37713761597877,59.937461853027344,12439000
2023-03-29,60.71270481466914,60.83071943914494,59.93170522889287,60.014217376708984,26395000
2023-03-30,60.70790482275243,61.026446210770615,60.37881151335296,60.80577087402344,21523000
2023-03-31,60.49778392296695,61.618432356921026,60.05355279928216,61.55318832397461,22097000
2023-04-03,61.309485226188386,61.77961849805499,61.063863009437156,61.642417907714844,15682000
2023-04-04,61.70766716132819,61.81224940537175,60.637867738995354,60.86909866333008,13429000
2023-04-05,60.55535280196809,60.60908232407337,60.033407827217026,60.350990295410156,16908000
2023-04-06,59.885653081822646,60.29246389899707,59.38769239743475,59.73981475830078,14493000
2023-04-10,59.299426615255484,60.24161485820069,59.145913159010554,60.195560455322266,15400000
2023-04-11,60.52081008551147,60.53040673403785,59.56518958703927,59.637149810791016,16518000
2023-04-12,60.190755698642356,60.20802380929559,59.127672538851286,59.16988754272461,14112000
2023-04-13,59.39727910081214,60.11015775942189,59.20922214036061,59.89331817626953,17265000
2023-04-14,59.53256992928946,60.25696319967826,59.0269341373533,59.442378997802734,17465000
2023-04-17,59.353145367418335,60.28669938411899,59.276386823205286,60.19267272949219,13201000
2023-04-18,60.60140956691424,60.973680504634515,60.17061444036524,60.66857147216797,16806000
2023-04-19,60.137987828958224,61.09744772795322,60.019014274435776,60.87773132324219,19060000
2023-04-20,60.240645234808696,61.66736521778306,60.17156547277483,60.73572540283203,20239000
2023-04-21,60.503541128795845,60.8105679964673,59.67744611658101,60.72421646118164,14807000
2023-04-24,60.795213559463534,61.295092062900444,60.617715826297065,60.88156509399414,12338000
2023-04-25,60.828796711246206,61.02068942382426,59.653459794285375,59.68032455444336,23670000
2023-04-26,59.48363432569198,59.786821795788995,58.86382334601409,59.12095642089844,17179000
2023-04-27,59.12095746302439,59.49514622818026,57.87749975051095,59.33395767211914,18250000
2023-04-28,59.39728213263937,60.13702558620839,58.96456553704628,60.11016082763672,16183000
2023-05-01,60.11016565775546,61.308527968934975,60.08137937122353,61.208744049072266,17030000
2023-05-02,60.039165999699236,60.110167295013056,58.04924480555083,58.75157165527344,28357000
2023-05-03,59.18908271210108,59.67361100932544,58.75732866472511,58.834083557128906,19816000
2023-05-04,58.52704630165793,58.906992284889824,57.69135838911289,58.542396545410156,17684000
2023-05-05,59.09793822199209,60.58701831433277,58.85039810522761,60.45749282836914,24876000
2023-05-08,60.42486497973499,60.516014839614336,59.54215998629295,60.35578155517578,13934000
2023-05-09,59.74844087323093,59.87701106717171,59.08929170625939,59.34355163574219,16990000
2023-05-10,59.68416247865965,60.25407968515036,59.32052563256156,60.08809280395508,19174000
2023-05-11,60.117837345803935,60.30013340319415,59.293660206139926,60.222415924072266,14430000
2023-05-12,60.29053796365399,60.705023848687475,59.89044339045449,60.55630874633789,11942000
2023-05-15,60.62539094027932,61.407349415048685,60.29917443877114,61.3862419128418,14614000
2023-05-16,61.44957150706922,62.06842729253685,61.283588268732316,61.54359817504883,14967000
2023-05-17,62.110637218861854,63.41070128424828,61.84486641660746,63.08161163330078,24133000
2023-05-18,62.94058147843683,65.18187888019688,62.94058147843683,65.04180145263672,26389000
2023-05-19,65.24325238887559,65.71818752311732,65.0907015928398,65.4591293334961,22968000
2023-05-22,65.3776012604634,65.69230693908762,64.67911745291029,65.08688354492188,17796000
2023-05-23,66.26413825638753,67.06528635643157,65.43708433034818,65.8669204711914,36088000
2023-05-24,65.38142483700787,65.65679225461027,64.86524086072922,65.19817352294922,23021000
2023-05-25,67.1055896087505,70.26988515902744,66.2766177415672,69.9254379272461,49263000
2023-05-26,71.71290120133158,78.19405692563356,71.67357031771542,77.97817993164062,82500000
2023-05-30,80.12640445369063,88.44108308324755,76.64260190813998,77.07723999023438,116912000
2023-05-31,76.2674611171267,78.83593699909034,75.80980128864901,77.52051544189453,89998000
2023-06-01,76.8162792403946,77.31232571571609,75.33295643924774,75.79254150390625,80792000
2023-06-02,75.85873408232838,79.03742054259924,75.52867820596674,77.90813446044922,62815000
2023-06-05,77.6394927461233,77.6394927461233,76.22716766720812,76.97747039794922,26222000
2023-06-06,76.94867398042992,76.94867398042992,74.49054133905616,75.79732513427734,37823000
2023-06-07,75.7800456312827,77.27967716813328,75.55840775427706,76.04965209960938,28957000
2023-06-08,76.26842049935105,77.23747699925312,75.68027260575724,77.15975952148438,21909000
2023-06-09,77.31328557776017,78.45983994077676,77.1290679765211,77.20006561279297,19241000
2023-06-12,77.82369114329205,82.32164140681563,77.82369114329205,82.06834411621094,51065000
2023-06-13,82.62196356514367,82.82632604992477,80.6905704537273,81.66154479980469,38990000
2023-06-14,82.12014695636171,85.25182315827652,81.28733962080193,85.025390625,43524000
2023-06-15,84.85557754443964,85.19714057295414,83.5708566665659,84.76155090332031,33814000
2023-06-16,85.32283697703542,85.3871220678556,83.03644131633996,83.29165649414062,68299000
2023-06-20,82.76875658922955,84.15133995294575,82.61044484650506,83.28398895263672,27535000
2023-06-21,82.9531531983991,83.53189465587087,81.46771213012683,81.76287078857422,23229000
2023-06-22,81.5149669372015,81.8834295025842,80.57161181139826,81.25838470458984,23464000
2023-06-23,80.44621694232205,80.64009231220103,78.98392787905371,79.30223083496094,37413000
2023-06-26,79.57714144757644,80.73462419772102,79.11607937427011,79.25208282470703,21372000
2023-06-27,79.93210862968866,81.98857874913176,79.19131988469499,81.83424377441406,24923000
2023-06-28,80.90149564987925,82.81134284313644,80.74041240755989,81.78986358642578,19445000
2023-06-29,82.41781378075706,83.22708628891358,81.642297449295,83.2010498046875,23386000
2023-06-30,83.77494682789337,84.35851572198207,83.3707926759563,83.66980743408203,23145000
2023-07-03,83.78460960291093,84.56687420876155,83.42771549675813,84.53890228271484,9038000
2023-07-05,83.66692651450472,84.5832738184372,83.12194864291307,83.13255310058594,14440000
2023-07-06,81.50629514995448,82.3647632320369,81.44166756155762,81.79566955566406,23939000
2023-07-07,82.0300456033868,82.75926576832852,81.47349190391648,81.67508697509766,19409000
2023-07-10,81.82266753055879,84.80222565494812,81.82266753055879,84.663330078125,30622000
2023-07-11,84.98935329754008,85.17166018251122,83.39973704993335,85.08002471923828,25498000
2023-07-12,85.75040554809932,86.57897356321205,85.07520110054483,85.842041015625,28197000
2023-07-13,86.70916533141265,86.70916533141265,84.71540261943983,85.8815689086914,25912000
2023-07-14,85.47645413263189,87.13455402883453,85.47645413263189,85.70988464355469,18510000
2023-07-17,85.94428189056975,88.08563176490604,85.82563853819485,87.80976867675781,26819000
2023-07-18,87.38823599769155,87.76634632383022,86.64358384352029,87.14227294921875,24513000
2023-07-19,86.54810278766634,87.3872826258329,85.4253475293678,86.9435806274414,24118000
2023-07-20,86.0918476247759,87.48661694789075,85.46101862067772,85.68672943115234,28268000
2023-07-21,87.24452063749433,87.88692557621172,86.21629300618551,86.4979476928711,74287000
2023-07-24,86.8885942660053,87.33615239715225,86.2548657285286,86.96479034423828,19992000
2023-07-25,86.87123199855418,89.04730940687602,86.87123199855418,88.54669952392578,20042000
2023-07-26,87.6795725414393,87.83582827670622,85.62020981825547,86.14493560791016,19877000
2023-07-27,87.63132793824961,87.76154716412826,85.46104184939266,86.18736267089844,21922000
2023-07-28,86.74582855663179,87.15481027627204,86.22785127694489,86.7911605834961,18791000
2023-07-31,86.5702897200348,86.90788826383684,85.9433167906331,86.68121337890625,14952000
2023-08-01,86.71303603302943,88.80036244685786,86.5895651331489,88.74056243896484,19683000
2023-08-02,87.9978609514671,88.06538066192559,85.87483519995013,86.06871795654297,26877000
2023-08-03,85.52083150259769,86.36096794802991,84.98645812550865,85.36264038085938,18281000
2023-08-04,85.36264534093505,86.19603354401079,84.24277488367339,85.04144287109375,21156000
2023-08-07,85.62307585991915,86.55774729752672,85.39061673205305,86.52784729003906,11146000
2023-08-08,85.85554443514549,85.90473263472917,84.24566853135661,85.18709564208984,14081000
2023-08-09,85.14464386274047,85.22276801803318,81.86509985507071,82.05897521972656,24672000
2023-08-10,82.28950617181485,83.09782183555896,80.74137330296271,81.30371856689453,20186000
2023-08-11,80.4462082395221,80.67673923894534,79.43051335318493,80.03626251220703,20331000
2023-08-14,80.16843080259765,82.39176842453864,79.8067164868313,82.3840560913086,17688000
2023-08-15,81.91237935326278,82.43421292174975,80.68255649849944,81.26708221435547,14035000
2023-08-16,81.77540095671647,82.42262609290225,80.24848420005317,80.34783935546875,16003000
2023-08-17,80.68737248001472,80.9680631432007,79.771025128296,79.77970886230469,19228000
2023-08-18,79.09485562776862,79.88291176501689,78.32319555605449,79.65816497802734,17759000
2023-08-21,80.45104667206724,83.6611433641877,80.23016339570826,83.44893646240234,30012000
2023-08-22,84.24663391246402,84.37588171132117,82.07344877955353,82.54705810546875,17079000
2023-08-23,82.06284597191176,84.70769768261435,81.9885706168993,84.55239868164062,19692000
2023-08-24,87.03809578481447,87.76248833405599,82.22585088193533,82.41876220703125,30934000
2023-08-25,82.66572015636822,83.86371498559133,80.79926907146975,82.16413879394531,24181000
2023-08-28,82.6049263382222,83.3515065698072,81.70980276534057,83.05731201171875,14306000
2023-08-29,82.79882421235246,86.12080910246628,82.60784091578915,85.84011840820312,27822000
2023-08-30,86.07738427686212,86.68699704216282,84.79643801105976,86.0667724609375,23234000
2023-08-31,86.61947277819597,89.09455728719688,86.21049105908759,89.01932525634766,55203000
2023-09-01,86.99179653508358,86.99179653508358,83.40263310439818,84.16078186035156,65017000
2023-09-05,83.8704319650643,85.17164500899172,83.62832510920673,84.12701416015625,24808000
2023-09-06,84.15885301753684,84.62859880924287,83.60326337540704,84.13666534423828,20142000
2023-09-07,82.90490748577923,83.11615032612075,81.07415582707448,82.66666412353516,27789000
2023-09-08,82.47084148607851,83.03318669879485,82.0001317191352,82.71680450439453,16810000
2023-09-11,83.79907332089138,83.82126099590785,81.5689875293015,82.87019348144531,15710000
2023-09-12,82.01172497043106,82.78627719889212,81.18412101785358,81.45999145507812,16680000
2023-09-13,81.71752526475325,82.86729565638431,81.43297847099753,82.27118682861328,17413000
2023-09-14,82.8595862712902,84.5610903553491,82.47086407066756,84.07591247558594,19648000
2023-09-15,83.74023576783536,83.74023576783536,81.30372737402509,82.15061950683594,50190000
2023-09-18,81.272869852327,82.59915568579797,81.02400728113511,81.98857879638672,16541000
2023-09-19,81.60178085303495,82.08792275452184,80.87931629211045,81.91140747070312,13126000
2023-09-20,82.43413648673925,82.43413648673925,80.5294036497264,80.55073547363281,13681000
2023-09-21,77.11175158933398,79.76810053499011,77.10981300495443,78.39676666259766,53654000
2023-09-22,78.67607054818298,80.55170994648277,78.59266703290785,80.40623474121094,27764000
2023-09-25,80.30151018343736,81.32564511125665,79.81756699242776,80.87273406982422,15648000
2023-09-26,80.41497255817158,80.52165389109894,78.67316931377135,79.15614318847656,17641000
2023-09-27,79.4538725677805,79.88252905175237,78.01077420671763,79.21626281738281,15352000
2023-09-28,79.542128660809,81.35473462941971,79.00969868746779,80.6894302368164,16180000
2023-09-29,81.12099727639362,81.85709695070842,79.80785802485246,80.55171203613281,16481000
2023-10-02,80.40429371086248,81.3256317167698,79.86507135508944,80.97552490234375,14676000
2023-10-03,80.20451079202188,81.05310752155914,78.45009950275144,79.02423858642578,18761000
2023-10-04,79.55764295193676,80.55171495067765,79.16680363703682,79.8951416015625,16417000
2023-10-05,79.53630197275558,80.36259014416652,79.08726818429805,79.89998626708984,11474000
2023-10-06,79.46745239207084,82.278969309846,78.72262168123594,81.97541809082031,21103000
2023-10-09,81.50989378289427,83.0761661805682,81.25482938397222,83.00536346435547,15760000
2023-10-10,83.12853525110981,84.62206644008059,82.98985248473818,83.25074005126953,14718000
2023-10-11,83.37681838208934,84.89265075761188,83.07035187408765,84.81700897216797,14334000
2023-10-12,84.99836016186411,89.02313491236436,84.99836016186411,87.82733917236328,43871000
2023-10-13,88.15708073256963,89.79705639612835,85.5472802147454,85.65299224853516,28312000
2023-10-16,86.4084850317008,88.81559250660113,86.4084850317008,87.53348541259766,21150000
2023-10-17,85.8440504361535,86.6034205508036,83.98683486465302,85.77131652832031,33008000
2023-10-18,85.33973865903481,86.86042476340542,84.87906594501474,86.02637481689453,20404000
2023-10-19,86.02541447016418,86.26495542735178,83.95483616910712,84.16431427001953,26620000
2023-10-20,84.84998711821565,84.84998711821565,82.61357090657116,82.78717041015625,26953000
2023-10-23,83.20709144022366,84.72390042283838,81.73877666031464,83.6202392578125,16456000
2023-10-24,83.79286356132617,85.63553214712009,83.70751406652367,85.45223236083984,14972000
2023-10-25,85.06043369407585,85.2214249835438,82.05494725912965,82.39923095703125,21432000
2023-10-26,82.2324139815585,82.863770865849,79.36464137217686,80.18026733398438,27917000
2023-10-27,80.49546409754443,81.48565889922924,80.35386605592409,81.30623626708984,18236000
2023-10-30,81.57197818087683,82.37984255215092,80.21906821476503,81.5865249633789,20889000
2023-10-31,81.84254695062387,81.9986917660321,80.7476168561297,81.59815216064453,14747000
2023-11-01,81.65924765226698,82.80655652203764,81.03565247729874,82.7202377319336,18684000
2023-11-02,83.59889424997456,85.39307603750379,83.40493225092189,84.5008316040039,18759000
2023-11-03,85.10214030677137,86.07196526753229,84.47757575493856,85.60450744628906,18041000
2023-11-06,85.49588229871681,85.91581517880478,84.4921173732516,85.42508697509766,12870000
2023-11-07,85.56959082011304,87.45589991172946,84.97217390063867,87.07281494140625,19365000
2023-11-08,87.28424098312871,88.5362852839472,87.18725997298282,88.36365509033203,15280000
2023-11-09,88.49650594275401,90.17430596859356,88.11439772492241,88.38788604736328,24486000
2023-11-10,89.39264937797105,93.0013613069905,89.0502968458853,92.86267852783203,36272000
2023-11-13,92.13819130377946,92.36610069611723,91.21006837223997,91.83560943603516,16893000
2023-11-14,93.33011879406779,94.72957671798628,92.64251338174896,94.36006927490234,23886000
2023-11-15,94.99531913359252,95.21256637207043,93.77334503752537,94.59672546386719,16099000
2023-11-16,93.49112686142442,93.94694577277562,92.18380324035944,93.05955505371094,26198000
2023-11-17,92.92959128472097,95.42010240736552,92.23034687790538,94.82269287109375,19789000
2023-11-20,94.36396815153009,96.96988429149313,94.36396815153009,96.56643676757812,18674000
2023-11-21,94.55793133933894,96.10964975840548,94.23110228901545,95.15922546386719,43344000
2023-11-22,95.40070684398573,95.81773183847004,94.16999439464009,94.26697540283203,33743000
2023-11-24,94.55405001827916,95.0292621446797,93.7578246088286,94.9332504272461,23158000
2023-11-27,94.66945905327705,95.14079403135355,92.06838934451072,92.15664672851562,96962000
2023-11-28,91.15773174447175,92.21677599831776,90.5971700685731,91.77938842773438,39025000
2023-11-29,91.97237945152712,93.04791645158026,91.10244338860534,91.2440414428711,34843000
2023-11-30,91.26052514479305,91.39823862851127,89.06581083754185,89.77960205078125,49571000
2023-12-01,89.46246452707176,90.57194142368301,88.06009863391868,90.19371032714844,29612000
2023-12-04,89.28595775479558,90.28778404122836,88.87862569504233,89.6089096069336,25009000
2023-12-05,88.40923423702522,88.95911881363008,87.8515805254252,88.556640625,37066000
2023-12-06,89.25880454433769,89.31796096079141,87.58488143605254,87.63725280761719,24813000
2023-12-07,87.82151757100434,89.623453743816,87.63724848748471,89.44306182861328,43517000
2023-12-08,89.98423099604975,92.20416163226342,88.30546875570451,91.58056640625,69668000
2023-12-11,92.81320804708079,100.81426336730534,92.72398877453544,99.8182601928711,101184000
2023-12-12,99.69703776406723,104.68193737696296,99.36632414381818,103.99238586425781,90242000
2023-12-13,103.57729828407686,106.65939565965374,103.04776881847035,105.68084716796875,71654000
2023-12-14,105.92233857553803,108.76198725485614,105.73806947610909,107.3101577758789,66964000
2023-12-15,106.21717075482755,111.51822982237111,106.15897622665945,109.56500244140625,118544000
2023-12-18,108.69797049967399,111.7063646262118,108.48848501813744,111.23890686035156,54741000
2023-12-19,111.26326235374731,112.08750751283088,110.33866900553762,111.0274887084961,36020000
2023-12-20,110.35716852158986,111.20090345900566,108.07345205600447,108.18257141113281,34523000
2023-12-21,110.35232047725877,110.62219766866404,108.63270912919698,109.8301010131836,24106000
2023-12-22,109.89731321340794,110.28897590448034,108.48947274679277,109.312744140625,19089000
2023-12-26,109.53294760080732,110.62999124700144,109.41408330418031,110.27827453613281,16793000
2023-12-27,110.6787009668293,111.02652268092866,109.40823333854223,109.72097778320312,20055000
2023-12-28,110.25877430810769,110.3123602398022,109.02727906140372,109.3546371459961,21247000
2023-12-29,109.26209183680342,109.54658267687493,108.60055195791533,108.75448608398438,20558000
2024-01-02,106.40353564564049,107.3661275288827,104.9391879395532,105.74687194824219,28831000
2024-01-03,104.26790137241268,104.73556110189391,102.81719361172073,103.13578796386719,34735000
2024-01-04,103.07538084763432,104.1997042905909,102.04361560371443,102.20339965820312,25658000
2024-01-05,102.45574197149686,102.83180982939888,101.47268648272849,102.22970581054688,22475000
2024-01-08,102.93313648955078,105.02784919489633,102.49470410013471,104.720947265625,33110000
2024-01-09,103.82167240818995,106.05571286159554,103.73301664660775,105.46529388427734,23225000
2024-01-10,105.25680647584225,105.51108878756335,103.52745038040402,105.27823638916016,17643000
2024-01-11,105.6435881859863,107.29792092648093,104.68781260889122,107.16931915283203,25757000
2024-01-12,108.350160131306,108.69992933783034,107.1722507256937,107.91952514648438,26882000
2024-01-16,108.37354356421271,109.72779817914886,107.03779761600464,108.6288070678711,26145000
2024-01-17,107.7840873302703,108.44854839831936,106.21744406545365,107.52882385253906,18314000
2024-01-18,109.59724064264701,111.7065670791001,109.30301230946947,111.44935607910156,32228000
2024-01-19,112.75490691817377,118.57040460153956,112.62727144391988,118.00532531738281,53077000
2024-01-22,118.49732604730862,119.9665498993291,117.71497439950963,118.9113998413086,31222000
2024-01-23,118.96011949517543,119.54274112926126,117.25706935455541,119.47746276855469,16952000
2024-01-24,121.03533776023245,125.15168730167494,119.93536553034977,122.16258239746094,34805000
2024-01-25,124.805831231192,124.805831231192,119.72005829965786,119.83697509765625,36356000
2024-01-26,118.83346375529933,118.98058164408975,116.93653348722898,117.38957214355469,25818000
2024-01-29,118.36677553658217,119.22024807892089,117.40028862786053,118.64542388916016,21526000
2024-01-30,118.54799582696697,119.64211819534755,117.33208791784732,117.70913696289062,20683000
2024-01-31,115.88624400648848,116.64326331235263,114.41117765815234,114.96554565429688,27400000
2024-02-01,115.68164964562123,117.21517073139772,114.8788418018393,116.91509246826172,19411000
2024-02-02,117.76662260886611,120.29391797595295,117.41587964284143,119.28553009033203,26689000
2024-02-05,119.54078790609987,121.56632732335085,119.07215441349987,121.11328125,22045000
2024-02-06,123.10765463829503,123.93968987840461,118.0774223797239,119.12088012695312,25354000
2024-02-07,120.22669670785065,122.7120912225401,119.51546582369735,122.47339630126953,25768000
2024-02-08,123.44181516588203,126.26431981412406,123.24793503246629,124.19786071777344,29326000
2024-02-09,121.98332991370997,125.26861101086871,121.6871466300838,125.04354858398438,26293000
2024-02-12,125.68366320464177,125.68950569964007,122.66240200295394,123.2469711303711,24778000
2024-02-13,120.33579731592674,122.35743416171657,119.55344569534454,121.9462890625,31907000
2024-02-14,123.66007100197402,124.02640138432136,120.93986926078222,122.97611999511719,27306000
2024-02-15,124.70353360489064,124.70840235090546,121.2837933028784,123.25379943847656,21873000
2024-02-16,122.6662937259166,124.28750427947597,121.04410942321685,121.34516143798828,21268000
2024-02-20,120.40790536315168,120.58912677330956,118.13782102273349,119.50084686279297,26329000
2024-02-21,118.6678331093782,119.64698617469715,117.171329361616,119.58853149414062,20579000
2024-02-22,124.87501076765136,127.7267431052676,124.36448372095188,127.1343765258789,40819000
2024-02-23,127.47242901039274,128.56849874970197,125.56770159055878,126.30327606201172,23115000
2024-02-26,127.63124647853013,128.48764025879638,126.79920385981089,127.54647827148438,16282000
2024-02-27,127.54646241482011,127.82024198459892,125.89895341707586,126.28964233398438,12126000
2024-02-28,125.9749780423394,126.51278494321329,124.99776494483986,125.62618255615234,10967000
2024-02-29,126.97945786363334,127.47537125499659,125.41768301453344,126.7047119140625,27536000
2024-03-01,129.18329069361698,137.15585844448555,128.60553779820953,136.31895446777344,44488000
2024-03-04,136.70671082471296,140.11865354493338,134.95689101966082,136.6199951171875,34854000
2024-03-05,135.9126471645072,135.9126471645072,129.8107046874111,130.82200622558594,36040000
2024-03-06,135.57946013148046,135.89609955774137,131.24193557718837,131.52838134765625,43196000
2024-03-07,134.64513567502405,137.79401764353221,133.75853329726505,137.08279418945312,62832000
2024-03-08,135.8395851622989,137.66636813955844,126.81089464052793,127.50652313232422,74025000
2024-03-11,124.50672851570538,126.56148805981252,122.03496643777623,125.98666381835938,31105000
2024-03-12,127.33894846040614,127.41592666848817,122.68966836190275,125.86583709716797,42789000
2024-03-13,124.98898430192996,124.98898430192996,122.01547401791834,122.55230712890625,37838000
2024-03-14,123.00729364242146,124.03906635429375,121.56243572589749,122.98098754882812,38029000
2024-03-15,122.12263012787668,123.47785834398482,119.84378237687824,120.37281799316406,88823000
2024-03-18,122.17330620907126,123.04041864851733,120.00259642990383,120.54235076904297,25737000
2024-03-19,118.5655401752654,120.83757211759732,117.30579115524759,120.61738586425781,24491000
2024-03-20,121.22987622368494,126.02126104130306,120.01367953774488,124.8481216430664,40946000
2024-03-21,129.96727814551568,137.33389577479304,128.76185334030336,131.89283752441406,72468000
2024-03-22,132.088538225213,134.6539853151844,131.7118466575634,132.4280548095703,38624000
2024-03-25,131.60224554462437,132.9143132691267,130.86253812136624,132.2431182861328,21237000
2024-03-26,133.52582653938325,135.01794648369957,130.18154177940264,130.27743530273438,23522000
2024-03-27,132.08852164131173,132.08852164131173,126.8069425395915,129.02896118164062,25583000
2024-03-28,128.947745659259,130.14046530414598,128.3244899632877,129.68255615234375,19856000
2024-04-01,129.7089855954184,133.35855386411527,129.682574933658,132.11398315429688,17252000
2024-04-02,128.74131072654404,131.34199191781605,127.530018398455,130.98878479003906,24694000
2024-04-03,129.93598168647654,134.71269810000894,129.66885928785766,133.38104248046875,28650000
2024-04-04,135.5443328722951,137.3700869606182,128.66399150464747,128.90859985351562,27014000
2024-04-05,129.74029766182892,133.1873142401752,128.58573828303858,131.0543212890625,19438000
2024-04-08,130.48880416733226,131.354712540107,128.73739963949205,130.728515625,17139000
2024-04-09,132.8096351469591,133.01608319407555,128.0417273524135,130.53086853027344,17986000
2024-04-10,129.44676135435017,130.69425815585743,128.71098040137522,129.38511657714844,17467000
2024-04-11,130.39388727276585,136.18522672187913,129.5103618987482,135.2645263671875,31713000
2024-04-12,132.28519849041163,133.70392415363622,130.77938782194025,131.50831604003906,27823000
2024-04-15,134.04538287430884,134.04538287430884,127.78341475571405,128.24229431152344,24370000
2024-04-16,128.70119496078465,130.7500441410099,128.27265250474863,130.03970336914062,18923000
2024-04-17,131.4144044865141,131.79500764594647,125.37844118155829,125.49683380126953,24718000
2024-04-18,126.02224405320784,126.47721207020356,122.83841597089464,123.18380737304688,24888000
2024-04-19,123.18380222315295,123.28262197699547,117.17327992976246,117.87286376953125,44797000
2024-04-22,119.8091789181005,120.66041874923373,117.4648560774515,119.80526733398438,25162000
2024-04-23,120.16828021842464,123.07716287996155,120.15360431167987,122.22494506835938,22025000
2024-04-24,123.66422010940437,125.78937498777448,121.81106964800318,122.97148895263672,20108000
2024-04-25,124.50077359556775,127.98203121551052,122.98908816234066,126.650390625,30410000
2024-04-26,128.1747952005887,132.65894887980795,127.50261481464197,131.50831604003906,24100000
2024-04-29,131.5092969754423,132.38010220947274,129.71093867713907,130.97506713867188,13372000
2024-04-30,130.02208436700482,131.92710067243522,127.10341527387862,127.2227783203125,22113000
2024-05-01,125.07609947662685,126.44981956016723,121.45785402425706,121.60559844970703,30958000
2024-05-02,122.91864638796821,123.7180278990024,119.69275389311025,121.18584442138672,29480000
2024-05-03,123.18479088159945,125.61913264635449,122.02436410138714,125.05457305908203,24898000
2024-05-06,125.8480810252115,128.25013731200056,124.75713711294637,128.20513916015625,16287000
2024-05-07,128.80489302886568,129.05439834132213,126.87933368982358,127.50064849853516,12413000
2024-05-08,126.5603856427205,130.9056034239553,126.07018350686843,129.67864990234375,13918000
2024-05-09,128.94089223945286,129.31073098403164,127.39202453730604,127.75111389160156,12170000
2024-05-10,128.69435101131378,131.50146520528386,128.69435101131378,130.40562438964844,16300000
2024-05-13,131.8928431710952,132.90943704464695,130.14242414814535,130.86647033691406,18507000
2024-05-14,130.3606318430324,135.21856660653614,129.72074431229586,135.02679443359375,19420000
2024-05-15,135.02381874194919,140.79168822287514,134.04342948080546,140.51968383789062,32757000
2024-05-16,139.52463738772576,141.42278603152744,137.47578823180322,138.16754150390625,28395000
2024-05-17,138.19589027960353,138.89155497209083,135.19796004427155,136.51983642578125,18174000
2024-05-20,136.5893447936618,138.63817914297874,136.31145804899705,138.35345458984375,27170000
2024-05-21,136.85153958852086,137.8994410808292,136.34079417183352,136.9024200439453,15333000
2024-05-22,136.5903039309471,137.4699177482611,135.4367299060918,136.221435546875,21002000
2024-05-23,139.76238048259123,139.8181429515984,134.8281409961304,136.32415771484375,31039000
2024-05-24,136.9601556231381,138.30941335748344,136.19990486132235,137.74778747558594,16730000
2024-05-28,137.9591258462041,138.66164338046747,136.25077877627277,138.19883728027344,22919000
2024-05-29,136.8926164001528,136.8926164001528,135.31733807703063,136.0677947998047,26861000
2024-05-30,134.92598352321224,135.2958372656457,132.64036413369047,133.46617126464844,21717000
2024-05-31,133.20002261212798,133.31645942178756,127.9066938693663,129.98977661132812,73091000
2024-06-03,132.35271916890792,132.382070982956,127.44391939875173,129.33914184570312,26278000
2024-06-04,129.1923334459393,130.326349288265,127.88222169592599,130.2118682861328,23048000
2024-06-05,131.69716416304826,138.38474923655997,131.16293429934956,138.261474609375,32947000
2024-06-06,139.12052057200086,139.20075283561036,135.8300571922577,137.10494995117188,20172000
2024-06-07,137.7419109599114,139.42677356410266,136.68911257387154,137.63037109375,17859000
2024-06-10,137.93957235694677,141.7799274347376,137.8740159883158,140.9404296875,31042000
2024-06-11,140.71831864721491,143.34149872457118,138.56869407220728,142.9520721435547,34844000
2024-06-12,146.7650358015438,147.33252906487516,144.45593197441104,146.32571411132812,56697000
2024-06-13,167.3121510576385,169.84140856521483,161.68811346644594,164.2780303955078,89061000
2024-06-14,165.0480297960508,170.95580548413963,164.58229750341454,169.76211547851562,69705000
2024-06-17,176.11804818449212,180.32531565484183,174.0222450832244,178.94277954101562,87528000
2024-06-18,179.9916627659835,181.16872123041227,174.6513795666703,176.36460876464844,86797000
2024-06-20,176.45655490369413,176.58278560053418,168.50776835994412,169.71514892578125,68157000
2024-06-21,165.90907751155822,167.70352449794564,161.58049091158742,162.28594970703125,99289000
2024-06-24,161.1738513202931,163.03387466583757,156.12970752125827,156.28184509277344,58575000
2024-06-25,157.0592085022487,157.63930217441938,153.51289692825517,155.16090393066406,53329000
2024-06-26,156.8128220798479,158.8308685315344,154.4541810521732,156.26119995117188,46479000
2024-06-27,156.26123028855886,157.5980878478136,154.20000441367165,155.73709106445312,31649000
2024-06-28,156.64205060510912,160.89703438806663,155.67229729741456,157.5892333984375,69377000
2024-07-01,157.8513162560266,161.83145493361152,156.40845083494654,161.05113220214844,47623000
2024-07-02,161.05116097748055,162.85719183501746,159.20586011423433,162.68836975097656,32539000
2024-07-03,163.91725502743586,169.7299346923828,163.3734807798238,169.7299346923828,39954000
2024-07-05,172.31530692096328,173.28801082533178,166.46925850535698,167.18675231933594,45240000
2024-07-08,167.3526324570858,172.44682935461094,167.3526324570858,171.3632049560547,36398000
2024-07-09,172.41347165704315,173.82885427618757,167.40760946931252,170.13137817382812,37802000
2024-07-10,171.37696084479157,173.38813318233147,169.4492110545592,171.2483673095703,41074000
2024-07-11,173.20850262223414,173.229111135426,163.7700132600035,167.4458770751953,51026000
2024-07-12,167.94451430616778,169.40505298158084,166.00891639814714,166.92764282226562,30453000
2024-07-15,166.86187537836537,170.3070769429442,166.13553005848507,168.2556610107422,22999200
2024-07-16,169.21756779509778,169.62000297459605,163.32832508793032,166.25332641601562,22244900
2024-07-17,159.31383042903647,159.8340456771577,152.7375123109736,153.10067749023438,43343400
2024-07-18,155.95692365137208,158.52855421357094,151.05903260280547,157.5568389892578,37973500
2024-07-19,158.85247993501903,160.9235305850633,154.21960848067468,154.44537353515625,26309500
2024-07-22,157.2722184519054,159.98127961625116,154.98522745934437,158.08689880371094,28813300
2024-07-23,157.4390706889218,162.27807254205572,156.9483004997704,160.7468719482422,21570200
2024-07-24,157.38999841186433,158.43042876866735,148.3107503302029,148.5463104248047,37162600
2024-07-25,148.46779576921818,150.71553167629477,142.83376344882177,146.5047149658203,30872100
2024-07-26,150.6664541827778,150.74497921348228,147.15253768862235,148.8309783935547,20839900
2024-07-29,149.21378201457475,152.13876833477266,146.39675076483866,147.44700622558594,16625800
2024-07-30,150.450510631485,150.63700570297806,140.70382169270624,140.8706817626953,31102300
2024-07-31,148.6739193853021,158.35190792473887,148.21259421837354,157.71389770507812,45827500
2024-08-01,154.59261540847046,155.97659098854038,143.47176070595933,144.3060760498047,40320000
2024-08-02,139.31002016158166,142.66690147037536,137.0230442360631,141.16514587402344,33745800
2024-08-05,127.21745029464459,142.73560143342496,126.12793986482096,139.45726013183594,41309300
2024-08-06,139.11372959248519,146.16119810579747,137.6610538594336,141.2633056640625,24751300
2024-08-07,145.5133665845855,147.32922234394192,133.32263642244305,133.7545166015625,29749800
2024-08-08,138.59349624137536,143.5699130701266,135.84518022992472,143.04969787597656,27583200
2024-08-09,141.53809668730818,146.7893428536231,141.44976166204157,145.5231475830078,18438700
2024-08-12,145.34650066583262,148.34020180786044,143.6680600330506,145.87652587890625,17778500
2024-08-13,148.752427355665,153.4932685436148,147.044541934957,153.27732849121094,22053600
2024-08-14,155.10300861998655,157.29183938317684,151.86392250465997,154.7790985107422,20184200
2024-08-15,158.22430683669947,163.59333393301847,157.38018150774116,163.0633087158203,27945000
2024-08-16,161.43394793475716,163.0240385619936,159.67698226260444,162.66087341308594,19296900
2024-08-19,161.81675480339456,164.7319310591086,157.45871292708998,164.61415100097656,20441700
2024-08-20,163.96631227356718,165.26193769855934,161.1198363797449,162.88661193847656,19417500
2024-08-21,162.071952056372,163.39703763628322,159.87331106431824,162.7197723388672,16097700
2024-08-22,167.68637100773745,169.2372067541345,158.50897656079064,159.34327697753906,30044500
2024-08-23,161.98359682629626,165.17360284689565,160.4425863213689,163.28904724121094,18848000
2024-08-26,161.91488286391825,162.64121304846475,155.73117642204684,156.67344665527344,18521200
2024-08-27,154.69078066819722,159.03899766585957,152.9534498808292,158.4108123779297,16683100
2024-08-28,157.12499131539744,159.28437723139257,153.36568973144605,155.2600555419922,18063600
2024-08-29,155.56434242637079,160.1873892946142,152.54119621579977,154.0331268310547,23519300
2024-08-30,158.14579186751985,160.22666779748943,155.78029077525986,159.81442260742188,25158500
2024-09-03,157.41946211145924,157.77281727242678,148.5855980643896,149.9695587158203,37179100
2024-09-04,147.52551754889495,154.8772451824721,146.3967371605189,151.27499389648438,20324100
2024-09-05,147.79055735610302,153.47367014896548,147.339042145085,149.9990234375,31548500
2024-09-06,140.60565054677699,140.85103562626526,134.07841342323576,134.4710235595703,76634600
2024-09-09,136.54207942207105,138.97629530957235,132.4097879364111,138.22052001953125,39516700
2024-09-10,138.61313320939013,147.09364146582834,138.4364481534656,145.47410583496094,36067500
2024-09-11,145.6507656404574,155.93730387014398,142.36259961926868,155.348388671875,39700800
2024-09-12,155.1815502088827,163.24981385785708,153.9349896512357,161.5222930908203,43530700
2024-09-13,163.66206772230936,164.97732839266175,161.01189640096842,164.5945281982422,29850000
2024-09-16,162.14066428746307,162.44493942115773,157.44890228059847,160.9922637939453,26126900
2024-09-17,162.43512719159145,162.95534240863688,157.73354025935018,159.4708709716797,19844300
2024-09-18,160.7468638503903,164.37856007173528,158.38134806333855,158.6856231689453,26557600
2024-09-19,165.12601432007654,167.41068499860143,163.1367922937915,164.86997985839844,32453100
2024-09-20,164.63362055672863,169.3999123835458,163.9344432093499,168.49392700195312,91758500
2024-09-23,169.3802383596811,170.68014042487118,165.78583814922814,170.30592346191406,29431100
2024-09-24,170.1778769146741,173.30944919939392,169.06508347345525,172.1769561767578,34223400
2024-09-25,171.98984442167554,174.44192385107553,171.11340089513442,172.8466033935547,16613800
2024-09-26,175.7812307380168,177.50457613740912,172.33453993923217,175.37747192382812,24340000
2024-09-27,175.45622011753542,175.75165370358306,169.1438497687025,170.0596923828125,20580900
2024-09-30,169.25222567357662,170.28623602164745,167.0463529591651,169.8726348876953,16902000
2024-10-01,169.5377720200633,169.62639759099375,163.27464289257153,164.91920471191406,23770400
2024-10-02,164.99799203443345,170.2074116356848,164.47606584659763,168.0606231689453,14317800
2024-10-03,167.03645208101938,172.27542846389568,166.61300877804263,169.27188110351562,13072300
2024-10-04,173.6147214394114,174.2055736320958,169.971080325536,173.9495391845703,17921400
2024-10-07,172.157280353437,175.59411367936042,171.21189574037092,172.41331481933594,15588300
2024-10-08,172.74812957051148,178.83400816229985,172.22620334343438,177.9772491455078,20774200
2024-10-09,176.5099619603093,183.58059460501644,173.7329067813826,183.1177520751953,25504100
2024-10-10,180.76413228793322,183.47224609488148,179.74982177325916,182.8616943359375,16318000
2024-10-11,178.38101778945196,179.80892952783424,174.69797711010617,178.71583557128906,23070000
2024-10-14,180.50811433526363,182.13297675730618,177.3863992103545,179.53318786621094,17195800
2024-10-15,178.036326092086,178.93246921255107,170.72934416461692,173.29959106445312,27657500
2024-10-16,175.7910623441153,176.51979662111293,172.65950496400075,174.12681579589844,15285100
2024-10-17,178.60749382690068,182.68443563280545,177.93785832537537,178.7650604248047,25232400
2024-10-18,179.5430354117756,179.9270946011859,175.95846294210907,177.15003967285156,17835200
2024-10-21,176.64781040236917,178.95216550431036,175.53501698694242,177.24851989746094,13695100
2024-10-22,175.93879243041238,177.93787183567295,174.7078314652825,176.6478271484375,12062600
2024-10-23,174.88507626465145,176.2539042069865,169.94154802765917,170.86721801757812,19513700
2024-10-24,171.60577762415627,171.6451767844877,166.91828431197067,168.7401123046875,20485200
2024-10-25,171.5368674269129,174.10711441242884,170.0892561921753,170.364990234375,19977700
2024-10-28,170.36500207610715,171.32022901240146,168.74013956974804,169.39993286132812,13195800
2024-10-29,169.8135185070353,177.48486013505394,168.6022572029014,176.50994873046875,23702300
2024-10-30,174.76689899284244,176.46070232601738,172.94507092271598,173.9495391845703,17911500
2024-10-31,171.79288353385218,171.79288353385218,164.83057717255156,167.18417358398438,26086600
2024-11-01,165.69715606366972,168.7204028206225,164.94873735145106,166.34710693359375,17847000
2024-11-04,166.7016497943099,169.82336487239834,165.85474808351398,165.98277282714844,13621300
2024-11-05,167.4599160986156,171.74365081672636,167.4599160986156,171.2512664794922,13441800
2024-11-06,176.8940146260759,177.46518230183625,173.27991513195957,176.8152313232422,24300800
2024-11-07,179.21807410883096,182.0541979524026,179.0211083334563,181.01034545898438,18970600
2024-11-08,180.20281716710556,182.23143814241791,179.0604819489995,180.84291076660156,13503200
2024-11-11,180.60660005308304,180.83310770628952,174.12683428012127,176.18499755859375,17036700
2024-11-12,176.1751382257873,176.82508926194512,170.5619588825606,173.5359649658203,15862000
2024-11-13,172.04895069515126,172.91553695591313,169.9710880826699,170.9361572265625,17472500
2024-11-14,172.10803086665146,172.8958488363226,167.28265519390186,167.78489685058594,20638900
2024-11-15,165.90396901498798,166.56376218086552,160.94072680323902,162.32925415039062,20836200
2024-11-18,163.1367794270212,163.8162722049967,159.7491728406013,163.14662170410156,17856900
2024-11-19,164.12155705896961,164.2594240775195,161.8073445764773,162.83151245117188,18003400
2024-11-20,163.01860245980697,163.01860245980697,158.4098921996266,160.76348876953125,17196700
2024-11-21,163.71779112510717,163.80641669893456,158.15385415907554,161.44297790527344,24835300
2024-11-22,161.79753295447145,162.39824258333564,159.92646303235279,161.7285919189453,17332500
2024-11-25,162.88072288590254,164.68285125424615,160.4089590721206,162.3095703125,26850600
2024-11-26,162.09292217770678,163.83595183025784,160.21201049191544,162.2307891845703,16308800
2024-11-27,160.7142542771958,160.7142542771958,155.1404596401126,157.23802185058594,19722700
2024-11-29,157.1395638586093,160.21203769111145,156.6570217394774,159.611328125,11024000
2024-12-02,160.4680570015112,165.8153588676171,160.27110626636727,163.9738311767578,21472400
2024-12-03,161.97472272879335,165.7070038520272,161.5315798979711,165.5888214111328,17024400
2024-12-04,170.7982815391501,172.7185774517316,165.99260559268777,167.96214294433594,32748200
2024-12-05,168.1492692125849,169.77413168929982,166.6228745980587,167.87353515625,18490000
2024-12-06,167.5091556830135,177.92799492032265,166.75087960468252,176.79551696777344,27830800
2024-12-09,176.2243655934773,178.0363364952308,173.33900035576553,176.2145233154297,20886300
2024-12-10,175.10172768901427,175.78122052551834,167.1447944469346,169.193115234375,27762600
2024-12-11,177.26820764634724,182.05418411236207,173.7427339097342,180.4096221923828,41295200
2024-12-12,178.17420193764522,179.22791170815157,173.30945695629623,177.9083251953125,46967200
2024-12-13,210.64203373791463,225.21661452849804,207.894535483237,221.3760223388672,121336600
2024-12-16,228.2595108267488,248.04352373666316,227.29444179072604,246.19215393066406,111623200
2024-12-17,236.98458494331078,238.77687121492107,230.23892827023693,236.57098388671875,70382100
2024-12-18,235.76348033602866,236.19678097240765,215.88099768798963,220.21397399902344,53960100
2024-12-19,224.43863322495875,224.57650023895613,214.26597096827922,214.9947052001953,40845200
2024-12-20,217.00361968267626,226.7823651360186,215.5757081496128,217.42706298828125,131910400
2024-12-23,223.8353587038701,230.46085311505627,222.29500575780116,229.42408752441406,40643800
2024-12-24,237.09623530292546,237.20485070824665,231.84323631823355,236.66177368164062,22827200
2024-12-26,236.9777299168223,244.16605318563487,234.6079586443094,242.27023315429688,28459000
2024-12-27,242.54671735204698,242.68495376498825,233.37371058860117,238.70570373535156,29282200
2024-12-30,231.7444801131707,235.76323487956245,228.7032639548135,232.6134033203125,27316800
2024-12-31,232.9096200594737,234.4697252763065,228.3971618285117,228.9204864501953,17927700
2025-01-02,233.18611677848526,236.4840536179571,227.34066724026783,229.05874633789062,31525800
2025-01-03,230.64844839086723,233.5119383624822,226.1162528771396,229.62155151367188,24973200
2025-01-06,233.521815917858,238.7057040090578,230.3621157136926,233.43295288085938,34028400
2025-01-07,236.4840310605519,236.4840310605519,224.7338910762655,225.7607879638672,25928600
2025-01-08,226.80745152172184,229.5425739339468,223.21328958843802,226.42236328125,18756500
2025-01-10,224.43765872698944,224.96098333568497,218.46384217618865,221.4853057861328,23864000
2025-01-13,217.2197260477385,226.37298039445892,216.74575972042123,222.45297241210938,23772100
2025-01-14,223.7168689159853,227.3603890296336,220.2905645370501,221.8704071044922,18143100
2025-01-15,225.67192219689144,227.43937448395022,222.73932156047226,225.12884521484375,21745600
2025-01-16,232.2579366694541,235.5953780262294,226.32362446679943,226.52110290527344,23471900
2025-01-17,234.09451447399962,235.10167409555768,229.7301762027668,234.44998168945312,31196600
2025-01-21,238.45883041390172,239.69308937049544,234.41045500961937,237.2838134765625,30903200
2025-01-22,243.6427520309688,243.8797352076944,237.65906618506514,237.8762969970703,29610500
2025-01-23,235.40776470049263,237.37269547375817,233.14659367400705,237.25421142578125,17653900
2025-01-24,241.61856079101562,246.44698183527788,238.86370108190582,241.61856079101562,25387800
2025-01-27,210.71270982183037,215.67936728902913,193.7589284474536,199.5846405029297,90569400
2025-01-28,205.39058801824783,207.30616059994975,196.38543822107724,204.748779296875,50316000
2025-01-29,206.2101298109656,208.78726337783516,200.21657554112824,203.75149536132812,32533700
2025-01-30,215.81761847164222,219.1649285799728,211.00893472704968,212.9442596435547,42449500
2025-01-31,216.89388574438448,223.94397308853087,213.57619669616034,218.48361206054688,41104700
2025-02-03,212.74675574890747,218.15774282875134,210.8212997116411,214.9881591796875,24507300
2025-02-04,216.58779658712947,220.22144820749048,212.58879402162503,219.62899780273438,23768500
2025-02-05,230.99403299085378,234.93377790926826,224.63512848163472,229.07846069335938,29196000
2025-02-06,231.54699124657566,231.843216423545,225.68178999580834,228.446533203125,21169500
2025-02-07,232.040693610946,232.68250226874648,221.2878297309596,222.0382537841797,22117500
2025-02-10,224.5660154357296,232.85037642470857,224.25992161006852,232.08018493652344,23901600
2025-02-11,229.55242487948408,234.89430152292462,227.0740381964697,232.08018493652344,18476200
2025-02-12,227.459128317726,233.5020556965066,227.1036611150543,233.3737030029297,16397300
2025-02-13,233.08733262115527,233.9661243940651,227.82445063134233,232.8306121826172,20962000
2025-02-14,231.57663476915081,232.7714042413032,226.01752680308408,230.1053924560547,16988800
2025-02-18,227.20242786951277,229.2759741788118,221.47546246292723,225.65219116210938,26080500
2025-02-19,224.9807470202307,226.1853850656415,221.5741799683335,225.8496551513672,16375500
2025-02-20,225.7706561996593,226.09650239223797,219.94495959287823,223.8847198486328,16104000
2025-02-21,222.80844610787895,224.88200741697443,212.91463603678977,215.90647888183594,24883600
2025-02-24,215.84723320231555,216.71614134636317,204.92649624367266,205.31158447265625,33050400
2025-02-25,204.39331470044323,206.01266209830288,198.38987640269428,199.98947143554688,33100800
2025-02-26,204.30443472056223,210.85093444684563,203.40589052023196,210.2584991455078,21368300
2025-02-27,214.54384746080927,216.48904096120802,194.91418638266006,195.3091583251953,27572900
2025-02-28,193.29484200035554,198.6564713180188,190.7177084196682,196.9186248779297,39747200
2025-03-03,201.4310860068993,201.49032803329786,182.20626497532143,185.010498046875,37435600
2025-03-04,186.8372041751467,191.50763632709985,178.20725924182253,185.11911010742188,37910500
2025-03-05,189.4439532900658,191.6359985638115,184.74390026105863,189.16748046875,25644500
2025-03-06,178.76020526420137,184.4773017862713,175.37340556515207,177.1902313232422,56864100
2025-03-07,185.36596315652335,193.01836952288812,179.2736620896206,192.5049285888672,74528900
2025-03-10,187.21241451218023,189.56243344511265,178.15787706676485,182.12725830078125,44217100
2025-03-11,185.68192400090976,193.1565885506026,183.01592761691498,187.69622802734375,42153200
2025-03-12,193.74906463398895,197.46171071591925,190.02653483625505,191.78411865234375,30409700
2025-03-13,190.71769333533186,193.847787396342,187.08404209642964,188.9502410888672,27236100
2025-03-14,193.7292985993485,195.01293103212828,190.76707686215164,193.07760620117188,25900900
2025-03-17,185.6819313782947,194.24275019738803,185.13885439208354,192.0507049560547,26830600
2025-03-18,188.04184351011034,190.4609883160098,184.54641332582716,186.29412841796875,24951000
2025-03-19,186.95568089246262,195.77323527121797,184.54640484600964,193.10723876953125,37962700
2025-03-20,189.68046743106606,191.9781761277567,187.12524634517226,188.70986938476562,31430000
2025-03-21,186.4022773372371,190.2252032106022,185.570333928145,189.8191375732422,43086500
2025-03-24,192.4337633784763,194.80080696982301,188.83862447106324,189.41305541992188,33180300
2025-03-25,189.0565107893104,189.75969792530447,185.87733602439656,186.45176696777344,23417300
2025-03-26,184.86714509242734,186.2536921282797,175.8743561552768,177.54812622070312,30578500
2025-03-27,175.95359686803442,176.66668254810136,168.8227551795949,170.3380584716797,32151700
2025-03-28,170.2786286444527,171.63548025841092,164.87107965947507,167.49562072753906,30391500
2025-03-31,162.91010457469025,166.3269648388469,159.077265046445,165.8218536376953,35656400
2025-04-01,164.77203902957226,167.08957520468707,161.85037631057958,166.90139770507812,20472400
2025-04-02,164.48481894119044,171.76421381104404,163.91038797349552,170.4370880126953,19523700
2025-04-03,158.99802536207517,161.8602666444248,152.22372639178627,152.53074645996094,44354900
2025-04-04,146.74683525709935,151.33236925300955,137.83327965451377,144.8848876953125,72302200
2025-04-07,143.102193451176,158.88907865220165,136.7735693661445,152.6595001220703,68503500
2025-04-08,166.01003317854824,168.1492903677748,151.61959260044802,154.53135681152344,58888200
2025-04-09,158.95839715542866,185.53069676129576,155.99711067144557,183.3716278076172,72708300
2025-04-10,173.61628142245732,175.25042745605887,164.80175508324112,170.6450958251953,51212200
2025-04-11,171.9523950141319,180.90557531573444,171.64537494646774,180.19248962402344,33964100
2025-04-14,183.30233777870546,184.21349951120717,174.13128404989467,176.64688110351562,25748300
2025-04-15,178.00370814547034,180.50940655432726,176.36956226568714,177.231201171875,17242400
2025-04-16,168.79303240159078,174.38877387550843,165.31675098410085,172.93289184570312,34638600
2025-04-17,174.55714453800246,174.55714453800246,168.2879414483614,169.34767150878906,22501800
2025-04-21,165.38609344269528,166.3863871153068,160.05776263844598,164.61358642578125,23469800
2025-04-22,165.82184386631172,168.88217620188036,163.63307916440144,167.95120239257812,18504900
2025-04-23,176.07245440287642,178.71680772769,174.13128830728718,175.2108154296875,24380500
2025-04-24,177.96410027922843,186.7588137188935,176.58745167659887,186.34283447265625,27576900
2025-04-25,185.12464649091922,191.51269173277512,185.0949358475055,190.46287536621094,21242300
2025-04-28,188.69998416646294,191.24530692138265,185.87735198227506,190.62135314941406,16385800
2025-04-29,189.8785674239583,191.39387085877763,188.27413204879227,189.33384704589844,14630000
2025-04-30,184.11444984811442,191.34433736770387,182.25251726763258,190.62135314941406,22768900
2025-05-01,196.23687945762546,199.46556196010408,194.3551348609607,195.43466186523438,24939700
2025-05-02,201.94156406982066,203.70446621937182,199.14865761859994,201.68406677246094,17766800
2025-05-05,198.32662733175079,201.27800062566266,198.0790285460682,198.7921142578125,14025400
2025-05-06,194.553215786758,199.97067819064242,194.05801823694938,198.16815185546875,16348800
2025-05-07,197.3758339980784,204.2491784507252,196.5240936025469,202.8428192138672,20253700
2025-05-08,206.00217017474864,209.13182215626153,201.73356993187278,205.77438354492188,18460900
2025-05-09,207.31939230252192,207.94334600390164,204.53638470149298,206.2002410888672,13289200
2025-05-12,217.3818295426096,219.66963984357437,213.80650256785768,219.45175170898438,25437700
2025-05-13,219.8677071775199,233.02015259609766,219.8677071775199,230.1876220703125,28790500
2025-05-14,228.01867195289987,231.25726833618455,226.15673934068562,229.89051818847656,19751400
2025-05-15,227.94935703509134,232.2080593087327,225.87943474691102,230.40553283691406,18803700
2025-05-16,230.08858740689848,230.4055059674828,224.21553684749128,226.41421508789062,23094600
2025-05-19,219.7191430423896,229.0288502622106,219.47154428534935,228.41481018066406,15355500
2025-05-20,224.3145893505729,229.54387421623667,224.1660210197509,229.45472717285156,11787200
2025-05-21,226.19634217594742,234.22844725063823,225.6417233234588,227.52346801757812,17642900
2025-05-22,226.14682807179085,231.44544824293433,225.24556484581083,228.3157958984375,14340200
2025-05-23,224.76024567662333,228.43460269579552,224.00753579823768,226.5231475830078,15385600
2025-05-27,230.63331462000428,234.20864172956445,228.91003672429085,233.38661193847656,17941700
2025-05-28,234.87219514973296,238.67532387132286,232.17831923171224,237.1302947998047,20443000
2025-05-29,243.5480636690118,243.70653051259833,235.1197916615412,239.64590454101562,20743700
2025-05-30,238.9031074601209,240.83437488452728,232.64380316824696,239.7449493408203,27088600
2025-06-02,240.91360320609414,247.59876999598578,240.85418191925186,246.3211669921875,19197000
2025-06-03,247.6780311894727,255.4031167020535,247.00455460120327,254.3830108642578,30380200
2025-06-04,255.58137465100648,262.88058220367765,255.1158877130409,258.5723571777344,31536000
2025-06-05,260.4243925452424,262.3457613753824,256.5717412625575,257.4333801269531,41970900
2025-06-06,248.7278126137887,252.86767178716102,243.76593884648406,244.55824279785156,41146700
2025-06-09,242.69632428504522,245.78635218669257,238.79416514080953,241.9337158203125,25334100
2025-06-10,241.87429936083302,243.91451090648613,239.08137784609838,242.28036499023438,25491300
2025-06-11,243.9937438627423,252.32297049991425,241.4583347579636,250.4808349609375,24599000
2025-06-12,247.78694576683625,255.41299991979733,247.10357074841298,253.6104736328125,20410900
2025-06-13,248.25246050735794,251.56037679576838,245.96465004973138,246.311279296875,19028400
2025-06-16,247.94541274699242,252.7389212767906,247.1729057984807,249.67860412597656,20363000
2025-06-17,248.53964908058316,251.52074802449692,245.5387531153349,246.97482299804688,22014300
2025-06-18,248.4802230819787,253.1845997510796,247.01444258282,248.84666442871094,30435500
2025-06-20,251.36821046956638,251.67595317122704,242.39395704231367,248.171630859375,42134900
2025-06-23,247.29802554970544,252.3609352546579,244.66730716540255,251.92413330078125,19747000
2025-06-24,256.8877783236322,263.9361412383904,256.8877783236322,261.8514099121094,32764900
2025-06-25,264.0651926516576,267.9070385395564,261.5138788201313,262.7250061035156,18894200
2025-06-26,263.1518312827552,269.69392319110216,262.2087596291865,268.204833984375,23569600
2025-06-27,268.33391044359024,269.8726544070076,264.9388034166696,267.3908386230469,27477600
2025-06-30,272.73163698353846,275.68994120557556,270.1505432099343,273.6449279785156,24708400
2025-07-01,272.4040383904484,272.5033170605187,260.7494435593909,262.8143005371094,28847600
2025-07-02,262.06975270813655,270.0214984413873,260.81893842665613,267.936767578125,17582100
2025-07-03,268.76079206904774,273.7938911974382,268.1552132949487,273.17840576171875,10592700
2025-07-07,273.1287709767681,275.5410884312071,270.6767359905836,272.1856689453125,16760600
2025-07-08,274.3398898913374,274.3398898913374,269.17770156203375,269.8229675292969,14869400
2025-07-09,270.9745612660417,277.41737552791653,270.7363166496009,275.8786315917969,20133000
2025-07-10,277.7548411086959,279.1347146196132,270.7164167684791,273.3967590332031,17891600
2025-07-11,272.1459717180673,274.4590104060256,269.9123377950849,272.38421630859375,14274700
2025-07-14,272.13602824085694,276.33524052626194,267.6191060163645,273.5953369140625,11934200
2025-07-15,277.7746989887814,281.2988646698137,275.82896423589466,278.896484375,17918400
2025-07-16,278.0725051194062,279.4623459548126,273.664828920469,278.7674255371094,15031000
2025-07-17,279.09505100210833,286.1831001282647,277.8739869021022,284.3664245605469,17231100
2025-07-18,285.021619799704,285.4385781557984,278.95607693910864,281.279052734375,15012400
2025-07-21,281.89450041779634,288.4266552498108,281.5669141284155,286.11358642578125,17726800
2025-07-22,285.55766440317495,285.9051246067818,274.41927604521186,276.5635681152344,16564800
2025-07-23,274.76675375060375,281.93423805668573,271.0142499629409,281.6264953613281,20556200
2025-07-24,287.68211602861425,289.08186351873803,281.4378601375051,286.6099548339844,16413800
2025-07-25,285.97460691412977,290.4617178544443,285.1804078789443,288.0692443847656,12476200
2025-07-28,290.3326589009196,293.3009304609522,288.47626599123106,292.1592712402344,13683400
2025-07-29,295.33605760149004,299.99194610967925,292.72518273237233,295.25665283203125,19210800
2025-07-30,294.98860925642424,301.05418260589016,293.6484227137905,300.4188232421875,16738900
2025-07-31,300.59747415612446,304.7173120254918,288.11892914092226,291.5636901855469,25488500
2025-08-01,284.4557658058652,290.511401514147,279.561602753281,286.5404968261719,21428100
2025-08-04,290.07457572927603,296.30889436508164,289.28037667960893,295.5544128417969,17164600
2025-08-05,295.64379471514013,299.0091511605925,289.3300704645004,290.7992858886719,18477500
2025-08-06,290.7695100005182,300.60743068669365,289.77678375927667,299.4757385253906,17392100
2025-08-07,303.9429802612503,308.08263136281226,297.69872426240624,301.5505065917969,16319400
2025-08-08,301.8384179801744,305.6306396993214,300.349328537163,302.7517395019531,12458700
2025-08-11,302.83111270408006,306.0674097840865,299.09848282375026,301.6894836425781,12396400
2025-08-12,304.3996504295538,311.1601136694585,302.4539154908001,310.5545349121094,17609600
2025-08-13,314.44605339949277,315.041695234587,302.53333788001714,306.8417663574219,17371200
2025-08-14,304.7768807423116,311.8848039787792,304.76694378570727,308.9661865234375,15717600
2025-08-15,308.7676129160397,309.23419541790025,297.57960012306575,304.1117248535156,22806900
2025-08-18,300.49824040001744,303.94300161229654,296.8251412495918,303.5359802246094,14724700
2025-08-19,300.2202761697002,300.6967653651437,290.263233415247,292.764892578125,20149600
2025-08-20,293.31086698084704,293.3406475542526,279.81972190735485,289.0520935058594,23600500
2025-08-21,287.9501453031351,290.2632142034538,284.0884563245245,287.4934997558594,14946300
2025-08-22,289.62787721594987,297.90721032762787,286.9078170439723,291.86151123046875,16301300
2025-08-25,290.6801592013728,296.22949508123116,289.58815431097145,292.08984375,15124700
2025-08-26,292.2089345010793,298.0660124501392,291.8515373502599,295.8423156738281,25689100
2025-08-27,295.3658235769263,298.98926812943864,291.6431003457973,298.0660400390625,13830300
2025-08-28,300.7265126760246,308.7378196398738,300.1308709520052,306.4049072265625,18907100
2025-08-29,304.7768891479581,304.7768891479581,291.523987936555,295.22686767578125,21610700
2025-09-02,287.23539119184755,296.5372307128796,285.08119233248743,296.0706481933594,19693000
2025-09-03,300.09124255083566,302.2355350003177,294.2440700855586,300.1905212402344,18529400
2025-09-04,302.8410912920338,306.53403444518864,300.05153273311777,303.87353515625,31220800
2025-09-05,353.192169165723,353.748093481665,329.0093705354357,332.4541320800781,78401600
2025-09-08,340.2569335779802,351.59388106256154,338.76784415313125,343.1358337402344,43535600
2025-09-09,347.0074495775188,348.4270711438003,333.3872441761201,334.2211608886719,26972300
2025-09-10,348.9631095115502,370.2570990221587,348.00016386753055,366.8818359375,51086800
2025-09-11,368.4801051781369,371.507938278094,356.15046268837443,357.0141296386719,29430900
2025-09-12,360.2702457908928,361.7394913791574,354.56207050667996,357.2523498535156,31949800
2025-09-15,357.2523449408651,362.84139785915113,353.7480229394392,361.441650390625,21792200
2025-09-16,362.7719353127759,363.0300538245744,354.39332359211727,357.3814392089844,21306500
2025-09-17,356.2397993943744,357.3119303496726,339.0159939361556,343.65203857421875,45197100
2025-09-18,347.4541836475093,348.14910413304455,341.28936218613165,342.8380126953125,24663900
2025-09-19,342.14307016475516,343.75128172100693,333.9828597941897,342.43096923828125,41240100
2025-09-22,340.521676529491,344.7380682178848,336.05670840487335,336.9019775390625,28660000
2025-09-23,338.343860008435,343.2961177922363,335.14180359674134,337.0511169433594,21944100
2025-09-24,337.86657173075366,338.1847653485593,331.94971816245834,337.4190673828125,19677300
2025-09-25,331.134275121943,336.1760278754911,325.47598241305116,334.2269592285156,21678200
2025-09-26,335.5495430902156,337.19034180427343,328.73771110108834,332.66571044921875,15464700
2025-09-29,334.1274972132583,339.1493418032052,325.7245762901725,326.0726318359375,21336000
2025-09-30,328.2802628399181,329.205072741046,322.8009599171497,328.0714416503906,20109500
2025-10-01,326.3212251621756,336.06662830461244,322.6915725573032,331.53204345703125,21122700
2025-10-02,345.67275801451893,345.67275801451893,333.38165475069127,336.2953186035156,19917600
2025-10-03,339.5968450377662,342.4806774766384,333.8689353926916,336.4842834472656,14749100
2025-10-06,334.04795751834985,342.2121953344511,332.6955209110659,333.6203308105469,18465700
2025-10-07,335.15175721852984,336.2257251109378,324.75998210406857,334.53521728515625,18086700
2025-10-08,331.9596534897176,344.60876709875396,330.76632886060804,343.5745544433594,21478300
2025-10-09,343.8231717160013,345.3744755727328,338.5029806322393,343.09722900390625,17643700
2025-10-10,343.4651773234566,348.6461338163463,322.24407712615806,322.82086181640625,28941000
2025-10-13,350.8040064602497,357.3771847970569,341.60555658975477,354.7121276855469,45984300
2025-10-14,348.17875107559985,348.7157501848421,337.75714457061156,342.2121887207031,22078000
2025-10-15,352.49455527791184,357.39707331833375,345.56339757170997,349.3720397949219,23918500
2025-10-16,354.81158690197896,361.2157000299587,347.5423270287998,352.1763610839844,20317200
2025-10-17,347.6616476056118,349.01408425686975,338.88086957101905,347.3832092285156,20937900
2025-10-20,351.8282861957606,354.6027462260017,345.90150933954277,347.293701171875,15640200
2025-10-21,348.0494880650942,349.14336395422873,339.40791406219176,340.7503967285156,16092600
2025-10-22,345.3645237166866,346.0705888161216,333.6402499212292,338.4035339355469,19268800
2025-10-23,338.50297147066453,344.6385998982523,338.50297147066453,342.3713073730469,12859200
2025-10-24,350.54549662310535,356.30320751585856,348.9245756412487,352.1564636230469,16143700
2025-10-27,359.5251809323712,360.7284292217221,353.10116003937577,360.0323181152344,20065800
2025-10-28,360.59912318951916,371.97537079087914,360.50962839891025,370.8914489746094,21056000
2025-10-29,371.1102485015621,384.32619303766535,371.1102485015621,383.8289794921875,24975200
2025-10-30,384.2466327695093,384.2466327695093,367.9976972843224,374.3719787597656,24295300
2025-10-31,376.1619021273364,376.70885520294166,363.06531512241327,367.570068359375,21598400
2025-11-03,369.92685814641334,372.76098127429407,359.96271015047455,360.5295104980469,17198900
2025-11-04,356.52198503236366,366.8938825186382,349.04390433189366,349.9786682128906,24047500
2025-11-05,348.9345498385447,362.8366216786407,348.1389899268927,356.9794616699219,17087600
2025-11-06,358.10310617249223,361.4742283989158,350.7443521590441,353.6083068847656,19896900
2025-11-07,352.21611794953895,352.52438790608517,335.3903989735874,347.4826354980469,21903200
2025-11-10,355.90547129015016,357.9937743768501,352.63379746590385,356.39276123046875,16409000
2025-11-11,356.9695095961331,359.87325018105065,347.721349386598,349.9985656738281,16446800
2025-11-12,356.04470935897166,356.870070550016,349.7201368318695,353.24041748046875,12190500
2025-11-13,349.62065691534923,351.5796794627396,332.29775430112113,338.0853271484375,22616600
2025-11-14,329.62273945414825,342.8187756417505,327.22616659303407,340.5514831542969,18500800
2025-11-17,337.926232589791,350.2372452415581,335.63903199589225,340.7404479980469,14799600
2025-11-18,341.2873822174715,346.03078841146703,333.64023562911325,338.6024169921875,21726800
2025-11-19,338.8112377860541,357.6854744587365,335.91745137694255,352.4448547363281,21851900
2025-11-20,363.9603433399052,373.9841558363627,343.2563624271675,344.8872375488281,28867000
2025-11-21,343.2364575279554,346.6572891403912,329.95089584413364,338.3041076660156,30280300
2025-11-24,345.79215560293983,379.87116230102026,345.72253842068704,375.8536682128906,47262400
2025-11-25,382.78482856106825,385.9670075218371,369.67828624732226,382.88427734375,33507600
2025-11-26,383.40133753669346,397.64154019645565,381.1241214391412,395.3543701171875,28693000
2025-11-28,397.1244577834378,400.75411053140465,394.9466600651565,400.7143249511719,13365500
2025-12-01,392.64955094985896,393.2163816866779,382.9538866150901,383.92840576171875,23252000
2025-12-02,386.1460022440912,391.307081554401,377.67349389386123,379.4435729980469,22207000
2025-12-03,377.8822751564566,380.1694452091911,368.584376264027,378.4888610839844,21336400
2025-12-04,378.5584996226792,381.7506324510507,374.4316332437718,378.90655517578125,15845900
2025-12-05,384.0179208913015,391.33688967246087,383.0035858418701,388.0652160644531,24779900
2025-12-08,400.23702982872936,405.02022174829125,395.1853231699673,398.8647155761719,30410600
2025-12-09,396.5277986633077,404.6622049048363,393.30586463113883,404.0257873535156,24546000
2025-12-10,399.9585799580881,412.2993931991623,397.3332779247453,410.6685485839844,31531000
2025-12-11,402.5739204070468,407.01901087793635,391.9932315581386,404.1053466796875,45681600
2025-12-12,377.8425065927604,379.87114634278277,353.1707730499734,357.92413330078125,95588500
2025-12-15,359.8732264357258,359.9825988464731,335.62908964676296,337.916259765625,65894900
2025-12-16,334.14737546643596,345.5634092347465,333.1927339698805,339.39794921875,58061100
2025-12-17,344.67834370968916,344.67834370968916,319.6287543506516,324.2030944824219,73300900
2025-12-18,334.1275151468503,334.15734674680243,321.8264564239797,328.0416259765625,54501900
2025-12-19,331.48232843001927,341.53600226929694,330.72655411698554,338.46319580078125,159095200
2025-12-22,344.7600156991574,344.9692364534412,335.9823521806034,340.19683837890625,28739600
2025-12-23,339.5591570141213,348.8250120003124,337.29749931207215,348.0379333496094,28232600
2025-12-24,349.4029075800455,351.5649262658627,345.8659488754865,348.93463134765625,11424400
2025-12-26,349.7715357876288,351.95350047354117,346.4736865949722,350.8376159667969,15028100
2025-12-29,347.4401421635981,349.0442186073641,343.4249341345299,348.1076965332031,21946900
2025-12-30,348.68553371240546,351.38557889791855,348.01797938252247,348.56597900390625,16633600
2025-12-31,348.4464552302656,348.5958986291571,344.1522759371943,344.82977294921875,15346100
2026-01-02,351.48521194505133,359.3362953283135,344.2917098528593,346.3441467285156,25398600
2026-01-05,353.43803761093864,353.7269817780168,335.2649910643092,342.15960693359375,31136000
2026-01-06,342.3389417342706,347.7689211606285,336.7594885063058,342.50830078125,27135500
2026-01-07,340.4459068416692,348.41654528894907,334.6472600739357,342.2392883300781,20249300
2026-01-08,341.5219196453333,342.4186103632603,329.286991203525,331.2597351074219,24385200
2026-01-09,336.6797751012507,346.1150194031593,332.27598406295414,343.7038879394531,22482500
2026-01-12,339.698674448018,352.6011277594498,339.698674448018,350.9173278808594,20949600
2026-01-13,351.58487107154133,358.17059657442337,349.62210011368643,353.3085021972656,18308000
2026-01-14,347.68924007343315,349.4029286863791,333.19265245524537,338.642578125,30094700
2026-01-15,347.8386654077994,348.3966076801905,340.4160264171507,341.76104736328125,22218800
2026-01-16,344.99912218243014,353.2089007262952,342.78726872505104,350.4191589355469,31291200
2026-01-20,342.837095865828,344.1323124647733,330.58222088214137,331.3793029785156,32293900
2026-01-21,334.2786261557405,334.56753991024675,323.01013837395254,327.5932312011719,32006600
2026-01-22,334.11920736137336,335.75317243641445,323.69760607803045,324.2953796386719,24275400
2026-01-23,318.1281188002833,320.8082486122757,312.9571642861103,318.8753662109375,30259500
2026-01-26,318.6262615696849,327.4736751610913,316.4343542276309,323.6577453613281,25006400
2026-01-27,328.54972543001713,333.5313744429392,325.81976109514653,331.568603515625,25537600
2026-01-28,337.6063633193964,338.7421634956658,325.5009621688594,332.0169372558594,23001700
2026-01-29,331.3394445196304,334.7170172246241,319.1045154719265,329.51617431640625,20447500
2026-01-30,331.21987595904915,336.95874524698775,327.12494473425943,330.08404541015625,28313000
2026-02-02,324.9130958822625,334.82658953615237,324.55443174960084,329.8947448730469,17278200
2026-02-03,335.50407179473007,337.6561477130813,307.51717263997887,319.154296875,36914800
2026-02-04,318.33736523318174,318.33736523318174,294.21619728396405,306.9194030761719,43330300
2026-02-05,313.18632179759084,325.33158511694234,305.574377544834,309.3703918457031,42775800
2026-02-06,318.92519452201884,333.7705033667693,315.1391228076482,331.6981506347656,33003400
2026-02-09,329.55599651471385,351.04683756640543,329.4364418037815,342.67767333984375,30091000
2026-02-10,346.1947185530291,346.73274516127924,338.5927172761311,339.1905212402344,19542700
2026-02-11,345.52716468586686,345.9257209328718,332.51509984715887,341.50201416015625,17004700
2026-02-12,342.56806806976016,345.01906131494906,328.3504525077073,329.9545593261719,22007300
2026-02-13,328.6393784947527,333.09297375277924,323.4983132676261,323.9765625,18397200
2026-02-17,318.5067020490309,334.51772917618604,315.14907549970434,331.31951904296875,23469700
2026-02-18,328.31057326826937,336.6399059158725,326.0289999980731,332.28594970703125,13565300
2026-02-19,331.7877764705465,337.19783966179045,328.46998140899325,332.76416015625,15180900
2026-02-20,331.14016350541874,338.8617195900129,328.37036782936144,331.4291076660156,17658900
2026-02-23,331.03058762736407,337.2576490951474,324.1260291692235,329.1275939941406,16472400
2026-02-24,321.3562249469424,327.1050369959775,313.2959204448514,324.2953796386719,23614400
2026-02-25,329.5261174222931,334.67715600899425,328.07148438768274,331.0903625488281,20182300
2026-02-26,325.30165766317515,325.3813506633246,306.79980723320375,320.519287109375,33025300
2026-02-27,309.55970225528097,318.8255578686076,308.8622591852136,318.377197265625,28004200
2026-03-02,308.22457009461783,318.8653953895662,306.07252449915245,317.6498718261719,20567200
2026-03-03,311.85125792147716,314.72069289120583,306.2718044142909,312.68817138671875,20826200
2026-03-04,314.52137733361707,321.4558544873858,310.59583557195833,316.3645935058594,34895800
2026-03-05,328.9681545763323,334.88635581406487,321.84440283626805,331.54864501953125,57076600
2026-03-06,327.0751520776263,342.24926618150187,326.1983769711768,329.26708984375,39152200
2026-03-09,326.0489462013272,347.2109826665509,322.42229092163143,344.4810485839844,40605800
2026-03-10,347.4501151786214,351.8439334106809,339.54919645898224,341.3226623535156,29531700
2026-03-11,341.33262117838166,344.5408043378694,336.9786648345567,340.3163757324219,20104100
2026-03-12,336.5004313521793,338.58275707480584,330.9807859154956,334.7369384765625,21982700
2026-03-13,336.44065906121017,337.07832476483355,320.25029887308415,320.9776306152344,34725000
2026-03-16,324.8234470564934,327.99179909070955,318.8853296584693,323.7275085449219,31363100
2026-03-17,324.5644172389447,326.2382440667771,316.0856406013058,320.1307373046875,38026500
2026-03-18,319.2539615498681,324.24558375015846,314.39186709294574,314.7704772949219,25460600
2026-03-19,311.32319151685414,322.0835418062096,307.377733798167,318.6661376953125,23524800
2026-03-20,318.9451071216726,320.3300202096048,308.78256088212635,309.3703918457031,43325900
2026-03-23,317.4975134386726,325.9641247660054,314.4323571755344,322.0003967285156,27369200
2026-03-24,319.4943376753773,323.8873787245429,314.3424878240393,317.78704833984375,19799000
2026-03-25,322.08023899676266,323.7875283200097,316.21951965730335,318.30621337890625,19900000
2026-03-26,313.52376738951216,316.41920911815595,308.6814558467776,308.9310607910156,20343700
2026-03-27,306.5747878358005,307.01409499464205,298.3977270632729,300.2048645019531,23593900
2026-03-30,300.39455309431185,304.2883841263782,289.50178968312434,292.94635009765625,28054500
2026-03-31,298.9169311322916,309.8196587444799,295.8717323324701,309.02093505859375,29289500
2026-04-01,312.8748233993929,315.29101284198265,309.98940587806464,312.99462890625,19171000
2026-04-02,304.0088468607454,314.19274140072105,301.27318625357447,314.0529479980469,14021100
2026-04-06,314.56214534661507,315.9000242460939,309.78969983648585,313.9331359863281,12111300
2026-04-07,326.2137111638498,333.621968992959,321.29147840912157,333.4422607421875,33310900
2026-04-08,351.19418361323665,353.58042168937504,341.9887513414019,350.0759582519531,31573100
2026-04-09,351.74329055349165,358.13320177979557,350.9445668848811,354.34918212890625,20514900
2026-04-10,360.36964078021094,375.95495904827993,360.2498352807269,370.9628601074219,29958100
2026-04-13,369.07588036868225,380.25816425440775,368.89617211078104,379.1499328613281,24115800
2026-04-14,377.3028298417277,381.6759133656677,375.72533999135464,380.17828369140625,24423000
2026-04-15,389.2639212714563,396.4525256379757,384.9607343182478,396.0931091308594,29559300
2026-04-16,394.3758444183283,399.0484420471456,391.73003788508925,397.8403625488281,18872900
2026-04-17,400.2665109575457,406.0873157340535,399.1782369795804,405.8976135253906,20581700
2026-04-20,405.0589200627321,405.7777835286593,395.2743878615366,398.9985046386719,16922000
2026-04-21,398.778866907118,402.96224842135666,393.9465185989584,401.5345153808594,16275500
2026-04-22,406.3368957065317,422.5312658634436,404.2202201647497,421.98211669921875,23702500
2026-04-23,421.722569007754,428.63161720765004,417.1397951490632,419.27642822265625,19501600
2026-04-24,424.3084732370687,424.328430664838,408.2139198726521,422.09197998046875,22491100
2026-04-27,419.81558056108463,422.0819826033756,413.9748184690356,417.5391845703125,17451600
2026-04-28,399.6774336324243,405.16874261392576,394.0263738242293,399.19818115234375,25519200
2026-04-29,402.8623953449198,404.9990283742698,396.15301296947183,404.809326171875,15962500
2026-04-30,414.8634001949257,417.71889677620834,403.59126215971867,416.7703857421875,21821600
2026-05-01,414.43406738629307,422.5013163603417,412.626930002147,420.6142883300781,11882600
2026-05-04,417.5591412312245,423.160261834928,408.88287049778353,415.84185791015625,15140400
2026-05-05,420.9937175205983,432.70519332765383,418.6873701051219,426.6846923828125,21175200
2026-05-06,434.87173441749127,436.98837956106627,417.119831234386,424.7677307128906,20707000
2026-05-07,421.1534583953846,425.816061920845,405.65796319255526,411.9080810546875,22791700
2026-05-08,419.13663168773485,434.3126252640125,413.34580887195676,429.3205261230469,22561400
2026-05-11,426.9442731163034,432.96474333546047,424.37832689893474,427.75299072265625,16825500
2026-05-12,422.7608994088061,428.6615642339731,407.7646445984097,418.6374206542969,19004300
2026-05-13,415.1529462908859,417.96849751881496,404.1603342331478,416.13140869140625,16981200
2026-05-14,416.0715035872308,441.6609780428996,414.9332903643237,439.0950622558594,19733800
2026-05-15,432.12608162585786,432.12608162585786,419.13662996428303,424.51812744140625,18957100
2026-05-18,420.74410259925855,421.3431605888268,413.7152184916585,420.0451965332031,17863300
2026-05-19,409.17241590505034,417.28957387627776,405.218651499627,410.4204406738281,20652100
2026-05-20,412.15769361465635,423.4997588934565,410.76990587471755,417.0998840332031,16312600
2026-05-21,412.896509263339,421.58277398795553,409.85134096401595,413.9149169921875,16865300
2026-05-22,416.83027769894267,419.32632722976456,409.56178268396343,413.485595703125,14086400
2026-05-26,417.8387067463364,434.6221419680613,416.34107697305205,421.3431701660156,22562900
2026-05-27,424.3983088494184,432.11607435121795,415.8318499600915,421.193359375,17601000
2026-05-28,420.474538506201,429.00102184903426,413.3558002995021,425.9059143066406,17855600
2026-05-29,432.26588669428304,448.19066503671235,430.78821434578,446.06402587890625,41798400
2026-06-01,449.37877140364344,465.3135431382977,441.5212123254821,459.2431640625,30586000
2026-06-02,488.0176440050159,488.047595381557,469.71659120447544,480.8090515136719,38306700
2026-06-03,493.9981640267467,494.21781760890264,471.8931647559405,478.4727478027344,50126400
2026-06-04,408.3437089388015,425.80609216039676,402.3731779666581,418.248046875,80979400
2026-06-05,406.96588319695917,409.8513310665424,384.9806900000674,385.1204833984375,51146100
2026-06-08,401.98377332105593,402.2034268949122,390.73159319104514,395.9732971191406,37099000
2026-06-09,400.9753625803298,407.22548029921717,369.7447923517003,391.5403137207031,37026900
2026-06-10,380.8971642108943,385.2003512300928,370.5835007988036,371.51202392578125,38193500
2026-06-11,372.23087161615763,388.8845063199887,369.964439203457,384.9607238769531,35187600
2026-06-12,383.11366472907446,384.3716834858954,376.40428214162193,381.4662780761719,27600900
2026-06-15,394.88503130709665,395.5739434179131,387.9859467199298,393.3175048828125,32394200
2026-06-16,389.59338292095293,391.1709032730324,375.8651106253426,376.1147155761719,31573700
2026-06-17,388.09576277066986,400.016897953316,382.04534105115863,392.2791442871094,40005500
2026-06-18,408.93278956863384,412.0478851010793,404.7394444719192,410.70001220703125,45076100
2026-06-22,413.6600036621094,414.6400146484375,391.9100036621094,392.1300048828125,26403700
2026-06-23,377.8699951171875,391.0199890136719,376.6600036621094,380.1499938964844,33122200
2026-06-24,386.6199951171875,388.739990234375,376.9599914550781,382.07000732421875,29938700
2026-06-25,386.5799865722656,388.79998779296875,372.70001220703125,378.9100036621094,23353700
2026-06-26,370.45001220703125,373.69000244140625,363.8299865722656,365.0199890136719,34839300
2026-06-29,373.6199951171875,376.2099914550781,360.4599914550781,372.45001220703125,24285200
2026-06-30,374.7900085449219,379.6199951171875,370.6400146484375,377.75,28517400
2026-07-01,371.8699951171875,373.75,368.0299987792969,369.3399963378906,23712600
2026-07-02,365.7300109863281,374.0,356.42999267578125,360.45001220703125,26749500
2026-07-06,373.6099853515625,383.1600036621094,371.17999267578125,373.8999938964844,24544000
2026-07-07,366.55999755859375,372.9599914550781,362.010009765625,370.7799987792969,24116700
2026-07-08,377.5199890136719,395.0899963378906,376.8900146484375,388.69000244140625,31624100
2026-07-09,402.19000244140625,407.5199890136719,387.92999267578125,401.1099853515625,28074000
2026-07-10,398.5,402.44000244140625,395.70001220703125,399.9700012207031,14595900
2026-07-13,393.4800109863281,395.75,383.4200134277344,384.04998779296875,21294500
2026-07-14,395.7200012207031,397.3299865722656,384.6400146484375,389.1099853515625,20118700
2026-07-15,396.0899963378906,399.0,386.739990234375,394.2799987792969,16324100
2026-07-16,384.5400085449219,386.739990234375,371.8999938964844,374.45001220703125,23407200
2026-07-17,366.04998779296875,377.3500061035156,357.79998779296875,370.8299865722656,23272200
2026-07-20,378.760009765625,383.5899963378906,375.9599914550781,378.1600036621094,14420500
2026-07-21,390.2099914550781,390.5799865722656,379.2200012207031,386.5,17291100
2026-07-22,380.20001220703125,398.5899963378906,380.0,396.80999755859375,16966200
2026-07-23,392.19000244140625,397.6099853515625,386.82000732421875,392.4700012207031,16348700
2026-07-24,387.67999267578125,389.2699890136719,378.75,381.9200134277344,15149400
2026-07-27,389.82000732421875,389.8999938964844,373.5,383.2200012207031,18502100
2026-07-28,374.3599853515625,385.79998779296875,371.5199890136719,380.9100036621094,20328400
2026-07-29,380.6400146484375,386.1199951171875,369.510009765625,370.32000732421875,21374400
2026-07-30,380.3500061035156,388.67999267578125,377.5400085449219,387.8399963378906,23639800
2026-07-31,394.8299865722656,399.9200134277344,379.7099914550781,389.2799987792969,20391000
2026-08-03,384.4100036621094,392.6099853515625,374.6099853515625,392.2300109863281,17315100
2026-08-04,402.9700012207031,422.07000732421875,400.67999267578125,418.1600036621094,29564200
2026-08-05,421.70001220703125,427.0,416.8900146484375,418.2799987792969,16880400
2026-08-06,420.54998779296875,428.0299987792969,410.760009765625,420.57000732421875,13907500
2026-08-07,428.3999938964844,430.8399963378906,421.6099853515625,427.760009765625,14698300
2026-08-10,426.989990234375,432.7300109863281,420.1600036621094,422.3999938964844,13854100
2026-08-11,426.07000732421875,426.760009765625,413.2300109863281,416.0799865722656,12882700
2026-08-12,426.260009765625,426.5,414.6099853515625,416.04998779296875,15859200
2026-08-13,415.80999755859375,424.9200134277344,411.4100036621094,417.82000732421875,13180500
2026-08-14,411.9599914550781,412.5,388.5,392.989990234375,29513600
2026-08-17,397.260009765625,399.3599853515625,391.30999755859375,392.42999267578125,20042600
2026-08-18,384.32000732421875,385.7799987792969,377.010009765625,380.0,22878200
2026-08-19,372.3999938964844,373.9100036621094,357.6099853515625,362.4800109863281,35091400
2026-08-20,364.3900146484375,367.1199951171875,362.25,364.0299987792969,19729800
2026-08-21,370.69000244140625,375.1300048828125,365.04998779296875,368.45001220703125,19037100
2026-08-24,364.9700012207031,366.1700134277344,358.7099914550781,358.760009765625,18717200
2026-08-25,361.1000061035156,362.989990234375,355.30999755859375,356.739990234375,18014900
2026-08-26,357.1199951171875,359.4700012207031,350.05999755859375,355.5899963378906,19196300
2026-08-27,361.7900085449219,371.7200012207031,360.6099853515625,371.5400085449219,21330000
2026-08-28,373.6000061035156,376.5899963378906,365.3500061035156,368.7900085449219,16596100
2026-08-31,369.5199890136719,372.75,366.29998779296875,370.3399963378906,21948000
2026-09-01,364.25,371.3999938964844,362.0,369.67999267578125,19288900
2026-09-02,369.67999267578125,371.0899963378906,364.6499938964844,367.239990234375,38874600
2026-09-03,351.739990234375,359.3999938964844,342.3299865722656,357.1600036621094,60242600
2026-09-04,359.70001220703125,360.1600036621094,353.70001220703125,357.8999938964844,32863300
2026-09-08,363.67999267578125,372.70001220703125,362.739990234375,368.55999755859375,30464900
2026-09-09,366.2300109863281,368.010009765625,359.25,364.3800048828125,25918200
2026-09-10,360.0299987792969,365.2699890136719,357.75,360.8299865722656,23994300
2026-09-11,364.8500061035156,366.7799987792969,361.6400146484375,361.989990234375,21142900
