Date,Open,High,Low,Close,Volume
2015-01-02,26.37898514574825,26.537478726114013,26.145209618123978,26.227924346923828,26480000
2015-01-05,26.109054225279014,26.150658151811385,25.643485126438218,25.728178024291992,41182000
2015-01-06,25.779688353183527,25.814853307484437,25.039234806262243,25.09322166442871,54456000
2015-01-07,25.30668989835191,25.3334339302312,24.945130614665498,25.01942253112793,46918000
2015-01-08,24.839138654038862,25.13581508136982,24.517696365378082,25.10659408569336,73054000
2015-01-09,25.169492010512926,25.19029397122103,24.697483996890696,24.800006866455078,42000000
2015-01-12,24.726710008215623,24.778219905572726,24.314135814389513,24.618738174438477,57138000
2015-01-13,24.89163920700457,25.190297590975387,24.62864268177907,24.85350227355957,60958000
2015-01-14,24.78515337508416,25.173458601696684,24.673219534525618,25.058055877685547,52800000
2015-01-15,25.204658819237853,25.247252773533816,24.86390151676055,24.96295928955078,51068000
2015-01-16,24.920363041590566,25.30173423255539,24.91739106283699,25.282419204711914,49658000
2015-01-20,25.396832879486535,25.537494590454898,25.228435216161316,25.25666618347168,46796000
2015-01-21,25.30123863732595,25.846550436538017,25.239327767927744,25.77423858642578,46356000
2015-01-22,25.903510059508417,26.688044496347135,25.849525090806782,26.611770629882812,56068000
2015-01-23,26.6479256089603,27.01344687982746,26.53499986210325,26.842077255249023,45966000
2015-01-26,26.819793477645224,26.819793477645224,26.352737414540844,26.583045959472656,30932000
2015-01-27,26.319553697453237,26.387903552615274,25.797520720306224,25.813865661621094,39148000
2015-01-28,26.00256531560789,26.03674023665664,25.376027615540508,25.379989624023438,35822000
2015-01-29,25.40327175896299,25.516692532109836,24.936710720151677,25.41961669921875,79018000
2015-01-30,25.705397823111312,26.89903949960482,25.664783923559888,26.624155044555664,121108000
2015-02-02,26.464174574741662,26.572148289412223,25.8401137864481,26.359174728393555,75378000
2015-02-03,26.247240536628567,26.619200823037232,26.09221583271168,26.413658142089844,47062000
2015-02-04,26.40573206038584,26.584530706760205,26.004053874738577,26.057050704956055,33896000
2015-02-05,26.14768503657641,26.284384726025117,26.034264273400613,26.241790771484375,33176000
2015-02-06,26.300234164964127,26.75639228379667,26.183346410216686,26.442380905151367,42938000
2015-02-09,26.302713734348217,26.442385423908863,26.128869006585564,26.214553833007812,30314000
2015-02-10,26.356701307992672,26.79502953033303,26.20910559597482,26.75342559814453,47430000
2015-02-11,26.732125324158773,26.842079099789913,26.547382727052224,26.646440505981445,38306000
2015-02-12,26.728656917139155,27.15856603010524,26.596911155069353,27.04316520690918,48590000
2015-02-13,27.11745627387457,27.366586689744704,27.072385356678307,27.298236846923828,47382000
2015-02-17,27.298237498844486,27.38936936520213,26.906960334780344,26.993635177612305,39174000
2015-02-18,26.93469981695822,27.119442427173148,26.72321317271187,26.876750946044922,31164000
2015-02-19,26.867834934191123,27.08526552094028,26.782645131131254,27.064958572387695,30834000
2015-02-20,27.120925489776937,27.120925489776937,26.65139437713584,26.83465003967285,38234000
2015-02-23,26.695971708147457,26.710829714468733,26.34927040881371,26.49785614013672,32906000
2015-02-24,26.32697944346971,26.715779656442244,26.29973850777221,26.678634643554688,28406000
2015-02-25,26.66823517293682,27.219489112110175,26.646936304472703,27.108545303344727,40836000
2015-02-26,27.029794963494243,27.742512589934226,26.997600097420843,27.700908660888672,54032000
2015-02-27,27.64444350753082,28.202633307470524,27.588971604802897,27.8663330078125,68328000
2015-03-02,28.082774550206356,28.528036721826922,27.892087988519833,28.47999382019043,50406000
2015-03-03,28.54586206834674,28.768741570101163,28.25611966075086,28.66671371459961,50526000
2015-03-04,28.576574429341015,28.807377983614806,28.356171857117477,28.64393424987793,37964000
2015-03-05,28.707825176568704,28.885136874638434,28.638980315739218,28.79747200012207,35918000
2015-03-06,28.825705397706578,28.864337347543632,28.333390348995728,28.3749942779541,37592000
2015-03-09,28.276925598669397,28.50129017659802,28.184306791462394,28.43442726135254,23478000
2015-03-10,28.15607365417483,28.219471459936482,27.72715457592738,27.728641510009766,40080000
2015-03-11,27.726164680724466,27.943100240107174,27.50873410643518,27.522602081298828,40524000
2015-03-12,27.660788901103146,27.82720461201737,27.514680139109295,27.794021606445312,35602000
2015-03-13,27.697934301203986,27.952016767016012,27.25712918569483,27.38936996459961,35428000
2015-03-16,27.584022169921717,27.921807546273,27.306165725747533,27.817302703857422,36856000
2015-03-17,27.651376688414153,27.76776943350691,27.45920698358769,27.617698669433594,28892000
2015-03-18,27.623643898000804,28.058506998667593,27.4141373107403,28.04117202758789,35324000
2015-03-19,27.959941806916632,28.080791579039342,27.841073983904455,27.917842864990234,24660000
2015-03-20,28.068411072713282,28.08772610240179,27.957962280232536,27.981239318847656,44320000
2015-03-23,28.03324189893379,28.213527460387702,27.887628163788982,28.002038955688477,30234000
2015-03-24,28.159049710979286,28.819762447845722,28.13676081147453,28.604808807373047,79156000
2015-03-25,28.606291173338146,28.730112923032785,28.082773208618164,28.082773208618164,53070000
2015-03-26,27.96638189139214,28.09218559660649,27.652370477366155,27.916357040405273,49842000
2015-03-27,27.826706738704274,27.937652423954056,27.58401718521686,27.61472511291504,34552000
2015-03-30,27.74845487332882,27.84305373789061,27.577085239154318,27.79253387451172,24788000
2015-03-31,27.634039696430783,27.857414218649403,27.47208102862138,27.473567962646484,34932000
2015-04-01,27.480008114939164,27.661776832807224,27.04415504736719,27.215524673461914,38902000
2015-04-02,27.11250438004649,27.14172537392921,26.767288170471932,26.810379028320312,47760000
2015-04-06,26.688046753511564,27.019890058372,26.532527028436682,26.941139221191406,33718000
2015-04-07,26.992648842786544,27.248711397715006,26.923308959029132,26.986209869384766,27318000
2015-04-08,27.042668834565465,27.31507818991987,27.042668834565465,27.183330535888672,28386000
2015-04-09,27.201660058594012,27.209584076814327,26.842080808323146,27.142719268798828,32366000
2015-04-10,27.219485255920837,27.23335323005184,26.992148727400572,27.16847038269043,26104000
2015-04-13,27.094676732886935,27.402744179307362,27.057529829339796,27.173425674438477,29326000
2015-04-14,27.070902270342298,27.070902270342298,26.53450635923292,26.734601974487305,47206000
2015-04-15,26.64445698694573,26.903491467590854,26.367590634699898,26.79700469970703,46962000
2015-04-16,26.66377732394683,27.00453467116375,26.651396281578656,26.919841766357422,31722000
2015-04-17,26.612264175786684,26.735590905654437,26.200681950687557,26.38591766357422,49234000
2015-04-20,26.435943048235504,27.032764777111968,26.416131115218956,26.96986198425293,38508000
2015-04-21,27.05802601828126,27.13033787938425,26.854958411365462,26.89012336730957,29128000
2015-04-22,26.897057007433858,27.29031426970552,26.810877171052937,27.200172424316406,31806000
2015-04-23,27.261091295001396,27.79402020003318,27.244746355829392,27.610267639160156,78184000
2015-04-24,28.729124179381472,28.95943271969925,28.14963738239446,28.412635803222656,92168000
2015-04-27,28.368550845496582,28.504753623118656,27.84998497053588,28.0391845703125,48062000
2015-04-28,27.950033869869173,28.123880457716535,27.78361817363499,27.952510833740234,37178000
2015-04-29,27.761330506876483,28.025318941874097,27.686543576861304,27.804916381835938,33622000
2015-04-30,27.664747032014112,27.791045731697125,27.07832822772651,27.179861068725586,47240000
2015-05-01,27.266041985090908,27.30120882565993,26.936180685930932,27.298236846923828,36572000
2015-05-04,27.28981806275769,27.572131502988494,27.111514439586664,27.381446838378906,35260000
2015-05-05,27.248710025100387,27.370056704933322,26.86288177036424,26.896066665649414,28528000
2015-05-06,26.87625301478013,26.940145837154233,26.361154095187857,26.501815795898438,39034000
2015-05-07,26.5424311952825,27.003048270136677,26.42108640569576,26.84653663635254,31844000
2015-05-08,27.184817822154855,27.379464492780805,27.14321389593343,27.188779830932617,28226000
2015-05-11,27.165993424219373,27.407694831168,27.022856659587816,27.031770706176758,21858000
2015-05-12,26.884669953336555,26.89210084462871,26.497851723535323,26.682594299316406,35282000
2015-05-13,26.76877755481055,26.9356882801357,26.6949787622634,26.720239639282227,24238000
2015-05-14,26.942125926078575,27.2254312768469,26.869319056372227,27.201160430908203,31736000
2015-05-15,27.26010383829136,27.270504820678962,26.869321642252736,27.066940307617188,33440000
2015-05-18,26.934696633517138,27.15856618306263,26.85693583672888,27.07585334777832,26706000
2015-05-19,27.14172799774199,27.40918343883373,27.09814401015313,27.20512580871582,47126000
2015-05-20,27.286350033703705,27.541422527975126,26.99809264647072,27.365100860595703,30840000
2015-05-21,27.25069293330218,27.617701186041263,27.206117024510508,27.57807731628418,34170000
2015-05-22,27.461684850633805,27.64890442528426,27.420080920571507,27.464656829833984,24266000
2015-05-26,27.36856871241128,27.40571561522229,26.892598631736377,27.10161018371582,37474000
2015-05-27,27.17540802612386,27.502792396262034,27.07139820614714,27.451282501220703,34844000
2015-05-28,27.428501818026614,27.526072669720765,27.280411098715987,27.447816848754883,23544000
2015-05-29,27.3992745681153,27.435926453221672,26.995121359639683,27.008989334106445,43446000
2015-06-01,27.177884306451965,27.26901617803303,26.92281180176792,27.201658248901367,33210000
2015-06-02,27.11349879684962,27.67614566755168,27.06991291705195,27.436426162719727,31842000
2015-06-03,27.49338331300375,27.636521995965783,27.34727454015766,27.50279426574707,26710000
2015-06-04,27.34875855223354,27.535978123217177,27.1972008415835,27.32448959350586,26866000
2015-06-05,27.339845031331336,27.405717920576606,27.111021526688184,27.21750831604004,24396000
2015-06-08,27.221466617190284,27.23434456217627,26.8916053115546,26.917856216430664,27336000
2015-06-09,26.91488582494658,26.985217622243358,26.688539302014306,26.852479934692383,30016000
2015-06-10,27.027814757262096,27.477535877041554,26.998593757801913,27.36956214904785,30316000
2015-06-11,27.463167978168986,27.480007931722366,27.199674568261244,27.242765426635742,25872000
2015-06-12,27.0996266845768,27.183824562720492,27.024342853401112,27.115476608276367,25468000
2015-06-15,26.880711969209667,26.946089841032,26.70637223726349,26.894084930419922,27150000
2015-06-16,26.967386936586042,27.076843804466442,26.823258241207103,26.98670196533203,32526000
2015-06-17,27.013943813440044,27.159557558499046,26.835145173892702,27.0723876953125,24440000
2015-06-18,27.141727923197504,27.599868032157282,27.141727923197504,27.546873092651367,41192000
2015-06-19,27.56370944192895,27.632554297471593,27.35271785202244,27.613237380981445,59290000
2015-06-22,27.70684949528458,28.013926889538354,27.682083635137293,27.7202205657959,34752000
2015-06-23,27.725669016308313,27.97876144101072,27.594913287979942,27.903972625732422,31396000
2015-06-24,27.858905507930135,27.866829526070173,27.578077095850286,27.665246963500977,28924000
2015-06-25,27.75092948829441,27.891591190167812,27.610267786421005,27.634536743164062,26684000
2015-06-26,27.721705978861817,27.736068967762474,27.332410787065474,27.3923397064209,43676000
2015-06-29,27.079812909345662,27.28535744170059,26.757380629599705,26.807405471801758,37756000
2015-06-30,26.997597046071164,27.03771592570362,26.722712624966977,26.747478485107422,34510000
2015-07-01,26.926773160333497,27.033259939164598,26.73361153579567,26.90894317626953,30760000
2015-07-02,26.98026172995245,27.141725386839212,26.92231286768664,27.109037399291992,28124000
2015-07-06,26.856938771736242,27.170457067714576,26.849509768495352,27.02385139465332,25614000
2015-07-07,27.11349572981363,27.29031241451849,26.7380684782853,27.24226951599121,33578000
2015-07-08,27.022860177903542,27.15559597921672,26.80493268243471,26.829696655273438,27662000
2015-07-09,27.173918907818766,27.185309918002943,26.97431833062567,26.97580337524414,29766000
2015-07-10,27.42453582088573,27.70090719265849,27.339842922404863,27.543405532836914,43436000
2015-07-13,27.711804407525904,28.372517116684456,27.671685523721862,28.317045211791992,41792000
2015-07-14,28.454236812183964,29.20756824841586,28.437891873605754,28.933673858642578,74832000
2015-07-15,28.911883086863288,29.157049618403022,28.737046461613076,28.922779083251953,41466000
2015-07-16,29.197170890045513,29.94010143742901,29.11891507049067,29.805383682250977,112642000
2015-07-17,33.67950849607402,34.81866985376039,33.58045262964002,34.65126037597656,257162000
2015-07-20,34.1242824303812,34.561123626669975,33.76718019801341,34.315460205078125,102436000
2015-07-21,33.92121716219117,34.94745117991664,33.885062176821805,34.43978500366211,75604000
2015-07-22,34.373910650686526,35.33030978422432,34.2550428215925,34.42740249633789,83100000
2015-07-23,34.26642932546694,34.47544276375287,33.26297739619701,33.41849899291992,76232000
2015-07-24,33.51954646850588,33.57006445347385,32.351163610093835,32.42991256713867,82622000
2015-07-27,32.27141486858647,33.03911125287975,32.27042483869562,32.6032600402832,58382000
2015-07-28,32.77612135190058,32.89201911114465,32.36255706444771,32.67211151123047,34364000
2015-07-29,32.80087453506159,32.8538713604696,32.33431353448211,32.759765625,36756000
2015-07-30,32.56215156030178,33.08764960862752,32.277359255814254,32.914794921875,39606000
2015-07-31,32.92172794651502,32.93658595212059,32.55026269141592,32.565120697021484,34922000
2015-08-03,32.57304478570584,33.01929886348223,32.57304478570584,32.9227180480957,31348000
2015-08-04,32.903896112769864,33.08517360610335,32.71420336548825,32.75233840942383,26188000
2015-08-05,32.97372655451979,33.675053043694675,32.96530752296837,33.34717559814453,36448000
2015-08-06,33.381849558235224,33.419489586689615,32.72509700071786,33.19165802001953,40660000
2015-08-07,33.07427280932073,33.124790779743634,32.63297269892809,32.9063720703125,27544000
2015-08-10,33.04010388666811,33.26447037304935,32.7003384490676,32.84446716308594,34458000
2015-08-11,34.64928999055603,34.86820752195897,33.89348150225744,34.18966293334961,109880000
2015-08-12,34.39718203181342,34.471970844682666,33.704773356968246,34.24760818481445,58498000
2015-08-13,34.13518395624862,34.3744084574877,33.7874944887562,34.001953125,36354000
2015-08-14,33.87961768110783,34.286742972709355,33.82315573897707,34.14360427856445,27598000
2015-08-17,34.077724261154415,34.40956561591926,33.83107081207881,34.37836456298828,24680000
2015-08-18,34.22779805595973,34.46008474486487,33.94300577845593,34.111900329589844,27710000
2015-08-19,34.180254132907095,34.67999629930211,34.01631349057511,34.374900817871094,50194000
2015-08-20,34.13022786218003,34.47989732877729,33.44573937641924,33.65375900268555,57798000
2015-08-21,33.23573270805934,33.32736336075868,31.85190164375602,31.897964477539062,91880000
2015-08-24,29.74693621024116,31.088173420734844,29.374974077071744,30.61418342590332,129788000
2015-08-25,32.01882119405625,32.04506832236937,30.295220721181085,30.3348445892334,71430000
2015-08-26,31.851905257112435,32.81177320126887,31.221405505566285,32.676063537597656,87740000
2015-08-27,33.28278385300838,33.38134848749213,32.24813103889393,33.08318328857422,58974000
2015-08-28,32.97422048717936,33.03563633785908,32.379382674686234,32.673583984375,38836000
2015-08-31,32.4086092572335,32.90736515028185,32.012876931637756,32.0856819152832,38936000
2015-09-01,31.391788194698353,31.918278183114595,30.9584120339321,31.181291580200195,51458000
2015-09-02,31.599308858507488,31.94898021087631,31.23477761200834,31.941551208496094,37630000
2015-09-03,32.09113043500579,32.25556608282429,31.39178580621322,31.55225944519043,34572000
2015-09-04,31.18822316194364,31.42596069649486,31.029731472242826,31.15157127380371,40478000
2015-09-08,31.747893618823724,31.94798921963827,31.346712387405702,31.89053726196289,39092000
2015-09-09,32.286771959650736,32.558187523055985,31.742943245460307,31.867263793945312,40978000
2015-09-10,31.891525621681573,32.43634049749726,31.782561890770545,32.24714279174805,27850000
2015-09-11,32.20405525572537,32.45664888451943,32.06537173284636,32.456153869628906,34892000
2015-09-14,32.47249823786421,32.48686122608086,32.16888408968433,32.31598663330078,29942000
2015-09-15,32.52598907679866,33.12726968890199,32.35907836729768,32.9400520324707,35546000
2015-09-16,32.963826353382196,33.088638132930264,32.797905662247594,32.96234130859375,26252000
2015-09-17,33.059911472093624,33.77807609402343,32.936584739870554,33.26694107055664,47752000
2015-09-18,32.939554270974206,33.176303654280964,32.69042573615495,32.7345085144043,72544000
2015-09-21,32.96184391847682,33.13469858490842,32.589883681283006,33.03464889526367,39094000
2015-09-22,32.56363466150793,32.6304994634387,31.947496011379666,32.35214614868164,54362000
2015-09-23,32.337284798890295,32.70280604707295,32.229806111995096,32.35660171508789,29160000
2015-09-24,32.142642477178036,32.52896573818319,31.805847161143298,32.43684005737305,38692000
2015-09-25,32.618610328458836,32.618610328458836,31.681526332203095,31.705795288085938,48480000
2015-09-28,31.65131563692532,31.83952711833087,30.60081269420673,30.918291091918945,47646000
2015-09-29,30.98020152242248,31.43487462640161,30.610223205983957,30.837064743041992,42130000
2015-09-30,31.293718374073343,31.66419360034587,31.16098257438265,31.617637634277344,52954000
2015-10-01,31.59633677308124,31.88855805442975,31.258551447786413,31.797422409057617,42506000
2015-10-02,31.599805623709514,32.5403547866653,31.376431078171603,32.539859771728516,48788000
2015-10-05,32.76818985983506,33.33430178450554,32.48438759636093,33.26743698120117,37960000
2015-10-06,33.152038296069264,33.62008441865501,32.841493852237434,33.26546096801758,42774000
2015-10-07,33.550742146325796,33.61711193805121,32.59533304815509,33.18423080444336,44354000
2015-10-08,33.15699504684975,33.277846732717265,32.41604445052541,33.035648345947266,39308000
2015-10-09,33.05990341090284,33.38679077870711,32.805821005881754,33.245635986328125,32124000
2015-10-12,33.144113465131895,33.579469693817956,33.04753264152856,33.50270080566406,26684000
2015-10-13,33.395232320389525,34.098539160280254,33.338271577949016,33.83653259277344,42446000
2015-10-14,33.86426094503472,34.17678543130566,33.6250364609968,33.699825286865234,31292000
2015-10-15,33.93954454737272,34.38084471752574,33.89695058823443,34.32438278198242,47156000
2015-10-16,34.442261170229216,34.48287507021543,34.130231695781745,34.438297271728516,36316000
2015-10-19,34.37292518610504,34.68198460579026,34.28426837278474,34.66762161254883,30172000
2015-10-20,34.565588917953015,34.57103786152199,33.36649636111071,33.67951965332031,52434000
2015-10-21,33.838506042630456,33.92220891906112,33.21890221656335,33.27338409423828,31952000
2015-10-22,33.4536675231288,34.078225272674,33.268429896282235,33.73598098754883,88632000
2015-10-23,37.14949157831099,37.27034322730405,35.55863088226235,35.62747573852539,126726000
2015-10-26,35.66164935167633,36.40111465015633,35.66164935167633,36.21141815185547,48776000
2015-10-27,35.9860655965988,36.451141560349235,35.86571273257505,36.29561996459961,38778000
2015-10-28,36.304539894414766,36.52097856772788,36.02073762200334,36.49869155883789,39604000
2015-10-29,36.48433133997145,36.98754241361972,36.41152257091066,36.891456604003906,36520000
2015-10-30,36.926619002613,36.96376401767774,36.479374883281146,36.521968841552734,39984000
2015-11-02,36.3803142147268,37.05637985133396,36.22776271866186,37.03458786010742,39914000
2015-11-03,36.920180634739246,37.23072505773952,36.708692106028835,37.08808517456055,36306000
2015-11-04,37.14156876382862,37.63685573304953,37.10689882713275,37.40951919555664,41840000
2015-11-05,37.58287735722667,37.956326506726995,37.51651133700312,37.67500305175781,45486000
2015-11-06,37.61160294128935,37.79139161778336,37.395655500521784,37.72106170654297,33544000
2015-11-09,37.56850697183629,37.805256356728805,37.102444761984046,37.382774353027344,35538000
2015-11-10,37.31889170093612,37.67153511384034,37.067783049074045,37.55563735961914,29798000
2015-11-11,37.75968776424102,38.09152912952219,37.629427048397204,37.90183639526367,41866000
2015-11-12,37.650718847931245,37.929072114109196,37.43675529783425,37.469940185546875,35452000
2015-11-13,37.34661874517265,37.41050967669592,36.62498525955262,36.65470504760742,48188000
2015-11-16,36.661634250498786,37.23121117465003,36.370403038007346,37.167320251464844,50704000
2015-11-17,37.26886049325485,37.39169220939901,36.85182743201021,36.947418212890625,38864000
2015-11-18,37.12522452236464,37.69629031907659,37.01725081780521,37.642303466796875,36266000
2015-11-19,37.63091573966302,37.801790366643026,37.50461890955349,37.63884353637695,28078000
2015-11-20,38.10242964748975,38.59870668498817,37.84488206617204,38.48379898071289,55478000
2015-11-23,38.50707955731743,38.77602003801759,38.31094405949888,38.46894073486328,34648000
2015-11-24,38.28370508571556,38.43377775106946,37.548203543985416,38.1187744140625,47880000
2015-11-25,38.22080147390192,38.285686216556876,37.96523395890672,38.10044860839844,23612000
2015-11-27,38.0954977662166,38.335217265530005,37.988514073778816,38.23467254638672,14434000
2015-11-30,38.2297157332041,38.386227361584616,37.69728372224124,37.7829704284668,33586000
2015-12-01,37.98554521970594,38.88003351311342,37.93651228532358,38.82010269165039,40398000
2015-12-02,38.89240927192124,39.278732495945825,38.455564299146616,38.52589797973633,46876000
2015-12-03,38.6601178119216,38.85426944869695,37.76315463222132,38.047943115234375,41950000
2015-12-04,38.12273675633147,38.75224461094832,37.91471711915407,38.593257904052734,49800000
2015-12-07,38.63536276519218,38.68192062790434,37.9746499744105,38.28519821166992,36626000
2015-12-08,37.86468722605754,38.56551873985474,37.766621373662964,38.39167404174805,31082000
2015-12-09,38.19158426791367,38.438732774956925,37.246079214984356,37.76811218261719,46550000
2015-12-10,37.81961974235447,37.942451459683596,37.39416764471698,37.64379119873047,32458000
2015-12-11,37.09699035660308,37.515013385782225,37.07965350093868,37.167320251464844,43184000
2015-12-14,37.20892955748949,37.84735520314572,36.465999084093625,37.76761245727539,53864000
2015-12-15,38.02764007767492,38.37235940498031,37.54275595077579,37.646270751953125,49386000
2015-12-16,37.96721252722285,38.706677886032885,37.495701382242665,38.4634895324707,53120000
2015-12-17,38.6898391951951,38.71113617411495,38.10243027573638,38.12868118286133,36510000
2015-12-18,37.99990681990327,38.34215109682171,37.47291993554379,37.48579788208008,67794000
2015-12-21,37.79288492488214,37.95633058605992,37.352079677759725,37.68144607543945,34848000
2015-12-22,37.853299499638986,38.153936040331146,37.70124678771199,37.99494934082031,36338000
2015-12-23,38.17127480365119,38.23120562030951,37.525420117547334,38.06330108642578,30594000
2015-12-24,38.06380042132957,38.09748033491716,37.85924964355287,37.93106460571289,10412000
2015-12-28,38.13709731691559,38.77205407415644,38.02466847276389,38.74332809448242,31156000
2015-12-29,38.978588655460186,39.55807729175961,38.93946358395783,39.32380676269531,38430000
2015-12-30,39.32381367784103,39.44763544415739,38.988998382294724,39.14253616333008,28566000
2015-12-31,39.01970293969297,39.0449638184855,38.4996538082312,38.53382873535156,32752000
2016-01-04,37.750774397833176,37.750774397833176,37.024681988861154,37.61407470703125,67382000
2016-01-05,37.84488479110761,38.09747846248934,37.42636663493439,37.717594146728516,45216000
2016-01-06,37.16485586921727,37.925614545684674,37.047473079484284,37.6086311340332,48206000
2016-01-07,36.972685718268366,37.4095270119101,36.41746782148737,36.70077133178711,63132000
2016-01-08,37.03756053097063,37.152468231230124,36.10245845142127,36.20102310180664,47506000
2016-01-11,36.25253057166392,36.40755715068729,35.638870785668765,36.30800247192383,50896000
2016-01-12,36.68838532735249,37.06430951417759,36.474421722847275,36.91572189331055,46816000
2016-01-13,37.11383421294545,37.295111699134274,35.50118141281191,35.639366149902344,51728000
2016-01-14,35.88057197720679,36.6457894944432,34.91773391679423,36.224796295166016,55558000
2016-01-15,35.16487800117308,35.86669950997262,34.74487488436547,35.18964385986328,76676000
2016-01-19,35.6680938747011,35.925645237091985,35.15794885682766,35.61509704589844,48724000
2016-01-20,34.9623037314674,36.00488441625158,34.06484553795432,35.58934020996094,82440000
2016-01-21,35.669086678677374,36.53583901727731,35.220357487475674,35.991024017333984,51938000
2016-01-22,36.75029554937649,37.075206738132614,36.676005519011014,36.92166519165039,47146000
2016-01-25,36.84143582685244,37.268373051890144,36.279778942862634,36.33525085449219,45340000
2016-01-26,36.413992123432074,36.62448680085389,36.005873154932566,36.343658447265625,30940000
2016-01-27,36.44766924924528,36.44766924924528,35.33624749722936,35.540802001953125,42428000
2016-01-28,36.5615886159806,37.20397435900157,36.18566447916472,37.06232452392578,62104000
2016-01-29,37.09501184796604,37.89489918391021,36.85925251776214,37.70867156982422,75808000
2016-02-01,38.19950663192024,38.51302491940316,37.710163567513646,38.17523956298828,111522000
2016-02-02,39.6477228807753,40.13558084139727,38.66209910418187,38.67745590209961,135846000
2016-02-03,38.94342043553093,39.19849290558571,36.465995722748254,37.115814208984375,131114000
2016-02-04,36.87857488418094,36.91076974866804,35.78944000078613,36.15743637084961,104922000
2016-02-05,35.933075204275454,35.99349725884201,34.677025766134754,34.856319427490234,109556000
2016-02-08,34.05990233524128,34.89396865719562,33.779073883155874,34.876136779785156,89410000
2016-02-09,34.320911544050134,35.70821166182453,34.100508981574336,34.72060775756836,84300000
2016-02-10,35.25403468366463,35.82014662040828,34.93705129798444,35.009361267089844,60314000
2016-02-11,34.48881514960708,35.280283537870496,34.23374265532646,34.98509216308594,65004000
2016-02-12,35.27484029349555,35.46255300234565,34.748348391488854,35.011348724365234,46538000
2016-02-16,35.593796606665435,35.80330504805328,35.1742884877347,35.54377365112305,43444000
2016-02-17,36.007358727535035,36.34217393562161,35.492758654369254,36.253517150878906,49154000
2016-02-18,36.35209141282647,36.45312737471902,35.44026622962208,35.5373420715332,47276000
2016-02-19,35.45760049855212,35.860270650825285,35.31991074978117,35.765174865722656,34918000
2016-02-22,36.131680185895405,36.39616552999746,35.831538651789394,36.1088981628418,37516000
2016-02-23,35.96279352515778,36.20052919651631,35.44620948726348,35.52644348144531,41332000
2016-02-24,35.19558834715986,35.721090156432915,34.77014001464588,35.705238342285156,37092000
2016-02-25,35.805785230512356,36.13168267848134,35.3253562023394,36.112369537353516,36146000
2016-02-26,36.3342520820018,36.46104391272154,35.75674729899834,35.901371002197266,42474000
2016-02-29,35.71019360010416,36.185668688702755,35.50415401717076,35.52297592163086,45068000
2016-03-01,35.72504612895013,36.76663678533876,35.59330037540848,36.75871276855469,60112000
2016-03-02,36.79338900737629,36.8057681601813,36.31692010154914,36.625484466552734,36292000
2016-03-03,36.62547755449711,36.700761380745476,36.13761961785995,36.23469543457031,40534000
2016-03-04,36.39369259392449,36.403596671869806,35.93901568481718,36.16685104370117,48516000
2016-03-07,35.915730083531166,36.017759822123836,34.92466124573283,35.30405044555664,61690000
2016-03-08,35.08563248597623,35.77210101941517,34.868203801389804,35.3402099609375,52530000
2016-03-09,35.42143687756884,35.96972066397956,35.2971201219562,35.928611755371094,39544000
2016-03-10,36.04649028679741,36.47986638830898,35.82361266037306,36.263427734375,44616000
2016-03-11,36.64876878452073,36.893933470322565,36.48779821654181,36.89244842529297,35380000
2016-03-14,36.89739647261702,37.35751851905299,36.83251172926212,37.15841293334961,32824000
2016-03-15,36.94939860980941,37.29560675402429,36.79189695450466,37.17475509643555,29832000
2016-03-16,37.09947087477746,37.59228278344471,36.97317405439832,37.51105499267578,29306000
2016-03-17,37.525419408452116,37.90629372245666,37.511056417921615,37.5665283203125,44564000
2016-03-18,37.72254380959906,37.747800906637046,37.23666588450363,37.41447448730469,56222000
2016-03-21,37.34017675223847,37.80723272505772,37.20942103159329,37.7487907409668,28774000
2016-03-22,37.56454813931549,37.88945553494751,37.53681218820959,37.644287109375,22096000
2016-03-23,37.80773796816192,37.90877770923032,37.44518671505569,37.520965576171875,24678000
2016-03-24,37.205962039512514,37.520961589241736,37.17129209950741,37.38624572753906,31116000
2016-03-28,37.45211774757766,37.55761639405747,37.247566985328106,37.308982849121094,21676000
2016-03-29,37.328786983794345,37.99742742529754,37.06183035658819,37.93353271484375,40062000
2016-03-30,38.04844307657349,38.49915607070755,38.01724202026237,38.05488204956055,40396000
2016-03-31,38.05487782171326,38.091527817055514,37.55513195265426,37.78544235229492,32554000
2016-04-01,37.50114675207747,38.13907353450831,37.40406715862035,38.120750427246094,31674000
2016-04-04,38.11282203218724,38.25794451586022,37.730462736381554,37.89539337158203,26924000
2016-04-05,37.54919189539778,37.783957429781154,37.42388133250792,37.57098388671875,24478000
2016-04-06,37.53482782665455,38.058844579516816,37.458553962176275,38.041507720947266,25312000
2016-04-07,37.90529839693424,38.10539398528077,37.517985164174206,37.64775085449219,25498000
2016-04-08,37.93254967484541,37.994955573336725,37.43231245691766,37.61556625366211,23434000
2016-04-11,37.911742134706465,37.99940890020045,37.51006586292866,37.51996994018555,31774000
2016-04-12,37.56405522264028,37.885493752969026,37.22428602387416,37.855777740478516,27388000
2016-04-13,38.15244935426215,38.421884828605855,37.869145905347374,38.23169708251953,35426000
2016-04-14,38.40257913349056,38.613073867336134,38.296585465339255,38.4040641784668,26992000
2016-04-15,38.40950382701703,38.67844427350792,38.38126908559934,38.632381439208984,31712000
2016-04-18,38.641789976114,39.05585290683393,38.51400812348776,39.012760162353516,33540000
2016-04-19,39.15243691005842,39.17472391705,38.15047005911196,38.446651458740234,43952000
2016-04-20,38.59078274155877,38.61554860348355,38.20000056627452,38.38077926635742,34262000
2016-04-21,38.499150642513996,38.71558928262675,38.213863369019236,38.632381439208984,77628000
2016-04-22,36.844896001095734,37.340678034305846,36.174279222395306,36.54079055786133,140798000
2016-04-25,36.42093101361896,36.89293719244177,36.40854808298833,36.76069641113281,49442000
2016-04-26,36.87015690813614,36.92810388713355,35.67651337937062,35.9266357421875,55864000
2016-04-27,35.924156615788995,36.014793474456944,35.11981023152661,35.73297882080078,66262000
2016-04-28,35.82361099470602,36.1192973643917,34.82857818178446,34.92070007324219,62590000
2016-04-29,34.874139995126654,35.269872204941024,34.85729815585901,35.060367584228516,58278000
2016-05-02,35.260469966627014,35.433324632210166,34.985090537433294,35.38379669189453,33476000
2016-05-03,35.28919751574066,35.33228648564626,35.033134992134336,35.088111877441406,38620000
2016-05-04,35.00539524227095,35.41549049170897,34.870675625650534,35.23322677612305,34172000
2016-05-05,35.41302174341661,35.53931857250475,35.13813729761531,35.398658752441406,29668000
2016-05-06,35.274344021418024,35.95734376958837,35.26196108951972,35.9172248840332,39952000
2016-05-09,35.992512593100614,36.36843683152198,35.83402087250124,36.11286926269531,38074000
2016-05-10,36.40161546428539,36.651239031030414,36.23569476806669,36.62053298950195,32634000
2016-05-11,36.67699517933567,36.690863155362834,36.051942449477195,36.18319320678711,29834000
2016-05-12,36.25500662591718,36.421921124860845,35.87215225654351,36.060359954833984,27094000
2016-05-13,35.98855152600146,36.21984823731553,35.83451494472377,35.89989471435547,25244000
2016-05-16,35.87462170427874,36.288680842816945,35.66065814837736,36.17080307006836,22538000
2016-05-17,36.208450361907204,36.44569097482514,35.56160570460678,35.67007064819336,33404000
2016-05-18,35.58637328678557,35.936541588975,35.41401360741658,35.74882888793945,32536000
2016-05-19,35.57646401726858,35.68542775543621,35.180727944058624,35.42837142944336,30598000
2016-05-20,35.485334856943105,36.04203394785662,35.413516124612315,35.745357513427734,34798000
2016-05-23,35.6596744917315,35.83401421839503,35.509106818310286,35.52445983886719,24816000
2016-05-24,35.65323400325436,36.36396961924162,35.64332614743624,36.30602264404297,37884000
2016-05-25,36.403594958211464,36.64578951828206,36.284727134762456,36.557132720947266,32216000
2016-05-26,36.45311700722129,36.70571439759323,36.304533196626714,36.49917984008789,27202000
2016-05-27,36.52790688725396,37.04300575897087,36.50314102872605,37.027652740478516,34802000
2016-05-31,37.085110178555546,37.31888570956262,36.92711350021093,37.089569091796875,42484000
2016-06-01,37.070750294527095,37.21438399403629,36.86619574306748,37.070255279541016,20788000
2016-06-02,36.953368802855245,37.012804611936126,36.502655752824644,36.86273193359375,33916000
2016-06-03,36.72503438171717,36.72503438171717,36.34960525815896,36.44618606567383,24608000
2016-06-06,36.57694724228561,36.57694724228561,36.07126110786057,36.1589241027832,29992000
2016-06-07,36.31791559069795,36.48829143547784,36.195578871953515,36.20994186401367,24314000
2016-06-08,36.626471613868354,36.83994018689096,36.44173280011592,36.796356201171875,32314000
2016-06-09,36.50612005374246,36.845885461754385,36.477889087126684,36.77605056762695,19180000
2016-06-10,36.45064162971903,36.63340035761575,36.181206178975316,36.313941955566406,29050000
2016-06-13,36.14703944998941,36.601712584644794,36.14703944998941,36.24906921386719,23354000
2016-06-14,36.12177193965893,36.45311826988707,35.98259718526394,36.31691360473633,26584000
2016-06-15,36.3996304271619,36.51007921602251,36.220831790789894,36.26441955566406,23234000
2016-06-16,36.05491503495733,36.17527169300012,35.43977011895962,35.87116622924805,45002000
2016-06-17,35.72950890886341,35.72950890886341,34.72556194695882,34.88058853149414,82262000
2016-06-20,35.18072724928759,35.45610667867738,34.93803769645045,34.973697662353516,45654000
2016-06-21,35.167848398980425,35.4318387003224,34.90089178710406,35.109901428222656,30318000
2016-06-22,35.36597328877576,35.373897307675094,34.96132307997558,35.18865966796875,29058000
2016-06-23,35.19261070223717,35.40706926409655,34.68246580169688,35.40657424926758,42500000
2016-06-24,34.18321974857494,34.917731166935546,33.92269832030324,33.93706130981445,95436000
2016-06-27,33.80284579665207,33.8444497270407,33.315977785117845,33.73598098754883,58146000
2016-06-28,34.24266207841911,34.31051691974059,33.919734702772146,34.237213134765625,38246000
2016-06-29,34.38579518880809,34.6453228159784,34.30753748786173,34.431854248046875,43124000
2016-06-30,34.55369743884555,34.856812842639116,34.41749275736382,34.84492492675781,42250000
2016-07-01,34.92268856686224,35.29068494560745,34.85483373174089,35.17776107788086,30984000
2016-07-05,34.91822880903291,35.072261586064215,34.62700132023664,34.91228485107422,28440000
2016-07-06,34.662166587541094,35.31396522804846,34.62056266019424,35.11436462402344,28902000
2016-07-07,35.17083316782148,35.173803258015944,34.70328202285676,35.0296745300293,21174000
2016-07-08,35.19310773459952,35.55664891308228,35.07176107723969,35.55070495605469,29946000
2016-07-11,35.63193593155612,36.10295205739633,35.60469499700244,36.017269134521484,28822000
2016-07-12,36.25104100218423,36.43330471493442,36.032123517951746,36.2802619934082,26468000
2016-07-13,36.42935090460538,36.42935090460538,36.10741359432166,36.13019561767578,20436000
2016-07-14,36.35109255207033,36.46005629626299,36.18517186113692,36.44321823120117,21408000
2016-07-15,36.700769645774436,36.700769645774436,36.3857662960263,36.4348030090332,32342000
2016-07-18,36.547725833587926,37.40110518450988,36.47838595088749,37.30501937866211,38698000
2016-07-19,37.14008092010584,37.472912287302755,37.07173108166512,37.31541442871094,30436000
2016-07-20,37.34711591070075,37.67351213201488,37.34711591070075,37.497188568115234,22502000
2016-07-21,37.4932251597202,37.55018588658459,37.221809601242725,37.36494827270508,19062000
2016-07-22,37.509071948342196,37.61456679772068,37.27826653964396,37.60614776611328,20920000
2016-07-25,37.52690595157455,37.63289961126049,37.34810730646368,37.51898193359375,21466000
2016-07-26,37.518982169414485,37.60516389532007,37.28273155840283,37.525421142578125,23792000
2016-07-27,37.590796061713824,37.86221159331411,37.44022840230796,37.7393798828125,32172000
2016-07-28,38.07965223749696,38.08609121121549,37.59674432356896,37.93106460571289,73464000
2016-07-29,39.509544379436065,39.81810497128214,39.12767622691774,39.19404602050781,101810000
2016-08-01,38.96274200674691,39.99392989473079,38.882009228846584,39.669517517089844,60594000
2016-08-02,39.49072150153666,39.73787000090073,39.35204173811397,39.62890625,39928000
2016-08-03,39.44812655132865,39.60017927231343,39.27725192614084,39.5694694519043,29206000
2016-08-04,39.53578830047942,39.632864129388,39.32182470918746,39.48675537109375,21520000
2016-08-05,39.62841259538579,39.98056095932397,39.514494912240835,39.9661979675293,36146000
2016-08-08,39.92013501626018,39.99938275714634,39.70666642107893,39.88199996948242,24426000
2016-08-09,39.845342310603826,40.28317734528126,39.82404533253013,39.99343490600586,32154000
2016-08-10,39.972129480064986,40.16182218293042,39.94439353506434,40.04344940185547,18370000
2016-08-11,40.141523543774255,40.31041810157045,39.92013095278801,40.02909469604492,25646000
2016-08-12,39.87506542974403,39.97907525416379,39.803246693216444,39.97214126586914,17946000
2016-08-15,39.980066551812804,40.18561113232899,39.82256487591438,39.918155670166016,18596000
2016-08-16,39.79632040814319,39.83396422545226,39.47438301572382,39.68191146850586,21158000
2016-08-17,39.62296153920113,39.90180988436865,39.439703981735896,39.89140701293945,21322000
2016-08-18,39.88843359002932,40.01918932195238,39.70369100315193,39.75916290283203,17292000
2016-08-19,39.61255914071012,39.68388286049595,39.4684342137511,39.60562515258789,22416000
2016-08-22,39.5491648423716,39.58829369793303,39.34213522011183,39.471900939941406,17056000
2016-08-23,39.64673001841068,39.67248590844643,39.424347406249005,39.454063415527344,18350000
2016-08-24,39.4674386471185,39.546686381408385,39.16531327293321,39.30597686767578,25672000
2016-08-25,39.226732319812804,39.361451967553045,38.99048170003361,39.19206237792969,24054000
2016-08-26,39.25100397851315,39.59324826964083,39.09845623107937,39.28715896606445,24978000
2016-08-29,39.27873698650876,39.5496575334417,39.14352233114582,39.415931701660156,15474000
2016-08-30,39.27031857777686,39.523906048110916,39.10142400962578,39.22277069091797,23348000
2016-08-31,39.10786395554429,39.205434806463934,38.98899612481041,39.12024688720703,21428000
2016-09-01,39.22573601914554,39.27080882575827,38.94590145394553,39.1970100402832,26070000
2016-09-02,39.38868589221172,39.47932273994229,39.28913121905614,39.46792984008789,26998000
2016-09-06,39.543219644284996,40.1623284317512,39.39661586237993,40.02018356323242,39790000
2016-09-07,40.01572196299426,40.14796274467995,39.80720731634327,40.01869583129883,22906000
2016-09-08,39.88150386208578,40.03999556077648,39.67298542236639,39.76362228393555,23554000
2016-09-09,39.562041067354286,39.709638656123914,39.0310940729756,39.052391052246094,37752000
2016-09-12,38.85625741430185,39.63137899910432,38.80573566149111,39.564517974853516,37274000
2016-09-13,39.32628798349377,39.41444977467458,38.84684896495883,39.06428146362305,36180000
2016-09-14,39.005332944380434,39.44118788533569,39.005332944380434,39.15045166015625,25842000
2016-09-15,39.12816703599037,39.80373770111049,39.06130223461607,39.68387985229492,31144000
2016-09-16,39.57442577832844,39.57442577832844,39.30697031992318,39.52241897583008,42612000
2016-09-19,39.67793772149474,39.82058137808129,39.30399738897868,39.39463424682617,22990000
2016-09-20,39.62296606389315,39.75917076548589,39.53678432913867,39.61206817626953,20984000
2016-09-21,39.68537432085129,39.91568478972413,39.426337864934005,39.87209701538086,26970000
2016-09-22,40.11824841371804,40.566977574863046,40.004829530746385,40.41294479370117,35186000
2016-09-23,40.372824722593656,40.46494662386342,40.25346188501585,40.36391067504883,28234000
2016-09-26,40.109325934052556,40.122203877477844,39.64524007085514,39.75420379638672,29454000
2016-09-27,39.71359854012882,40.29110338799935,39.71359854012882,40.15440368652344,27346000
2016-09-28,39.82503820182845,40.13063247677058,39.76065224808996,40.121219635009766,29406000
2016-09-29,39.98105206548404,40.31190341687214,39.6655537343423,39.75371551513672,27000000
2016-09-30,39.80126125224924,40.02364386258031,39.69725144189152,39.82404327392578,33204000
2016-10-03,39.7492557714902,39.798288699512355,39.43623630026863,39.641780853271484,29784000
2016-10-04,39.870601484709326,39.94489528670207,39.606614947858944,39.76114273071289,25174000
2016-10-05,39.920130445497676,40.04395219239981,39.658123961581886,39.68387985229492,24276000
2016-10-06,39.825036826298806,39.9671854690641,39.64822202242105,39.775508880615234,21998000
2016-10-07,39.91666822924892,39.91716324420308,39.46546020916446,39.65812683105469,23262000
2016-10-10,39.81760085409509,40.48376237634977,39.73389799815459,40.32477569580078,29922000
2016-10-11,40.324785936823055,40.60660439113325,39.98799058935439,40.096954345703125,34432000
2016-10-12,40.2153149748928,40.341116760047115,40.04642422674092,40.20590591430664,18158000
2016-10-13,39.923607394369505,39.947874466490326,39.55461715370831,39.825042724609375,27380000
2016-10-14,39.9919543694486,40.12271012093151,39.73787186996268,39.85079574584961,22238000
2016-10-17,39.919635830808495,40.29110107523914,39.81265592627688,39.961734771728516,21128000
2016-10-18,40.326757235294274,41.04987572271854,40.28317325372005,40.68732833862305,45786000
2016-10-19,40.756180737357184,41.09892003234839,40.756180737357184,40.95231246948242,30002000
2016-10-20,40.987969837514186,41.03304264793723,40.64077542986165,40.69426727294922,27878000
2016-10-21,40.613539115715696,40.82601768869855,40.529836237000715,40.81462478637695,32316000
2016-10-24,41.113285190633825,41.502083570597264,41.06127838631239,41.39311981201172,28952000
2016-10-25,41.52981066824207,41.52981066824207,40.8760320348995,41.03700256347656,37814000
2016-10-26,40.96617425204781,40.99539902445275,40.43275224897416,40.7175407409668,35898000
2016-10-27,40.762617934018536,40.939432738457526,40.34657487572785,40.48228454589844,59470000
2016-10-28,41.10585625435934,41.55458545802846,40.46495164912727,40.59174728393555,87098000
2016-10-31,40.73388648303808,40.743794339039106,40.01919073452137,40.1132926940918,44854000
2016-11-01,40.16133526120931,40.3143817831153,39.536777579275935,39.89437484741211,47118000
2016-11-02,39.957775587332776,39.957775587332776,38.880029826845984,39.04941940307617,47014000
2016-11-03,38.85526125778339,39.12767060258843,38.56452880418435,38.74085235595703,43504000
2016-11-04,38.20148008472421,39.05238419109916,38.18662208121475,38.68686294555664,39412000
2016-11-07,39.37283984022069,39.870601894834735,39.271305102410835,39.72350311279297,39852000
2016-11-08,39.72350803530969,40.41740188529972,39.60414140969999,40.21631622314453,35382000
2016-11-09,39.71359080883592,40.20293377641605,39.228706753693295,39.899818420410156,61970000
2016-11-10,40.11824554528284,40.121215634759494,38.04943085394216,38.64674758911133,118192000
2016-11-11,38.474383694503075,38.498155743918105,37.91619587134476,38.22377014160156,71852000
2016-11-14,38.22427534296892,38.225265372949295,36.829051031314805,37.30601119995117,73766000
2016-11-15,37.91273189155231,38.644273256932934,37.90035273975532,38.39266586303711,58878000
2016-11-16,38.15790222483213,38.805736977191685,37.95533152801052,38.63139724731445,35968000
2016-11-17,38.75621101406046,39.07319441845771,38.624960250305676,38.93748474121094,30674000
2016-11-18,38.987511699010774,39.19156745224186,38.40208280545635,38.43278884887695,36126000
2016-11-21,38.53827966022365,38.95679777329987,38.4491278504634,38.87012481689453,32616000
2016-11-22,39.07765213711184,39.31439776385609,38.817625692414914,38.88003158569336,27884000
2016-11-23,39.10390581015946,39.10390581015946,38.268354511843725,38.582862854003906,26260000
2016-11-25,38.7616537230008,38.776016712371174,38.542736220716364,38.643775939941406,12270000
2016-11-28,38.55065999102689,39.61007876584269,38.53827706130695,38.91915512084961,51508000
2016-11-29,39.047439435439856,39.446640679449615,38.89687174802919,39.09994125366211,31240000
2016-11-30,39.08309425663496,39.20245707908139,38.29311098258626,38.428321838378906,45582000
2016-12-01,38.56057026381305,38.56304533841636,37.312939948010374,37.85626983642578,57342000
2016-12-02,37.73591720761192,38.161864323910805,37.59228352618649,37.862709045410156,34376000
2016-12-05,38.13709479686107,38.632381742274845,37.98702215711262,38.544219970703125,33770000
2016-12-06,38.64179446654179,38.89389687577066,38.301534056124154,38.44318389892578,34682000
2016-12-07,38.62990682505034,39.22672472485992,38.31192967249922,39.200477600097656,40588000
2016-12-08,39.27378188193176,39.57343218052212,39.0241583214218,39.38373565673828,32250000
2016-12-09,39.58829498217236,40.11577691193777,39.52638409947652,40.09101104736328,38090000
2016-12-12,39.86168492189459,40.18510723567511,39.84732193305618,40.01423263549805,32572000
2016-12-13,40.23662742030662,40.82651528604845,40.214340407987216,40.38273620605469,42564000
2016-12-14,40.4114585441862,40.824527723049094,40.25593694407588,40.509029388427734,35994000
2016-12-15,40.48277944836619,40.76212280581694,40.21730406686193,40.39808654785156,35394000
2016-12-16,40.52983302871288,40.57391203204998,40.02513316392819,40.11032485961914,51978000
2016-12-19,40.082587523713634,40.42631682685612,39.845838128020986,40.242069244384766,25272000
2016-12-20,40.28515660360441,40.43968816872117,40.167773829700835,40.37579345703125,25438000
2016-12-21,40.40155072374915,40.40155072374915,39.875557679764114,40.227210998535156,29192000
2016-12-22,40.07367575047343,40.171246600921556,39.921619245224505,40.10240173339844,22632000
2016-12-23,40.01968021323798,40.16628396460939,39.876046551012074,40.00927734375,15310000
2016-12-27,40.0528657386515,40.41541692755279,39.91022586915704,40.114776611328125,19520000
2016-12-28,40.28317917009304,40.28317917009304,39.74381314862238,39.849308013916016,24296000
2016-12-29,39.738364988807035,39.90775079455509,39.53084035877363,39.76560592651367,21148000
2016-12-30,39.78195051701764,39.78591441558333,39.108854845130644,39.2490234375,34718000
2017-01-03,39.653667552867596,40.18956847006335,39.46892872942391,40.01968765258789,39180000
2017-01-04,40.11279708507942,40.288130613545896,39.826523533719694,40.00779724121094,30306000
2017-01-05,39.99442289039767,40.30348223223297,39.91616896982073,40.267822265625,26810000
2017-01-06,40.365397124732695,41.05731466379456,40.19254243838996,40.87158203125,40342000
2017-01-09,40.92903166204217,41.13011730407852,40.6937710966463,40.96915054321289,28178000
2017-01-10,40.96370329093332,41.079601026185316,40.76905661359754,40.91120147705078,23948000
2017-01-11,40.94140740211342,41.10385917921574,40.68633494839147,41.10187911987305,26508000
2017-01-12,41.028580050214984,41.127639709766335,40.66355380140094,41.085540771484375,26990000
2017-01-13,41.158350338708416,41.33912904178607,41.085050339078386,41.15538024902344,25804000
2017-01-17,41.10881877067412,41.117732817683695,40.77202347778889,40.98301696777344,28818000
2017-01-18,41.09891368017955,41.099408695071226,40.81560645507907,41.060279846191406,20554000
2017-01-19,41.05929169596535,41.25740724515224,40.80966814450937,40.82997131347656,21410000
2017-01-20,41.063756346376174,41.07118912929324,40.84137367863231,41.018192291259766,26124000
2017-01-23,41.18856387321818,41.87849754779648,41.044435174403034,41.82352066040039,49148000
2017-01-24,41.94981786432225,42.17467934399968,41.71703236691777,42.07611846923828,33768000
2017-01-25,42.27522424241807,42.53475188376061,42.086517745992495,42.517913818359375,33108000
2017-01-26,42.5476312832944,42.64421210203175,42.12515302287298,42.445106506347656,69866000
2017-01-27,42.545158550857245,42.941385925476695,41.69821814482254,41.853240966796875,75050000
2017-01-30,41.45849401547241,41.46691304798565,40.66454675231036,40.80323028564453,70338000
2017-01-31,40.588768953567886,40.7655875346256,40.28664357520171,40.62294387817383,40404000
2017-02-01,40.81164436970975,40.81164436970975,40.22968070716536,40.37777328491211,45020000
2017-02-02,40.36588960454157,40.83938460086608,40.21978084968036,40.52735137939453,33784000
2017-02-03,40.76855983777893,40.917143667814095,40.581338392675235,40.619972229003906,30562000
2017-02-06,40.65910142379622,40.73190640529405,40.33072514844757,40.69377136230469,27018000
2017-02-07,40.885943707671984,41.20391711792648,40.7764849472161,41.070682525634766,33332000
2017-02-08,41.13507343595062,41.31932102300994,40.86662796265788,41.10287857055664,26044000
2017-02-09,41.194502538890454,41.206885469220914,40.93546992547796,41.11178970336914,23884000
2017-02-10,41.254927621390124,41.4629472437186,41.134079745973466,41.34903335571289,28302000
2017-02-13,41.49018738165871,41.69028676166298,41.418372434402954,41.55259704589844,25914000
2017-02-14,41.59271668883884,41.7031654824509,41.397574993956574,41.605594635009766,27266000
2017-02-15,41.54516188493471,41.691769417900126,41.416885017014266,41.47136688232422,27144000
2017-02-16,41.52981349603699,41.7373381107197,41.46839763700026,41.711585998535156,20102000
2017-02-17,41.668992579004644,41.94784093752763,41.59321372189133,41.928524017333984,29224000
2017-02-21,41.99984794037265,42.208362607488965,41.9285242176815,42.0632438659668,25206000
2017-02-22,42.00033616675811,42.28710471987905,41.93644145777508,42.166751861572266,24488000
2017-02-23,42.15288967970254,42.229163550307334,41.727932558661394,42.14892578125,27734000
2017-02-24,41.98300463182177,42.01816958759565,41.75071413899052,41.990928649902344,26924000
2017-02-27,41.849281848808445,42.13258535423505,41.75319603743652,42.08305740356445,20206000
2017-02-28,41.968151139985906,42.04145492791157,41.675434782035815,41.848289489746094,27662000
2017-03-01,42.1677492187837,42.495630516427205,42.05086144443764,42.433719635009766,36374000
2017-03-02,42.411922022962386,42.42083984973324,42.03600161590954,42.09196853637695,25018000
2017-03-03,42.04689139094415,42.14000709630105,41.83738672200077,42.05382537841797,20100000
2017-03-06,41.943876857320035,42.04689665249963,41.66205841017576,41.96418380737305,20958000
2017-03-07,41.96368637925787,42.264326714252114,41.877508434286355,42.15635299682617,20774000
2017-03-08,42.253926265948046,42.44263277479298,42.16130934266585,42.27968215942383,20576000
2017-03-09,42.28215682506264,42.62984623758684,42.23163507305803,42.48769760131836,26954000
2017-03-10,42.72840356262328,42.80418240559993,42.476304953408764,42.664512634277344,26732000
2017-03-13,42.6357967380466,42.94782623034034,42.63530172304823,42.821529388427734,23332000
2017-03-14,42.780421692957034,42.97011824748344,42.60112801117443,42.88740539550781,21234000
2017-03-15,42.9879363820528,43.08402217457736,42.6590651104232,43.010223388671875,26658000
2017-03-16,43.11622054168477,43.22419425801289,42.967137913061066,43.089969635009766,22090000
2017-03-17,43.27223264901563,43.30888642625031,43.00923612924687,43.20735168457031,37366000
2017-03-20,43.06421291993208,43.10680687622737,42.82598226213966,42.986454010009766,30844000
2017-03-21,43.09293320937475,43.26182774620388,41.98497658339938,42.1063232421875,50760000
2017-03-22,42.073640983142326,42.36437724624804,41.950809257531276,42.08949279785156,27334000
2017-03-23,41.672958466552586,41.68781647395216,41.257414159400035,41.58677673339844,65754000
2017-03-24,41.703161068678135,41.80222072922402,41.06424420717066,41.36339569091797,42114000
2017-03-27,41.01422635893793,41.67246405901343,40.82651364623693,41.53031539916992,38692000
2017-03-28,41.588753273950836,41.87156171613289,41.22124815846946,41.635311126708984,30384000
2017-03-29,41.74031319223479,42.17814445697651,41.672458358494666,42.09295654296875,29146000
2017-03-30,42.19746449137256,42.19845452131924,41.93942187687282,42.07364273071289,18988000
2017-03-31,41.94238983810023,42.07760449376498,41.863640895192894,41.99043273925781,28820000
2017-04-03,42.03748848244202,42.545158465813095,41.97706264597069,42.433719635009766,39388000
2017-04-04,42.00034184850058,42.24798536463858,41.97607100035369,42.226688385009766,26970000
2017-04-05,42.33268137766572,42.62390890437893,41.97656909863394,42.045413970947266,37104000
2017-04-06,42.074624584084226,42.27719903102074,41.80221903081506,41.8567008972168,30672000
2017-04-07,41.85175595214637,41.89533994312617,41.470386584222254,41.70812225341797,22232000
2017-04-10,41.68038469765035,41.9379360712453,41.64323968162232,41.68830871582031,20924000
2017-04-11,41.68830544479964,41.83342417151486,41.33665213194565,41.59816360473633,19486000
2017-04-12,41.52783450631439,41.78835595432547,41.48474553451597,41.676422119140625,22716000
2017-04-13,41.655619625468205,41.78885422821511,41.49762671655273,41.6130256652832,21474000
2017-04-17,41.672454099584805,42.378734537484675,41.655117242349014,42.35347366333008,20982000
2017-04-18,42.225193603460575,42.465408082519694,42.16130267358907,42.29701232910156,18724000
2017-04-19,42.465405574698345,42.60458032624375,42.27422403252767,42.42182159423828,21606000
2017-04-20,42.58180241337638,42.78932702355084,42.470858613330456,42.5986442565918,23776000
2017-04-21,42.625391678376886,42.71553730582102,42.48225677638341,42.54267883300781,23458000
2017-04-24,43.01270680639477,43.583277664577906,42.89730408439131,43.53226089477539,33930000
2017-04-25,43.69719295007352,44.19198497042465,43.54959913665454,44.023094177246094,40760000
2017-04-26,44.149387426549374,44.22863515956153,43.840328069533776,44.03794860839844,26466000
2017-04-27,44.08054696899647,44.24795272041301,43.94087717115759,44.1518669128418,46846000
2017-04-28,46.01216318298664,46.353908644388525,45.72588584515886,45.79027557373047,76918000
2017-05-01,45.77195414533259,46.34995405419299,45.606033433529255,46.20136642456055,46556000
2017-05-02,46.22364789709933,46.70506688328401,46.111215278184886,46.412845611572266,35026000
2017-05-03,46.361343350318045,47.062171161056426,46.31973942185553,46.97549819946289,36496000
2017-05-04,47.06663251936141,47.50496261458601,46.92200879213505,47.28604507446289,38752000
2017-05-05,47.385098860392226,47.47029055649615,46.95816168618039,47.06613540649414,32310000
2017-05-08,46.92597075435438,47.59658754518577,46.92349190082459,47.48267364501953,37534000
2017-05-09,47.61343080223062,47.65651977728946,47.270196489197204,47.384605407714844,33758000
2017-05-10,47.360334406054285,47.384601473918465,47.04434105770888,47.29198455810547,22920000
2017-05-11,47.11615874578356,47.448003927424566,46.98342294037125,47.343990325927734,20622000
2017-05-12,47.44105977483572,47.44749496794032,47.15428746720127,47.30683517456055,24298000
2017-05-15,47.31427208725892,47.68127842877162,47.19193538050803,47.50891876220703,26754000
2017-05-16,47.72337325104572,47.839762201809855,47.56488158642768,47.77587127685547,22030000
2017-05-17,47.53270045603028,47.59659139943829,46.559954418784486,46.66446304321289,48982000
2017-05-18,46.71547279985837,47.259297750464846,46.61988200950356,47.07703399658203,36010000
2017-05-19,47.19193684006295,47.525762076163396,47.15132294153553,47.28257369995117,27206000
2017-05-22,47.39896956839159,47.786286674721644,47.37717757283841,47.74913787841797,27748000
2017-05-23,48.040862620053325,48.26621535047228,47.770433297566235,48.07008361816406,30908000
2017-05-24,48.303357473485704,48.445007309755695,48.123568817457056,48.41975021362305,22660000
2017-05-25,48.48859722356266,49.31968949058718,48.43015145408081,49.12553405761719,39082000
2017-05-26,49.132465041782595,49.34989749902524,48.902653433501094,49.195369720458984,32728000
2017-05-30,49.15723578595664,49.41082324920946,49.100773852744645,49.33900451660156,30324000
2017-05-31,49.340989070989444,49.508889828238004,48.621335583345704,48.889286041259766,34482000
2017-06-01,49.080959804309984,49.18893351667053,48.602015865044805,48.9487190246582,26128000
2017-06-02,48.963582266303106,49.354364468013955,48.88829842429911,49.33653259277344,34710000
2017-06-05,49.42419454609459,49.895210693597605,49.303342887200884,49.72087097167969,27578000
2017-06-06,49.692637887650676,49.95513937855616,49.27114970174379,49.364261627197266,31042000
2017-06-07,49.48362639776251,49.722355846446845,49.32414468160437,49.60299301147461,27482000
2017-06-08,49.738205655835046,49.806060490077826,49.36129523418635,49.740684509277344,33758000
2017-06-09,49.80060976129661,49.80110477618176,47.21917137382361,48.04877853393555,72958000
2017-06-12,47.484152851691306,47.94377985172875,46.39848315644934,47.6371955871582,84042000
2017-06-13,48.14387792914832,48.434610395743086,47.647102113848554,48.067604064941406,40108000
2017-06-14,48.31524938780133,48.52326902532247,47.52328216291726,47.94031524658203,30110000
2017-06-15,46.9541982541699,47.58123100995381,46.5753040086282,47.55646514892578,48552000
2017-06-16,47.444037316639026,47.54507704385774,46.98787916746886,47.47920227050781,51184000
2017-06-19,48.025501914024744,48.503455831708585,47.953686962010025,48.3013801574707,29376000
2017-06-20,48.30583257075351,48.57725188581502,47.95368426077393,47.99281311035156,25946000
2017-06-21,48.081968971927985,48.515840121964764,48.015599182265596,48.468292236328125,23232000
2017-06-22,48.38310287725896,48.56289533595361,48.20678308080771,48.370723724365234,20190000
2017-06-23,48.31525179352967,48.86601073481301,48.263740007155725,48.839759826660156,31280000
2017-06-26,49.03341388976922,49.23103443417254,48.059182922284435,48.14635467529297,30358000
2017-06-27,47.62679224303233,47.905141739918065,46.90812892388933,46.95765686035156,48872000
2017-06-28,47.08495227495686,47.708021109942024,46.36678389743331,47.597572326660156,54912000
2017-06-29,47.11913452661278,47.13448754848422,46.04188368212533,46.44900894165039,64134000
2017-06-30,46.75459289280555,46.80461584594545,46.04236851950779,46.04583740234375,45754000
2017-07-03,46.22116835364556,46.27169010172774,45.33410923903874,45.53965377807617,33896000
2017-07-05,45.774420953635115,46.37322272020393,45.498546503772744,46.173622131347656,41882000
2017-07-06,45.81404245663732,46.36579132792105,45.55896998201574,45.94727325439453,40298000
2017-07-07,46.11071877664774,46.78777820654347,46.05128298294306,46.59709167480469,33266000
2017-07-10,46.65355348790721,47.20728619517832,46.65355348790721,47.10178756713867,29030000
2017-07-11,47.07801771997303,47.294456371057436,46.81056230454122,47.22709655761719,29224000
2017-07-12,47.590149397166705,48.02451558343207,47.40095165397296,47.926944732666016,32042000
2017-07-13,48.08245879639685,48.47373594672142,47.785287377302375,47.985877990722656,30492000
2017-07-14,48.24095735283399,48.41628711697479,48.0502707887305,48.38508605957031,21592000
2017-07-17,48.35586364303538,48.704048086302635,48.08246424384854,48.33803176879883,33210000
2017-07-18,48.20925906806344,49.07551638150463,48.14388308263367,48.882354736328125,28266000
2017-07-19,49.033908822577494,49.31077332301028,48.88532120863411,49.17060852050781,28242000
2017-07-20,49.380114519213464,49.46332237604478,48.76694970066456,49.141883850097656,28368000
2017-07-21,48.983894211836734,49.28651465563259,48.74466969968305,49.22361373901367,29266000
2017-07-24,49.23648123737237,49.835283023834165,49.04678471898881,49.44499588012695,79690000
2017-07-25,48.07750959236424,48.37616608546804,47.73576034852209,47.99479675292969,118672000
2017-07-26,48.18052706747548,48.238474042295586,47.55894326421278,47.810546875,44432000
2017-07-27,48.002233447655364,48.01907529444748,46.41137232469714,47.17658996582031,74358000
2017-07-28,46.952707314754605,47.63620191568483,46.81996775769449,47.4648323059082,36276000
2017-07-31,47.54754843475169,47.6064892157478,46.64265743049754,46.829383850097656,45670000
2017-08-01,46.94379258400555,47.274643911265954,46.80263776503469,46.88188171386719,28052000
2017-08-02,46.971526378070614,47.00768513595491,46.186497034178466,46.93537139892578,40788000
2017-08-03,47.00769722991101,47.05227125203859,46.529248231461935,46.571842193603516,22478000
2017-08-04,46.75261435107233,46.93042295710481,46.54707357290783,46.84375,25092000
2017-08-07,46.92943312348718,47.00075683941316,46.73032753854119,46.841766357421875,28916000
2017-08-08,46.769457407142276,47.175592603468736,46.67981057941175,46.764503479003906,30102000
2017-08-09,46.48020701388848,46.743203522306196,46.25584056201691,46.56093978881836,28018000
2017-08-10,46.30933114119414,46.37371708617787,45.654562469972525,45.74420928955078,54148000
2017-08-11,45.750157312284315,46.228107461293106,45.62683057520137,46.0661506652832,32334000
2017-08-14,46.51091271665383,46.60848355523946,46.28407119188196,46.50397872924805,23012000
2017-08-15,46.60799996054307,46.709039706958905,46.39057122316444,46.461891174316406,22130000
2017-08-16,46.61888550422341,47.04730767019918,46.5589546932796,46.768463134765625,26906000
2017-08-17,46.70309051799044,46.74568447790145,45.94480693661158,45.945796966552734,33914000
2017-08-18,45.91211761446701,46.11221324848576,45.737282859216506,45.872493743896484,26748000
2017-08-21,45.85218277282455,45.97501070471542,45.49706060050728,45.60948944091797,26024000
2017-08-22,45.9111270125752,46.65405757218609,45.871998157468745,46.5767936706543,35502000
2017-08-23,46.40839917942132,46.82592734824859,46.32123119022275,46.68477249145508,22690000
2017-08-24,46.740727979797036,46.86949987198122,46.098338448627246,46.4029426574707,25892000
2017-08-25,46.51785243050318,46.593136271424925,46.0666481786786,46.08646011352539,23746000
2017-08-28,46.15480687493397,46.30190566342561,45.8690245518032,45.96907424926758,20988000
2017-08-29,45.56393445481439,46.467336813021205,45.53223460170136,46.34648513793945,23172000
2017-08-30,46.342515758384714,46.84721178121389,46.26227800102293,46.73676300048828,22406000
2017-08-31,46.86900911381752,47.4088739279311,46.86653403907601,47.311798095703125,33866000
2017-09-01,47.42224482997517,47.464838786120076,47.066132603125276,47.15082550048828,20858000
2017-09-05,46.89674498958798,47.12111145922562,46.33905208076271,46.63028335571289,29148000
2017-09-06,46.74865508502956,46.77985614096009,46.19442729366103,46.65702819824219,27830000
2017-09-07,46.76747440673989,47.07702876797397,46.43463922983732,47.04681396484375,22332000
2017-09-08,47.03740607514201,47.086934018425886,46.557472104855776,46.62681198120117,19998000
2017-09-11,46.9135815541554,47.18499708569917,46.606502277965326,46.71992492675781,26748000
2017-09-12,46.89971405466359,46.95766102750631,46.43315306758234,46.8863410949707,25696000
2017-09-13,46.82938509816708,47.1934213278719,46.79174129281177,47.07405471801758,21908000
2017-09-14,46.854147989731025,46.95469269864589,46.47574876370782,46.56341552734375,28548000
2017-09-15,46.56144322072089,46.643661055238326,46.12360812329162,46.32370376586914,39886000
2017-09-18,46.309834062816115,46.401460957617616,45.83386393459125,46.049312591552734,29474000
2017-09-19,46.23058409011098,46.45494676627424,45.896263864243735,46.40145492553711,24854000
2017-09-20,46.444553348520124,47.05226925255862,46.4331604466039,46.93042755126953,40080000
2017-09-21,46.95965322474065,47.190949921125664,46.52627705230143,46.93092346191406,27414000
2017-09-22,46.69417012834091,47.05226239792835,46.59857934963829,46.71843719482422,21496000
2017-09-25,46.529736540914904,46.54459454614953,45.789776138815476,46.27367401123047,37468000
2017-09-26,46.39303750132151,46.75905380939408,46.31527859083528,46.4296875,33454000
2017-09-27,46.69269205306923,47.816496971085805,46.65356319742582,47.5426025390625,46692000
2017-09-28,47.36181861923786,47.853636728134816,47.327148680940695,47.78578567504883,28018000
2017-09-29,47.844721989198014,48.33059991199778,47.844721989198014,48.22708511352539,40622000
2017-10-02,48.32267904761472,48.42619385284135,47.644134473629876,47.91753387451172,30782000
2017-10-03,47.92198731764552,48.16369063836616,47.68177659919622,48.14585876464844,21666000
2017-10-04,48.13001147555852,48.26076721529586,47.825407245282896,47.883358001708984,21156000
2017-10-05,48.18102641832709,48.86056103630281,48.05621463152872,48.79518127441406,35618000
2017-10-06,48.53812862230013,49.24440916188403,48.464329827495845,49.21369934082031,31060000
2017-10-09,49.281057964821336,49.551483495892555,49.107708265416704,49.1478271484375,25910000
2017-10-10,49.29591517570532,49.40339387697298,48.59310354797711,48.9244499206543,23268000
2017-10-11,48.985863311117605,49.903632295096465,48.9313814408252,49.808536529541016,36300000
2017-10-12,49.71888970676276,50.10025902006977,49.583180045944246,49.808536529541016,30614000
2017-10-13,49.97991486142215,50.259749485302834,49.87838010558293,49.91849899291992,26552000
2017-10-16,50.005654930890586,50.12303769589069,49.603978696769225,49.99178695678711,21420000
2017-10-17,49.89719705517133,50.24984041497498,49.828352189787,50.073516845703125,20260000
2017-10-18,50.075991806786924,50.33650946336837,49.79218955568747,50.15969467163086,25596000
2017-10-19,49.76395595552484,49.891246576978446,49.39496959312794,49.61982727050781,34284000
2017-10-20,49.87787007231654,49.957114014392275,49.64112071831,49.77980422973633,32120000
2017-10-23,49.78525738182625,49.815472186199585,48.69166359877556,48.81251525878906,32786000
2017-10-24,48.86006491663424,48.99676461681985,48.393503882193784,48.95862579345703,28902000
2017-10-25,48.848668006175764,49.25282311545746,48.42519975806429,49.1057243347168,30574000
2017-10-26,49.452922760106006,49.85113394429433,49.05669163570507,49.10374450683594,47396000
2017-10-27,51.063595223313314,52.679716987106474,50.85854567459913,51.19633102416992,103682000
2017-10-30,50.972955676074974,51.50142755564638,50.63467532940637,51.169586181640625,46804000
2017-10-31,51.16315055543624,51.55937790324692,50.83130538098546,51.165130615234375,30326000
2017-11-01,51.327582872540646,51.89914372258084,51.21267517313584,51.63862228393555,43262000
2017-11-02,51.50935047918805,51.78324487215149,50.94818873330231,51.656944274902344,26694000
2017-11-03,51.64604758821477,52.03781974796378,51.39345018507483,52.004634857177734,27770000
2017-11-06,51.9605591145605,52.1334137876635,51.60890203191992,51.642581939697266,18294000
2017-11-07,51.98779117633853,52.17402257005954,51.658428690754754,52.12350082397461,26104000
2017-11-08,52.0076104921159,52.63365323491119,51.85902665816718,52.41572952270508,24276000
2017-11-09,51.906079889810606,52.04871976679686,51.30430421084242,51.8922119140625,35892000
2017-11-10,51.701525090729874,51.83822478775127,51.5702743367399,51.71539306640625,19442000
2017-11-13,51.549470598776864,51.9427278322744,51.47319673518232,51.56928253173828,18814000
2017-11-14,51.3969204389228,51.623761959295614,50.98137243879955,51.59107208251953,21012000
2017-11-15,51.26220398746124,51.491520596511826,51.052200517995686,51.33203887939453,18106000
2017-11-16,51.44793282244156,52.09230239498003,51.41078781204394,51.929351806640625,23768000
2017-11-17,51.99523331117425,52.054665335510855,51.19930594710436,51.3062858581543,26712000
2017-11-20,51.31172733088796,51.445456923655776,51.14729170051542,51.245361328125,17526000
2017-11-21,51.5118278844198,52.02445174147042,51.467253868366655,52.01999282836914,22206000
2017-11-22,52.06258736318945,52.27407588117706,51.86893071906519,52.1002311706543,14538000
2017-11-24,52.222569100215786,52.50389251796374,52.10023239119901,52.32806396484375,16492000
2017-11-27,52.429601552076164,53.146281206952565,52.24139005761983,53.09526443481445,35430000
2017-11-28,53.19333282607308,53.4909993036399,52.22999970272659,52.66337585449219,36424000
2017-11-29,52.31122324002806,52.43950390988402,50.99722682045426,51.38008499145508,55866000
2017-11-30,51.50687489067157,51.714894511578215,51.01802689217109,51.32014846801758,45092000
2017-12-01,51.034867303972455,51.373147655642825,50.365735603238704,50.7703857421875,37762000
2017-12-04,50.90559331528966,51.08092683443362,49.98534929407914,50.116600036621094,38778000
2017-12-05,50.073023772423475,51.34541629399922,49.64361151265184,50.49946594238281,38998000
2017-12-06,50.34691800398461,51.48904978828289,50.28698718434083,51.14928436279297,28710000
2017-12-07,51.315205199276704,51.95164707735195,51.280040242842354,51.73619842529297,30866000
2017-12-08,52.09477913004769,52.32310569971317,51.80008277570056,51.97442626953125,31170000
2017-12-11,52.06011295182674,52.30230751380156,51.71390857117377,52.10270690917969,23254000
2017-12-12,52.00513853115986,52.62424732319747,51.751056041068246,51.944217681884766,33882000
2017-12-13,52.108157164248524,52.27655293813682,51.835747790323225,52.07398223876953,27680000
2017-12-14,52.27704858370643,52.851084515454254,52.1834378608064,52.37511444091797,30962000
2017-12-15,52.6876394921336,53.25573525117383,52.50488073607412,53.094764709472656,63760000
2017-12-18,53.31516446119555,53.812435271759824,53.01403291439222,53.74309539794922,30292000
2017-12-19,53.64057425350983,53.73715506846243,53.10813845518965,53.480098724365234,26350000
2017-12-20,53.53657033856462,53.551923360764945,52.92637556181561,53.17203903198242,28728000
2017-12-21,53.26267277041459,53.36816763839692,52.94618438772744,53.037811279296875,25640000
2017-12-22,52.99571670096894,53.08090462631172,52.8788289217537,52.93925476074219,17788000
2017-12-26,52.92834586462236,52.93924374989512,52.43305889566555,52.7901611328125,18376000
2017-12-27,52.82730970607363,52.910022538860446,52.420180735809254,52.51032257080078,22324000
2017-12-28,52.61186851507124,52.740149196952,52.1725483679009,52.29983901977539,19884000
2017-12-29,52.27704915860149,52.40384099772996,52.13886063988754,52.17353057861328,23606000
2018-01-02,52.154714323536105,53.29189213324735,52.154714323536105,53.15469741821289,31766000
2018-01-03,53.19035801242472,54.28841076053608,53.16559592857935,54.06156921386719,31318000
2018-01-04,54.33743925434634,54.683643614875685,54.19727445943355,54.27156448364258,26052000
2018-01-05,54.65243941359534,55.15416533864201,54.57071661293118,54.991214752197266,30250000
2018-01-08,55.02638089215503,55.43053599152089,54.976852951550214,55.185367584228516,24644000
2018-01-09,55.39487817991294,55.39487817991294,54.88770328171802,55.11503982543945,26808000
2018-01-10,54.82826594711661,55.11454326618408,54.67869209388738,54.983787536621094,20734000
2018-01-11,55.091269974554386,55.21707178493261,54.80251756136048,55.078392028808594,22424000
2018-01-12,54.98181496351173,56.03182106218479,54.87830015429363,55.999629974365234,38586000
2018-01-16,56.47806429359101,56.902526320543075,55.80199867716005,56.00209426879883,36462000
2018-01-17,56.28244217071676,56.42904596420462,55.64500644312271,56.41815185546875,27830000
2018-01-18,56.43052065819257,56.49193651556535,55.69303913354998,56.26311492919922,27498000
2018-01-19,56.365149701268464,56.64993822763117,56.091255282613524,56.636070251464844,30552000
2018-01-22,56.651920198000724,57.79405191298667,56.5528605295507,57.659332275390625,29550000
2018-01-23,57.97928502802167,58.37006719645452,57.81237430664541,58.25416946411133,39138000
2018-01-24,58.69051592512428,58.79304069069063,57.8197998295314,58.01246643066406,37128000
2018-01-25,58.47902935800414,58.691507898424895,58.03970928708369,58.54985427856445,29984000
2018-01-26,58.816820924329214,58.81830596923828,57.85101270980535,58.81830596923828,42170000
2018-01-29,58.84010012364306,59.33538714899783,58.64495464748952,58.76481628417969,31494000
2018-01-30,58.330939305463666,58.836625373210545,58.17194883065757,58.313602447509766,37338000
2018-01-31,58.63256668642394,58.75688722579422,58.052586808452894,58.55381774902344,36022000
2018-02-01,58.245261614528445,58.81286242082845,57.91688530107002,58.522621154785156,73514000
2018-02-02,55.83964320845578,56.031814798918795,55.03480186434895,55.432518005371094,117842000
2018-02-05,54.511779658792,55.22400410026753,52.33895890910913,52.61879348754883,83550000
2018-02-06,51.211688945611634,53.85651983678333,51.01505842536514,53.710411071777344,76630000
2018-02-07,53.73715558547398,53.814419482431425,52.2339576950617,52.27308654785156,51942000
2018-02-08,52.49398716160833,52.69507282277826,49.761489413833445,49.91057205200195,66792000
2018-02-09,50.810494205442495,52.090315448670715,49.38010531257103,51.82038497924805,98360000
2018-02-12,52.33549238239492,52.77629751888971,51.78176337960311,52.230987548828125,56240000
2018-02-13,52.0051402550977,52.56085314146008,51.85259250874104,52.21018981933594,31586000
2018-02-14,52.21910397737328,53.266635032378154,51.995236285916015,53.12944030761719,41304000
2018-02-15,53.66187007851998,54.1893519373981,52.858513756412485,54.05364227294922,37396000
2018-02-16,54.153682452705176,54.89314776238739,54.06304560728031,54.25868606567383,39948000
2018-02-20,54.1229821455205,55.28839087271835,53.98628245123134,54.65937805175781,33754000
2018-02-21,54.932283383972866,56.2745107103021,54.853530664534716,55.16259002685547,41486000
2018-02-22,55.43104063160817,55.742575097485606,54.73664797655704,54.97190856933594,28010000
2018-02-23,55.40577719283554,55.91790606425363,54.899596058386,55.872833251953125,25292000
2018-02-26,56.05955435543405,56.67073910366227,55.93474257233384,56.64597702026367,30912000
2018-02-27,56.64597807591566,56.6732190132798,55.31315976236426,55.348819732666016,42964000
2018-02-28,55.57120617650535,55.85104457236644,54.63016379301633,54.67572784423828,49292000
2018-03-01,54.95407522114462,55.039758149419924,52.86148461385466,53.06554412841797,55338000
2018-03-02,52.40036797360214,53.83224577667256,52.010579645889564,53.696041107177734,50162000
2018-03-05,53.39838253073282,54.54001551182489,53.108141276778426,54.222042083740234,28648000
2018-03-06,54.58557409978571,54.760412599258935,54.20915496116103,54.52613830566406,23382000
2018-03-07,54.125947103038136,55.283930496554575,53.98181841978947,55.22647476196289,30748000
2018-03-08,55.33347244174511,56.038759239052204,55.33347244174511,55.93673324584961,33862000
2018-03-09,56.43795214678702,57.50281995269129,56.179909554464,57.494895935058594,42662000
2018-03-12,57.70341388036885,58.3527374720412,57.41367142221887,57.74700164794922,44306000
2018-03-13,58.03921636545667,58.34481062369362,56.19377801507319,56.45825958251953,43140000
2018-03-14,56.74998383905831,57.44140253772889,56.579109224060254,56.90302658081055,41870000
2018-03-15,56.93670458458376,57.57711027416449,56.24776098354262,56.98821258544922,33382000
2018-03-16,57.222988675952756,57.29529864742965,56.03479406625708,56.18635177612305,58656000
2018-03-19,55.36120006772286,55.44093903752452,53.93279103290788,54.48503875732422,63656000
2018-03-20,54.40232002021162,54.75645217553608,53.61085163849673,54.2735481262207,54598000
2018-03-21,54.1135737285054,54.91247114700298,53.84809835431222,54.18439865112305,44898000
2018-03-22,53.49148738166324,53.685144011141155,51.98729959517459,52.16114807128906,69312000
2018-03-23,52.07298857290828,52.836226002819885,50.760477298918886,50.843685150146484,49880000
2018-03-26,52.03485937370851,52.46427544827733,50.05272102528301,52.20771408081055,65984000
2018-03-27,52.69357916943645,52.72527901602046,49.41081802739001,49.8724250793457,60816000
2018-03-28,49.62329484335729,50.766416438138634,48.73623575063788,49.78525161743164,77698000
2018-03-29,50.08391801398573,51.9085543920975,49.728795812770564,51.368194580078125,69338000
2018-04-02,50.89667889134132,51.486566595440216,49.243907310100866,50.15424346923828,65068000
2018-04-03,50.3285887707595,50.76691883533619,49.392496618436404,50.453895568847656,51322000
2018-04-04,49.441037275601936,51.15027484751214,49.35584935567369,51.00020217895508,50724000
2018-04-05,51.82633670716218,51.84218474253055,50.717389892770996,51.14531707763672,35836000
2018-04-06,50.672810902303375,51.311731574927556,49.838253530639236,50.02151107788086,40134000
2018-04-09,50.5212523783784,51.73718282980988,50.47964845314249,50.52373123168945,33220000
2018-04-10,51.02743890070119,51.56977876982154,50.291937404050294,51.33649826049805,36620000
2018-04-11,51.11361530511741,51.305291882088326,50.47964856935469,50.7698860168457,34060000
2018-04-12,51.08737197981285,51.74015688841402,50.818926504843326,51.37562561035156,32896000
2018-04-13,51.851098945341256,52.15272550489574,51.021986776206845,51.3137092590332,25410000
2018-04-16,51.7847364482145,52.075963957120976,51.20871662499955,51.81197738647461,29776000
2018-04-17,52.55985881246813,53.73864053482102,52.35629430982228,53.45929718017578,54584000
2018-04-18,53.44196225905686,53.59005107463315,53.02146408612167,53.26266860961914,31126000
2018-04-19,52.947174369163434,54.358246635993304,52.947174369163434,53.95904541015625,39884000
2018-04-20,53.70248542809292,54.221544489799854,53.09971971805324,53.35826110839844,42434000
2018-04-23,53.63858816969618,53.887225470727,52.83127174462388,53.184410095214844,69590000
2018-04-24,52.460800521219035,52.72280702361696,50.16564290736252,50.65003204345703,128220000
2018-04-25,51.002181336665494,51.31520461497408,50.37118463042394,50.6673698425293,57860000
2018-04-26,51.174040274086884,52.10518220799904,50.54155859369161,51.67378616333008,50926000
2018-04-27,51.78424539591414,52.089340904781935,50.895206000901005,51.08638381958008,40746000
2018-04-30,51.23347464438755,51.42911133194643,50.435072302608255,50.44894027709961,34492000
2018-05-01,50.33601668607699,51.59553117023378,50.05419826083364,51.546993255615234,35326000
2018-05-02,51.21267620560563,51.70697317236466,50.67578528265589,50.81892395019531,34698000
2018-05-03,50.78523977131563,51.04873128262232,49.91947762989127,50.831298828125,39282000
2018-05-04,50.49995499847703,52.098248560404556,50.42269110633165,52.05466079711914,36892000
2018-05-07,52.19780031501772,52.748064188566865,52.01850666731471,52.47367477416992,34400000
2018-05-08,52.729240424938496,52.75945522759506,52.08635966071087,52.43058395385742,26030000
2018-05-09,52.70349185361488,54.1843989359592,52.60492720061002,53.93427658081055,47160000
2018-05-10,54.233930733568094,54.947640293408654,54.17845882707724,54.75249481201172,36414000
2018-05-11,54.50188038975968,54.927827538954205,54.34388370586371,54.64897918701172,30504000
2018-05-14,54.7574472798872,55.38051996009139,54.71931223456204,54.80846405029297,39338000
2018-05-15,54.3280361926507,54.43798997511188,53.43057405793773,53.73220443725586,35738000
2018-05-16,53.74310472685781,54.203226827131836,53.57173507219618,53.693572998046875,25628000
2018-05-17,53.56331743393244,54.03581869997716,53.31369005964076,53.553409576416016,25738000
2018-05-18,52.79759488361965,53.18045304494366,52.732218902322295,52.97787857055664,35482000
2018-05-21,53.44146720192436,54.14972775175822,53.391939258463644,53.689605712890625,25180000
2018-05-22,53.976382402438205,54.07543829732825,53.107646257968995,53.25870895385742,22226000
2018-05-23,52.99570785087286,53.88722594303769,52.845140182918804,53.78618621826172,23740000
2018-05-24,53.832736382853255,53.84363048827688,53.109617935266556,53.76091766357422,20604000
2018-05-25,53.81540998155274,53.96498762736049,53.619773273377604,53.69307327270508,22224000
2018-05-29,53.29287817833833,53.557363510957344,52.65296749223589,52.900115966796875,36076000
2018-05-30,53.16806778642068,53.44097215834088,52.82483350809959,53.36568832397461,28686000
2018-05-31,53.59005306641815,54.97685820839622,53.39194128505558,54.481571197509766,79368000
2018-06-01,55.119007547236755,56.37158808108016,55.07640981053988,56.2150764465332,63202000
2018-06-04,56.38842165434775,57.34729954063088,56.31412785194618,57.10857009887695,44754000
2018-06-05,57.18880949147938,57.50777292364141,56.83220225276364,57.008522033691406,32964000
2018-06-06,57.09519938117982,57.1912851795451,56.28045393352633,56.806941986083984,34934000
2018-06-07,56.689562822925204,56.75345376135179,55.77526263539505,56.18635177612305,36108000
2018-06-08,56.027364058708805,56.402294428236736,55.63212296124815,56.10165786743164,27284000
2018-06-11,56.11305020446524,56.8460766984538,56.03677633157087,56.50729751586914,24796000
2018-06-12,56.513236409518306,56.89609456335456,56.513236409518306,56.86835861206055,26092000
2018-06-13,57.07092831979859,57.23734780343342,56.63012319630143,56.67222213745117,34302000
2018-06-14,57.06746684447188,57.74997155115877,56.98772409143527,57.458744049072266,35422000
2018-06-15,57.449324414689634,57.64694494282352,57.140763868094574,57.41713333129883,44438000
2018-06-18,57.091237658550156,58.64842242506758,57.007534787671815,58.62118148803711,33038000
2018-06-19,57.95402925657269,58.58304209818442,57.53303605277838,58.37898635864258,47282000
2018-06-20,58.60730792168544,59.50823503880133,58.54440702078991,58.645442962646484,51686000
2018-06-21,58.71677238649248,58.95549806843192,57.62565363710381,57.92084503173828,44966000
2018-06-22,58.02237774597903,58.196222455027424,57.435955096819775,57.913414001464844,34220000
2018-06-25,57.20565352539057,57.25468645901929,55.46719494462363,56.42706298828125,57682000
2018-06-26,56.667765486529085,56.80297635376766,55.91790102597841,56.09719467163086,34688000
2018-06-27,56.2646071979917,56.77029711174202,55.308703056078734,55.32059097290039,34538000
2018-06-28,55.09522582866339,56.16554250010302,54.78220637175106,55.807945251464844,29726000
2018-06-29,56.08183485928755,56.53006891912906,55.819828410061184,55.927303314208984,31562000
2018-07-02,55.24183340274601,56.61080654247943,54.8084573087815,56.56721878051758,23216000
2018-07-03,56.929281693715645,56.95354876268108,55.19627212722594,55.287899017333984,16448000
2018-07-05,55.69997416604077,56.66776611867363,55.62667039199737,56.526607513427734,28594000
2018-07-06,56.55038992280724,57.265089521964846,56.32602344031264,57.209617614746094,21820000
2018-07-09,57.453290676488514,57.84605289568169,57.31609596903954,57.81385803222656,21584000
2018-07-10,57.948085339389145,58.12193005263485,57.580085185303595,57.80692672729492,21334000
2018-07-11,57.23636617616748,58.46566987857797,57.223987021642884,58.020904541015625,33252000
2018-07-12,58.18928788182617,59.53300022861221,58.10211613134386,59.49684524536133,44148000
2018-07-13,59.573116884984884,59.95151610452252,59.20115663797635,59.65335464477539,32612000
2018-07-16,59.62313879101136,59.86583212573338,59.10754487656112,59.26158142089844,26784000
2018-07-17,58.5795725897123,60.36359497014396,58.54291881432381,60.082271575927734,40162000
2018-07-18,59.85692649390116,60.50377128418772,59.660299734568525,60.0738639831543,38948000
2018-07-19,59.763810037930284,60.25067803575038,59.32201485279838,59.389869689941406,38338000
2018-07-20,59.39680088957563,59.96786674894193,59.265546356106285,59.32944107055664,37938000
2018-07-23,59.21948333549664,60.18232133493052,59.038700869095344,59.979251861572266,65446000
2018-07-24,62.950975044491,63.14909059426017,61.620635683904595,62.31453323364258,107600000
2018-07-25,62.04064233107907,63.30956590494261,61.86382374894594,63.19565200805664,51104000
2018-07-26,62.76178507467441,63.76325705413558,62.55475545210352,63.669151306152344,54686000
2018-07-27,63.848433679100495,63.963337593267326,61.63796547370247,62.05400848388672,48362000
2018-07-30,61.66570871332136,62.05401582065293,60.631550691111684,60.92228317260742,43896000
2018-07-31,61.00499830124551,61.47552325245097,60.23631563314612,60.782615661621094,39382000
2018-08-01,61.37151294361722,61.70780948271292,60.66969131019468,61.068397521972656,36994000
2018-08-02,60.35071535483142,61.63400556180207,60.3289233634072,61.47154998779297,34704000
2018-08-03,61.67214083834992,61.73851062139853,60.89157036951774,61.3244514465332,21264000
2018-08-06,61.495327799333516,61.537426738865605,60.946548983215884,61.3001823425293,22114000
2018-08-07,62.010422505762804,62.70729390658285,62.00002341404743,62.20011901855469,42506000
2018-08-08,62.24370410259902,62.98663457502289,62.01587254450447,62.4720344543457,34344000
2018-08-09,62.5413731986612,62.99852135132164,62.41111248301211,62.62705612182617,27326000
2018-08-10,62.365546914287634,62.465596609485665,61.77021400727174,62.03519058227539,26602000
2018-08-13,61.9703129261406,62.70185055034832,61.76377833074552,61.8435173034668,27500000
2018-08-14,62.034697783774156,62.43538403632387,61.39280700004426,62.31404113769531,28080000
2018-08-15,61.62756726479229,62.0089365657444,60.73406915543057,61.030250549316406,37052000
2018-08-16,61.51414397564727,61.59884064567656,60.40668230159651,60.626094818115234,32176000
2018-08-17,60.52605143690165,60.76923601458407,59.6325532994892,60.21946716308594,33092000
2018-08-20,60.457704066299996,60.717730497853005,59.86534123568496,60.5215950012207,22218000
2018-08-21,60.57459216306816,61.05700122154429,60.17885606309456,60.29673385620117,23082000
2018-08-22,60.138734174323226,60.748433836669136,60.08920623212076,60.511688232421875,22296000
2018-08-23,60.41906791910534,61.17636138296668,60.39281701373958,60.48246383666992,24666000
2018-08-24,60.722187601922684,61.28681449968665,60.495346057172455,61.25462341308594,24454000
2018-08-27,61.62064219607881,62.30067184256183,61.44927254861073,62.2214241027832,28580000
2018-08-28,62.20309671363957,62.23578659497297,61.56269094218433,61.70582962036133,27330000
2018-08-29,62.15851685145168,62.76128253527153,62.04955310974319,62.63646697998047,36926000
2018-08-30,62.57455446019655,62.87618480162895,61.772686995885984,62.13077926635742,30104000
2018-08-31,62.02032989044352,62.03716795451761,60.70979872617481,61.00944900512695,42308000
2018-09-04,60.549827665329765,60.814808032376185,59.75934925618585,59.99460983276367,41458000
2018-09-05,59.891096900388526,60.17093528204825,58.21306419783376,59.389869689941406,53988000
2018-09-06,59.3636156654235,59.38441762893976,57.63209120799799,58.64148712158203,46854000
2018-09-07,58.04763277307514,58.867335902344244,57.912421905856014,58.324501037597656,32658000
2018-09-10,58.651888930787,58.77373062791461,57.978793285573936,58.199195861816406,27670000
2018-09-11,58.00305502019929,58.9857049034253,57.747982543233505,58.93865203857422,29254000
2018-09-12,58.54291568730526,58.97332167712986,57.75838134378712,58.0278205871582,35716000
2018-09-13,58.42900640018643,58.833161518285344,57.90994358271611,58.54985427856445,40068000
2018-09-14,58.84009564609512,58.84009564609512,58.122917276573794,58.343814849853516,24176000
2018-09-17,58.33342581342011,58.53401647340414,57.37702659629336,57.444881439208984,34096000
2018-09-18,57.58503643660533,58.509739420785856,57.524115592874914,57.80543899536133,32314000
2018-09-19,57.897071987128484,58.25912440216259,57.38494313449723,58.16006851196289,25962000
2018-09-20,58.47704954918953,59.13726719569545,58.25813203516602,59.016910552978516,29244000
2018-09-21,59.18283503971153,59.26505286647782,58.050611148086276,58.05358123779297,91222000
2018-09-24,57.42406662300162,58.70091408388171,57.03229445451207,58.42206954956055,31150000
2018-09-25,58.654357976038376,59.27891182095275,58.15114323552224,59.131813049316406,33152000
2018-09-26,59.1219166053279,59.79302838637845,58.71132249593064,59.14023971557617,37650000
2018-09-27,59.43444560160692,60.2694980810433,59.337864778653916,59.79897689819336,36274000
2018-09-28,59.637006443521074,59.85295385761787,59.3269570756682,59.785099029541016,35612000
2018-10-01,60.07831470776749,60.63303373026284,59.59243676941261,59.85691833496094,33164000
2018-10-02,59.764792796746484,60.64888185315198,59.4175984138859,59.812835693359375,40180000
2018-10-03,60.02877782945918,60.13675153509642,59.540919873275186,60.00550079345703,26246000
2018-10-04,59.68357321238878,59.72666218717124,57.643983061136176,58.29875183105469,46576000
2018-10-05,58.24574891886128,58.54292035533071,57.17196709374146,57.84109878540039,31852000
2018-10-08,57.45328873744916,58.23881314932419,56.2348832400865,57.25121307373047,46190000
2018-10-09,57.02288594951988,57.530060865203154,56.66925257333919,56.718780517578125,33690000
2018-10-10,56.284413179631855,56.31512299838277,54.06107066993579,54.093265533447266,58980000
2018-10-11,53.44345661410277,55.27701110278185,53.28743997509607,54.02294158935547,67696000
2018-10-12,55.45431212814943,55.76089641357545,54.23541154662628,55.4988899230957,49370000
2018-10-15,55.37308724591823,55.56129494262984,54.39340736844821,54.602420806884766,30074000
2018-10-16,55.14922152105523,56.28293428941266,55.063538585615056,56.1199836730957,38378000
2018-10-17,56.46271807500473,56.80941746396931,55.17497262904208,55.84806823730469,35652000
2018-10-18,55.96743531125964,56.083828067524756,53.80501343280134,54.37805938720703,46152000
2018-10-19,54.665323678410985,55.51919800011947,54.33447231843299,54.738128662109375,41286000
2018-10-22,55.101173998912245,55.55584710408393,54.48157023135043,55.04471206665039,27116000
2018-10-23,54.050171762530304,55.37308588613751,53.44196092292916,55.22003936767578,37686000
2018-10-24,55.22450272566534,55.30474049255571,52.25575069560264,52.35778045654297,49286000
2018-10-25,53.505853461516494,55.36416972248822,53.27059289465589,54.65937805175781,72956000
2018-10-26,51.922424565104556,55.32355894935248,51.62029917882041,53.67673110961914,106438000
2018-10-29,54.31020564077369,54.91891535761421,49.88531209009885,51.248836517333984,81290000
2018-10-30,50.519770302765785,52.04971034304068,50.22061879116499,51.980865478515625,59768000
2018-10-31,52.906555267212084,54.87779911825938,52.906555267212084,54.01500701904297,70916000
2018-11-01,54.055623505981124,54.47661670512628,53.383022905725845,53.78717803955078,40132000
2018-11-02,53.93675486067104,54.382513914806815,52.87981107637731,53.06950759887695,43438000
2018-11-05,53.121015100568314,53.16162899679658,51.212675886463686,52.28893280029297,45358000
2018-11-06,52.253771295401684,53.48208478305597,52.18393639907413,52.97441482543945,28660000
2018-11-07,53.66385571489121,54.97339327519591,53.52022201796449,54.88969039916992,43388000
2018-11-08,54.8431306149798,54.88869466058277,53.706939104621405,54.215599060058594,33694000
2018-11-09,53.69010609486829,53.90456471882175,52.71141992848886,53.343406677246094,34860000
2018-11-12,53.1507387670384,53.19878166937508,51.52718794427889,51.97343826293945,34002000
2018-11-13,52.24337359797783,52.830782545490095,51.52966403701406,51.90459442138672,25750000
2018-11-14,52.5004171793841,52.78718950501937,51.56482015252103,52.231971740722656,34666000
2018-11-15,52.07745095531345,53.4350313497898,51.573741122642325,53.0477180480957,41584000
2018-11-16,52.759455073871635,53.11655731088186,52.24782127720158,52.9100227355957,35366000
2018-11-19,52.66831549507775,52.896645823842185,50.66141565895399,50.88676834106445,45684000
2018-11-20,49.88976430223799,51.37859922795724,49.638160673092806,51.03684997558594,54458000
2018-11-21,51.772841386629445,52.238412347646175,51.48309896261575,51.67972946166992,29698000
2018-11-23,51.18790793363675,51.65843282550483,50.941254476800474,51.01951217651367,14178000
2018-11-26,51.70796646227262,52.35183733122089,51.49845799386155,52.299339294433594,31558000
2018-11-27,52.0715069877795,52.83523948335219,51.7822595489403,52.11806106567383,33048000
2018-11-28,52.37461273449565,54.12792891835134,51.6559494046262,54.07493209838867,46042000
2018-11-29,53.66582953615492,54.48899778136068,53.590050687313294,54.2131233215332,31004000
2018-11-30,54.265129647334916,54.95951843261719,53.64849599115852,54.95951843261719,59668000
2018-12-03,56.07440914802574,56.215068949261344,55.06253449095847,55.29185485839844,57532000
2018-12-04,55.12495176237116,55.18686263980358,52.53905790124478,52.62276077270508,45630000
2018-12-06,51.757495677822824,53.46227433448939,51.63268388788667,53.395904541015625,47436000
2018-12-07,53.106166978552345,53.74013384365165,51.478652073211364,51.83575439453125,42682000
2018-12-10,51.655460895725966,52.48060920556832,51.163147772127004,52.162635803222656,33652000
2018-12-11,52.84415218578602,53.01552182319118,52.01008980091573,52.58214569091797,33852000
2018-12-12,53.34637112739864,54.071964752835314,53.093278689920794,53.180450439453125,28960000
2018-12-13,53.276542045289816,53.90803378116927,52.747575090120165,53.171043395996094,24986000
2018-12-14,52.5014126277262,53.08089751742755,51.97393075752267,52.08982849121094,36358000
2018-12-17,51.8570404111921,52.61829777060275,50.35236134415142,50.799110412597656,49932000
2018-12-18,51.21267924120859,52.485071731849246,51.038335729213074,51.67874526977539,43640000
2018-12-19,51.87090842246445,53.278515444177366,50.491041129525485,51.28498458862305,58264000
2018-12-20,50.81644063465961,51.87833825031847,49.91799239916836,50.69658279418945,53674000
2018-12-21,51.11559444422596,51.39443896554791,48.59706081223379,49.09531784057617,104656000
2018-12-24,48.7520875803964,50.12898477901255,48.4222262706209,48.76942443847656,36360000
2018-12-26,49.42915006255567,51.928367134430836,49.16466471352241,51.898651123046875,46318000
2018-12-27,50.82634654200571,52.1705537395416,49.875392756610964,52.14876174926758,45996000
2018-12-28,52.47565887526268,52.709929426871135,51.60890658005902,51.840702056884766,34398000
2018-12-31,52.39294410728488,52.64851540759331,51.165129459396006,51.75551223754883,33110000
2019-01-02,50.8758779017609,52.539547399816726,50.78078213895101,52.2369270324707,31868000
2019-01-03,52.03832084396553,52.81047235393287,50.63665770148199,50.79019546508789,41960000
2019-01-04,51.63663945243364,53.49099559894608,51.35432601569991,53.39540481567383,46022000
2019-01-07,53.53903227049169,53.6247151877774,52.6311712212093,53.28891372680664,47446000
2019-01-08,53.78817432618899,54.152210620064864,52.9139929616409,53.75697326660156,35414000
2019-01-09,53.88673286657815,54.0675115661142,53.21214842603812,53.57271957397461,26998000
2019-01-10,53.24038543925741,53.481589980140164,52.73222046466923,53.43305206298828,26598000
2019-01-11,52.99074983888897,53.16261447137644,52.323598255313215,52.72180938720703,30864000
2019-01-14,52.17056239603832,52.423654847357554,51.93332175924452,52.079925537109375,28490000
2019-01-15,52.40186352721006,53.90060254155327,52.22504494160213,53.81343078613281,37518000
2019-01-16,53.98628027527192,54.59845500660492,53.88771940667306,53.96200942993164,38280000
2019-01-17,53.88673434119636,54.51624220970342,53.65246001330726,54.43798828125,24896000
2019-01-18,54.9070267738932,55.37309281763146,54.44591465862316,54.843135833740234,44892000
2019-01-22,54.28344700942721,54.4305495559834,53.039780736785595,53.423133850097656,39632000
2019-01-23,53.83076214878094,54.13239251034095,52.87535686802543,53.70941925048828,25194000
2019-01-24,53.61531101383912,53.88722535152357,52.99669729897395,53.689109802246094,29114000
2019-01-25,54.19578340832691,54.6479814012899,54.07543055106336,54.55635452270508,23260000
2019-01-28,53.98975976910591,54.1532016311362,53.224043355490785,53.48406982421875,29334000
2019-01-29,53.54250503965595,53.725267578606804,52.798584495404725,52.998680114746094,19704000
2019-01-30,53.36023646661718,54.457794073421354,53.324576500441886,54.382015228271484,29452000
2019-01-31,55.08780449698671,55.85203202645565,54.74160010020651,55.76387023925781,40232000
2019-02-01,55.58556205909414,56.18535766046908,55.18735467248871,55.40379333496094,33116000
2019-02-04,55.42311738840056,56.57862218180716,55.348823574183776,56.53305435180664,78408000
2019-02-05,55.94910698648545,57.095202644647664,55.65045048209374,57.05062484741211,82296000
2019-02-06,56.921847440071225,57.156117968858695,55.39091369948589,55.61528015136719,48256000
2019-02-07,55.066996883523366,55.075415915786344,54.164089681976776,54.77428436279297,38298000
2019-02-08,54.22798389842387,54.73416879704021,54.19628782710498,54.599449157714844,21766000
2019-02-11,54.66730351965466,55.146742492237834,54.481570891615064,54.586570739746094,18498000
2019-02-12,55.026882908369075,56.10908763091339,55.026882908369075,55.84757614135742,35036000
2019-02-13,56.117996776538185,56.603874697710054,55.76931356134372,55.899574279785156,28042000
2019-02-14,55.719783421674045,56.27103729841721,55.328011251969706,55.92780303955078,21106000
2019-02-15,56.42805026271867,56.42805026271867,55.30969057089957,55.453819274902344,27826000
2019-02-19,55.30573050553342,55.949601364041804,55.30573050553342,55.794578552246094,21980000
2019-02-20,55.9119597685131,56.013494511628615,55.06353439699271,55.501365661621094,24090000
2019-02-21,55.411719909157085,55.43004679838898,54.38152200992176,54.690086364746094,33272000
2019-02-22,54.962000034730664,55.33594036646095,54.50633689300502,55.30176544189453,29436000
2019-02-25,55.567732527759496,55.739597170241076,55.18041925822261,55.339900970458984,26208000
2019-02-26,55.1932866152939,55.79109828902621,54.813402395023516,55.571685791015625,35026000
2019-02-27,55.175465073433884,55.755939960125424,54.905534577548536,55.61528015136719,22092000
2019-02-28,55.42262183120319,56.16505739363985,55.39340083228564,55.79656219482422,27422000
2019-03-01,56.016958502133754,56.95800455045446,56.016958502133754,56.884700775146484,34086000
2019-03-04,57.18385756294769,57.72669245750234,56.376042304704,57.12739562988281,35490000
2019-03-05,57.25517882334881,58.270023712083415,57.107585014321316,57.90846252441406,40094000
2019-03-06,58.03574904568272,58.18334284423935,57.604352993084895,57.69796371459961,23602000
2019-03-07,57.47806075553333,57.63060849415592,56.54741374521215,57.00010681152344,30086000
2019-03-08,56.16059651269715,57.12888357157748,55.977338949673644,56.95652389526367,23694000
2019-03-11,57.057056299381784,58.43940238657864,57.03575932285374,58.40721130371094,30032000
2019-03-12,58.55778518124148,59.71724999224777,58.55778518124148,59.29823684692383,42220000
2019-03-13,59.728146427571,59.78708343433338,59.330925285629434,59.387882232666016,25888000
2019-03-14,59.385903050434166,59.6672264639937,59.00007480369485,59.06446075439453,27302000
2019-03-15,59.33538694879374,59.5196307590718,58.79106321470407,58.95401382446289,51886000
2019-03-18,58.9238020218696,59.18432347657755,58.51717180399533,58.867340087890625,24442000
2019-03-19,59.0243450436147,59.60333873104555,58.912411201598594,59.5562858581543,29788000
2019-03-20,59.50377817309466,60.91980423989819,59.41413134958245,60.74348068237305,41508000
2019-03-21,60.42501010510731,61.23926049004584,60.25562054121966,61.223907470703125,28150000
2019-03-22,60.863341357852995,61.100086961413446,59.731608799174026,59.813331604003906,34422000
2019-03-25,59.41264977385646,59.901992830501676,58.93915475294564,59.3046760559082,27576000
2019-03-26,59.69149221330397,59.81333390286845,58.531037409094154,58.93122863769531,30752000
2019-03-27,59.034250054112796,59.034250054112796,57.66279793309546,58.345306396484375,29428000
2019-03-28,58.22098514220838,58.3076580951719,57.623173403504914,58.061004638671875,22402000
2019-03-29,58.45278754236231,58.640504029894316,57.76929275507036,58.28984069824219,30890000
2019-04-01,58.81731185548313,59.444344628932846,58.75886986319586,59.3839225769043,27706000
2019-04-02,59.43691363244474,59.722200932697056,59.00056742844812,59.70882797241211,18288000
2019-04-03,60.06344794132938,60.454725092948664,59.68604254286175,59.96984100341797,22180000
2019-04-04,59.99361860900588,60.45225561558731,59.882179788501375,60.39777374267578,21022000
2019-04-05,60.3903470806276,60.44433394069537,59.93121504131387,60.00154495239258,20012000
2019-04-08,59.98470062019651,60.12536042766006,59.66722224485626,59.84453582763672,21750000
2019-04-09,59.528056452219445,59.788574144225954,59.35420794756859,59.56767654418945,19668000
2019-04-10,59.68654258117784,59.877225356022,59.46713004657108,59.75389862060547,15510000
2019-04-11,59.87524508952984,60.065436627525045,59.65930143893356,59.909420013427734,16998000
2019-04-12,60.208074343061426,60.5760744751143,60.09267540857569,60.56022644042969,24312000
2019-04-15,60.6275805073459,60.88562686056802,60.15557435661403,60.74843215942383,23796000
2019-04-16,60.92030326457273,61.21648468997316,60.67463981516365,61.0149040222168,22622000
2019-04-17,61.26699809040539,61.668183114900266,61.06393239296706,61.42251968383789,30366000
2019-04-18,61.66323042691964,61.70978828077709,61.38636593586521,61.48839569091797,24750000
2019-04-22,61.25065781074722,62.125829100059825,61.08721219258896,62.097103118896484,19084000
2019-04-23,62.239744198104034,63.12085940891058,62.00844375608497,62.930667877197266,31868000
2019-04-24,62.93066708284527,63.09956163490271,62.3967500492638,62.408634185791016,23396000
2019-04-25,62.91630286005359,63.040124601895386,62.30710200628619,62.76969909667969,31344000
2019-04-26,63.068855797179076,63.3427502080742,62.653806553854444,63.268951416015625,27228000
2019-04-29,63.42199881510719,64.23724691336588,62.98614757616207,64.19910430908203,72368000
2019-04-30,58.9703603907374,59.482980493015035,58.592456151515655,59.3829345703125,133178000
2019-05-01,59.3106178156622,59.39729455152342,58.03178642826818,58.113014221191406,74340000
2019-05-02,58.07734901693176,58.413154265487144,57.370573569467595,57.775718688964844,45098000
2019-05-03,58.3155894200725,59.008497009406334,58.12441161744847,58.9168701171875,41588000
2019-05-06,58.047635467254594,59.208094068561614,58.006031540219304,59.11052322387695,31774000
2019-05-07,58.731633554371605,59.175408810740414,57.700940581769316,58.38740921020508,36604000
2019-05-08,58.30964167835988,58.65535481751742,57.83119651976779,57.987213134765625,25520000
2019-05-09,57.58207109403174,58.15016310994897,57.18782001887021,57.84803771972656,29556000
2019-05-10,57.891123724190116,58.25961508477187,56.77821308268988,57.831687927246094,31650000
2019-05-13,56.7222453726447,57.05557177677972,55.744549388013766,56.293819427490234,45626000
2019-05-14,56.57762077834279,56.70391759200433,55.64697389587768,55.71284866333008,40392000
2019-05-15,55.59844282771411,58.35967021943757,55.54148587870929,57.98820495605469,59302000
2019-05-16,58.03971145820099,59.14519317189485,57.87181070522782,58.666744232177734,35308000
2019-05-17,58.23733131750474,58.75540033970003,57.77126531413099,57.888153076171875,25362000
2019-05-20,57.106588740908514,57.106588740908514,56.37059227856318,56.693519592285156,30602000
2019-05-21,57.17988991070369,57.35423340533098,56.62665595999286,57.17790985107422,20562000
2019-05-22,57.01991775455204,57.6405115698009,57.00753482339587,57.24774932861328,18826000
2019-05-23,56.76336213394787,56.96048389431308,56.12394639269038,56.727203369140625,25214000
2019-05-24,57.057062896686,57.1739506630299,56.29976937956139,56.39387512207031,18554000
2019-05-28,56.53602518763873,57.27945074743259,56.396846630167516,56.4409294128418,20948000
2019-05-29,56.101152484717936,56.21507014854545,55.073433550766815,55.46916961669922,36230000
2019-05-30,55.47957104098683,55.808937337789494,55.269072561933925,55.54197692871094,18088000
2019-05-31,54.760918612666295,55.14525806654625,54.647495944049716,54.80351257324219,31582000
2019-06-03,52.84365524761113,52.84712035205825,50.86746121441573,51.44744110107422,96890000
2019-06-04,51.73223296658159,52.423160478968796,51.31321981307492,52.22751998901367,60512000
2019-06-05,52.25278106936707,52.342427899855494,51.163151127283896,51.739662170410156,46988000
2019-06-06,51.817422860733636,52.005135547432495,51.28746591630464,51.89419174194336,29020000
2019-06-07,52.217120313402106,53.16559540422133,52.06209372377589,52.91497802734375,43828000
2019-06-10,53.34240588249754,54.22599993485106,53.25721797353577,53.62769317626953,28510000
2019-06-11,54.33248284600479,54.68017601413665,53.46969456608734,53.54249954223633,33508000
2019-06-12,53.48852151892269,53.6158083748503,52.9758976544388,53.4464225769043,23670000
2019-06-13,53.72427882546966,54.3126777814297,53.61828894462655,54.03630828857422,20814000
2019-06-14,53.97340389299385,54.22203741750554,53.56429862336168,53.80302429199219,24582000
2019-06-17,53.941710627224865,54.54496758160116,53.88722875326578,54.178951263427734,19770000
2019-06-18,55.051142022347165,55.4117093288629,54.520690153199546,54.741092681884766,34526000
2019-06-19,54.840155442193684,54.948624168178235,54.28493764576931,54.70494079589844,26714000
2019-06-20,55.55634247239921,55.6068642257885,54.82826997007802,55.13534927368164,24018000
2019-06-21,54.96992204047367,55.797545423876116,54.96298805282617,55.73811340332031,50774000
2019-06-24,55.47214618485859,55.648964769329886,55.14079980363629,55.30870056152344,24236000
2019-06-25,55.228463795688135,55.25916983601783,53.71882698052252,53.866424560546875,31644000
2019-06-26,54.035818176071686,54.23987771703837,53.1784786524943,53.50685119628906,34698000
2019-06-27,53.82531619310023,53.910009091065085,53.28545139859072,53.3240852355957,24078000
2019-06-28,53.35380234736618,53.629676818847656,53.18391775426052,53.629676818847656,33672000
2019-07-01,54.53307920261683,54.90702331422971,54.25027074261955,54.481571197509766,29196000
2019-07-02,54.72079835870391,55.11999958817194,54.46523082289865,55.10563659667969,20630000
2019-07-03,55.39784524596888,55.867875106297795,55.2170665651637,55.62023162841797,20154000
2019-07-05,55.44093403946931,56.19773244503417,55.348317132368216,56.099666595458984,29794000
2019-07-08,55.762879139337144,55.82924893062901,55.06403138591545,55.31315994262695,29888000
2019-07-09,54.99270619274252,55.86144229949039,54.83569954537963,55.68462371826172,29472000
2019-07-10,56.08234129944431,56.57861835228626,56.00012347225763,56.50779342651367,30710000
2019-07-11,56.767814710831296,57.11847800523599,56.43944220375937,56.664794921875,26004000
2019-07-12,56.60784052425284,56.834187061190235,56.39140184407421,56.727203369140625,21878000
2019-07-15,56.72719861607751,56.991683955517104,56.46271705537778,56.9832649230957,21164000
2019-07-16,56.79604145388603,57.38295908769645,56.79604145388603,57.129371643066406,25352000
2019-07-17,57.00357272421351,57.3760280034177,56.790599163439744,56.79654312133789,19538000
2019-07-18,56.5617729099618,56.867367160229094,56.10908365301538,56.82130432128906,25450000
2019-07-19,56.92432224919067,57.03625607778536,56.029339077859674,56.04419708251953,23184000
2019-07-22,56.23835399560529,56.46371049735105,55.730192806459634,56.42359161376953,28914000
2019-07-23,56.6335957280726,56.901546191159234,56.10859268845329,56.861427307128906,20648000
2019-07-24,56.09719251515047,56.73313928274371,55.89362803163918,56.4493408203125,27192000
2019-07-25,56.410709856091835,56.64052525562124,55.65589523702844,56.26163101196289,54762000
2019-07-26,60.82124521023949,62.82170635326538,60.82124521023949,61.674129486083984,121216000
2019-07-29,61.53941137657357,61.86085367588701,60.93020668782586,61.50672149658203,41382000
2019-07-30,60.77171537621806,61.262547257895605,60.68850752025554,60.82124710083008,28616000
2019-07-31,60.66622137456768,61.163488457630116,59.83958796759743,60.33586502075195,39960000
2019-08-01,60.30763338210096,61.23233264202327,59.78114152891506,60.01789093017578,35426000
2019-08-02,59.58302188418261,59.90495538024537,58.939147334577946,59.25217056274414,34910000
2019-08-05,58.09568007652619,58.28934050552652,56.59892491034866,57.193267822265625,47840000
2019-08-06,57.726691926979775,58.513206420620904,57.52907138432887,58.002071380615234,36014000
2019-08-07,57.34432405733393,58.43742274906931,56.999604753789036,58.24129104614258,30686000
2019-08-08,58.762334158803085,59.74547915169052,58.14669429482071,59.741024017333984,30116000
2019-08-09,59.43394410682026,59.65533669726062,58.686059689824496,58.88467025756836,20418000
2019-08-12,58.4438685714798,58.721723109439104,57.885185627106054,58.17145919799805,22064000
2019-08-13,58.164024464631794,59.703377223142205,58.09666842906615,59.27247619628906,28434000
2019-08-14,58.249216655957746,58.58204805365659,57.506286190031595,57.663787841796875,35430000
2019-08-15,57.87081891831931,58.26655122813424,57.60187844552222,57.91489791870117,28506000
2019-08-16,58.48299708680703,58.63405977872927,58.0971688315923,58.40473937988281,24916000
2019-08-19,59.029791826803695,59.899517974166024,58.95896690194604,59.456233978271484,24450000
2019-08-20,59.204138419302886,59.33538918322243,58.594933694585194,58.61870574951172,20206000
2019-08-21,59.22740993354587,59.46217548603108,58.83613275315723,59.01740646362305,14152000
2019-08-22,59.12736249662652,59.37401597426125,58.389880917191206,59.01443862915039,17352000
2019-08-23,58.69992478154987,59.21997760981369,56.95800136029911,57.13531494140625,36254000
2019-08-26,57.42605291108327,58.04070276773835,57.19822133720337,58.007022857666016,21166000
2019-08-27,58.59245367806885,58.691509566685426,57.67914357236348,57.989192962646484,23460000
2019-08-28,57.69449279196282,58.369568415349136,57.4656712103643,58.134307861328125,16810000
2019-08-29,58.76183761092513,59.3943193021965,58.705375680629345,59.14915466308594,19636000
2019-08-30,59.45177362182627,59.45177362182627,58.72716627119563,58.96540069580078,18064000
2019-09-03,58.53548946301978,58.89358173147138,57.6370411950292,57.92628860473633,25908000
2019-09-04,58.416623705533404,58.6855641775209,58.02435650134425,58.55629348754883,21312000
2019-09-05,59.120423776802696,60.12783957065317,59.07238087972799,60.03819274902344,26394000
2019-09-06,59.88713301150677,60.07583572599025,59.59590174657912,59.74746322631836,18972000
2019-09-09,59.78511192692685,60.45226367280449,59.0961681847281,59.695465087890625,31854000
2019-09-10,59.240781035803494,59.92972465143627,59.2368171377731,59.71675109863281,27922000
2019-09-11,59.62710710207204,60.547351202061336,59.54736435269177,60.42501449584961,23522000
2019-09-12,60.59688111565111,61.535448356203645,60.55180830394123,61.16646194458008,31644000
2019-09-13,61.02480508761392,61.467594048380136,60.77567654585852,61.41707229614258,23676000
2019-09-16,60.94209680855052,61.367053927593396,60.68207036152316,61.00103759765625,28218000
2019-09-17,61.00103678715758,61.16794751680228,60.59093767989537,60.91436004638672,20806000
2019-09-18,60.93219659631297,61.22936807802341,60.25018685548427,61.05155944824219,17440000
2019-09-19,61.035211221346685,61.63054416428074,61.03471620639554,61.35367965698242,16554000
2019-09-20,61.10058027519062,61.55426331584861,60.60232322154267,60.91237258911133,37692000
2019-09-23,60.750412844824034,61.39973636118914,60.61222811246321,61.152587890625,20798000
2019-09-24,61.415587240068895,61.76773556719349,59.96142610732814,60.34230041503906,35804000
2019-09-25,60.227397105585325,61.81281288374729,59.89010675908413,61.70979309082031,26798000
2019-09-26,61.521581769534144,61.646892350996254,61.010446701925005,61.52901077270508,23166000
2019-09-27,61.55575761438939,61.66274130763194,60.18727928452313,60.7197151184082,34122000
2019-09-30,60.45472990890433,60.79202023441614,60.099116473506726,60.481475830078125,24470000
2019-10-01,60.548338606588864,61.061952477190204,59.70932233716347,59.73160934448242,24504000
2019-10-02,59.26108724560142,59.37302107400408,58.0788367237423,58.340843200683594,33030000
2019-10-03,58.60929264181459,58.98868191569401,57.60881454798401,58.91092300415039,28368000
2019-10-04,59.15163625899439,60.05157347475312,58.98720059913431,59.97727966308594,24282000
2019-10-07,59.78113722294583,60.37102495570478,59.65038148991235,59.843048095703125,17040000
2019-10-08,59.373521990054044,59.7747032700144,58.913399921863515,58.945594787597656,20086000
2019-10-09,59.500309720625474,59.85344805198157,59.341319251605334,59.55330276489258,15948000
2019-10-10,59.36509695767759,60.20807333110587,59.32844696105802,59.903472900390625,12842000
2019-10-11,60.62461884848483,60.858394389325234,60.110014893908655,60.21253967285156,22330000
2019-10-14,60.12239215803119,60.71624001723558,60.0228412570052,60.3145637512207,13296000
2019-10-15,60.499307230673374,61.768725774202345,60.470581250004656,61.52653121948242,27584000
2019-10-16,61.50523767864759,62.118402499177094,61.34278208407689,61.564178466796875,22986000
2019-10-17,61.980216852267894,62.591896619054,61.90443799931357,62.049556732177734,20958000
2019-10-18,62.14316528891871,62.31255108446506,61.42252179923315,61.634010314941406,31624000
2019-10-21,61.846492451752454,62.08472312369092,61.41509636274962,61.6275749206543,18094000
2019-10-22,61.63747698893606,61.84797548014588,61.408160372457424,61.47502517700195,22862000
2019-10-23,61.4259805613064,62.30907571328176,61.4259805613064,62.28876876831055,21282000
2019-10-24,62.362083435058594,62.54979612109488,62.02726818128927,62.362083435058594,20224000
2019-10-25,62.00993212550449,62.80239436430481,61.86877729263344,62.619136810302734,27104000
2019-10-28,63.14909437559862,64.34966810408233,63.01586355921781,63.84150314331055,65428000
2019-10-29,63.19861894999268,63.43635836701717,62.188728055352335,62.43885040283203,52654000
2019-10-30,62.16594959998681,62.803385260148524,61.94307195396358,62.440834045410156,29204000
2019-10-31,62.406165081845984,62.72909243340276,61.88512216475755,62.34672927856445,31904000
2019-11-01,62.69342760399186,63.05003483856264,62.39179725510507,63.01288604736328,28812000
2019-11-04,63.20408198352675,64.01585750808013,63.20408198352675,63.872718811035156,30632000
2019-11-05,63.95146047184147,64.25061578005169,63.86132240188837,63.963348388671875,25148000
2019-11-06,63.896486884226746,64.04011680010994,63.50917356883093,63.94205093383789,24626000
2019-11-07,64.10400439218024,65.50913642827285,64.07775726396068,64.73104095458984,45140000
2019-11-08,64.46258602131604,65.23474124758921,64.46258602131604,64.83306121826172,30392000
2019-11-11,64.58542372194074,64.63000529696797,64.18276118295945,64.3021240234375,17234000
2019-11-12,64.31647480140748,64.85039558450602,64.10201621713067,64.24911499023438,28852000
2019-11-13,64.04951725531191,64.51211812874304,63.99850426915484,64.19810485839844,20538000
2019-11-14,64.13966449078022,65.16590220608438,64.08716267984857,64.84049224853516,28948000
2019-11-15,65.13271494371524,66.04850006103516,64.97619954644436,66.04850006103516,39286000
2019-11-18,65.9890734291264,66.06733114311139,65.1877008344548,65.36996459960938,27984000
2019-11-19,65.70625837315804,65.70625837315804,64.9702656186846,65.01087951660156,21864000
2019-11-20,64.94995994288024,65.04158683309186,63.852900998893205,64.47943878173828,28892000
2019-11-21,64.35016618156962,64.9380701081525,63.929169200759176,64.39424896240234,25546000
2019-11-22,64.53590894982392,64.72907061146134,63.860338149110646,64.07380676269531,27776000
2019-11-25,64.20207546796104,64.90290324002098,64.16988060411563,64.6666488647461,23590000
2019-11-26,64.87814242998601,65.08121192737515,64.58741371785119,65.03118896484375,21910000
2019-11-27,65.15106783804252,65.26102164894938,64.85637137075943,64.98811340332031,18808000
2019-11-29,64.71419479888687,64.88011169520007,64.54728031533155,64.58987426757812,12802000
2019-12-02,64.51410445882281,64.65675189694149,63.415556699485414,63.83556365966797,26538000
2019-12-03,63.33037051121015,64.25012342989662,63.250631535810925,64.12679290771484,25270000
2019-12-04,64.68943163954013,65.5893687316695,64.53836518336756,65.32537841796875,35506000
2019-12-05,65.72459053357098,65.77313223197854,65.09657144654456,65.72261047363281,24408000
2019-12-06,66.0093627000816,66.49078165743002,65.93408265370638,66.3382339477539,32968000
2019-12-09,66.31198979684073,67.23768274471344,66.17380129069844,66.51654052734375,30842000
2019-12-10,66.36548792156054,66.7646891227079,66.07128278810355,66.5115966796875,17606000
2019-12-11,66.77954723475955,66.85829617502306,66.42293998953177,66.5789566040039,20480000
2019-12-12,66.52745181438002,67.09058992873814,66.27931705166803,66.7889633178711,29114000
2019-12-13,66.7597456048754,66.93062026081978,66.45068995780822,66.70873260498047,33170000
2019-12-16,67.11139005127455,67.5338683000843,66.89396135072258,67.39370727539062,28128000
2019-12-17,67.47838939287901,67.57348515426513,66.90187464587285,67.1059341430664,32948000
2019-12-18,67.21043826661847,67.33079112240108,66.8865247093913,66.95833587646484,23330000
2019-12-19,66.95834988110201,67.23670701211194,66.8018420122357,67.1827163696289,28922000
2019-12-20,67.51256649926894,67.5571405133204,66.8998967517064,66.92416381835938,50090000
2019-12-23,67.29613980884312,67.45066761951652,66.76469775638785,66.89495849609375,19936000
2019-12-24,66.87413741587739,66.96329299686603,66.57498972050794,66.58786010742188,13468000
2019-12-26,66.69285934417809,67.51751629490394,66.64134756998732,67.48135375976562,23662000
2019-12-27,67.55714262925474,67.70820909157774,67.01233147299867,67.09355926513672,23212000
2019-12-30,67.20103188146805,67.21044094340947,66.26147091867256,66.35408782958984,19994000
2019-12-31,66.15993035031083,66.40113484384676,65.97865666369745,66.3382339477539,19514000
2020-01-02,66.78499723022476,67.7889404296875,66.68990145950006,67.7889404296875,27278000
2020-01-03,66.76470308633941,68.0400658667958,66.73101939156004,67.434326171875,23408000
2020-01-06,66.94447875888001,69.2569770701854,66.91328147980676,69.23171997070312,46768000
2020-01-07,69.36295700977831,69.51352466191221,68.92215193795107,69.09797668457031,34330000
2020-01-08,69.08362070220888,69.92709593901122,68.97515574809637,69.58980560302734,35314000
2020-01-09,70.42634437897857,70.76066463148995,69.84586943820742,70.32035827636719,33200000
2020-01-10,70.79979315832976,71.07071369356099,70.31094513609989,70.77452850341797,26258000
2020-01-13,71.08606177612984,71.39462611312574,70.59672252569149,71.32281494140625,30730000
2020-01-14,71.3213249618821,71.45158567917265,70.71558541955466,70.85526275634766,26076000
2020-01-15,70.97562225633712,71.35996547159147,70.9082624349284,71.28170776367188,21550000
2020-01-16,71.59125490803231,71.85128510444423,71.32132441350373,71.82453918457031,26080000
2020-01-17,72.43769786322783,73.3297071376885,72.14102145826104,73.27869415283203,52424000
2020-01-21,73.25295083550218,73.79182942757238,72.8175946118009,73.41392517089844,48930000
2020-01-22,73.78440092570987,74.32178314028666,73.43423262021948,73.49415588378906,28458000
2020-01-23,73.67642456191712,73.97112094934903,73.31832847211646,73.5347671508789,26650000
2020-01-24,73.93743690849286,74.00578676014383,72.4694039216118,72.61750030517578,29786000
2020-01-27,70.90231121444117,71.15193474800631,70.30598077122315,70.9117202758789,34132000
2020-01-28,71.40750994470905,72.05435468204043,70.84387306528185,71.84138488769531,29724000
2020-01-29,72.23563600432138,72.51696323741636,71.58829996266252,72.14846801757812,21566000
2020-01-30,71.2272160824604,72.07663139998583,71.07367833497524,72.02710723876953,27110000
2020-01-31,72.70119445661328,72.79084128159816,70.68042261440853,70.96372985839844,43822000
2020-02-03,72.39361708344823,73.61450521558089,72.1439935373326,73.43124389648438,71636000
2020-02-04,72.03900213330179,72.67544019107511,70.43129942671113,71.58927917480469,95880000
2020-02-05,72.49068626275275,72.5387291551903,70.81018261463366,71.62096405029297,36376000
2020-02-06,71.91468773089143,73.37975068632419,71.84039769678412,73.1028823852539,37822000
2020-02-07,72.67790985909912,73.56249010126338,72.5798440118555,73.25838470458984,28360000
2020-02-10,73.16528741089394,74.73286749079695,73.06474269563836,74.72196960449219,38302000
2020-02-11,74.95029988809617,75.77297698245958,74.56298657133796,74.79131317138672,34852000
2020-02-12,75.07858365936065,75.29849123523586,74.72247516478234,75.21578216552734,31042000
2020-02-13,74.78834088363026,75.57832429425112,74.49116564520651,74.95624542236328,22914000
2020-02-14,75.0126911554199,75.28609050192331,74.56791842376306,75.22071075439453,23198000
2020-02-18,75.00330384086945,75.80665649346167,74.83836937967816,75.25589752197266,25642000
2020-02-19,75.640228763457,75.81556229042059,75.33216322209424,75.52482604980469,22746000
2020-02-20,75.23458265033227,75.63378380673352,74.50403138410452,75.13453674316406,25962000
2020-02-21,74.51989240290945,74.83539453422384,73.2276917437357,73.47384643554688,42520000
2020-02-24,70.48182635494346,71.1420479213397,69.67649359009972,70.3238296508789,49560000
2020-02-25,70.87557947889884,71.1653181693282,68.37041825916344,68.66263580322266,51580000
2020-02-26,69.0915481294338,70.0172411870808,68.17873301777479,68.86817169189453,49776000
2020-02-27,67.31645401583292,67.82461908208501,65.09261213748458,65.12777709960938,62290000
2020-02-28,63.11491136369297,66.48979435203007,62.81278602113191,66.33130645751953,80198000
2020-03-02,66.93260002156951,68.71958897686436,65.63544161250786,68.66263580322266,55430000
2020-03-03,69.22528109605555,69.74582523148922,65.83553196684268,66.25553894042969,56602000
2020-03-04,67.30752234405442,68.48729788958772,66.21987248090595,68.4288558959961,47598000
2020-03-05,66.64334092241998,67.04353972444319,64.46853998461333,65.11835479736328,54380000
2020-03-06,62.898976532107014,64.52351357609537,62.26797984013897,64.17632293701172,64640000
2020-03-09,59.680103417131555,62.046089626823395,59.33736414820625,60.21649932861328,69252000
2020-03-10,62.12830858804805,63.19119257438766,60.15310073180695,63.15751266479492,54872000
2020-03-11,61.825195353351596,62.254112587999046,58.995618063094234,59.97430419921875,54732000
2020-03-12,55.60190700027021,58.877239257863174,54.90107547594972,55.05362319946289,94326000
2020-03-13,58.19572453085053,60.1476514358914,55.09027308239977,60.141212463378906,79400000
2020-03-16,53.96696417976584,56.733636538754325,52.85108342429565,53.14429473876953,96520000
2020-03-17,54.01798135684941,55.7693139034493,51.960559548221276,55.37605667114258,83194000
2020-03-18,52.497451376816,54.72871792879037,51.36125986645297,54.045223236083984,93044000
2020-03-19,53.89812168289887,57.08727618463089,52.28001988640102,55.0595703125,74064000
2020-03-20,56.01200383327532,56.387432973532285,52.604430705586964,52.90705108642578,82878000
2020-03-23,52.3206338995169,52.84266682638915,49.968020624039184,52.20969009399414,83672000
2020-03-24,54.678691809280416,56.13235784627542,53.80946076497001,55.96792221069336,72468000
2020-03-25,55.69898345564313,56.76830635581519,53.64007662230573,54.561805725097656,90324000
2020-03-26,55.210636119800014,58.02188655429654,54.08683123419366,57.59791946411133,76562000
2020-03-27,55.842123904598736,57.01001149074951,54.679685261396536,54.9897346496582,62794000
2020-03-30,56.098186132299865,57.00753232896718,54.406780592106486,56.77524185180664,58736000
2020-03-31,56.89510085591972,58.11697145742104,56.30025920761127,57.549869537353516,65228000
2020-04-01,55.67025474930783,55.938700189441114,54.15913300334786,54.585575103759766,51970000
2020-04-02,54.48157130703519,55.60934004470026,54.14131088320753,55.32504653930664,56410000
2020-04-03,55.210139089344835,55.41221477032094,53.24731792183612,54.12001037597656,51374000
2020-04-06,56.11602340118259,58.97630304732489,55.719792255866984,58.60186767578125,63320000
2020-04-07,60.276923253676514,60.463649693009586,58.307663109045976,58.57065963745117,61620000
2020-04-08,59.58798154849749,60.17242039679678,58.63950642975912,59.78114318847656,40334000
2020-04-09,60.33487166294358,60.5235743759765,59.059010366258434,59.75984191894531,54028000
2020-04-13,59.50873115752453,60.15359577018456,58.55926611146684,59.95003128051758,38702000
2020-04-14,61.41410381655945,63.18623839971038,60.84798810738659,62.665199279785156,63358000
2020-04-15,61.738018399284236,63.15453947749883,61.118414653636655,62.27243423461914,42236000
2020-04-16,62.75979362501559,63.067862946627,61.32643447758855,62.27886962890625,57896000
2020-04-17,63.4809319389817,63.89202104328957,62.70333152394552,63.347206115722656,51050000
2020-04-20,62.89600062078531,63.239234907850815,62.229838995215836,62.46311950683594,35292000
2020-04-21,61.54981854291117,61.91088095662494,59.68208924218644,60.03671646118164,49648000
2020-04-22,61.47056726058051,63.390794489581054,61.27691061047198,62.327415466308594,46296000
2020-04-23,62.69045588241704,63.800396504836506,62.43241328855193,62.95939636230469,34202000
2020-04-24,62.1585184165666,63.283317036081904,61.613703473045874,63.22834014892578,37402000
2020-04-27,63.99107812534568,64.09509171939635,62.65677484233892,62.94404220581055,44186000
2020-04-28,63.55523388415956,63.632494003689644,60.93912522068392,61.048583984375,80700000
2020-04-29,66.61610258783683,67.36646210279096,65.7112152796946,66.47643280029297,108358000
2020-04-30,65.9405335276777,66.8637477476375,65.45217671663976,66.70030212402344,55842000
2020-05-01,65.58045798829897,66.93457706750878,64.86576219710645,65.24514770507812,48872000
2020-05-04,64.78998106117524,65.59928136149354,64.18969042697206,65.52151489257812,30806000
2020-05-05,66.24464889864049,67.90435492472467,66.12231594881456,66.81521606445312,39666000
2020-05-06,67.25998309338922,67.78944507226947,66.62254738856387,66.63740539550781,31732000
2020-05-07,67.42391462370928,68.15149590002073,66.98954845815923,67.81865692138672,30652000
2020-05-08,68.4397405474597,69.17375310247706,67.95386268848951,68.5645523071289,33326000
2020-05-11,68.1906095115692,70.1093475675794,68.126718586014,69.51797485351562,32718000
2020-05-12,69.74731441852666,70.04993105053738,68.07770072347968,68.11088562011719,33918000
2020-05-13,68.15941483401798,68.61359670354787,65.7746067068007,66.7810287475586,40368000
2020-05-14,66.0475144238828,67.22877119677766,65.54132953853221,67.2035140991211,36660000
2020-05-15,66.77758001041008,68.08116996405015,66.31893914127822,68.00588989257812,41544000
2020-05-18,67.43728547588707,68.98158837081048,67.07176042797272,68.60616302490234,47094000
2020-05-19,68.62102154900354,68.96821215456,68.04054666803748,68.0722427368164,31586000
2020-05-20,68.80330245528735,69.93602531425306,68.71712449570084,69.79387664794922,38262000
2020-05-21,69.88449154996997,70.15541205544969,69.06231341475633,69.67449188232422,30894000
2020-05-22,69.53334027151953,70.18216501966805,69.13958802109688,69.99594116210938,28544000
2020-05-26,71.41840412552945,71.57442074037448,70.30103828130237,70.39860534667969,44590000
2020-05-27,70.3307594037654,70.59573978291996,69.0727336523979,70.3446273803711,31684000
2020-05-28,69.34018521335773,71.54223095770017,69.2946211638657,70.24359130859375,35170000
2020-05-29,70.35204797281085,71.1593681667158,70.13164919711579,71.00038146972656,37044000
2020-06-01,70.61307875474463,71.39959332503963,70.44368538311765,71.06725311279297,25162000
2020-06-02,71.07368902861234,71.46992016535502,70.41049745634162,71.43574523925781,23442000
2020-06-03,71.45504665150752,71.76757106817956,70.90626789320162,71.28417205810547,27732000
2020-06-04,71.16182928035252,71.38669449427832,69.63783352015248,70.04842376708984,26982000
2020-06-05,70.11481505470705,71.63336989632586,69.71759386528423,71.32232666015625,42642000
2020-06-08,70.64179390519453,71.76707993120938,70.55263831946147,71.71953582763672,33878000
2020-06-09,71.58085276794318,72.69821850375527,71.4382053488639,71.91962432861328,33624000
2020-06-10,72.38669630726893,72.9443854607301,72.03256788922275,72.54469299316406,31762000
2020-06-11,71.37233549620176,71.8958572006623,69.26142572948949,69.43428039550781,47144000
2020-06-12,70.6209918779244,71.04941785617385,68.63687377649948,69.98009490966797,36676000
2020-06-15,68.8196368559929,70.578398478052,68.70621419670628,70.3674087524414,30468000
2020-06-16,71.76708769172896,72.17173786067906,70.77602239457322,71.64178466796875,30648000
2020-06-17,71.96222904130842,72.42086224181243,71.08012003490119,71.94241333007812,30610000
2020-06-18,71.80919884322785,71.96372666153596,70.63982221806852,71.03011322021484,34862000
2020-06-19,71.32133607368311,71.54421373741724,70.28123023294962,70.56057739257812,52784000
2020-06-22,70.57889184321455,71.86366333812911,70.290634464632,71.84929656982422,29442000
2020-06-23,71.91566513317868,73.06473450881036,71.5689657724206,72.50901794433594,37752000
2020-06-24,72.47437275944428,73.09397287534749,70.82605582733531,70.95978546142578,31592000
2020-06-25,70.88646190291774,71.43623076630921,70.30796705904994,71.37580871582031,23958000
2020-06-26,70.95630864483473,71.17373736157167,67.11139504691282,67.4848403930664,97640000
2020-06-29,67.37586340209062,69.24111726400062,66.94545740923932,69.20000457763672,45074000
2020-06-30,69.18565181426072,70.52886537426323,68.69283611298857,70.23416900634766,40286000
2020-07-01,70.28964468450181,71.74133067420031,70.04249243539927,71.42037963867188,42182000
2020-07-02,71.90774911883543,73.7244614334021,71.86960651880207,72.80371856689453,57218000
2020-07-06,73.70612647763592,74.78832722194896,73.15288879441368,74.27570343017578,44712000
2020-07-07,74.1013823199443,75.34900896864144,73.78291009668904,73.79380798339844,42364000
2020-07-08,74.33267948704277,74.84629341453271,73.91168248222009,74.47135925292969,31766000
2020-07-09,74.78487612661692,75.73632515529542,74.07463920841407,75.2172622680664,41836000
2020-07-10,74.94930499270149,76.34056904013117,74.32871496647132,76.22516632080078,35918000
2020-07-13,76.76652158625085,78.07506910760813,74.6179676630631,74.89879608154297,42954000
2020-07-14,73.93594373114567,75.42229581077112,73.59617458746148,75.32621002197266,38108000
2020-07-15,75.44360151241705,76.09242627991783,74.18557584472208,75.12909698486328,31026000
2020-07-16,74.36733265182488,75.0810458639117,73.71206898316635,75.03201293945312,26484000
2020-07-17,75.13057934258785,75.45351046496295,74.19894610484987,75.12760925292969,34264000
2020-07-20,75.03597325028477,77.71101856250989,74.42677241523799,77.4549560546875,30166000
2020-07-21,78.50448425057768,78.60453017649657,76.89925273502017,77.06269836425781,27486000
2020-07-22,77.05228139257757,77.61046921006437,76.43416276919481,77.50497436523438,24482000
2020-07-23,77.55848677338363,77.77740431624677,74.71850645345809,75.12266540527344,33910000
2020-07-24,74.25293122887126,75.05727377046667,73.67839652345768,74.69967651367188,29902000
2020-07-27,74.9498128375825,76.15335678507493,74.9037499915274,75.75068664550781,27124000
2020-07-28,75.53126618262182,75.58128914093209,74.31880459512638,74.47383117675781,30910000
2020-07-29,74.54068341099557,75.94382760403128,74.44211877202297,75.45745849609375,22676000
2020-07-30,74.19250254822516,76.3182779617759,74.05382279794463,76.19346618652344,36042000
2020-07-31,74.14694100972764,74.54168329645547,72.01472655151453,73.69622802734375,91468000
2020-08-03,73.84728983771697,74.1806124648211,72.89237209086029,73.43917083740234,45482000
2020-08-04,73.63483141657586,73.95181485988103,72.51151760785677,72.97064971923828,37212000
2020-08-05,73.1449678287447,73.79775261715127,72.8676007994853,73.25739288330078,29134000
2020-08-06,73.11178671394394,74.60358776024441,72.90128824619615,74.5382080078125,33306000
2020-08-07,74.74080566354596,75.28809577595516,73.61303298151861,74.21233367919922,27718000
2020-08-10,73.83739380117632,74.64718540153339,73.17816232869778,74.13555908203125,20546000
2020-08-11,73.99587650416217,74.81013451807152,73.21283088279655,73.3292236328125,31098000
2020-08-12,73.65512760591216,74.87105817178005,73.55012397437174,74.65164184570312,22512000
2020-08-13,74.69968693523121,76.12413598226395,74.69968693523121,75.11770629882812,22388000
2020-08-14,74.96712697353622,75.27322000281566,74.24351343920587,74.5223617553711,21942000
2020-08-17,75.08403529599272,75.4708574063542,74.54070531044609,75.09740447998047,19990000
2020-08-18,75.58674029245068,77.13451218568095,75.36634150474427,77.0557632446289,28378000
2020-08-19,76.89280870825378,77.70359782783095,76.27419874587514,76.50252532958984,30472000
2020-08-20,76.27271391493235,78.26376989472163,75.99981330029155,78.06961822509766,26382000
2020-08-21,77.84922707600762,78.8437690089949,77.37920461015902,78.03595733642578,34838000
2020-08-24,78.87296919170576,79.68078824721263,78.00968578922196,78.51042175292969,25638000
2020-08-25,78.26029732922122,79.68573629924437,78.15034355310362,79.5356674194336,25150000
2020-08-26,79.55795223867145,81.86054250084388,79.2944607066863,81.4316177368164,52188000
2020-08-27,81.55443950042795,81.62278933907385,80.17754243022719,80.6584701538086,31350000
2020-08-28,80.70553028997895,81.29392541571589,80.51434873048748,81.1988296508789,22418000
2020-08-31,81.40387486268835,81.44993769793462,80.50047648092746,80.70849609375,26422000
2020-09-01,80.83877443437977,82.1790180741073,80.70851369583042,81.97396850585938,22652000
2020-09-02,82.61436027263139,85.49148515532607,82.22704700647303,85.06008911132812,49522000
2020-09-03,84.17502796518045,84.19880380071199,79.62779739378053,80.70752716064453,63726000
2020-09-04,79.69166780285563,80.9789181114478,76.17364614376099,78.31526947021484,55850000
2020-09-08,75.53126156414605,77.0443596026443,75.11026462423943,75.46192169189453,54032000
2020-09-09,76.71501039797505,77.20137961783531,75.53969369145184,76.6323013305664,39242000
2020-09-10,76.77839946695076,77.94132930171978,75.28362070611884,75.58326721191406,33024000
2020-09-11,75.68728345893592,76.20980761182184,73.94734000116009,75.07362365722656,30706000
2020-09-14,75.8606363352639,77.11619079842107,74.5461486392724,74.73039245605469,42660000
2020-09-15,75.67441267924397,76.81852453848204,75.38764408134462,76.03250122070312,23042000
2020-09-16,76.39703128180564,76.9859252393696,74.8670874705173,74.89185333251953,22128000
2020-09-17,73.59023272087275,74.22667831338956,72.43374183764101,73.65115356445312,40008000
2020-09-18,73.71355704645491,74.05530624823568,70.90627100056638,71.87059020996094,63056000
2020-09-21,70.90627729054565,71.32429660778882,69.47291813290063,70.83297729492188,56908000
2020-09-22,71.83245741394207,72.50852683672834,70.80126959787968,72.302978515625,33950000
2020-09-23,71.920137538185,71.96917047278085,69.47292704954707,69.80525970458984,37726000
2020-09-24,69.47292020222153,71.22177395957205,69.44666551695688,70.47240447998047,34552000
2020-09-25,70.58087508582601,71.61552428977885,69.7205618241158,71.27477264404297,30326000
2020-09-28,72.90574288836345,72.95526704656368,71.63236062258702,72.24552154541016,30784000
2020-09-29,72.50555682209631,72.90623925828599,72.01472121563792,72.61006164550781,31816000
2020-09-30,72.3584584734925,73.6095539606257,72.10190469623866,72.58926391601562,40924000
2020-10-01,73.4837487839476,74.04887444818279,73.14397960876425,73.6937484741211,32884000
2020-10-02,72.29357184396041,73.25442978973021,71.68536100740494,72.0939712524414,31222000
2020-10-05,72.44315041789427,73.53525912459374,72.31635858239636,73.44264221191406,21602000
2020-10-06,73.07960341613679,73.52634875390599,71.5694752438616,71.86714172363281,26096000
2020-10-07,72.27771376978185,72.7561626165751,70.98600466514723,72.26929473876953,36108000
2020-10-08,72.58183064483968,73.70018648557594,72.58183064483968,73.47235870361328,26076000
2020-10-09,73.9394120156013,74.87996304586832,73.649174562375,74.81062316894531,32966000
2020-10-12,76.17514472081848,78.67237799092965,75.74423987697185,77.49211120605469,55344000
2020-10-13,78.10726139497713,78.51092153094577,77.19692510953374,77.61494445800781,39072000
2020-10-14,77.98790436626692,78.44603885415056,76.56642535452913,77.4351577758789,33174000
2020-10-15,76.49707537584324,77.82939861046535,76.33016843374361,77.0404052734375,31210000
2020-10-16,77.35540481727263,78.14191926255268,77.14887401848515,77.6461410522461,34194000
2020-10-19,78.05376915654217,78.45000028741373,75.42825518046858,75.77643585205078,29734000
2020-10-20,75.43764391745606,77.95023334697217,75.30837325298751,76.82295989990234,41670000
2020-10-21,77.75262483298744,79.99578295320819,77.61840399961719,78.55201721191406,60322000
2020-10-22,78.50299093291768,79.910594254677,78.1305356462578,79.5757827758789,30512000
2020-10-23,79.99133758225913,80.93584883968592,79.83581218825395,80.87938690185547,30548000
2020-10-26,79.98885284156889,80.71097762065797,77.65010749864534,78.46782684326172,35826000
2020-10-27,78.69764440121118,79.34498037508608,78.10627156885218,79.1904525756836,25902000
2020-10-28,76.76997998371426,76.95818389528775,74.7130532352557,74.82795715332031,45174000
2020-10-29,75.136034380202,78.68823166957667,75.11275733977158,77.1102523803711,55406000
2020-10-30,82.58612891076312,83.27358743993122,79.32367098650236,80.04381561279297,99878000
2020-11-02,80.4118285038059,82.13047501915948,79.9512076583537,80.4504623413086,44228000
2020-11-03,80.76942013279667,82.16810552168376,79.84570721056207,81.50739288330078,31432000
2020-11-04,84.47516357940994,87.66729207687226,84.34738170376455,86.46968841552734,71342000
2020-11-05,87.68809433651573,88.74652704869179,86.23095917906215,87.29434204101562,39758000
2020-11-06,86.74159460999942,87.59150879312968,86.0155021766149,87.15714263916016,28622000
2020-11-09,88.95256884652888,89.9882082229578,87.04917952883265,87.24085235595703,53440000
2020-11-10,85.67326433218005,87.13980845567484,84.9971948371196,86.0670166015625,43022000
2020-11-11,86.59598336328685,87.31414805235568,86.33150177954062,86.53804016113281,31838000
2020-11-12,86.27899669762176,87.41716831631348,86.0793960905829,86.31961059570312,26474000
2020-11-13,86.57617665118782,88.01894502668213,85.98084368097635,87.77774047851562,29744000
2020-11-16,87.37556415004508,88.87133305076017,87.23638559682094,87.86540222167969,25468000
2020-11-17,87.55980685012722,88.0194376680563,87.14525640032842,87.25273132324219,21314000
2020-11-18,87.00408627726843,87.41814543608226,86.10909938555183,86.21162414550781,20108000
2020-11-19,85.84463006966791,87.34336905613068,85.68564336156041,87.09968566894531,20106000
2020-11-20,87.26956435847775,87.58456766371387,85.932291024066,86.00064086914062,27694000
2020-11-23,86.19082584097018,86.47660435103,84.70298495464554,85.56378936767578,22530000
2020-11-24,85.56083351103102,87.49145985432511,85.22552322797475,87.36367797851562,27984000
2020-11-25,87.55732468549407,87.68460774765728,86.59398794592515,87.37505340576172,19600000
2020-11-27,87.39537563730384,89.00357723053922,87.39537563730384,88.50878143310547,14790000
2020-11-30,87.94563517843181,88.17792187358639,86.56823916359279,86.89315032958984,32418000
2020-12-01,87.50038072004872,90.22742954015868,87.32058825901903,88.9218521118164,37350000
2020-12-02,88.92183798553233,90.77322391875234,88.41714196062208,90.38838195800781,29424000
2020-12-03,90.16898581671288,91.32250671536013,89.99365227253425,90.2333755493164,24728000
2020-12-04,90.15312716981667,90.61275039832083,89.8247471296678,90.32846069335938,20544000
2020-12-07,89.92183251709534,90.60236094268264,89.30223249741923,89.9951400756836,22288000
2020-12-08,89.57365096270438,89.94263737562288,88.7197766206352,89.71282196044922,19936000
2020-12-09,89.66477459900621,90.55679149923866,87.26956740577334,88.05509185791016,31728000
2020-12-10,87.29928560071609,87.91294541969803,85.85948741239226,87.54940795898438,28688000
2020-12-11,87.17051886332163,88.02786211840036,86.81094150082778,87.9035415649414,18628000
2020-12-14,87.70147444537834,88.6464769678799,86.63214380514295,86.78717041015625,33050000
2020-12-15,87.16356179371958,87.36861130797348,86.26264230585679,87.22399139404297,21352000
2020-12-16,87.62172437675173,87.62172437675173,86.62867898839477,87.03134155273438,24676000
2020-12-17,87.36515988539692,87.50284960689325,85.74160920753897,86.20519256591797,34880000
2020-12-18,86.48553930809959,86.5940042678722,84.94172742665378,85.4974365234375,85256000
2020-12-21,84.6509850821295,86.03135123435776,83.90161560192239,85.9104995727539,33974000
2020-12-22,85.65146820811077,85.8139237991341,84.48506941057786,85.20026397705078,20370000
2020-12-23,85.3840226897172,86.38350705490792,85.24880424704386,85.59699249267578,22974000
2020-12-24,85.63512996567437,86.29931160845061,85.40482329572349,85.89070129394531,9312000
2020-12-28,86.42311521018222,88.50777783386496,86.27007625611239,87.86192321777344,27650000
2020-12-29,88.51916094852194,88.5805730151991,86.92829670293045,87.0595474243164,19726000
2020-12-30,87.41814396791617,87.55484364556163,85.58558382116101,85.99419403076172,21026000
2020-12-31,86.04472710858418,87.0466902305064,85.98627755937241,86.80598449707031,21070000
2021-01-04,87.17052259447759,87.29384556579528,84.55243743129638,85.49298858642578,37324000
2021-01-05,85.44147592983045,86.51822799258747,85.03583571072942,86.18242645263672,20360000
2021-01-06,84.21167237373766,86.3765730528506,84.00563278952406,85.3320083618164,46588000
2021-01-07,85.52417916422668,88.05311608596125,85.52417916422668,87.8807601928711,41936000
2021-01-08,88.02041542542011,89.11995303561302,87.23092338851859,89.04417419433594,35484000
2021-01-11,88.01348430677218,88.3780193307126,86.78121460098683,86.98675537109375,34796000
2021-01-12,86.44540502976464,87.56178078053122,85.01006585841895,86.05264282226562,29528000
2021-01-13,85.55191167589342,86.99171739787953,85.55191167589342,86.53902435302734,23432000
2021-01-14,86.6192485496251,87.54445028738424,85.48999486924536,85.73020935058594,29212000
2021-01-15,85.63611234109513,86.55734649603514,84.7787766806219,85.5667724609375,31444000
2021-01-19,86.32852762712288,89.3418536240995,85.82482158279993,88.38248443603516,41660000
2021-01-20,90.45772770705165,94.09066114332114,90.11796608823943,93.11742401123047,64152000
2021-01-21,93.7900095118923,95.69339072017885,93.08471538163374,93.3194808959961,58634000
2021-01-22,93.6815563337508,94.32196208500488,92.9406058668475,93.73603820800781,32744000
2021-01-25,94.73553969576086,95.18526271154957,92.081790738326,93.82123565673828,50586000
2021-01-26,93.41062600288265,94.8845989856594,92.92227680298997,94.49827575683594,31462000
2021-01-27,92.86184275581725,93.13722217477833,89.01692998143449,90.0897216796875,82512000
2021-01-28,90.68704529227291,93.50968065582508,90.68704529227291,91.78658294677734,55278000
2021-01-29,90.83661330302772,91.50624373582058,89.22891833843664,90.50675201416016,44530000
2021-02-01,91.36014419942674,94.87420605547841,91.36014419942674,93.76129913330078,40252000
2021-02-02,94.75485247351087,96.54976922322557,94.42003341193407,95.05152893066406,66332000
2021-02-03,102.30697827129922,104.33814919011594,99.72850978697359,101.97364807128906,97882000
2021-02-04,102.05982362673574,102.48973084988792,100.7958502900432,101.713623046875,48596000
2021-02-05,102.00733277006397,103.80918723346058,101.53384151160945,103.45703887939453,29866000
2021-02-08,104.01027478733427,104.7532053215295,102.19505117407518,103.24356842041016,28828000
2021-02-09,102.76214943056925,103.93647605054652,102.52441377558988,102.79137420654297,21892000
2021-02-10,103.17521915125829,103.95480346885013,101.64478405598078,103.34064483642578,25102000
2021-02-11,103.56451419165847,103.71309424491231,102.46794654227034,103.45307159423828,20480000
2021-02-12,103.00831351490027,103.98551083851382,102.70123041602794,103.76412200927734,18990000
2021-02-16,103.60166638542798,106.24600608515004,103.60166638542798,104.54023742675781,31004000
2021-02-17,103.71211324161287,105.12170427033345,103.43327244191914,104.93250274658203,20294000
2021-02-18,104.25790430962748,105.0993993877626,103.67990074352853,104.29801940917969,22546000
2021-02-19,104.39609920802339,104.93051126685963,103.18957781103883,103.45603942871094,37938000
2021-02-22,101.71214116930174,103.03604540908852,101.43478165155308,101.74482727050781,29466000
2021-02-23,99.75032491964575,102.64824863371425,98.57351929594816,102.03507995605469,34658000
2021-02-24,100.54523930328276,103.43177333989358,100.4209263192636,103.2083969116211,22608000
2021-02-25,101.82754730737786,103.16828965771158,99.37884811495125,99.8473892211914,41548000
2021-02-26,100.54078166491652,101.85675806887475,99.10742248436003,100.14257049560547,40042000
2021-03-01,101.43478411249855,102.83297841507579,100.76218348689981,102.50757598876953,26060000
2021-03-02,102.26883517462322,103.74974598869453,101.86419259805125,102.25100708007812,25564000
2021-03-03,101.63042204585955,102.82108791133213,98.76022716099328,99.62252807617188,33892000
2021-03-04,99.79388752346941,102.75174142926133,99.32633649330769,100.73790740966797,49216000
2021-03-05,102.08608191964105,104.31734469793713,100.43330643253846,103.86515045166016,53100000
2021-03-08,103.22077571333456,104.69078098229744,99.31444321918345,99.4288558959961,36868000
2021-03-09,101.52146100220388,102.22327884740525,100.82062562943396,101.05638122558594,33920000
2021-03-10,102.09845476210063,102.09845476210063,100.01478213556005,100.84983825683594,27100000
2021-03-11,101.94097333588161,104.56846748398614,101.85330656149335,104.03702545166016,27702000
2021-03-12,102.84189255369952,102.90132457610481,100.66312398359679,101.5338363647461,33818000
2021-03-15,101.28520493789203,101.78098319105705,100.43380945781465,101.75374603271484,26168000
2021-03-16,102.32579625344081,104.6878185156379,101.99395487739476,103.21236419677734,31900000
2021-03-17,102.44862669920484,103.96073477582843,101.24260410401793,103.12964630126953,26382000
2021-03-18,101.443679570022,102.46248821624792,100.0073504319158,100.11433410644531,31700000
2021-03-19,100.52989105422479,100.8919396815701,99.2025179744217,100.39269256591797,46072000
2021-03-22,100.42587303185131,101.45161193261225,99.7507936209147,100.57743072509766,33536000
2021-03-23,101.03605842357481,102.23267186995687,100.44419445127932,101.10440826416016,28510000
2021-03-24,101.62100287036363,102.40553729619415,100.49372917581998,100.66857147216797,25218000
2021-03-25,100.49619792553659,101.31787728222385,98.86372953953217,100.66509246826172,35616000
2021-03-26,100.63191127672391,101.00832665164488,99.24807634446482,100.28224182128906,27978000
2021-03-29,100.15495848510993,101.49471073771208,99.32733130172416,101.3253173828125,26492000
2021-03-30,101.68144879053423,102.16137906796699,100.84788130171462,101.35901641845703,27312000
2021-03-31,101.75177458438098,103.32976145142939,101.38525944012075,102.15394592285156,42570000
2021-04-01,103.62642203995777,105.78091588149488,103.58580814459323,105.4852294921875,39880000
2021-04-05,106.34553569379673,110.39896693567029,106.24944990454243,109.90219116210938,48510000
2021-04-06,109.50398600807345,110.349940034583,109.05179177903032,109.42176818847656,35240000
2021-04-07,109.61196749203187,111.167168408484,109.61196749203187,110.89624786376953,24134000
2021-04-08,112.13297061526548,112.51880262359724,111.09336371525733,111.46086883544922,28664000
2021-04-09,111.21372651622714,112.6267787456698,110.8085775812512,112.46333312988281,26146000
2021-04-12,111.64363975188911,111.7808306901955,110.34103246237824,111.1731185913086,25024000
2021-04-13,111.4886131187785,112.10673186768861,111.09535207856177,111.65898895263672,25682000
2021-04-14,112.30286043860204,112.30286043860204,110.74716829600973,111.03888702392578,21002000
2021-04-15,112.0314508484042,113.71790254287018,111.49752999108566,113.18546295166016,29174000
2021-04-16,113.38307252092578,113.63071600635348,112.47570642755969,113.06163024902344,26282000
2021-04-19,112.43907566000101,114.11858965584351,112.43907566000101,113.40884399414062,30290000
2021-04-20,113.79168250896858,113.86647132508118,111.79221529986594,112.87639617919922,22288000
2021-04-21,112.53167103048607,112.92542324411082,111.18300111469934,112.84370422363281,23204000
2021-04-22,112.69759831173724,113.36524874098734,110.96013372841314,111.56438446044922,24146000
2021-04-23,112.28156447737894,114.21912854433809,111.99677595604035,113.91254425048828,29066000
2021-04-26,114.13987122202711,115.13094395972442,113.78326399756901,114.40782165527344,32038000
2021-04-27,114.78918994000907,114.82980383277608,113.23052033225761,113.46925354003906,44386000
2021-04-28,118.49740617928417,120.42308213784266,116.55192206744951,116.84017944335938,81106000
2021-04-29,118.33545731512626,119.07491892786257,117.57370113692855,118.51029205322266,41234000
2021-04-30,117.28495055091922,117.96993028023607,116.22206660710967,116.5657958984375,44856000
2021-05-03,117.13090865873527,117.95506689646918,115.67427253194188,116.04969787597656,28242000
2021-05-04,114.58712677663047,115.15373373881623,111.77043123786963,114.2542953491211,44818000
2021-05-05,115.3340133897962,115.64950792603096,114.32610258829462,114.64754486083984,26636000
2021-05-06,114.22953959049208,115.76592254638672,113.57130568027601,115.76592254638672,25190000
2021-05-07,117.08039985339984,117.44492732898748,116.2022509428102,116.48802947998047,28898000
2021-05-10,115.30973835851137,115.45139575242439,113.1502868665926,113.50739288330078,30914000
2021-05-11,111.09633857454644,112.9392979571263,110.64314676150782,112.43311309814453,34186000
2021-05-12,110.26029638420344,111.3395271618132,108.64714477876392,108.97551727294922,46376000
2021-05-13,110.25682362636597,110.91654623856549,109.29596568750367,110.40145111083984,33204000
2021-05-14,111.86254580663034,113.1592052262054,111.4395687974577,112.8451919555664,31996000
2021-05-17,112.11167889410602,113.40982723364519,111.71247768556474,113.36723327636719,21598000
2021-05-18,114.03239767436695,114.2963879915566,112.04332196648303,112.05718994140625,22204000
2021-05-19,110.371250830798,112.67730263002257,110.2231620012445,112.50444793701172,23684000
2021-05-20,113.47026285067193,114.51036109068447,113.09978760399687,114.26024627685547,32352000
2021-05-21,114.77829654764197,114.85160409793224,113.3860425755212,113.6252670288086,40632000
2021-05-24,114.65349484020088,117.1626160124388,114.50837610780434,116.93924713134766,31832000
2021-05-25,117.48207860252175,118.07642150981503,116.6400921873996,117.0298843383789,22440000
2021-05-26,117.21066943474094,118.32358405045899,117.20769934480492,117.8936767578125,21572000
2021-05-27,118.32654591291701,118.32654591291701,116.70250387182054,117.02047729492188,35224000
2021-05-28,117.60194113813802,117.68366017105659,116.53360818591379,116.73171997070312,21482000
2021-06-01,117.60292325646189,118.16111114569608,116.60442148804488,117.9367446899414,23354000
2021-06-02,118.33148554300686,118.55387193641818,116.50932431972745,117.41223907470703,21158000
2021-06-03,116.18095612229426,116.74013405527799,115.37809480951424,116.2725830078125,18696000
2021-06-04,117.3468636312085,118.82083671055345,117.0070944528498,118.55040740966797,24458000
2021-06-07,118.34586644914862,119.09226589169023,117.92784709001755,118.98280334472656,24120000
2021-06-08,119.46371239236086,119.83566884962734,118.61032939059169,118.7916030883789,24240000
2021-06-09,119.43499304217214,119.50680421418785,118.71533959615813,119.26213836669922,17942000
2021-06-10,119.21161391319085,120.65191080241577,119.05609609965173,120.60881805419922,25904000
2021-06-11,120.8500260476855,120.93521395927317,119.8079402818054,120.3646469116211,21958000
2021-06-14,120.46667894424607,121.29182729577786,119.76040219746265,121.29133605957031,22098000
2021-06-15,121.29579046273996,121.61822280252001,119.91493300608863,120.27500915527344,21562000
2021-06-16,120.4260576459567,120.73710083598742,118.34387375463972,119.63409423828125,26472000
2021-06-17,119.55979407693377,121.3675884012653,119.36415361777318,120.59593200683594,25842000
2021-06-18,120.22300147180918,120.45677701574954,118.88374791198228,118.97884368896484,46116000
2021-06-21,119.36466184351545,120.85002400068946,118.76833135754313,120.66429138183594,27414000
2021-06-22,120.60238036078476,121.2462549501822,119.92284958263916,121.17740631103516,22390000
2021-06-23,120.94266043859656,121.93521462571331,120.68610663691496,120.97584533691406,19148000
2021-06-24,121.54342580129659,121.8955741299516,121.14720225046123,121.3453140258789,21362000
2021-06-25,120.85003843079785,121.47707503129004,120.41914112199983,121.35374450683594,34594000
2021-06-28,121.52213249976508,121.62763492093326,120.2611367274445,121.3809814453125,28526000
2021-06-29,121.51421567121058,121.86141387084696,120.5439485707923,121.11996459960938,23108000
2021-06-30,120.84456919524074,121.10459938350833,120.21060249157534,120.93867492675781,24474000
2021-07-01,120.57762097148523,121.43149529232761,120.38594816360798,121.29034423828125,18110000
2021-07-02,121.98919501918171,124.22194673760366,121.89954818912742,124.07682800292969,25982000
2021-07-06,124.46414956659517,125.23630492668799,123.40819569144226,125.00054931640625,26404000
2021-07-07,125.96337112785648,126.08421522849032,124.96387932066273,125.28185272216797,24060000
2021-07-08,122.85693903291997,124.41164120732356,122.85297891324397,123.86534118652344,23790000
2021-07-09,123.84651726271859,124.54932511010205,123.37747738496,124.33536529541016,18632000
2021-07-12,124.98865731582708,125.87175646367176,124.42700048388281,125.77864074707031,17668000
2021-07-13,125.84103662468263,126.85042877825639,125.48046925037704,126.14118194580078,19240000
2021-07-14,126.75186691075336,128.10747473295962,126.70877416099604,127.02823638916016,23742000
2021-07-15,127.43634674658666,127.48686093806171,125.33731733775039,125.8078384399414,24218000
2021-07-16,126.45964664733984,126.60674543075577,124.96437663114637,125.77317810058594,20424000
2021-07-19,124.90096699775316,125.01537967268969,122.3408256336738,123.40371704101562,27968000
2021-07-20,124.34427344891768,125.84549123943627,123.17837348032579,125.01985168457031,26312000
2021-07-21,124.94456356694099,126.39327953934199,124.83559982340273,126.34672546386719,20746000
2021-07-22,126.63894259015407,127.27191930760111,126.29719335532684,127.21099090576172,14302000
2021-07-23,129.20105830531395,132.14158302724823,128.5770069637434,131.76119995117188,41506000
2021-07-26,132.07175342893328,132.97168302546814,131.05442593897925,132.77159118652344,30572000
2021-07-27,132.98506156052375,133.13216035210118,128.87764673138182,130.65670776367188,54710000
2021-07-28,135.02711991535966,136.99340991482225,134.00237098890494,134.81117248535156,95130000
2021-07-29,134.86662122183438,135.3728060220959,134.26534822609244,134.4976348876953,31716000
2021-07-30,133.76215245736805,134.02911285341315,132.98950601160692,133.45655822753906,25576000
2021-08-02,133.84338139700745,134.0608100761032,132.5328540287545,133.58335876464844,21634000
2021-08-03,133.8612180697714,134.4525908952914,132.0628400817748,134.3515625,20762000
2021-08-04,134.07370952688117,134.37088477508493,133.2193363564058,133.85182189941406,19676000
2021-08-05,134.40157667568067,135.06477578694478,133.5749394991409,134.96719360351562,17870000
2021-08-06,134.759697122158,135.18613554912025,133.9355386963067,134.45904541015625,20488000
2021-08-09,134.6611252700337,135.89092386932936,134.06379711294062,135.62246704101562,17760000
2021-08-10,136.04741694474782,136.473870441245,135.07913745799993,135.51747131347656,19414000
2021-08-11,135.88843523972923,136.38470472961833,134.98700924033824,134.99444580078125,15352000
2021-08-12,134.69379757446927,136.00582150263867,134.14899393327093,135.90081787109375,16506000
2021-08-13,135.95626786691807,136.55705722549686,135.7413180463397,136.42926025390625,15948000
2021-08-16,136.22867768916447,137.0582924489466,134.02366211168172,137.0057830810547,22384000
2021-08-17,136.45159301082327,136.9622369016226,134.79931600754253,135.37335205078125,21716000
2021-08-18,135.21332923875826,135.8121385014862,134.04594062787078,134.1722412109375,19258000
2021-08-19,133.16830111355839,135.06722357653223,132.98454856339302,134.40106201171875,21782000
2021-08-20,134.71804924843835,136.2574019223177,133.97511882978887,136.1340789794922,31194000
2021-08-23,136.66899066758523,139.54660679094027,136.31040338039173,138.72146606445312,28454000
2021-08-24,139.28609523311977,140.74075898991882,139.01567348257018,139.9299774169922,19268000
2021-08-25,140.29004594584057,140.84922389330168,140.04340002756325,140.73976135253906,15848000
2021-08-26,140.41387655895255,141.07508052854902,140.024575623053,140.1072998046875,20610000
2021-08-27,140.31727039124934,143.15031244371397,140.16323384722205,142.6466064453125,28780000
2021-08-30,143.03888981205867,144.59459715247763,142.80412424090116,143.22760009765625,24434000
2021-08-31,143.77884397500796,143.80310348475496,142.92100957240294,143.3335723876953,22448000
2021-09-01,143.63321113945034,144.87538859578518,143.5178084371662,143.8466796875,21936000
2021-09-02,143.84720429279963,144.1478408560357,141.83534259782863,141.93638610839844,32342000
2021-09-03,141.73182815855947,142.79619338912647,141.05822998053367,142.38461303710938,19850000
2021-09-07,142.4787218019784,143.20233539694476,142.26525322192012,142.92051696777344,20124000
2021-09-08,142.7417043037918,143.038864380301,141.6520669733978,142.3365478515625,18344000
2021-09-09,142.48463414055277,142.95020504745543,141.8278892569439,142.18795776367188,15314000
2021-09-10,142.85316370039908,143.35440605337484,139.41142650897547,139.54812622070312,36840000
2021-09-13,140.61148986566812,141.60256274661324,139.91858982131353,140.9908905029297,22094000
2021-09-14,141.6476195524205,142.01166334811575,140.4138609963223,141.20086669921875,19674000
2021-09-15,141.4257086208245,143.0888828974175,140.0151355030484,143.06808471679688,27408000
2021-09-16,142.59359213278276,142.93980020998077,141.05919733004293,142.2563018798828,26190000
2021-09-17,141.68229870784387,142.09783918596045,139.14593285849304,139.4728240966797,53384000
2021-09-20,136.8592025107944,137.68979986076525,135.03704858862534,137.4119415283203,46518000
2021-09-21,138.4321804845802,138.6917193880923,136.9745546212587,137.72244262695312,25332000
2021-09-22,137.99092214087034,139.55899341584305,137.24551278316375,138.961181640625,25056000
2021-09-23,139.65854119567996,140.36085773026602,139.07806633946038,139.8848876953125,20952000
2021-09-24,139.21378542182566,140.9889014490048,138.91908904507557,140.87448120117188,22984000
2021-09-27,139.4772834307907,140.60059702550436,138.74723086445857,139.7422637939453,21882000
2021-09-28,137.34805144334183,137.785387734539,134.08411157822107,134.5496826171875,45772000
2021-09-29,135.68881987904555,135.85821322958458,132.60319159739623,133.0870819091797,30848000
2021-09-30,132.99596110436238,134.26487713453415,132.2971058010185,132.4159698486328,37996000
2021-10-01,133.1801832786123,135.6199794487268,132.8092168477559,135.2559356689453,35360000
2021-10-04,134.67891789407685,134.67891789407685,129.8147127344606,132.3996124267578,51202000
2021-10-05,132.7775323428591,135.9310269065087,132.7775323428591,134.7408447265625,32404000
2021-10-06,133.47984240404816,136.45156431285815,133.28173063311934,136.268310546875,24364000
2021-10-07,137.58280506274824,138.72197425447405,137.34407938421361,137.9126739501953,25110000
2021-10-08,138.26133433756362,139.00822490974625,137.9052259091704,138.46788024902344,26526000
2021-10-11,137.9790418985693,139.3856551740966,137.55010956888324,137.60459899902344,17954000
2021-10-12,138.1652311954784,138.1919846691248,134.4802954021772,135.16281127929688,36332000
2021-10-13,136.1073590982627,136.69923077213141,135.2321876955181,136.28517150878906,19654000
2021-10-14,138.1593012632748,140.00523062194034,137.51641675537215,139.82049560546875,31894000
2021-10-15,140.27964359990548,140.38216837162227,139.4282481493286,140.03546142578125,30274000
2021-10-18,139.74673571374697,141.4500255958255,139.73979794647713,141.43218994140625,20396000
2021-10-19,142.03591966092392,142.30833656697075,141.2558517419221,141.8868408203125,20164000
2021-10-20,141.9869044494379,142.1929515962264,140.04389134259256,140.4326934814453,23288000
2021-10-21,140.4326672271855,140.81602790844926,139.17563174016504,140.54856872558594,26292000
2021-10-22,137.83836064745896,139.25785180366452,134.77353061581803,136.26979064941406,50588000
2021-10-25,136.25345419885457,136.69920946760487,134.14748690052696,136.15142822265625,34412000
2021-10-26,137.95080257189426,138.7625665768636,137.0008424939082,137.99537658691406,49236000
2021-10-27,138.09097801545303,147.24883052188773,138.09097801545303,144.83926391601562,85782000
2021-10-28,145.74761793016637,145.77089496837942,143.26374634339527,144.47422790527344,36206000
2021-10-29,143.71050193740845,146.84467961742357,143.28604362604932,146.65052795410156,43320000
2021-11-01,146.650526252916,146.650526252916,141.87545343779883,142.14439392089844,46924000
2021-11-02,143.21668904679433,145.22705422331256,142.97498573084604,144.0616455078125,33482000
2021-11-03,144.525266613303,145.286531703057,143.22811564065137,145.21620178222656,27494000
2021-11-04,145.73768752512296,148.32210355915961,144.92888610521643,146.8699188232422,38412000
2021-11-05,147.7634258058656,148.91051523572824,146.80010405976353,147.4489288330078,38354000
2021-11-08,148.41271219123854,149.19527393456775,147.0313563423017,147.62620544433594,23052000
2021-11-09,147.8263354686144,148.422167196909,145.85706777321636,147.51480102539062,19530000
2021-11-10,146.10967406442404,146.67430853463378,143.17510445335165,144.518310546875,29970000
2021-11-11,145.10869397753137,146.144839595857,144.22806618195017,144.3925018310547,16518000
2021-11-12,145.23349148333662,147.4469412284045,144.04034683138687,147.27655029296875,22360000
2021-11-15,147.49694730851232,148.1398318289553,146.18394111280924,147.05267333984375,23508000
2021-11-16,146.7530525035929,147.3602657973772,145.923936479964,146.4821319580078,18904000
2021-11-17,146.63218759828888,147.15917066321168,145.85211965055908,146.65150451660156,19594000
2021-11-18,146.84418530798982,149.16114250750712,146.49055568916586,148.42613220214844,35608000
2021-11-19,148.56182849438522,149.5434998037264,147.49548317893243,147.52272033691406,33682000
2021-11-22,147.92487958481476,148.41718888282895,144.7699041651747,144.92294311523438,30594000
2021-11-23,144.77534199459276,145.2775666927411,142.75655801969017,144.4078369140625,27218000
2021-11-24,144.1022548274951,144.870941178912,143.0121337594424,144.74266052246094,18040000
2021-11-26,142.9878736557524,143.19490326925998,140.5054983534825,140.84278869628906,30470000
2021-11-29,142.64266132158292,144.91850577608645,142.5371588988237,144.1587371826172,32596000
2021-11-30,143.64163495599894,144.6237898271877,140.2667519662039,140.55996704101562,42068000
2021-12-01,142.64264793268592,144.57476289409172,139.5837581329981,139.72193908691406,34020000
2021-12-02,139.9185948810065,142.5084528604394,138.89284824232493,141.61842346191406,29194000
2021-12-03,142.32668327067537,143.03890027570796,138.9785378288507,140.6630096435547,41230000
2021-12-06,141.69219562959748,142.49653820256228,138.8289386103009,141.8056182861328,30618000
2021-12-07,144.22409805259204,146.14037256639585,143.8585729968473,145.88133239746094,32240000
2021-12-08,146.20525307367103,146.9942539766536,145.0259839079488,146.78968811035156,24270000
2021-12-09,146.1998038220425,147.69458257877415,145.72829267560041,146.24685668945312,23270000
2021-12-10,147.2983475495059,147.57322820089257,145.32115971227452,146.60643005371094,24458000
2021-12-13,146.3885399112158,146.5752701670982,144.14588747022174,144.4519805908203,27070000
2021-12-14,142.61096672120067,143.1181341036915,139.8839104442627,142.550537109375,38446000
2021-12-15,142.05723536266143,145.3380132207217,140.34254884287643,145.06065368652344,36370000
2021-12-16,145.78330048560983,146.28502655455804,142.25338234708985,143.08349609375,33650000
2021-12-17,141.1568032286509,142.47872745262327,139.9681173823491,140.3891143798828,50416000
2021-12-20,138.68036958927007,140.43814883611964,138.0077689503243,140.272216796875,27192000
2021-12-21,140.71450164649497,142.5128946761984,139.17812644459522,142.12013244628906,28756000
2021-12-22,141.71896161480515,145.1191022977237,141.71896161480515,145.03489685058594,26322000
2021-12-23,145.11906885105606,146.84613411462163,145.07151719504463,145.53164672851562,26384000
2021-12-27,145.8679480552697,146.9456899272966,145.7822613566382,146.51231384277344,15976000
2021-12-28,146.83871638730724,146.90112605445645,144.67779110911528,145.3043212890625,18200000
2021-12-29,145.26222969189286,146.02745475759826,144.27463333879814,145.2726287841797,17788000
2021-12-30,145.31126625234555,145.91155689259517,144.61836625158207,144.82241821289062,15688000
2021-12-31,144.67335443030515,145.31574030133416,143.4866485595703,143.4866485595703,18136000
2022-01-03,143.68769497903742,144.47619703135243,142.35834947327606,143.6248016357422,28646000
2022-01-04,144.025488639684,145.10422816379875,142.3618304239217,143.03839111328125,28400000
2022-01-05,143.0586704195382,143.13741934598548,136.3901327302067,136.47630310058594,54618000
2022-01-06,135.7071485529665,138.62091962175828,135.27129360084805,136.44908142089844,37348000
2022-01-07,136.84332084249846,137.14347368557924,134.48674768484292,135.7254638671875,29760000
2022-01-10,133.80477279843086,137.51100668479543,131.90931129081562,137.36241149902344,44408000
2022-01-11,136.70614733101905,138.89432489527653,135.4040389194939,138.41883850097656,28730000
2022-01-12,139.8194775834325,141.26374183756926,139.36828103861674,140.0973358154297,26108000
2022-01-13,140.20583825361632,141.50350289892143,137.10435430356105,137.2806854248047,31436000
2022-01-14,135.78688828807677,139.41537040651573,135.7071568754875,138.16575622558594,29662000
2022-01-18,134.89142851777413,135.8389098452004,134.1618746973883,134.71609497070312,34872000
2022-01-19,135.23661543971323,136.65908416614792,133.74283433997795,133.84288024902344,28648000
2022-01-20,134.96570256305773,136.3287393505402,131.71116467084525,132.05093383789062,29908000
2022-01-21,131.34370494374014,133.59427753713035,128.86033169564638,129.12283325195312,55652000
2022-01-24,124.79053071235748,129.96628601137778,123.32646545512321,129.571044921875,76622000
2022-01-25,127.52651182595139,128.17929675546682,125.30811925081203,125.73851776123047,46960000
2022-01-26,129.8830553886259,131.7463215282663,125.9435382450709,128.01483154296875,49130000
2022-01-27,130.06632706054074,131.40211160207753,127.71717517752967,127.78900146484375,31950000
2022-01-28,128.43682430725084,132.09948115838165,127.27389448111535,132.09402465820312,34362000
2022-01-31,132.8973869656009,134.19603402997248,130.96329190158724,134.0281219482422,39986000
2022-02-01,136.29752469047622,136.49415519096547,133.1019351922104,136.3465576171875,68644000
2022-02-02,149.82431540618072,150.1180141843333,144.15080955105117,146.60494995117188,123200000
2022-02-03,144.33209690892662,148.26417842133202,141.32074324186965,141.74124145507812,71518000
2022-02-04,142.0923982148257,143.50941059648488,139.19050728126922,141.94232177734375,57998000
2022-02-07,142.89030508807886,142.89030508807886,137.5907279348419,137.88890075683594,54974000
2022-02-08,137.71605080771687,138.68037019357018,135.72252350917645,138.0850372314453,54284000
2022-02-09,139.6347846354997,141.18107530667282,138.8655994195183,140.25735473632812,40144000
2022-02-10,138.38665259987917,140.15085547320035,136.65660953339068,137.3133544921875,39330000
2022-02-11,137.29357797469913,137.8448206179195,132.14258050012307,133.0167694091797,39958000
2022-02-14,132.00041169653696,135.01522615488605,132.00041169653696,134.24851989746094,34302000
2022-02-15,136.27376928506482,136.80670770122907,134.54126220495533,135.3208465576172,26680000
2022-02-16,135.35846364202985,136.7843937626377,133.6521963761595,136.43968200683594,25022000
2022-02-17,134.95878467171522,135.82107810404372,131.22977254722994,131.28970336914062,38950000
2022-02-18,132.20894242873914,132.80627055380495,128.96927736418834,129.173828125,45620000
2022-02-22,128.61411851423819,130.93453643170673,127.01483517930994,128.58985900878906,44990000
2022-02-23,130.40758777953872,130.80629021138148,126.32542989882369,126.38536071777344,32786000
2022-02-24,123.77568492964569,131.74633962573986,123.77568492964569,131.44024658203125,54456000
2022-02-25,132.29314574757424,133.9964355070235,130.50961066397696,133.1920928955078,36406000
2022-02-28,131.79585013616247,134.4718777003078,131.34265838007917,133.783935546875,38864000
2022-03-01,133.60712128280522,134.97114050786368,131.96278003223856,132.79782104492188,26496000
2022-03-02,133.35899498471252,133.98750520472257,131.81716337457922,133.3030242919922,23520000
2022-03-03,134.72795489655672,135.15341075297445,131.7715899019404,132.63735961914062,24604000
2022-03-04,131.67453429885822,132.58982070864644,129.1089360838298,130.66314697265625,30430000
2022-03-07,130.24859827584922,130.49326412434095,125.10453924382728,125.187255859375,45112000
2022-03-08,125.05996493303867,130.01283483137684,124.48988912406125,125.90641021728516,40428000
2022-03-09,130.01282521138089,132.47490076693822,128.6760431854183,132.16236877441406,37026000
2022-03-10,130.0286978025834,132.01578605372748,129.67852951814072,131.1812286376953,27102000
2022-03-11,132.23024024414997,132.53435325187561,128.4096014176675,128.64634704589844,31526000
2022-03-14,129.02226764588673,129.17976553119664,124.09416334902737,124.76378631591797,38812000
2022-03-15,125.77912326489948,128.63049998049246,124.53545681107937,127.98017883300781,30920000
2022-03-16,129.50071256727477,132.07619590093205,127.52104583130303,132.02420043945312,35576000
2022-03-17,131.89393987458052,132.81666282246127,130.93902206243152,132.5774383544922,28264000
2022-03-18,132.16683250009095,134.9597594793248,131.01182292044092,134.84237670898438,44566000
2022-03-21,134.8800155945873,135.75816449036662,132.82853776609664,134.818603515625,26832000
2022-03-22,134.81862924241636,139.72048699983432,134.81862924241636,138.54962158203125,35496000
2022-03-23,137.3950839488176,138.27273404848066,136.5357682945328,136.97210693359375,25154000
2022-03-24,137.88792811090894,140.28413343187228,136.4520973117038,140.23757934570312,26396000
2022-03-25,140.57829116733367,140.6961727306353,138.42032850640626,140.33758544921875,24126000
2022-03-28,139.57233977557286,140.6639570499915,138.49360044410443,140.1221160888672,35050000
2022-03-29,141.30289109647842,142.43808486861326,140.69962291058357,141.16221618652344,34318000
2022-03-30,141.1171698835011,141.3752124596819,140.2652756920692,140.6005859375,19884000
2022-03-31,140.71400046777697,140.7684898968639,137.71405887609035,137.75665283203125,37524000
2022-04-01,138.18508660352754,139.1469271597936,137.00382215545176,138.82945251464844,25942000
2022-04-04,139.03546420194454,142.35735395340848,138.9879125461233,141.6238250732422,25942000
2022-04-05,141.5223358074646,141.64268113011158,139.05927727293317,139.26580810546875,21418000
2022-04-06,137.44214998977517,138.04689956099944,134.2396223803811,135.2609100341797,32468000
2022-04-07,134.72798082207154,135.87160904442194,132.9622812413239,134.60763549804688,26234000
2022-04-08,134.30547574358152,134.39116244363444,131.71215695928404,132.0311279296875,25142000
2022-04-11,130.58095247885925,130.84741414292242,127.45569225810418,127.6092300415039,36884000
2022-04-12,130.35955472624002,130.35955472624002,125.59389824146888,126.51067352294922,32710000
2022-04-13,126.79345728334249,129.10545636823446,126.53689598688813,128.6696014404297,27928000
2022-04-14,129.24960742552614,129.24960742552614,125.40765674024802,125.53544616699219,31598000
2022-04-18,125.80290829644117,127.00397332375944,124.9926179121444,126.47303009033203,20808000
2022-04-19,126.48789370567695,129.1044900573134,125.80241508106144,128.78355407714844,26490000
2022-04-20,129.65819821919953,130.16042293885656,126.29817321753465,126.83307647705078,31696000
2022-04-21,128.03169266207186,128.87219024780205,123.35271317406067,123.63800048828125,36446000
2022-04-22,123.8217565690258,124.21996776137067,117.80402222276324,118.50782012939453,56884000
2022-04-25,117.97835957782225,122.11549058545957,117.39392450746956,121.91390991210938,46128000
2022-04-26,121.14174844683173,121.35521701263318,117.39391123323827,117.53160095214844,73054000
2022-04-27,113.39051664375937,116.13688235648152,111.67385763846296,113.21717071533203,91820000
2022-04-28,115.31767110037897,118.52167974527936,113.03934791722725,117.40530395507812,48884000
2022-04-29,115.63416187311658,116.80848848076448,112.74168750254856,113.03390502929688,42676000
2022-05-02,112.33603962239242,115.64505184129835,111.53862727592032,115.48408508300781,35534000
2022-05-03,115.33302506917498,117.32556979563245,114.94076162538525,116.22801208496094,24968000
2022-05-04,115.92835256217167,121.69646251835692,114.0309038197323,121.10855865478516,49916000
2022-05-05,119.07097331135176,119.89810179071496,113.92147220109969,115.40733337402344,45840000
2022-05-06,114.09876512717945,116.46326613947373,112.94078546602168,114.65546417236328,39710000
2022-05-09,112.1824948860931,113.99227685907525,110.94477629686784,111.4504623413086,40802000
2022-05-10,114.41872804342833,115.15422955384565,111.83629934235512,113.31671142578125,39900000
2022-05-11,112.16912984325442,115.26764350397949,112.16912984325442,112.53167724609375,37534000
2022-05-12,110.32766589353677,113.21766151040819,108.78930297233798,111.78034210205078,53836000
2022-05-13,113.45340618375492,116.76390724826179,112.53415970229025,114.95660400390625,35038000
2022-05-16,113.87192754882359,115.07498009851662,112.8159813449991,113.36624145507812,25990000
2022-05-17,115.73915830811926,115.798099091998,113.78723513362914,115.3751220703125,23054000
2022-05-18,113.91601089828785,114.31224201290831,110.50397497987214,110.84473419189453,35126000
2022-05-19,110.3811325655922,111.944752229653,108.9631228430359,109.343505859375,34144000
2022-05-20,110.89574757041693,111.12606177172583,104.79926453382097,107.88143157958984,48962000
2022-05-23,108.55453508974904,111.0904022364091,107.71600998566917,110.43711853027344,37184000
2022-05-24,104.77499864935818,105.45502825992726,100.92413760249049,104.97113037109375,76780000
2022-05-25,103.99590668358864,105.49613450260898,102.87755077701198,104.80768585205078,40258000
2022-05-26,104.6808904254116,107.62536770750384,104.23314753165975,106.77645111083984,37948000
2022-05-27,108.45102468801176,111.259301323666,108.109766654316,111.2578125,37914000
2022-05-31,111.68375119356135,114.64408411321045,111.02204847773712,112.68968200683594,50012000
2022-06-01,113.77237100226573,115.99769344115636,112.18249653404207,112.81844329833984,36606000
2022-06-02,112.92544186242007,116.78818338077605,111.88187475947716,116.5137939453125,37992000
2022-06-03,114.9684844405739,115.22504574352156,112.44846568294494,113.4613265991211,26136000
2022-06-06,115.6044564850039,118.22205042879467,115.06905431339557,115.71936798095703,33542000
2022-06-07,114.39197563745488,116.58164197916135,113.96751735517762,116.04524230957031,31590000
2022-06-08,115.6608989926276,117.45285297012651,115.50092226538834,116.08932495117188,26108000
2022-06-09,115.23099254159975,117.18391328926909,113.69411860375493,113.75305938720703,25798000
2022-06-10,111.38508022529972,112.21121848284413,109.32567475991927,110.11367797851562,41452000
2022-06-13,105.77993182097117,107.76603001416353,105.11872789354983,105.3896484375,47252000
2022-06-14,105.53080749276522,106.90720599069174,104.8027349790205,105.70960235595703,33706000
2022-06-15,107.52185574417723,110.37322494977526,106.65461223598331,108.72986602783203,39698000
2022-06-16,106.21033370451282,107.62437594926033,104.14696791638478,105.03402709960938,51684000
2022-06-17,105.03403005332456,107.67490072923101,104.05583519453621,106.1335678100586,51376000
2022-06-21,107.90272658856365,111.42917514346335,107.57633415067775,110.49258422851562,47416000
2022-06-22,109.51439846102454,112.27809328975262,109.34203501668972,110.4366226196289,30774000
2022-06-23,111.17360664482932,111.6797915400438,109.45892779579324,111.18400573730469,28362000
2022-06-24,111.92989944497734,116.96597674004626,111.88779672935264,116.86295318603516,41164000
2022-06-27,117.15814975964322,117.4617563680841,114.09380358839046,114.74164581298828,36420000
2022-06-28,114.71093996164035,116.20373868185764,110.79371689299163,110.95171356201172,35792000
2022-06-29,110.50050890465707,112.09384476980462,109.82740954217135,110.64859771728516,24716000
2022-06-30,108.9631408714663,109.84277107418012,105.74377534571843,107.9359130859375,43170000
2022-07-01,106.91562613688178,108.22021347289117,105.72446146275112,107.7125473022461,35476000
2022-07-05,106.09097773944877,112.3083126633725,104.7348786039733,112.19538879394531,39342000
2022-07-06,112.2340168911837,114.49995339678294,110.42522478314434,113.4920425415039,37432000
2022-07-07,113.99525457205867,118.06601541008106,113.75107996208602,117.66334533691406,40936000
2022-07-08,116.14480464976064,118.55684998677997,115.7995865179468,118.22847747802734,38238000
2022-07-11,116.88574836577106,116.88574836577106,114.24338897628644,114.58612823486328,31196000
2022-07-12,115.1195505184911,115.87139882340728,112.61835728538988,112.94573974609375,29960000
2022-07-13,110.64809930840663,113.11958408095617,110.15331111772146,110.30387878417969,43722000
2022-07-14,109.1716687492419,110.04585008459887,107.35148734064299,109.32718658447266,37004000
2022-07-15,110.94479736923233,112.07405123227751,109.85466858314359,110.72389221191406,46770000
2022-07-18,111.57826178835704,112.60845972018963,107.34851386704042,108.00228881835938,43164600
2022-07-19,109.80512272878235,112.94524039032943,108.52728140447425,112.73722076416016,36530900
2022-07-20,112.10324795723943,114.3122311092459,111.41975709613077,112.82637023925781,35600400
2022-07-21,113.20280552196577,113.47026475780743,110.06268747806259,113.26223754882812,32676200
2022-07-22,109.95370456594861,111.28106998447005,105.49612194841016,106.88292694091797,48901200
2022-07-25,107.38813835101456,108.83437558355239,105.29802646271146,106.49662017822266,34690900
2022-07-26,105.59519150485441,106.1895344193416,103.08904038448871,104.03008270263672,47991000
2022-07-27,108.23010920159255,112.83627946604071,106.99189179488495,111.9942855834961,59858500
2022-07-28,111.3108110624492,113.26223563374616,110.40938503038234,113.14337158203125,32816600
2022-07-29,112.01410659400565,115.60988739252207,111.99429088237237,115.22356414794922,37223400
2022-08-01,114.21316814564567,115.61978120153134,113.26221059725218,113.77731323242188,26034300
2022-08-02,112.92544617512725,115.25329377338157,112.64808663933259,114.04479217529297,20236000
2022-08-03,114.61931687482497,117.50189084849441,114.39148908653323,116.96697998046875,28499000
2022-08-04,116.37262877941384,117.66037035567156,115.78818623003248,117.07593536376953,21602900
2022-08-05,115.13442225860744,116.996698705037,114.90658690755124,116.36273193359375,19159500
2022-08-08,117.27406569542369,119.01747820672087,115.77829670617234,116.19434356689453,19138300
2022-08-09,116.03583449031639,116.21413810759837,114.6193134078761,115.5306396484375,19086500
2022-08-10,117.66037481224664,119.78020250101322,117.29386728055461,118.57170104980469,30930400
2022-08-11,120.13680567723729,120.34482529677571,117.44244336372742,117.71980285644531,24293700
2022-08-12,119.12642212115914,120.53303527832031,118.33395995960056,120.53303527832031,19096300
2022-08-15,119.98822567992796,121.14720300149365,119.47313052616087,120.92927551269531,19494800
2022-08-16,120.37455281758771,121.27597881260755,119.50285039175542,120.5528564453125,19041200
2022-08-17,118.98775310554484,120.1467228864073,118.25472289488862,118.42312622070312,22847000
2022-08-18,118.30424698639806,119.6811441703863,117.60094038977294,119.03726959228516,17987700
2022-08-19,117.93773149063666,118.02688707558907,115.65941595128955,116.10517120361328,21809500
2022-08-22,114.11412767246556,114.54007481677039,112.77685421487422,113.16317749023438,21456600
2022-08-23,112.4103430162746,113.92592005634819,112.36081129232605,112.78675842285156,15870400
2022-08-24,112.43015094510808,113.6980844778473,111.80609203500424,112.61836242675781,17734600
2022-08-25,113.16315885876524,115.61978542650743,113.0343869740066,115.55044555664062,16956800
2022-08-26,113.63866138956425,114.03489253906723,109.15136194833346,109.29994201660156,37245700
2022-08-29,108.95323774657922,109.90418792858209,107.77445976504953,108.38861083984375,21191200
2022-08-30,109.13152576057584,109.45841696440027,106.78387043260568,107.91312408447266,27513300
2022-08-31,109.60700800205056,109.80511976711223,107.11075744038901,107.19991302490234,28627000
2022-09-01,107.25934462478465,109.4088882529894,106.34801841708669,108.70558166503906,28360900
2022-09-02,109.5475595423476,109.69614713283325,106.2489543324562,106.83338928222656,24160700
2022-09-06,106.28859410286454,107.01170889666186,104.7829173782116,105.80320739746094,25068300
2022-09-07,106.05084848113617,108.94333026280533,105.89236057332785,108.41831970214844,23167000
2022-09-08,107.02161453866474,108.56690754109273,106.14991215017609,107.35840606689453,24238300
2022-09-09,108.04191626225722,109.9438167112651,107.99238453450448,109.60702514648438,23197700
2022-09-12,109.94380485678408,110.56787130626519,108.89379884747014,109.81503295898438,22966800
2022-09-13,106.78387833563288,107.2791653268789,103.10884221000528,103.33667755126953,38172900
2022-09-14,103.58432204615924,104.28762867361574,102.68290364328506,104.01026916503906,26395100
2022-09-15,103.04940994479824,104.2777195640779,101.38524535586336,101.93997192382812,34188300
2022-09-16,101.10789415037412,102.15790023712232,99.98854818162332,101.83101654052734,42797200
2022-09-19,100.79090754857049,102.3560163297047,100.59279576557026,102.09846496582031,23036800
2022-09-20,101.11779510985505,101.40506247498007,99.57249454030391,100.18665313720703,26517100
2022-09-21,100.71165611559576,101.91024974095512,98.33427701945793,98.34418487548828,31487300
2022-09-22,97.88853317629787,100.28572070694902,97.85881716221651,99.19609069824219,34298600
2022-09-23,98.69089070275186,98.72061427278281,96.55125466682168,97.80928039550781,31625400
2022-09-26,97.1753195378149,98.93854025999183,96.87815183667855,97.24465942382812,27072700
2022-09-27,98.49277900056019,99.05740591195914,95.95691182760773,96.58097076416016,30072800
2022-09-28,96.72953209823686,99.7507776230388,96.19462134477685,99.1069107055664,32466300
2022-09-29,97.71021036985752,97.71021036985752,95.05547197538944,96.501708984375,31047200
2022-09-30,96.13521832147143,97.96777887388245,94.65925748807376,94.7484130859375,32941500
2022-10-03,95.84794390746448,98.35409495883162,95.61020070223094,97.71022033691406,27982000
2022-10-04,99.4932599642057,100.88005758771709,99.43382038214075,100.68194580078125,28850800
2022-10-05,98.88899830659031,100.96920207041116,97.86870835694118,100.47391510009766,22176900
2022-10-06,99.73099708399155,101.95978872839768,99.64184148832554,100.46401977539062,22324000
2022-10-07,98.90880951525219,99.58240011798391,97.37342439434227,97.74983978271484,27502800
2022-10-10,98.06683009651893,98.1658859891608,96.09558987026921,96.93757629394531,18225100
2022-10-11,96.51162053902081,98.31446483110562,95.40217499101496,96.26397705078125,26507100
2022-10-12,96.38284471289478,97.81917386308255,95.8281181827879,96.64038848876953,21876400
2022-10-13,94.25311840728581,98.83947334531618,93.49037218865715,98.12625885009766,34574500
2022-10-14,99.04749527967141,99.74090163611203,95.4616221229326,95.64982604980469,25410700
2022-10-17,97.92814174923495,99.9786295328087,97.89842573979583,99.02767944335938,28419200
2022-10-18,102.15790003840424,102.49469914853343,99.02768994018629,99.82014465332031,24060700
2022-10-19,99.06731041769221,100.06778474217612,97.98758079988396,98.69088745117188,23811100
2022-10-20,99.05739545279849,101.35552672500424,98.45314473593805,99.02767944335938,25323200
2022-10-21,96.92764638752381,100.35503088410731,96.7988745121315,100.17672729492188,32458700
2022-10-24,100.84043534742486,101.78147761626212,99.0375909853776,101.55364227294922,27176400
2022-10-25,101.930061923768,103.83196211183454,101.75175830879428,103.49517059326172,40611400
2022-10-26,95.5210399646223,97.38331614639972,93.79744352204752,94.0351791381836,88114100
2022-10-27,93.62904644695233,94.53047236921812,90.9346916507101,91.3507308959961,60710900
2022-10-28,91.40025834019883,95.63992134750747,91.2615785867917,95.38236999511719,43697300
2022-10-31,94.52058204516372,95.1248328714554,93.09416043140119,93.6191635131836,31675000
2022-11-01,94.55028769007764,95.12482243853582,89.5181773853351,89.61723327636719,47161400
2022-11-02,90.08281875886027,90.3205544470509,86.0610824306121,86.15023803710938,57038300
2022-11-03,85.50634332478795,85.70445509240571,82.55442961941449,82.64358520507812,61288000
2022-11-04,84.5950155815513,85.8233251451628,82.92094321259124,85.7638931274414,51124900
2022-11-07,86.45729025652912,88.06202272257539,86.03134316996938,87.6558837890625,34078900
2022-11-08,88.06202697753906,89.46864019368525,86.76436994463386,88.06202697753906,30429000
2022-11-09,87.616271304768,88.59694505123552,86.4573014852848,86.4969253540039,31769100
2022-11-10,91.38044725273583,93.50027490961016,90.74648052680031,93.05451965332031,51620100
2022-11-11,93.79744759770195,96.01633107883713,93.03470144146593,95.50123596191406,33090500
2022-11-14,94.19367711771467,95.87765743584981,93.61914994697848,94.79792785644531,30179500
2022-11-15,97.33380422522976,99.19608064116606,95.79841148852762,97.5121078491211,41640800
2022-11-16,96.9772010829533,98.70079781521773,96.71964971365578,97.91824340820312,29105200
2022-11-17,96.0559640432795,98.34418761381784,95.87766041716742,97.432861328125,26052600
2022-11-18,97.83900049253803,97.96777996227408,95.46162869947433,96.51163482666016,28342300
2022-11-21,96.37294018625333,97.47247787174473,94.46113216672569,94.69886779785156,21647400
2022-11-22,95.0455707019559,96.30360389329707,93.16348617912884,96.13520812988281,23438500
2022-11-23,96.17481715253768,97.8290813234833,96.17481715253768,97.53190612792969,18868100
2022-11-25,97.31397483931404,97.71020589867385,96.48189641638942,96.54132843017578,9701400
2022-11-28,96.12529652150104,96.66020735865297,94.70877547797265,95.1446304321289,26237500
2022-11-29,94.82765072592701,95.21397397473142,93.22291815263816,94.29273986816406,20061700
2022-11-30,93.92623063545153,100.0876024039482,93.52999950599408,100.03807067871094,43647500
2022-12-01,100.06778669086121,101.28619609138381,99.3050480015768,100.03807067871094,28687100
2022-12-02,98.11635835101946,99.82013929364201,97.96777073857241,99.49325561523438,21480700
2022-12-05,98.46304963550313,100.42438177439655,98.06681855409174,98.54229736328125,24405100
2022-12-06,98.36401143814018,98.83948277532939,95.51115318508242,96.06587982177734,24910700
2022-12-07,95.501250078082,95.96681354446217,93.8271774750463,94.04510498046875,31045400
2022-12-08,94.48093971104322,94.67905903360328,92.56913170384522,92.8266830444336,32213300
2022-12-09,92.88612099660666,93.37150769977879,91.87573883817876,91.95498657226562,28225400
2022-12-12,91.83612275716106,92.67810922014937,90.74649277226557,92.43046569824219,29420000
2022-12-13,96.83851944299002,98.59183215358877,94.13424901149557,94.72859191894531,40593700
2022-12-14,94.3026381663495,95.95690242669573,92.71772133852875,94.17386627197266,28733600
2022-12-15,92.25214715887117,92.75734197805329,89.16156134147303,90.00354766845703,40107000
2022-12-16,89.90448952704405,90.4691163492958,88.67617244628515,89.4092025756836,58011800
2022-12-19,89.4092134382398,89.70638111067228,87.37853366795777,87.60636901855469,29493000
2022-12-20,87.27946699519438,88.33938076664323,86.61578429552098,88.1808853149414,23453800
2022-12-21,88.24033919007738,89.36959301530564,87.48750078743176,88.73562622070312,24745600
2022-12-22,87.32900085689239,87.70541622770546,85.50634090497599,86.93276977539062,27658300
2022-12-23,86.28890398968787,88.70590703096771,86.24928012175934,88.38892364501953,23003000
2022-12-27,87.96296650718489,88.101646250422,86.18983829581997,86.56625366210938,20097300
2022-12-28,86.16013283342589,87.21013889144778,85.12993493079983,85.20917510986328,19523200
2022-12-29,85.80351225609894,88.01248777759298,85.79360440119908,87.61625671386719,23333500
2022-12-30,86.16013598837714,87.46769345930478,85.75399699182971,87.39835357666016,23986300
2023-01-03,88.74550874076952,90.19175323104062,87.68559500987139,88.27994537353516,28131200
2023-01-04,89.49835541423235,89.7955306240279,86.4473858159188,87.249755859375,34854800
2023-01-05,86.64551498875126,86.74457088411417,85.0903140033644,85.38748168945312,27194400
2023-01-06,85.97192008580211,86.8634382151229,84.06011192527862,86.51673126220703,41381500
2023-01-09,87.52711431751243,89.20118670166892,87.03182734539318,87.19031524658203,29003900
2023-01-10,85.16955994373511,87.83419899287388,85.02097232508895,87.58655548095703,30467800
2023-01-11,88.33940116805881,90.73658874757064,88.17100537984503,90.65734100341797,26862000
2023-01-12,90.61771831946737,91.0040415982066,88.90402187065258,90.27101135253906,30258100
2023-01-13,89.9936452702405,91.32101834363606,89.28043078990615,91.25167846679688,26329200
2023-01-17,91.19222768728588,91.38043914022266,89.20117965797311,90.42948913574219,32602400
2023-01-18,91.27149829926222,91.92528084237877,89.78563712761265,90.26111602783203,29116700
2023-01-19,89.8648808303919,92.72763928780023,89.77572523421122,92.17292022705078,37000400
2023-01-20,94.20358739410928,97.37342877925906,94.12433965904754,97.09606170654297,63191100
2023-01-23,97.02671291222839,99.09701634497223,96.58095766905522,98.84937286376953,40005100
2023-01-24,97.17530672932803,98.6710755675798,96.28378862846672,96.7790756225586,33078500
2023-01-25,94.66914042934071,95.25358291768585,92.8762042192493,94.32244110107422,42330000
2023-01-26,95.59038693126605,96.65030076385241,94.48094137779603,96.60076904296875,30114000
2023-01-27,96.39275438266596,99.37438426539468,96.39275438266596,98.43334197998047,33879800
2023-01-30,96.56116365118157,97.36352622934069,95.49134184198249,96.02625274658203,27226200
2023-01-31,95.95691582463402,97.94796432501448,95.9073840966227,97.90834045410156,29870700
2023-02-01,97.77956407707593,100.23619105914219,96.66021811544799,99.48335266113281,35531100
2023-02-02,104.80273309148161,106.83340527382167,104.61452161152837,106.72444152832031,69883800
2023-02-03,101.9597827400415,106.79378116863643,101.61308334943693,103.79234313964844,65309300
2023-02-06,101.43476677119288,103.3762906680943,100.91966412167028,101.9300537109375,31999600
2023-02-07,102.24705365455104,107.16029998780995,102.14799776201166,106.6253890991211,49010200
2023-02-08,101.08808062599397,102.16780266804861,97.11587673441662,98.43334197998047,94743500
2023-02-09,99.05740322268637,99.08711923445635,92.7474439167084,94.11444091796875,119455000
2023-02-10,94.5502913222284,95.8380406275546,93.36160546921987,93.6785888671875,54980700
2023-02-13,93.84697257457299,94.30263567820646,92.95545452073385,93.71820068359375,50076100
2023-02-14,93.5399083660003,93.95594765552765,91.3903644792954,93.78755187988281,54726100
2023-02-15,93.5993417410389,96.20455638144854,93.26255018489125,96.02625274658203,50169000
2023-02-16,94.47105381335152,96.759277545991,93.84698729900944,94.60973358154297,42462600
2023-02-17,93.95594221146911,94.65924884324633,92.33140145912851,93.46065521240234,34284100
2023-02-21,92.12338307581045,92.22243896547124,90.85544955020039,90.92478942871094,33629300
2023-02-22,90.83562645698825,91.24176539632087,89.75590449970178,90.78610229492188,30884000
2023-02-23,91.05356953359318,91.07338524779873,88.91393340571156,90.03327941894531,41206400
2023-02-24,88.59693902936208,89.04269429656404,87.7450448035044,88.28985595703125,36585100
2023-02-27,89.02288055419922,89.31014789674506,88.49787003042141,89.02288055419922,27502300
2023-02-28,88.48798288330664,90.37007511496472,88.47807502657972,89.21109771728516,30142000
2023-03-01,89.1318396570481,90.17193768033303,88.82475661995356,89.50825500488281,31111200
2023-03-02,88.81486541779114,91.41016437188449,88.74551798499179,91.13280487060547,32204400
2023-03-03,91.6082879107454,92.84650542514655,91.57856434211662,92.76725769042969,35160100
2023-03-06,93.13376908199567,95.06539301867707,93.11396092623885,94.23330688476562,32639300
2023-03-07,94.08473413674669,94.76822514695328,92.64839711461225,92.97528839111328,27835500
2023-03-08,93.23283087936741,95.05548347587344,93.11395927449436,93.36160278320312,34103300
2023-03-09,93.16347174722559,94.62951678363798,91.03373650093877,91.44977569580078,28813500
2023-03-10,91.30120355228826,91.91536215154204,89.54789090168737,89.77571868896484,35941000
2023-03-13,89.24080810196517,91.69743494917104,88.57712533524305,90.2511978149414,37335600
2023-03-14,91.6875307500272,93.47056704552529,91.56866670198077,93.08424377441406,36050200
2023-03-15,92.3413126902805,96.01634145078066,91.76677793656864,95.20407104492188,50622100
2023-03-16,95.29322910628024,100.23619949907055,94.59983023228206,99.37439727783203,65492000
2023-03-17,99.31495855039098,101.87063391183739,99.15646307131937,100.66213989257812,61028500
2023-03-20,99.17626978959724,100.79090265941907,98.92862629411955,100.26589965820312,32960400
2023-03-21,100.29561786462173,104.10932626699038,100.26590185371047,103.93102264404297,42110300
2023-03-22,103.28714037398593,105.58527158969119,102.35600601870802,102.3956298828125,43427400
2023-03-23,104.06969579353225,105.29801292140883,103.47535294059679,104.60460662841797,40797800
2023-03-24,104.00037359105706,104.4956606455725,102.86121185417542,104.44613647460938,30393300
2023-03-27,103.6338527182764,103.77253247115901,100.96920628828376,101.49420928955078,31120900
2023-03-28,101.474403093689,101.48430339231476,98.79984875616225,100.07769012451172,32057900
2023-03-29,101.3158981992788,101.52391781326301,99.70126544836577,100.43428802490234,28779600
2023-03-30,99.95882633237822,100.20646983328197,98.83947287150617,99.93901062011719,33086200
2023-03-31,100.34514049955757,102.9107233089301,100.08758916585326,102.75223541259766,36863400
2023-04-03,101.42485764043334,103.54468511127568,100.96919456849777,103.37628936767578,25035400
2023-04-04,103.34659450306941,104.58481209016414,103.05932711596579,103.73291778564453,24420100
2023-04-05,104.7829171689168,105.09990054860849,102.68290511251428,103.48526763916016,28290500
2023-04-06,104.26783058433419,108.14097133723756,103.34659638050103,107.39804077148438,48711500
2023-04-10,105.97160978014296,106.57585296689001,104.12914153667725,105.43669891357422,27067400
2023-04-11,105.54566510200387,105.72396872832205,103.69328895955833,104.35697174072266,26311800
2023-04-12,105.57536408827609,105.7437598311209,103.35647319469733,103.65364837646484,24370300
2023-04-13,104.84235694101693,106.4768056835996,104.84235694101693,106.41737365722656,24843600
2023-04-14,105.88244091932117,107.91312038654546,105.83290920256783,107.84378051757812,26578000
2023-04-17,103.67348082004237,105.15934185375801,103.53479350401396,104.97113037109375,37571200
2023-04-18,105.4862087469372,105.53574046316895,103.08902180790523,103.51496887207031,26596400
2023-04-19,102.60366275289918,103.9904679457502,102.09846786716825,103.19800567626953,20905700
2023-04-20,102.93053428099542,105.24847350519047,102.89091041936659,104.29752349853516,27820800
2023-04-21,104.47583674331223,105.0008397327794,103.79233829269596,104.4164047241211,25800100
2023-04-24,104.49565151501353,105.62490529603902,103.71309713035903,104.97113037109375,23542800
2023-04-25,104.83244886590656,105.68434311564164,102.86120115263496,102.87110900878906,46664100
2023-04-26,103.9310154292547,105.34753645837012,101.66260021158149,102.732421875,53347600
2023-04-27,103.4654497314898,107.34850549717122,102.56403133484429,106.57585144042969,50089200
2023-04-28,106.03104125953,106.33811677937744,104.09941743610682,106.32820892333984,36139800
2023-05-01,105.83292217554937,106.97208378320418,105.8131140209073,106.18952941894531,26681700
2023-05-02,106.13009965906194,106.18953168173442,102.7324304758186,104.32725524902344,30997200
2023-05-03,104.53526876250336,106.47679281670248,103.97064190774891,104.4164047241211,21795400
2023-05-04,104.49564832384382,104.6046120675871,102.98997918095117,103.70319366455078,23419500
2023-05-05,103.83197483499484,104.88198094212609,103.12866814460686,104.57490539550781,26639300
2023-05-08,104.18857495479786,106.94236950082018,104.16876679983567,106.75415802001953,26511400
2023-05-09,107.36830969094812,109.11172195668867,106.1796239755447,106.3381118774414,36360100
2023-05-10,106.95227165556445,111.87542544527842,106.91264779027239,110.69664001464844,63153400
2023-05-11,114.31224449393545,116.80848772250684,113.33157832101242,115.4712142944336,78900000
2023-05-12,115.58017315602966,116.91744652756881,115.01554628549181,116.40235137939453,41102300
2023-05-15,115.01554258790955,117.3632055833455,114.91648670384667,115.41177368164062,36266800
2023-05-16,115.39196147654542,119.61180877166494,115.33252945579774,118.38349914550781,45035600
2023-05-17,118.48254891525943,120.52312880202415,117.76933447319193,119.7009506225586,33323600
2023-05-18,119.80991915569436,122.14767433938904,119.69105511557814,121.67220306396484,35234200
2023-05-19,122.38541381982782,124.78260095081902,120.99860878655475,121.60285949707031,41353400
2023-05-22,121.78117269366314,125.23827391464934,121.5830533547579,123.87128448486328,35253000
2023-05-23,122.98967918409565,123.45524264502252,121.05805522841555,121.40475463867188,34046300
2023-05-24,119.97832635531356,120.76088072713313,118.73020099136893,119.7603988647461,34182600
2023-05-25,123.34628386035978,124.13874616498165,120.81041657753877,122.31609344482422,42317000
2023-05-26,122.00900338994037,124.07930707525598,121.29578886786955,123.43543243408203,35635900
2023-05-30,124.45571975597146,124.47553546863793,120.85003091363836,122.50428771972656,35076700
2023-05-31,121.59295853842984,122.89060806044641,121.34531503835157,121.71183013916016,37325800
2023-06-01,121.66229962836286,123.24721653315949,121.46418784931825,122.55381774902344,30772700
2023-06-02,122.8212671711218,124.96091062176546,122.59343938511499,123.49485778808594,26980100
2023-06-05,122.84109456412024,126.22885612563536,122.67269122575588,124.8222427368164,32305500
2023-06-06,124.82222846227405,127.08072835419054,124.17835386828453,126.10997009277344,26638300
2023-06-07,125.7731809795302,127.82366128329055,120.9688986295934,121.3453140258789,52539000
2023-06-08,121.07786408652909,122.06843809259337,120.0971903791399,120.98870849609375,29389200
2023-06-09,121.0976584943784,122.59342718983049,120.76086699813939,121.07785034179688,23778300
2023-06-12,121.63258482252455,122.88071020381717,120.51323890061894,122.47457122802734,28306400
2023-06-13,123.80193467786927,123.9802382898457,122.0188985581049,122.66277313232422,22278300
2023-06-14,121.93966082841287,122.88071068558905,120.3052121775111,122.50428771972656,30592300
2023-06-15,121.97929507217137,124.27742670076466,121.2462723482399,123.9109115600586,35246300
2023-06-16,124.74299516670932,124.92129880479504,122.11797232280088,122.36561584472656,45535600
2023-06-20,121.77125573189018,123.39579640203785,120.9887014060601,121.93965148925781,26097500
2023-06-21,121.24625664021467,121.50380799105953,118.96793346366026,119.4136962890625,30306300
2023-06-22,118.86888698255561,122.07834481499013,117.70991714827096,121.98919677734375,26952200
2023-06-23,120.23586326986775,121.6325761662558,119.91887990832626,121.18681335449219,34913600
2023-06-26,119.62172810000537,120.85003784396424,117.15519319770573,117.22453308105469,33969900
2023-06-27,115.97640500533596,117.95755299289218,115.00563916614229,117.2146224975586,39535900
2023-06-28,115.98631010773838,119.25520744558725,115.74857445547958,119.04718780517578,27091400
2023-06-29,118.11603570546055,118.92830604232336,117.1849013313609,117.97735595703125,24090900
2023-06-30,119.03727202436663,119.93869796362138,118.5618007515014,118.57170104980469,29532200
2023-07-03,118.11603871561022,119.05708852676793,117.6999994597197,118.76982116699219,14467900
2023-07-05,118.11602863359306,121.45426536658378,118.10612833606906,120.60237121582031,27584800
2023-07-06,118.67076871540064,119.16605571745576,117.2839635981503,118.97784423828125,24745200
2023-07-07,118.96793368564964,119.90898350271272,118.27453492148081,118.3537826538086,21709500
2023-07-10,117.18491641740523,117.19481671679651,115.0452727819369,115.35234832763672,35315200
2023-07-11,115.19384132163853,116.60045446518235,114.26269942444343,116.03582763671875,23078800
2023-07-12,117.68019568942015,119.19577271910916,117.2938724292045,117.80896759033203,30404400
2023-07-13,119.7901234728511,123.65336388590308,119.31464459044514,123.36609649658203,44297900
2023-07-14,123.62364190723412,125.5849742534972,122.32598478947493,124.23779296875,33283100
2023-07-17,124.7528855515559,125.90194740247068,123.02928143896453,123.47504425048828,25716200
2023-07-18,123.42552338695492,123.5047711236384,121.8009825723442,122.59344482421875,26193600
2023-07-19,123.42552039211267,124.00005513290701,120.6519176928117,120.87974548339844,37224000
2023-07-20,120.27549147201748,122.92032219876853,117.10565774229482,118.076416015625,37906800
2023-07-21,119.48303757466915,119.84954511473477,117.61085333534434,118.88868713378906,72937900
2023-07-24,120.51323990968405,121.84060548000588,119.83964926814579,120.38446044921875,29686100
2023-07-25,120.21605049101268,121.98917869930011,119.87925143125057,121.05803680419922,52509600
2023-07-26,128.8439605940008,129.74537139876955,127.11045618604405,128.05149841308594,61682100
2023-07-27,130.4288745072281,131.98408291547318,127.57601659985137,128.18026733398438,44952100
2023-07-28,129.54727072583006,132.47937651181306,129.3392586434395,131.33030700683594,36591200
2023-07-31,131.47887918017878,132.27134138142645,130.53783692899188,131.46897888183594,28055500
2023-08-01,129.5472514351671,131.37981916789192,129.44818800071138,130.30999755859375,23166800
2023-08-02,128.22978226167916,128.8637489230692,126.35759828390569,127.16987609863281,26273300
2023-08-03,126.76374840615887,128.17036158821978,126.21892971575811,127.23921966552734,20089500
2023-08-04,128.06141276397574,130.27038867689953,126.70433114390015,126.9024429321289,26147200
2023-08-07,127.94253620376521,130.36943938092537,127.80385645406918,130.29019165039062,22746300
2023-08-08,129.38879135617893,130.27040174998604,128.3189694544306,130.16143798828125,23535200
2023-08-09,130.4189683106613,130.79537612894666,127.78403800787017,128.4378204345703,24912900
2023-08-10,130.08218501342233,130.80529980166855,128.22980135413556,128.46754455566406,20857800
2023-08-11,127.44724985423152,128.70526790592254,126.96186317041614,128.33876037597656,19591100
2023-08-14,128.170370790581,130.13170310188443,127.7444312206599,130.0920867919922,24695600
2023-08-15,129.86428210238398,130.1812579827869,128.06142982490869,128.5567169189453,19770700
2023-08-16,127.48686981201172,129.05197853395998,126.66469914191973,127.48686981201172,25216100
2023-08-17,128.57650949077134,130.74586899055504,128.07130707221577,128.69537353515625,33446300
2023-08-18,127.2986660305744,128.03169627072486,125.18874601968783,126.2585678100586,30504800
2023-08-21,125.98120284160333,127.51658802197558,125.36704423496647,127.15998077392578,25248700
2023-08-22,127.29866965705796,129.05199001191642,127.11047327831035,127.8633041381836,22054900
2023-08-23,128.95292431830592,132.15248942586146,128.64584877704544,131.12228393554688,27819700
2023-08-24,132.68740946941512,132.9845847488296,128.34870480382898,128.5567169189453,28500700
2023-08-25,128.3189398374532,129.5274412374435,126.05053219547979,128.65574645996094,26762900
2023-08-28,130.07227594567678,131.29067779366306,128.9133061222322,129.7751007080078,20543300
2023-08-29,130.99353505298305,135.28272306776321,130.99353505298305,133.30157470703125,43075600
2023-08-30,133.5095448272466,134.99540563044192,132.80624584477715,134.59918212890625,28315800
2023-08-31,134.72796388348397,136.69921157879557,134.5100363949587,134.88645935058594,30053800
2023-09-01,136.16429210938105,136.16429210938105,133.57889367961565,134.38125610351562,21543700
2023-09-05,134.16335836737144,135.1341167520606,133.31146403775733,134.49024963378906,19403100
2023-09-06,134.73787413439317,135.24306141209425,132.41001928477638,133.1925811767578,18684500
2023-09-07,132.33077439469866,134.30202205679186,131.69680765193374,133.9850311279297,18844300
2023-09-08,133.63835257587766,135.37185721348425,133.5789205495535,135.09449768066406,23558300
2023-09-11,135.2529715626258,136.18411357030033,134.51004103926334,135.62939453125,20763400
2023-09-12,134.97561156998864,135.5798623314705,133.91570522015272,134.0642852783203,18405500
2023-09-13,133.81663138154605,135.60956781404116,132.88548944943147,135.42137145996094,20749500
2023-09-14,136.30297659287558,137.3925988291446,134.95579546543004,136.7982635498047,24751000
2023-09-15,136.67939311891212,137.21431153088753,135.19353215336167,136.1048583984375,38919600
2023-09-18,135.32231734485046,137.8482841163795,135.32231734485046,136.90724182128906,21861300
2023-09-19,136.12469470331177,137.10536853031823,135.33223237880813,136.7388458251953,20353700
2023-09-20,136.77845758196287,136.77845758196287,132.36049096088513,132.4793701171875,29927500
2023-09-21,130.20103839703572,130.98358514285636,128.843956964112,129.21046447753906,31503900
2023-09-22,129.52744986822796,130.78548307138033,128.37839552385094,129.0222625732422,26397300
2023-09-25,128.60622722629518,129.9335927895909,127.74443266302943,129.87416076660156,20094600
2023-09-26,128.5467943169791,129.13122935895814,126.02082755262765,127.35810852050781,25718700
2023-09-27,127.35813770041906,129.6661623858531,127.35813770041906,129.30955505371094,22746500
2023-09-28,128.61613182423616,132.04352470913275,128.56660009843606,131.06285095214844,22513100
2023-09-29,132.0237133602647,132.78645964091183,129.13123883445297,129.62652587890625,30859800
2023-10-02,129.973228473938,133.15296272774447,129.93359704733973,132.9053192138672,22288000
2023-10-03,132.6774934391783,132.99446928200175,130.59728184486156,131.1817169189453,22989400
2023-10-04,131.53832195471514,134.29213173006787,131.2807781421106,133.96524047851562,26752300
2023-10-05,133.7967987060547,134.2128378518319,132.19205901239368,133.7967987060547,19832600
2023-10-06,132.74681617552042,136.85770734068427,132.74681617552042,136.28317260742188,27597600
2023-10-09,135.6491892677906,137.6303370237333,134.33172419629375,137.115234375,19278100
2023-10-10,137.19450673636976,138.4030082937137,136.03553690481087,136.75865173339844,27786600
2023-10-11,137.27375707281203,139.77990827237048,137.27375707281203,139.22518920898438,25884300
2023-10-12,139.72047583902653,139.88887161742355,136.9567657145511,137.6600799560547,24765500
2023-10-13,138.06619483070466,138.6803458110814,135.33220119685583,136.0652313232422,23420500
2023-10-16,136.86762235774896,138.31386720251632,136.68932627392138,137.7888641357422,28501900
2023-10-17,137.3232778502887,138.58129594196157,135.88693346466465,138.4029998779297,23515800
2023-10-18,138.13555264144586,139.3935859571332,136.0850721525315,136.65960693359375,23375000
2023-10-19,137.1944684203437,138.3435376318148,136.08503062441648,136.4515380859375,26066000
2023-10-20,136.03555804726943,136.5704614699842,133.80676607519254,134.32186889648438,26335700
2023-10-23,133.76710372602042,136.36241783407064,132.68738171446304,135.21334838867188,26317900
2023-10-24,136.53082853876074,138.04640568615673,136.12468953456676,137.5015869140625,44814300
2023-10-25,126.95196147684071,127.10054152384546,123.89108403139126,124.42599487304688,84366200
2023-10-26,122.1080464571952,123.1580599743897,120.1268985739716,121.12738037109375,57061100
2023-10-27,121.72173162799473,122.14767875459353,119.07690083509236,121.01842498779297,44566500
2023-10-30,122.04861726115155,124.21797666183564,121.59295414437162,123.28683471679688,28940100
2023-10-31,123.88118925267857,124.18827234968963,121.5335335724306,122.91043090820312,26292300
2023-11-01,122.90053109635555,125.29771865940182,122.55383166492007,125.25809478759766,30082400
2023-11-02,127.20951079122271,127.76422981075791,125.73355765282807,126.28827667236328,27124600
2023-11-03,126.81328830756881,128.30904961320581,126.65479283923435,127.88311004638672,26393100
2023-11-06,127.83357680477238,129.1114106050115,127.45715385068908,129.0222625732422,19052700
2023-11-07,129.47794507134418,130.66663094824423,128.65576676845674,129.73548889160156,29757300
2023-11-08,129.73549538032546,130.96381274636772,129.54728387670204,130.5972900390625,26425800
2023-11-09,130.71613260072618,131.30056754778465,128.84394861873935,129.01234436035156,23747800
2023-11-10,128.87369024439658,131.54823716249373,128.19019172994675,131.3402099609375,26913300
2023-11-13,130.53781893832007,131.3401813273293,130.01281601427803,130.8448944091797,18324800
2023-11-14,132.92512330907195,134.42088456077047,132.06332879289005,132.36048889160156,32395200
2023-11-15,133.59873301920138,133.7572285134562,132.31099869452711,133.35108947753906,23861500
2023-11-16,133.9156781811989,135.92654184217392,133.05388378791164,135.63926696777344,28013200
2023-11-17,134.71805961336432,134.77749163303557,132.3902047431791,134.03456115722656,37240600
2023-11-20,132.42983139452585,135.37183718191923,132.360483964102,134.9656982421875,27815500
2023-11-21,135.005326368002,135.88693664011163,134.67845024297165,135.67892456054688,22635300
2023-11-22,136.1741959558059,138.10581204793675,136.1741959558059,137.18458557128906,17813900
2023-11-24,136.72890029754885,136.82796372345382,134.70813639771495,135.4015350341797,12514300
2023-11-27,134.7477683599397,137.11523941063973,134.71805235170586,135.1241912841797,23436500
2023-11-28,134.7973154661077,135.95628526440245,134.14353298041522,135.90675354003906,18730000
2023-11-29,136.27325752745637,136.98645682367243,133.56897992052205,133.7175750732422,23967200
2023-11-30,133.77699670532533,134.2722836127016,130.04252919152023,131.28074645996094,38988300
2023-12-01,130.6170654296875,130.86470888643157,129.43828015719262,130.6170654296875,31442300
2023-12-04,128.65574912560064,128.80432917172766,126.69440938445004,128.05149841308594,36669900
2023-12-05,127.73450033716857,130.89443347071432,127.04110163583205,129.75527954101562,27384800
2023-12-06,130.20106226225468,130.5972858566958,128.65576908298854,128.79444885253906,23576200
2023-12-07,133.76708303807405,137.25390714366299,133.4302915642557,135.63926696777344,56767100
2023-12-08,132.93501323447373,135.1142727730799,132.76661748669068,133.7175750732422,32260100
2023-12-11,131.13217385962292,132.0831163112605,130.12178427916996,132.03358459472656,31138000
2023-12-12,130.56755981511444,131.7463453232423,130.02274107837968,131.2708740234375,29032800
2023-12-13,132.12275123220434,132.24161526306995,130.32981489684366,131.3203887939453,30104800
2023-12-14,132.12273295417475,132.4595244050072,128.46751336114417,130.69630432128906,38722400
2023-12-15,130.37935469916124,132.2515390932176,129.9434996884881,131.35012817382812,50847100
2023-12-18,131.379825680854,135.85720897900194,131.18169880212074,134.5199432373047,32258000
2023-12-19,135.55013468527125,136.17420110593048,134.79730393023888,135.36192321777344,25476800
2023-12-20,137.66003124697392,140.3642932737137,136.7685209438592,137.0359649658203,49107200
2023-12-21,138.17517842630895,139.36386425256705,137.8680877770193,139.09640502929688,27488300
2023-12-22,139.44311177628964,140.6516133137084,139.3836797523117,140.1563262939453,26532200
2023-12-26,140.25538274203709,141.335104879987,139.85915914929106,140.18605041503906,16780300
2023-12-27,140.25536116259798,140.74074783674814,138.57138848007864,139.04685974121094,19628600
2023-12-28,139.45300658951038,139.80961383431003,138.4327165781313,138.90818786621094,16045700
2023-12-29,138.31384373897544,139.03695848120938,137.47184984606176,138.37327575683594,18733000
2024-01-02,137.24400712056772,138.13551752126708,135.19351203801926,136.86758422851562,23711200
2024-01-03,135.95627794501937,138.31384884016077,135.78788218321773,137.61053466796875,24212100
2024-01-04,137.11524935880684,137.84827954999523,135.06476906710992,135.10438537597656,27137700
2024-01-05,135.4609662839547,135.8671051669477,133.87604216810493,134.45057678222656,22513900
2024-01-08,135.00532895706218,137.69969154899283,134.9756129451259,137.5312957763672,21404000
2024-01-09,137.19449570702432,140.15631733731945,136.84778876936215,139.62139892578125,24759600
2024-01-10,139.67092460669582,141.65207247345745,139.58177658028163,140.93885803222656,21320200
2024-01-11,142.13746611601331,143.8511548726539,139.31432422138022,140.74075317382812,24008700
2024-01-12,141.32518985756914,141.8501928649969,140.48321103195838,141.3053741455078,18785500
2024-01-16,140.66149444889152,142.9893491706135,140.11667577838654,141.14688110351562,22670500
2024-01-17,140.01764108362337,140.5030126705263,137.5907226892699,140.13650512695312,20968600
2024-01-18,140.71103470348461,142.85067809474862,140.65160268399825,142.12754821777344,25746400
2024-01-19,143.37567301703265,145.06954593689224,143.0190658052267,145.00021362304688,34271900
2024-01-22,145.7134446289684,146.99127846629932,144.46531168812982,144.61390686035156,32200400
2024-01-23,144.5148376656169,145.79267145213515,144.1285144171384,145.65399169921875,21636100
2024-01-24,147.13982914555368,148.43749355137393,146.70398935961927,147.29832458496094,25233500
2024-01-25,148.65544028148244,151.6073464272401,148.1304221809848,150.43846130371094,29149100
2024-01-26,149.67572544188013,151.10213919091456,149.5865623016617,150.7554473876953,26115500
2024-01-29,150.62667431742432,152.3304627420992,150.0026078842704,152.06300354003906,27784300
2024-01-30,151.35971420009986,152.1719770416637,149.76488941359605,150.0323486328125,36331800
2024-01-31,142.2662284294629,142.64265137404246,138.55157604993053,138.7794189453125,71910000
2024-02-01,140.78037988444788,141.7115219147045,139.46291457727207,139.82943725585938,40466500
2024-02-02,137.947317214583,141.2756461555597,135.21333866537148,141.0379180908203,62499600
2024-02-05,141.4737891857491,144.0988043000788,141.43415776046106,142.32566833496094,38505400
2024-02-06,143.28650274958076,143.9898168404998,141.84027337889637,142.74169921875,29128200
2024-02-07,143.39547489124692,144.24736906510518,142.57329672572433,144.16812133789062,25208900
2024-02-08,144.45540497795193,144.95069196678878,143.73229020643873,144.53465270996094,22563800
2024-02-09,145.29741121987317,148.0314055879619,144.8021241375339,147.59555053710938,26829500
2024-02-12,147.02101469275374,147.9323411041707,145.98090880402975,146.139404296875,21564100
2024-02-13,143.553984129069,145.28748865156425,142.3355823254468,143.77191162109375,27837700
2024-02-14,144.7030413176847,145.13889626470424,142.73179375819484,144.56436157226562,22704200
2024-02-15,141.79074761897706,142.1671705382351,139.13601681883227,141.4242401123047,37590700
2024-02-16,141.6421685918449,141.8402803505169,138.81902690715387,139.19544982910156,31468900
2024-02-20,138.343565378545,140.74075259122355,138.17516961610025,139.789794921875,25144700
2024-02-21,140.1167221615659,141.34503965123017,139.35397577036517,141.20635986328125,23223300
2024-02-22,143.56389009951735,143.6332375383376,141.4539776469549,142.7318115234375,27191900
2024-02-23,142.31576767229546,143.31624199133967,142.07802446605524,142.60304260253906,19493800
2024-02-26,140.80021641248308,141.09739169595915,136.09498895482767,136.27330017089844,53641800
2024-02-27,136.7190286014233,137.9374303971592,135.7977869156524,137.5709228515625,33099200
2024-02-28,136.60015939741334,136.70912315066133,134.13363961519383,135.09449768066406,37328600
2024-02-29,135.9860067089307,137.55111554859022,135.1142966931809,137.15489196777344,42133000
2024-03-01,137.12513899008863,137.56099392851314,135.6293778286393,135.84730529785156,31151100
2024-03-04,134.38128712569457,134.38128712569457,130.66663422050593,132.0930633544922,55999400
2024-03-05,130.63691722244587,131.98409860384518,129.4383159101504,131.41946411132812,40194800
2024-03-06,131.8652267449587,132.32089750707752,129.61663429471935,130.16143798828125,35318600
2024-03-07,131.5383331766489,133.66807664300944,130.36946294861545,133.1133575439453,37738200
2024-03-08,132.9449657546409,136.78838324879158,132.73693852875124,134.13365173339844,39370400
2024-03-11,134.84682212622377,137.78882765004334,134.84682212622377,136.37229919433594,32437800
2024-03-12,135.73835874420493,138.06621377136466,135.73835874420493,137.1945037841797,27563400
2024-03-13,137.68977381646687,139.7600696656856,137.67987351872839,138.47232055664062,23347200
2024-03-14,139.85915951055284,142.2365313030922,139.13604465019097,141.75115966796875,42753400
2024-03-15,141.15679282026272,141.83037587468064,138.7100738688481,139.84922790527344,49475400
2024-03-18,147.20920556461434,150.7158309412068,145.78277655889536,146.2879638671875,69273700
2024-03-19,146.76345753749575,147.38750892214128,144.7030616623303,145.64410400390625,24070400
2024-03-20,146.6049367935924,147.4568309498292,145.3568191244373,147.3379669189453,21311500
2024-03-21,148.06106257061538,148.95257291738915,145.51528072723244,146.2086944580078,24755600
2024-03-22,147.71439026412665,150.1512089583533,147.57571050851763,149.34884643554688,29211800
2024-03-25,148.52666183272117,148.9625167930801,146.42664987640165,148.6554412841797,19229300
2024-03-26,148.80400066272796,150.82476460784122,148.56625750420292,149.249755859375,22149100
2024-03-27,149.75498204030305,150.210652767324,147.49647434889332,149.44790649414062,22879200
2024-03-28,149.42807635045534,150.00259590163967,148.75447824999412,149.50730895996094,24485400
2024-04-01,149.26960970551775,154.27201180475902,149.19036196576207,154.0243682861328,31730800
2024-04-02,152.0531280024452,153.2418139280062,150.71584688933808,153.10313415527344,24586000
2024-04-03,152.15216702325534,153.61821225881653,151.29035739579777,153.459716796875,24705000
2024-04-04,152.0531051580242,153.3111383384258,149.0318515113713,149.11109924316406,34724700
2024-04-05,148.6158116009819,151.97385675674153,148.18987204880133,151.06253051757812,23459200
2024-04-08,151.3398855456625,153.8064201009343,151.1714897894332,153.390380859375,20702000
2024-04-09,154.61869893107254,157.06541802943522,153.72718833727967,155.1239013671875,31079500
2024-04-10,154.73757558656484,155.13379915183737,153.22198341774504,154.66822814941406,22838600
2024-04-11,155.43095957476544,158.17483848852615,154.98520432756263,157.9073944091797,27166400
2024-04-12,156.47109855129364,158.70979067698514,155.6588204974377,156.24325561523438,25353700
2024-04-15,157.36259530028232,157.73901827873132,153.13283984468552,153.40029907226562,27136500
2024-04-16,152.7365985322643,154.1828280231779,151.98375266278597,152.94461059570312,20779500
2024-04-17,154.15312717907076,155.59937192721887,153.1229368286477,154.00454711914062,21763100
2024-04-18,153.87576120493418,155.46068564754503,153.16254671725525,154.53944396972656,19883000
2024-04-19,154.7276699190319,154.88616540110863,150.86443701191843,152.63755798339844,32615600
2024-04-22,152.85548314560833,156.15409663024886,152.6078396267761,154.80691528320312,26446200
2024-04-23,155.48051529104362,157.47156376382256,154.8069170523424,156.76824951171875,21151600
2024-04-24,156.00550985016204,158.0659056519581,155.68851890451947,157.6300506591797,22779100
2024-04-25,149.90354753675638,155.01491240091855,149.44787689996883,154.52952575683594,57109700
2024-04-26,172.72638033694088,173.06318697805824,168.05086993453432,170.32919311523438,64665300
2024-04-29,167.4664672937122,167.95185407994032,163.65276579607652,164.58389282226562,45610000
2024-04-30,164.04896224577593,166.51549696973217,161.06733991987724,161.24563598632812,33562900
2024-05-01,162.7513151941065,165.54472608248636,161.55271397427848,162.31546020507812,33493200
2024-05-02,163.23665602265763,165.15837168570206,162.3451456149363,165.04940795898438,24294500
2024-05-03,165.9805805633127,166.37681924074352,161.51309716937072,165.66360473632812,34662400
2024-05-06,165.88152094509854,166.55510397846635,164.46499233146127,166.51548767089844,21871300
2024-05-07,166.91169460324474,170.14095992985162,166.80273087457311,169.63577270507812,28039700
2024-05-08,167.40699381865014,168.54614778977586,167.14945003877577,167.78341674804688,19569100
2024-05-09,167.79333673106953,169.08108601143434,166.59473548708618,168.35797119140625,15346700
2024-05-10,166.4461516776323,168.24900365253,164.62349910506936,167.060302734375,29799900
2024-05-13,162.71164924772512,167.68433402623796,162.45410549746728,167.545654296875,31327600
2024-05-14,168.16974046044572,169.63578564580942,167.20888253839394,168.73435974121094,25127100
2024-05-15,169.02164233638342,171.02259088483336,168.90276318110884,170.8839111328125,26948400
2024-05-16,171.65656720711078,173.46931949790743,171.0622318573979,172.53817749023438,27867900
2024-05-17,172.53815265408903,174.60846356854617,172.05278112226807,174.4004364013672,24479300
2024-05-20,174.5292502632364,177.08493321353035,174.4202865094074,175.2523651123047,22554400
2024-05-21,175.23252663493534,176.47074407897802,174.1528046513203,176.173583984375,16989400
2024-05-22,174.97501209173797,175.4801994519547,173.5584983541899,174.71746826171875,17880000
2024-05-23,175.4009638726557,176.56983406034217,171.3197882854856,171.9141387939453,21024900
2024-05-24,173.33063024095415,174.11319214706063,172.01316503791867,173.34054565429688,16579400
2024-05-28,172.80562741846637,175.5990532912732,172.7263796864407,174.73724365234375,20572200
2024-05-29,173.77640285215773,175.17311592654391,173.07310372275933,174.24197387695312,23388700
2024-05-30,173.54855608932272,173.56837180086202,170.17069523243458,170.48768615722656,22931500
2024-05-31,170.24005665079406,171.42874248649764,167.84286926621976,170.8740234375,37638900
2024-06-03,170.91363798660555,172.884885765003,169.54665609137342,171.53770446777344,27459100
2024-06-04,171.64668336460485,172.21131787167394,170.2697859338987,172.15187072753906,26879600
2024-06-05,173.54857984342613,174.98490926995618,172.29054650027606,173.75660705566406,22068500
2024-06-06,174.24196967239757,175.48018723719562,174.093389610606,175.06414794921875,23251000
2024-06-07,175.38113486544918,176.193397709487,172.6570562855748,172.8155517578125,19661400
2024-06-10,173.51964913718612,175.59232118793005,171.32796149412926,173.55931091308594,23726700
2024-06-11,174.7593122566282,175.37416822945534,172.3296233521922,175.15599060058594,21540600
2024-06-12,176.77247787758725,178.91457717394482,174.6502170373927,176.3162841796875,27864700
2024-06-13,174.65022177235798,175.27500453381123,173.43042150065708,173.70809936523438,20913300
2024-06-14,172.77588046564773,175.59233589189165,172.70645343662588,175.32456970214844,18063600
2024-06-17,174.0056144386483,176.88157021499225,173.36099322511703,175.77085876464844,19618500
2024-06-18,175.67166697323572,175.91959469647514,172.6568725168595,173.63865661621094,21869900
2024-06-20,173.91633928082513,175.82042243225433,173.53949942101505,174.83863830566406,20160100
2024-06-21,175.5328474668185,179.3509408798961,175.1460807810823,178.14105224609375,57759000
2024-06-24,178.66661606311132,179.39056068860404,177.18896156728684,177.73440551757812,18298000
2024-06-25,178.13111351754267,182.76240177371028,177.93277435676467,182.5045623779297,23130200
2024-06-26,181.11615066799544,182.9805567069559,180.96738496662277,182.3557891845703,19839000
2024-06-27,182.6532926987184,184.50780223360667,182.49463046708553,183.87310791015625,18848900
2024-06-28,182.7921627160181,183.5954461342398,180.45172435645102,180.64013671875,29156600
2024-07-01,181.51283682486664,182.3557971056762,179.79718128044868,181.47317504882812,16006100
2024-07-02,180.54096868108974,184.0317952147811,180.05502490239206,183.70452880859375,17372500
2024-07-03,183.31777853011567,184.54749044604264,182.47481815419735,184.2797393798828,10242100
2024-07-05,184.3193809047392,189.2779352009688,184.25988067435352,189.0200958251953,20967500
2024-07-08,188.32587253222317,188.59363868194907,186.22345050462678,187.4630889892578,21035900
2024-07-09,188.73249043692135,189.77378986137018,187.1556738088654,187.41351318359375,15121400
2024-07-10,187.58210403384115,190.16055833537922,187.4631035723971,189.59527587890625,15952500
2024-07-11,188.27633637637987,189.27795902264754,183.54587074537562,184.0318145751953,25625800
2024-07-12,183.54584610912124,185.55901792595884,182.9607403388162,183.5359344482422,22898400
2024-07-15,183.38718571924736,186.67967331271745,183.38718571924736,184.9838409423828,16474000
2024-07-16,185.8069343179161,187.11598469260912,181.85000281609425,182.39544677734375,18290700
2024-07-17,181.45334926969147,182.028543422423,178.40878946455692,179.51951599121094,20734100
2024-07-18,180.42194633892038,180.98722878273526,175.00721361216966,176.21710205078125,25315700
2024-07-19,177.39723581965455,178.79553657132692,175.661741889588,176.18734741210938,18881900
2024-07-22,179.09305874265243,181.18556924112812,178.73604223141416,180.1641082763672,24100300
2024-07-23,180.54098136257284,182.08804802244904,180.03519909370766,180.2831268310547,36352700
2024-07-24,172.16099630525835,174.72952357646327,170.39575233929236,171.19903564453125,49585200
2024-07-25,171.0899727872295,171.98250656560228,165.80415174823364,165.89340209960938,44852000
2024-07-26,165.7644579679493,166.69666856249324,162.70007515743842,165.61570739746094,41336900
2024-07-29,167.43054602622254,169.01727432015218,166.5975125369865,168.12474060058594,20293800
2024-07-30,168.82887504541765,169.81065918652655,167.04379233570876,168.87844848632812,18959700
2024-07-31,171.80400847021264,172.80563107068153,168.60077124290896,170.1180877685547,25729100
2024-08-01,168.83876114552442,172.60726515496935,167.48012221241805,169.3445281982422,24531400
2024-08-02,165.0603715765524,167.11320535730545,163.30503897249685,165.27854919433594,29130100
2024-08-05,154.21104625180902,163.06701740006122,153.64576377052947,157.92996215820312,53630700
2024-08-06,158.0092930412871,159.23901995455182,155.11349914776707,156.9779052734375,49004600
2024-08-07,159.91336228381462,161.62901768553496,157.1564075430874,157.6225128173828,25138600
2024-08-08,159.17950020545774,162.33314852019078,158.88199906168649,160.68690490722656,25578800
2024-08-09,158.68365838652156,162.43232444231467,157.74153604180353,162.31332397460938,28602300
2024-08-12,162.98766954381617,163.533098356256,160.49846585024423,160.94473266601562,15895300
2024-08-13,162.05544186182263,163.36449205840438,161.61908675219416,162.79922485351562,18551700
2024-08-14,161.05383649410487,161.8670466571722,156.4027253040999,159.04066467285156,40591100
2024-08-15,159.16961037680883,160.30016027512747,158.28698822051015,159.96298217773438,31524300
2024-08-16,160.13153741645147,163.6917754083996,159.79435939024972,161.60919189453125,24208600
2024-08-19,163.9099594856968,165.30827534265444,162.8984102346736,165.28843688964844,22416200
2024-08-20,165.5165421310091,167.24212453394256,165.43721857593138,165.79421997070312,18341500
2024-08-21,163.7810405444825,165.46696109244462,163.30502357434244,164.47525024414062,22902000
2024-08-22,165.87354107961212,166.20080745577815,161.95628649048913,162.44223022460938,22493300
2024-08-23,163.35461289180427,164.80250226287146,162.4719908380613,164.2471466064453,13955700
2024-08-26,165.00084665252095,166.16114646495242,163.09676374502013,164.7826690673828,14190400
2024-08-27,164.46531429923328,165.0603468280275,163.0967636946959,163.31492614746094,11821900
2024-08-28,163.6719716397299,164.22734249342142,160.19107158671994,161.50013732910156,16407400
2024-08-29,162.94802283987033,164.59426663919365,158.92167882710484,160.43899536132812,19699800
2024-08-30,161.27204675026073,162.30343472045743,160.34976273360022,162.0257568359375,22123800
2024-09-03,160.3794938325781,160.50842109663853,155.18292307861995,156.05563354492188,38945300
2024-09-04,155.3614336724234,157.68203355334143,154.66723906688907,155.15316772460938,19353800
2024-09-05,155.00441956460497,158.12830290448517,154.6870648072252,155.93663024902344,18688700
2024-09-06,155.9961425992905,156.52174821625567,149.3020933804946,149.6690216064453,37912100
2024-09-09,151.44650905863844,152.3303022884686,146.19340404923173,147.6730194091797,39260500
2024-09-10,149.4008786095233,150.21516785637962,147.30559146131813,147.6233673095703,31118800
2024-09-11,148.87458302778612,150.44356726374062,146.49132465684013,150.10594177246094,29607700
2024-09-12,152.72751965051293,153.74041119456226,151.58552977811232,153.61131286621094,29621500
2024-09-13,154.3461412588433,157.2755823080463,154.1276893129349,156.36199951171875,29591200
2024-09-16,156.21305455425028,157.14650223678444,155.50801396162132,156.95782470703125,18379800
2024-09-17,157.911134323935,159.4304641960374,157.2755977444437,158.20904541015625,20715600
2024-09-18,158.74525678494552,159.38079329854523,157.49404853540457,158.6956024169922,23677300
2024-09-19,162.56841287927963,162.64784168369965,160.2149292220262,161.0093536376953,26587700
2024-09-20,162.35989574326507,162.58828768421088,160.92993460407996,162.4492645263672,40896400
2024-09-23,163.2039876996882,164.33603783328329,160.5426675552083,160.72142028808594,24150900
2024-09-24,161.89315521075918,162.08183272389985,159.5694761752488,161.15830993652344,23332100
2024-09-25,160.34405733815197,161.67470976901416,160.17524458071915,160.36392211914062,18869200
2024-09-26,162.49890337717716,162.93583758934093,161.1483863361193,161.59524536132812,20319300
2024-09-27,161.6746974446782,164.54454440704646,161.4959598865702,162.80674743652344,21101300
2024-09-30,162.1811401753991,164.9913926147097,162.12154584089137,164.69349670410156,20413900
2024-10-01,166.52067729796633,167.98042800067057,163.4323631439142,165.8255615234375,28338100
2024-10-02,165.25953808497383,166.35187375711521,163.58132016704218,164.7034454345703,17760200
2024-10-03,163.26355943212087,165.4780052194021,162.77697078682365,164.7034454345703,15073100
2024-10-04,166.8880921706125,167.05690491903522,164.32608104579808,165.8950653076172,19047400
2024-10-07,166.55044270875806,167.30513756118168,161.6150986976289,161.84349060058594,22463100
2024-10-08,162.79683039346867,163.58131496769886,161.73428435048646,163.2337646484375,23072700
2024-10-09,162.31021685596906,163.69052341195479,158.62609615330425,160.73130798339844,31181800
2024-10-10,159.74824453659568,161.93291600237342,159.28152064639673,160.94981384277344,14144100
2024-10-11,160.99943947811877,162.7570859994371,160.11564623470997,162.10169982910156,15344300
2024-10-14,162.49892012877203,165.07085614450466,162.2605882196447,163.80972290039062,19016100
2024-10-15,164.63391416283739,166.51073429604153,163.4820145370709,164.3062286376953,20247200
2024-10-16,163.3826586821952,164.64380665588936,162.59817436695124,164.00827026367188,16406000
2024-10-17,164.57433190772997,165.2098684713458,161.62504101734748,161.79385375976562,21453400
2024-10-18,162.0520493579974,163.5614543687219,161.94281580158204,162.2804412841797,19757700
2024-10-21,161.8137182306033,163.35291284104187,161.48601755980903,162.92591857910156,20946500
2024-10-22,161.84350752043144,164.61406084451548,161.84350752043144,163.9884490966797,16568100
2024-10-23,163.61108623567196,164.66370734673023,160.80081863998697,161.6448974609375,18280500
2024-10-24,161.69457597504442,162.19108943741853,159.88725969885618,161.58534240722656,22412500
2024-10-25,162.52870467092262,164.43531442750802,162.28044795544452,164.1175537109375,19828900
2024-10-28,167.5732927765486,167.5732927765486,162.8067605293158,165.5574493408203,32138600
2024-10-29,166.56041133003743,169.19194192190423,165.92487466810383,168.49681091308594,42169000
2024-10-30,179.42008224519654,180.75074972710868,172.84624941070035,173.24346923828125,68890800
2024-10-31,171.92274281377416,175.58701430239046,169.80759078159048,169.9168243408203,44769000
2024-11-01,168.8840869554026,171.11839741159756,167.7023825564108,170.09556579589844,31796500
2024-11-04,168.74505131099085,169.53947584954412,166.8384415098956,168.05987548828125,21492700
2024-11-05,168.2485301772737,169.34086576189884,167.66264797842342,168.55638122558594,18242100
2024-11-06,172.5880653336426,175.70616896018197,172.29015425546123,175.27915954589844,33695500
2024-11-07,176.172887641411,179.81729416706102,175.95442053394322,179.48959350585938,25352900
2024-11-08,179.3902725978056,179.63852928014543,176.83820178259256,177.1063232421875,22006200
2024-11-11,177.33474537334146,179.29100957580835,177.22551180839807,179.0924072265625,17450400
2024-11-12,178.56610979083834,181.2174898751334,178.13910033177982,180.35354614257812,25134900
2024-11-13,179.2016288670182,179.69814228328764,177.295004014443,177.6326446533203,23184000
2024-11-14,177.03682125408577,177.57306422524127,173.10444351008397,174.35565185546875,31007500
2024-11-15,172.51855985039145,172.9257045177489,170.02606777532782,171.28721618652344,32504600
2024-11-18,172.21071091338408,174.21662935117394,171.69433271949634,174.07760620117188,20135300
2024-11-19,172.50861780572185,177.6226997913749,172.34972988032243,176.8779296875,23434900
2024-11-20,176.1033704582549,176.4409959363333,172.56819744687726,174.7528533935547,18997100
2024-11-21,172.68737314674925,172.91578024518503,162.5585017211108,166.4611053466797,59734400
2024-11-22,164.69352539111725,165.29927243550884,162.75711072055498,163.61111450195312,38604600
2024-11-25,164.9318072272488,167.4541036263309,164.45515863582298,166.48092651367188,33135300
2024-11-26,166.46108883905265,168.6358199751134,166.41143446812606,167.94068908691406,20486700
2024-11-27,167.82151959076907,168.2981681848086,166.8483576251592,168.04991149902344,19266500
2024-11-29,167.32502205728218,168.24852974267216,165.9943697320939,167.77188110351562,14257200
2024-12-02,167.59312502484607,170.88004106813648,167.3945227098445,170.29415893554688,23789100
2024-12-03,170.29419628751035,171.47588562429394,169.65865964867677,170.14523315429688,22248700
2024-12-04,169.95652067469916,173.6903109186826,169.8671519045746,173.15406799316406,31615100
2024-12-05,174.13720700852932,174.8323228448496,171.1283365544375,171.43617248535156,21356200
2024-12-06,170.83040986678466,173.85914482652376,170.66159711852214,173.49172973632812,21462400
2024-12-09,172.94494909205568,175.2315164432607,172.63674520121344,174.34671020507812,25389600
2024-12-10,181.78305343524673,185.27256668487914,179.99355362655623,184.08950805664062,54813000
2024-12-11,184.22870587804087,194.46860797595772,183.7713984925761,194.25982666015625,67894100
2024-12-12,193.86215946833025,194.04110187251197,190.59136355506865,190.83990478515625,34817500
2024-12-13,189.89546127276796,191.6054263771513,188.5334600047639,188.71241760253906,25143500
2024-12-16,191.74457308879215,197.8388085792474,191.49603187198403,195.51246643066406,44934900
2024-12-17,196.09903250515634,200.2446984442106,193.84227386580446,194.2797088623047,43504000
2024-12-18,194.08085519878878,195.85046734497547,186.64450667606317,187.30064392089844,34166100
2024-12-19,190.5118237091531,191.90364849444197,187.28078779996244,187.41001892089844,32265200
2024-12-20,184.69595286927182,191.76446587529261,184.13922295556452,190.29310607910156,63462900
2024-12-23,191.49605762870533,193.96159775328474,189.04046886277803,193.4943389892578,25675000
2024-12-24,193.70308928801546,194.96568298339844,192.64927690043314,194.96568298339844,10403300
2024-12-26,194.01127759173056,195.6019475277096,193.24578152744004,194.4586639404297,12046600
2024-12-27,193.81244697780068,194.18029831146464,189.53753481304466,191.63522338867188,18891400
2024-12-30,188.69249985736334,191.42645331502607,188.01645984137915,190.1240997314453,14264700
2024-12-31,189.96504702886492,190.83991706940904,187.41003573761844,188.1954345703125,17466900
2025-01-02,189.5375437207165,190.87967248578354,186.405930161898,188.3246612548828,20370800
2025-01-03,190.25335095839125,192.08262608512283,188.87146221690494,190.6708984375,18596200
2025-01-06,192.8481012552134,197.06336585299624,192.71887013485082,195.7212371826172,29563600
2025-01-07,195.9598465030939,199.82714740579908,193.46449803391354,194.34930419921875,26487200
2025-01-08,191.44636095795326,195.14464079456388,191.25746718116116,192.81829833984375,24864800
2025-01-10,193.16625612788005,195.37330356826695,189.19953244831908,190.91943359375,26665200
2025-01-13,188.96092925794855,190.06443773067767,186.26673571233505,189.8954315185547,21823700
2025-01-14,190.12409653498483,190.8597688353095,187.21118555715896,188.55331420898438,17174900
2025-01-15,191.96328339030356,195.2142066320414,190.74046489689354,194.408935546875,21776000
2025-01-16,193.00716606923652,194.33934334611155,191.68492497988967,191.7843475341797,17815400
2025-01-17,195.3832294332928,196.07914183949293,192.61945218456034,194.8563232421875,27735100
2025-01-21,197.9084311961374,201.10962849733662,196.71542107622028,196.89437866210938,29971300
2025-01-22,197.89845481899934,199.31016710135967,196.37738379513036,197.2124786376953,26200600
2025-01-23,196.9838533666416,199.1312534169042,194.06100582652098,196.8247833251953,26951400
2025-01-24,196.9440747387753,199.72772435097139,196.8446521798743,199.04176330566406,23877500
2025-01-27,191.2872550770441,195.73117299932062,189.61705030496816,190.6907501220703,41728900
2025-01-28,191.62527696108057,194.3393427841272,189.56734841729389,194.160400390625,24157900
2025-01-29,194.41887879385513,195.64169733166847,192.30130277467072,194.26976013183594,18218300
2025-01-30,196.84464293202117,200.2247973993167,196.51656670676422,199.69789123535156,24354700
2025-01-31,200.82132655430865,204.2810164474162,200.622496591671,202.8295440673828,32001100
2025-02-03,199.5189590127464,202.5611012223486,198.93240535424198,200.05580139160156,27838300
2025-02-04,202.20320734762427,205.84185468330165,201.62658985975028,205.17576599121094,43856400
2025-02-05,189.9550846125892,191.62527427419866,186.93281498241248,190.21356201171875,70373900
2025-02-06,188.3942574313725,190.979092361129,187.61880998639617,190.4820098876953,29297400
2025-02-07,189.93521824759102,190.0644493766904,182.17079235327273,184.25852966308594,49315000
2025-02-10,186.25681277496034,187.10184389569162,184.77550151190874,185.38194274902344,23105600
2025-02-11,183.95033114344977,185.8491897525843,183.20470746476104,184.2386474609375,21239500
2025-02-12,182.15091151282658,184.0298827457132,180.769022777209,182.53863525390625,22072600
2025-02-13,183.24449120134597,185.19304601185559,182.07136866992408,185.05386352539062,21402500
2025-02-14,183.98016370030402,185.31234109604222,183.2444913440249,184.149169921875,20448400
2025-02-18,184.51700109702455,184.8749010476211,180.67952419275377,182.6976776123047,29916700
2025-02-19,182.99592432628137,184.37781280892617,182.51871429403985,184.1889190673828,19549400
2025-02-20,183.72168304847523,184.22870170428735,181.65381816300632,183.4830780029297,20441500
2025-02-21,184.06963495987821,184.25852872808807,178.03506158410121,178.61167907714844,35199200
2025-02-24,180.9280885264688,182.0514846282233,177.84617104858543,178.20407104492188,29854200
2025-02-25,177.00113079837024,177.69705843760613,173.67068713379516,174.39642333984375,41913400
2025-02-26,174.04843350603278,175.05253446228022,170.57879299880568,171.72207641601562,35431300
2025-02-27,172.97477115402882,173.54143730705212,166.96006996247044,167.5167999267578,39991000
2025-02-28,167.6957223580091,169.61446843814767,165.79687899247813,169.28639221191406,48130600
2025-03-03,170.92676623691273,172.35836613901347,164.96177675799476,166.0354766845703,40770500
2025-03-04,165.2699986950009,172.27884996330545,164.8325636582221,169.9226837158203,45388000
2025-03-05,169.52499437059117,172.76596631858905,168.07350701574754,172.01040649414062,30954900
2025-03-06,169.5349273025149,173.78995156274516,169.50510357118512,171.3443145751953,28302000
2025-03-07,170.26067003299855,173.94902837231132,169.2764565211612,172.8455047607422,27385800
2025-03-10,167.47084644350338,167.66992058295483,162.922287876859,165.09205627441406,43604000
2025-03-11,164.13655982614347,165.96792640359425,160.6131542630149,163.2706298828125,39587400
2025-03-12,165.7987351046607,166.85376123322993,162.76303668655365,166.3262481689453,28372400
2025-03-13,165.261242942738,165.3508323726828,161.34968247166375,161.9966278076172,31756200
2025-03-14,162.50423247849787,165.70913119386128,161.68807116679397,164.7138214111328,31995900
2025-03-17,164.2559897412009,165.52003755245735,162.90236768488202,163.5194549560547,31184300
2025-03-18,162.91230471538228,163.47963860497418,155.9849568446372,159.9164276123047,42074800
2025-03-19,161.0013380173548,165.09206267109968,160.24490789469397,163.12135314941406,34275600
2025-03-20,160.81221119039924,164.11663181906812,160.20507160674322,162.03643798828125,28138500
2025-03-21,160.45391074936325,163.46969843906228,160.13540430124633,163.2208709716797,36625800
2025-03-24,166.28644543898992,167.53058291242263,164.36548928265282,166.89356994628906,30879100
2025-03-25,168.18747918173491,169.82974979049783,167.53058612545505,169.76007080078125,24174400
2025-03-26,168.20738179291607,168.81452147078184,164.06688875000268,164.28585815429688,28901600
2025-03-27,163.85787020298363,164.6441583248392,161.24020036188836,161.4790802001953,24508300
2025-03-28,159.73728296251087,161.06104688273138,152.90945679818688,153.60617065429688,48669300
2025-03-31,152.39189573252094,154.81049144150305,149.95338957359485,153.9147186279297,54603500
2025-04-01,152.89951197653428,157.35851155491952,152.89951197653428,156.33334350585938,30672900
2025-04-02,154.4223014614319,157.66702096255182,153.97441511188723,156.30343627929688,25041700
2025-04-03,150.40127754802887,152.06344323592336,149.68465321481136,150.0131072998047,46883400
2025-04-04,147.3157993550897,150.3614601277394,144.698144884866,144.9171142578125,62259500
2025-04-07,140.8861135726325,152.13311801627722,139.87089326407514,146.0617218017578,76794100
2025-04-08,150.5107721866655,151.5259925903324,142.35918124819136,144.02134704589844,52200200
2025-04-09,143.74265056471972,158.80169385849172,143.23504799502373,157.96563720703125,70406200
2025-04-10,155.80581046857128,156.9802840886705,149.22681119385487,152.103271484375,48022000
2025-04-11,152.1828952060654,156.93052822964722,152.10328376963045,156.40301513671875,33636200
2025-04-14,159.24959030436233,160.96152461511218,156.82103162226488,158.32395935058594,30333000
2025-04-15,158.3836547299025,158.90120489566414,154.48204210198043,155.57687377929688,27551500
2025-04-16,152.381953334393,155.1588613016161,150.7993990348029,152.61087036132812,28187400
2025-04-17,153.56635949907425,153.9545297569088,147.8035217962651,150.4510498046875,33046600
2025-04-21,148.18173331794077,148.25139710913984,145.41477318745027,146.97740173339844,26049100
2025-04-22,148.191681312594,151.47620681854735,147.84331679407512,150.75958251953125,26971800
2025-04-23,154.88018931651595,156.79118268922488,153.08862828359344,154.6214141845703,31128800
2025-04-24,155.41764910962075,158.84151791059642,155.05933690516457,158.53297424316406,45894000
2025-04-25,164.29580798857202,165.32097594255075,160.2846952290497,161.2003936767578,56034000
2025-04-28,161.6681914813915,162.38481587629502,157.85616765293435,159.8567352294922,29745800
2025-04-29,159.56808195579998,159.98611026905985,156.78121134684457,159.40882873535156,26809000
2025-04-30,157.23906011670073,158.5230184445377,154.67115864825115,158.0552215576172,34981100
2025-05-01,159.69746807136784,161.19043289943403,158.16469753026496,160.54348754882812,30203200
2025-05-02,162.64360907737185,164.19629023149636,161.11082318824108,163.2606964111328,25715000
2025-05-05,162.2355030126838,164.61429290949133,161.95681747402023,163.43983459472656,21341800
2025-05-06,161.40939053220953,164.02706019999394,160.43399116800987,162.46441650390625,21277200
2025-05-07,163.3104457768094,164.22612903746054,147.14660797263102,150.67001342773438,127490100
2025-05-08,154.27302076354474,155.19865159825923,152.18286408476257,153.556396484375,57498700
2025-05-09,153.44693820644628,154.32281585111178,151.4861763255997,152.03359985351562,32435300
2025-05-12,156.75137548916837,158.35382517745646,155.5171856365556,157.71682739257812,44138800
2025-05-13,158.0452492784777,159.81691483841985,155.42759461947415,158.7817840576172,42382100
2025-05-14,159.20979069166216,166.21676625125212,158.86142612462882,164.5944061279297,48755900
2025-05-15,165.06219714400765,165.43047214987737,161.6084704301294,163.19102478027344,33146700
2025-05-16,166.9433081258995,168.5557203255822,164.84320384513654,165.41053771972656,42846900
2025-05-19,163.73841809182645,165.85843293399518,163.44978491746534,165.75889587402344,30426100
2025-05-20,165.6494285946027,167.7097274922387,162.13598566686494,163.21092224121094,46607700
2025-05-21,162.9222851886465,172.32796100800184,162.79289003758296,167.76943969726562,73416000
2025-05-22,171.0440028391721,175.94092545127197,169.90935022401754,170.06858825683594,74864400
2025-05-23,168.26708452621156,169.1628725233235,167.10257379846712,167.6798553466797,35211400
2025-05-27,169.36194132235366,172.35781874405163,169.20268808863054,172.08908081054688,37995700
2025-05-28,172.34785613681433,174.4479605139837,171.10371883250124,171.55160522460938,34784000
2025-05-29,173.1839175950813,173.60194591853366,169.82972818892713,171.053955078125,29317300
2025-05-30,170.54633906565317,171.40230609492238,166.65467413099773,170.93450927734375,52639900
2025-06-02,167.0528072022302,169.07328505076367,166.6049207920985,168.2372283935547,38612300
2025-06-03,166.70447307171773,167.68982022650283,164.50483134601953,165.40060424804688,45084900
2025-06-04,165.9579872104258,167.43104169003885,165.57976456796413,167.2618408203125,26900800
2025-06-05,169.54106580736408,170.12829493792012,166.80396388771035,167.4210662841797,36379100
2025-06-06,170.02877834744078,173.68156356382352,170.02877834744078,172.8654022216797,35731800
2025-06-09,173.93168685751374,175.85496833236684,173.76228116584014,175.47628784179688,28935900
2025-06-10,175.58590961128442,180.47880106496282,174.30041217393423,177.97755432128906,61766100
2025-06-11,179.14346702948194,179.74136677669094,176.133988123354,176.73190307617188,31646800
2025-06-12,175.56596932852466,176.10409583310096,174.14096047000893,175.087646484375,20941900
2025-06-13,171.8390248989685,176.51268202547473,171.78919611484426,174.06124877929688,27663100
2025-06-16,174.12103189678987,176.32333636040028,174.04130888575864,176.1539306640625,27389200
2025-06-17,175.0876480323832,176.74186625647056,173.9715563176299,175.33677673339844,24973000
2025-06-18,175.39656976170295,175.94465595934807,172.596365522182,172.71595764160156,28707500
2025-06-20,173.34373983894176,173.73237998796506,164.88333923967906,166.05921936035156,75659900
2025-06-23,165.69052617853575,166.7567891470348,161.43540356766906,164.61428833007812,57671000
2025-06-24,166.3382528798913,167.63372519441324,165.55101285806253,166.18878173828125,40524300
2025-06-25,167.04578597314622,171.75929686583365,166.96606296199934,170.08514404296875,35479000
2025-06-26,171.82903340932134,173.0846517431964,169.3477213792513,172.93516540527344,31796700
2025-06-27,172.93517666884486,178.057262279745,171.13148726193396,177.9077911376953,108140200
2025-06-30,180.14994433141436,180.59837295030215,173.9715556124037,175.6157989501953,63378900
2025-07-01,175.12751523681553,175.47628629108172,172.92521085330227,175.22715759277344,35904500
2025-07-02,174.92819320035304,178.23662948182692,174.4598452552033,178.01739501953125,29128900
2025-07-03,177.8779030413717,179.0438236063814,176.43295953117723,178.90431213378906,21689700
2025-07-07,178.43595167386934,178.67512071867887,175.06772651945082,176.17385864257812,34175600
2025-07-08,177.23017699013243,177.32981935448504,172.20773349396308,173.75233459472656,40442500
2025-07-09,174.63920474769347,178.8146038590092,172.16785249870574,176.00442504882812,43025600
2025-07-10,175.0178914126315,177.8081205641565,173.77224796798342,177.00094604492188,29252400
2025-07-11,176.17385213436023,180.797680390592,175.86493496639972,179.56201171875,34282900
2025-07-14,180.37912942255304,183.0298623068854,179.05376298038684,180.92721557617188,32536600
2025-07-15,182.17286668727073,183.5779561932956,180.9670923041272,181.36569213867188,33448300
2025-07-16,182.60138443088442,183.68758195520638,181.39559478616047,182.3323211669922,33104200
2025-07-17,181.50521696666215,183.41852368346133,179.85099864083438,182.94020080566406,31992600
2025-07-18,184.7538504683164,185.77029989137577,183.06975311389598,184.4150390625,34014500
2025-07-21,185.6008814217948,189.62679452163042,185.50122385959315,189.43746948242188,45803100
2025-07-22,190.83260277114414,190.98207392344648,186.80668927782472,190.67315673828125,44660200
2025-07-23,190.83257936427407,191.85898836581597,188.52065778816612,189.56700134277344,58681900
2025-07-24,196.34330659716778,197.26009837341095,190.33432366848066,191.500244140625,74881700
2025-07-25,191.31091436137532,193.65273031316045,190.59342246149265,192.50672912597656,39785900
2025-07-28,192.97509170180885,193.37370675914636,190.17488744855515,191.90882873535156,38139500
2025-07-29,191.7593429801203,195.23718523880464,191.41057191018163,195.06777954101562,41389200
2025-07-30,194.91831074404357,196.91134044406198,194.0114785811888,195.84506225585938,32445400
2025-07-31,195.0279201110307,195.30694304131825,190.42401135006776,191.23118591308594,51329200
2025-08-01,188.371198147092,190.16492789219942,187.16542371122097,188.47085571289062,34832200
2025-08-04,189.62679933287328,194.5894541087341,189.45739363731957,194.36024475097656,31547400
2025-08-05,194.03140047861146,197.17041596913074,193.21425105621586,193.9915313720703,31602300
2025-08-06,193.82213079278006,195.94471220658852,192.99502167474958,195.40658569335938,21562900
2025-08-07,196.37322488399897,196.8515477811631,193.65274344901374,195.83511352539062,26321800
2025-08-08,196.53264334375206,201.90385732363322,196.48281456433622,200.71800231933594,39161800
2025-08-11,200.2396805407711,200.77779182670545,198.3762027845806,200.29946899414062,25832400
2025-08-12,200.6681666421271,203.78726261791718,199.89088636790592,202.6313018798828,30397900
2025-08-13,203.41856930663727,203.81716914109546,196.82163104540848,201.25613403320312,28342900
2025-08-14,200.7977432270797,203.7274993328687,200.5286799587332,202.23272705078125,25230400
2025-08-15,203.13954799676898,205.7205176785909,200.57849766290207,203.18936157226562,34931400
2025-08-18,203.4883135252893,204.5545916306713,201.7842817792717,202.79075622558594,18526600
2025-08-19,202.32241111724275,202.73098585981091,199.26311839930437,200.8675079345703,24240200
2025-08-20,200.03040999419306,200.57849617106174,195.9148142419443,198.62533569335938,28955500
2025-08-21,199.05384826660156,201.77432964491462,198.73495620472804,199.05384826660156,19774600
2025-08-22,202.02345924179684,207.8132083154908,200.59845024885027,205.3717498779297,42827000
2025-08-25,205.71054863967242,209.78630584234324,204.56456266974786,207.7633819580078,29928900
2025-08-26,206.7867811726176,207.12560776169755,204.98309181316571,206.41807556152344,28464100
2025-08-27,204.9830866269172,208.18190575216585,204.93325784693593,206.7568817138672,23022900
2025-08-28,206.5276902069273,211.4803699291827,206.17890394821848,210.9023895263672,32339300
2025-08-29,209.77632411753885,213.90189476250458,209.46740696384475,212.16796875,39728400
2025-09-02,207.7135567307211,210.94225509702446,205.48135800383685,210.61341857910156,47523000
2025-09-03,225.42160679337482,230.50382286131364,224.00654247682164,229.85609436035156,103336100
2025-09-04,228.8496136665047,231.56013509073304,225.32195802772998,231.49038696289062,51684200
2025-09-05,231.39075501551852,234.93834560019894,231.09179750662295,234.18099975585938,46588900
2025-09-08,234.85922103336074,237.51232497352402,233.06388696786647,233.43292236328125,32474700
2025-09-09,233.56257898038902,239.8462403027557,232.62501483391662,239.0084228515625,38061000
2025-09-10,238.28028718322085,241.03313748202237,237.23302305915445,238.54959106445312,35141100
2025-09-11,239.25777124796906,241.62161874698785,235.63718236935347,239.74649047851562,30599300
2025-09-12,239.746507229255,241.45207841249842,237.38265956507763,240.17539978027344,26771600
2025-09-15,244.02536743382055,251.75526430827645,244.02536743382055,250.95733642578125,58383800
2025-09-16,251.42611085580688,252.3836121103763,248.82288053993366,250.5084991455078,34109700
2025-09-17,250.56835490468708,250.94737408261642,245.6411664684413,248.8827362060547,34108000
2025-09-18,251.02715300766394,253.33117381914667,249.15203994052993,251.37625122070312,31239500
2025-09-19,252.59309222605677,255.33595897283527,251.1568250217611,254.0592803955078,55571400
2025-09-22,253.7700350469374,255.11653941381564,249.65075806779814,251.87496948242188,32290500
2025-09-23,252.38362744671002,253.7002107757565,249.8302703204236,251.00721740722656,26628000
2025-09-24,251.00721151585665,251.69542412904988,245.80075068993506,246.49893188476562,28201000
2025-09-25,243.76602627878,245.8506164364007,240.1155317960277,245.1524200439453,31020400
2025-09-26,246.42913668030897,248.7730319241888,245.33198386371188,245.90049743652344,18503200
2025-09-29,247.2071078925349,250.49853584610034,242.14028307987255,243.41696166992188,32505800
2025-09-30,242.18016510404112,242.65891575563484,238.6294019345709,242.46942138671875,34724300
2025-10-01,240.12549589508035,245.66110227108265,237.99104765144796,244.2647247314453,31658200
2025-10-02,244.5140808226371,246.16977847594512,241.6714827842888,245.0526885986328,25483300
2025-10-03,243.85583788051034,245.66114059757743,241.0331766174326,244.71360778808594,30249600
2025-10-06,244.14507219866994,250.66811683606912,243.94559401576447,249.78041076660156,28894700
2025-10-07,247.62601181924765,249.7903811872092,244.88314509840285,245.1225128173828,23181300
2025-10-08,244.32458799107962,245.37185214800957,243.18754572478312,243.98545837402344,21307100
2025-10-09,243.83586445575082,244.12510552114733,238.52965682972516,240.9034881591797,27892100
2025-10-10,240.80373872383117,243.45684250665406,235.22824247873842,235.95635986328125,33180300
2025-10-13,239.5869258671789,243.8657913377574,239.08822281740842,243.51669311523438,24995000
2025-10-14,240.60426901896764,246.47899033376285,239.88613541009548,244.81332397460938,22111600
2025-10-15,246.60865147753682,251.45604559967558,245.3519253048375,250.37884521484375,27007700
2025-10-16,251.1169327071502,256.29345747170413,249.45126638195018,250.8077392578125,27997200
2025-10-17,250.10953966399788,253.56057134926166,247.16719481275433,252.64295959472656,29671600
2025-10-20,254.0293759063695,256.6625123260812,253.5705623788801,255.88453674316406,22350200
2025-10-21,254.07923005269296,254.2188662949897,243.51668810909678,249.81033325195312,47312100
2025-10-22,253.71019631561148,255.69502480450944,248.64337127106648,251.0371551513672,35029400
2025-10-23,252.3237915100895,254.3784456458486,251.19673296350098,252.4235382080078,19901400
2025-10-24,255.9144557753844,261.0012332121926,254.65774472843228,259.2458190917969,28655100
2025-10-27,264.13309426145156,269.43930209007345,263.59448643744673,268.571533203125,35235200
2025-10-28,268.9904266199372,270.0277373828665,265.80869904433325,266.77618408203125,29738600
2025-10-29,267.05547147917497,274.6257797911847,266.97569238760303,273.8577880859375,43580300
2025-10-30,290.8336705300809,290.8336705300809,279.3335782487789,280.7499084472656,74876000
2025-10-31,282.47538175038454,285.25815337777135,276.3114191679317,280.46063232421875,39267900
2025-11-03,281.4480558536455,284.7893724933962,279.0742243823285,282.98406982421875,29786000
2025-11-04,276.03213953132416,280.5404041676455,275.5434202802167,276.8200988769531,30078400
2025-11-05,278.1466184544242,285.677052345188,276.62058842555,283.572509765625,31010300
2025-11-06,284.58986519375543,287.60205105478576,280.41076169575746,284.0113830566406,37173600
2025-11-07,282.47536340962876,283.04389217242976,274.47617771869056,278.1067199707031,34479600
2025-11-10,283.6822445549795,290.0456696400176,282.12626310035637,289.3475036621094,29557300
2025-11-11,287.0035887304013,291.1627853205446,286.5747114373448,290.5543518066406,19842100
2025-11-12,290.9234183741868,291.2525794490294,282.95415298016115,285.96630859375,24829900
2025-11-13,281.60765291032834,282.1063559927165,276.5208753822851,277.8474426269531,29494000
2025-11-14,270.70596321739896,277.83740995344476,269.997813487729,275.6929931640625,31647200
2025-11-17,285.0387085276487,293.1875295999499,282.83444961203753,284.2806701660156,52670200
2025-11-18,287.1731753233953,288.05086711584505,277.4783868942568,283.5426025390625,49158700
2025-11-19,286.41513772838755,303.0219431129204,285.88651371587775,292.05047607421875,68198900
2025-11-20,303.7500416076266,305.625169818548,287.92121274474346,288.6991882324219,62025200
2025-11-21,295.65113486551246,303.1316807498811,293.0877938372482,298.8827209472656,74137700
2025-11-24,310.3229443803346,318.651290855991,308.79691436510495,317.75360107421875,85165100
2025-11-25,325.3638169665917,327.9770159307299,316.82602366827604,322.60101318359375,88632100
2025-11-26,319.8482042131112,323.658303098724,315.9683100285969,319.1201171875,51373400
2025-11-28,322.5312152935296,326.0021995827445,315.9682963529555,319.3494873046875,26018600
2025-12-01,316.87595107857686,319.02036824755595,313.07583602161014,314.0732421875,41183000
2025-12-02,315.9184251730286,317.5541859262309,313.095779063488,314.9908447265625,35854700
2025-12-03,315.07061440214585,320.74582687116515,313.2852490348319,318.8009033203125,41838300
2025-12-04,321.39416988540876,321.52380710663783,313.8837033726762,316.7961120605469,31240900
2025-12-05,318.6612638744486,322.32175763971526,318.3421170569229,320.4366455078125,28851700
2025-12-08,319.4285975207571,319.81785493964355,310.6157547321785,313.11090087890625,33909400
2025-12-09,311.7635388280278,317.3726229056239,311.2944500995635,316.4643859863281,30194000
2025-12-10,315.2168165746965,320.6861883612462,314.069055340672,319.58831787109375,33428900
2025-12-11,319.45856710455377,320.49655652430846,308.0008744502611,311.82342529296875,42353700
2025-12-12,313.0909556884665,314.25866704717134,304.96674508462553,308.68951416015625,35940200
2025-12-15,310.7156001962807,310.8154121445851,304.28810059210934,307.6216125488281,29151900
2025-12-16,304.3579426322819,310.16661977978157,302.00250880457793,305.97479248046875,30585000
2025-12-17,307.4120099511304,307.4918412298865,295.54507970361715,296.1439208984375,43930400
2025-12-18,301.1342186567393,303.3698600006946,298.6490626821344,301.8727722167969,33518000
2025-12-19,301.1442091965169,306.65348128006514,300.3856749721532,306.56365966796875,59943200
2025-12-22,309.27840081787804,309.5279154654388,304.70727541789904,309.1785888671875,26429900
2025-12-23,309.02884787804055,314.328535898872,308.7194521900694,313.73968505859375,25478700
2025-12-24,314.15883598568854,314.4682316573388,311.3143938726672,313.48016357421875,10097400
2025-12-26,313.86948526563873,314.4782864028367,311.6737441219225,312.9013671875,10899000
2025-12-29,310.7655125785055,313.410361871903,310.0169686016006,312.9512634277344,19621800
2025-12-30,311.8932765746258,316.3346490163796,311.85334570689247,313.24066162109375,17380900
2025-12-31,312.2426007868329,313.9692224596297,310.83533467851674,312.3923034667969,16377700
2026-01-02,316.28471875384633,321.87385220157,309.7274673850438,314.5381164550781,32009400
2026-01-05,317.0432662013207,318.4006111389099,314.01915017003046,315.9254455566406,30195600
2026-01-06,315.7857038876524,320.3168980142969,311.17467848252585,313.7297058105469,31212100
2026-01-07,313.74968730616825,325.5168067446344,313.5800344006012,321.35491943359375,35104400
2026-01-08,328.3313118537803,329.67869694461876,320.8758135066914,324.80816650390625,31896100
2026-01-09,326.45496079982934,330.1876899539591,325.16745676828174,327.9320983886719,26214200
2026-01-12,325.1674658209474,333.39148904567276,324.36903115835116,331.2156982421875,33923900
2026-01-13,334.2996793666924,339.82890107364614,332.97224461379506,335.31768798828125,33517600
2026-01-14,334.40947336413166,335.8666302231012,329.83837890700147,335.1879577636719,28525600
2026-01-15,336.99445122357054,337.03438209247,330.097863235539,332.1339111328125,28442400
2026-01-16,333.7607557246461,334.00028002450074,327.0637915356931,329.35931396484375,40341600
2026-01-20,320.2470363972373,327.0937337673917,319.80788820634325,321.3748474121094,35361000
2026-01-21,320.2969541162656,331.83450818795274,318.729994927537,327.7424621582031,35386600
2026-01-22,333.8006666576773,334.49928930997066,328.11172120927307,329.89825439453125,26253600
2026-01-23,331.8444485977197,333.0421309365838,326.8142558744754,327.2933044433594,27280000
2026-01-26,327.1735452193246,335.1879535299186,326.3651202937951,332.61297607421875,26042100
2026-01-27,334.71886692218493,337.2539439848537,332.8325522369338,333.90045166015625,21636200
2026-01-28,335.40752623810386,336.8846637353836,331.2955302242731,335.3576354980469,27434400
2026-01-29,339.6393000059441,341.62545715973704,325.9060355700189,337.5932922363281,39785600
2026-01-30,339.33989756206086,339.33989756206086,331.64487488391205,337.3437805175781,31024000
2026-02-02,335.5672073695487,344.16047585276425,334.97835654941485,343.022705078125,32006100
2026-02-03,346.66563680855586,348.322417578686,336.81480425638233,339.0504455566406,36506700
2026-02-04,342.2941565134455,342.6434831024425,327.8821884154679,332.3934326171875,70618400
2026-02-05,311.6138496060838,332.0441098613053,305.8650224655501,330.6069030761719,88205800
2026-02-06,326.54477434837446,329.7385737476322,319.2988903139048,322.233154296875,56380500
2026-02-09,320.30690521957837,327.0637807183464,316.6440476026885,323.6903381347656,39640100
2026-02-10,320.3468306795893,321.0454837970353,313.9991629255859,317.9614562988281,39170000
2026-02-11,318.3506892240785,320.4366276261131,309.05876795214033,310.3562316894531,45406400
2026-02-12,311.4840826487114,315.62601945223736,306.60359228041904,308.40008544921875,47761300
2026-02-13,307.1325415821482,308.03078810659247,303.1203270701956,305.1264343261719,38499700
2026-02-17,299.45745756709624,303.84890853372514,295.674807618098,301.43359375,39247600
2026-02-18,301.5035060024616,304.7871271852118,300.66514046909924,302.7410888671875,28482100
2026-02-19,301.23402488534225,304.87693233204385,299.4574819671566,302.26202392578125,25834400
2026-02-20,303.72919173070744,315.88553781924986,303.3099937290923,314.3684997558594,53210800
2026-02-23,318.43054299285177,318.8996316925602,309.2683735389658,310.8852233886719,31423000
2026-02-24,309.91711960911005,311.6637220131571,305.33603467292323,310.29638671875,25615600
2026-02-25,311.4541454679639,313.031095017384,308.8392369672335,312.2925109863281,29963600
2026-02-26,312.0330001798944,312.53202939170336,301.762970472535,306.783203125,36431200
2026-02-27,303.5495233120643,311.7635251790807,303.21015662264614,311.15472412109375,44640600
2026-03-02,302.6413055358027,307.89107280501906,300.7150293830805,305.9248962402344,34790200
2026-03-03,298.01026816236094,303.34988694776314,296.1339134078651,302.9905700683594,35497000
2026-03-04,302.30197959238774,304.8769573413998,300.1661195993462,302.54150390625,29536200
2026-03-05,302.4516780897468,302.7111526067185,297.41146402777275,300.2958679199219,35752300
2026-03-06,295.5151547022239,299.94653713519574,294.60691775969326,297.9404296875,25576900
2026-03-09,293.99527562141907,306.4198649966507,293.71562375842984,305.98040771484375,29312100
2026-03-10,305.79068968096857,309.1265479913924,305.1914269440574,306.65960693359375,23239700
2026-03-11,306.3699695674413,311.0341973481569,305.54101125974313,308.31756591796875,24125700
2026-03-12,306.43985713507476,308.5572255769297,300.65702241451555,303.17388916015625,24928300
2026-03-13,306.6296377698095,307.3087879643589,300.0677703977713,301.9054870605469,23693100
2026-03-16,303.97293465389924,306.11026747244654,302.64456537566065,305.1814270019531,23519700
2026-03-17,305.48103123176395,311.03417054952814,305.1214918945171,310.5347900390625,21955200
2026-03-18,308.88680583632095,312.08285325242963,306.5497087361953,307.30877685546875,20009800
2026-03-19,303.63335165234247,307.67832164750223,301.9754046785898,306.7494812011719,25075800
2026-03-20,305.0815409313132,305.62088043111504,297.9004465638477,300.6270751953125,44364100
2026-03-23,301.7357168812967,305.60094814101865,300.5571860375472,301.685791015625,29326900
2026-03-24,298.82932646685043,299.5484356615691,289.97029010977093,290.0801696777344,36864300
2026-03-25,293.07644958925243,295.6332754793409,288.8816409209488,290.5695495605469,29460700
2026-03-26,287.55329025783345,287.5932492331535,278.15494535852446,280.57196044921875,39080600
2026-03-27,276.9364822022131,279.02388928595167,273.6106210828978,274.0001220703125,35890600
2026-03-30,276.07755917965534,276.74671205405957,271.772870758184,273.1611633300781,35141200
2026-03-31,277.6955407888773,287.72308014338427,276.74670556560056,287.2037353515625,43875400
2026-04-01,290.47967248402244,300.14767254424095,290.05021252939383,297.0215759277344,37684500
2026-04-02,290.3298713924274,297.71070019384774,289.0914173614996,295.403564453125,21666500
2026-04-06,295.50342601468935,300.2475409865838,294.8142784540748,299.6183166503906,16945500
2026-04-07,302.3549447988444,305.2513457589993,297.3511421656273,305.08154296875,23205400
2026-04-08,320.0530070056894,321.68096199730417,314.6297110626625,316.9268798828125,33547100
2026-04-09,315.51860784412145,319.1441153425082,310.6746106421415,318.09539794921875,23739200
2026-04-10,319.62350892085055,321.4312640320202,315.9281112234418,316.8469543457031,19152600
2026-04-13,316.74710955552524,321.2315371363443,315.0791651091577,320.91192626953125,18866400
2026-04-14,324.38762340838895,332.8770926852431,323.3489033390031,332.49755859375,27721400
2026-04-15,332.4775916674409,337.0619013824557,330.49003638532656,336.70233154296875,24918800
2026-04-16,338.33029678032364,339.458901613874,334.105526677332,335.6036682128906,20541500
2026-04-17,337.2316773591919,341.89590508018404,335.8234205588037,341.2566833496094,25581900
2026-04-20,340.3378420577138,340.97703331198585,336.1929591105031,337.0019836425781,18784200
2026-04-21,337.2716301294484,338.9195798085849,330.9394885663705,331.8783264160156,23123800
2026-04-22,336.60245884112476,339.3990082413208,334.7547751685775,338.8996276855469,20293000
2026-04-23,340.7572947145818,341.53632713037314,335.7634893621326,338.47015380859375,18650300
2026-04-24,338.3103390739037,344.8422143498026,334.97448084779876,343.9732971191406,26426100
2026-04-27,345.55136124882,352.74242256668157,342.3053878156813,349.90594482421875,28576900
2026-04-28,348.11816206941427,351.9833930501032,345.69117996136276,349.3466491699219,27824100
2026-04-29,347.1394107424554,355.3492283904879,343.78355752060145,349.5064697265625,35376300
2026-04-30,373.6065555628184,385.3619622201579,365.3667768501622,384.3232421875,72040000
2026-05-01,381.1572209075714,386.2808704617397,378.5804000830116,385.2121887207031,30105200
2026-05-04,385.15223320621686,386.90006506467324,379.31947226185457,382.7751770019531,26298600
2026-05-05,385.7515048868787,392.33333678038815,383.5442209432822,387.9487609863281,23878600
2026-05-06,393.7615619135972,399.3546301445318,392.2734176347804,397.546875,31308500
2026-05-07,399.42454979908837,399.6043194807176,392.1934987581594,397.4969177246094,24433500
2026-05-08,396.5081562950806,401.5019617899809,395.86893456144384,400.3034362792969,21461800
2026-05-11,393.16228042470647,396.94759333072534,387.9887055115338,388.15850830078125,30753700
2026-05-12,386.8601198229993,388.0386506028281,382.2957742925754,386.8701171875,26017500
2026-05-13,385.1222825184223,403.1998643489371,384.5230197682841,402.1211853027344,28144600
2026-05-14,396.7878070287349,402.43080112559403,395.349588612008,400.5731201171875,21136700
2026-05-15,395.82900006662373,399.0450119758119,392.69287563304505,396.2884216308594,20309700
2026-05-18,395.1997907850553,408.10376741205215,394.04122422601415,396.4482421875,26837200
2026-05-19,396.4681837278221,396.65795076850566,385.63162007935824,387.1797180175781,39545700
2026-05-20,387.2196997137571,393.37204141137994,382.42562803382646,388.4281921386719,31744400
2026-05-21,385.22215486500835,392.01371791338363,382.5454520468608,387.1797180175781,24852800
2026-05-22,386.87012298265273,388.258385079403,381.29701890681014,382.49554443359375,20442100
2026-05-26,384.0336125447445,388.7777274266938,382.12597532411496,388.398193359375,27747400
2026-05-27,386.1909390913781,393.39199754996946,385.421873594791,388.3482360839844,23087300
2026-05-28,387.5193014898567,391.38450201712897,384.68282366229704,389.64666748046875,24357500
2026-05-29,384.7626974671623,384.7626974671623,377.9910987617443,379.8687744140625,44415800
2026-06-01,376.05352511273605,378.09100632744554,373.05724175924524,375.9037170410156,28672100
2026-06-02,366.13582064636165,373.07722234401785,357.99592394061045,361.4017028808594,50412300
2026-06-03,361.5814692403301,365.9960065843375,357.6363508187865,358.54522705078125,55441600
2026-06-04,358.4553682250688,372.7875967270043,357.76622059782807,371.7289123535156,44055500
2026-06-05,365.88613605551615,371.6190149899659,363.6688852043904,368.07342529296875,37471200
2026-06-08,364.9454235864071,365.9647879200631,360.2984165590168,363.0766296386719,27942500
2026-06-09,366.85420025674074,371.84098522768176,357.0704802123837,364.0260314941406,29535100
2026-06-10,362.95671584537644,368.3232616719084,354.97185779418805,356.1510925292969,32357100
2026-06-11,355.70134679025995,358.5694982511428,346.13748714351743,357.5401611328125,35538200
2026-06-12,362.3870579560934,366.33453278338226,354.7119986974298,359.4489440917969,24704600
2026-06-15,367.69366113705985,372.7504085202595,366.3145426692825,369.1127624511719,27727500
2026-06-16,369.3626044753487,375.7584875251172,366.8242274297617,373.01025390625,24876100
2026-06-17,368.8929017493238,372.0908279957741,361.78745285393074,363.55633544921875,24543600
2026-06-18,365.51504497617543,369.2426598317581,358.4396065335441,367.7935791015625,44470100
2026-06-22,357.72009076397745,358.68946892539066,341.50050477393233,349.45538330078125,52814800
2026-06-23,340.47114598010614,349.0656275102868,339.98147051143604,345.90765380859375,34007700
2026-06-24,348.8157979233392,353.25294826847323,341.7103492701006,345.0682067871094,44997300
2026-06-25,336.51370015420923,345.34801779729577,335.6242572392167,343.48919677734375,44491400
2026-06-26,342.32993723999033,346.1374872957393,329.98789515004995,337.17327880859375,114706300
2026-06-29,341.6104064955248,354.122383587675,340.4511784786947,353.4228210449219,34213900
2026-06-30,353.64269008629407,358.3896389689017,350.1749177879227,357.14044189453125,35237200
2026-07-01,358.1397942573561,362.7368455226467,356.20103798676814,360.97796630859375,26736400
2026-07-02,359.2490860357571,363.97602803095486,353.19298133516355,359.6788024902344,25974800
2026-07-06,361.31772936423556,367.693635754559,357.15042523629825,366.2245788574219,26915800
2026-07-07,368.8329180211536,372.9202869594668,365.26520405735874,366.7942199707031,24045600
2026-07-08,364.525702555654,367.6037106679975,357.79001132287857,361.6875305175781,22094800
2026-07-09,354.08240970637695,359.41897594546776,350.8544734886641,358.65948486328125,24729100
2026-07-10,357.30034280387986,357.5901650645865,352.52341441108456,356.9505615234375,18146100
2026-07-13,355.96119810970276,357.8999543595846,351.52404777471276,352.2835693359375,15901700
2026-07-14,350.97442351070157,359.92865963343,350.86447830880365,359.2790832519531,18259400
2026-07-15,357.74006858863044,373.40998963278184,357.5302120160503,370.6817626953125,28284600
2026-07-16,372.8203579699616,375.02892981037553,352.07368364698067,354.2322998046875,41158500
2026-07-17,345.77774679993126,348.2961170979314,341.1407126662452,346.5472412109375,29959300
2026-07-20,350.6546131580819,359.4489481797366,350.2948285491913,351.7638854980469,24736600
2026-07-21,351.09433677099497,351.09433677099497,346.77710440528256,346.927001953125,23369800
2026-07-22,347.93634723653764,349.7152025525983,341.51048515922605,341.8702392578125,39334100
2026-07-23,320.92372412122546,324.2815511558238,314.69771503877246,317.4859313964844,69419700
2026-07-24,318.2154780071113,323.97175736278774,317.11617848672984,319.53460693359375,31806600
2026-07-27,324.83120713377,330.2077559724587,324.2415898017393,326.3502197265625,28471600
2026-07-28,327.68937042492354,335.66425552638333,324.2316014627561,333.4956359863281,29511900
2026-07-29,334.455045685483,342.2800028423013,331.40698648547414,336.49371337890625,27501600
2026-07-30,333.98534038388266,336.29385412629074,330.12780397797883,333.4456787109375,30168000
2026-07-31,340.611054758666,358.3496530632621,339.78160132747564,355.9012451171875,46498000
2026-08-03,365.2152604560987,376.4480305309448,363.1166033198653,373.27008056640625,38669700
2026-08-04,367.9834743668337,380.2755612380555,367.263935640354,377.40740966796875,35705700
2026-08-05,383.0937455186354,384.2330278418686,356.54080629618977,362.1971740722656,46926300
2026-08-06,360.5382517887205,363.8961093831237,356.65076635274994,357.52020263671875,25235900
2026-08-07,356.49084652154687,358.6694387836589,353.5527327193329,354.0723876953125,19859900
2026-08-10,354.951850943437,357.38028276908574,352.4834362714388,357.29034423828125,18991400
2026-08-11,355.6613923515014,356.5807842683805,343.1694223006263,343.5791320800781,29081800
2026-08-12,346.0875456512855,346.25744987105145,340.66104092628797,343.3193359375,25012000
2026-08-13,345.5478948342235,347.7065110877775,343.5392066313974,346.13751220703125,17866100
2026-08-14,346.5772111705174,350.22489088982945,344.27870083870846,345.67779541015625,17808600
2026-08-17,346.04755304110785,347.0269344906474,341.7103446182459,343.7790222167969,18291300
2026-08-18,342.19005363605754,344.6484648943574,339.97147845233087,343.9789123535156,19248800
2026-08-19,342.2400076559886,346.5072842825429,340.44117610948047,344.4985656738281,19733800
2026-08-20,342.83962071417653,343.6790774504127,338.3525147854226,340.451171875,18570400
2026-08-21,342.359928876986,345.97762917305914,340.1813365286692,344.5985107421875,20849800
2026-08-24,343.39927531721605,351.3741604480826,342.2699962782288,347.83642578125,26338200
2026-08-25,349.41542326154587,349.9350782600912,345.37800981753963,346.73712158203125,20649700
2026-08-26,346.3973312516375,346.65717399060424,339.96146577825954,341.7803039550781,20420300
2026-08-27,339.45183186724313,341.4705233735174,338.3025461528343,340.4311828613281,23391400
2026-08-28,340.49114263603377,348.91575095848634,340.0514228221321,346.36737060546875,25347200
2026-08-31,343.60912172254496,344.3686432833908,336.94342338566804,339.13201904296875,33493600
2026-09-01,335.7841605001305,336.9834018439635,332.8360433203593,334.8047790527344,23342700
2026-09-02,333.84541044728496,339.78159726283246,332.6062167342666,336.9034423828125,22582300
2026-09-03,340.34122971001256,344.4585782378343,339.841550898423,342.260009765625,20726900
2026-09-04,342.4700012207031,343.5299987792969,337.0899963378906,338.4599914550781,23189300
2026-09-08,335.4200134277344,339.67999267578125,333.2200012207031,338.3599853515625,22915800
2026-09-09,331.6499938964844,331.8500061035156,327.8999938964844,330.6499938964844,33151600
2026-09-10,328.2300109863281,333.2300109863281,327.739990234375,332.6000061035156,23557600
2026-09-11,335.0299987792969,342.9800109863281,335.0299987792969,338.5,24677500
