Date,Open,High,Low,Close,Volume
2015-01-02,77.89595539221699,78.24290709611357,77.02361103615712,77.76708221435547,18177500
2015-01-05,77.30116727142449,78.56010826544401,76.19091443824999,76.5180435180664,26452200
2015-01-06,76.55771434208222,76.91457357558359,74.70399001385606,75.48711395263672,27399300
2015-01-07,76.09180449317647,76.68657996631937,75.15998479536496,75.48711395263672,22045300
2015-01-08,76.07196835159291,77.54900319489448,75.41771765169077,77.49943542480469,23961000
2015-01-09,77.51925000858212,77.93559957069412,76.52795521275381,77.0632553100586,21157000
2015-01-12,77.16238463275415,77.32099543310338,75.54657680983748,76.05213928222656,19190200
2015-01-13,76.5577088717913,77.40030802878574,75.18971706203146,75.78449249267578,25179600
2015-01-14,75.75476275184747,76.52797164857807,75.36815830348216,75.61598205566406,25918600
2015-01-15,75.73492930174481,75.90344761390922,72.89982537894511,73.40538787841797,34134000
2015-01-16,73.39547526196397,74.66433152316812,73.19721174428838,74.52555084228516,21791500
2015-01-20,75.0608619967392,75.64572244289674,74.16869494388949,75.57633209228516,22821600
2015-01-21,75.49703035945826,76.62710604737306,75.18972376854767,76.07197570800781,25096700
2015-01-22,76.49822753754762,77.07318040909078,76.01249514199291,76.97405242919922,19519500
2015-01-23,76.974047701065,77.5093478351747,76.36935722899551,77.15248107910156,16746500
2015-01-26,77.30118041432598,77.78691280262184,76.61718450622979,76.82535552978516,19260800
2015-01-27,76.04222770224956,76.21074601311109,74.97162743975352,75.12032318115234,20110000
2015-01-28,76.23059045203527,76.96414666749793,75.33842339918556,75.57633209228516,53306400
2015-01-29,76.18100854294607,77.34082171501359,73.56399071536725,77.32099914550781,61293500
2015-01-30,77.32100160849458,77.47961242151156,75.09058810055724,75.24919891357422,42649500
2015-02-02,75.44744926991461,75.47718690440429,73.10799289232196,74.33719635009766,41955300
2015-02-03,74.53545845505992,74.9220628221404,73.21703455553974,74.7436294555664,26957700
2015-02-04,74.43633373367891,75.68536748107134,74.3570358860037,74.97163391113281,20277400
2015-02-05,75.05094072782693,75.31859460305834,74.55529324641506,74.95181274414062,15062600
2015-02-06,75.02118196836825,75.04100453433273,73.60363026809326,73.82171630859375,21211000
2015-02-09,73.40538779510064,74.17859657989936,72.81060482558195,73.7919921875,16194300
2015-02-10,74.19841724749513,74.68414960136984,73.85146556615605,74.53546142578125,15811300
2015-02-11,74.43631183899326,76.08186459266004,74.37683657998583,75.84395599365234,20877400
2015-02-12,76.1909346388522,76.20084970653022,75.22937727456244,75.56642150878906,17235000
2015-02-13,75.79440675213716,75.81423688530275,74.84276456064548,75.08067321777344,18621900
2015-02-17,74.64451059267356,76.24049602086794,74.42642449992947,74.94189453125,25254400
2015-02-18,75.2789274224383,76.23056949621073,74.79318753870633,76.04222106933594,22426400
2015-02-19,76.31979822604366,79.1449874002833,76.28014551937252,78.72864532470703,45851200
2015-02-20,78.85751605460308,79.64063240726638,78.51055677278842,79.2044677734375,36931700
2015-02-23,79.26393179970869,79.49193293285563,77.69768419072825,78.15367889404297,24139100
2015-02-24,77.81664998476066,78.788122318651,77.42013051045889,77.76708221435547,18897100
2015-02-25,77.81665378159448,79.50185217587638,77.81665378159448,78.86742401123047,25593800
2015-02-26,79.1846217737459,80.66165639409888,79.0260185467624,79.71001434326172,31111900
2015-02-27,79.97768348237587,80.52289877515524,77.93561813665835,78.2825698852539,30739200
2015-03-02,78.31229967458121,79.1648139216467,77.83647477922692,79.05577087402344,21662500
2015-03-03,78.91698141107238,79.00619431485242,77.83646612197876,78.90706634521484,18635000
2015-03-04,78.60966979795269,80.44356341183385,78.16358266183364,80.19573974609375,28126700
2015-03-05,80.52288188956297,81.27626051053582,80.34444851870532,80.5030517578125,27825700
2015-03-06,80.19576665045015,80.6220238010445,79.1350813077592,79.31351470947266,24488600
2015-03-09,78.98636748920882,79.21436861376866,77.94550495666255,78.74845886230469,18925100
2015-03-10,77.81665085038969,78.5700371036457,76.87492370605469,76.87492370605469,23067100
2015-03-11,77.12274602711332,77.74725908967463,76.58744587506939,76.89474487304688,20215700
2015-03-12,77.42012810301617,78.36186277057135,77.23178721988889,78.24290466308594,16093300
2015-03-13,77.91577496032681,78.68898374578289,77.00378549865962,77.37056732177734,18557300
2015-03-16,77.28134545044,77.4399562563664,76.68657005417496,77.39038848876953,19305400
2015-03-17,77.67786409771284,79.0855009523221,77.6580339656877,78.66915893554688,22170000
2015-03-18,78.56011259650603,80.53278712325103,78.48080719769742,80.2056655883789,36912400
2015-03-19,80.41383248511097,82.27746388415196,80.29487439296757,82.0296401977539,42099500
2015-03-20,82.6640839404855,83.86354990305719,82.34686986412753,83.07051849365234,44466300
2015-03-23,83.18946768668977,84.22041530875973,82.57486967796076,83.69503021240234,27357300
2015-03-24,83.97259211185474,85.32075381365149,83.78424365612457,84.56736755371094,32576500
2015-03-25,84.75570838267322,84.77553095165999,82.19816589355469,82.19816589355469,37436100
2015-03-26,81.9999076316628,83.0407626410545,81.42495482858212,82.28738403320312,32794800
2015-03-27,82.6541727284825,83.2192105646915,82.15852523837003,82.57487487792969,18372600
2015-03-30,83.08042906247059,83.60581418679047,81.69262215407109,82.47573852539062,24527700
2015-03-31,82.1783456407831,82.77312104588215,81.49434976528043,81.50426483154297,19734300
2015-04-01,81.78182191851205,81.99990798703809,80.166014099037,80.95904541015625,22058200
2015-04-02,81.5340173627663,81.8413164062289,80.73107079734162,80.85002136230469,19664100
2015-04-06,80.09663557860715,82.08913299752324,80.09663557860715,81.72235870361328,19062900
2015-04-07,81.93051501756023,82.69380866987153,81.50425795996382,81.60338592529297,17467000
2015-04-08,81.91068763369105,82.37659740563981,81.12756382426343,81.56373596191406,18966700
2015-04-09,81.78182577348247,82.07921725603241,80.99870192821521,81.45469665527344,15927300
2015-04-10,81.49434685779899,81.89086630137822,81.19696294734906,81.3258285522461,12529700
2015-04-13,81.21678382670378,83.20928850608104,81.20686876100123,82.28738403320312,26883100
2015-04-14,82.4459941630099,82.9614717409337,81.722353128782,82.7929458618164,19634200
2015-04-15,82.82268178118794,82.93172481187749,81.55381811161685,81.989990234375,22390900
2015-04-16,81.75208614541917,82.34686153304405,81.43487210115396,81.59347534179688,13769700
2015-04-17,80.77071611982043,81.39522921770508,79.67037811665682,80.0768051147461,24215000
2015-04-20,80.8301740210888,82.42615915780216,80.53278257384606,82.3666763305664,28796800
2015-04-21,83.26876388940717,83.75449622779455,82.81276918518935,82.89207458496094,27171900
2015-04-22,83.58598104742843,84.00232306731073,82.92181531623818,83.89328002929688,45548000
2015-04-23,83.36789483725603,84.84492203664057,81.69261169433594,81.69261169433594,73728100
2015-04-24,82.04947020194854,82.21799607183827,80.77070651964827,80.82026672363281,29660400
2015-04-27,81.15732300112026,82.20809326320851,80.91940675979495,81.19697570800781,25446000
2015-04-28,81.1176670898997,81.1870574334667,79.53159669195371,79.97767639160156,23775300
2015-04-29,79.31350599215692,80.68149021295179,78.82776605239182,79.76950073242188,26430300
2015-04-30,79.31350832096102,80.25523546566228,77.63821749331308,78.08429718017578,28999000
2015-05-01,78.55020715224923,79.06568474466519,77.4300466180446,78.30238342285156,24136400
2015-05-04,78.63944007636084,78.9963069082246,77.94552898641187,78.12396240234375,14692000
2015-05-05,77.86620628678729,78.11402997635317,76.54778244318196,76.88481903076172,22311300
2015-05-06,77.29126225816802,78.12394631910614,76.3792727924797,77.42012786865234,28663000
2015-05-07,77.32099634075057,78.25281589629247,76.88482419764937,77.74725341796875,19749400
2015-05-08,78.41142130676606,78.54029447787595,77.35073611729135,77.8265609741211,19943600
2015-05-11,77.79683484738884,78.34204255903754,77.2516195727595,77.33092498779297,18874100
2015-05-12,77.19212478471273,77.21194735197116,76.12152464126854,76.78569030761719,21285300
2015-05-13,77.04344567734594,77.84639217662722,76.97405533250658,77.7571792602539,21512300
2015-05-14,78.25282001631018,81.13748417584368,77.98516616423179,80.66166687011719,49438000
2015-05-15,80.70132765751127,80.81036314697128,79.48203150884967,79.71994018554688,27069900
2015-05-18,79.63071856883404,80.6715736425414,79.53159059462091,80.1759262084961,21613700
2015-05-19,80.54272917635559,80.97890145297244,79.84882561172118,79.9281234741211,17955400
2015-05-20,79.76949525858087,80.39400827159317,78.76828537421387,79.84880065917969,23056900
2015-05-21,79.4919349074089,80.21557589867365,79.38289187097514,79.77941131591797,13402700
2015-05-22,79.65054924082793,80.60219150344187,79.55142125653114,79.83889770507812,19567900
2015-05-26,79.72984234049169,79.89836064406938,78.39159585170418,78.63941955566406,16321300
2015-05-27,78.90706604377216,79.95784369425823,78.73854773973413,79.84880065917969,14160900
2015-05-28,79.551413741534,80.36427523674763,79.30359002271304,79.45228576660156,11982000
2015-05-29,79.25401180024674,79.37296989226307,78.19332672611525,78.5006332397461,16134600
2015-06-01,78.60969220409955,79.68028499738487,77.97526404401185,79.59107208251953,18119000
2015-06-02,79.0656881067887,80.64184346255054,78.86742457705175,79.7397689819336,18923300
2015-06-03,80.64184326735828,81.8115716195437,80.54271528421992,81.72235870361328,31775000
2015-06-04,81.42495967282966,82.22790609398459,80.80044663004023,81.33574676513672,20863900
2015-06-05,81.15730339289615,81.74216366147465,80.80043668011045,81.4249496459961,16143100
2015-06-08,81.10774883216351,81.28618221759938,79.43245802240331,79.96775817871094,16915500
2015-06-09,79.89836783787365,80.48323576462789,78.62951156943181,79.96775817871094,16497500
2015-06-10,80.12636214557105,81.88095064991396,80.10653201389526,81.44478607177734,21531200
2015-06-11,81.59347782183156,82.17834572424164,80.65175072638331,81.11766052246094,18656800
2015-06-12,80.66166348271113,81.37538941132777,80.4931376128214,80.82026672363281,11417900
2015-06-15,79.84881250972734,80.22550187400813,79.37298759849547,80.00741577148438,18805100
2015-06-16,80.11644622169197,80.80044206057467,79.74966441941098,80.35435485839844,13693700
2015-06-17,81.04826529564308,81.50425999794228,80.63191573008366,81.0780029296875,18350300
2015-06-18,80.92930668167267,82.46581664334646,80.85991634835071,82.1882553100586,26782600
2015-06-19,82.1089468088554,82.25764253549272,81.40512843661622,81.79173278808594,23353200
2015-06-22,82.68391801750985,84.23033576812884,82.58478246899898,84.00233459472656,29383100
2015-06-23,84.22041103635198,87.20421070520058,84.02215508804122,87.114990234375,50667900
2015-06-24,86.89691309354711,88.47306832764119,86.68873451264813,88.08646392822266,41370200
2015-06-25,88.4829905595098,88.62177124936116,87.07534596347686,87.2141342163086,27302000
2015-06-26,87.35290137153027,87.5709798768069,86.07413015919488,87.24385833740234,38214600
2015-06-29,85.85605469033005,86.7383065750262,84.98371787259121,85.05310821533203,35957900
2015-06-30,85.84613779746725,85.94526577599143,84.82510524900634,85.02336120605469,23016500
2015-07-01,86.01465414049228,87.18438241134707,85.73709278181144,86.1534423828125,25260000
2015-07-02,86.63917915669602,86.67883186180244,85.58840137882663,86.53013610839844,16908800
2015-07-06,85.73709456801035,87.42230045122086,85.63796658969913,86.78787231445312,24635900
2015-07-07,87.03569965135878,87.08525986107982,84.48807193190477,86.46074676513672,33059900
2015-07-08,85.53883177256873,85.99482648672758,84.70614018277219,84.90440368652344,24399300
2015-07-09,85.97500720059722,86.83742889516182,84.90440692840016,85.13240051269531,23307400
2015-07-10,86.58961175385886,87.45204107689597,86.01465887183411,87.18438720703125,23245900
2015-07-13,87.8882142374262,89.43463194525836,87.65029800315949,89.315673828125,29976700
2015-07-14,89.67251589170063,90.00956001582392,88.86956962063766,88.89930725097656,26627800
2015-07-15,89.21652341861126,90.19790305858203,88.64157067479871,88.9786148071289,30886600
2015-07-16,89.4940900945885,90.06904287289247,88.98852764725373,90.05912780761719,21804100
2015-07-17,91.74434813121306,94.55962208176166,91.73443306435054,94.14328002929688,54001600
2015-07-20,95.0156132454624,97.74167418009631,94.52988086928924,97.05768585205078,54860500
2015-07-21,98.08862337283908,98.37609978979965,96.2943820963737,97.53350067138672,39453300
2015-07-22,95.89785998986649,96.7305515820152,95.08499852963861,96.19525146484375,28299500
2015-07-23,96.11594138019922,96.60167370688235,93.98465608131343,94.60917663574219,29418800
2015-07-24,96.50256044131596,96.90899499502979,95.04535567631105,96.10604095458984,33444900
2015-07-27,95.73925922394031,95.76899685961078,93.01319836378013,93.35023498535156,38585400
2015-07-28,94.0144001444826,94.72813364808307,92.49772023082133,94.46048736572266,35236000
2015-07-29,95.48152514535475,96.4331673485733,93.91527737708715,96.14569091796875,64648300
2015-07-30,94.08379589850655,94.97595519467717,91.00086837370907,94.38117980957031,86211300
2015-07-31,94.1234394839823,95.49143116644446,93.13214467082616,93.1916275024414,46509000
2015-08-03,92.71579756824774,94.25230746937642,91.9921566296874,93.32048797607422,29343100
2015-08-04,92.97354177648765,93.90536132444562,92.51754706831099,93.2411880493164,20136000
2015-08-05,94.4208433526489,96.2448224181546,94.35145300913466,95.6004867553711,29813200
2015-08-06,96.33403427979253,97.88045183293139,93.59805836325648,94.2919692993164,42271300
2015-08-07,94.54971116290557,94.56954129750056,92.79512240026808,93.47911834716797,23199100
2015-08-10,94.8470860108037,95.0651720751427,92.8149286618037,93.33040618896484,21624200
2015-08-11,92.9140815046366,93.93511412067977,92.09130485876435,92.80503845214844,22491000
2015-08-12,91.89302901875041,93.61788749275215,90.39617924957187,93.37006378173828,27050500
2015-08-13,93.23129720829134,93.90537810671177,92.53738617472234,92.61669158935547,17451800
2015-08-14,92.72572383754894,93.89545209663633,92.39859471254609,93.59806060791016,15929700
2015-08-17,93.5980676142429,93.63772031990659,92.57703502308865,93.11233520507812,18313500
2015-08-18,93.261037164938,95.01562602014722,93.22138445663634,94.34154510498047,22278800
2015-08-19,93.80622774076171,95.26343236182065,93.34032552008506,94.48030853271484,23251300
2015-08-20,92.72571397289596,93.94500230840355,89.67252425697663,89.77165222167969,44598200
2015-08-21,86.75811092278607,88.40366379496989,84.8647419325636,85.31082153320312,62778700
2015-08-24,76.35944683029606,81.37539672851562,71.37323456973708,81.37539672851562,83710700
2015-08-25,86.19307713235268,86.9068105760513,82.2774658203125,82.2774658203125,52021200
2015-08-26,85.20178870555631,86.69864603567956,82.53521072149796,86.43099975585938,45124300
2015-08-27,88.32437766277128,89.27601989784388,86.43100825966295,88.94889831542969,42431400
2015-08-28,89.09758247719081,90.68366036023805,89.00836956683384,90.2177505493164,33215900
2015-08-31,89.81130229316942,90.25738946575348,88.11618918849884,88.6514892578125,32850700
2015-09-01,86.09395285062962,88.61184257894236,85.74700117926312,86.47064971923828,36097400
2015-09-02,88.0368903215416,89.10749053955078,86.86716213437882,89.10749053955078,27190500
2015-09-03,88.9786377741956,89.03811305167328,86.9663102144104,87.38265228271484,27048200
2015-09-04,86.44090629557519,87.62054956540419,85.9452588797451,87.49168395996094,27328700
2015-09-08,88.90924405764514,89.454451727468,88.0567298188879,88.7506332397461,27012500
2015-09-09,89.98975424269616,91.17931271905368,89.38506371888498,89.65271759033203,32551100
2015-09-10,89.28593665768227,91.25861150852565,88.84976445555357,91.17931365966797,26437400
2015-09-11,90.88192114943917,91.27844064129752,90.3367059027614,91.24870300292969,21185000
2015-09-14,91.50643157958984,91.81373814739645,90.8026130944509,91.50643157958984,20127900
2015-09-15,91.5659006872009,92.43823736269657,90.99094790511155,92.0912857055664,18859400
2015-09-16,92.09130505572132,92.7852085157841,91.82365117613962,92.63651275634766,16321200
2015-09-17,92.55720339468047,94.67857378073236,92.0912936024484,93.51875305175781,27841800
2015-09-18,92.38868103115986,94.36136331418926,92.23999284754747,93.57823944091797,62300000
2015-09-21,93.79631908183458,95.65003556462688,93.69718354893246,94.71822357177734,28790000
2015-09-22,92.95371853571598,93.85580051611926,91.11982450125703,92.15077209472656,36888900
2015-09-23,92.58694736459891,93.49893687907516,91.99217192311355,93.15198516845703,21701400
2015-09-24,92.24989593216894,93.94500921096936,91.43703446111296,93.58815002441406,29106000
2015-09-25,94.95613220979578,95.0156074791521,91.25859918423178,91.96241760253906,28961600
2015-09-28,91.27843739667544,91.48660842083078,87.41238572369625,88.43341827392578,41199900
2015-09-29,88.32436641489717,89.27600852878066,84.97379266624617,85.91551971435547,42281800
2015-09-30,87.6701191753474,89.23635929443464,87.24386208625276,89.1174087524414,36169100
2015-10-01,89.26610483982176,90.15826416015625,87.59081411243095,90.15826416015625,29283700
2015-10-02,88.12612104773247,91.3973897885265,87.60073594337034,91.26852416992188,37881700
2015-10-05,92.13094235488353,93.44935870851695,91.85338101727649,93.1916275024414,27292500
2015-10-06,93.26102853756197,93.35024145075224,91.53616991941594,91.99217224121094,22172800
2015-10-07,92.29946049841011,92.84467566989494,90.57460964413508,91.59564208984375,24129300
2015-10-08,91.09008621511055,92.40851022492367,89.68244929603686,91.6650390625,27290500
2015-10-09,92.09129284983716,92.92397689154761,91.43703462022509,92.42832946777344,20012900
2015-10-12,92.50763356134009,93.77648973816586,91.86329040695779,93.439453125,18449600
2015-10-13,92.84467971291394,94.53979300673788,92.73563667386858,93.30067443847656,19480300
2015-10-14,93.26101369813824,94.37125899929632,92.79510394655416,93.2510986328125,19253400
2015-10-15,94.16309942447175,95.46170087238444,94.07388651465796,95.1246566772461,27557500
2015-10-16,95.34273355615866,96.74045528246165,94.5199570623109,96.6908950805664,25412900
2015-10-19,96.33403692237282,97.71193620312984,96.07629813545302,97.61280822753906,23729900
2015-10-20,97.87055270389423,98.72305939391678,95.71943693732862,96.15560913085938,30881800
2015-10-21,96.52237957956314,97.32532596555212,95.6302127268091,96.26464080810547,21917800
2015-10-22,96.93872136613871,98.86183573730597,96.70081272694645,98.80235290527344,26392100
2015-10-23,101.02287653881056,101.95468869098978,99.28811029810784,101.3004379272461,42809700
2015-10-26,101.31033600681965,102.9063214048281,100.66600037060077,102.86666870117188,25961200
2015-10-27,102.04390824355234,103.19380649416308,101.5086080437406,102.79728698730469,23795500
2015-10-28,102.99554665628128,103.57049954149603,102.02407427909151,103.29293060302734,24081500
2015-10-29,103.05501340665056,104.20491908194121,102.61884124526726,103.96700286865234,20316700
2015-10-30,103.60023405586422,103.80840508120326,100.76512998375725,101.08234405517578,33487100
2015-11-02,100.83451225530747,102.56927822393857,100.29921213457236,102.4106674194336,24003900
2015-11-03,102.3214704270547,102.74772757672855,101.50860883499999,101.68704223632812,21242300
2015-11-04,102.29171564711855,103.23344270784227,101.58789722730766,103.03518676757812,43469300
2015-11-05,107.85288512432194,109.68677912536012,107.01027843253875,107.813232421875,63232900
2015-11-06,107.09949073257366,107.79339406500429,104.98803553848118,106.16767120361328,35084300
2015-11-09,106.06855078111202,107.30766936500352,104.93847523764136,105.56298828125,26383500
2015-11-10,105.03761239223492,107.20855076111026,104.32387881545506,106.97064208984375,25031700
2015-11-11,107.32749438070604,108.91357225461873,106.17759624139714,108.0610580444336,25057100
2015-11-12,107.53566076124648,108.43773507577357,107.059835940467,107.07965850830078,20924700
2015-11-13,106.77236813070715,107.30766826099854,102.9261468085514,103.04509735107422,30278400
2015-11-16,102.42058957638947,103.26318873546472,99.59540060161719,103.13432312011719,49309200
2015-11-17,103.70928113781402,105.27552142221741,103.23345623067937,104.21483612060547,26807200
2015-11-18,104.87898856275591,106.94087591430727,104.47255408119904,106.83183288574219,23836500
2015-11-19,106.42542197111929,106.79220380990097,105.02769252004154,105.33499908447266,25520600
2015-11-20,105.90994021068651,106.9309802790157,105.69186169233332,106.3857650756836,22129600
2015-11-23,106.25689814462494,106.53445949451512,105.15656024828922,106.01898193359375,19897200
2015-11-24,105.077257830754,105.56299020686559,103.48127246055039,104.81951904296875,23577300
2015-11-25,105.40438293813644,105.67202921922087,104.18508694813526,104.49239349365234,15150800
2015-11-27,104.85916493361408,105.03759830387634,103.94717551359774,104.53203582763672,5913100
2015-11-30,104.9186509292368,105.17638972662805,102.84684817219129,103.33258056640625,20383200
2015-12-01,103.91744150305064,106.21724526497876,103.59031238566503,106.18750762939453,22781900
2015-12-02,106.06855680295354,106.98054631735904,104.86909085320671,105.14665222167969,24429100
2015-12-03,105.34490601456966,105.91985887342742,102.4503267129119,103.47135925292969,23236500
2015-12-04,103.89761480885585,106.79220163017443,103.20371141232935,105.25569152832031,21224700
2015-12-07,105.5530724999724,105.90002416365657,103.7489162858357,104.69064331054688,15474900
2015-12-08,103.09466617977243,105.97933787330206,103.04509841122491,105.56298828125,20401800
2015-12-09,105.2556932597929,105.51343205259109,102.6485903836935,103.68944549560547,23517300
2015-12-10,104.13553741572709,105.47378408425642,103.50110925341717,104.50231170654297,17454300
2015-12-11,103.24336845202176,103.43170934585865,101.02286992688794,101.23104095458984,26427700
2015-12-14,101.39954524479158,103.82821446152218,100.57676875180093,103.74891662597656,24648100
2015-12-15,104.38335612465255,104.87900357526728,103.37223109012977,103.63988494873047,21764300
2015-12-16,104.45275268107527,106.15777365975052,103.28302432549621,105.86038970947266,22680500
2015-12-17,106.55429035981999,106.81202916034714,105.20612864426582,105.29534912109375,21675700
2015-12-18,105.15656563968575,105.66212059734293,103.06493277908699,103.13432312011719,35994200
2015-12-21,103.99675180624283,104.23466046510491,102.69815034170668,103.85796356201172,16138800
2015-12-22,104.30404580143195,104.74021795756902,103.8976112808534,104.59152221679688,14597100
2015-12-23,104.96821859375046,105.18630468647656,102.95589111392698,103.71918487548828,19599700
2015-12-24,103.82822020795666,104.4031730346131,103.59031156219449,104.10578155517578,6501800
2015-12-28,104.10579150747745,105.05744130746089,103.62005910340896,105.00787353515625,13069700
2015-12-29,105.49359472023227,106.80210360232743,105.32507641308639,106.32628631591797,17179900
2015-12-30,106.06855795969507,106.31638169324576,105.13673830139084,105.29534912109375,13115000
2015-12-31,105.07724801785918,105.24576631748981,103.70926392671423,103.74891662597656,18391100
2016-01-04,101.06251580945562,101.34999224876456,98.88166997308589,101.33016967773438,37912400
2016-01-05,101.99432712115185,102.80718860049171,100.78494618684584,101.83572387695312,23258200
2016-01-06,100.24963734803046,102.86665493528578,100.02164378624275,102.07362365722656,25096200
2016-01-07,99.625139135943,100.54704371106347,96.45299842745324,97.06759643554688,45172900
2016-01-08,99.0105399731676,99.62514558402061,96.18535079009744,96.48274230957031,35402300
2016-01-11,97.05769044496105,97.74167880537391,94.55962298047022,96.66117095947266,29932400
2016-01-12,98.1382001401192,99.08984238543545,96.70082548649138,98.5049819946289,28395400
2016-01-13,99.70443122211341,99.70443122211341,94.38117550763761,94.60917663574219,33410600
2016-01-14,95.01559731807572,98.00931160518122,91.64519376036492,97.51366424560547,48658600
2016-01-15,93.16190017334986,95.54100193770867,92.72572798716006,94.14328002929688,46132800
2016-01-19,95.68968909706048,96.57194089410804,93.1024089757927,94.43074798583984,30998300
2016-01-20,92.02189885459451,94.17300677313965,88.59201972599345,93.5286636352539,59051400
2016-01-21,94.08378783083681,95.15438040703428,91.81372195837167,93.34031677246094,30518900
2016-01-22,95.57075275044322,97.21629848618784,94.65875562003893,97.08743286132812,30495400
2016-01-25,97.86063307430014,98.61401931082437,96.08621430777822,96.16551971435547,32482000
2016-01-26,96.90898722158184,97.02793776397208,94.82726953697757,96.49263763427734,26877100
2016-01-27,96.9387209770258,96.9981962458403,93.40971385175214,93.62779235839844,58699400
2016-01-28,106.26680988493783,109.37947525506556,103.89761568722238,108.16018676757812,107475300
2016-01-29,108.04122186747985,111.85770546675377,107.89252612974619,111.23319244384766,62739500
2016-02-01,111.29266091806437,114.71263242519282,111.03492972224147,114.0881118774414,46132700
2016-02-02,113.80065313134833,116.56635913965604,112.21457530248163,113.6123046875,59778600
2016-02-03,114.26654976214986,114.33594009653787,108.79460572232335,111.70901489257812,56919300
2016-02-04,110.8267845827585,110.96556527841825,108.29897929484893,109.52818298339844,38890200
2016-02-05,108.55670128174381,108.62609161881451,102.28180305800109,103.16405487060547,76894700
2016-02-08,99.53591868719016,101.78615465018032,96.61159436633275,98.88166046142578,71229700
2016-02-09,96.29439067252645,101.50860421820283,95.97717659159063,98.67350006103516,62709000
2016-02-10,100.66599614347797,102.35119438171387,99.36739473295165,100.12078094482422,45179400
2016-02-11,98.73296151325292,104.19499803121266,98.01922804033877,101.02285766601562,43670600
2016-02-12,102.83692994590331,103.33257739174645,100.20999697033862,101.12199401855469,36176800
2016-02-16,102.89640966373365,103.02527527307458,99.36739481345849,100.72547149658203,45687200
2016-02-17,101.13188503161709,104.7996800705757,99.52599240924832,104.2842025756836,44073400
2016-02-18,104.87899361803846,105.07724955426994,102.13310276705948,102.56927490234375,29593500
2016-02-19,101.65729377005853,104.10578579004502,101.1715538296864,103.65970611572266,32404500
2016-02-22,104.57169698962113,107.30767303403553,104.42300124187406,106.22716522216797,35709700
2016-02-23,105.91986100782579,106.53446658274626,104.20492502633908,104.54196166992188,25319300
2016-02-24,103.30284455115724,106.01899056284702,101.84563978264732,105.94960021972656,34412400
2016-02-25,106.1775997255719,107.12924194335938,104.69065734222019,107.12924194335938,29906300
2016-02-26,107.75375386491065,108.49722504860502,106.22716635648061,106.98054504394531,26686200
2016-02-29,106.66333102583035,107.96193250346471,105.82073186316924,105.98925018310547,32779000
2016-03-01,106.89133130137738,108.86400604248047,106.66333014577194,108.86400604248047,26817300
2016-03-02,108.72524306437819,109.58767249386045,107.82316092472627,108.99288940429688,25670200
2016-03-03,109.29026441094294,109.33983218189954,107.59515101335121,108.6260986328125,21353100
2016-03-04,109.09200237775968,109.09200237775968,106.99045455170271,107.44644927978516,24938900
2016-03-07,107.12924259068161,107.12924259068161,103.8084060937262,104.80961608886719,31436400
2016-03-08,103.86788283897168,106.43534067215121,103.49119348358923,105.00787353515625,25617000
2016-03-09,105.77117310722923,106.57412719726562,104.57170706895532,106.57412719726562,20493300
2016-03-10,106.9706329813471,107.71410413335653,104.84925500300558,106.3857650756836,24854300
2016-03-11,107.5356759905058,108.46748807023677,106.98054569381539,108.45758056640625,20697600
2016-03-14,108.32871248191277,109.36957521955541,107.8231499325166,108.93340301513672,17249400
2016-03-15,108.16019391267986,109.86522245745695,107.8925400376614,109.70661163330078,17618500
2016-03-16,109.52816991467029,111.52067475458657,109.14156551389276,111.20346069335938,24744800
2016-03-17,111.17373415309446,111.70903435290239,109.76609708858867,110.0535659790039,24241200
2016-03-18,110.58884802823871,111.44136218101475,109.31007679907465,110.47980499267578,36256900
2016-03-21,110.68799425231632,111.39181273703599,110.06347361322786,110.87633514404297,18448000
2016-03-22,110.39058306258283,111.89734774255422,110.2022346414694,111.27283477783203,19001100
2016-03-23,111.03494814478694,112.20467647437552,111.02503307777054,111.56033325195312,18562000
2016-03-24,111.15389042801412,112.10553259032778,110.70781076420383,112.06588745117188,17839100
2016-03-28,112.3335355543593,113.59247672486774,111.9667537259061,112.7003173828125,21351800
2016-03-29,112.83909387511862,115.30741591833308,112.65074543465947,115.12898254394531,29825300
2016-03-30,115.71385784160564,115.97158907212416,113.36448618894119,113.70152282714844,33235200
2016-03-31,113.7015182667368,114.00882481846006,112.77961373752629,113.10674285888672,21207500
2016-04-01,112.7597863618292,115.1587180235988,112.36326691916976,115.04967498779297,24760500
2016-04-04,113.07700102081299,113.55282586719841,110.63841664516374,111.57023620605469,48487900
2016-04-05,111.13406761684755,112.33353349266605,110.92589660332331,111.24311065673828,22962400
2016-04-06,111.4909350309327,112.81926652402377,111.44136726233333,112.72013854980469,20814600
2016-04-07,112.79944495067478,113.88986780267528,112.08571142922581,112.65074920654297,20714500
2016-04-08,113.25544436586475,113.334749774409,108.94331298575607,109.66695404052734,48497800
2016-04-11,109.73633487376158,109.94451344389688,107.82313554554248,108.04122161865234,39762300
2016-04-12,108.38818407646363,110.1923481105315,108.04123236336602,109.64713287353516,26248100
2016-04-13,111.2530248813197,111.66936690521838,105.59272460501998,109.5479965209961,88227400
2016-04-14,109.65704354723107,111.06468047710662,109.3001767814908,109.8751220703125,28473300
2016-04-15,109.82556809431372,110.00400148730694,108.2494051957102,108.68557739257812,20922800
2016-04-18,108.78469929569289,109.84538452727485,108.24939914662632,109.48851776123047,21167200
2016-04-19,110.1328642527979,111.47111088406582,108.20975724814582,111.31250762939453,30210500
2016-04-20,111.45127553934462,112.28395954763576,110.58884633391806,111.44136047363281,21027900
2016-04-21,111.57024750612152,113.04727483563578,111.33233127734249,112.45249938964844,20875200
2016-04-22,110.24190791234285,110.7772080804233,108.06106209836771,109.59756469726562,38458200
2016-04-25,108.91357744469369,109.70660885646066,108.12053846994654,109.14157104492188,21017900
2016-04-26,109.52816831557233,109.53808338192898,107.20854194477349,107.813232421875,22521500
2016-04-27,107.00036583689462,107.99166066195244,105.3845504317436,107.94209289550781,52213100
2016-04-28,118.53904075718287,119.73850662600852,115.21820450045342,115.71385192871094,87110100
2016-04-29,115.80306368901023,116.81418110493357,114.83159141153295,116.55644989013672,37140600
2016-05-02,116.80427807049222,117.69644497925077,115.55524439823024,117.53783416748047,28095200
2016-05-03,116.49696589580667,117.13140154931487,116.00131847739483,116.40775299072266,24117500
2016-05-04,115.59490530869014,117.2701962028098,115.55525260293213,117.03227996826172,23448400
2016-05-05,117.01244786509925,117.94426746705629,116.22932400687702,116.7844467163086,22056700
2016-05-06,116.140110181249,118.5985172147285,116.09054241273562,118.44982147216797,26395600
2016-05-09,118.49937968134536,119.23293570569386,117.86495162304736,118.20198822021484,21138100
2016-05-10,118.57869018949577,119.4510269165039,117.96408467273,119.4510269165039,23220000
2016-05-11,119.36182794030871,120.0259937382468,118.38044049955579,118.47956848144531,22038400
2016-05-12,118.9355567632854,119.78806335722469,117.8649565341812,119.23294067382812,22035500
2016-05-13,119.33206654797748,119.5898053163042,118.63816320591998,118.76702880859375,18124300
2016-05-16,118.34077368058124,118.56877481841735,116.32844639259623,117.63695526123047,31247800
2016-05-17,117.78565775275949,117.97400620077451,116.17975731884665,116.32845306396484,21328600
2016-05-18,115.78326285629774,117.2404602016106,115.71387250652094,116.62586212158203,21642300
2016-05-19,116.03106807066389,116.46723267256223,114.87124731978179,115.79315185546875,20544100
2016-05-20,115.94184866444542,116.96288118435466,115.93193359797627,116.32845306396484,18944800
2016-05-23,116.3978312539713,116.57626461689274,114.9307192148208,114.96045684814453,20441000
2016-05-24,115.22811021972579,116.70514497841121,115.10915967909249,116.67539978027344,20183600
2016-05-25,117.10167821888052,117.63697843828483,116.35820695242691,116.86376953125,20019800
2016-05-26,117.21070427731428,118.71747672740297,116.89349021881873,118.43000030517578,18481300
2016-05-27,118.51920790873562,118.80668431809457,117.97400028793435,118.34077453613281,13493600
2016-05-31,118.42009242907379,119.05452058458656,117.09176084190024,117.77574920654297,23547600
2016-06-01,117.46844084669195,118.04339368029719,116.79436003973605,117.74600219726562,15029500
2016-06-02,117.65679805970417,118.40026925971819,117.19088823095191,117.89470672607422,13228300
2016-06-03,117.94426794991213,117.94426794991213,116.83401496352397,117.43870544433594,14135100
2016-06-06,117.58740209465904,118.3903485321291,117.3296633066764,117.75592041015625,12744700
2016-06-07,118.20200606906337,118.26148890805896,116.64567332182482,116.73489379882812,17103000
2016-06-08,116.73490002655278,117.56758418711262,116.24916003657897,117.35941314697266,14505600
2016-06-09,117.10166646481724,117.64688169734966,116.68532441250889,117.52792358398438,13859200
2016-06-10,116.5168021043951,117.08183988833326,115.24794585716413,115.60481262207031,18510800
2016-06-13,113.99891628448276,114.47474117581618,112.32362544240935,112.95805358886719,31718200
2016-06-14,113.07700858326265,113.94934536983412,112.59127620143148,113.93943786621094,17618500
2016-06-15,114.296297396263,114.43507806799785,113.0770014226161,113.60238647460938,19819400
2016-06-16,112.8787484452695,113.5032614844765,111.95684392283273,113.39421844482422,19236300
2016-06-17,113.423954742293,113.43386980841157,111.58014571917408,112.03614044189453,24644300
2016-06-20,112.77961431560489,113.72134898225927,111.768496873375,112.38310241699219,20785400
2016-06-21,113.12657663285094,114.2070844428773,112.97788088535727,113.38430786132812,19166300
2016-06-22,113.65195972044715,113.74117262958632,112.62101213573158,112.91840362548828,14846300
2016-06-23,113.3744056781417,114.08813168624151,112.55162905798107,114.0782241821289,16176900
2016-06-24,110.04363919453056,112.690394527378,110.03372412877667,111.10432434082031,40643100
2016-06-27,110.5987655356332,110.5987655356332,107.2878443841171,108.02140045166016,36130400
2016-06-28,109.6669529484452,111.76850087606032,109.58765510367063,111.71893310546875,26813800
2016-06-29,112.3831053706393,113.25544215868553,112.05597623900451,113.16622924804688,20968300
2016-06-30,113.67178354133407,114.17734605429229,112.68048864854214,113.2851791381836,23192700
2016-07-01,113.20588376178446,114.1277883962817,112.81927932438052,113.19597625732422,14980000
2016-07-05,112.94815558419477,113.20588684082031,111.98659821676205,113.20588684082031,14207000
2016-07-06,112.37319119176435,115.77333302315148,111.9865867833163,115.68411254882812,24337600
2016-07-07,115.6147157315916,115.95175991362886,114.35577459872714,114.84150695800781,16630200
2016-07-08,115.41646729604898,116.47715255294811,114.84151443003412,116.21941375732422,18142600
2016-07-11,116.68530705245692,117.66668676202877,116.47713605727373,116.84391784667969,17711600
2016-07-12,117.5972999444585,117.68652040961972,116.54652987175876,116.90339660644531,15217700
2016-07-13,117.35941327348236,117.36932834101796,115.66429974796063,115.763427734375,16207700
2016-07-14,116.47715295898412,116.6159336425777,115.68411399875222,116.26898193359375,14579700
2016-07-15,116.71506448842882,117.25036466528553,115.56516628712865,115.84272766113281,16646000
2016-07-18,116.2987215678041,118.56878787838798,115.87246444288259,118.33087921142578,20868400
2016-07-19,117.95417345420974,119.79798250166873,117.6270518977738,119.56007385253906,21541300
2016-07-20,120.19449973648801,121.13622681232438,119.51050387453519,120.8586654663086,20046500
2016-07-21,120.85866770097215,121.0371010785643,119.20320709735476,119.56007385253906,17801700
2016-07-22,118.85626288732968,119.95660085788897,118.27139494948335,119.94668579101562,18422400
2016-07-25,120.3332812340102,120.78927595744338,116.75470622054475,120.5711898803711,18487400
2016-07-26,120.93798086521186,121.00737120745137,119.69886220880599,120.1647720336914,17612000
2016-07-27,121.35431456290799,123.91185710874764,120.45224017590567,122.26630401611328,52654200
2016-07-28,126.40990954338294,127.21286347405054,122.55377337718103,123.91184997558594,78955800
2016-07-29,123.56491775423106,124.74455360881757,122.63309807561657,122.86109924316406,35058800
2016-08-01,122.7718799792326,123.49552863184533,121.79050008090496,123.22787475585938,25006900
2016-08-02,122.98003559975676,123.71359922771306,121.00736098307196,122.01847839355469,23968400
2016-08-03,122.01848011933413,122.84125666442029,121.24527134220914,121.44353485107422,18525300
2016-08-04,121.86979080690949,123.70368475970729,121.44353372054206,123.27742767333984,21066000
2016-08-05,123.8920285725632,124.74453515047266,123.53516183623869,124.060546875,20184000
2016-08-08,124.15968637378344,124.35794232882907,123.46578296814388,124.16960144042969,15233900
2016-08-09,124.24889007703834,124.99236119783339,123.44594368673309,123.97132873535156,19621000
2016-08-10,123.98125617105703,124.38769072120564,123.4558710700201,123.79290771484375,10670100
2016-08-11,124.110120448219,124.28855383560413,123.6640407612462,123.81273651123047,11729500
2016-08-12,123.6144743255312,123.91186582871215,123.099004291395,123.79290771484375,12159000
2016-08-15,123.82265163355507,123.83255913737312,122.62317812932933,122.82144165039062,19295100
2016-08-16,122.42491763286068,122.84125966718523,121.71118410945874,122.2266616821289,14222400
2016-08-17,122.58351984921087,123.29724575959207,121.78056591019082,123.28733825683594,13794200
2016-08-18,122.93048020930922,123.17830392935534,122.56369838096826,122.83135223388672,12400800
2016-08-19,122.52405059253898,123.0791808905343,122.20683652067595,122.4843978881836,11688300
2016-08-22,122.25641331054486,123.74335580015116,122.03832720199237,123.06927490234375,14386400
2016-08-23,123.42611892521388,124.00106416721714,123.16838015694947,123.28733825683594,13309500
2016-08-24,123.38647779785181,123.60456388660867,122.01848599127865,122.40509796142578,12243700
2016-08-25,122.04822969916256,123.28734831287774,122.02839956607443,122.8115234375,10730800
2016-08-26,122.9701332310433,124.10020879234648,122.83135255249587,123.87220764160156,17504800
2016-08-29,123.26751549030008,125.6268021196452,123.26751549030008,125.4384536743164,15925900
2016-08-30,125.49792353939242,125.49792353939242,124.06054906596344,124.74453735351562,17804300
2016-08-31,124.50663242486422,125.12123795837465,124.01098499676924,125.02210998535156,14200600
2016-09-01,125.2798415450379,125.52766525976276,124.50663276517307,125.07167053222656,13536100
2016-09-02,125.7457662148907,125.75568128228696,124.90316699774013,125.40872955322266,12118800
2016-09-06,125.56734744743905,128.80888663248797,125.36909145429645,128.6007080078125,26278400
2016-09-07,128.9079774530822,130.83109190930534,128.8187645455566,129.90919494628906,27990800
2016-09-08,129.78032194013753,129.93893274880375,128.67998403469946,129.135986328125,15676600
2016-09-09,128.58087160607363,128.81877270788263,125.99358367919922,125.99358367919922,27100700
2016-09-12,124.86350195021947,127.63912307138507,124.65533093335553,127.56974029541016,21252800
2016-09-13,126.91548449915734,127.2327061267738,125.55741533007877,126.10262298583984,18016200
2016-09-14,125.78540857671156,127.67878545571753,125.78540857671156,126.65774536132812,15691100
2016-09-15,126.86592994096408,127.97618299811768,126.55862336627234,127.23271179199219,15077200
2016-09-16,127.08401236860445,128.05547720576848,127.08401236860445,127.94644927978516,24119200
2016-09-19,128.77913166007588,128.80886929874734,127.14348590334141,127.53009033203125,14958800
2016-09-20,127.53010251250743,128.04558017531437,126.91550441998208,127.52019500732422,11083800
2016-09-21,128.00589159036036,128.87822065528692,127.27232805475766,128.808837890625,14068300
2016-09-22,129.36397384469043,129.5919674177307,128.4321542949278,128.9476318359375,15538300
2016-09-23,126.44957275862836,127.4805279066973,126.19184153459089,126.8460922241211,28326300
2016-09-26,126.2612269130135,127.04435074677319,125.69618915485518,126.20174407958984,15064900
2016-09-27,126.49914001184155,127.88694679093449,126.32070663124678,127.56974029541016,15637100
2016-09-28,128.08522649569827,128.34295773604612,127.28226488446138,128.10504150390625,12047600
2016-09-29,128.05546044544167,128.16450348311392,126.4396601384275,126.9749526977539,14532200
2016-09-30,126.91547277831037,127.47059544941297,126.34051997582316,127.15338897705078,18402900
2016-10-03,127.26245105387758,127.96626200078501,126.68749816535625,127.64905548095703,13156900
2016-10-04,128.04556914200202,128.15461219346983,126.439676134895,127.07410430908203,14307500
2016-10-05,127.1335679697271,127.6787831772453,126.71722593652031,127.35165405273438,12386800
2016-10-06,127.311994352652,127.93651496821606,126.96505021975156,127.61930847167969,11682700
2016-10-07,127.91667910592471,128.12485767710822,127.2128682422199,127.86712646484375,12804400
2016-10-10,128.5511091254094,129.56223410954888,128.07529183179747,129.1062469482422,15138700
2016-10-11,129.0963338609108,129.5027684104335,127.11374401070454,127.75809478759766,17537900
2016-10-12,127.88696784059987,128.53131869306148,127.34176766862102,127.92662811279297,11073000
2016-10-13,127.09391785301777,127.13356299112138,125.64662073391528,126.70730590820312,17139300
2016-10-14,127.37149036968442,127.82747756468643,126.46940835762544,126.76679229736328,13345300
2016-10-17,127.08399921612971,127.35165306610313,126.21166245383856,126.42974853515625,11351700
2016-10-18,127.55981832151438,128.26364434407367,126.89565256482409,127.45079040527344,13504000
2016-10-19,127.6193021360843,129.33423796043195,127.48052146462192,128.9773712158203,16752300
2016-10-20,128.93771454289268,129.522574811307,128.37266927865835,128.86831665039062,13167500
2016-10-21,128.65024491774724,130.97979387459094,128.57093951432714,130.92031860351562,19088800
2016-10-24,131.56467397155825,132.24866994359138,130.99962855954433,132.1197967529297,17470200
2016-10-25,132.33785531705215,132.33785531705215,131.06899918775932,131.1383819580078,13336800
2016-10-26,130.49407505103184,131.10867311946592,129.80017156635444,129.8992919921875,13084700
2016-10-27,130.59320818145665,130.65268346104602,128.14470833195213,128.56105041503906,16741400
2016-10-28,129.36397844732252,131.81247794678538,128.79893312008076,130.1470947265625,24545500
2016-10-31,130.86082602990442,130.96986906704848,129.74067314937935,129.84971618652344,15669000
2016-11-01,130.2660729060755,130.7914580190806,127.53008916563782,128.37269592285156,22077800
2016-11-02,129.0963252411919,129.0963252411919,125.18071357367069,126.0629653930664,39640900
2016-11-03,120.93798077901204,122.20683707219044,118.45974346796672,118.95539093017578,63766300
2016-11-04,118.54895444468288,120.86858846268454,118.21191780611595,119.69886016845703,30545500
2016-11-07,121.76075073621007,122.13744006425803,120.29363100042916,121.086669921875,23008900
2016-11-08,120.96771081854621,123.52525337801801,120.48197845372516,123.1386489868164,19460800
2016-11-09,120.44233597963117,122.73222488550998,119.46095610039455,122.10771179199219,31916000
2016-11-10,122.85117086824003,123.09899458034711,114.26655385062068,119.74842071533203,67846700
2016-11-11,118.48948742175958,119.64930073003795,117.12150307581433,117.98392486572266,32840100
2016-11-14,118.09296417498385,118.09296417498385,112.56154412507392,114.0782241821289,51377000
2016-11-15,115.7138387292479,117.4585120323544,114.8216719475578,116.17974090576172,34681400
2016-11-16,113.48343851484168,116.85383497700384,113.21578466828272,115.32723999023438,32397900
2016-11-17,115.79315323316041,116.7646255493164,115.00012186201369,116.7646255493164,18597800
2016-11-18,117.35940426957241,118.09296038833645,115.82289412759988,116.00132751464844,22879300
2016-11-21,117.17104631325257,120.88840193947225,116.77453443017264,120.70996856689453,35415400
2016-11-22,121.33448687800157,121.90943968586116,119.8475446553863,120.41258239746094,26089200
2016-11-23,120.17469029712935,120.25398814538373,118.89591890214658,119.78807830810547,15672100
2016-11-25,119.95659765203645,120.08546326602573,119.02477802832668,119.33207702636719,8658600
2016-11-28,119.07433999246336,120.63067260297757,118.7769485125518,119.36181640625,18101300
2016-11-29,119.52042619179777,121.03710618381358,119.3519078733471,119.81781768798828,18891000
2016-11-30,119.27261454654285,120.72981941210614,116.92324266502442,117.38915252685547,30188900
2016-12-01,117.34948367456744,117.41887401276296,113.00761487823426,114.09803771972656,43277000
2016-12-02,114.10795509365111,115.46603181206181,113.30500865501065,114.39543151855469,25070400
2016-12-05,114.94063330451269,116.54653366283962,114.06829657078045,116.40775299072266,20201500
2016-12-06,116.66550000549016,116.77454305028034,115.31733832715703,116.28880310058594,19131200
2016-12-07,115.98149831351243,116.92322540283203,115.55524122231965,116.92322540283203,21913700
2016-12-08,116.95297338784029,118.45973827924597,116.61592919555154,117.8748779296875,22442800
2016-12-09,118.18218881018161,118.89592240636884,117.91453493012115,118.63818359375,17464700
2016-12-12,118.18217116878908,118.20199373773286,116.6258385839137,116.74478912353516,17805500
2016-12-13,116.83399576727533,120.46213049305177,116.5861720884143,119.26266479492188,29768000
2016-12-14,118.95538032255946,120.63067101558892,117.81538974853905,119.1635513305664,25913100
2016-12-15,119.0346991119101,121.4336310697649,118.58861184774322,119.52043151855469,20139600
2016-12-16,119.84754767291399,120.44232306433953,118.23173224334894,118.8265151977539,25324300
2016-12-19,118.8066786449956,119.31224110372587,117.4783472613651,118.20198822021484,15918100
2016-12-20,118.45974112077853,118.727387417357,117.76583771262703,118.05330657958984,13684400
2016-12-21,117.88478792181107,118.16234928427329,117.44862330779038,118.00374603271484,10767600
2016-12-22,117.82531086762017,117.95417648025062,115.91211143329228,116.37802124023438,16258600
2016-12-23,115.98150683376345,116.53662957452354,115.28760340781331,116.24915313720703,10890000
2016-12-27,115.94184157340958,117.6468698787946,115.84271360372006,116.98270416259766,12051500
2016-12-28,117.1611475595336,117.22062283384116,115.63455249413994,115.9021987915039,12087400
2016-12-29,115.98150139011045,116.50688646838205,115.04968177930134,115.337158203125,9934900
2016-12-30,115.58497967486277,115.81298082138268,113.77090825792048,114.04847717285156,18684100
2017-01-03,115.019951043206,116.81419247014742,114.50448100048115,115.84272766113281,20663900
2017-01-04,116.52670101700686,118.61833354686635,116.26896226408678,117.65677642822266,19630900
2017-01-05,117.82530376583452,119.897106324449,117.2900036515899,119.61954498291016,19492200
2017-01-06,119.92687663982944,122.80162619041299,118.98514181896508,122.33572387695312,28545300
2017-01-09,122.47448988733203,124.33812160659222,121.96892736257749,123.81273651123047,22880400
2017-01-10,123.73344221101996,124.40752311688166,123.19814200080796,123.26753234863281,17324600
2017-01-11,123.26751206892482,125.02210817423183,122.98003565723667,124.99236297607422,18356500
2017-01-12,124.5165512776356,125.62680427300404,123.71360483985741,125.51776123046875,18653900
2017-01-13,126.38017162557257,128.1446827181637,126.26122109016985,127.22277069091797,24884300
2017-01-17,126.92539246894255,127.22278396443527,126.2909719003192,126.75688171386719,15294500
2017-01-18,127.29218220887986,127.31199721626193,125.735841949677,126.80644226074219,13145900
2017-01-19,127.11374768553799,127.23271336564254,126.34053883168104,126.4396743774414,12195500
2017-01-20,126.9848672694516,127.36154899990672,125.67635090041122,125.93408966064453,19097200
2017-01-23,126.20175476330074,128.1248693422471,125.84488798446574,127.80764770507812,16593600
2017-01-24,128.25372756036967,128.76918997169253,127.26243274880633,128.24380493164062,15162700
2017-01-25,128.86830682793695,130.59316499543974,128.64031328958603,130.33541870117188,18731300
2017-01-26,130.48416233748912,131.98101230368118,130.29581387217496,131.6241455078125,20020100
2017-01-27,131.52500538016162,131.79265924923342,129.9389425517207,131.02935791015625,19539500
2017-01-30,130.43458094664092,130.43458094664092,128.47182133724908,129.8397979736328,18956100
2017-01-31,129.0368588191783,129.5225987787039,128.39252316707874,129.18556213378906,19790500
2017-02-01,131.09875613893414,132.32796731291714,129.54241581882755,132.07022094726562,50139800
2017-02-02,132.06030595669853,134.31054958376146,129.26484711700454,129.70101928710938,54366400
2017-02-03,130.09754432071733,131.69352966813113,129.62171189192713,129.8397979736328,24804900
2017-02-06,129.8398000972754,130.910400390625,129.16572683440322,130.910400390625,17058500
2017-02-07,131.08881822032157,131.84219675644246,130.51386547198314,130.69229125976562,14596400
2017-02-08,131.44572115605155,133.26970029953452,131.28711032810668,133.0317840576172,22390600
2017-02-09,133.31926458415361,133.32917208840541,132.14952866613126,132.97230529785156,16470600
2017-02-10,132.93263768486915,133.7653216800901,132.51628056130053,133.0218505859375,15061900
2017-02-13,133.52740747356071,133.52740747356071,132.5361126665915,132.88307189941406,13526200
2017-02-14,132.93262286475797,133.06148088772704,131.3961130829501,132.68479919433594,14364900
2017-02-15,132.2883041103043,132.5361278404195,131.50518777856269,132.2783966064453,13226500
2017-02-16,131.9116252838458,132.70464913722722,131.86205751151937,132.67491149902344,12831100
2017-02-17,132.3378618520214,132.92272218053802,132.01073273794628,132.3675994873047,12276500
2017-02-21,132.33786789348608,132.74430242885742,131.74308490874947,132.5559539794922,14759100
2017-02-22,132.43700630596757,135.5992243697369,132.29822562331302,134.93505859375,27360100
2017-02-23,134.70705620159785,134.93504978122027,133.1606386598825,134.18167114257812,18422500
2017-02-24,132.99213004113886,134.43941215318864,132.99213004113886,134.260986328125,12625700
2017-02-27,134.08253602609818,135.9858203238411,133.8446349426047,135.2225341796875,14306700
2017-02-28,135.59919527857494,135.61902540783126,133.5769607471741,134.36007690429688,16112100
2017-03-01,135.28201251992422,136.28321489624622,135.11349420663987,136.22373962402344,16257000
2017-03-02,135.89660237021425,136.62025847485376,135.12339362566007,135.56947326660156,12294800
2017-03-03,135.44061383363706,136.1345171708499,134.8953986665561,135.9759063720703,11160600
2017-03-06,135.68844704805903,136.63017415215825,135.32165765941963,136.22373962402344,12748200
2017-03-07,135.83714349602923,137.1654750763817,135.79749835412093,136.10479736328125,13527100
2017-03-08,135.95607287961366,136.78877198964133,135.85695247729558,136.5211181640625,10184500
2017-03-09,136.52112827646758,137.3637349513533,136.2039066632535,137.03660583496094,15535300
2017-03-10,137.70079857700873,138.2757515192506,137.01680257458372,137.5818328857422,16314100
2017-03-13,137.50249866149932,138.4640406337731,137.46283840176105,138.38475036621094,10955500
2017-03-14,138.2459889284164,138.2459889284164,137.31416933246618,138.10720825195312,12944000
2017-03-15,138.07747368845676,138.8804353430656,137.2844497904096,138.5037384033203,19344800
2017-03-16,138.97954102053976,139.02910879039848,138.51363121059498,138.77137756347656,13612900
2017-03-17,139.11831282030312,139.11831282030312,138.48388473410347,138.62266540527344,20592800
2017-03-20,138.49379294711022,138.96961018074217,138.03779071732663,138.72178649902344,12099500
2017-03-21,139.92127835831857,141.0711841487624,137.1952172026407,137.30426025390625,29894800
2017-03-22,136.7293093733573,138.57311864176773,136.4021953407015,138.37486267089844,17055400
2017-03-23,138.26581613817274,139.1678981777798,137.87921171062123,138.3153839111328,13022800
2017-03-24,138.86057020230413,139.79238968616346,138.54334862228498,139.11830139160156,16664700
2017-03-27,137.83953171436661,139.4255941663199,137.56197040712587,139.09848022460938,12800500
2017-03-28,139.1381635419163,140.71431892472097,138.7912042496688,140.52597045898438,14679400
2017-03-29,140.75396002517493,141.61638169718904,140.19882220799045,141.408203125,16527600
2017-03-30,141.16039597332048,141.70561122543,140.6151958471716,141.17031860351562,12404000
2017-03-31,141.0711619913886,141.38838359104963,140.6548199863023,140.8134307861328,11478300
2017-04-03,140.69446837041266,141.22977605070557,139.59414562683457,141.0414276123047,13564000
2017-04-04,140.6250737192191,140.85306727625513,140.04021344745138,140.49620056152344,12948600
2017-04-05,141.02160801474525,142.1913438704237,140.0600507449448,140.6151885986328,17158100
2017-04-06,140.872920712733,140.98196375821786,139.68336984214542,139.94110107421875,15103400
2017-04-07,139.97081585738127,140.31777507071683,139.0191813666762,139.55447387695312,11818300
2017-04-10,139.7725954558796,140.19884504680843,139.40582114499094,139.81224060058594,9039400
2017-04-11,139.57430958835764,139.8023031550036,137.6016275090589,138.70196533203125,16638100
2017-04-12,138.50369459128441,139.17776771659126,138.22613328957496,138.3649139404297,11612500
2017-04-13,138.40459883237656,139.35624865873314,138.11712994657975,138.17660522460938,10965600
2017-04-17,138.54336594864353,140.31779224112725,138.53345844526294,140.1889190673828,11519700
2017-04-18,140.04023968348227,140.6746678367567,139.38598139624168,139.73294067382812,14807500
2017-04-19,140.11955035776865,141.79482615482306,140.04024494488476,141.0315399169922,15563900
2017-04-20,141.7056261786012,142.99431278522025,141.4478949076623,142.54823303222656,15968200
2017-04-21,142.64733108476128,142.91498494495352,141.03153067180185,142.4292449951172,12382000
2017-04-24,143.69811934871674,144.4019302767182,143.0835062080014,144.20367431640625,14407200
2017-04-25,144.52090980205818,145.86907177881065,144.52090980205818,145.21482849121094,17767500
2017-04-26,145.80958009404657,146.30522760143754,144.81828507926463,145.28419494628906,12395000
2017-04-27,145.39319797264642,146.46379810896386,144.86781296954024,146.4142303466797,11275100
2017-04-28,148.19857600207337,150.21090328219205,147.77232648874826,148.94204711914062,30652200
2017-05-01,150.41910940437415,151.24188607309432,150.1018877425229,151.13284301757812,25218300
2017-05-02,152.00516548185732,152.10430102820618,150.3397972101135,151.45004272460938,21870400
2017-05-03,152.2628951582923,152.2628951582923,150.02255911450226,150.4785614013672,29782500
2017-05-04,148.86274635084632,150.20100045359757,147.42537183830993,149.53683471679688,36225500
2017-05-05,150.13161784835117,150.31005880567795,148.4860645934915,148.93215942382812,17148500
2017-05-08,149.39805100106364,149.76482524912447,148.43649380256366,149.7449951171875,15827500
2017-05-09,150.1712767799433,151.2616921447133,148.90242045943538,149.17005920410156,17453900
2017-05-10,148.92224469042733,149.2097287130422,147.56417537092534,148.98171997070312,12080700
2017-05-11,149.00154058885647,149.33857723953253,148.10938118978214,148.73388671875,11841900
2017-05-12,149.0907145495508,149.15020493644465,148.32742853291268,149.02133178710938,9598200
2017-05-15,148.86273822811637,150.16133199532825,148.46622635869352,148.882568359375,15064700
2017-05-16,148.80326435592949,148.90239988719412,147.73266414729665,148.47613525390625,14550800
2017-05-17,146.7116538799038,147.37581968708267,143.1628161128287,143.58908081054688,28300100
2017-05-18,143.46020890568977,146.8603433837302,143.25203030709343,146.37461853027344,23031600
2017-05-19,147.15772256393998,148.08954217542922,146.67199775119826,146.7711181640625,16187900
2017-05-22,146.79094363666076,147.29649856630866,146.4043392490573,146.94955444335938,12586700
2017-05-23,147.22713134148054,147.5146002237686,145.96818251002998,146.7810516357422,12817800
2017-05-24,147.21720666474738,148.92223517823382,147.12799375003203,148.73388671875,17862400
2017-05-25,148.99163847590836,151.26169732402602,148.64467918262474,150.63719177246094,19891400
2017-05-26,150.9047997234511,150.9246298542667,149.8341995487788,150.80567932128906,14996200
2017-05-30,150.64709327630788,151.5689903102576,150.31996413091787,151.05352783203125,13226000
2017-05-31,151.37070582340468,152.01505648870798,149.7747206653458,150.14151000976562,18023900
2017-06-01,150.42902362076273,150.9643162915682,148.9916488255261,150.2109375,14530600
2017-06-02,150.52813829156642,152.29264202313797,149.98292306530328,152.27281188964844,16854400
2017-06-05,152.30255581960384,153.36324867870047,152.07456221591374,152.2926483154297,12520400
2017-06-06,152.07456513750063,153.17490316039363,151.15265294893362,151.4797821044922,13457100
2017-06-07,151.9357669026947,152.41158419858272,151.01385482058015,151.7870635986328,12066700
2017-06-08,152.73869967068853,153.38303521951443,151.76723503330314,153.36322021484375,17799400
2017-06-09,153.42269095908173,154.23554477939854,145.33372226025782,148.29769897460938,35577700
2017-06-12,146.8801428103252,147.9011752033005,143.30156812080395,147.14779663085938,33170200
2017-06-13,148.8429163288777,149.86394881877195,147.60379776095178,149.36830139160156,20483400
2017-06-14,149.94324944477944,151.07332493768334,147.75249635702474,148.94204711914062,20808800
2017-06-15,146.3845238489349,148.7338880465079,145.095837385243,148.49598693847656,18994200
2017-06-16,148.28779641581758,149.51700750363304,147.30642417220145,149.3286590576172,22882400
2017-06-19,150.38935502415814,152.23316413203648,150.38935502415814,151.53924560546875,19026500
2017-06-20,151.5491727417081,152.50080739770982,150.88500695809267,150.92465209960938,14743900
2017-06-21,151.03369552800885,152.7387240107787,150.5578781988052,152.57020568847656,15039800
2017-06-22,151.67801659276364,153.20461910250506,151.57889618527363,152.0646209716797,13005500
2017-06-23,151.390573984864,153.84898135568093,151.32117607423078,153.72012329101562,18027000
2017-06-26,154.8898234484844,155.13764716600198,151.86637106957812,152.2529754638672,18049700
2017-06-27,151.5095167008542,151.97542653796327,149.08084709577176,149.26919555664062,19360800
2017-06-28,149.60622494159466,152.1340299693682,148.55545476459667,151.90603637695312,16719100
2017-06-29,150.954385062589,151.17247114907758,147.62363361780703,149.7251739501953,23973500
2017-06-30,150.57770000719742,150.59753014188155,148.75372089124008,149.66571044921875,17666000
2017-07-03,150.3992935385953,150.82554317044307,146.51341856800167,147.13792419433594,13862700
2017-07-05,147.70294890264398,149.53685062732282,146.8405271285534,149.03128051757812,14334300
2017-07-06,147.7326690614727,148.7338714063326,146.7116365845086,147.52450561523438,14951800
2017-07-07,147.9507507829903,150.66690401490413,147.89127551438665,150.12168884277344,13615900
2017-07-10,150.36951609123315,152.6395746102247,150.19107515525667,152.16375732421875,13378700
2017-07-11,152.03492621113512,154.06708421223863,151.57893893098216,153.91839599609375,13667700
2017-07-12,155.12774492815996,157.77450050597156,154.84026093554425,157.51675415039062,22739400
2017-07-13,157.3581490218748,158.38908900447476,157.04092741125396,157.8736114501953,13929200
2017-07-14,158.73607970881437,158.92442818670273,157.94304065105592,158.5774688720703,16371200
2017-07-17,158.85500087647526,159.3803859407482,157.42753386186237,158.3395233154297,12858800
2017-07-18,158.2701355823085,162.30469765946916,158.03221937867391,161.44227600097656,23722900
2017-07-19,162.16595108758798,164.25758421573056,161.7496089881519,162.71116638183594,26273600
2017-07-20,163.36541694338183,163.56367291566312,161.3927344731742,163.09776306152344,18523100
2017-07-21,162.7310031881409,163.6132552001013,162.32456857704526,162.99864196777344,14744000
2017-07-24,163.20677014985625,164.72344993622636,162.87964106099793,164.554931640625,17367000
2017-07-25,163.57356318735518,164.09894826523268,162.43358012236655,163.84121704101562,15383200
2017-07-26,164.56486213230303,164.56486213230303,162.67150035489652,164.16835021972656,35236900
2017-07-27,173.17922513828498,173.96235662112483,166.04190450705445,168.95631408691406,68910700
2017-07-28,167.59824020240413,171.9202715537653,167.57841006863856,170.9488067626953,24557600
2017-07-31,170.5027335095089,171.21646709241622,167.0827689148882,167.77667236328125,25478900
2017-08-01,168.34170251677014,168.9860381335434,167.57840122963862,168.38134765625,14385000
2017-08-02,168.81754317865443,169.0653669310817,165.45705370077897,167.8262481689453,17433800
2017-08-03,167.82623205057902,168.2227439659963,166.78536936515872,167.12240600585938,10793800
2017-08-04,167.49911219622538,168.57962008268356,167.22155081485926,168.14344787597656,10777700
2017-08-07,168.47055235552784,170.56218503972664,168.1830835119181,170.48287963867188,12787800
2017-08-08,170.38376111886248,171.54357426096124,169.13471994586473,169.73941040039062,14393500
2017-08-09,168.50029902582298,169.95750370568328,168.08395699242854,169.68984985351562,10815000
2017-08-10,168.57961241117113,169.10499751098848,165.39756417461393,165.94276428222656,20832700
2017-08-11,166.48797862685876,167.3504154920727,165.3975632914955,166.61685180664062,13791200
2017-08-14,168.60935254985165,169.59073998483981,167.81631357343335,169.26361083984375,12954200
2017-08-15,169.99715347951332,170.0070609823305,168.53002626081243,169.51141357421875,8729200
2017-08-16,169.75926028980928,169.88813347369432,167.76676288445424,168.5201416015625,15779900
2017-08-17,167.8658550553403,168.38133257817495,165.39754072433732,165.45701599121094,17216000
2017-08-18,165.3876219359931,167.20169324754895,164.76311649336188,165.95266723632812,15093600
2017-08-21,165.70486000680907,166.53754409706403,164.37652846388428,166.3194580078125,11907500
2017-08-22,166.81510735138656,168.3912626385125,165.6949392553481,168.16326904296875,11391000
2017-08-23,167.3702215723392,167.88569913801135,166.73579346303475,167.24136352539062,9856500
2017-08-24,167.4098759174614,167.81629530248614,164.96137647455325,166.27980041503906,14030400
2017-08-25,166.3987646340044,166.91424222382497,164.7333813153379,164.87217712402344,12614500
2017-08-28,165.45702006809847,166.2401363111605,164.88206726422328,165.78414916992188,8553700
2017-08-29,163.81148365729695,166.9637942063987,163.5636599301301,166.5871124267578,11121000
2017-08-30,166.70604525149682,168.69854236073286,166.17075271315045,168.44081115722656,11138300
2017-08-31,168.91665162799782,170.65141777199528,168.5796149788231,170.47299194335938,17226500
2017-09-01,170.89920368061206,171.41468117028907,169.81869606602282,170.52252197265625,11677600
2017-09-05,169.77907138806177,170.8893167679402,168.07404305412913,169.23385620117188,13210900
2017-09-06,169.42219833873116,170.97852331327934,168.09386693350746,170.5919189453125,13906300
2017-09-07,170.44327576459833,171.80134516229137,168.78781482244253,171.7022247314453,18049500
2017-09-08,171.58322341939473,171.9797504383514,169.31316484895945,169.46185302734375,10998500
2017-09-11,170.8992348092265,172.37626965643292,170.70097885430292,171.99957275390625,12372000
2017-09-12,172.24738472750457,172.48530093275699,170.2548875586265,171.45436096191406,11186300
2017-09-13,171.5039340917587,171.66254491420898,170.56220691314613,171.54359436035156,9119300
2017-09-14,170.7604424218741,170.780272553795,169.01576896180705,169.47177124023438,15615700
2017-09-15,169.39248007388963,170.83976218060525,168.77786694036217,170.14585876464844,15660500
2017-09-18,170.49280395904697,170.57210936088856,167.86586357315537,168.530029296875,12954000
2017-09-19,169.13471922211838,171.05783361438,168.87698801140778,171.0181884765625,13168600
2017-09-20,170.99836324958235,171.54357844745402,169.21402947743837,170.67123413085938,12264100
2017-09-21,170.19542098725773,170.77037383486703,168.53003771729297,169.62046813964844,11161400
2017-09-22,168.72830592668825,170.2350632334732,167.74691856325026,169.055419921875,12097100
2017-09-25,167.76675296133033,167.82622823469464,160.1536003255479,161.4521942138672,41251600
2017-09-26,163.06801697172008,164.05931190771838,161.3629884717262,162.78054809570312,23363300
2017-09-27,164.45581794246135,166.87457991983337,164.12870393614116,166.22032165527344,19242500
2017-09-28,166.47808356204263,167.59825174455776,165.7048746774984,167.26119995117188,12178700
2017-09-29,167.36033325599084,170.16569986396098,167.3405031211256,169.382568359375,15340400
2017-10-02,169.89800454083004,170.37382177980214,167.2809870375476,167.99472045898438,13392300
2017-10-03,167.82624095904663,169.24378550157076,167.72710541195005,168.48049926757812,8190300
2017-10-04,168.35160201472414,169.1842860378396,166.82499951305383,166.95387268066406,12127900
2017-10-05,167.70726367526288,169.81872664946934,167.13232594495176,169.7493438720703,14580600
2017-10-06,168.76795326414327,170.8694935687407,168.2723058243073,170.730712890625,13124500
2017-10-09,171.1966232609692,173.35765397130794,170.5027198680933,170.9983673095703,14570400
2017-10-10,171.4939969704736,171.69225290131723,169.31315147927765,170.0962677001953,11341100
2017-10-11,170.45315092595013,171.275927488256,169.90793571888486,171.2362823486328,11283700
2017-10-12,171.10741839085242,172.3366295488127,170.79019675294256,171.04794311523438,10351000
2017-10-13,171.9401008415417,173.1296517202994,171.69227711155216,172.2275848388672,13658300
2017-10-16,172.97108633187767,173.47664138427956,172.54482157611852,173.00082397460938,11498800
2017-10-17,173.18912808933737,174.59676494651444,172.84216884507902,174.57693481445312,15990100
2017-10-18,175.11221755472005,175.201445581014,174.22005829944464,174.49761962890625,12752400
2017-10-19,173.4071947735673,174.49762512074045,171.12722879922828,173.04042053222656,14048400
2017-10-20,173.97224941746182,174.34894630778953,173.10982772219506,173.45677185058594,12602200
2017-10-23,173.67484937384677,173.81363004355651,169.75923786150307,169.77906799316406,13852700
2017-10-24,170.80010604422043,171.73192562535988,170.00706713733842,170.30445861816406,12267900
2017-10-25,170.40356981897858,170.75052904885155,167.41977792071228,169.11489868164062,15868200
2017-10-26,169.88812449396312,170.79019135559645,168.90673709939878,169.1446533203125,11833100
2017-10-27,172.6339871346305,176.65865681621037,172.38616342922563,176.33152770996094,30285300
2017-10-30,177.69952396432316,179.11708358177958,176.06389337783372,178.30421447753906,24353200
2017-10-31,178.99813908246875,179.2261326891395,177.3823234492839,178.49256896972656,20174200
2017-11-01,180.77252429976699,181.3078168480914,178.99811322425236,181.06991577148438,40918300
2017-11-02,179.05760878569188,180.35620272920127,175.7962399819851,177.36248779296875,35529900
2017-11-03,177.7292620782762,178.29430745117068,175.17173445915896,177.36248779296875,17822100
2017-11-06,177.00560768877534,178.87915436815607,176.75778397390508,178.60159301757812,13312700
2017-11-07,178.9287472115145,179.17657096111495,177.40215956939878,178.68092346191406,12928200
2017-11-08,178.2248960481268,178.78003387498475,177.55082280445228,177.9969024658203,10494100
2017-11-09,176.75779410606782,177.8383019346091,175.54841309809976,177.7391815185547,12610300
2017-11-10,176.79746634619764,177.54093758377465,176.41086190769605,176.90650939941406,11070200
2017-11-13,175.9548421538612,177.48142962191474,175.75658620197834,177.2137908935547,9523400
2017-11-14,176.57935747333266,177.41204152183005,175.63761525971873,176.51988220214844,9585900
2017-11-15,175.1221457670316,177.0155224951972,174.8643994343432,176.40090942382812,10253700
2017-11-16,177.2038652895388,178.2645580595446,176.94613406901334,178.02664184570312,15607600
2017-11-17,177.73917921595717,178.41325248985072,177.34265217899642,177.44178771972656,13018000
2017-11-20,177.31294010162227,177.9374608211352,176.5496538066198,177.18408203125,10052400
2017-11-21,177.5904852598,180.30663888371075,177.4318895626212,180.2769012451172,14504000
2017-11-22,179.72176637669597,180.14801591844798,178.86925216723236,179.29550170898438,10376300
2017-11-24,178.8295866840351,181.55564754888903,178.72054364440257,181.18887329101562,9426300
2017-11-27,180.9708119438332,182.13062527335998,180.4057816619433,181.4367218017578,12344500
2017-11-28,181.9125238148173,182.6460874948777,180.5048868552094,180.83201599121094,14379700
2017-11-29,180.30661636826204,180.38592176992864,172.48530074965237,173.60546875,41933500
2017-11-30,175.31050502004086,176.7280494334656,173.6748593976745,175.6376190185547,25307600
2017-12-01,174.49764163388252,175.93501622684508,170.83976099925295,173.57574462890625,20182500
2017-12-04,174.75539002236656,175.0329665400423,169.3032674871811,169.97735595703125,24459400
2017-12-05,168.96621377074135,173.85330552479402,167.5387466853713,171.32550048828125,20184900
2017-12-06,170.99838186285845,175.23121560858777,170.40359883208157,174.5273895263672,20255800
2017-12-07,174.26962272863028,178.81966207017962,174.26962272863028,178.57183837890625,20404500
2017-12-08,179.94976261540904,180.69323379300565,177.18405649017194,177.44178771972656,19883800
2017-12-11,177.73917640514932,178.65116588679692,177.24352896125654,177.48143005371094,13168600
2017-12-12,177.0452787275038,177.62021647014566,175.0626888878944,175.4195556640625,16854100
2017-12-13,175.75658415449456,177.6003932248488,175.7070163856114,176.7478790283203,14615700
2017-12-14,176.7379768775047,178.78996476454725,176.13328632936745,176.8371124267578,13591000
2017-12-15,177.46160545969784,178.91881007609734,176.8073472388738,178.6114959716797,28463100
2017-12-18,179.43425920206263,179.72174315322292,178.1852332488342,179.2459259033203,17265400
2017-12-19,178.38352939095904,178.51240257921933,176.66859330347214,177.94735717773438,14920600
2017-12-20,178.24473028084086,178.24473028084086,175.81606084556094,176.34144592285156,11860500
2017-12-21,176.39099807313963,177.12454654012228,175.50874631147482,175.90525817871094,11600700
2017-12-22,175.59798016974815,175.9845845805287,174.6958981692736,175.65745544433594,8509500
2017-12-26,175.09239004759607,175.4591642512048,173.1494457541391,174.4579620361328,8897300
2017-12-27,175.01309868238997,176.88664523561903,174.72561472196054,176.0737762451172,9496100
2017-12-28,176.40095346213,177.38234101999367,176.13329955981038,176.3712158203125,12220800
2017-12-29,176.45049190698796,177.29309862097264,174.9239044189453,174.9239044189453,10261500
2018-01-02,176.1332353533641,179.99929376591427,176.00437732778218,179.84068298339844,18151900
2018-01-03,180.2967176457999,183.1714667479119,179.751502436514,183.0624237060547,16886600
2018-01-04,183.29043309694796,184.58904220774693,182.49740922520243,182.72540283203125,13880900
2018-01-05,183.97439335322562,185.2729870861427,183.3201351725939,185.2234344482422,13574500
2018-01-08,185.57037579767086,187.25557386221686,184.70795419793515,186.64097595214844,17994700
2018-01-09,187.05733464377002,187.15647017887486,185.47127196380572,186.23455810546875,12393100
2018-01-10,185.31268979319694,186.25441701837585,184.01409576283888,186.20484924316406,10529900
2018-01-11,186.75994247751348,186.75994247751348,185.74883262776623,186.13543701171875,9588600
2018-01-12,176.50998446734238,179.90021153662127,175.85572614012332,177.80857849121094,77551300
2018-01-16,179.92004044661147,180.16786419378312,176.49015313033306,176.8371124267578,36183800
2018-01-17,177.69953908497098,177.759029491726,174.2696668008799,176.0540008544922,27992400
2018-01-18,176.57935691632113,179.4045381703737,175.5384942960032,178.2348175048828,23304900
2018-01-19,179.2756807377695,180.78243802802905,178.6015923702668,179.7118377685547,26826500
2018-01-22,179.2261076472953,183.7761472704693,178.83950327001827,183.75631713867188,21059500
2018-01-23,184.4304145604009,187.89994662368082,183.93476712278948,187.70169067382812,25678800
2018-01-24,188.23697705218504,189.00027831623893,184.8963182730025,184.92605590820312,24334500
2018-01-25,186.31387123336546,186.9780369934205,184.97563220971773,185.84796142578125,17377700
2018-01-26,186.11561012268066,188.3460235595703,185.18379053333774,188.3460235595703,17759200
2018-01-29,187.10691408254664,187.19612699413045,184.0140788066284,184.36102294921875,20453200
2018-01-30,185.98673629586293,186.54185899582595,180.25705323045165,185.4910888671875,20858600
2018-01-31,186.7302041689349,188.17750129074471,183.6076314733445,185.26309204101562,43275100
2018-02-01,186.58151758081607,193.61971705502415,186.2543884657204,191.40911865234375,54211300
2018-02-02,190.3682544055563,192.51937751905749,188.32618945544513,188.6235809326172,26677500
2018-02-05,185.30273835188007,188.9507112516344,179.03776278898312,179.68209838867188,33128200
2018-02-06,177.0155357600023,184.15285594249758,176.1927591862232,183.6968536376953,37758500
2018-02-07,182.54693767366223,183.4688497349977,178.3835023950745,178.6114959716797,27601900
2018-02-08,179.43428361007963,180.25706018855595,169.98724446493733,170.0863800048828,38478300
2018-02-09,173.2386807305524,175.3600510823487,165.7246640309483,174.57693481445312,39887600
2018-02-12,175.51866421721985,176.00440414043877,170.34410387550926,174.87432861328125,32092100
2018-02-13,174.09121520368797,174.43817448841568,171.5931628071067,171.64271545410156,21809400
2018-02-14,171.94006349656556,178.2446984231857,171.7021624480616,177.9572296142578,28929700
2018-02-15,178.9287251950358,178.9287251950358,175.3005823170835,178.3934326171875,20922100
2018-02-16,177.43187074454818,178.31412255649565,174.7652851764264,175.81605529785156,20645300
2018-02-20,174.23988214414553,176.40089743498226,173.58562398003704,174.477783203125,21204900
2018-02-21,175.17171631732015,179.69201832848506,174.86440221377168,176.36126708984375,23200800
2018-02-22,177.144400765712,178.64126578893575,175.86563696287894,177.431884765625,18464200
2018-02-23,178.3339385336285,181.79356302621224,177.94733414484938,181.69442749023438,19007300
2018-02-26,182.97323100010635,184.04383140401674,181.62506920917784,183.32017517089844,17599700
2018-02-27,182.84433303041052,183.09215674422944,179.88037109375,179.88037109375,15849800
2018-02-28,180.71306495711616,181.28801781951887,176.58927450496145,176.76771545410156,18783000
2018-03-01,177.45166851941835,178.55200630171427,172.89172172527662,174.4084014892578,23201600
2018-03-02,171.7814903672907,175.56824422955643,171.48411399147727,175.08250427246094,20025900
2018-03-05,174.66616928714208,179.57307632407284,174.35887026906184,178.82960510253906,16189300
2018-03-06,180.19757071409077,180.79235365497092,177.55081536649521,178.21498107910156,15086800
2018-03-07,177.1840423222596,182.21982184429373,176.51987660516284,182.11077880859375,19097300
2018-03-08,181.9620663818067,182.79475036213273,179.87043380263384,180.752685546875,17225900
2018-03-09,182.3090522826453,183.89511507833163,181.61514886416,183.6175537109375,18526300
2018-03-12,183.61756696037133,184.48000388825463,182.61636446473804,183.1516571044922,15301200
2018-03-13,183.99424817762588,184.3709450823562,179.53342109893052,180.29672241210938,18067500
2018-03-14,181.01045363600093,182.6460841601859,180.2669824657424,182.58660888671875,16821700
2018-03-15,181.64486252055227,182.3982411145937,180.60399996726105,182.25946044921875,15614300
2018-03-16,182.88399193246673,183.7166759744637,181.81339168163106,183.478759765625,24403400
2018-03-19,175.46910536321113,175.6277161779473,168.57960881143305,171.05784606933594,88140100
2018-03-20,166.01214504324798,168.71837567192273,160.54019339077587,166.68621826171875,129851800
2018-03-21,163.36541085752074,171.89053835571883,161.8784684318624,167.9154510498047,106598800
2018-03-22,164.68383151956297,168.78779192368677,162.29480710863663,163.45462036132812,73743000
2018-03-23,163.99980827482204,165.1497138319826,157.63569770123428,158.00247192382812,53609700
2018-03-26,159.42006561679813,159.69762700055148,147.72278185161852,158.6666717529297,126116600
2018-03-27,154.94930527971079,161.43238247494358,149.4377079889614,150.89491271972656,79117000
2018-03-28,150.32986888497823,154.52305729612175,149.48727727677547,151.69786071777344,60029200
2018-03-29,153.7993944412321,160.01481756842747,152.79819205869137,158.3990020751953,59434300
2018-04-02,156.43622398967926,157.81412310398488,152.7684363950344,154.03729248046875,36796000
2018-04-03,155.18720974605736,156.01989377884564,149.4971719367533,154.75103759765625,42543900
2018-04-04,150.7065647617034,154.2058346026059,149.19979225519137,153.74984741210938,49885600
2018-04-05,160.153587064976,160.16350969368824,155.28632591820733,157.95291137695312,41449600
2018-04-06,156.35694332448483,160.0148239954182,155.44495381420236,155.83155822753906,41644800
2018-04-09,156.44613262929605,159.13253272389514,154.68161419461933,156.55516052246094,34915200
2018-04-10,156.5551801270742,164.53510627307665,155.64319072838225,163.60328674316406,57889300
2018-04-11,163.92052735250545,167.18188095953568,161.82889448188192,164.87217712402344,56144600
2018-04-12,165.52642456735143,165.99233439844414,161.68021049227764,162.44349670410156,38263000
2018-04-13,163.1472895951086,164.2575348600009,162.3443432784663,163.0878143310547,19990600
2018-04-16,164.27739346518842,164.33686873955153,161.96767451300823,163.3951416015625,18119400
2018-04-17,164.38645157374856,167.52885490688664,164.21793323895758,167.1918182373047,22743000
2018-04-18,165.42729703905403,166.65649302914,164.32695909975985,164.9118194580078,20969600
2018-04-19,164.75320365323768,166.86466655747395,163.76190878754315,166.6366729736328,22235000
2018-04-20,166.32935403086026,166.9637821214487,164.3665944890333,164.83250427246094,19119400
2018-04-23,165.81389126649358,166.98361191119776,163.65286066094558,164.39633178710938,23088100
2018-04-24,163.98988807508448,164.65406888804205,156.81292355374302,158.29986572265625,35079900
2018-04-25,158.74594534813863,159.65793472995713,154.83033399519203,158.29986572265625,41083600
2018-04-26,171.7121164622946,174.73556915565018,169.31318444234256,172.64393615722656,77556900
2018-04-27,175.2708433689428,175.55832735149198,171.09750044096126,172.07887268066406,29804700
2018-04-30,172.2771272099344,174.19033415685408,170.2152472102316,170.50271606445312,20750500
2018-05-01,170.502733127677,172.50515318223614,168.748136813129,172.34654235839844,26025900
2018-05-02,172.73312858287306,176.52978969481686,172.6835608149028,174.53729248046875,30424500
2018-05-03,173.60548015262694,174.58685242004674,170.62167283203053,172.50514221191406,24026100
2018-05-04,171.57333136305473,175.43937560870106,171.55350122883178,175.07260131835938,17677800
2018-05-07,175.80614788227166,177.93742576162336,175.62770694358582,176.42074584960938,18697200
2018-05-08,176.69832200224107,177.48143834475272,175.5682463824124,177.36248779296875,15577200
2018-05-09,178.10593880910025,181.41685988352248,177.22368702277913,181.06991577148438,23282800
2018-05-10,181.55564566843228,184.50971521116793,180.91131006652415,183.91493225097656,21071400
2018-05-11,183.24085803164738,186.68065235167805,182.57667717507755,185.3622283935547,21207800
2018-05-14,186.075997512413,186.22468571714813,184.57913233025755,185.0153045654297,15646700
2018-05-15,183.27059204206418,183.6770114244875,181.60520887096772,182.71546936035156,15429400
2018-05-16,182.1008720647095,182.71548519497708,181.0699320130361,181.605224609375,16975500
2018-05-17,181.08976942197225,182.4577614082279,180.6337821771949,182.16036987304688,14840700
2018-05-18,181.8927138036677,182.58661723578024,181.02036941703457,181.08975219726562,13130500
2018-05-21,182.17025394378493,183.68693381361263,181.53582586180445,182.8839874267578,13532900
2018-05-22,183.3201959039184,183.8059359491166,181.83325325131162,182.20004272460938,12731400
2018-05-23,180.9113336557627,185.2829481430997,180.594112002042,185.2730255126953,16628100
2018-05-24,184.26187924634382,185.17386863229166,183.41927262976128,184.31143188476562,12354700
2018-05-25,184.4006567341672,184.70795569168658,182.84431669001071,183.3102264404297,10965100
2018-05-29,182.7352860669987,185.18378551702415,182.1107806072386,184.12310791015625,16398900
2018-05-30,184.9161629843917,186.36346034247433,183.63739908746473,186.0363311767578,13736900
2018-05-31,186.23456797963453,191.04235429390687,185.8479635737623,190.11053466796875,30782600
2018-06-01,191.38929538397196,192.85640746104005,190.3980005783392,192.30128479003906,17307200
2018-06-04,190.17002124266943,192.2913918492032,189.80324694826578,191.5974884033203,18939800
2018-06-05,192.60859865668937,193.30250204910965,190.94321538892117,191.26043701171875,15544300
2018-06-06,189.36703271620752,190.85397482419805,187.46374863309455,189.67433166503906,22558900
2018-06-07,189.08952078010705,189.307606889642,185.1441709251805,186.54188537597656,21503200
2018-06-08,185.8975324185664,187.83055445910182,184.80710197213114,187.45387268066406,12677100
2018-06-11,187.16637372964308,190.92338959177852,187.1564662267254,189.8726043701172,12928900
2018-06-12,190.49716506861625,191.59750316254966,189.89247449220306,190.72515869140625,11562700
2018-06-13,191.0621755034795,192.80684900024443,190.2393989599829,190.73504638671875,15853800
2018-06-14,191.41904522967624,195.5626505211031,191.23069678443696,195.09674072265625,19120900
2018-06-15,194.08560543041142,195.3544767111733,192.9456224420354,194.1450958251953,21860900
2018-06-18,193.10426969998423,197.84265860646536,192.4401038627787,196.58370971679688,16826000
2018-06-19,194.53170966637177,196.2367380434897,192.1030251474352,195.7708282470703,19994000
2018-06-20,197.36681284359656,201.77807194914203,197.07932886341587,200.24156188964844,28230900
2018-06-21,200.99496740839737,201.61948809452198,198.3482115912406,199.74594116210938,19045700
2018-06-22,199.4088728635308,200.47947310165225,197.5749713663308,199.98382568359375,17420200
2018-06-25,198.258967170796,198.258967170796,191.42894635680042,194.6407470703125,25275100
2018-06-26,195.87986297661615,197.36680521036791,194.5217787841377,197.26766967773438,17897600
2018-06-27,197.44611426289367,199.0024545426921,194.09554772984515,194.13519287109375,18734400
2018-06-28,193.4809269043523,195.62212746969882,191.5776425549196,194.52178955078125,18172400
2018-06-29,195.60230244860216,195.87986378997832,192.2715512261294,192.62841796875,15811600
2018-07-02,191.68668061146298,195.7311654210613,190.54669758251922,195.64195251464844,13961600
2018-07-03,192.85642532638016,193.69901691364683,190.84409789460955,191.05226135253906,13489500
2018-07-05,193.04476250150682,196.92071382846268,192.34093650999642,196.7224578857422,19684200
2018-07-06,196.72244292578586,201.86726517201907,195.97897185265293,201.46083068847656,19740100
2018-07-09,203.14608176160985,204.00851871709835,200.36054516770028,202.95774841308594,18149400
2018-07-10,202.71979239080133,203.12622690064134,200.4992865300264,201.7681427001953,13190100
2018-07-11,200.45966421186662,202.71981546763925,199.99375437944363,200.77687072753906,12927400
2018-07-12,201.6591191657459,205.27735471458382,201.42121806455688,205.11874389648438,15454700
2018-07-13,206.0009682977222,206.61556622843278,204.6528067756139,205.51524353027344,11486800
2018-07-16,205.69369451127582,206.9030755155876,205.0394362382626,205.42604064941406,11078200
2018-07-17,203.1163004856667,208.62791233417767,203.0568252172297,208.16200256347656,15349900
2018-07-18,207.99350842443914,209.1533216715766,206.62551658762877,207.53750610351562,15334900
2018-07-19,206.95265289095713,208.16203395139533,205.95143530143656,206.278564453125,11350400
2018-07-20,207.03196462575985,209.65889029778262,206.68500532901973,208.1124725341797,16163900
2018-07-23,208.7468912389247,209.77783132583642,206.98238744769856,209.0740203857422,16732000
2018-07-24,213.23742640742554,214.3179341161598,210.74928188873358,212.80125427246094,28468700
2018-07-25,213.8421399408823,216.71688913952175,212.40476534156258,215.6066436767578,58954200
2018-07-26,173.36756255605715,178.56195322047824,172.23748698747983,174.7256317138672,169803700
2018-07-27,178.30421346498736,178.3636887403823,171.49402216498564,173.36756896972656,60073700
2018-07-30,173.77398788664595,173.77398788664595,165.11006556914384,169.57089233398438,65280800
2018-07-31,169.18430553020826,172.72323572512056,168.52013973577664,171.0776824951172,40356500
2018-08-01,172.41592831802242,173.55592661866228,169.41230574380214,170.15577697753906,34042100
2018-08-02,169.19418603518955,175.2509977548073,168.78776667052847,174.83465576171875,32400000
2018-08-03,176.143193705186,177.2930994227068,174.61659108428015,176.23240661621094,24763400
2018-08-06,177.4120446075218,184.17266777499256,176.8271842627591,184.07354736328125,49716200
2018-08-07,184.87646992754213,186.66080349358924,182.1206717467417,182.2098846435547,33398600
2018-08-08,183.14172836898882,185.22345365929073,182.16034099625344,183.56797790527344,22205200
2018-08-09,184.23216899315278,184.9459025536132,180.8914947897321,181.49618530273438,19732100
2018-08-10,180.45529943923142,180.514789833268,177.8581118934252,178.6907958984375,21500400
2018-08-13,178.5322032642752,181.02034781896825,177.34263737862955,178.48263549804688,17423300
2018-08-14,179.13692007057833,180.40577641775562,177.06510209464406,179.53343200683594,19102000
2018-08-15,177.77884512969618,179.29552529913687,173.258542261876,177.96719360351562,33020200
2018-08-16,178.84940670722017,178.92871210664836,172.49520338389536,173.17919921875,31351800
2018-08-17,172.9809517112012,174.68598006708459,170.54235971933474,172.28704833984375,24893200
2018-08-20,172.52495477389732,173.0503549777457,169.42221207590367,170.9983673095703,21518000
2018-08-21,171.30568856027688,172.65385038129463,169.89805145870795,171.11734008789062,19578500
2018-08-22,170.71090401792085,172.72323148588757,170.63159860958226,172.12844848632812,16894100
2018-08-23,171.58323065334875,174.0218227633762,171.32549942463032,171.39488220214844,18053600
2018-08-24,172.18791159408283,173.29817210641073,171.41470282486748,173.129638671875,14631600
2018-08-27,174.4580021356349,177.11466531741482,174.25973104663964,175.9152069091797,17921900
2018-08-28,176.54962580560777,176.68840648504852,174.29938217199907,174.7256317138672,15910700
2018-08-29,174.76530146681773,175.25102630824728,173.22879128005718,174.3687744140625,18494100
2018-08-30,174.3687542245393,178.22489050107828,174.17049828409725,176.09361267089844,24216500
2018-08-31,175.60787797152864,176.07378776467226,173.45676994567535,174.2002410888672,18065200
2018-09-04,171.98965498520033,172.37625936831316,167.3305722557498,169.67002868652344,29809000
2018-09-05,168.01458975330803,169.64031289754718,165.21913068006464,165.7246856689453,31226700
2018-09-06,165.52641733879844,165.52641733879844,158.6071832066759,161.1151580810547,41514800
2018-09-07,158.9144664613776,163.19686724418932,158.76577829223478,161.62069702148438,24300600
2018-09-10,162.08662767267808,163.57357005954762,160.7483886000716,162.75079345703125,20197700
2018-09-11,162.51289353489304,165.73460206315278,162.29480743982631,164.4954833984375,20457100
2018-09-12,161.82890140863114,163.05811259821402,160.3915267490299,160.58978271484375,24078100
2018-09-13,160.5897809423815,161.89829752903972,159.45970531115873,159.95535278320312,25453800
2018-09-14,160.31221468195503,161.4224601451879,158.94422286050022,160.90699768066406,21770400
2018-09-17,160.51047576179135,160.64925644912427,158.37919767933,159.18214416503906,21005300
2018-09-18,158.0024895664645,160.35185358058038,157.48701199604824,158.90457153320312,22465200
2018-09-19,158.68647907291242,162.01723032504097,158.0916961212628,161.64053344726562,19629000
2018-09-20,163.06799572474512,165.0010175728863,163.03825809061667,164.57476806640625,18936000
2018-09-21,165.18938375762875,165.79407425981805,161.39272242433654,161.5116729736328,45994800
2018-09-24,159.62821627816848,164.25756163854922,159.47952809379342,163.9700927734375,19222800
2018-09-25,160.579877295948,164.1485301048222,159.7471780271793,163.47445678710938,27622800
2018-09-26,162.86973324303258,167.8262070780247,162.7805203442326,165.4966583251953,25252200
2018-09-27,166.09146025855756,170.27472586448513,165.7544236294065,167.37022399902344,27266900
2018-09-28,166.86467251578267,167.3206596997471,161.1448967012182,163.0283660888672,34265600
2018-10-01,161.61078496604685,164.43598110783617,159.8561889898001,161.0259246826172,26407700
2018-10-02,160.17342180932874,160.86732517104096,157.28875019925482,157.94300842285156,36031000
2018-10-03,158.60718240618235,162.23532533395408,158.1412725977874,161.01602172851562,23109500
2018-10-04,160.05447377741564,160.05447377741564,155.98025132256063,157.46719360351562,25739600
2018-10-05,157.8240887194457,159.4993646179227,154.84028099214524,155.96044921875,25744000
2018-10-08,154.18599788621452,156.9616265557203,153.04601483268362,155.88111877441406,24046000
2018-10-09,156.31728821100234,159.19203724206622,156.04963436470246,156.52545166015625,18844400
2018-10-10,155.45487196546546,156.31729367976462,149.99282743901162,150.06222534179688,30610000
2018-10-11,148.8231049644271,153.4623577358115,147.86154772210898,152.01507568359375,35338900
2018-10-12,155.36563421957825,155.52424502235203,149.9829105618363,152.40167236328125,25293500
2018-10-15,151.9853073219733,154.2157203479217,151.22200618449207,152.18356323242188,15433500
2018-10-16,154.04723009835809,158.0719003251682,153.6606256705908,157.39781188964844,19180100
2018-10-17,158.17103778381724,159.09295005762604,156.5750521278362,158.03225708007812,17592000
2018-10-18,157.1301251319511,157.27882841979354,151.94565783280964,153.57138061523438,21675100
2018-10-19,154.5032411854727,155.9802761987955,152.21335212775662,152.70899963378906,19761300
2018-10-22,153.41277179821876,155.97031409723388,153.1153954706244,153.43260192871094,15424700
2018-10-23,149.90361745909107,153.42271741381617,149.536843182799,153.0460205078125,19095000
2018-10-24,152.9369669569993,153.3037412080965,144.33253499208868,144.76869201660156,27744600
2018-10-25,146.4439851572699,150.884997012413,145.72034414609865,149.63595581054688,22105700
2018-10-26,144.55060216746438,147.70291209123408,142.5481826139126,144.10450744628906,31303300
2018-10-29,147.20727635601764,147.5344054519238,137.81971348202526,140.8530731201172,31336800
2018-10-30,138.72178349712598,145.36345499827246,138.52352758123263,144.94711303710938,50528300
2018-10-31,153.65072199035978,155.03852891279155,147.66330696306153,150.46865844726562,60101300
2018-11-01,150.20099202743262,151.42028039369788,148.04988413089902,150.42898559570312,25640800
2018-11-02,150.47855794739172,152.78827671223485,147.66328426550686,149.0411834716797,24708700
2018-11-05,148.79339448285108,148.88260740797608,146.1565459943233,147.3857421875,15971200
2018-11-06,148.01021458355558,149.65576747522903,146.7116208997984,148.63473510742188,16667100
2018-11-07,150.2505977724816,151.67804993661682,148.52573894262042,150.2109375,21877400
2018-11-08,149.17998197671446,149.6260616775448,145.46262592652752,146.58277893066406,24145800
2018-11-09,145.47253139151496,146.4737338283187,142.81586823201502,143.6981201171875,17326900
2018-11-12,143.2222659943768,143.777388652633,139.2670094913224,140.31777954101562,18542100
2018-11-13,140.76385929713828,143.61879311473893,140.38716243899432,140.92247009277344,15141700
2018-11-14,142.44906103823376,144.3127001195929,140.31778324911562,142.96453857421875,22068400
2018-11-15,141.09097563237043,143.57911986932288,139.60403359115716,142.59774780273438,30320300
2018-11-16,139.84198661292328,140.5358900564823,136.5707102350472,138.3153839111328,37250600
2018-11-19,136.41210678416934,136.55088748038136,130.06782477738918,130.4048614501953,44362700
2018-11-20,125.92416023859023,132.9920960489741,125.7457268961533,131.2771453857422,41939500
2018-11-21,133.23002041991307,135.99574149351648,132.9623817038551,133.64637756347656,25469700
2018-11-23,132.48655152128535,133.32915819969682,130.11735741928078,130.58326721191406,11886100
2018-11-26,131.84221340822126,135.80739275884446,131.6241273338603,135.1927947998047,24263600
2018-11-27,134.56830037434895,135.4208147055159,132.54606516779296,133.8248291015625,20750300
2018-11-28,135.09365599132786,135.59921090093377,130.70222722741002,135.56947326660156,29847500
2018-11-29,134.73677975533016,138.77135662285056,134.47904856729994,137.47274780273438,24238700
2018-11-30,137.05642209461473,139.74283782448558,136.1642627697202,139.38597106933594,25732600
2018-12-03,141.75514720530225,142.42922036511973,139.53464155198645,139.8617706298828,24819200
2018-12-04,139.50492247762543,142.14177045558748,135.96600766590524,136.7292938232422,30307400
2018-12-06,132.65509895962774,138.4839030454518,132.50639563988096,138.41452026367188,28218100
2018-12-07,138.03781105661508,139.64370391046762,135.47036096593592,136.22373962402344,21195500
2018-12-10,138.3847750580367,141.80473946175877,137.79989956721752,140.6151885986328,26422200
2018-12-11,142.62750387132854,142.62750387132854,139.87170547544025,140.84317016601562,20300300
2018-12-12,141.83447428129028,145.9086968728815,141.26942893510338,143.2421112060547,23696900
2018-12-13,144.302803245045,144.580364601951,141.9435165853843,143.74766540527344,18148600
2018-12-14,142.09217482833407,144.73892979070197,141.2693984344513,142.805908203125,21785800
2018-12-17,141.83446110389585,143.6584398967254,137.21502372830864,138.96961975097656,24334000
2018-12-18,139.85186627849436,144.6596367793827,138.61274783095237,142.40940856933594,24709100
2018-12-19,139.98076079733482,143.64854893654393,131.34657548193047,132.08013916015625,57404900
2018-12-20,129.56223074953317,134.3898468384208,128.8683273964364,132.2387237548828,40297900
2018-12-21,132.22882044679108,133.7256702363829,122.34560950669906,123.86228942871094,56901500
2018-12-24,122.02838417735094,128.6105883812805,121.94907878095904,122.98002624511719,22066000
2018-12-26,124.90316229266219,133.0714380339725,124.79411924435239,133.01194763183594,39723400
2018-12-27,131.28711876433331,133.81492416552734,128.54122724219155,133.34901428222656,31202500
2018-12-28,134.1618521112041,134.73680498535606,131.04918663800913,132.0404815673828,22627600
2018-12-31,133.2796042061867,133.4679526685417,128.81877689089325,129.9488525390625,24625300
2019-01-02,127.8671503737104,136.31297307313866,127.44088564861505,134.4989013671875,28146200
2019-01-03,133.51750212740563,135.97590905312902,129.9785723489049,130.5931854248047,22717900
2019-01-04,132.8434110479297,136.79868275555486,132.5856798446048,136.74911499023438,29002100
2019-01-07,136.36252664587698,137.66112056969328,134.72689607981036,136.8482666015625,20089300
2019-01-08,138.67222795755654,141.8939360341055,138.3252687296988,141.28924560546875,26263800
2019-01-09,141.70560054652648,143.44036659235024,140.04023240299622,142.97445678710938,22205900
2019-01-10,141.83450227229721,143.30161475967674,139.61399584131965,142.9447479248047,16125000
2019-01-11,141.9038821659359,144.09465090978452,141.32894434045392,142.54823303222656,12908000
2019-01-14,140.76387015955348,145.29409493148682,140.04022914681872,144.12435913085938,20520300
2019-01-15,144.738986701115,149.3683328301402,144.71917169054814,147.6533966064453,24069000
2019-01-16,147.7029275799057,148.34726315990443,145.72033794796064,146.25563049316406,18025700
2019-01-17,145.6707790695301,147.70293659145,145.2246994003183,147.009033203125,15787900
2019-01-18,148.4464178404582,151.10308102949585,147.25686693303894,148.73388671875,31029600
2019-01-22,147.90121627162742,150.21093551946126,145.0958495060428,146.28541564941406,22378700
2019-01-23,146.98920313450117,147.50468070575025,141.81464266708224,143.04385375976562,20098400
2019-01-24,143.38091857820876,145.16525273261752,141.27937786632864,144.56056213378906,20955500
2019-01-25,146.196149787882,148.5256985691738,145.2643302753653,147.71282958984375,22237200
2019-01-28,146.76124754824247,147.66332975001015,144.9372681327296,146.18629455566406,15508500
2019-01-29,146.800827180608,146.81074980813162,142.18139028966868,142.93478393554688,17632100
2019-01-30,144.94712996181704,149.63595023069124,144.4316524195393,149.11056518554688,44613200
2019-01-31,164.15842964512674,170.18548889138478,163.56364669766086,165.2389373779297,77233600
2019-02-01,164.39634462521155,167.62797571991626,164.21791880145875,164.26748657226562,30806500
2019-02-04,164.25757222204984,167.82624013658665,162.1956768854242,167.77667236328125,20036000
2019-02-05,167.6775163746691,170.4828825909837,167.22152921815598,169.67002868652344,22557000
2019-02-06,169.7096855492788,170.96863432011753,167.79649363363717,169.00587463378906,13281200
2019-02-07,166.73580479734449,167.7667599987707,163.81148776857412,164.93165588378906,17517600
2019-02-08,163.03826346354623,165.91301244772862,162.78053225061998,165.8733673095703,12561400
2019-02-11,166.43840403876956,166.83493106571902,163.64296034708318,164.34677124023438,12811200
2019-02-12,165.40745053528556,166.87456260048933,163.06799420787289,163.60328674316406,16292300
2019-02-13,163.9403633711484,164.77304749739332,162.30471763106678,162.6417694091797,14205100
2019-02-14,161.76943313654814,163.43480147265234,160.83761341831595,162.52281188964844,12755200
2019-02-15,163.0779159732994,163.26626442147275,159.45969569593382,161.08541870117188,15504400
2019-02-19,159.1028318222628,162.72105216534464,158.93431350398367,160.8772430419922,14345400
2019-02-20,160.83756800092215,162.2947724465078,159.84627328288872,161.14486694335938,11770700
2019-02-21,160.52038215617063,160.8276962929608,158.20075562994512,158.64683532714844,15607800
2019-02-22,159.18211913634306,160.99619041650877,158.91446530787059,160.480712890625,15858500
2019-02-25,161.6504557921238,164.6243402932276,161.48192235955088,163.18695068359375,18737100
2019-02-26,162.90938108535957,164.79285024952887,162.37408855770687,162.7012176513672,13784100
2019-02-27,161.48191309499717,162.50294550505402,159.013598781307,161.3927001953125,12697500
2019-02-28,160.95656048607134,162.07672864976868,159.459710516976,160.04457092285156,11114200
2019-03-01,161.1845464371865,161.7099314903632,160.28246450589862,160.86732482910156,11097800
2019-03-04,162.47323034096743,166.04189808146043,162.4038475624923,165.91302490234375,18894700
2019-03-05,165.91301343665094,170.38376287008228,165.10015952891004,169.76914978027344,28187900
2019-03-06,171.39487465270062,172.0590555174548,169.77907432212362,171.00827026367188,21531700
2019-03-07,170.00707896641893,170.24499519282546,166.15094232842895,167.65771484375,18306500
2019-03-08,164.75318495498576,168.14341119578063,164.52519139702017,168.12359619140625,13184800
2019-03-11,170.10621846208326,172.7827117860263,170.08638832793187,170.57212829589844,18884000
2019-03-12,170.59194972821626,172.28707080192572,169.72952793465865,170.42343139648438,12155300
2019-03-13,170.81994651046446,172.51505233958744,170.62167542728005,171.8607940673828,11973300
2019-03-14,168.282209886595,169.66010913612425,166.69614718712864,168.6886444091797,18037400
2019-03-15,165.7048615974504,166.12120364657443,161.095331167797,164.53512573242188,37135400
2019-03-18,162.14612531215909,162.4732393410278,157.89346142533574,159.07310485839844,37524200
2019-03-19,160.0742546524548,162.39389561187502,159.4200116840625,160.16348266601562,25611500
2019-03-20,160.0941128965911,164.67389010942523,159.8363816895949,163.99981689453125,20211500
2019-03-21,163.45461871032083,164.94156108992567,162.32454310685958,164.63426208496094,16223000
2019-03-22,164.20798715419053,165.96258328787198,162.6615695960818,162.90939331054688,16389200
2019-03-25,161.5810689154257,165.09024621068198,160.58977401410408,164.84242248535156,12631200
2019-03-26,165.89320764895325,167.97491786442606,164.9019127484539,166.22032165527344,15437900
2019-03-27,166.38887673345448,167.4693846852585,163.35550123771398,164.4261016845703,10620300
2019-03-28,163.13742187507202,165.26870002850006,161.90821065636447,164.10888671875,10443000
2019-03-29,164.94154590419674,165.734584792165,163.37529826009805,165.2389373779297,13455500
2019-04-01,166.36902359647164,167.42970126577598,165.82380838049292,167.2314453125,10381500
2019-04-02,168.65889357946216,173.37745129573844,168.07403328839868,172.6835479736328,23946500
2019-04-03,172.98094656020862,176.41083330215372,171.44443655984026,172.029296875,27391100
2019-04-04,174.4877166748047,176.4504761631489,174.00197677260604,174.4877166748047,17847700
2019-04-05,175.3402591893489,175.45920974547903,173.57575535226783,174.1903533935547,9594100
2019-04-08,173.68478779432664,173.97225666273442,172.7133078920715,173.40721130371094,7297400
2019-04-09,174.09120452139553,177.63013455501002,174.0218217442837,176.03414916992188,19751000
2019-04-10,176.62891584767104,177.23360633426717,175.00319283671809,176.27206420898438,11701500
2019-04-11,176.68840836472478,176.8470040529445,175.45919724377316,175.96475219726562,8071000
2019-04-12,176.4505087881591,178.0663244673695,176.4009410133073,177.5409393310547,12329800
2019-04-15,176.94612237336904,178.92871197979335,175.33030700382656,178.0861053466797,10834800
2019-04-16,177.4418004330845,178.60161373811837,176.7478969761361,177.31292724609375,11215200
2019-04-17,178.036578222033,179.16665385460973,176.80736704454446,177.2237091064453,9973700
2019-04-18,177.2435354571373,177.32284086618182,175.79623821250544,176.72805786132812,11655600
2019-04-22,176.6983017701339,180.08852824143602,176.6983017701339,179.86053466796875,13389900
2019-04-23,181.14925091158926,182.61636325336974,179.90020955051304,182.18019104003906,19954800
2019-04-24,182.88399264176886,183.5283282450124,180.06870376711515,180.99061584472656,37289900
2019-04-25,195.26527031280025,196.75221270198747,190.44757636679515,191.57765197753906,54148800
2019-04-26,190.82426145000804,191.22077334549448,187.4439423312348,189.82305908203125,22075000
2019-04-29,189.28775049217137,193.70893222320188,188.99035900897894,193.08441162109375,19641300
2019-04-30,192.49957743919572,195.67171839701462,190.60620036910527,191.71644592285156,23494700
2019-05-01,193.08443663994132,194.4722435733849,191.32984027511816,191.34967041015625,15996600
2019-05-02,191.31989841845302,192.31119322891132,188.09819028446353,190.85398864746094,13209500
2019-05-03,192.68789436252177,194.45239795411985,192.02372863992778,193.76840209960938,14575400
2019-05-06,189.5752277508168,192.5887573629574,188.89123190151273,192.19224548339844,13994900
2019-05-07,190.86390255989102,191.2207693086788,186.2147424485166,188.11802673339844,16253000
2019-05-08,187.74131122821987,189.05973505473045,186.90862727230498,187.88999938964844,12505700
2019-05-09,185.5704073630469,188.11804258663693,184.63858771124293,187.00778198242188,12967000
2019-05-10,186.6112570636917,188.34602306561183,182.9831142523029,186.70046997070312,12578500
2019-05-13,181.9026311199795,183.8158231950035,179.2657828097535,179.95968627929688,16833300
2019-05-14,180.93113395389048,181.89269113496795,176.5496126846514,179.15670776367188,17628100
2019-05-15,178.84941753091877,185.6497009023566,178.45290563573982,184.64849853515625,16746900
2019-05-16,183.43911397532904,186.9383835658683,183.43911397532904,185.3622283935547,12953100
2019-05-17,183.23093314658834,185.9470864320573,182.67581046073104,183.6869354248047,10485400
2019-05-20,180.29671049516125,182.62624429559708,179.7911404457111,181.12939453125,10352000
2019-05-21,182.96329689409416,184.08344978385523,182.28920853365662,183.21112060546875,7502800
2019-05-22,183.12188117363468,185.1143933696589,182.0116358561002,183.70675659179688,9213800
2019-05-23,180.83201181191941,182.29912401217322,178.10595086753645,179.29550170898438,12768800
2019-05-24,180.74280498768937,182.03149141179736,179.25586260432482,179.48385620117188,8807700
2019-05-28,179.9596752107015,183.1020934544297,179.87046229709617,182.70556640625,14843300
2019-05-29,181.9025823190679,182.95335230904126,179.77130470740173,180.60398864746094,12797700
2019-05-30,181.48626801908497,181.88277991976952,179.31532981683242,181.4168701171875,8581500
2019-05-31,178.71061515489075,178.96834634286586,175.61778039535963,175.92507934570312,15226500
2019-06-03,173.4765936766981,173.5261614429403,159.60837368542724,162.72103881835938,56059600
2019-06-04,162.284869681599,166.81507880974615,159.43984347214894,166.0418701171875,46044300
2019-06-05,166.02204361818937,167.25125457665985,163.1968626031123,166.70603942871094,19758300
2019-06-06,166.83493216333275,168.22273895188772,165.77423937596896,166.8646697998047,12446400
2019-06-07,168.68866230633674,172.35645065006608,167.37023818833885,171.8409881591797,16917300
2019-06-10,173.2287893501652,176.311717193424,172.28706219004877,173.29818725585938,14767900
2019-06-11,176.92631863658414,178.41326106323015,175.25102774907594,176.5496368408203,15266600
2019-06-12,176.82720258328982,177.70945450651269,171.37508021762997,173.51626586914062,17699800
2019-06-13,174.0019651230869,176.48020198193103,173.08997577414715,175.92507934570312,12253600
2019-06-14,178.9386415209087,180.2570655866755,178.43308655435038,179.7515106201172,16773700
2019-06-17,183.39945977368052,187.85037921736884,182.80469192297429,187.36463928222656,29459900
2019-06-18,192.3112051342461,192.83659020623713,185.64970238549856,186.829345703125,37571400
2019-06-19,185.37214411465936,186.46257454218826,182.94347466348276,185.84796142578125,21417100
2019-06-20,189.2877639392114,189.4959425300229,186.00658013966265,187.880126953125,14635700
2019-06-21,187.1068954854373,190.3286036196236,187.1068954854373,189.47608947753906,22751200
2019-06-24,190.74497517865618,192.29139290251183,189.90238353474035,190.9234161376953,15509000
2019-06-25,191.200960995286,191.458692218337,186.4923103226598,187.1961212158203,16750300
2019-06-26,187.89002176271006,189.09940270619464,185.6794384524873,186.02639770507812,12808600
2019-06-27,188.22706919422956,197.14872276061521,186.63108389564889,187.85037231445312,11159000
2019-06-28,188.89123122567923,191.51815645176546,188.28654077964222,191.3199005126953,16378900
2019-07-01,193.51066872321064,193.58005149520383,190.25920779343423,191.3199005126953,14181800
2019-07-02,191.31993079552282,193.30252075195312,191.03246190726327,193.30252075195312,9050000
2019-07-03,192.4698077753127,195.68159334310286,192.4698077753127,195.48333740234375,10246100
2019-07-05,194.47222153436704,195.35448849502401,192.47972427873574,194.6903076171875,11164100
2019-07-08,193.49083226259162,194.9678518174169,191.95432231462846,194.0558624267578,9723900
2019-07-09,193.2727648400982,197.72368431682693,193.19345943422346,197.47586059570312,14698600
2019-07-10,198.25896407775548,201.19320340152802,197.93183497191214,200.96519470214844,20571700
2019-07-11,201.49058353876885,202.02589122238965,198.46714638045125,199.47825622558594,13678500
2019-07-12,197.94178523728158,203.5128736170728,197.42632271001122,203.08660888671875,15366300
2019-07-15,202.47195480117927,203.54255495747057,200.06311579399213,202.13491821289062,16030300
2019-07-16,202.11510426620137,203.6813519280797,201.33198799824166,202.06553649902344,12132700
2019-07-17,202.40257590882334,202.5810168479359,199.83512586872124,200.04330444335938,12083700
2019-07-18,198.40764497309866,200.70745613250668,197.6443588800858,199.03216552734375,11937900
2019-07-19,200.41997806691737,200.56868136446843,196.34577090569522,196.63323974609375,12098300
2019-07-22,198.16976776685834,200.80661584010522,197.0793373227458,200.5587921142578,13589000
2019-07-23,201.0742364649602,202.462058280297,199.2106125000748,200.59841918945312,14583700
2019-07-24,195.90961602823657,203.0271061534427,195.50318148879686,202.87841796875,32532500
2019-07-25,204.90064563487275,206.84359022630701,196.53411455148293,198.96279907226562,39889900
2019-07-26,198.447326346332,201.11391201920256,194.5416220616041,198.0111541748047,24434000
2019-07-29,197.26768926146963,197.89220990195136,193.5999010792876,194.2343292236328,16530800
2019-07-30,193.68909190741383,196.9801979300487,191.81554532555143,195.32472229003906,11903600
2019-07-31,195.23553857855745,197.0297800289434,191.00270488074463,192.53921508789062,14593500
2019-08-01,192.4797284250376,196.74229950931516,189.21837486781064,191.05226135253906,17777000
2019-08-02,189.43642175267885,190.94317879431605,186.43280004502665,187.37452697753906,15297000
2019-08-05,183.082265195433,184.0537300029914,177.7788312071651,180.1480255126953,23086700
2019-08-06,182.09095467662416,184.17266480045308,181.496171712125,182.90380859375,18035700
2019-08-07,182.00172845167083,184.7476041135495,179.64244202468092,183.53822326660156,15833200
2019-08-08,184.99544631383543,188.68306449043996,182.44782632880313,188.504638671875,14828900
2019-08-09,188.34603017251814,189.31749493498137,185.49109603275392,186.21475219726562,11058800
2019-08-12,185.22344437250766,185.95699286346687,182.85425034233126,183.75631713867188,10930900
2019-08-13,183.90502266119785,189.7140110194485,183.7563193598577,186.80950927734375,13577000
2019-08-14,184.18258120939504,184.37092964599083,177.74907236030677,178.14559936523438,18903700
2019-08-15,179.37482613135495,181.60523986775857,178.46283655202973,181.00054931640625,12925900
2019-08-16,182.15042836330673,183.48868245880848,180.77252912929748,182.10086059570312,12654600
2019-08-19,184.39075137486302,185.86778616090027,183.24086083354322,184.5493621826172,9691200
2019-08-20,183.83560742018486,184.38082255508223,180.80224792088347,182.2098846435547,10083400
2019-08-21,183.38956889079205,184.28172831068724,181.5457596471759,181.9521942138672,8398200
2019-08-22,181.83320623694664,182.5072945973384,178.34385927172,180.45530700683594,10821400
2019-08-23,179.26574930151776,181.5358228805133,175.12214426793494,176.20265197753906,17323400
2019-08-26,177.8382977570461,178.92872818974976,176.68840717687456,178.78994750976562,8773600
2019-08-27,180.34626143965681,182.4378941392219,179.43427200976495,179.7217559814453,14399600
2019-08-28,178.9584460267569,180.36608280398838,177.36246082053702,180.177734375,9386100
2019-08-29,182.17025611505056,184.46014476439868,181.87286463927418,183.95458984375,10128700
2019-08-30,185.15404881380138,185.17387894584937,181.8629578139007,184.0537109375,10774500
2019-09-03,182.39827740242686,184.05373821373573,180.5247304841469,180.8022918701172,9779400
2019-09-04,183.04256545755877,186.1155851644519,182.2891869096944,185.51089477539062,11308000
2019-09-05,186.88881056344226,189.6941767095341,186.30395025187858,189.23817443847656,13876700
2019-09-06,188.55418740073307,188.55418740073307,184.72778893187632,185.8578643798828,15226800
2019-09-09,186.09578874444315,187.33490737878313,184.2321646040486,187.1168212890625,14722400
2019-09-10,185.80831088948224,186.46256912699883,182.94346935049393,184.5493621826172,15455900
2019-09-11,184.836824492491,187.79087859227855,184.46012764972787,186.84915161132812,11761700
2019-09-12,188.2072527077104,189.26793039867314,185.6001422473146,185.8380584716797,11419800
2019-09-13,185.6992665141406,186.33369461463457,184.916135110212,185.56048583984375,11441100
2019-09-16,185.30276421561635,186.15527850743285,184.15287352918097,184.5989532470703,8444800
2019-09-17,185.0351120623095,186.68066524786644,183.92485147426774,186.4427490234375,9671100
2019-09-18,186.4526295019752,187.43401676879316,184.3907345669975,186.502197265625,9681900
2019-09-19,187.01769010280083,189.4364519578799,186.51212004849356,188.48480224609375,10392700
2019-09-20,189.00028272958482,191.41904462211022,186.48238530010315,188.27662658691406,19934200
2019-09-23,187.69176244752776,188.44515621084508,183.5977250205933,185.19371032714844,13327600
2019-09-24,186.3436074918448,186.40308276455025,178.81968297541698,179.70193481445312,18546600
2019-09-25,179.87047070510837,181.82332302154344,176.32163286930154,181.20872497558594,18068300
2019-09-26,179.7515258971206,179.82090868228926,176.1233825319307,178.54214477539062,16083300
2019-09-27,178.91882348545542,179.18646222006666,174.1308672621529,175.55833435058594,14656200
2019-09-30,176.32162182730542,177.11466078511165,175.31051190391352,176.52980041503906,10740000
2019-10-01,177.5904776543643,178.27447356464504,173.35765926557306,174.27955627441406,17073000
2019-10-02,173.31797919637933,174.99326982848052,171.58321329643329,173.080078125,16151700
2019-10-03,174.04165035077614,178.27446862221802,172.11853585227658,177.8184814453125,16086300
2019-10-04,177.98700626999957,179.40455074799638,176.54963165829395,178.87916564941406,10430200
2019-10-07,178.43306632715974,179.6027869459555,176.53968960423595,178.1158447265625,9178300
2019-10-08,176.70820688385956,178.79983953206306,176.17291434340012,176.20265197753906,9466900
2019-10-09,177.60039741133014,179.14681503079768,176.3910164266779,178.28439331054688,7556900
2019-10-10,178.750298314045,180.02906204160385,177.61030013736234,178.4628143310547,8605000
2019-10-11,180.56435883307805,184.86659016737028,180.55445132948677,182.58660888671875,14930500
2019-10-14,182.59652934670203,183.01287141647379,180.98072884100796,181.68453979492188,7006000
2019-10-15,182.20002435146853,188.7227472782645,182.06124365625848,187.24571228027344,15039100
2019-10-16,186.6806748089256,188.04865157306457,185.27302264974318,187.89996337890625,10516900
2019-10-17,188.6434225872337,189.17871517807257,187.12674259957046,188.73263549804688,9603000
2019-10-18,188.57400821610014,189.82304936224855,182.31894036043929,184.23214721679688,16874200
2019-10-21,185.4117852721347,188.2568118261365,185.12431641612076,188.1081085205078,8122600
2019-10-22,188.3460071495554,188.99034270257863,179.92000156654896,180.752685546875,19537600
2019-10-23,180.42558070283758,184.7575497350842,180.41567319910627,184.529541015625,12300400
2019-10-24,183.01286435066095,185.10449724902045,181.20871545130507,184.75755310058594,11413500
2019-10-25,184.21231440565035,187.354717104941,183.47875080867757,186.25437927246094,8061200
2019-10-28,185.57037526549857,187.88009386168886,183.46883522345317,187.751220703125,13657900
2019-10-29,190.0212888567491,190.8539727981545,186.82931862207113,187.66200256347656,13574900
2019-10-30,187.90986100375494,188.79211286995138,184.36102340547032,186.61126708984375,28734600
2019-10-31,194.9877324589734,196.36563196742242,186.61129234821664,189.981689453125,42286500
2019-11-01,191.17122311261366,192.42024921250243,188.25681375358042,191.93450927734375,21711800
2019-11-04,192.85644504422342,195.65188907537566,192.1228812997559,193.02496337890625,16371300
2019-11-05,193.66926543593132,194.0459623103527,191.91468448350878,192.62841796875,9942000
2019-11-06,192.3409449160828,192.67798154603338,189.6842818904118,189.88253784179688,10973000
2019-11-07,190.23939436044753,191.75607423951277,187.82063255630302,188.76235961914062,13473000
2019-11-08,188.34602686998926,190.66565325489464,188.04863538131843,189.1787109375,10760800
2019-11-11,188.27664866740642,188.42535199028035,186.8987492474897,187.95944213867188,8631200
2019-11-12,188.3460255825402,193.3619752121112,188.08829436129892,192.77711486816406,17615500
2019-11-13,193.00512016510245,193.9964150967424,191.06219056962595,191.50827026367188,10860700
2019-11-14,191.25051133140488,192.3409417349273,189.78339916426867,191.46859741210938,9040500
2019-11-15,192.5689274374147,193.59988252690587,191.69659827625904,193.40162658691406,11524300
2019-11-18,192.8663211407008,196.90089838930183,191.36947138160062,195.6815948486328,16167200
2019-11-19,195.6816004492539,198.25897315059532,195.14630787716936,197.58489990234375,19056800
2019-11-20,196.85135755442803,197.85256003181706,193.72876931388606,195.79066467285156,12355400
2019-11-21,195.7014305375585,197.3568911478763,195.14630783301592,196.2069854736328,12131000
2019-11-22,196.65307650457854,197.5650659483158,195.89968274056503,197.08924865722656,9959800
2019-11-25,197.78317302127982,199.22054767621862,197.51551914902097,198.05081176757812,15272300
2019-11-26,198.2589934214734,198.4076816161552,196.3160486305202,197.2379608154297,11735500
2019-11-27,198.1598366315011,201.3716374259675,197.68401933356654,200.24156188964844,12736600
2019-11-29,199.84505944895685,202.02590522077313,199.45845503998015,199.88470458984375,7985200
2019-12-02,200.3704481627684,200.420000808283,196.3259630509845,197.9615936279297,11503400
2019-12-03,195.8798677343239,197.1982765694296,193.3818004856772,197.08924865722656,11595300
2019-12-04,198.25897307147488,198.28871070735886,196.32595110921986,196.98020935058594,8456300
2019-12-05,198.12018966216903,199.5377340396137,196.4845592072776,197.62454223632812,9740400
2019-12-06,198.7546200053081,199.81531276903877,198.31844784549213,199.29983520507812,12270600
2019-12-09,198.90333009891077,201.37166002475382,198.46717301699957,199.5873260498047,11954800
2019-12-10,199.90453035631865,200.2911347568499,198.40766539772974,199.12139892578125,9475700
2019-12-11,198.53650823885297,200.8660569155839,198.53650823885297,200.499267578125,8036800
2019-12-12,200.58853487278247,201.88712880922554,192.41035171100938,195.0372772216797,23734800
2019-12-13,194.69031628023387,195.08684332389672,191.4884379232018,192.42025756835938,18798000
2019-12-16,193.57014206086777,197.38661800925215,193.11413979219375,196.1970672607422,14911500
2019-12-17,197.10907406407196,197.2676848781239,194.42267335863096,196.66299438476562,10175700
2019-12-18,198.3482039217021,202.52156233780065,198.3482039217021,200.7372283935547,23274400
2019-12-19,201.01475908786588,204.5041210322217,200.7471052555937,204.26620483398438,16514600
2019-12-20,205.67387116647618,205.90187989475402,201.6591236098735,204.504150390625,27306900
2019-12-23,204.90065520160314,206.7742019794803,203.88953015650694,204.3851776123047,13348900
2019-12-24,204.5041475064081,204.98987234249637,203.21546106955543,203.33441162109375,6046300
2019-12-26,203.78049468916097,206.0109081576368,203.52274834107865,205.9811553955078,9350700
2019-12-27,206.85351291522508,207.11124415378163,204.7916176288916,206.28848266601562,10284200
2019-12-30,206.05053342125044,206.09017855699918,202.12499943997403,202.6305694580078,10524300
2019-12-31,202.22415350706075,203.77057108431418,201.8276416093914,203.46327209472656,8953500
2020-01-02,204.95020479858297,207.9637344071887,204.4743875184786,207.95382690429688,12077100
2020-01-03,205.40623346697336,208.56845165508497,205.14848709907997,206.853515625,11188400
2020-01-06,204.90064921266088,210.9277239141144,204.7222233942496,210.74929809570312,17058900
2020-01-07,210.9674058911379,212.71207961875493,209.90671299711383,211.20530700683594,14912400
2020-01-08,211.14580552041744,214.35760631734092,210.7592011294325,213.3464813232422,13475000
2020-01-09,215.6462796790009,216.4789788667449,214.39725358632398,216.39967346191406,12642800
2020-01-10,217.2918493159677,217.96593774529924,215.52734552071945,216.16177368164062,12119400
2020-01-13,217.68838251277953,220.03774676270825,217.3017780776525,219.978271484375,14463400
2020-01-14,219.68086596283632,220.44416728003057,216.72681136156237,217.15306091308594,13288900
2020-01-15,218.6895609435289,219.7502385844087,218.22365114653817,219.224853515625,10036500
2020-01-16,220.6325011824369,220.69197645305633,218.47147055219048,219.83946228027344,10015300
2020-01-17,220.09722525668914,220.35495650855233,218.6102827727899,220.20626831054688,15905900
2020-01-21,220.22607789610095,220.4342413538847,217.21253293939026,219.51234436035156,14275800
2020-01-22,220.37477440386175,220.81094659506738,219.35374183170325,219.39340209960938,12212800
2020-01-23,218.82834170856364,219.5619053548799,217.36122954189034,217.84695434570312,11195000
2020-01-24,218.8779047645845,219.84936947725353,214.22872952215866,216.0428009033203,11905800
2020-01-27,211.24496105588074,214.1791856534623,210.650178032229,212.99954223632812,13810700
2020-01-28,214.2584886549919,216.8358615605444,211.66130074124504,215.8941192626953,13413800
2020-01-29,219.51234719018524,222.2483156951887,216.5483699652949,221.28675842285156,33181300
2020-01-30,204.7321393985765,209.58947847472322,202.96763564432172,207.70602416992188,48775500
2020-01-31,206.61559093454187,206.8733372918856,199.30975228448216,200.15235900878906,31359900
2020-02-03,201.66905013841216,203.35424855404304,200.7372304509798,202.4125213623047,15495600
2020-02-04,204.82132452213955,208.766688674191,203.4136877364672,208.00338745117188,19628900
2020-02-05,210.66007708908182,210.8781631806116,206.89316851020735,208.28097534179688,12538200
2020-02-06,208.6378142504393,209.35154770448926,207.517646305008,209.01451110839844,10567500
2020-02-07,208.46930116761217,210.9673683192804,208.10251180296524,210.48162841796875,12242500
2020-02-10,209.67871938591617,211.9388707408141,208.82620509408898,211.20530700683594,11856400
2020-02-11,208.36026761626928,209.0244333528046,204.71229469095942,205.38638305664062,25030800
2020-02-12,206.0406214604717,209.3812799539733,205.5945267186927,208.92527770996094,13813700
2020-02-13,207.69610902307352,212.46423501084925,207.35905726566108,211.2845916748047,15396600
2020-02-14,212.13711067573826,213.05900768129823,210.79885649725966,212.31553649902344,10741700
2020-02-18,211.6910190874841,216.0824480300486,211.54231578381527,215.90402221679688,15609200
2020-02-19,216.09238818984397,216.41951733330308,214.22874887291087,215.59674072265625,12135100
2020-02-20,214.63516582675354,216.8655792462106,211.09623594075467,212.71205139160156,13109200
2020-02-21,211.62161778756874,212.3750115450859,207.01210284110857,208.350341796875,14092300
2020-02-24,200.04330227154202,201.87718865486534,196.4448971524232,198.9727020263672,23080100
2020-02-25,200.48939011295317,201.72850871686512,194.24422932404505,195.05709838867188,21433500
2020-02-26,195.47342989939133,199.45843935027182,193.7882317140009,195.48333740234375,16524500
2020-02-27,190.15020867647684,194.17486384025085,187.8503970823426,188.0982208251953,21682600
2020-02-28,181.1095700157063,191.06217899708437,180.2372408143527,190.79452514648438,32568900
2020-03-02,192.34094096110195,194.8588383823931,187.20604083380425,194.72996520996094,24949000
2020-03-03,194.511866637883,195.5229915679651,182.36850535212912,184.27178955078125,27984100
2020-03-04,187.523233114304,190.16008087897518,184.7674348154533,190.09068298339844,23062500
2020-03-05,185.15404495490924,187.34481315880845,182.28920353501553,183.5580596923828,19333400
2020-03-06,176.77762701445522,182.18018136792298,174.72563924503544,179.5135955810547,24559600
2020-03-09,168.12362589966506,173.47661246240665,163.75201163538196,168.0244903564453,29949000
2020-03-10,173.149477456772,176.73796013558226,168.02448466585489,176.6388397216797,24517800
2020-03-11,172.49519649384075,174.3489279887689,166.2004838159884,168.75802612304688,20373900
2020-03-12,158.15116182187842,165.14971564244885,152.9964320146646,153.12530517578125,43266300
2020-03-13,162.10645821675976,169.303253942079,156.2280865595839,168.79769897460938,35028600
2020-03-16,150.99406755426108,157.74478434761014,141.8543260874297,144.73898315429688,39120400
2020-03-17,149.42779444555768,152.5999350106582,138.78128207529338,148.11927795410156,34255600
2020-03-18,138.53343770451175,146.89004496891127,135.90651273581082,145.68067932128906,37553100
2020-03-19,145.3436428023484,158.53777453936144,143.53949408136737,151.79698181152344,39862300
2020-03-20,154.66182782825337,157.88353611358346,146.71163883964718,148.42657470703125,32568400
2020-03-23,148.35719332818863,150.98411867363274,141.01169473830404,146.81077575683594,29830800
2020-03-24,153.8588832945832,159.90577292075932,151.24186544509297,159.57864379882812,30440400
2020-03-25,157.53660554893742,161.57118361214071,151.72761602398106,154.85020446777344,35184300
2020-03-26,156.87240386187312,162.57234902589062,155.65311547944728,161.9180908203125,26556800
2020-03-27,156.8228392049175,158.69638583006187,153.40287506390268,155.42510986328125,24879900
2020-03-30,157.79430097848623,165.29840996886728,156.6840556288971,164.50537109375,22515200
2020-03-31,164.03947541807867,169.4420295847573,162.77061915923906,165.34799194335938,23676300
2020-04-01,160.21306753205042,162.72104227236392,156.66423018239112,158.21066284179688,19507600
2020-04-02,157.71500914670497,159.9454224525926,154.56268380888545,156.81292724609375,20886300
2020-04-03,155.7819919969896,156.53538582342665,149.5170159130177,152.8378448486328,25983300
2020-04-06,158.7558847591794,164.75322240440192,157.13016159944928,164.10888671875,28453600
2020-04-07,170.2945455005244,171.88062340287595,164.5648621453682,167.36032104492188,31411900
2020-04-08,169.75921102306557,173.4765660089721,166.27977220160125,172.76283264160156,21664200
2020-04-09,174.36875838401778,175.53849417465915,170.07646498649927,173.66494750976562,23534300
2020-04-13,172.15818714577597,173.4766112060572,167.97492136833023,173.2684326171875,19355400
2020-04-14,177.4219650400709,179.65237866656275,175.08250836457879,176.6190185546875,21011800
2020-04-15,173.6649247061244,176.63880887107624,171.3155610561187,175.42942810058594,17423000
2020-04-16,176.40092708998696,176.50006263186586,171.00828033251065,174.71572875976562,23593200
2020-04-17,177.64002723699403,178.71062744877847,175.12214507061915,177.6796875,20974800
2020-04-20,175.86563891213842,178.92873664609874,175.23121075566158,176.68841552734375,16110700
2020-04-21,173.72441499563723,173.853288160905,166.87456424632103,169.3131561279297,24850500
2020-04-22,176.89657593552604,183.17147461150617,176.58927692963414,180.6932373046875,33242000
2020-04-23,182.4775547580757,185.42170162352286,181.55564269746117,183.51841735839844,21426600
2020-04-24,181.63496693142514,188.7524724391057,179.2558651348406,188.41543579101562,28792000
2020-04-27,190.9829146360904,192.06342264811198,185.77861544175448,185.86782836914062,29197800
2020-04-28,187.01769454861898,187.55298712512695,180.97078976717316,181.3177490234375,21731000
2020-04-29,189.26792646662525,195.19588081139872,188.34602947753794,192.4995574951172,45954500
2020-04-30,205.11874712075365,207.86463833916753,199.815328268595,202.92799377441406,46230100
2020-05-01,199.84506577329986,205.4756137669369,197.3172606533983,200.5092315673828,30415600
2020-05-04,198.45722553825703,204.11752577558354,197.02975853702785,203.47317504882812,19250700
2020-05-05,205.21788828115078,208.5486399749447,204.70241066309816,205.2674560546875,21071200
2020-05-06,206.30826843159727,209.75798521785813,204.86098649767018,206.6552276611328,21857000
2020-05-07,209.32183905617606,209.75801124137712,207.22028353893103,209.42095947265625,15152000
2020-05-08,210.3924370574454,211.35399432982777,209.014537738149,210.50148010253906,12506000
2020-05-11,209.05419049730784,213.12841332924486,208.53871289026586,211.32424926757812,12911900
2020-05-12,211.43327504157023,213.4059572677164,208.17192159205015,208.27105712890625,14704600
2020-05-13,207.6068840689912,208.94513823709826,200.35061325172475,203.31459045410156,20684600
2020-05-14,200.79670108521395,205.12865514260832,198.94298438348417,205.00970458984375,17178900
2020-05-15,203.4831009553526,209.50025291394357,202.343102786251,209.0442657470703,19383200
2020-05-18,210.30319710358134,212.7715267339531,209.103738801475,211.3341522216797,20151900
2020-05-19,211.41347485337647,218.5706254884204,210.9773026621722,214.99205017089844,31843200
2020-05-20,221.55439970264038,229.3261477219346,221.24710071828457,227.96807861328125,50162900
2020-05-21,232.67673086362328,235.13513788236287,229.18736871943992,229.37571716308594,47782600
2020-05-22,229.49467014998513,233.9356820629517,226.74879424788477,232.86508178710938,33925600
2020-05-26,237.6827745670303,238.8029274814234,229.65328009154226,230.1786651611328,33178300
2020-05-27,227.07594192588746,228.55296172382285,219.20505758647988,227.14532470703125,34697600
2020-05-28,222.3474544873753,229.6136480957041,222.05006298497125,223.4973602294922,29377200
2020-05-29,223.2395972377781,225.50967091525212,220.93980105083412,223.13055419921875,23241500
2020-06-01,222.63491887570348,230.4165899230667,221.5544110604934,229.89120483398438,18223800
2020-06-02,228.9296491010326,230.97171419695508,224.58777255178694,230.69415283203125,20919000
2020-06-03,230.08947048344942,230.62476309877923,226.54063276223485,228.1564483642578,15380300
2020-06-04,227.56166814251998,229.6136559660789,222.6547611255217,224.32012939453125,17041500
2020-06-05,224.73646886520714,229.3360765026521,223.34864695784768,228.76112365722656,16750400
2020-06-08,227.03628638974985,229.53435395624868,225.4303933742667,229.38565063476562,15466500
2020-06-09,229.5045790781684,237.68276127605165,228.40424123196033,236.5923309326172,27462900
2020-06-10,238.86242350765383,239.11024723031758,233.23186066323433,234.6692352294922,20720700
2020-06-11,227.93834758086746,230.8626644574939,221.60397389010276,222.47630310058594,26708200
2020-06-12,227.89869613147326,229.64338487185313,222.5457096121225,226.59019470214844,22091400
2020-06-15,223.1305455168529,231.73499234719503,222.84307667690538,230.47604370117188,15340300
2020-06-16,235.07568298678672,236.38419957650984,230.971722513685,233.59864807128906,15236700
2020-06-17,232.9543206803659,235.52177105252738,229.71278185520407,233.47970581054688,19578100
2020-06-18,232.94438131987675,234.08436434245675,230.12909246135095,233.8861083984375,15782500
2020-06-19,235.71999361104298,238.73353839854053,233.49950284758046,236.71128845214844,30081300
2020-06-22,236.48331496125397,238.60468549637406,234.8476843848803,237.1375732421875,18917800
2020-06-23,239.17962164512457,243.055588162307,237.7719847647225,240.1312713623047,24017900
2020-06-24,239.10032389575963,241.1027438042469,230.65448721701455,231.9828338623047,20834900
2020-06-25,232.5775868399755,235.23426483463246,230.7139628559192,233.62835693359375,18704300
2020-06-26,230.6148299237534,231.06090957453293,213.52490151453114,214.19898986816406,76343900
2020-06-29,207.92412780812654,218.82837288983998,205.30710959355378,218.71932983398438,58514300
2020-06-30,218.66973623252326,225.51958755508608,216.56819590528403,225.0933380126953,33927100
2020-07-01,226.51087976376274,236.91947598923105,225.57906015771016,235.4821014404297,43399700
2020-07-02,236.91945781943653,237.9107526220283,230.58508463591335,231.38803100585938,30633600
2020-07-06,231.7250921993472,238.30728978202592,230.2480724673563,238.18833923339844,26206200
2020-07-07,237.32591582434424,245.49417612610122,236.7410554631184,238.76329040527344,27887800
2020-07-08,236.03722575248477,244.8399291745789,234.53045329150478,241.45960998535156,29791300
2020-07-09,242.86724472826,244.3839246791393,237.15739168530018,242.37159729003906,22174900
2020-07-10,241.56862337607927,243.35295697585602,237.23667009919834,242.93661499023438,22982700
2020-07-13,244.8597617859769,247.97242734468227,236.34454173895932,236.91949462890625,24674900
2020-07-14,234.6989652429233,238.237895148075,230.01014479769046,237.6431121826172,23378100
2020-07-15,239.4472880015589,242.6888265852968,235.97775582429836,238.18833923339844,19133600
2020-07-16,235.92818533327153,239.65544869823316,234.27272467146835,238.83267211914062,18880700
2020-07-17,238.9020480052615,242.03454321929493,235.78938292259642,239.92308044433594,18152400
2020-07-20,237.97024349927685,243.90810520163038,233.58872199953782,243.28358459472656,20872200
2020-07-21,244.07662767391062,244.76062356437544,237.99007768806302,239.64553833007812,19364200
2020-07-22,238.1684952556672,239.79421820490197,236.0471248813492,237.78189086914062,15427900
2020-07-23,237.54396567415787,240.3096713699716,229.73255820742426,230.57516479492188,21771800
2020-07-24,228.18619778132597,231.4574742966432,224.92482877063276,228.70167541503906,18325800
2020-07-27,229.44512648952175,232.90473604428718,228.82060585600848,231.4673614501953,13163100
2020-07-28,232.58754071026527,232.91466986134392,227.82932188924227,228.11679077148438,14170100
2020-07-29,229.12789264007753,231.66560505382344,228.30511609365914,231.25917053222656,13588300
2020-07-30,228.21589283740667,232.84523779450794,227.00651195664395,232.45863342285156,20615300
2020-07-31,253.59305446658362,253.622792101852,246.83241636433706,251.46176147460938,53005100
2020-08-03,250.45064335351154,253.1767042514364,248.15084711603382,249.76666259765625,23124900
2020-08-04,249.37013301923434,250.5993440932362,245.27608039961166,247.6551971435547,17183500
2020-08-05,248.01206299801274,250.07395811822374,245.61313125623738,246.9513702392578,13050100
2020-08-06,246.87206891607784,264.27921961993843,246.50529465278117,262.970703125,45241600
2020-08-07,261.78114887182363,276.46225445247427,261.13681322492374,266.10321044921875,72766400
2020-08-10,265.7066440920455,271.4759563465139,257.42932716478015,260.71051025390625,30248800
2020-08-11,257.9250148628608,263.60514536343936,252.9090652365863,253.90036010742188,28238300
2020-08-12,256.7156503787785,261.6027271450453,255.86312100417206,257.6276550292969,21415700
2020-08-13,259.2731838466184,262.851774371615,257.31043919341164,259.0253601074219,17374000
2020-08-14,260.0265741976145,260.36361084815877,256.4281687125643,258.96588134765625,14792700
2020-08-17,260.2148976283439,261.80097543570025,257.14187754882556,258.8865661621094,13351100
2020-08-18,258.67842072781787,262.8418412286436,257.00312989770174,260.0563049316406,18690400
2020-08-19,259.1145416344258,265.57777232444016,259.0748813750512,260.3040771484375,23291500
2020-08-20,259.22360923298226,267.2828413890221,259.18394896753364,266.6682434082031,20299700
2020-08-21,266.35103716728554,268.1353559405538,264.100808566831,264.6856689453125,15538600
2020-08-24,268.71030523947917,274.8365002201754,266.4303089079624,269.02752685546875,23685600
2020-08-25,270.0386043174784,280.6256249023249,267.90732667241116,278.3753967285156,42127200
2020-08-26,281.5277213297594,302.0177980204833,281.5277213297594,301.264404296875,69015200
2020-08-27,297.5470379871194,298.60773063791044,289.47788414162295,290.6674499511719,30301300
2020-08-28,292.4319997680473,294.64259831800206,288.4470051025773,291.1036682128906,17157400
2020-08-31,291.39114572986756,294.2956325042199,289.0120137865058,290.6476745605469,17345100
2020-09-01,292.1444774615667,298.8654548902185,290.1618878926202,292.8681335449219,17295900
2020-09-02,296.2782166171665,300.9571296299292,290.4989505638761,299.86669921875,24341400
2020-09-03,293.4133244875022,295.0093247720663,281.1609358518354,288.5857238769531,32294100
2020-09-04,284.7494405794508,286.48420653598356,268.77969535194666,280.268798828125,30333700
2020-09-08,268.91841951540584,276.868591956398,267.0746259319691,268.7994689941406,24864000
2020-09-09,273.36936151774904,276.05579226031756,268.9878553560728,271.33721923828125,22918800
2020-09-10,273.11164648670973,276.7298665418841,264.70545549324396,265.7562255859375,24814700
2020-09-11,267.7091340150961,269.02757334919295,260.353741816169,264.2891540527344,18913900
2020-09-14,268.59133245530916,274.2318021676468,263.3870348658596,263.8330993652344,24093800
2020-09-15,268.31378749780447,272.1302484280536,266.95568815618236,270.0485534667969,18478500
2020-09-16,264.9632451579217,270.0684082831144,259.51112273740233,261.2260437011719,29183400
2020-09-17,256.0316480397024,259.2236188586699,248.01207585132232,252.60177612304688,31281400
2020-09-18,256.15060729215287,256.9436613979263,247.87330359137397,250.3317108154297,28130800
2020-09-21,245.38513189610754,247.7741562256559,242.0048277965363,245.9898223876953,24709400
2020-09-22,251.10491205515729,253.0974245114038,246.05922457694612,252.53237915039062,30293100
2020-09-23,253.0379506453477,255.74418170008724,245.98984274655064,246.85227966308594,19641300
2020-09-24,244.3541660780968,250.04420362603108,243.48182182136534,247.3577880859375,20006800
2020-09-25,247.228944402206,253.52367312850794,244.4632382598628,252.60177612304688,18351300
2020-09-28,257.1419242238077,257.34019533018557,252.60180630621994,254.5843963623047,18826300
2020-09-29,255.56574368325687,261.03768081045007,254.6636616660201,259.5111083984375,20200200
2020-09-30,259.69943771719215,263.76372243232544,257.8357985443643,259.6201171875,20142500
2020-10-01,263.04010371853553,265.99414311385937,262.4948733807721,264.3089599609375,20009800
2020-10-02,258.9361186241271,262.84182274311667,256.92379129394055,257.67718505859375,16367600
2020-10-05,259.91753703229796,262.56427749613204,258.5693602261399,262.34619140625,12822300
2020-10-06,259.50122200607643,263.377189356894,255.9920289905563,256.40838623046875,18696900
2020-10-07,256.9535240905326,257.9150812844997,252.60175552330386,255.87301635742188,23133400
2020-10-08,257.48876625498326,262.3163660024035,256.8939834586803,261.4638671875,16312800
2020-10-09,262.21731687050624,262.44532558890444,259.88779804981755,262.14794921875,14107800
2020-10-12,267.84784425154044,277.74094615184305,265.5381106231581,273.3495178222656,31019300
2020-10-13,275.16364297199124,276.6704306794632,271.01014490194666,273.7362060546875,18063300
2020-10-14,275.20329490670065,276.3234630231196,269.13657474718195,269.45379638671875,15577800
2020-10-15,265.2705071475953,266.69797414764406,261.374725658758,264.3981628417969,15416100
2020-10-16,265.0524410067769,269.00769806378014,262.9905306285475,263.61505126953125,16622700
2020-10-19,263.2185339846654,266.21223369649806,257.6177238415861,259.1244812011719,13587000
2020-10-20,260.7700683579075,267.3522818827323,260.5916425128417,265.23089599609375,18763200
2020-10-21,277.12641139284636,280.586021057658,273.9641781096813,276.30364990234375,28998600
2020-10-22,277.4336795285745,279.9912371337842,272.6457388053963,275.69891357421875,16720000
2020-10-23,276.3730055560065,282.75694712146,274.41026101852475,282.3108825683594,17535200
2020-10-26,280.6950758632085,282.7470636277034,271.8725570411759,274.6977233886719,21322900
2020-10-27,276.3333793505012,282.033325094517,273.9046947153265,280.8239440917969,16287200
2020-10-28,276.3630986342593,276.3630986342593,264.9334702679964,265.33990478515625,23121800
2020-10-29,274.14260431413163,281.13125181160507,271.3967282134318,278.3853454589844,32368100
2020-10-30,272.11041138825004,274.2912719591588,256.84447814763473,260.8195495605469,47247800
2020-11-02,262.29662424575497,268.1155201945895,255.0998139298487,259.0848083496094,27165700
2020-11-03,260.8691840773539,267.69919058864355,258.6090327892569,262.99053955078125,17961900
2020-11-04,278.5538005842282,286.42468263654763,276.19451444360027,284.8782653808594,35364400
2020-11-05,289.3589477438813,294.7912541700032,286.43464621811086,292.11474609375,23823600
2020-11-06,291.3911426677605,292.03547829068356,285.5524012917974,290.8558349609375,13891000
2020-11-09,287.34664089380567,290.03304153749013,276.10536062910086,276.34326171875,25117700
2020-11-10,270.7226220038531,271.6147812934847,261.70183307109477,270.0584411621094,29067700
2020-11-11,271.0894044837182,275.9764808453702,270.1080322605001,274.0732116699219,14957000
2020-11-12,274.76708892660645,277.3147238557322,272.04102819165286,272.68536376953125,12899500
2020-11-13,275.30237908412266,275.34203934464506,270.7226021810253,274.5390930175781,10391200
2020-11-16,272.65567962026546,276.9777415825095,272.23935265833245,276.5316467285156,12970400
2020-11-17,275.26274199380117,275.26274199380117,270.91097340750423,272.6060791015625,15040300
2020-11-18,272.13026794843125,274.9753097532695,269.4736048486675,269.60247802734375,12152900
2020-11-19,268.66072640611867,271.08941095311593,266.8466700938607,270.56402587890625,12963700
2020-11-20,270.1873226446554,270.6234948000177,267.06474990888495,267.35223388671875,18114700
2020-11-23,268.53189955867924,268.59137483464673,262.2272480388358,266.0932922363281,20990800
2020-11-24,266.15273075412887,275.4015281647024,265.53813281939904,274.5093688964844,16930400
2020-11-25,275.7187685457387,277.74098829096494,270.2765391601814,273.1909484863281,12467000
2020-11-27,274.9752746942331,276.7001179380281,272.4276398385268,275.3916015625,7808400
2020-11-30,273.62714029983425,275.28261615577065,268.65085060588,274.5589599609375,16693300
2020-12-01,276.7298883993437,286.7816029719664,276.53161731822826,284.0555419921875,20738900
2020-12-02,282.8758590081693,289.23998469655885,278.3852949425003,285.0170593261719,17361600
2020-12-03,283.7581760525857,284.15468797747155,278.62327553330033,279.396484375,12921700
2020-12-04,277.8599504969249,280.9924460351421,276.86865558933414,277.26519775390625,10880300
2020-12-07,276.7596352388942,285.9786660308309,275.7782629341563,283.093994140625,13007700
2020-12-08,283.5202789546356,283.93660589347684,279.09908168651367,280.9329833984375,10747700
2020-12-09,281.1906940080465,285.12613567782824,269.3843689987013,275.50067138671875,25189700
2020-12-10,273.141378605421,276.30361144849036,269.4933907373716,274.7076110839844,20065100
2020-12-11,272.14021166775035,274.0732489938562,267.8974703319594,271.1687316894531,14391400
2020-12-14,270.99029251102206,274.8067840748225,269.19605109240075,271.80316162109375,16376900
2020-12-15,272.43757259190494,273.6766912557278,265.1416564202378,273.15130615234375,23979500
2020-12-16,272.36815131440505,275.4411407941398,270.1377381586472,273.2702331542969,15885000
2020-12-17,274.6580565826813,277.9987152072604,271.2281548047126,272.0906066894531,16377800
2020-12-18,273.3693149788667,275.5799129409881,268.7796461569592,273.99383544921875,26693200
2020-12-21,270.6036621505985,272.2789527626678,265.45883978012307,270.4153137207031,16553700
2020-12-22,269.1365677921802,269.1365677921802,262.32637660769075,264.76495361328125,17312900
2020-12-23,264.5666808927801,269.80071617130704,263.91242270147467,265.7760314941406,14329000
2020-12-24,266.539362366525,268.0461196379881,263.88269944634607,265.0722351074219,6702000
2020-12-28,266.4006082309336,274.8860909984067,263.34743294623155,274.5887145996094,23299700
2020-12-29,274.5391389152094,278.068146393808,273.8749580110601,274.37060546875,16383000
2020-12-30,275.5304784538682,275.6593214021214,269.34477660879304,269.5033874511719,11803800
2020-12-31,269.63219883750327,274.6778859869896,267.46126069876846,270.7821044921875,12900400
2021-01-04,272.3880360628086,272.60612217062203,262.89144337221967,266.598876953125,15106100
2021-01-05,265.9544822965635,270.02868928007945,265.87516177389597,268.61114501953125,9871600
2021-01-06,259.7192285430629,265.41917344429424,257.7465616404671,261.017822265625,24354100
2021-01-07,263.5853301244731,269.2456160110558,262.47508458299865,266.4006042480469,15789800
2021-01-08,265.97433223689694,266.6087754939091,260.88898455886226,265.24078369140625,18528300
2021-01-11,258.2125150894725,261.17647725911263,253.67236735436126,254.60418701171875,30412300
2021-01-12,254.39598693230127,257.4590842047883,248.1210890931738,248.90420532226562,26383500
2021-01-13,249.36023472120903,251.7393364270185,247.03068565955243,249.44944763183594,19528900
2021-01-14,251.19412144026523,252.809936966483,242.48064593056202,243.50167846679688,29739400
2021-01-15,245.74197310245407,251.6500967233896,245.00842463634237,249.17185974121094,24942900
2021-01-19,254.6636670223244,259.9175484170947,250.52006138498896,258.8271179199219,28028500
2021-01-20,266.58890963596116,267.9668239616114,261.3053215373007,265.15155029296875,25199900
2021-01-21,266.91612914015525,271.21834625735937,265.16151744644344,270.49468994140625,20838700
2021-01-22,269.6420680762477,276.0458230601288,269.632145449112,272.1103820800781,21954000
2021-01-25,275.7188390261405,277.661768989592,269.14654754432235,275.5899658203125,19087000
2021-01-26,275.7187899571974,282.90567829369337,275.3916456849432,279.5947265625,19373600
2021-01-27,280.07050221331053,280.9825066866827,265.7859413525884,269.7709655761719,35346200
2021-01-28,274.76711024718605,284.2934698675285,262.39576938583184,262.6931457519531,37758800
2021-01-29,262.9905341831644,264.23957548201406,252.63152026244686,256.0812072753906,30389500
2021-02-01,257.2608421338814,261.870387630748,252.69098715556086,259.72918701171875,22914300
2021-02-02,261.7018905062424,266.50967749963957,260.9782342364985,264.75506591796875,17320800
2021-02-03,263.30773338307216,266.8565858893887,261.5432297590339,264.3287658691406,14223400
2021-02-04,264.6856892976803,265.82567250447573,261.7018816482722,264.1701965332031,16060000
2021-02-05,264.4774423986181,266.8268365027452,263.357304678353,265.7661437988281,12454400
2021-02-08,266.4105228067336,267.51084570093855,262.6931666745466,264.2593994140625,13755200
2021-02-09,264.12062373060746,271.01013559908193,263.43662780833625,267.10443115234375,14613400
2021-02-10,270.0783555362858,271.41657968724337,265.3895189364719,269.5033874511719,14687200
2021-02-11,269.5231973013296,271.1984579277582,266.1527702844874,268.0362548828125,12828600
2021-02-12,268.16510919851635,268.8193675206695,266.0040933856579,268.1452941894531,9097600
2021-02-16,268.44263449070877,274.1921627978071,267.6991633498535,271.5850524902344,15417200
2021-02-17,268.87877341356204,271.5850189224753,267.23322052829496,271.1885070800781,12763200
2021-02-18,267.22337821729826,269.5826649616648,263.7141857382018,267.0449523925781,15249100
2021-02-19,267.5108477745137,267.91728234501386,257.8853820254984,259.2831115722656,25622600
2021-02-22,255.7045555837775,260.77998110839724,255.2881983758087,258.0638122558594,17434900
2021-02-23,257.24100330589897,265.131701526364,252.74053152198047,263.5456237792969,21924600
2021-02-24,260.046350171747,264.061112241261,256.1406765125581,262.0091247558594,15736100
2021-02-25,260.0166243406885,264.6162469176073,251.828534410485,252.47288513183594,19053100
2021-02-26,254.2373973173974,263.23834145442027,254.2373973173974,255.37738037109375,26619500
2021-03-01,258.549550247898,264.3287863643085,255.6549557487879,262.60394287109375,22157300
2021-03-02,263.4663703912783,264.3882674335836,256.398432563095,256.7453918457031,15191700
2021-03-03,258.02415412891276,258.71804239737355,252.87933125477727,253.18663024902344,15513500
2021-03-04,254.2374037140958,264.17016770191015,251.29325665679738,255.39723205566406,31626500
2021-03-05,258.4008106616745,263.1391982624967,253.38484662048393,261.9793701171875,26820100
2021-03-08,263.2383279364887,263.26806557107824,252.8297474292664,253.0874786376953,18391800
2021-03-09,258.90636446418875,266.19238717808435,257.548295450208,263.4266662597656,22039700
2021-03-10,266.3014264237882,266.6285403684849,260.5816365642028,262.5939636230469,14210300
2021-03-11,265.77602885197024,275.4808132153141,265.4885751472502,271.4958190917969,21834000
2021-03-12,266.7971469759698,267.3918997658604,261.72169123749984,266.0635681152344,20600200
2021-03-15,266.73758347140597,273.5576963311189,266.1626458154966,271.366943359375,16844800
2021-03-16,273.67663022760604,279.68390400200286,272.4077742088749,276.8487854003906,22437700
2021-03-17,273.3098933243491,283.7383344580266,273.0125169715293,281.53765869140625,21315000
2021-03-18,277.4336987025886,282.7073948287662,275.85754344250125,276.194580078125,18728300
2021-03-19,278.77196781041573,290.25115005192066,278.7521528020532,287.5845642089844,38930500
2021-03-22,287.9215527185959,297.1009209099775,284.2537502914889,290.9846496582031,28273100
2021-03-23,290.5980580528056,295.4058437753718,287.2871371252847,288.1000061035156,23000900
2021-03-24,288.4667868520234,289.1805203182288,278.71244964849427,279.6839294433594,18675000
2021-03-25,278.53408956285267,285.55244509320096,275.33219571212356,276.3135681152344,24505600
2021-03-26,275.8773912394726,282.0234324480734,275.3520060903317,280.5563049316406,17629200
2021-03-29,283.2823336991601,290.62783256475734,282.2216711438117,288.28839111328125,21718800
2021-03-30,287.30697620636784,289.92400915990584,284.20424870355055,285.492919921875,17474500
2021-03-31,287.4656075110616,293.91894719587566,286.0976156652558,291.9660949707031,19498200
2021-04-01,295.8023732906898,299.7675526384254,294.0180546849759,296.06011962890625,17616000
2021-04-05,298.27068294587053,308.0646493719393,298.06248927320576,306.2208557128906,28237000
2021-04-06,306.1514909677622,308.63965066599314,302.59274616641994,303.5939636230469,17335200
2021-04-07,303.6732915537741,311.5144382436948,302.84060742545347,310.3645324707031,22855200
2021-04-08,312.10925290027984,313.13028559287204,307.3510185036767,310.295166015625,20894100
2021-04-09,308.6892504940814,312.00017209461026,307.628557605802,309.7400207519531,15988600
2021-04-12,308.3422783563518,309.43270883850846,305.24944299017716,308.8280334472656,10881900
2021-04-13,309.492161348312,311.692837158811,306.6273349193004,307.0635070800781,14036900
2021-04-14,304.62488027342675,305.3485363689106,299.3214772891418,300.18389892578125,17421400
2021-04-15,303.67328399580504,307.44022286569765,301.4527930422147,305.1404113769531,14558300
2021-04-16,305.48731503478973,306.26052372621126,301.958277909011,303.5146179199219,13059200
2021-04-19,302.3548538676935,305.02143945188504,297.9435796554135,299.60894775390625,14553500
2021-04-20,299.3611226269296,302.4440653471533,294.6227344452051,300.015380859375,16796400
2021-04-21,299.3215050467602,299.3512426834739,294.80120275476366,298.8456726074219,14863500
2021-04-22,298.70690825562025,300.28309392317766,293.4629795007598,293.93878173828125,16375400
2021-04-23,296.1592724145303,299.9559185503014,294.56327190310105,298.5086364746094,17536800
2021-04-26,300.6993844190325,303.1379613464025,298.9348807476967,300.4020080566406,16172600
2021-04-27,301.6312095868947,302.6819797559511,298.48879145737527,300.9273986816406,15309300
2021-04-28,304.6843518160159,308.21338909650177,302.71168486658456,304.4266357421875,33907200
2021-04-29,327.24624637387615,328.9215370666334,318.8103176400919,326.6415710449219,56526800
2021-04-30,323.3008918440618,326.9488493488843,321.6751538951361,322.2500915527344,26332400
2021-05-03,323.3306871128496,325.6899436819477,319.0383630387981,319.77191162109375,18719500
2021-05-04,317.2342068523723,319.3853302579071,310.3942775786296,315.5886535644531,24032600
2021-05-05,315.4200972947365,318.2651085526417,311.75229440533417,312.2776794433594,15577600
2021-05-06,311.78203979870165,317.45224745015986,310.54292125818995,317.2341613769531,19012200
2021-05-07,319.57362870148063,320.1287513801617,315.9752236669433,316.3023376464844,15916700
2021-05-10,311.6135124100819,311.841490842598,302.176366977457,303.30645751953125,24239200
2021-05-11,298.13194982266197,304.16893230854123,297.0811796183367,303.86163330078125,18920100
2021-05-12,298.50863794930353,302.3052841038309,295.59422852439974,299.916259765625,24645500
2021-05-13,303.4154998795162,306.17129822076333,300.1343165029494,302.6026611328125,18079200
2021-05-14,306.8453863779117,314.09174860369416,306.3893690100581,313.1896667480469,19245700
2021-05-17,310.82052071278764,312.93198380502577,308.8676684434134,312.7138977050781,15401300
2021-05-18,312.8427442229503,313.7448261843899,307.1130610875427,307.2617492675781,14522400
2021-05-19,301.54200231563533,311.92086127549254,300.9274043092507,310.86016845703125,19106200
2021-05-20,310.8503041903682,316.4709607189969,310.4339771893887,315.8365173339844,17320200
2021-05-21,316.5105017777166,317.1449146718476,313.0607852379029,313.4771423339844,13600900
2021-05-24,315.439950403165,323.1125937131732,315.2615245766794,321.8040771484375,16445400
2021-05-25,324.2327432673688,326.3144687405678,321.97259196124674,324.93658447265625,16437000
2021-05-26,325.4916740978203,326.9587711328472,322.9836993061915,324.80767822265625,9686900
2021-05-27,325.1447124753475,330.87439552779364,323.91551653562766,329.8533630371094,20477700
2021-05-28,328.1186061786188,329.97232276898853,325.4718355309257,325.8683776855469,12037400
2021-06-01,327.2760024770691,328.5349663508822,323.7965779781596,326.264892578125,11765900
2021-06-02,327.50400205992975,328.9810217269072,324.2723711221696,326.2846984863281,11654300
2021-06-03,322.94400539102026,324.53008305587247,320.66403954598695,323.2017517089844,12610800
2021-06-04,323.0629692041893,329.565860670719,322.34923573825716,327.4742431640625,13289400
2021-06-07,326.61179507197824,334.750316248548,326.06656482510414,333.64996337890625,20136700
2021-06-08,333.7689984558394,335.3550460635353,329.347801506226,330.7752685546875,14580500
2021-06-09,332.817352105482,333.8681223174045,327.1273288539104,327.3751525878906,13727900
2021-06-10,327.91041157777425,331.03298411135006,325.6898906801004,329.56585693359375,13240200
2021-06-11,329.6848289882906,329.932652701607,326.06660882425405,328.3763427734375,13587900
2021-06-14,329.0107774921073,333.887961803341,326.9389747420912,333.83837890625,12250800
2021-06-15,334.0564741044241,336.96099128707715,332.1135444811946,333.8185729980469,15795200
2021-06-16,333.7689782813565,334.6115546775463,325.858434720274,328.1978759765625,17232200
2021-06-17,327.612983330027,335.037801376743,327.2759467544302,333.5805969238281,17794100
2021-06-18,331.6178845677562,333.2237774793998,326.136024933211,326.790283203125,23039500
2021-06-21,328.20777307393615,330.0218593960487,324.79771673532474,329.3973388671875,11337500
2021-06-22,329.79389887120124,336.9609718056598,329.70468596146765,336.0787048339844,15345300
2021-06-23,336.3958956840747,340.43047277158377,335.25591271698704,337.6250915527344,14817800
2021-06-24,338.8741266535993,341.89756363237024,338.81465138694205,340.1925354003906,12329100
2021-06-25,339.607726973849,341.1244070090632,336.72305509277095,338.3983459472656,14594400
2021-06-28,339.4788388053115,355.0223656374678,338.79484291257626,352.54412841796875,29156100
2021-06-29,353.1686594409052,353.63456930188124,346.01150831701534,348.8268127441406,21417300
2021-06-30,349.1043638637491,349.84783509331055,344.14788900000565,344.68316650390625,15107500
2021-07-01,343.80091334634034,351.5825845624419,343.4836917096973,351.3050231933594,17137000
2021-07-02,352.0088471395874,353.33717875875,349.55042474255595,351.6123352050781,11521300
2021-07-06,353.3966023047787,355.6666759065299,346.14031698296947,349.708984375,13488500
2021-07-07,352.1673993527171,353.3866725921118,346.953179038553,347.43890380859375,14218900
2021-07-08,342.72040329828144,345.29774588660945,339.5779850936406,342.6410827636719,14406500
2021-07-09,342.31392781983334,347.65699106432334,342.2643449286511,347.3695373535156,13018700
2021-07-12,348.17256225818943,351.1067870594323,346.59640679986194,350.08575439453125,10018600
2021-07-13,348.44016404206013,355.36930584552533,345.76365565988795,349.0250244140625,11456000
2021-07-14,351.4735177226943,352.10796098033563,343.71169195773086,344.6038513183594,13894200
2021-07-15,346.1899217185131,346.1899217185131,337.25834517205516,341.46142578125,14781600
2021-07-16,341.9074181618238,342.97800300033873,337.17895389285894,338.1900634765625,11026100
2021-07-19,334.6314437321854,336.832119732579,331.627821241965,334.016845703125,14372300
2021-07-20,335.85067210625715,340.4602172096877,331.5881164912914,338.685791015625,11024300
2021-07-21,338.5271983069589,343.50348766663694,338.27937458931103,343.2160339355469,9279700
2021-07-22,343.6621236605478,348.479832815673,342.2049188839143,348.13287353515625,12385400
2021-07-23,357.7682795096587,372.06273636587616,354.0806609260774,366.57098388671875,33694300
2021-07-26,366.362687231872,371.1803952747823,365.0145409412259,369.2176208496094,14925200
2021-07-27,368.67246920927926,369.9016651357157,361.37652342353266,364.608154296875,15705400
2021-07-28,371.29946556447186,374.26342803591217,363.735879613734,370.0306091308594,29676900
2021-07-29,357.8574688091655,362.3381109905446,353.6345427376173,355.2008056640625,33413200
2021-07-30,350.91836774547977,357.58979280263065,349.867597652045,353.1983337402344,15976200
2021-08-02,354.98268767440595,356.2713588635334,347.68674193292895,348.88623046875,13180400
2021-08-03,349.6594535052351,350.69037839785096,344.673241474728,348.1824035644531,12406100
2021-08-04,349.35217615015995,357.3420109483392,348.45009412431125,355.79559326171875,14180600
2021-08-05,356.5093041046294,360.73219970957473,353.79313557019657,359.810302734375,10247200
2021-08-06,358.25390296322894,361.9712581342335,358.25390296322894,360.3455505371094,8925000
2021-08-09,360.5933744848918,362.5957789144817,357.60956771812124,358.4620666503906,7798900
2021-08-10,358.6802163961875,360.9304751555723,355.91452543710386,357.986328125,7469900
2021-08-11,358.9478624990702,359.2055785824935,354.6951992255373,356.82647705078125,8400300
2021-08-12,355.32965227693023,359.8400317588148,354.00129055177996,359.4930725097656,7170700
2021-08-13,359.81033018281977,361.48562107299557,358.33331038394755,360.01849365234375,7195700
2021-08-16,359.36423946467784,363.75569914673264,354.2689990806307,363.36907958984375,11222100
2021-08-17,359.82021533674686,361.4955060524368,351.9790694475264,355.32965087890625,12328700
2021-08-18,353.1487977216519,356.72735768431033,352.05836731339076,352.35577392578125,10042400
2021-08-19,348.29148495413693,354.45734072172434,347.94452567302466,352.0286560058594,12004500
2021-08-20,351.5131724701607,356.85623617233426,350.23439359725023,356.24163818359375,8697700
2021-08-23,356.31104498912975,362.50663817869156,355.97400834984796,360.18701171875,10942000
2021-08-24,360.49431489699504,364.75687096002576,358.69015087883326,362.3282165527344,9235100
2021-08-25,362.4174450823312,367.63163602444916,362.21917398865673,365.18316650390625,9684500
2021-08-26,365.1731562010596,366.22392619103294,360.96015361328824,361.2079772949219,7888700
2021-08-27,361.9217211377598,370.4864920908366,360.91058112633107,369.38616943359375,11219100
2021-08-30,369.31675914421385,378.16901374968154,367.2945094411481,377.34625244140625,13547300
2021-08-31,376.6424683877028,379.4280043335616,375.50245517516845,376.0774230957031,12345400
2021-09-01,376.28560528913044,380.984333157656,375.51239652276655,378.72418212890625,11567200
2021-09-02,378.178946587326,378.4267702744736,370.8037112376585,372.0130920410156,14832900
2021-09-03,371.48775419959367,373.8767784772449,369.862016084577,372.984619140625,7509600
2021-09-07,372.6079424323459,379.6262972127844,369.9016963878122,378.85308837890625,10793800
2021-09-08,376.85062242489346,377.5544332392482,371.52737436398115,374.2831726074219,11067200
2021-09-09,374.352560035707,376.52346768397246,373.29186740372745,374.70941162109375,9098900
2021-09-10,378.04020354167477,380.4490731082647,374.9672135938655,375.3934631347656,11549600
2021-09-13,378.3574610199331,378.426858929052,371.0912821213487,373.23248291015625,13026300
2021-09-14,374.1146494141582,375.2942926398303,371.84457586409377,373.2522277832031,8711600
2021-09-15,373.7181835773616,374.27330631053246,364.4694153158542,370.6650085449219,17940300
2021-09-16,369.54480025714764,370.30808636926264,366.49159530485406,369.81243896484375,11934200
2021-09-17,368.176777560259,368.176777560259,358.4422560971855,361.5450134277344,26299000
2021-09-20,356.1722137811243,357.88716469623876,346.7549130689674,352.60357666015625,19822800
2021-09-21,355.3792741190918,356.90587696102074,352.09808993580305,354.3681640625,11751900
2021-09-22,344.207345490811,346.7946107075454,337.7242682523536,340.2223205566406,43692900
2021-09-23,342.3535812862905,346.6260900015658,340.0141399174007,342.9483642578125,21806300
2021-09-24,340.2520632105395,351.2653656500242,339.38964145891316,349.887451171875,18801900
2021-09-27,346.76487371815995,352.05838496337213,344.05862769451767,350.5020446777344,15205800
2021-09-28,344.94091791460124,346.5567335840848,335.96971038098803,337.68463134765625,21710300
2021-09-29,340.162786850445,342.2246968681128,335.92996916562356,336.6535949707031,14452200
2021-09-30,337.4863781379668,339.81589707106764,335.2063815997219,336.43560791015625,16547100
2021-10-01,338.63627168005377,342.0165912727719,335.6921545610234,340.02410888671875,14905300
2021-10-04,332.6091983075989,333.01563287337103,319.8908972208889,323.3901672363281,42885000
2021-10-05,325.71967728805225,332.2622299266424,323.320760480119,330.0615539550781,35377900
2021-10-06,326.869612449878,331.4692358950612,322.9639076242102,330.7356872558594,26443000
2021-10-07,334.06639950885625,335.890378594045,326.11622486820954,326.3541259765625,28307500
2021-10-08,328.6241616109095,330.4976931247865,325.84851791179705,327.1768493652344,15946100
2021-10-11,324.77795902146374,327.58331033025894,322.4781475498492,322.616943359375,14708200
2021-10-12,320.21798954237187,321.5562437044352,314.60725679206337,320.9515380859375,31658700
2021-10-13,324.1236830099349,324.15342064578897,319.8512045646959,321.71484375,14761500
2021-10-14,325.50154103861985,327.64274140416654,324.252530180988,325.6700744628906,14302200
2021-10-15,325.8187812003698,326.2054007094238,319.70250897020327,321.93292236328125,21596400
2021-10-18,326.0864486097068,332.96603719606185,324.6490589958284,332.4208068847656,21585000
2021-10-19,336.6932673587245,339.4788032818057,334.34390356078706,337.0303039550781,18786300
2021-10-20,340.4602472700604,340.9856323597062,336.4950676495125,337.8134765625,13639500
2021-10-21,337.3178222799958,339.33014968660194,334.8594000743426,338.9039001464844,16354400
2021-10-22,323.5090838339694,326.7605297669298,318.31467819269096,321.7842102050781,35224500
2021-10-25,317.51172656834376,326.6911265083267,316.9367888694215,325.8287048339844,38409000
2021-10-26,325.4024861336373,327.33549311220946,306.90491895434997,313.06085205078125,65654000
2021-10-27,311.4549272341347,316.47087668883006,309.3434643911741,309.5020751953125,29971800
2021-10-28,310.2653818889196,322.68630580861134,305.42785792385024,314.16119384765625,50806800
2021-10-29,317.40265392105727,323.16207373526584,316.81779367550837,320.75323486328125,37059400
2021-11-01,323.20177881185055,330.54727722256507,323.16211854762673,327.10748291015625,31518900
2021-11-02,328.4952593343893,331.8755780645793,320.98122818284804,325.2239685058594,28353000
2021-11-03,324.6391926245561,329.25863099399135,320.38655881984874,328.7332458496094,20786500
2021-11-04,331.10244300241123,334.33404403713143,329.75426611061545,332.9264221191406,22495300
2021-11-05,337.3475009489202,343.7711015720049,336.683350433093,338.1603698730469,26872800
2021-11-08,341.4218002573743,341.78857452736924,335.39471036863415,335.6722717285156,18342500
2021-11-09,337.04026169208083,338.33885557432916,331.55840217522467,332.4505615234375,17556700
2021-11-10,329.5956592992424,330.2895778882843,322.6764396774072,324.78790283203125,21872600
2021-11-11,326.94890382100857,329.5659067272054,324.15344483445233,324.8869934082031,12376600
2021-11-12,327.30572624640484,338.88404283160503,326.9092143568686,337.9225158691406,25414300
2021-11-15,341.34251378022515,350.5714677319461,340.21245322079113,344.53448486328125,25076600
2021-11-16,340.8368784244507,343.6323370262524,337.9026542813804,339.9744567871094,18181100
2021-11-17,341.24332209715345,344.27668185234273,337.13937723798097,337.80352783203125,13602800
2021-11-18,336.7627012277553,339.4788395456353,332.3811645032816,335.7416687011719,17487200
2021-11-19,339.2211685694267,349.03498323511366,336.94117186807426,342.2941589355469,26488500
2021-11-22,346.011493601287,350.74988229883314,337.5458564263731,338.04150390625,27116800
2021-11-23,335.97954650603793,338.42804592460385,330.5968228871068,334.3141784667969,17225000
2021-11-24,333.0750841949081,338.80476746889843,329.91285106468973,338.0910339355469,13566200
2021-11-26,332.8768168926907,334.8098540575957,329.0107728148004,330.22015380859375,14750700
2021-11-29,333.95734192750814,337.7044353109097,332.3910790981545,335.08740234375,16650900
2021-11-30,332.08375357003285,332.88669992716825,320.61446562657216,321.635498046875,25390000
2021-12-01,327.41480920775433,327.62297267144055,307.588910710239,307.8962097167969,30329600
2021-12-02,308.68917539543384,311.8613306581349,304.5257556465427,307.68798828125,24396200
2021-12-03,310.9989197788498,311.0187347836046,296.8927842794887,304.16888427734375,27471000
2021-12-06,305.4477026203686,317.3135037928877,303.6732762774191,315.1029052734375,21758300
2021-12-07,318.7706820353999,323.6974184932654,318.20563672841274,319.9998779296875,18794000
2021-12-08,322.1708369530798,329.85337229580705,320.25764508948055,327.68243408203125,19937700
2021-12-09,326.6713521932828,333.20398240153276,325.14474947217417,326.94891357421875,16879200
2021-12-10,329.66505304918854,332.1135528369936,323.52893476015333,326.8795166015625,14528000
2021-12-13,328.0690544396318,338.120768847072,326.72087766442525,331.5782165527344,22948700
2021-12-14,325.19421696871444,332.77764568901245,324.79770513576295,330.8346862792969,20461000
2021-12-15,329.59560422727736,339.1318555324003,321.1597059007008,338.685791015625,24681300
2021-12-16,336.0291497145093,341.46142630217054,330.8347439657992,331.9846496582031,22635000
2021-12-17,329.9029054140039,334.17538368642465,327.8707631250314,330.8843078613281,40012600
2021-12-20,326.90923704607127,327.02818759599614,319.722348886216,322.616943359375,17901800
2021-12-21,323.56857565417766,333.0750902240933,320.9317275596732,331.290771484375,16116800
2021-12-22,330.89420831620754,331.5980494399973,325.40245663710306,327.5733947753906,16764600
2021-12-23,327.226475890015,333.73929110820535,325.5016020696293,332.32171630859375,13987700
2021-12-27,335.9002350820877,344.8417029161023,335.067551114895,343.1664123535156,17795000
2021-12-28,343.6125197013411,349.63957874532895,342.1949754046615,343.2060852050781,16637600
2021-12-29,343.8901542995369,346.64595320724465,338.66604050651506,339.9547119140625,10747000
2021-12-30,341.00539206528754,344.2072849803108,340.232183374751,341.36224365234375,10593300
2021-12-31,340.03394727133025,340.4503044176008,333.3427070591163,333.4220275878906,12870500
2022-01-03,335.35502521507095,338.11082360220985,334.2547024867432,335.59295654296875,14537900
2022-01-04,336.9907364863114,340.10338695496097,328.9810562034639,333.6004943847656,15998000
2022-01-05,330.12095652506423,332.8371246272023,321.02087826250215,321.3480224609375,20564500
2022-01-06,320.00979090288706,336.21746674620033,319.91065537364796,329.56585693359375,27962800
2022-01-07,329.8434759787728,334.0664021975525,326.0170919463344,328.9017639160156,14722000
2022-01-10,322.47809757856305,325.48171950640443,312.6841004601609,325.2140808105469,24942400
2022-01-11,323.9353644660303,331.7170359199198,322.44842203223953,331.45928955078125,16226800
2022-01-12,332.2622170190989,333.44186036917864,327.15705433912973,330.35894775390625,14104900
2022-01-13,332.06397662403594,332.7083122589069,322.92423643234406,323.6379699707031,14797100
2022-01-14,318.98876615498534,329.8335338228713,318.4137982227158,329.0107421875,16868500
2022-01-18,320.47570188239416,321.38767615026325,314.8748923561218,315.38043212890625,22645600
2022-01-19,316.7979997340146,324.25255648211686,316.5501760176956,316.80792236328125,20814700
2022-01-20,321.08042246053043,324.96631190525255,313.2293835392829,313.8043212890625,16925000
2022-01-21,312.06954052686575,315.5390726265912,300.4020106136228,300.5308837890625,28710700
2022-01-24,295.24727318173785,306.8355131318804,286.4941524130444,306.02264404296875,38878100
2022-01-25,297.33896007040755,303.5642917266394,294.9895654082896,297.5372009277344,25108500
2022-01-26,304.33745154982324,304.83309899106166,288.3181226187675,292.0652160644531,28348800
2022-01-27,295.15804679430795,299.08356599902004,291.69843738739166,292.07513427734375,21629900
2022-01-28,293.0465751951822,299.27190556829635,290.4791251947652,299.08355712890625,21871600
2022-01-31,298.0625437346582,311.0584356248489,296.7143971894849,310.5330505371094,21579500
2022-02-01,311.8217315752421,316.87734178183337,309.40296951956975,316.22308349609375,18023800
2022-02-02,324.96631177071333,325.1447375979586,314.11162016781816,320.1882629394531,58458300
2022-02-03,242.52029856192772,245.8411426276449,233.6977797357552,235.69027709960938,188119900
2022-02-04,232.92456740840566,240.49805995464288,228.1068735160375,235.02610778808594,89342200
2022-02-07,235.63080405625365,236.22558707024265,222.05997391651653,222.9521484375,88613800
2022-02-08,218.92748656351395,223.8046556975706,214.26838839341522,218.2633056640625,94729700
2022-02-09,222.24830477510113,231.3384768338874,220.27563768264372,229.98040771484375,86563300
2022-02-10,226.28286591813327,232.9542756186677,224.72652583758273,226.08460998535156,49310400
2022-02-11,226.47125083503389,228.41418046566048,216.8656003535109,217.63880920410156,46156900
2022-02-14,217.4008711781249,219.0761618951234,212.9103067167767,215.8048858642578,38184000
2022-02-15,218.55078679053494,219.22486005892043,213.18787777639622,219.076171875,42685500
2022-02-16,210.5609609793981,215.56700343123342,210.51139320740756,214.65499877929688,45817500
2022-02-17,212.15690769365995,215.60660920568276,205.35662506953668,205.90184020996094,38747500
2022-02-18,207.56723467799455,208.91539632217007,203.39387657053754,204.3653564453125,37128400
2022-02-22,200.57859302783234,205.673847868195,198.31844201699187,200.32086181640625,39852400
2022-02-23,202.38275807505894,205.13855651896256,196.32594600030123,196.7224578857422,44481400
2022-02-24,189.39677688910578,206.5362719829913,188.5640929101041,205.7928009033203,49957200
2022-02-25,203.15596878731102,209.48043476464565,201.4112801723448,208.64773559570312,37627600
2022-02-28,205.87211866348667,211.29450300532383,205.02952706959343,209.19296264648438,34239800
2022-03-01,208.04303262444745,209.90667166894585,200.4596335354331,201.7185821533203,27094900
2022-03-02,202.99734170471942,207.32929500748185,200.26137358602065,206.29835510253906,29452100
2022-03-03,207.20047782231057,207.25995310005763,199.66663003782656,201.20314025878906,27263500
2022-03-04,200.60833967639832,204.09770188319834,197.05950219705525,198.31845092773438,32130900
2022-03-07,199.04209884176245,199.14123438340457,185.64971001813566,185.8380584716797,38560600
2022-03-08,186.2147523045471,194.9877030604823,184.48989373978588,188.6334991455078,37508100
2022-03-09,194.03606526779308,197.36681666982452,192.23190132562794,196.77203369140625,31894700
2022-03-10,193.1438917592487,194.57135881377323,189.40672093356542,193.51068115234375,24853000
2022-03-11,190.96304930488995,191.87503879956054,185.04501753022495,185.97683715820312,34694500
2022-03-14,185.40188300136523,190.61608870370827,184.20242464895531,185.00537109375,31010500
2022-03-15,189.13907936744985,190.6061916572676,184.2916476700059,190.35836791992188,31721700
2022-03-16,193.00511977047762,201.95651177480704,192.82669394360815,201.85739135742188,40640300
2022-03-17,199.94416622902315,206.22897188521705,199.3593059035766,206.0307159423828,29499700
2022-03-18,204.90062355850955,214.91270666982817,204.20672025274516,214.60540771484375,52128000
2022-03-21,212.63274839506389,212.8409269719916,205.82255751754292,209.64895629882812,30142300
2022-03-22,209.52997235144798,217.54955859989062,208.3503291456667,214.76400756835938,31998800
2022-03-23,211.47294871851972,214.9127433273441,210.3131354683512,211.60182189941406,23717300
2022-03-24,213.12837549531818,218.7490150246612,212.92019693825017,217.65859985351562,31502300
2022-03-25,218.59042908411953,223.53699599289988,216.98453621485453,219.8890380859375,40039000
2022-03-28,220.19633368710993,222.08969538769563,217.6288684853834,221.64361572265625,26224100
2022-03-29,224.10205341388328,228.88008713930483,223.32882944801673,227.8590545654297,31417900
2022-03-30,226.9173167936126,229.1378076655561,224.73647106182824,225.86654663085938,25588000
2022-03-31,226.46132957297078,226.5009898417312,220.32521137788765,220.42434692382812,24192300
2022-04-01,222.59527817538776,225.30150908222552,220.76137651588385,222.89266967773438,19544800
2022-04-04,224.01281202415882,232.3099604286333,223.89386147924975,231.8539581298828,28054800
2022-04-05,232.04228308836034,234.79808135683643,229.0089234925527,229.82177734375,29727200
2022-04-06,224.9347151034795,226.99661017964237,219.4825934997473,221.35614013671875,28995100
2022-04-07,221.9806658434369,223.55683627381228,216.6574169233372,221.0092010498047,21037200
2022-04-08,220.44416005430307,223.17022097182485,218.11461103803705,220.39459228515625,18375700
2022-04-11,216.51861297223437,218.68955105022263,213.34647257045273,214.57568359375,20516600
2022-04-12,218.3227835510992,220.09719467995484,211.27467655152802,212.27587890625,20128800
2022-04-13,209.97608164874075,214.72437730811373,209.49034172860436,213.1184844970703,19231800
2022-04-14,213.01934713942245,213.11848267360907,208.1719159864897,208.350341796875,18379500
2022-04-18,208.17194034933556,211.5225221343132,206.4867419526521,208.93524169921875,16580800
2022-04-19,208.68740356630022,216.52853461621248,207.1806311048147,215.4182891845703,20089900
2022-04-20,211.75048946947976,212.2957046517589,197.18836598093702,198.67530822753906,43036500
2022-04-21,199.84501628781516,201.20308517779316,183.9644710604656,186.43280029296875,49954100
2022-04-22,188.7127781801448,191.04232691108706,181.6745944761574,182.5072784423828,36426800
2022-04-25,181.139302675937,185.55056170817895,180.07862505796282,185.3622283935547,29281100
2022-04-26,185.00536429800306,185.56048699865713,177.93742711598594,179.3748016357422,31747400
2022-04-27,172.9115853358813,179.6325795751234,167.5288605674595,173.42706298828125,71062900
2022-04-28,201.15356583343285,206.71473100829363,191.22078637719784,203.93910217285156,100890600
2022-04-29,202.68015601451035,210.6303299905901,198.15983869617668,198.72488403320312,49193400
2022-05-02,199.41878050998523,210.03555486785692,199.24035469981607,209.29208374023438,49915300
2022-05-03,208.61800216969073,213.02926131184137,206.27854567365722,210.1842498779297,41556300
2022-05-04,208.81627662972593,222.34746186757863,205.15841094441203,221.4652099609375,41375900
2022-05-05,216.83583912776692,218.25338349099627,204.36534820355035,206.46688842773438,41129200
2022-05-06,205.53506951603146,207.55731947021067,199.27009396161898,201.99615478515625,34747200
2022-05-09,198.10035838901905,200.80660420921586,193.8774477905192,194.50196838378906,36303200
2022-05-10,197.77323719295447,201.19321664925386,192.49955626673494,195.92942810058594,34452500
2022-05-11,194.62092459185249,198.92314071841457,186.6310903208202,187.0970001220703,31153400
2022-05-12,185.43160563866368,196.32594109879756,183.17145467096796,189.57522583007812,38262200
2022-05-13,190.90359137350006,198.14995534482927,189.61490485871443,196.89100646972656,24549800
2022-05-16,195.334637559866,203.5822021852509,194.2243771312112,198.29859924316406,27112600
2022-05-17,200.36050797611236,203.67144423340272,196.6332448276037,200.8561553955078,24872700
2022-05-18,198.25900269719568,199.25029771068165,189.96186827462572,190.56655883789062,23960000
2022-05-19,189.5355887217403,193.58998137940185,187.94952589985266,189.6248016357422,24446900
2022-05-20,193.2727689309171,196.1871783731729,186.23456905164684,191.85520935058594,31465600
2022-05-23,193.49084953374,195.27518333819546,189.57523779332573,194.52178955078125,25059200
2022-05-24,178.97829378660447,182.08103647842762,174.57694209488812,179.70193481445312,50406300
2022-05-25,178.82958708537754,183.8356291645361,177.75900194507628,182.229736328125,28030200
2022-05-26,181.2880223555462,191.15140392285537,180.67340921086296,189.96185302734375,23056500
2022-05-27,189.69416524011922,193.62960663414896,188.14774783987775,193.4313507080078,22562700
2022-05-31,193.19346434021034,195.87988020083372,190.33853016005855,191.954345703125,26131100
2022-06-01,194.79934956020318,197.79306430443702,183.38955104588305,186.99786376953125,36623500
2022-06-02,186.80950815490593,199.19078605787604,186.09577466544653,197.12889099121094,31951600
2022-06-03,194.27396242446108,194.89848302655813,188.12793731775005,189.11923217773438,19465000
2022-06-06,192.30128978527938,195.20577638077057,186.75994018212134,192.55902099609375,30574200
2022-06-07,190.25920522456,194.81916739139774,189.8230482148781,193.9468231201172,18828700
2022-06-08,192.97537055202793,200.27130140118285,192.7176393311409,194.92822265625,22267200
2022-06-09,192.5887643538881,197.713756969315,182.0810327786021,182.39825439453125,23501600
2022-06-10,181.44661563615782,181.50610603720847,173.4964412625436,174.04165649414062,27450800
2022-06-13,169.1049918602242,171.0776741390652,162.60209979408089,162.83009338378906,31749300
2022-06-14,164.58468395588787,165.29841746325724,159.9553387871744,162.30470275878906,27244300
2022-06-15,165.744470265937,170.6612986170756,162.55250013243082,167.87576293945312,30008300
2022-06-16,162.29478545665458,163.64294698629192,158.22056323389432,159.46958923339844,26944100
2022-06-17,160.27254091529267,164.45580630957073,158.5080373272939,162.3146209716797,31374200
2022-06-21,164.4855494298019,166.2996208450085,154.61226106049688,155.682861328125,50724900
2022-06-22,157.00130705086892,159.39031650682068,154.08689732866276,154.4933319091797,47267800
2022-06-23,154.90966528157492,158.35936745470903,152.90724525752032,157.36807250976562,40499200
2022-06-24,160.3221467051422,168.76798489831867,159.8958970874468,168.67877197265625,68736000
2022-06-27,169.8286435619368,170.25489309350084,166.54744485240766,168.0145721435547,29174600
2022-06-28,168.42100590518334,169.80882791035233,159.2118824778089,159.28126525878906,27744500
2022-06-29,162.1461041676376,164.88207247948387,158.92439593906067,162.51287841796875,28595200
2022-06-30,160.7384268648836,163.7916163049075,157.11029981932234,159.8462677001953,35250600
2022-07-01,158.91446318278108,159.2217621433084,153.65069034030827,158.63690185546875,31423900
2022-07-05,156.76336002821185,166.78535112270356,155.65311468571062,166.7258758544922,28618600
2022-07-06,166.7357893546175,170.09627826306044,164.01965116887757,168.29212951660156,23085900
2022-07-07,167.9749321123274,171.21647094718156,166.3194713031898,170.6910858154297,24083400
2022-07-08,168.5003120381291,170.89924401158672,166.6862404572748,169.39248657226562,19249200
2022-07-11,165.61562467931125,166.0319666680864,160.50054002986025,161.46209716796875,21885600
2022-07-12,163.3654043690906,164.46574232541377,160.68891113440077,161.84872436523438,16639700
2022-07-13,158.76577431384956,163.5438072493945,158.22055916405765,162.06678771972656,16555100
2022-07-14,159.81656687331278,161.17463606202577,155.91086250108654,156.67416381835938,23765200
2022-07-15,159.14247548359506,163.54382722913314,158.42875707644262,163.26626586914062,23342800
2022-07-18,165.2983984566934,170.19539690908684,164.1980606865161,165.7742156982422,23574300
2022-07-19,168.88687825903523,174.95361229046276,168.03436418645316,174.24978637695312,25933700
2022-07-20,175.9449427642158,182.00175539820398,175.16181129811827,181.49618530273438,24784300
2022-07-21,179.05761788317767,182.24958894321327,177.31292902991436,181.57550048828125,27195800
2022-07-22,171.5634016094168,174.07137629177012,166.94396412198364,167.79647827148438,42583900
2022-07-25,167.52884419406948,169.08518450414397,163.37531599182617,165.1992950439453,26166300
2022-07-26,164.49547276575285,164.55494803766118,156.57502132751043,157.7645721435547,28468400
2022-07-27,161.17463351463593,169.38255404365438,160.60960328940018,168.10379028320312,43846600
2022-07-28,159.6579594985726,160.1040391932578,153.50202643480458,159.3209228515625,73214300
2022-07-29,156.31731252016746,158.74598226905744,153.81924486012792,157.7150421142578,42065400
2022-08-01,155.88111777957656,163.7520014408737,153.87869791368956,158.53778076171875,40596700
2022-08-02,156.9318778971807,160.8276743398196,156.63448643098596,158.79551696777344,27374500
2022-08-03,161.27378394485208,168.06414553400086,160.16353839910235,167.33059692382812,31721900
2022-08-04,166.83494600847538,170.65142255669952,165.348003557644,169.08518981933594,23938200
2022-08-05,165.53633815049744,170.1161156749895,164.3566948181987,165.65528869628906,25832700
2022-08-08,166.5375610889317,175.9647711552269,165.67513927360025,168.76797485351562,27299100
2022-08-09,167.47925398956878,168.05420679058827,165.14972027742735,167.0629119873047,18655100
2022-08-10,174.457972463635,178.90887631170045,172.43572265712888,176.78750610351562,30262100
2022-08-11,178.14559139095888,181.50608008675786,174.83465533334396,175.94491577148438,24079100
2022-08-12,179.2359946195573,179.88034525851737,177.3525407154273,178.92869567871094,21274000
2022-08-15,177.4021310965874,179.86053806278343,176.64873733810558,179.31532287597656,15878700
2022-08-16,177.8779619475911,179.41447209085894,175.49884507628477,177.90769958496094,21156700
2022-08-17,175.2212576280379,176.58924924726082,172.65380781088112,173.32789611816406,20118100
2022-08-18,172.82233528191773,174.22997211114853,170.36392836368074,173.13955688476562,18844500
2022-08-19,168.71838513218586,170.81994055822395,165.59581231831734,166.49789428710938,26240800
2022-08-22,164.04940786700593,164.04940786700593,160.84751426544375,161.63064575195312,19499700
2022-08-23,161.0656040719676,163.61323943034614,159.30110021811734,159.70753479003906,18111800
2022-08-24,159.20197311267086,164.01966711697898,158.3791964989149,161.83880615234375,20891500
2022-08-25,163.742077693332,167.40988077562878,162.5921871516085,167.3107452392578,15550500
2022-08-26,167.01334580369445,169.43210756676726,160.2626305495521,160.37167358398438,24023600
2022-08-29,159.26142802483227,161.6306220189667,157.62578251049774,157.78439331054688,20052700
2022-08-30,158.95414916201582,160.25274310903546,154.5527972225878,155.7919158935547,19567900
2022-08-31,165.61564843587365,166.3789346284713,160.72855664749912,161.5116729736328,40953000
2022-09-01,162.1560284397458,165.90312211071253,158.95415001211242,163.9205322265625,30145700
2022-09-02,165.99231447657763,166.46813175460187,157.8339623485163,158.9243927001953,22634200
2022-09-06,158.7063296993813,160.2824850610427,156.3173052072264,157.15989685058594,19339800
2022-09-07,156.3866642161884,159.55881971779763,155.44493716925498,158.9937744140625,16831200
2022-09-08,157.32840249210523,160.81774925591185,156.36684533746566,160.64923095703125,22530800
2022-09-09,161.82887235875899,168.06410985118802,161.60087879529817,167.67750549316406,22086800
2022-09-12,165.93287160540785,169.8980516570345,165.82382854894965,167.4892120361328,23220400
2022-09-13,160.13375981705477,160.2229878472796,151.34097953534305,151.79698181152344,44444100
2022-09-14,151.99523720059614,152.20340064312884,147.75249656335097,150.15142822265625,43064200
2022-09-15,148.49597740879247,152.85766887034347,147.4055469804249,148.24815368652344,34606300
2022-09-16,146.7612139852357,147.28659907579265,143.03393545484252,145.0165252685547,40122800
2022-09-19,143.9756772088242,147.28659855580412,143.83689652739272,146.73147583007812,22169500
2022-09-20,144.51095359804532,147.54431324204933,143.955830934562,144.81825256347656,23217400
2022-09-21,145.11566125945427,148.29772457574842,140.76387720990476,140.88282775878906,38338600
2022-09-22,140.31781801307898,143.32144081863817,139.64372951040622,141.57676696777344,34418500
2022-09-23,140.1889006084037,141.37845127369607,137.68092612104357,139.1876983642578,31710700
2022-09-26,138.90024802794656,141.00180367529504,135.00446600941672,135.18289184570312,30497000
2022-09-27,136.71940412750206,138.20634662252763,132.9524801149117,133.23004150390625,30826500
2022-09-28,133.44810215073147,140.79360030483306,133.10115804366748,140.37725830078125,32658500
2022-09-29,138.14685096331397,138.6226682562599,134.0230607552248,135.2225341796875,38985400
2022-09-30,134.86569081109783,139.76269064148596,134.32047552363244,134.4989013671875,33166400
2022-10-03,135.94619178824445,138.40459908232745,134.91525167329377,137.4033966064453,27723100
2022-10-04,139.26701646086826,141.15047059220228,138.12701832793766,139.058837890625,34670700
2022-10-05,137.0365931592854,138.9894450478665,133.60670663197286,137.7701416015625,27979300
2022-10-06,136.5211360812192,140.2186618566196,135.41089062341658,137.85939025878906,36231100
2022-10-07,135.5694675770126,137.08614736813666,131.28708202735578,132.2882843017578,33214800
2022-10-10,132.3874498335573,134.92516260493787,130.72206637361302,132.62535095214844,24024000
2022-10-11,130.47421015288506,131.50516516340699,125.88451818312103,127.4210205078125,38481400
2022-10-12,127.20296764266038,128.5412066696093,125.15097995832855,126.39009857177734,34605200
2022-10-13,122.45467379901403,129.99842957946888,121.46337876939296,129.15582275390625,34325700
2022-10-14,129.8596359353625,130.64275227527537,125.41863131764799,125.65654754638672,23559400
2022-10-17,129.1657206658623,133.61662481645823,129.0467549994207,132.87315368652344,29612200
2022-10-18,135.89663092212427,136.64010218854972,130.2561598273559,131.64398193359375,25445000
2022-10-19,131.73318429706333,135.80740711556882,131.06901850073749,132.07022094726562,30691000
2022-10-20,131.7728319195805,135.57941606596407,130.1669389228935,130.38502502441406,26356300
2022-10-21,125.21047668190013,128.98730844256184,124.3480548195021,128.87826538085938,46348600
2022-10-24,126.14228991228431,132.3180535839191,123.48561898528632,128.59078979492188,63563400
2022-10-25,129.74068278951964,137.1456569846256,129.45319879479754,136.31295776367188,38433200
2022-10-26,130.53370487759855,134.37002641761245,127.411132000014,128.68991088867188,82791500
2022-10-27,97.12708556812662,101.60773555462907,95.54100754810898,97.08743286132812,232316600
2022-10-28,98.71314556260309,99.97208672735346,96.66116547189773,98.3364486694336,95928300
2022-10-31,97.36498697989708,98.45540986504903,91.7939068796394,92.34903717041016,121361400
2022-11-01,93.50883996407636,96.64132758810362,92.7356312329234,94.37126159667969,110189600
2022-11-02,93.38988111321918,94.37126083616003,89.69235578753322,89.7518310546875,71821100
2022-11-03,89.29584530810257,89.67253464279368,87.64038466059239,88.13603210449219,60664000
2022-11-04,89.56348454083917,90.59443205045059,87.32315615335703,89.9996566772461,55638100
2022-11-07,93.95492959844655,96.0366473799833,92.28955386062118,95.87804412841797,81987300
2022-11-08,95.08500329540075,96.94864251443767,93.96484280107093,95.63021850585938,52088300
2022-11-09,100.83452417856167,103.98684244254157,99.86305179354484,100.58670043945312,107677300
2022-11-10,106.18749852248179,111.76848535687554,103.69934653127113,110.89614868164062,80671000
2022-11-11,108.27913962176521,113.89977959725059,107.86279003756002,112.03614044189453,59961700
2022-11-14,110.02379981828977,115.25783477563078,109.83545896266646,113.2256851196289,53395000
2022-11-15,115.05958876518682,117.70634410360653,113.41404330659984,116.06079864501953,50670500
2022-11-16,113.50325719818159,115.06950483314925,111.67927835465922,112.24431610107422,33287800
2022-11-17,109.44886503222872,111.35214927717924,108.84417458519039,110.47980499267578,35093800
2022-11-18,112.80936635172509,113.32483638895054,109.65704816363142,111.07460021972656,33357700
2022-11-21,110.54919382748199,111.39180046593846,108.23948266921633,108.90364837646484,24351100
2022-11-22,108.90366185992863,110.64834305828951,107.37706675673539,110.46990966796875,29029000
2022-11-23,110.7474466414497,111.68917359441625,109.76606699237172,111.2629165649414,21343100
2022-11-25,110.33113486408374,111.74868699526077,110.05356591535897,110.44017791748047,12007600
2022-11-28,109.81564330754605,111.06467694794803,107.4365341325355,107.83305358886719,23309400
2022-11-29,108.58643888708252,109.97425319109101,107.59514403607353,108.50713348388672,23899200
2022-11-30,108.55670302333583,117.1314051371035,108.42782985029449,117.0719223022461,43348600
2022-12-01,118.16234470998532,120.14493443708561,117.36931335693296,119.39155578613281,36551400
2022-12-02,116.80428318501569,122.960223780531,116.58619709077205,122.41500854492188,39950500
2022-12-05,120.69015408971502,123.58473338295278,120.29363461707071,121.3642349243164,35474900
2022-12-06,118.8661697773399,119.5005978799502,112.74987476980014,113.12657165527344,43689200
2022-12-07,112.7697064797689,114.87124676294755,111.89736215424148,112.93822479248047,29461100
2022-12-08,115.37681234494076,116.31853947098587,113.59247850687862,114.32604217529297,30619400
2022-12-09,114.29629973425023,116.5167980904086,112.8787477899795,114.89107513427734,26033400
2022-12-12,114.17735086937637,114.71265104161625,112.15510829524132,113.71144104003906,24747100
2022-12-13,121.06684756358977,122.22666838420444,117.60723036165444,119.10408782958984,44701100
2022-12-14,118.3506792399819,123.05932928825936,118.3506792399819,120.53152465820312,36922000
2022-12-15,117.29992387771452,117.59730780116884,113.01753033834721,115.13890075683594,34531000
2022-12-16,119.1833892878749,122.2365718354215,117.78565984708287,118.39035034179688,67064000
2022-12-19,115.81297794533405,116.77453514998675,113.33474084591141,113.48343658447266,29769900
2022-12-20,112.27406311760701,116.30863308058215,111.48102416799355,116.07071685791016,28742500
2022-12-21,115.68412331136126,119.29243650122473,114.61353046073916,118.71749114990234,20392800
2022-12-22,116.1797617130006,117.587406248649,113.38431033837217,116.1004638671875,23618100
2022-12-23,115.01994630067168,117.15123185315484,114.53421391619223,117.012451171875,17796600
2022-12-27,116.9034038330725,117.56756957808179,115.03977220793341,115.86254119873047,21392300
2022-12-28,115.23803848944327,117.12150041606034,114.50448234056431,114.613525390625,19612500
2022-12-29,115.38672820613152,119.97642088372568,114.76220757701917,119.21312713623047,22366200
2022-12-30,117.1313964151074,119.37171720278398,116.71504685402691,119.29241180419922,19583800
2023-01-03,121.75082201766209,125.26992143787595,121.21552194015757,123.65410614013672,35528500
2023-01-04,126.27113797211675,127.92660615490277,124.75445802924148,126.26123046875,32397100
2023-01-05,125.03201460904681,127.40121621871867,123.45585945423423,125.83496856689453,25447100
2023-01-06,127.84729051950087,129.19545204150296,124.9427964767583,128.88815307617188,27584500
2023-01-09,130.01823194659175,131.79264301521917,128.15459284862445,128.3429412841797,26649100
2023-01-10,126.16209066362623,132.27838555996667,126.04314012341165,131.83230590820312,28684400
2023-01-11,129.8199777912905,132.68481924934517,129.20536471009615,131.73316955566406,25423000
2023-01-12,132.2784193144487,136.48150081812375,130.61303569668183,135.51995849609375,30757700
2023-01-13,133.7950849290108,136.1940169703067,133.66621174104483,135.78758239746094,22423800
2023-01-17,134.99452505190794,135.55957037535876,133.08133325697926,134.18167114257812,21147600
2023-01-18,134.62773568755287,136.05520252766846,131.6439439772816,131.86203002929688,20215500
2023-01-19,131.33665519565676,136.25346899669938,130.98969596078695,134.96478271484375,28625200
2023-01-20,134.70708157433316,138.72182948749708,133.4382251408043,138.1567840576172,28688600
2023-01-23,138.07744764888903,142.5085366667069,137.4529422032484,142.02281188964844,27470100
2023-01-24,140.4565919400712,143.73777599257548,140.12946277269688,141.8939666748047,21970200
2023-01-25,139.9906576507307,141.9236795516066,139.088575721669,140.26821899414062,26622000
2023-01-26,143.14298160387807,146.22590943609623,142.05256625826522,146.0177459716797,25482100
2023-01-27,146.94956565053786,151.85647252156616,146.1069589109038,150.41909790039062,35771900
2023-01-30,148.1093645810106,149.80447027435721,145.67077263719494,145.77981567382812,28040100
2023-01-31,146.66206232671513,148.57526915219435,146.23581282407054,147.67318725585938,29842100
2023-02-01,146.7413764088904,152.24306588807985,145.77981918793483,151.7870635986328,55661000
2023-02-02,181.78366068183163,195.4437029742972,178.591689945036,187.12673950195312,150475700
2023-02-03,181.8728597875318,195.05708377026508,181.29790698329094,184.90621948242188,76809700
2023-02-06,184.90623267945966,189.03993051222616,183.90503029642124,184.44032287597656,42483800
2023-02-07,183.96450515195008,192.09312012094964,182.79476933118949,189.95191955566406,47080700
2023-02-08,188.34602056954392,189.16879710609436,181.32765125110058,181.8332061767578,36139100
2023-02-09,184.50975494418725,185.02521748633177,175.72688007965073,176.3712158203125,37118800
2023-02-10,174.81486359032888,177.33274600863183,171.84097885758246,172.63400268554688,33433600
2023-02-13,176.66858359767645,179.42438229242248,174.2894818165588,177.8680419921875,31463200
2023-02-14,175.61779119928158,179.9299145233757,174.34893505957058,177.91758728027344,24034600
2023-02-15,174.88424941813702,176.63884567632195,173.80374157662817,175.61781311035156,25308900
2023-02-16,171.2461875370984,174.3192076619539,170.29453781345282,170.9388885498047,25827500
2023-02-17,168.7382280890579,171.6724526790404,168.2227504782921,171.3750762939453,24171300
2023-02-21,172.79259922463552,176.6189978696537,170.3837600506006,170.58201599121094,34592600
2023-02-22,169.58081845166606,171.25609405423205,168.21282670866515,169.63037109375,22433200
2023-02-23,170.50271326007802,172.17800396749618,167.9055256077023,170.5423583984375,20017800
2023-02-24,167.17197219726032,169.2338674150604,166.20050742549483,168.90673828125,19791300
2023-02-27,170.3837742797613,171.61297028977367,167.58831536803652,168.0641326904297,19277000
2023-02-28,170.40358459714915,176.00440977021506,170.37384696069057,173.41712951660156,46051100
2023-03-01,173.07016779754176,176.3017987557463,171.54358035250698,171.9103546142578,30998400
2023-03-02,170.8794184422329,173.48651372435538,169.93767619340952,173.0106964111328,17352000
2023-03-03,177.3624617911287,184.99542863944524,175.50874537644046,183.63735961914062,45877700
2023-03-06,186.3634562800606,188.00900957744497,183.03270454150618,183.29043579101562,33209400
2023-03-07,187.35472794639318,188.7028895567601,182.4081611653204,182.90380859375,36701500
2023-03-08,181.27807709436618,183.64727108561956,179.7613972448921,183.35980224609375,19432400
2023-03-09,184.7278056589579,187.28533312080012,178.7304686513036,180.10836791992188,26582800
2023-03-10,179.4342996541124,183.16157847551509,177.24354620945363,177.94735717773438,25665000
2023-03-13,176.41083178227044,182.1801597351484,173.29816667086516,179.32522583007812,24728000
2023-03-14,185.94709789585886,192.62843092188572,184.93597286944848,192.33103942871094,41642600
2023-03-15,191.27033106859906,196.05828682863768,189.17869840894608,196.02854919433594,42123600
2023-03-16,196.53410718154342,203.96881839258782,194.38299921959626,203.1460418701172,50447100
2023-03-17,198.81408713109815,200.14241856268836,193.72873985262865,193.9071807861328,50141100
2023-03-20,196.75220898573428,197.62455334455456,191.95434526414255,196.08804321289062,25186300
2023-03-21,201.43114769852076,201.77810701048668,196.22684877480276,200.40020751953125,31827000
2023-03-22,200.73723411859473,205.56483584696647,197.93186750073556,198.07064819335938,28477800
2023-03-23,201.07427229510793,206.07040751906615,200.39027633133117,202.50173950195312,27389700
2023-03-24,203.39388295313782,205.77299981949574,201.77808253088455,204.21665954589844,27716400
2023-03-27,203.02714760675417,204.0680104900018,199.60718252690876,201.0742950439453,18527200
2023-03-28,198.4077050254828,199.28004953976918,196.17729108633367,198.93309020996094,19127300
2023-03-29,201.7879972778657,203.92919799665844,200.7768721952202,203.5624237060547,18851100
2023-03-30,201.60954942594012,206.2785396524153,201.05442673562075,206.0307159423828,22608300
2023-03-31,205.43594899488193,210.3230253172204,204.9700392079461,210.09503173828125,25440300
2023-04-03,207.02200671999375,211.63153671171784,206.3875786397987,211.21519470214844,17924600
2023-04-04,211.53240612071065,214.35760247602127,210.6897994530681,212.850830078125,21026400
2023-04-05,212.2857936142951,213.31674876543607,208.11245061815816,209.6390380859375,19396600
2023-04-06,207.42843564582947,215.05149503189162,206.8336527190424,214.21881103515625,26104400
2023-04-10,212.84092431935147,213.78265140351988,208.82617714372924,212.8805694580078,16106100
2023-04-11,213.6042343415459,214.13954209197752,211.55226163411987,211.98843383789062,16710100
2023-04-12,212.96979959128493,214.9523894555701,210.72947848998837,212.13711547851562,18972200
2023-04-13,213.85204622946125,219.22486281474858,213.81240108857065,218.4318389892578,23310400
2023-04-14,215.98332984258553,220.17650288269624,215.656200722299,219.56190490722656,21591200
2023-04-17,217.87666982053318,219.05631301145118,215.23983724043396,216.95477294921875,15481900
2023-04-18,217.99566024521894,218.52104532046772,214.32787222191163,215.9932403564453,12281000
2023-04-19,211.61171286211123,215.4381115885571,211.07640517251718,213.82229614257812,15898100
2023-04-20,211.62161408289757,214.86315238178037,210.91780323075358,211.21519470214844,16475400
2023-04-21,208.3800955053103,211.55223597623976,207.7555749142046,211.03675842285156,17717200
2023-04-24,211.81987387171196,212.05779007834377,208.8757421166724,210.9376220703125,15750900
2023-04-25,208.9847941119795,209.42095115389515,205.32691358025164,205.74325561523438,19198200
2023-04-26,210.65015322914314,212.24613852452936,207.0616707532641,207.57713317871094,41992700
2023-04-27,237.80173090551267,239.58606473531918,234.7088956844878,236.48330688476562,71196500
2023-04-28,236.92935745451584,238.33699421233845,233.69774195072233,238.22796630859375,39554000
2023-05-01,236.54274769021308,241.87591826941056,234.40156253240826,241.06304931640625,29143900
2023-05-02,241.0630835614137,242.78794211157887,236.9095706872228,237.1573944091797,24350100
2023-05-03,237.38537558955068,239.6455266055783,230.7238730814823,234.96661376953125,34463900
2023-05-04,234.00504951049967,236.1264197905397,230.90229192706437,231.48716735839844,17889400
2023-05-05,230.21832376395497,232.63707051688766,227.84912965326185,230.7536163330078,27000500
2023-05-08,229.40549329159964,233.56892937905184,228.26551006114116,231.23939514160156,16400500
2023-05-09,229.44510882268386,233.82663017174102,229.06841194563827,231.33847045898438,16865600
2023-05-10,234.1141076501327,234.6890604898904,228.71155363342422,231.05101013183594,19119000
2023-05-11,231.02127322703902,236.13635840303854,230.2778020721307,233.73741149902344,20449000
2023-05-12,234.67917557631003,234.8972616787955,229.43521673831066,231.77467346191406,16161400
2023-05-15,234.8575861552915,238.16850749476043,233.2814308927608,236.78070068359375,20653200
2023-05-16,233.73740578256724,237.55389700147478,233.46976706403657,236.7410430908203,18163800
2023-05-17,236.37424976201174,241.71732830364155,236.06695078411929,240.37908935546875,21193100
2023-05-18,239.19946679482555,244.93905771597244,239.09042374878152,244.70115661621094,22943300
2023-05-19,245.31574994768903,246.52513093495048,241.29109507655596,243.50167846679688,21733600
2023-05-22,243.2736839367334,251.36265391430516,242.98619994649877,246.15835571289062,27738500
2023-05-23,244.66146956317317,249.41968767494956,244.50285876339035,244.5920867919922,17748100
2023-05-24,243.14482191294246,247.41730068840283,242.81769276730455,247.04061889648438,17724300
2023-05-25,251.19412157731733,253.39479746511117,247.00094838612523,250.4903106689453,22371400
2023-05-26,250.7281993124649,260.0265498517954,250.51012836120594,259.7589111328125,25727200
2023-05-30,262.94098733413506,266.31138413742116,259.015467775104,260.2347412109375,23816500
2023-05-31,257.7366752187053,262.6931497421419,256.2001802172078,262.41558837890625,25473700
2023-06-01,263.5852676305469,271.61476114544865,263.57537525436203,270.2368469238281,25609500
2023-06-02,270.2864298124124,272.95301510658476,268.7598274288689,270.2368469238281,19416900
2023-06-05,267.9469888352594,273.1711321141078,267.2134403187121,269.02752685546875,20742900
2023-06-06,267.7883771704285,274.16239512591744,267.3422824340207,268.75982666015625,19419000
2023-06-07,269.3051165166383,271.8626442161029,260.5123047633767,261.30535888671875,26163600
2023-06-08,258.35124499287787,265.32004620136956,256.6264017277857,262.2767639160156,20899400
2023-06-09,260.1950856912926,265.61746978448156,259.42187691072445,262.6435852050781,16949800
2023-06-12,264.8442615526915,269.38437870914413,263.0202523851898,268.6904602050781,15442500
2023-06-13,272.4871371800981,273.3198212360052,266.7475314444002,268.9581298828125,16164000
2023-06-14,269.5232072981204,272.5961975421648,265.98427695032746,270.9704895019531,19175100
2023-06-15,269.9296080997618,281.5178487136144,269.0572939381977,279.37664794921875,25973500
2023-06-16,282.2712193553558,285.3442395585109,277.6914418131458,278.5538635253906,43127700
2023-06-20,276.30360138540755,282.32073763157575,273.8154418388248,281.8548278808594,20701600
2023-06-21,281.06182497496616,281.52773476017416,275.93681733767835,279.18829345703125,20556200
2023-06-22,276.6505869881599,282.7768128958016,275.37183825791345,282.4001159667969,17563100
2023-06-23,279.0594032123411,287.1483722477748,276.5216909955678,286.216552734375,51092000
2023-06-26,286.18688802988873,287.26739598525796,275.18350711697116,276.0459289550781,24232700
2023-06-27,279.55510363818735,286.83120507390686,278.2069267505543,284.55120849609375,26108300
2023-06-28,282.34054782667226,287.0293521326006,281.5871542164547,282.80645751953125,16722100
2023-06-29,282.0233703967676,284.0753578917488,278.2465396316425,279.0792236328125,15395700
2023-06-30,282.28107514792856,286.53370742911267,281.94403859604364,284.48175048828125,19694900
2023-07-03,284.2042548786633,286.88073290993367,282.3703532958794,283.5301513671875,8629300
2023-07-05,285.14596189605084,295.52482034373986,283.8671830495328,291.8074645996094,33865500
2023-07-06,293.3142553701415,295.5248235823149,288.7741078971482,289.44818115234375,47600500
2023-07-07,289.6365461155744,293.6215711054286,286.1471988438877,288.00091552734375,25586000
2023-07-10,292.97721550858023,295.53477346549835,284.5512082858447,291.53985595703125,37058300
2023-07-11,291.3415903824076,297.5669216854234,289.35900041008506,295.6933898925781,27585900
2023-07-12,299.12326099178875,306.7562444583795,297.4876303209256,306.6471862792969,36677100
2023-07-13,310.88986509411,313.48705258601495,307.58886677660786,310.68170166015625,30281000
2023-07-14,309.07580744281717,312.1389046779914,304.68434858283683,306.18121337890625,23054100
2023-07-17,304.8628406574557,308.9965234309528,302.05745916188715,307.916015625,25323100
2023-07-18,308.17378945631805,311.46489606355357,304.9421581279669,309.3335876464844,20731900
2023-07-19,310.3050549337283,315.9058653137581,307.81689494508896,313.2591247558594,21763700
2023-07-20,310.77096502311366,312.7932151799263,299.5891592620239,299.88653564453125,23836900
2023-07-21,301.9187041196789,302.80094087646535,288.665095744608,291.6984558105469,42139300
2023-07-24,293.2051849386824,294.9300282701008,285.79028868592326,289.07147216796875,24915700
2023-07-25,292.6202885787987,295.7032006134998,289.3192602453753,291.90655517578125,19585600
2023-07-26,298.56810446847095,299.1430421825214,289.358966650914,295.9709167480469,47256900
2023-07-27,322.28978907131307,322.51779778619095,307.14280439627186,308.99652099609375,64229200
2023-07-28,314.12152548725567,323.3604010020382,311.51441512024616,322.64666748046875,39220300
2023-07-31,320.87225613271846,322.8251083416329,314.8253510504006,315.8265686035156,25799600
2023-08-01,314.7757793342165,321.31833148178566,311.92084528786495,319.9007568359375,22817900
2023-08-02,315.2317634870685,315.6183830009451,307.94574026174797,311.5738830566406,20461100
2023-08-03,307.23205269504695,313.1996679680387,307.23205269504695,310.46368408203125,15180200
2023-08-04,312.2182436549531,315.63822327487594,307.49970034475876,308.02508544921875,17612800
2023-08-07,310.50332247597623,314.30989138505396,307.75741615279827,313.8043212890625,16236500
2023-08-08,311.6630848225731,315.12272430973746,307.41042158153704,309.9184265136719,15183500
2023-08-09,310.156376879002,310.89984811087686,300.21368948147176,302.5531311035156,19955800
2023-08-10,305.2593520785052,309.6210435617212,301.22477459946464,303.0784912109375,14358900
2023-08-11,299.93611822813244,302.0673963056542,297.74533462225077,299.01422119140625,14046300
2023-08-14,298.3599590509755,303.5444121758859,295.6537130002151,303.52459716796875,15641900
2023-08-15,303.4749997336149,304.5555074180836,297.4181728716015,299.32147216796875,11623600
2023-08-16,297.5867363272898,298.4590504137435,291.7182573021849,291.7281799316406,18547700
2023-08-17,290.49894440443103,293.47282896172703,282.4694803012663,282.6082458496094,23950100
2023-08-18,276.6010658148206,283.2030946981994,271.99154972899885,280.7843322753906,35347900
2023-08-21,280.98256944649927,287.97118683695453,279.39649145484435,287.37640380859375,20181500
2023-08-22,290.0033584733458,290.35031779565327,284.2538592108278,285.0964660644531,12980200
2023-08-23,285.9885660720524,294.81108424364885,285.1658046520825,291.6785888671875,18287000
2023-08-24,295.90152985922856,296.8531644997961,284.144786778373,284.2538146972656,18360900
2023-08-25,283.6392301342168,285.87956641170797,273.62714504469477,283.01470947265625,23701400
2023-08-28,285.49294014239996,288.91291975529066,283.3120791933217,287.7332763671875,14239300
2023-08-29,286.0678766841328,296.54587132156684,285.67136476377044,295.3959655761719,20844500
2023-08-30,294.5831156113279,295.69336104721475,290.87565215344677,292.5311279296875,17717000
2023-08-31,293.2250268545487,298.478908110715,293.0862612959808,293.31427001953125,17229900
2023-09-01,296.76394986830445,299.1133139449209,291.90661090057637,293.79998779296875,12842300
2023-09-05,294.43444260469624,298.7664273516259,292.93760766197164,297.5372009277344,14956000
2023-09-06,299.0835715746785,300.65972681313633,293.08624961534355,296.5657043457031,15418100
2023-09-07,295.4058265509968,304.37703166595776,289.676144279648,296.07000732421875,33748700
2023-09-08,296.61525335375495,302.59276023279784,294.19649144148667,295.2968444824219,17548000
2023-09-11,298.7861424550469,306.3497259398352,298.6572693023183,304.8825988769531,19489300
2023-09-12,303.66332641243866,305.9730602651931,297.6164522615025,299.03399658203125,13480400
2023-09-13,299.7279106218778,304.5059592872475,298.69698571008445,302.4044189453125,13210900
2023-09-14,304.06974981772856,310.14639163307857,302.3746442218173,309.00640869140625,19343100
2023-09-15,308.89739058049656,309.2840101140606,296.14935263325515,297.6957702636719,28131100
2023-09-18,295.59422852439974,300.9571375613304,295.2076089926441,299.916259765625,14234200
2023-09-19,299.8469173004536,303.50479820729083,297.2001463854222,302.41436767578125,15924400
2023-09-20,302.3944501357823,305.3782570015516,296.82337850413523,297.0613098144531,19379500
2023-09-21,293.1259020127335,297.64620415124955,290.7170325130372,293.1556396484375,21319600
2023-09-22,296.6945875794634,302.7216782460861,295.673554918272,296.47650146484375,25369600
2023-09-25,293.06644978298425,298.3302234798701,291.1433351844772,298.21124267578125,18987000
2023-09-26,295.06890293436777,297.68590626593084,293.43327207065016,296.3575744628906,19417200
2023-09-27,297.83453247540683,298.67710884740836,284.29344198108106,295.1481018066406,36429800
2023-09-28,296.3377057544672,303.6633594810206,294.1172148146599,301.3139953613281,22167100
2023-09-29,304.70424728900844,307.93587851423496,296.754042410053,297.5966491699219,25373700
2023-10-02,300.1046087482149,304.50596053027635,299.0042859286593,304.14910888671875,16265600
2023-10-03,301.61135737230416,304.0994866817158,297.03158036045915,298.32025146484375,17362300
2023-10-04,296.1295154558936,304.2283772759008,295.9015067543039,302.91986083984375,16880500
2023-10-05,301.978199473143,303.54443225598413,296.8928513033326,302.1368103027344,19130000
2023-10-06,298.8159662591981,313.5565180214866,298.29058112096453,312.6841735839844,21803900
2023-10-09,309.7796795347402,317.541505874317,309.1056062125338,315.5886535644531,22503700
2023-10-10,316.34203714260326,321.83381959341597,315.3904024685447,319.0383605957031,19038000
2023-10-11,320.19821250883945,325.97744913604026,320.13873722808717,324.9663391113281,22036300
2023-10-12,325.1446723921644,327.66256948427394,319.880899780603,321.3381042480469,20530500
2023-10-13,320.7136666325285,322.2204241253581,309.6508109232836,311.95062255859375,21341000
2023-10-16,315.8662100616769,319.0185204694929,312.7733446736432,318.3543395996094,16536100
2023-10-17,315.4102215309524,321.57607736131524,314.5378771302187,321.1795654296875,16387800
2023-10-18,318.5922912851323,323.1026711047013,312.81302491646005,314.21075439453125,16851000
2023-10-19,317.09540654240755,319.08791890346794,309.0361744423842,310.0869445800781,18709200
2023-10-20,311.4053948634876,312.5552703274842,303.80214965849547,305.9631652832031,22312300
2023-10-23,306.80577011666287,314.59733347334077,304.5852792316508,311.2765197753906,17796800
2023-10-24,314.02235028877544,315.5786903096783,307.9258936151293,309.82916259765625,19525500
2023-10-25,307.3014363017255,308.17378070314754,296.2385809646329,296.9225769042969,42192500
2023-10-26,292.4319477072552,292.4319477072552,276.96774374421744,285.83984375,66684100
2023-10-27,291.9165286472556,296.70446963131815,290.41966369017985,294.1469421386719,29596300
2023-10-30,296.48633908521356,306.7065853975363,296.4466788252207,300.0252685546875,28435100
2023-10-31,300.6696499436243,301.0364242117363,294.2757858177128,298.64739990234375,19434200
2023-11-01,299.222366123352,310.0175516552152,299.222366123352,309.13531494140625,20434600
2023-11-02,314.537867992154,316.04465564125337,305.64595129379006,308.1638488769531,21631800
2023-11-03,309.8292467333952,312.8031317965931,308.3125665612412,311.8614196777344,16764300
2023-11-06,313.2293593857912,315.5588780950848,311.7126794666905,313.0509033203125,12887700
2023-11-07,314.29992816341377,318.20563211166666,312.37681382333324,316.04461669921875,14055600
2023-11-08,315.37056897639883,318.53277182519207,312.13893797333276,316.99627685546875,13609700
2023-11-09,316.63941423329265,321.35795714702647,316.0247860148068,317.7595520019531,16103100
2023-11-10,317.1549288830637,326.2351948324801,316.6790963861259,325.9080505371094,19096200
2023-11-13,323.36037901996815,329.4369907917262,322.8647316151257,326.3243408203125,16908900
2023-11-14,331.62780417236013,335.1568115946723,330.4283155624995,333.38238525390625,17179400
2023-11-15,334.9882813381861,335.4541911554932,327.1471349777592,329.813720703125,14531200
2023-11-16,326.50274431961327,331.66738145469753,323.5387827217606,331.2807922363281,18932600
2023-11-17,327.3850853902392,332.57946133524786,326.48300334029153,332.12347412109375,14494400
2023-11-20,331.97479384185925,338.8940135133267,331.28087524783984,337.01055908203125,16960500
2023-11-21,335.3847937518308,336.94113402174503,332.9759543798253,334.04656982421875,12027900
2023-11-22,336.25712187256374,339.9348475941971,335.6326012688178,338.51727294921875,10702700
2023-11-24,337.1691906310251,338.8841117085022,333.8384235277351,335.2857360839844,5467500
2023-11-27,333.25353518012435,336.94115367224947,331.290790504135,331.78643798828125,15684500
2023-11-28,330.4977274078799,336.42568204806275,330.4977274078799,336.0390625,12637200
2023-11-29,336.7329553677821,336.9411188190531,327.90051448369286,329.30816650390625,16024500
2023-11-30,329.0008824720162,330.5968527575102,319.5934731970562,324.3021240234375,23146400
2023-12-01,322.64668993525703,324.01465154921027,317.96777657976315,321.992431640625,15276400
2023-12-04,314.5279458457028,318.0668454059469,310.92954076374997,317.2341613769531,19037100
2023-12-05,316.2032830645465,319.0780324511932,312.6445377227283,315.519287109375,16952100
2023-12-06,319.12756635327975,319.4447879881586,314.2801499252027,314.68658447265625,11294300
2023-12-07,315.0037509944529,325.38260919838507,315.0037509944529,323.7469787597656,15905100
2023-12-08,320.27745110653814,330.26972018709864,320.18823819980867,329.8533630371094,14087400
2023-12-11,326.5325866162208,327.0183417667845,317.214419105385,322.4484558105469,25802500
2023-12-12,321.77432544730783,331.55840111361704,321.73466518140424,331.3105773925781,18485500
2023-12-13,331.02310334456655,335.4244551825213,329.74435468699323,331.8260498046875,16353300
2023-12-14,330.94381816444326,331.786424904649,325.779180053839,330.2697448730469,19607300
2023-12-15,329.0999994185291,335.7119500187242,328.3367132008549,332.0045166015625,31776900
2023-12-18,334.54222603722934,344.53446568560287,334.08620858508846,341.62005615234375,18993900
2023-12-19,342.57170039286814,350.52190536641285,342.11571317990683,347.3100891113281,17729400
2023-12-20,345.61495082632456,351.87001904403724,344.7624517579326,346.2394714355469,16369900
2023-12-21,349.9073065078524,353.30744096637494,346.17010514062605,351.00762939453125,15289600
2023-12-22,352.4846287114761,354.0905518678329,348.1625974502464,350.313720703125,11772800
2023-12-26,351.8997607137992,353.8724581015916,350.3731883758891,351.74114990234375,9898600
2023-12-27,352.9703684711443,355.87485515386163,352.21697469605425,354.71502685546875,13207900
2023-12-28,356.5687975042497,358.7496281934857,354.69523557044886,355.2008056640625,11798800
2023-12-29,355.8649970249576,356.8662146968059,348.75742852332354,350.8787841796875,14987100
2024-01-02,348.2617247349704,350.08570368515996,337.0501820548259,343.2755126953125,19042200
2024-01-03,341.97691405684844,344.92106102147176,340.192565145366,341.4713439941406,15451100
2024-01-04,341.50104862415935,345.11926848808156,340.41061832562946,344.0982360839844,12099900
2024-01-05,343.96938628900244,350.42272536747254,343.24576041821206,348.88623046875,13920700
2024-01-08,351.61229217973874,355.8550328888557,348.98533664973183,355.5378112792969,13890200
2024-01-09,353.2974794746207,357.50059022164334,352.2665243572093,354.3185119628906,13463900
2024-01-10,357.0346705179699,369.69349454560995,355.9541325367698,367.2449951171875,22117200
2024-01-11,368.8905420914892,369.53487766691745,359.77061774846607,366.45196533203125,17205400
2024-01-12,366.9376872898426,373.7776153686232,366.32308935332577,371.22998046875,19310000
2024-01-16,370.39731754067816,372.3402469912931,364.0332214951215,364.2611999511719,15306900
2024-01-17,363.1113118453537,365.33183300535507,355.48825160061466,365.1632995605469,12724800
2024-01-18,368.2561809836166,373.5695380749773,367.7209034488459,372.8558044433594,16354300
2024-01-19,375.70075575671575,381.0140817393726,374.6797232506199,380.1120300292969,21670800
2024-01-22,384.5729074665943,386.95200941692633,377.84200594402876,378.45660400390625,17680500
2024-01-23,381.2718642551316,384.99914300079473,378.75396657575783,381.8468322753906,15506100
2024-01-24,386.60503162752025,392.70148953741614,384.4340932605351,387.2989501953125,15698500
2024-01-25,386.7735471204069,392.047213033443,382.302797409854,389.75732421875,15091100
2024-01-26,390.91714783237995,393.3359097959545,388.18116424199445,390.708984375,13163700
2024-01-29,391.5515760143711,399.42246020474215,389.6780443214767,397.5290832519531,18742400
2024-01-30,400.0767235620257,402.82259967131563,396.0917287704335,396.57745361328125,18614700
2024-01-31,385.6137142301989,394.53536828693876,383.7302599797155,386.7438049316406,20180800
2024-02-01,390.51069973653455,397.01359160077834,389.6284327898342,391.3433837890625,29727100
2024-02-02,455.5990914546295,481.72960759353555,449.066462419903,470.8551025390625,84707600
2024-02-05,465.7896247984481,467.7920294868746,455.2224181615912,455.4107666015625,40832400
2024-02-06,459.9607805632987,463.053615454366,449.0565379206343,450.7615661621094,21655200
2024-02-07,454.01303276517825,467.415327994543,452.2088689116338,465.50213623046875,23066000
2024-02-08,464.2432012847288,466.4934296544483,460.98183282884037,465.9085693359375,18815100
2024-02-09,468.83289721252225,469.4673101663156,463.40059070831603,464.0350036621094,18413100
2024-02-12,464.1143653554513,474.9789490756288,462.5183648227148,464.81817626953125,19382000
2024-02-13,452.892854856831,463.81694302069843,451.12835130568254,456.11456298828125,20916600
2024-02-14,463.85660058253393,469.982795609744,462.03262165462274,469.1600341796875,16858400
2024-02-15,471.1426369454391,484.3665072274175,468.1092769839316,479.81646728515625,24212300
2024-02-16,473.94795697120554,474.7905636276594,465.1254390286169,469.1996765136719,23324600
2024-02-20,465.63101374806274,472.03476994795795,462.49851842146023,467.6433410644531,18015500
2024-02-21,462.92970889465835,465.41057550181085,458.25576468630754,464.447998046875,12921800
2024-02-22,476.56457866928184,486.2399591800924,472.41657665178604,482.4095153808594,21625800
2024-02-23,484.31478426826664,490.57648938610384,478.65842637192833,480.3255615234375,18374300
2024-02-26,479.76987131875444,482.41945039379345,476.921841069552,478.0531005859375,12101400
2024-02-27,476.3065805684811,483.5407662161046,476.2470421891275,483.32244873046875,10809600
2024-02-28,481.2881234084936,487.29180850441577,479.0553434545367,480.31561279296875,12715500
2024-02-29,484.70180744595217,487.93686726454155,478.91640943030325,486.3788757324219,17732000
2024-03-01,488.34367413066025,500.3907764734073,488.0856846060254,498.4556884765625,16273600
2024-03-04,499.1503823962354,500.5595280134549,492.62075453598,494.377197265625,12324100
2024-03-05,491.21161670016596,491.7871644614326,484.15604619661946,486.46820068359375,15325300
2024-03-06,493.8214351084789,499.12056222938503,490.50700115423484,492.293212890625,11757900
2024-03-07,499.4282074814689,515.8713680175964,497.542754953555,508.27001953125,18586400
2024-03-08,510.2547778719805,519.5629952336415,495.5283557341361,502.0778503417969,18597100
2024-03-11,493.2062528362001,493.51387789657764,472.3570385649575,479.8889465332031,20428300
2024-03-12,489.48491194914317,498.46563690206807,481.0201963453091,495.92523193359375,15448200
2024-03-13,491.5986065562737,497.14582052729384,487.27195954593,491.7772216796875,12090700
2024-03-14,496.4313625069967,497.5130167599525,484.4239615573876,488.06585693359375,12620000
2024-03-15,485.26750687316405,488.06590176707334,477.6164914217597,480.39508056640625,29153600
2024-03-18,488.1452478161507,493.6130875886428,483.0842738072249,493.17645263671875,11755300
2024-03-19,484.4338033765199,492.82904627220637,477.5965214672397,492.4420166015625,10903100
2024-03-20,495.6771461475813,504.3105740199144,491.3802985259637,501.65106201171875,11711100
2024-03-21,510.7707839758228,511.09821477284595,502.1373557038148,503.87396240234375,9712500
2024-03-22,503.11975164327384,506.06702240568086,500.4801059197025,505.67999267578125,8120600
2024-03-25,501.91901611098194,503.33806453967446,496.4114740821437,499.1701965332031,8380600
2024-03-26,501.26406081847875,506.09678408775653,491.4199688696871,492.09478759765625,11205400
2024-03-27,495.47865983348026,496.0641709946274,484.3346265696149,490.0802917480469,9989700
2024-03-28,489.06812442310434,489.1177599265289,481.4369761827551,481.8636779785156,15212800
2024-04-01,483.4712757226848,493.6229620607857,478.0927438247273,487.5895080566406,9247000
2024-04-02,481.38733384665454,493.7221946148297,480.94076577034946,493.56341552734375,11081000
2024-04-03,495.11150004572073,503.3578981717305,494.9328849193272,502.8617248535156,12099200
2024-04-04,512.4676110901486,525.9436947950782,506.6723106155449,507.0097351074219,26476300
2024-04-05,512.9042437043852,526.6383471527769,510.4729824465434,523.3040771484375,19263300
2024-04-08,525.2293292201076,527.4223768254514,514.9188317096773,515.2760620117188,13260600
2024-04-09,518.233256700452,521.845413635609,502.8618142600677,512.944091796875,10863800
2024-04-10,505.3922206037786,518.5606494016819,501.928910292975,515.8515625,11418500
2024-04-11,517.1217682967572,519.8507216900733,513.3309966786047,519.1560668945312,10369500
2024-04-12,513.787472668167,516.2088008915841,505.43190063751956,507.98223876953125,11984500
2024-04-15,512.7653057412805,514.5615112314049,493.4741157112928,496.40155029296875,13512900
2024-04-16,494.2977844340761,500.90681687935023,493.3054377657289,495.9351806640625,9847900
2024-04-17,499.2496185150052,499.30915689281545,483.41177405310106,490.3879699707031,12193700
2024-04-18,495.99473711582823,508.28992732102284,495.22070789767196,497.9595642089844,14808700
2024-04-19,498.9518557154104,498.9518557154104,472.0890564119866,477.38818359375,25215400
2024-04-22,485.9719917197624,488.2444739766785,469.7768874878293,478.04315185546875,17271100
2024-04-23,487.4903047021122,494.94283793154807,485.22775549164936,492.3031921386719,15079200
2024-04-24,504.17164864318624,506.09680361298444,480.87133784126775,489.72308349609375,37772700
2024-04-25,418.17488602057387,442.35836983181287,411.32769996695043,438.0019836425781,82890700
2024-04-26,438.0813579966591,443.023255377978,428.6540645124844,439.8973693847656,32691400
2024-04-29,436.19590946046895,436.3943909124522,425.2800958497785,429.30902099609375,21502600
2024-04-30,427.7510167239678,436.2554348890997,426.43120898791216,426.8777770996094,18429500
2024-05-01,425.3197579943867,446.5162667930731,423.8411409701157,435.8287048339844,20344900
2024-05-02,435.48139130558843,440.562201203768,428.9715998380439,438.2996520996094,15221300
2024-05-03,442.5171275663126,450.694084429791,440.4530598909977,448.5009765625,16489100
2024-05-06,452.0932897323867,462.59233462582085,449.87044284737243,462.1159973144531,15094600
2024-05-07,462.7213143300044,467.9212009325345,457.7794172557727,464.6563720703125,13406800
2024-05-08,459.9526716667021,471.9402058578811,459.4564983423583,468.9830322265625,11683900
2024-05-09,466.4029313871889,472.4363857703792,464.05107464244514,471.7814636230469,9437700
2024-05-10,473.4386842914545,473.8455500732435,466.00601718642696,472.5555114746094,10750000
2024-05-13,469.13190584002666,469.7273199211645,459.30767949531514,464.4281921386719,14668800
2024-05-14,459.82365909681533,468.9234911376046,456.55883016199584,468.23876953125,10478600
2024-05-15,471.34482265738814,478.8072585621629,467.59375353224107,477.8546142578125,13100500
2024-05-16,471.3646273657603,474.0340420992476,469.13184755192253,469.6081848144531,16608200
2024-05-17,467.2265275417572,469.1814515182505,464.8349989307914,468.29827880859375,10807300
2024-05-20,466.35335165798784,469.5784784874787,463.46561907811537,465.2518310546875,11745100
2024-05-21,463.5449691486391,467.0975871671568,458.73208176825443,461.07403564453125,11742200
2024-05-22,464.28919769640606,470.094431348203,462.0861870387401,464.19989013671875,10078600
2024-05-23,469.26087705798136,470.72953068178265,458.0076699601858,462.2152099609375,11747900
2024-05-24,464.04111742441904,476.1775273800848,462.7312126296393,474.55999755859375,12024300
2024-05-28,472.9326054846614,477.1798484054614,471.2059318134076,476.2470703125,10175800
2024-05-29,471.0272448580583,476.17752617925936,470.07460059335506,470.7295227050781,9226200
2024-05-30,468.06019220156327,468.11973058222674,461.1534372044116,463.47552490234375,10719600
2024-05-31,462.2350253461456,465.52962326344255,450.98181875095815,463.25714111328125,16919800
2024-06-03,467.2563385385533,475.92946902820285,464.65639510838076,473.8356018066406,11279400
2024-06-04,473.3493496612414,475.22489935660434,469.60821371186694,473.33941650390625,7088700
2024-06-05,480.74233500026116,492.8489456650612,480.2064593427849,491.2711181640625,15690500
2024-06-06,489.20708041502814,498.9717681761462,487.13307947431673,489.9811096191406,10667300
2024-06-07,492.1146295476639,495.0916694898727,486.4185694824564,489.18719482421875,9380700
2024-06-10,490.0803178915368,498.81298686453346,489.63378005499686,498.7534484863281,11220900
2024-06-11,496.33212967798784,503.71519155721654,494.4565798764981,503.586181640625,9673700
2024-06-12,510.05622720634506,510.07609352042476,500.60909832909755,504.9456481933594,11983200
2024-06-13,501.8395762858785,505.4616352157157,497.52286264225813,500.2419128417969,9954600
2024-06-14,499.29827689365226,503.76827047428316,497.41095233353604,500.7982177734375,10243300
2024-06-17,498.3248218231231,507.3442620321648,492.70255969673593,503.2517395019531,11266600
2024-06-18,501.195563022246,502.62596344611273,491.7191677926502,496.15936279296875,13060400
2024-06-20,498.652632230771,500.31150990328194,493.45749528868265,498.3546447753906,11801200
2024-06-21,500.09297514636967,500.09297514636967,489.1067263628177,491.48077392578125,22359200
2024-06-24,495.8712961742398,504.4139262555408,490.9940329117928,495.5832214355469,13525300
2024-06-25,493.7356460502404,507.3045644664891,492.19599361461826,507.1953125,12063200
2024-06-26,503.2715671209678,510.38382668285755,501.3147021974166,509.69842529296875,8882300
2024-06-27,510.8208696393797,519.3933277808096,510.47322776643625,516.095458984375,10121200
2024-06-28,513.7016545830614,518.4000954188623,500.48037812073636,500.85784912109375,15855100
2024-07-01,501.58297732671764,503.2020829318588,489.8815282371348,501.31475830078125,10328200
2024-07-02,497.4209190368857,507.0959625693369,496.11965660213826,506.1026306152344,7739500
2024-07-03,502.9934818232005,507.87074521081,502.6458095867641,506.5595397949219,6005600
2024-07-05,508.18862031678924,537.2634349299381,508.18862031678924,536.309814453125,21354100
2024-07-08,538.7336124129018,539.1905669814913,523.1383477493558,525.79052734375,14917500
2024-07-09,530.1908757911539,533.8959841966067,524.667953121388,526.4658813476562,8753200
2024-07-10,527.2505545542191,535.2866353441332,524.8367656001964,531.1245727539062,10983300
2024-07-11,527.3500219197413,531.8895562792189,504.9801666469837,509.28131103515625,16458300
2024-07-12,494.44087322434433,504.7019779354112,490.93441299316135,495.54345703125,19750500
2024-07-15,495.3050935222818,503.30140324613546,490.0801579921721,492.8515625,12539200
2024-07-16,498.1559561053816,500.58963142634576,482.55072018571695,486.5240478515625,14075800
2024-07-17,475.9748583365877,475.9748583365877,456.0585356169319,458.9093933105469,28076600
2024-07-18,471.83266375516723,476.04438141112735,461.4424203212603,472.677001953125,19267200
2024-07-19,472.885574584568,483.4645530933458,472.5379023621215,473.6107177734375,15149400
2024-07-22,483.3354239432015,488.77889368380687,480.67330171898413,484.14996337890625,12023100
2024-07-23,486.57375276148383,491.9178838762886,484.46789373053934,485.4314270019531,9455500
2024-07-24,469.16057574428834,473.1239602274661,457.5087819303117,458.1941833496094,17649700
2024-07-25,460.17092144183493,460.4589658515136,439.69833629849063,450.3865966796875,18240500
2024-07-26,461.10472855593935,466.6375647815951,456.35660278759616,462.5947265625,14222400
2024-07-29,466.74682183029705,470.7996028508264,461.9192127867245,462.6046142578125,11339600
2024-07-30,463.88600206485654,469.57780482339075,453.6546955153981,460.1014099121094,11390400
2024-07-31,467.87919560673834,473.3226655061121,463.6376791709923,471.6637878417969,24285800
2024-08-01,517.5259306837595,523.6547716585801,488.8186442383986,494.4210205078125,43083100
2024-08-02,485.73926058112306,497.8082361462427,472.9749406155104,484.885009765625,24044700
2024-08-05,448.340392438967,480.256153607523,447.7940416649235,472.5578308105469,21396200
2024-08-06,475.80600414778166,499.2089024694643,475.4583319023931,490.7953796386719,20955000
2024-08-07,499.77512044060245,506.74829997819876,483.6135898383969,485.6598815917969,20105300
2024-08-08,494.18262946631637,506.55953668319745,491.4211679453795,506.23175048828125,16156800
2024-08-09,504.3246173925069,514.883772473947,502.32804054292995,514.3175659179688,13696600
2024-08-12,513.4136101164537,514.5659092940476,505.70537370217875,512.5097045898438,9767400
2024-08-13,516.5425953987603,527.9559706517589,514.6950123852472,525.0156860351562,13743800
2024-08-14,524.5388780300436,530.4392723612109,519.6417586898049,523.24755859375,11444200
2024-08-15,528.2440329479462,536.1708639926986,523.1880067278528,533.7471313476562,13482100
2024-08-16,528.3532441619528,530.1014573197285,521.1614705192093,523.903076171875,14776700
2024-08-19,523.3567078553176,528.1147452351695,519.2741288076174,525.7506713867188,9879700
2024-08-20,524.8268440690854,527.5486241898866,522.3733435694845,523.2176513671875,7944400
2024-08-21,523.6348937052984,535.803208512871,523.4163291780279,531.5914306640625,13423300
2024-08-22,533.4191952832433,540.6009650477762,525.0653012290355,528.3829956054688,15708300
2024-08-23,533.3396896345922,536.2700305512936,521.5587891134588,524.4791870117188,11323900
2024-08-26,524.081913244852,524.479270276633,511.5163004380435,517.6451416015625,9584000
2024-08-27,515.5194158515097,520.5159048538387,511.87390443058763,515.6386108398438,6282700
2024-08-28,514.2181257900095,517.615364659823,509.0329621910887,513.3341064453125,9106100
2024-08-29,515.5889478445253,523.6846276660798,512.2414239497651,514.7644653320312,8317400
2024-08-30,517.8735127156259,520.0489117955093,511.76455848669906,517.8338012695312,9157500
2024-09-03,516.1749942685213,521.9859615332059,505.22845751609213,508.3475341796875,12459100
2024-09-04,502.6954771522908,513.1453480424364,500.70881337108693,509.32098388671875,8335200
2024-09-05,508.3078633902029,518.1517873635855,507.74165686241577,513.41357421875,8640900
2024-09-06,518.4000932131843,521.0821016570909,494.92765391819984,496.9341735839844,14744500
2024-09-09,502.7848710640587,507.92037993887993,498.7320599932226,501.42401123046875,11047800
2024-09-10,504.7715348360927,510.7513818768451,496.6957417525211,501.42401123046875,9899000
2024-09-11,503.6292467318183,509.6984904565573,492.29532543071457,508.4170837402344,10782500
2024-09-12,513.6022993894097,523.1979204782829,511.7844848502824,522.0952758789062,11970500
2024-09-13,516.8703362242966,524.0620493225885,513.6618330302761,521.1217651367188,10321400
2024-09-16,521.5393768501115,531.0446869851908,514.4402669362904,530.2294311523438,9527600
2024-09-17,534.5246604241431,538.9989183875797,527.5349067624319,533.2520141601562,11690800
2024-09-18,533.9976488950548,541.0868659284195,530.8458001640214,534.8726196289062,10323500
2024-09-19,546.8538127706381,558.8547755441265,543.393738974814,555.9017333984375,15647000
2024-09-20,556.7965408444652,561.2707987619654,553.1176944195414,558.1387939453125,22066800
2024-09-23,566.2421838477487,570.6965366558616,559.1927153838685,561.1812744140625,12830700
2024-09-24,563.4382949321094,564.5021812702805,551.0197537936696,560.1074829101562,12993000
2024-09-25,560.8233197330189,573.5799422527921,560.4951905177006,565.0589599609375,16543400
2024-09-26,572.436555499505,574.0970460697704,559.1330900425771,564.5917358398438,14400800
2024-09-27,566.8387572234752,567.5745750797583,561.2807684246667,564.1144409179688,9398400
2024-09-30,564.4524692436476,571.3925205491627,561.5690344960939,569.1653442382812,12792300
2024-10-01,574.6737352692572,579.7047878934193,566.8388067371769,573.17236328125,15259300
2024-10-02,571.5715863452846,572.7050797135277,566.0832039311861,569.5333251953125,6524700
2024-10-03,566.8884769556879,580.0228702133212,565.4765563823341,579.436279296875,11581000
2024-10-04,580.3907699305325,593.4357124935896,578.1039391514795,592.5309448242188,14169500
2024-10-07,594.7978106805275,599.5007936445444,580.698935664524,581.4347534179688,12014200
2024-10-08,586.3166457039373,590.1645022838451,582.6178946285061,589.4983520507812,7857400
2024-10-09,590.5920310170018,590.9897670648169,578.2828467749312,587.1319580078125,9529700
2024-10-10,584.2087686773417,586.8535252444071,579.187669721319,580.4901733398438,7740400
2024-10-11,581.4846102064073,587.8281195065246,579.376742110834,586.5753173828125,8587100
2024-10-14,590.8207303998246,596.6670986656153,586.585150741633,587.04248046875,8252000
2024-10-15,586.7840223253323,587.2314602827565,576.821381994876,582.9163208007812,9564200
2024-10-16,578.074153352245,578.7502561624128,570.7463179400054,573.490478515625,11268400
2024-10-17,579.9931748825336,581.6237474143095,571.9096763385753,573.6297607421875,8701200
2024-10-18,577.7758829363129,580.6294606897518,571.9593712320872,573.17236328125,7694300
2024-10-21,572.7348299431258,573.9378692579733,565.8543723443174,571.8697509765625,8171900
2024-10-22,571.0047942012734,580.1919884331684,568.8472245196812,578.6806640625,8544500
2024-10-23,576.6522311713827,581.6534860008076,559.2821980776996,560.4653930664062,14248400
2024-10-24,563.885737507838,565.6257266322763,558.3078440792799,564.5320434570312,7184700
2024-10-25,570.6468058786587,577.9646881740268,568.4494264147659,569.970703125,11337900
2024-10-28,578.67072146079,580.410710743533,570.8357934356153,574.8526611328125,10925100
2024-10-29,576.8313941446783,590.2740144668209,572.108565553997,589.8862915039062,13019100
2024-10-30,597.5420286080739,597.7608016379978,586.0084115680872,588.41455078125,26864900
2024-10-31,581.6535232859577,586.5255172425846,559.7893261973286,564.3331909179688,26838400
2024-11-01,564.3630263338429,570.3883582518947,559.3419265164682,563.9155883789062,15303200
2024-11-04,560.8730139446373,565.4367833258351,554.6985773939598,557.4725952148438,12064600
2024-11-05,564.0547974082218,570.1994379718212,563.4283964137084,569.1554565429688,9775400
2024-11-06,559.53074043899,569.722104436324,551.994085485955,568.7775268554688,18305400
2024-11-07,573.5899682554951,591.3974890420855,571.9195858236583,588.3152465820312,14653700
2024-11-08,588.1561165108458,589.707190216614,581.1763151778936,585.96875,9415700
2024-11-11,583.0057385461188,583.6420920185832,573.2121093173138,579.833984375,10209100
2024-11-12,585.1732389751623,596.2296222338206,577.059944903041,581.4745483398438,16287700
2024-11-13,579.2771226118736,582.2898184060665,571.8796812448458,576.6820678710938,10757600
2024-11-14,573.6992793820006,577.4377800631241,569.7321138322568,573.8583374023438,11053700
2024-11-15,567.9523677618081,569.2946816423462,548.3452030486293,550.9104614257812,17712900
2024-11-18,553.8534284072965,556.6971138862053,546.9432344613651,551.2285766601562,14327300
2024-11-19,548.7031290595829,558.2183921757821,547.4503270456743,557.88037109375,9522400
2024-11-20,559.7097624878369,563.1101814515828,551.0297217043255,562.2849731445312,9797300
2024-11-21,566.2621684175319,566.7394032323083,545.9092323271811,559.8689575195312,11154700
2024-11-22,560.32621328156,560.6046406773982,551.4175075908335,555.9414672851562,9164000
2024-11-25,558.8845280879963,569.3145718667378,553.207230520728,561.8773193359375,13599800
2024-11-26,562.7622479761632,574.1964632618979,561.9668364413141,570.2590942382812,10356600
2024-11-27,571.6013615253704,571.6908126970225,560.8730467836217,565.9439086914062,7200200
2024-11-29,565.7450932068846,575.1510000832634,563.6571303183109,571.03466796875,7130500
2024-12-02,574.1963992934365,591.0991504414684,572.2774471807156,589.438720703125,12522400
2024-12-03,591.5963703951107,610.6865511232141,587.8678218422003,610.1397094726562,14907200
2024-12-04,609.4536043990507,614.2460390304662,601.6385211482492,610.2689208984375,14697000
2024-12-05,613.5500580968196,616.353933785045,603.5774048146206,605.4466552734375,8081200
2024-12-06,606.6099369109293,626.1873039273537,605.0489714012239,620.2017822265625,16935500
2024-12-09,620.350888846341,622.8167434326103,602.7024265777296,610.0601196289062,11426000
2024-12-10,614.0273408137083,622.0114355661352,609.2349055981941,615.7772827148438,10938900
2024-12-11,619.8039905100828,634.7480401253283,617.9745502630952,629.0607299804688,10837200
2024-12-12,627.887478818055,633.017934128409,623.6220417827839,627.1815185546875,7474700
2024-12-13,623.6319649076017,627.469929936179,613.3611012669363,616.80126953125,8453300
2024-12-16,626.8814975325155,628.0457867533739,615.5376035416824,621.1697387695312,10885600
2024-12-17,623.0902515630854,629.2597698587709,613.5076105410767,616.3933715820312,12897800
2024-12-18,617.945699059959,624.2744037203172,593.387091448316,594.2528076171875,17075500
2024-12-19,607.3878008993366,608.5122478337648,592.0734823017316,592.6406860351562,14958100
2024-12-20,587.675323062813,600.1436642411298,577.1473424651591,582.3715209960938,48989400
2024-12-23,586.7000120717197,598.1335492116074,583.366513431805,596.8995971679688,10205800
2024-12-24,599.7555744761255,604.99967413285,596.3325519539701,604.7608642578125,4726100
2024-12-26,602.5019136601244,603.3178877600023,595.9941026607926,600.3823852539062,6081400
2024-12-27,596.4619283553646,598.8899302682426,586.8992072611702,596.8599853515625,8084200
2024-12-30,585.8542270232425,594.0039468527602,582.6998357068834,588.3319702148438,7025900
2024-12-31,589.3569487521584,591.048538740922,580.9783186606066,582.6301879882812,6019500
2025-01-02,586.8194676993116,601.9347590067932,584.9288491785778,596.2926635742188,12682300
2025-01-03,601.7854933825649,606.5021699414652,593.4765264756181,601.6561279296875,11436800
2025-01-06,608.8207004232554,627.8864342776167,602.6412227555535,627.100341796875,14560800
2025-01-07,628.5930882935072,628.9910845111622,605.2384904660217,614.8510131835938,12071500
2025-01-08,610.3831198774918,613.4081462857669,599.8252572139608,607.7162475585938,10085800
2025-01-10,607.0296506844576,626.811816790901,594.4020628949343,612.8309326171875,19256600
2025-01-13,604.1140210154849,605.9748187670136,595.5066015316934,605.3380126953125,10785000
2025-01-14,602.0940612489228,602.5119785361296,585.6552929558646,591.3272705078125,13598000
2025-01-15,607.2087300599234,619.3984789584875,603.5169556717734,614.084716796875,15524300
2025-01-16,608.4923023613607,613.2189392153532,606.7111284430702,608.2932739257812,8355300
2025-01-17,620.9806532892833,621.8961113451103,600.7008856525179,609.7561645507812,17280600
2025-01-21,614.7913576871184,618.443290603313,606.014729605485,613.4281005859375,11674000
2025-01-22,620.2343211513619,630.5831936184607,616.3833603918935,620.433349609375,12274000
2025-01-23,624.27438359991,633.4689279487995,618.0949656788501,633.3197021484375,9910200
2025-01-24,633.2699382382675,648.7931865048288,631.0807466276091,644.3053588867188,19065300
2025-01-27,623.5280177511174,660.6047649681485,622.0254349357211,656.6343994140625,28399200
2025-01-28,662.7243202820943,679.222789585596,656.2264085295512,671.0133666992188,20950100
2025-01-29,671.6800579089199,677.7002892439266,662.3959298804792,673.1627197265625,21377800
2025-01-30,693.3927409364592,707.294001197109,672.774619401076,683.6210327148438,29322900
2025-01-31,687.6013388802664,701.8309926464267,682.2080139805101,685.790283203125,19303900
2025-02-03,672.5855459885331,700.5374135449807,671.9288188867163,694.0296020507812,21415700
2025-02-04,699.0447502736523,704.2291467274541,688.2082982161528,700.7264404296875,13826300
2025-02-05,700.0896831751202,714.6079511816394,695.5720343457091,701.4031982421875,17778200
2025-02-06,702.4081039812835,715.3640839913177,700.0398052539664,708.488037109375,13080700
2025-02-07,713.2744918121093,721.4441337624995,708.2493417869568,711.0057373046875,16427100
2025-02-10,715.0257888589608,717.652818700605,707.8313687608933,713.8715209960938,12904300
2025-02-11,709.8115349418778,720.1006435254067,706.5476385055467,716.2596435546875,12998000
2025-02-12,711.7818770685368,723.5238281436095,709.0951445232752,721.8123168945312,12016500
2025-02-13,717.9712711727863,725.4144618537392,714.5083460221898,724.9766235351562,12569100
2025-02-14,722.5685751543255,737.2658892402018,722.0511132817282,733.0467529296875,16901200
2025-02-18,732.3800130970368,733.3750946365709,702.9654052178096,712.8465576171875,21938700
2025-02-19,700.6369880110449,703.5227491828676,691.9698654310938,700.3086547851562,17535500
2025-02-20,693.8505479928752,702.1594553078776,690.2284362839436,691.4225463867188,12587400
2025-02-21,693.1539301625503,700.4080528713276,679.0038387952945,680.18798828125,15660400
2025-02-24,682.9046273446285,683.8897484077801,659.1918158891808,664.8438720703125,15677000
2025-02-25,662.6944247816905,664.7144694629277,638.703023401866,654.26611328125,20579700
2025-02-26,656.4055905153153,679.6506817176414,654.763681609393,670.386474609375,14488700
2025-02-27,679.0934498337167,685.2629678985895,654.3358147754243,655.0025024414062,12500000
2025-02-28,654.8034504822056,666.3364725318584,639.4393887052988,664.9135131835938,17534200
2025-03-03,670.3665609910959,677.8993359462462,647.6389313945824,651.8281860351562,10843800
2025-03-04,642.3351433054311,646.5542796373367,620.5826737681288,636.8522338867188,21495200
2025-03-05,637.8473272165841,656.2563374404635,634.5237278365647,653.2412109375,13770000
2025-03-06,644.8127838196035,647.3601899188754,621.0402732471497,624.8414916992188,13446500
2025-03-07,622.294150848658,631.6678021460568,597.6559216844704,622.5827026367188,21375700
2025-03-10,605.0792675215534,607.109212093194,583.9835257431913,595.048828125,21999900
2025-03-11,592.1232921602733,611.9055191678449,590.4117809661785,602.7308959960938,17401500
2025-03-12,626.8018648059933,630.2149870827395,606.352891273559,616.5126953125,15747000
2025-03-13,617.1993356753703,617.4481060645986,583.6252936627146,587.7349853515625,16480300
2025-03-14,600.3688460487675,606.4044031406513,592.381232702444,605.1494750976562,12364500
2025-03-17,605.01006095703,610.6272679434014,595.5881924170304,602.4603881835938,15473900
2025-03-18,597.6299490711036,597.8291546165306,572.3423339224544,580.0112915039062,20297700
2025-03-19,581.9235510596104,589.9311027976759,572.4518964146898,581.7044067382812,20537500
2025-03-20,580.4097343847766,607.7390710956802,577.1728416585424,583.6366577148438,24336500
2025-03-21,581.0669435562578,595.1299901540924,578.6069346961235,593.84521484375,25015900
2025-03-24,612.4896480218807,620.0291236750295,609.7308614385815,616.35400390625,15741300
2025-03-25,624.2321938231848,631.3234729455945,618.674681768664,623.7839965820312,15312500
2025-03-26,622.3697410659778,624.2222248223229,604.163437823038,608.5158081054688,12609800
2025-03-27,599.5720414465346,611.7726353131792,597.67968012305,600.1497192382812,10436500
2025-03-28,597.8888875675808,599.3230823357646,571.605306475786,574.4139404296875,17602800
2025-03-31,561.2273418254761,576.3660506926756,551.0684674021583,574.0354614257812,21124700
2025-04-01,568.5378248528625,587.5308619090912,567.7011858318447,583.6366577148438,12836600
2025-04-02,572.5913702725657,590.2697848019704,571.0476335559673,581.5750122070312,13470800
2025-04-03,544.0170454965238,550.3315027907909,528.1612684622463,529.4759521484375,34777500
2025-04-04,504.5766973919698,515.9108044848922,492.20680670689774,502.6943359375,38589800
2025-04-07,483.14348777248983,537.1945936136326,479.9563819403582,514.1678466796875,36606100
2025-04-08,541.0589972717423,545.2221314563009,500.8318811641039,508.39129638671875,28034200
2025-04-09,507.21608900363117,585.5190378914372,500.0849618351514,583.4075927734375,39216600
2025-04-10,573.1689120321386,578.9554765876964,533.1410047447706,544.086669921875,28173500
2025-04-11,533.3501954996136,545.1922554454453,526.4581222037267,541.377685546875,17642300
2025-04-14,553.9268489865372,555.520432371149,526.149380590007,529.33642578125,14130900
2025-04-15,529.9639426413264,535.7704467995947,515.41288054515,519.4166870117188,15558700
2025-04-16,506.459094542153,511.29947867102186,493.6310371089192,500.2840881347656,18735100
2025-04-17,503.21224251554713,505.25396236597624,496.0014523688267,499.45745849609375,14593500
2025-04-21,489.3483426044671,491.5096038816375,477.86484689470427,482.70526123046875,16166000
2025-04-22,489.886213659528,504.8356859267328,484.3984265448332,498.2622985839844,17399400
2025-04-23,526.398387792126,533.1809196011152,514.4368162114096,518.1716918945312,18173900
2025-04-24,516.6378699664548,531.7467310045646,515.4128501808216,530.999755859375,13910000
2025-04-25,544.5947301221067,547.6423866360049,534.0872906869056,545.0628662109375,17098900
2025-04-28,553.3989944115831,556.2374754096683,538.409706579595,547.5227661132812,15179000
2025-04-29,543.7979549633997,554.3253329246786,541.9255322333729,552.2039184570312,11835000
2025-04-30,536.2286028212618,546.8854000110363,527.3644731031741,546.7858276367188,29244000
2025-05-01,589.6920784232152,590.5585647326062,568.1990964565776,569.9022216796875,31159000
2025-05-02,581.1068737819331,601.9026676753685,575.9975586829169,594.6121826171875,24739300
2025-05-05,588.8355666226496,600.7772617327329,585.6783683283057,596.8531494140625,13887700
2025-05-06,590.140262710858,593.6261466616496,584.2142478367141,584.9412841796875,10600700
2025-05-07,587.9790163444538,600.6477471780503,584.3038959778277,594.4030151367188,13139100
2025-05-08,603.8447803031055,608.8345844494372,594.2137969163823,595.5982055664062,14622800
2025-05-09,601.2850913628599,604.5219836999701,589.3235802814015,590.1004028320312,10427300
2025-05-12,628.3754468402599,637.8072854035049,618.52537997075,636.8511352539062,21965100
2025-05-13,642.9364721174845,658.2544484118764,640.2374406337076,653.3842163085938,18570800
2025-05-14,658.5432587283299,659.9973314154452,651.671063189936,656.70068359375,12348200
2025-05-15,651.6412836963046,654.6590319374474,636.0045904601806,641.283203125,14341800
2025-05-16,635.3870402976211,637.8570186595293,623.6246741050281,637.7574462890625,18519000
2025-05-19,625.7161768945482,640.4066880114517,625.2679796518272,637.8470458984375,9592400
2025-05-20,633.4448867170665,636.7713819580241,629.7100110253076,634.5304565429688,6743500
2025-05-21,629.2418310050065,644.0020660016361,627.6283696820823,632.9368896484375,11464600
2025-05-22,631.492768599171,640.6556757699244,628.1662733645643,634.0026245117188,8228400
2025-05-23,621.4833495575277,629.8992820739184,620.1388185495641,624.531005859375,8454100
2025-05-27,632.8472662118028,640.4863756807556,630.1980211513535,639.7294311523438,9508400
2025-05-28,640.0082861312126,648.2549209907568,639.958499945528,640.984375,9042900
2025-05-29,649.0219048494392,650.6851526800369,636.9208817638153,642.448486328125,8858800
2025-05-30,639.9086753837215,646.7907792932219,630.227907169861,644.8785400390625,16241000
2025-06-02,641.791121766507,670.5446811489596,641.6616412070963,668.1942138671875,15766300
2025-06-03,668.7420068089284,672.8553550898889,662.3479161440031,664.1605224609375,11585000
2025-06-04,666.6206069146197,686.2212292149324,665.8736317013958,685.1754760742188,14031900
2025-06-05,688.8703488193835,691.5794100418087,679.4983282686153,681.8587646484375,13083100
2025-06-06,693.3622292653906,699.9754637799698,689.0795839414949,694.8960571289062,11728000
2025-06-09,695.6430205968694,702.3458579741853,691.1412310298801,691.2607421875,12773200
2025-06-10,698.5213248498013,700.3937473880201,688.7708312874433,699.567138671875,10850100
2025-06-11,700.871864292101,706.0110265671628,689.1991010267074,691.3404541015625,9582500
2025-06-12,690.5039040799495,692.5755324462824,684.229324181933,690.5636596679688,7322700
2025-06-13,685.175373097979,691.7686684593297,678.2633610655403,680.1158447265625,9274400
2025-06-16,697.0454302800655,704.839891030923,691.2444358848513,699.8262939453125,13720300
2025-06-17,699.7067073456836,703.6637089538638,693.7861096962511,694.9522705078125,10066100
2025-06-18,695.8991092834594,699.2980032265184,692.6298563461756,693.4970092773438,10068300
2025-06-20,698.4607641474819,699.5272759324512,676.4528788689065,680.120849609375,22538600
2025-06-23,681.4565596787132,696.7663678330139,676.5326949790629,696.2481079101562,11080100
2025-06-24,702.5872352556954,710.8601081222891,699.8162879347926,709.8733520507812,13823200
2025-06-25,710.989786190386,714.2391463968028,703.0757215627262,706.3649291992188,9320400
2025-06-26,712.026356119824,725.8410644855094,708.7271714667934,723.7180786132812,13964800
2025-06-27,724.1466398304902,733.0275060697373,723.4887618360168,731.2333984375,18775700
2025-06-30,742.1176905331245,745.4567832484664,731.851350759088,735.6788330078125,15402100
2025-07-01,734.4727647300622,735.3399177465482,713.0330238804761,716.8704223632812,13431200
2025-07-02,712.9932128907722,717.9469479430355,710.4714485666279,711.2389526367188,9336700
2025-07-03,724.23628063908,726.6484187341657,712.0861007528597,716.6611328125,8601700
2025-07-07,715.2556849998467,724.6250009558648,711.1790804792781,716.0032348632812,9457100
2025-07-08,719.2128191233631,720.5484076114845,712.4748926138262,718.3157348632812,7770700
2025-07-09,720.3589752323313,735.1206520424314,720.3589752323313,730.3861694335938,11418000
2025-07-10,729.1601755610233,733.3962917497249,717.2492014044612,724.8642578125,9913600
2025-07-11,720.1397657932962,722.791049443565,707.3815924903404,715.1660766601562,10873900
2025-07-14,715.2557188520466,725.6217684499236,714.2091611608587,718.5648803710938,8939400
2025-07-15,721.5352116480268,722.1032960553172,707.501190694441,708.0693359375,11529500
2025-07-16,711.0394977501286,711.6375132851348,696.985585155631,700.6136474609375,13067600
2025-07-17,702.0888975460598,703.5939743779064,694.8326508122145,699.1185913085938,11803300
2025-07-18,699.8960490076172,702.407835998619,689.3905035678976,701.979248046875,12779800
2025-07-21,704.4910420819451,714.657733300232,703.4544614129026,710.640869140625,9404400
2025-07-22,713.8503977542969,714.2590316242121,699.1186509323247,702.507568359375,8921100
2025-07-23,704.062433018762,712.2954590710364,702.6271347622425,711.2489013671875,8771600
2025-07-24,714.7074933384354,721.2560374369583,711.6674693968201,712.46484375,10920800
2025-07-25,714.5779456568456,718.2958018452817,709.5743863825453,710.351806640625,8271700
2025-07-28,712.8635901780652,722.3724029167645,710.3518030699777,715.28564453125,8715700
2025-07-29,717.6479213169642,722.1032896273051,697.6235240780348,697.7132568359375,13267000
2025-07-30,705.7768321791035,706.1854660197899,688.9419939778502,692.9389038085938,27077300
2025-07-31,772.667590247117,782.1863801577031,763.0092430876867,770.913330078125,38831100
2025-08-01,758.2448261685668,763.497629588928,742.8752172910131,747.5598754882812,19028700
2025-08-04,757.5172228150747,774.3121526971289,755.9323902785536,773.833740234375,15801700
2025-08-05,773.913496774336,780.571667176634,760.507423214992,760.9659423828125,11640300
2025-08-06,767.4845892138412,771.1127127816184,757.9757760743282,769.4680786132812,9733900
2025-08-07,770.9631295472946,772.4682063669705,757.0686667309535,759.3412475585938,9019700
2025-08-08,760.2583352301862,767.3850027593771,756.1019743449502,766.7869262695312,7320800
2025-08-11,767.5642492447836,770.9332120184496,762.1718890596524,763.3679809570312,7612000
2025-08-12,770.4747856043563,791.077244402737,769.9066403638383,787.4192504882812,14563100
2025-08-13,788.5655214330485,792.861439232817,775.687684264025,777.5316772460938,8811800
2025-08-14,775.3387743217048,785.2363270315518,769.986322264654,779.5748901367188,8116200
2025-08-15,781.5883059112525,793.6487524142633,778.2691675641597,782.6647338867188,13375400
2025-08-18,772.5579712024165,773.2755899130946,754.0884756033142,764.8631591796875,16513700
2025-08-19,764.613945820292,764.6637703117248,746.9119549568848,749.0250244140625,12286700
2025-08-20,745.1278702665168,747.7492835360712,728.611993296026,745.27734375,11898200
2025-08-21,742.2772053426181,743.0646026719377,730.7150636889187,736.6854858398438,8876300
2025-08-22,736.81505282597,754.4273720053774,731.9908982789533,752.32421875,10612700
2025-08-25,752.354165267511,756.40089964729,747.6794841015795,750.839111328125,6861200
2025-08-26,748.3472672479323,752.4039786334924,745.4966249237331,751.636474609375,7601800
2025-08-27,749.8423869559551,751.6863799088018,740.4133296583533,744.9384765625,8315400
2025-08-28,741.5694916361576,750.5899148175357,738.3799332684189,748.65625,7468000
2025-08-29,742.8453254860702,744.6992345800578,732.9477115811937,736.2868041992188,9070500
2025-09-02,723.6681190637612,733.5956032036421,719.3722015925617,732.70849609375,9350900
2025-09-03,733.5955932459119,737.8317091036498,731.5921498947655,734.6421508789062,7699300
2025-09-04,746.1245289832817,758.673365064992,743.3835128663812,746.2042846679688,11439100
2025-09-05,750.1613709772337,755.4739762141257,742.5961997057085,749.991943359375,9663400
2025-09-08,753.5303323961845,764.0060085234048,749.5633535528676,749.8424072265625,13087800
2025-09-09,755.0154070864886,763.7966239723705,750.9686728075005,763.1986083984375,10999000
2025-09-10,762.6305038555339,763.1986490989516,748.5466583985636,749.5234375,12478300
2025-09-11,752.1846484905694,754.6265958852796,745.9251355026145,748.4468994140625,7923300
2025-09-12,746.2840677626042,755.0952164716484,741.3303327049176,753.1217041015625,8248600
2025-09-15,754.9954213012545,771.5412279036273,749.5333431691193,762.2018432617188,10533800
2025-09-16,764.4944012192615,778.8074760600178,762.6005837137456,776.4552001953125,11782500
2025-09-17,777.4419223006557,780.7311297077449,763.8066193659058,773.1858520507812,9400900
2025-09-18,778.1994163857863,786.2032128794,770.8335437165625,777.7010498046875,10955000
2025-09-19,783.8508708699721,788.2165669565625,766.6771780735046,775.837158203125,23696800
2025-09-22,779.8218176027002,783.6917575585782,762.4868973227559,763.1751098632812,11706900
2025-09-23,767.254476840496,768.6009504341728,749.1216451610411,753.4404296875,10872600
2025-09-24,755.5349916265823,759.1356124217834,750.5779133776451,758.686767578125,8828200
2025-09-25,751.4954858581857,754.8068807440363,742.6185490172081,746.9672241210938,10591100
2025-09-26,748.0544043789391,749.9793904076555,735.4371957410184,741.8206176757812,9696300
2025-09-29,746.777703342028,748.8324179023273,737.2325826153279,741.4715576171875,9246800
2025-09-30,740.3245554260684,741.0426584785586,724.4159185837501,732.4749755859375,16226800
2025-10-01,719.6183236513255,719.9773751402398,708.357633728991,715.4791259765625,20419600
2025-10-02,720.7055653205383,725.8821043267139,716.2770807321521,725.1639404296875,11415300
2025-10-03,727.7372737109582,729.1037149276121,708.3377167266436,708.7167358398438,16154300
2025-10-06,703.3607165744016,715.0203947681905,688.718804278428,713.8035278320312,21654700
2025-10-07,715.8581417735932,716.636147605649,703.9192222306009,711.230224609375,12062900
2025-10-08,711.599278595462,717.7832075860277,705.9738944950672,715.9779052734375,10790600
2025-10-09,716.4167658258609,731.6072387695312,710.5918883665408,731.6072387695312,12717200
2025-10-10,729.0239332852144,733.3626856542741,702.6824691715568,703.4703979492188,16980100
2025-10-13,711.1603595995662,718.072374881022,705.8042950194317,713.8433837890625,9251800
2025-10-14,705.9439682909708,713.6937706407739,697.5158763660478,706.8117065429688,8829800
2025-10-15,715.1998794771447,722.0221626881838,707.6694770310874,715.6885986328125,10246800
2025-10-16,715.6886043056783,723.6080097298942,702.0540824517458,710.2228393554688,9017000
2025-10-17,705.2458014471516,716.6760344343375,704.2882698394852,715.0602416992188,12232400
2025-10-20,719.3191931642514,731.8665769499745,718.3118034233538,730.2706909179688,8900200
2025-10-21,734.110725168398,736.5842723709278,726.8595646449745,731.3678588867188,7647300
2025-10-22,731.9264006052239,738.6787972623451,722.1518348008319,731.5074462890625,8734500
2025-10-23,732.7941435868839,740.4841042897723,731.1982575844598,732.095947265625,9856000
2025-10-24,734.8787064697904,739.2872845910176,729.253383189777,736.4446411132812,9151300
2025-10-27,747.7850542762595,753.7894568601143,746.0695454676272,748.8722534179688,11321100
2025-10-28,750.6776381609803,756.4326899204912,743.5860965317024,749.49072265625,12193800
2025-10-29,752.7921200604676,757.1906533932021,740.5838813084906,749.7200927734375,26818600
2025-10-30,667.4142515632169,679.1936140289573,648.4834442213796,664.7411499023438,88440100
2025-10-31,672.7602632515434,673.1392823636344,643.8953340746643,646.6680908203125,56953200
2025-11-03,654.298319497033,657.6196984387726,634.5297257704245,636.0557861328125,33003600
2025-11-04,626.410791028598,640.0752642850032,624.3860886703497,625.6926879882812,27356600
2025-11-05,630.6697208898194,640.5639703518489,624.9146693781357,634.30029296875,20219900
2025-11-06,634.2005186436334,634.3501538797125,616.3968476378337,617.3344116210938,23628800
2025-11-07,614.8907386759073,620.5161224262619,599.640424749484,620.0972290039062,29946800
2025-11-10,629.4529708548182,633.3528014765299,616.5065997528014,630.1212158203125,19245000
2025-11-11,626.3709656116134,627.9269165306073,617.7833145947981,625.453369140625,13302200
2025-11-12,626.5005716840028,627.3583261459861,606.1934022078184,607.43017578125,24493300
2025-11-13,611.4796659420805,616.0478021853295,601.4357808374693,608.3079223632812,20973800
2025-11-14,600.2288811530552,612.088052043071,593.6560102918138,607.8790283203125,20724100
2025-11-17,607.4600346656293,610.1031845088386,593.8554651895852,600.4483032226562,16501300
2025-11-18,590.065358149623,602.0940719298206,582.2656968950795,596.1395874023438,25500600
2025-11-19,592.1797786556917,593.7856483585136,579.7421567881397,588.7886352539062,24744700
2025-11-20,601.9344542639864,605.1460720070379,581.8367012414765,587.6217041015625,20603000
2025-11-21,586.9734117815261,596.5684523172222,580.3506215479276,592.70849609375,21052600
2025-11-24,597.1668722231478,615.1002729325323,596.0797338085368,611.459716796875,23554900
2025-11-25,622.3812488080194,635.3973829418613,616.6960233021972,634.5695190429688,25213000
2025-11-26,636.0358029520913,636.7040478933542,629.9915253276793,631.9663696289062,15209500
2025-11-28,634.4299618769652,646.3688812783262,633.8514494094911,646.2691650390625,11033200
2025-12-01,637.8909364271796,643.6459879981971,636.1056017671217,639.20751953125,13029900
2025-12-02,640.6737247939117,646.1893476978298,636.4147821721649,645.4213256835938,11640900
2025-12-03,642.7383158920676,647.1668005690203,635.8961259576193,637.9407958984375,11134300
2025-12-04,674.246461597851,674.3461778479464,658.3378235904052,659.8140258789062,29874600
2025-12-05,662.2775487290173,672.9398207362489,660.6717397649775,671.673095703125,21207900
2025-12-08,667.603701448277,674.9545781663558,663.344758713728,665.0702514648438,13161000
2025-12-09,662.0481917138827,662.7563110037405,651.645254570885,655.255859375,12997100
2025-12-10,648.2639556943986,652.8121240146866,641.730959438269,648.4434814453125,16910900
2025-12-11,641.6211778682233,653.5801249698833,639.1376470786419,651.0167846679688,13056700
2025-12-12,648.1143965293088,709.1556549538686,636.9534211280841,642.558837890625,14016900
2025-12-15,644.5502809809109,651.8372704406642,637.5627451568915,646.3570556640625,15549100
2025-12-16,642.3541999133257,661.3602758295988,642.054746271156,655.9799194335938,14309100
2025-12-17,654.4426118233187,660.0526000253047,648.0440522221027,648.343505859375,15598500
2025-12-18,655.8600753372949,669.3659511843067,655.2910830082761,663.266845703125,20260300
2025-12-19,665.2333263832898,669.8051880946751,657.0080086354003,657.5969848632812,49977100
2025-12-22,660.4719008376494,672.3806511570199,655.4808037586267,660.3221435546875,15659400
2025-12-23,658.8746741689592,664.8140915262984,657.0778915122911,663.7559814453125,8486800
2025-12-24,661.3503083186049,666.9902112020924,661.0208788671576,666.361328125,5627500
2025-12-26,666.8704739599774,667.7589038803495,660.1424847097468,662.1089477539062,7133800
2025-12-29,656.8383689858442,659.0743707339258,653.2248195668056,657.5171508789062,8506500
2025-12-30,657.5171386037911,671.0230153954109,656.6686764849229,664.7642211914062,9187500
2025-12-31,663.5662869980947,663.8158418258488,658.2657448936569,658.9146118164062,7940400
2026-01-02,661.5499009554064,663.2069792218492,642.3541620430398,649.2518310546875,13726500
2026-01-05,649.8508280292294,663.3567049684374,646.5966230035071,657.616943359375,12213700
2026-01-06,658.3955464147172,664.3349637543794,650.7392210314413,659.4436645507812,11074400
2026-01-07,654.4725487720359,657.9763084361789,643.6618161601232,647.534912109375,12846300
2026-01-08,644.7299347572825,645.9477331499952,634.5879917891143,644.9096069335938,11921700
2026-01-09,644.2907288447692,653.7838050409127,641.7053138036724,651.8971557617188,11634900
2026-01-12,651.3680980277007,652.8054753941815,640.0881706951194,640.8268432617188,14797200
2026-01-13,641.1263941859123,641.1263941859123,622.9887038024194,629.96630859375,18030400
2026-01-14,625.3844405077801,627.3309804807691,613.7252454803604,614.4240112304688,15527900
2026-01-15,617.378703801015,623.0585745209008,613.1362714280776,619.694580078125,13076100
2026-01-16,623.0685636897582,627.9598630097294,618.9758886129073,619.1455688476562,17012500
2026-01-20,606.7976262932837,610.3113781504126,598.9316523845154,603.0443115234375,15169600
2026-01-21,605.659634898437,617.169133937088,599.0115204374271,611.8685913085938,14494700
2026-01-22,628.2293275614567,659.3937675491238,625.4343255489129,646.476806640625,21394700
2026-01-23,643.6219561683764,665.3032527677875,643.3025186421843,657.5870361328125,22797700
2026-01-26,663.9456136216552,674.0775639748149,660.1124246688775,671.1627197265625,16327400
2026-01-27,673.3888389297905,675.6148486525956,663.4764668627315,671.7716674804688,13297400
2026-01-28,673.2989295276801,676.4732596455591,664.9138628916613,667.5391845703125,25709600
2026-01-29,736.1169233837337,742.6752321400184,711.2812198864386,736.995361328125,59852900
2026-01-30,726.2045952530067,730.8662626744616,712.3193905555435,715.2241821289062,23744600
2026-02-02,713.3275184694113,720.0156002559207,702.2672920108814,705.152099609375,14365200
2026-02-03,706.1104025957663,715.7232596178901,685.1877035052055,690.4683227539062,13760700
2026-02-04,686.5054510943589,687.6035290584308,666.2715840299333,667.798828125,16882800
2026-02-05,662.3984629374214,680.2865379695924,652.3363940764909,669.0166625976562,17131800
2026-02-06,664.3050190645899,670.7934451675868,645.3488423980709,660.2822265625,18159300
2026-02-09,661.9991209626965,682.0932819515241,657.6069922476072,676.0140991210938,14837500
2026-02-10,676.39338857878,679.4380062536881,668.5972981068446,669.525634765625,10455800
2026-02-11,672.7998711552045,678.0605068549233,655.9299390360635,667.4993286132812,14323800
2026-02-12,668.7770306530766,674.7963229561075,644.1310518439949,648.6529541015625,14960100
2026-02-13,643.9512634857649,650.2700088851722,633.4400456540794,638.6307983398438,12336400
2026-02-17,638.3613203754355,641.4557762130754,627.6803603746322,638.1516723632812,12674700
2026-02-18,632.67143641335,643.8515057528024,627.0315334227189,642.0746459960938,14649200
2026-02-19,637.432932921519,646.0375787806976,635.5861905818066,643.6318969726562,10035700
2026-02-20,638.5510179511008,662.1688639053526,637.642665037141,654.4925537109375,14183500
2026-02-23,651.3781101885919,656.5289567660449,634.8675821094057,636.1153564453125,8605900
2026-02-24,631.9527863953055,639.9684568961466,627.8600500948714,638.1616821289062,10135600
2026-02-25,641.3858999809694,652.7156650876909,640.9965798171046,652.5260009765625,11330700
2026-02-26,649.3916295582877,659.823034651462,646.3470725216666,655.8401489257812,10637700
2026-02-27,642.3042597917192,648.2835840137412,636.9837335400734,647.0258178710938,15703000
2026-03-02,636.0254184162494,658.764884603327,633.3701817354564,652.396240234375,9816100
2026-03-03,647.1356255764312,657.866484005116,637.7025010942567,653.91357421875,12263800
2026-03-04,656.788453587829,671.5720803574089,656.4989309709863,666.541015625,10810100
2026-03-05,660.751362594833,669.5057662619517,649.1520579976961,659.393798828125,13341400
2026-03-06,646.7463568472266,648.3135076492586,634.9773114336934,643.7117309570312,13159400
2026-03-09,633.6497121926325,646.5965879982328,625.6639573427893,646.2372436523438,13489700
2026-03-10,652.3962938458964,659.1242831137364,647.8444156429986,652.9053955078125,9859300
2026-03-11,653.5941721528687,657.9463943013674,647.2055433479961,653.6939697265625,8977200
2026-03-12,647.5948883988538,652.3364309343367,635.7660119177681,637.043701171875,11617500
2026-03-13,622.7790526456299,628.0496188589474,608.4645611002024,612.6171875,18957600
2026-03-16,631.4147932406764,634.1622468505053,622.5230098937741,626.8690185546875,15134900
2026-03-17,627.4085169382369,635.9605885584036,621.1243629754691,622.0834350585938,10348800
2026-03-18,615.769347359454,622.0735023862151,614.04090772979,615.1099243164062,11726300
2026-03-19,611.5832104537112,612.4323990135786,601.7023533616688,606.1382446289062,13247700
2026-03-20,602.9712077810872,603.400802317344,586.7062525156723,593.1102905273438,21214900
2026-03-23,605.2290499891692,608.0764476338709,598.4553596033379,603.5006713867188,13638000
2026-03-24,598.5452420228083,600.443507118967,590.4527665679026,592.3709716796875,10739700
2026-03-25,598.1855830392399,603.1110107561809,592.850561795072,594.3391723632812,12585000
2026-03-26,581.9506076701073,582.460145169462,542.8468364624507,547.032958984375,35780100
2026-03-27,539.599843303006,543.0966023049141,519.7782492802263,525.233154296875,30133000
2026-03-30,535.8833618164062,539.0504095872608,528.0505941707193,535.8833618164062,22795200
2026-03-31,549.4707059552647,573.1587727471259,546.2637174010383,571.6002197265625,32898300
2026-04-01,579.5928556215499,592.0013387220274,573.2887005646345,578.6936645507812,23608100
2026-04-02,565.5158531822124,577.9643377947169,559.1817578546791,573.9281005859375,13518500
2026-04-06,577.1550997330287,582.2503530791108,571.4703658572956,572.4894409179688,9515700
2026-04-07,571.9498894780604,574.6973431004155,564.2370671243236,574.5175170898438,9580800
2026-04-08,605.4388670235439,629.3667024291958,591.2820049792073,611.8529052734375,32036600
2026-04-09,626.3894374266143,636.9097166035551,622.4231426572783,627.8081665039062,19012900
2026-04-10,633.882449891805,637.9886903650855,623.7518859014353,629.2767333984375,13294800
2026-04-13,628.9171329935918,634.4120404303904,623.8218795800174,633.9425048828125,9538900
2026-04-14,642.624350345733,665.6430543798978,638.7779398291946,661.8765258789062,17818000
2026-04-15,666.3824145357423,677.8717665104965,663.6049593103575,670.9581909179688,14952600
2026-04-16,675.3640350842893,676.9525896021297,667.131674939706,676.2432250976562,9544800
2026-04-17,677.9716157075654,690.8796961433965,674.5048580761284,687.9124145507812,16283500
2026-04-20,680.7290935491282,682.7472426832454,667.381478611767,670.2887573242188,12534000
2026-04-21,670.3786762058809,675.5738733736962,666.7120915784461,668.220703125,8660100
2026-04-22,673.7355628200382,677.7518600207422,669.1298460769134,674.09521484375,9215600
2026-04-23,663.0854475032797,668.9400066983026,652.4452846667049,658.5396728515625,11667000
2026-04-24,659.7085674039201,680.0396994180859,653.2345872360809,674.4049682617188,13348300
2026-04-27,670.3786986745525,681.8680504402118,670.2188736545023,677.9916381835938,12805200
2026-04-28,673.6156618787633,677.5520159823654,665.0136491453696,670.7183837890625,10606800
2026-04-29,668.290599742094,673.6256820299297,663.1953464496755,668.5004272460938,18947500
2026-04-30,618.7465567527638,620.2751083620838,599.4444385151393,611.3433837890625,52765000
2026-05-01,614.120842749119,618.3069655430758,605.548770151405,608.1863403320312,21404000
2026-05-04,607.3771038685389,613.4314904063681,602.1919069095087,609.8447875976562,16203900
2026-05-05,612.7420849871345,613.7811000159977,599.8040642277598,604.3998413085938,17171300
2026-05-06,600.4934370812971,619.3759607512419,597.5461564796674,612.3125,19915500
2026-05-07,614.150739078972,624.4012480600104,612.9718390781961,616.2388305664062,12307400
2026-05-08,614.6303402495529,616.1988937552933,605.4987892063378,609.0654907226562,13557000
2026-05-11,604.010215830275,604.3498668649182,597.5262348938886,598.3054809570312,15940600
2026-05-12,594.2692320029287,603.1909559259367,592.0512559095129,602.441650390625,11351600
2026-05-13,598.275515544453,619.3260125714435,596.1074810052941,616.0590209960938,14634400
2026-05-14,615.429618202359,623.152441138389,614.4305441468357,617.8573608398438,10651200
2026-05-15,613.421486859321,620.6248329546977,608.7458274653094,613.6612548828125,13272600
2026-05-18,608.5459509764945,615.0199919776213,603.1309869574205,610.64404296875,13772400
2026-05-19,608.3561568042173,613.361527578881,599.9939118379299,602.052001953125,11749900
2026-05-20,600.2037495434126,607.4370360716302,597.2564688338498,604.499755859375,11329700
2026-05-21,599.4443949814065,609.0354809096541,594.2591985256718,606.8175659179688,13476100
2026-05-22,607.3171451453314,614.2407210713809,606.3880135859368,609.6949462890625,11688600
2026-05-26,608.3261927003538,613.9009818092591,604.7394901495815,611.7730102539062,12234200
2026-05-27,608.8357727220844,637.908804248614,608.4361186960156,634.6718139648438,23143600
2026-05-28,638.9078448274123,642.4046039468743,628.7272779804616,634.7017211914062,16772400
2026-05-29,632.9133899267435,633.9124639439917,622.7727642602187,631.92431640625,19806500
2026-06-01,629.8162791560948,635.1613007084701,598.974869401479,599.9139404296875,29138800
2026-06-02,602.68138962268,608.3161816139932,596.1274666259658,597.0765991210938,18252000
2026-06-03,602.4416570391962,623.5720977596394,599.7142043737263,622.4031372070312,23020100
2026-06-04,623.0924785224576,641.8051764288737,621.8536364911718,626.9888916015625,21469200
2026-06-05,622.8827460758752,628.567480013855,582.3702434655938,592.450927734375,30091600
2026-06-08,591.4518261333767,591.4518261333767,578.6836307521693,584.8479614257812,19512400
2026-06-09,590.4527436689563,597.0766092757164,580.4720040020986,584.0487060546875,16977400
2026-06-10,580.192266144374,590.7724873942649,570.0716409197756,570.4512939453125,17064000
2026-06-11,565.3060574843756,571.6401524850257,556.4942175026772,567.9036254882812,17628000
2026-06-12,572.4194595335534,575.5365655300229,560.3806300495169,566.4549560546875,14326400
2026-06-15,579.9000244140625,601.27001953125,579.2999877929688,593.47998046875,17653300
2026-06-16,593.6500244140625,605.8099975585938,592.0,600.2100219726562,11344400
2026-06-17,592.0,593.8099975585938,566.1900024414062,567.5800170898438,20478300
2026-06-18,572.8200073242188,580.219970703125,563.0999755859375,577.219970703125,28824600
2026-06-22,572.02001953125,575.8099975585938,559.8099975585938,563.8499755859375,15405500
2026-06-23,562.25,572.2000122070312,561.02001953125,562.2000122070312,13103300
2026-06-24,561.8900146484375,569.0399780273438,555.5499877929688,557.6699829101562,13963600
2026-06-25,555.5499877929688,556.3400268554688,540.1799926757812,542.8699951171875,16968600
2026-06-26,543.3400268554688,556.8499755859375,540.4000244140625,550.25,18867700
2026-06-29,560.0,570.9000244140625,558.0,562.5999755859375,15011400
2026-06-30,560.9400024414062,565.5399780273438,551.4299926757812,563.2899780273438,18111100
2026-07-01,607.9099731445312,628.280029296875,595.0999755859375,612.9099731445312,45536300
2026-07-02,607.9000244140625,610.0,580.4199829101562,582.9000244140625,21705900
2026-07-06,594.8400268554688,603.5800170898438,581.760009765625,600.2899780273438,17674100
2026-07-07,607.5900268554688,625.3699951171875,603.6599731445312,615.5800170898438,18560800
2026-07-08,614.3900146484375,616.0,598.010009765625,603.1199951171875,13606500
2026-07-09,583.989990234375,633.27001953125,577.0700073242188,631.47998046875,26579700
2026-07-10,660.3400268554688,677.8599853515625,658.010009765625,669.2100219726562,40608900
2026-07-13,661.3800048828125,676.6199951171875,654.2000122070312,656.72998046875,19840700
2026-07-14,652.0,666.5,649.0499877929688,661.0399780273438,16748200
2026-07-15,663.5999755859375,686.0800170898438,656.6599731445312,681.3099975585938,19003400
2026-07-16,677.280029296875,681.9000244140625,660.1599731445312,664.5399780273438,15816000
2026-07-17,647.7000122070312,652.2000122070312,626.0,646.010009765625,22267900
2026-07-20,646.7000122070312,653.2999877929688,636.010009765625,645.8499755859375,10225200
2026-07-21,654.1799926757812,655.8800048828125,643.2000122070312,643.8099975585938,9140500
2026-07-22,647.7000122070312,649.0,624.0,627.1699829101562,11019600
2026-07-23,608.4099731445312,614.6500244140625,597.219970703125,606.0999755859375,15494800
2026-07-24,605.2999877929688,609.97998046875,594.4500122070312,595.1900024414062,11503500
2026-07-27,607.219970703125,611.260009765625,593.1300048828125,593.8699951171875,11195300
2026-07-28,596.8200073242188,601.0,587.0,593.4099731445312,12009300
2026-07-29,593.25,599.969970703125,582.219970703125,585.6099853515625,22371100
2026-07-30,526.0,539.8800048828125,524.489990234375,539.030029296875,42271500
2026-07-31,543.5999755859375,558.3300170898438,540.219970703125,556.7100219726562,24261500
2026-08-03,562.239990234375,597.52001953125,559.3599853515625,590.239990234375,25938100
2026-08-04,581.5,592.7899780273438,578.25,587.9400024414062,17959200
2026-08-05,600.4600219726562,601.0,580.1199951171875,588.77001953125,14897200
2026-08-06,586.9500122070312,595.3099975585938,586.0,589.9000244140625,11811500
2026-08-07,585.6400146484375,598.739990234375,585.6199951171875,592.0999755859375,11250300
2026-08-10,599.1300048828125,608.2100219726562,592.030029296875,594.9199829101562,14967300
2026-08-11,598.0,612.4299926757812,593.4000244140625,599.1199951171875,13146900
2026-08-12,601.0700073242188,604.5,578.2100219726562,578.8499755859375,16186900
2026-08-13,580.7100219726562,595.8499755859375,579.3900146484375,594.969970703125,11164200
2026-08-14,596.97998046875,601.8599853515625,589.2899780273438,589.8499755859375,8758000
2026-08-17,589.75,590.239990234375,564.75,568.969970703125,17225600
2026-08-18,557.47998046875,560.6599731445312,543.2100219726562,543.6699829101562,27094900
2026-08-19,541.3400268554688,554.0700073242188,537.27001953125,546.030029296875,16971700
2026-08-20,546.9500122070312,549.989990234375,539.3099975585938,545.8300170898438,13872200
2026-08-21,546.8900146484375,553.8699951171875,543.22998046875,549.9000244140625,13848000
2026-08-24,550.2000122070312,561.4199829101562,546.2999877929688,559.02001953125,12990600
2026-08-25,563.8800048828125,570.7999877929688,561.4000244140625,570.0499877929688,9769100
2026-08-26,590.3099975585938,593.3400268554688,561.8800048828125,576.1400146484375,31416300
2026-08-27,576.47998046875,588.3900146484375,567.6199951171875,571.0999755859375,15221400
2026-08-28,571.5499877929688,589.1900024414062,571.0,578.02001953125,16042400
2026-08-31,577.6300048828125,578.6799926757812,569.1400146484375,572.3400268554688,13383800
2026-09-01,558.3499755859375,584.9500122070312,556.0999755859375,578.5399780273438,15796900
2026-09-02,578.7899780273438,600.3800048828125,577.0,592.8499755859375,16552700
2026-09-03,604.489990234375,619.4600219726562,604.3499755859375,610.6799926757812,19737100
2026-09-04,612.3499755859375,617.4600219726562,605.27001953125,616.77001953125,15966200
2026-09-08,616.2100219726562,624.7999877929688,609.739990234375,613.47998046875,18909700
2026-09-09,648.6400146484375,657.8599853515625,638.5599975585938,653.6900024414062,35900700
2026-09-10,653.7100219726562,663.5,642.1400146484375,644.3800048828125,21531900
2026-09-11,653.510009765625,664.239990234375,646.2000122070312,648.030029296875,16908400
