Date,Open,High,Low,Close,Volume
2015-01-02,39.522483519398754,40.16622593765409,39.420840659920174,39.60718536376953,27913900
2015-01-05,39.27684831601407,39.58178016186598,39.17520544445297,39.24296951293945,39673900
2015-01-06,39.28531709005674,39.59871780215953,38.57381058746639,38.66698455810547,36447900
2015-01-07,38.94648732399195,39.35306184059361,38.53144391859667,39.15824508666992,29114100
2015-01-08,39.59870116331834,40.44573220424493,39.57329126606398,40.31020736694336,29645200
2015-01-09,40.327155999250174,40.50503177599165,39.72576462198083,39.97140121459961,23944200
2015-01-12,40.16621831640922,40.26786438776945,39.26836730423394,39.47165298461914,23651900
2015-01-13,39.78506505686994,40.5812733929366,39.01426662829603,39.268375396728516,35270600
2015-01-14,38.92955017089844,39.166721085781234,38.641559455886544,38.92955017089844,29719600
2015-01-15,39.149784264722,39.28530913151423,38.463687809054505,38.522979736328125,32750800
2015-01-16,38.378978387151854,39.20059631591751,38.26039132489493,39.166717529296875,35695300
2015-01-20,39.21755594927021,39.51401889895251,38.5992233712498,39.29378890991211,36161900
2015-01-21,38.91262430559996,39.08203124468881,38.522990607513655,38.89568328857422,39081100
2015-01-22,39.285297148379065,39.929039261490544,39.031188504549974,39.920570373535156,35898000
2015-01-23,40.11540229160537,40.14081219625576,39.64106360740125,39.96293640136719,26211600
2015-01-26,39.81047413175061,39.92058911386341,39.16673171644058,39.81894302368164,42525500
2015-01-27,36.379989639410056,36.59174743331679,35.66848332263674,36.13434982299805,169164000
2015-01-28,36.2021224082824,36.24447333082105,34.863811284116714,34.88922119140625,84507100
2015-01-29,34.66898267229333,35.676948503268655,34.55039883702179,35.58377456665039,63585300
2015-01-30,35.194154057486166,35.219567196705,34.177715730278635,34.220069885253906,78004900
2015-02-02,34.380999865507704,35.04168323149169,34.07606808700189,34.965450286865234,50352500
2015-02-03,35.261909104400644,35.51601781343743,34.77062946658433,35.23649597167969,52082400
2015-02-04,35.524494477548735,35.75319333507928,35.03321796339174,35.43979263305664,41614800
2015-02-05,35.76166131420524,36.11741289724981,35.45672953949968,35.956478118896484,36548200
2015-02-06,36.15127945214853,36.244453369118816,35.702354104382415,35.92258071899414,34616600
2015-02-09,35.77859094912682,36.202106450161544,35.75317782187128,35.88023376464844,31381100
2015-02-10,36.20212134398014,36.22753125052265,35.72778262445475,36.083534240722656,29670700
2015-02-11,36.125888949905686,36.125888949905686,35.75319308197507,35.89719009399414,38262500
2015-02-12,36.13436474756349,36.49858856201172,36.00730872627454,36.49858856201172,33268800
2015-02-13,36.744220067829254,37.159263610839844,36.549403249310465,37.159263610839844,40264900
2015-02-17,37.50901166838834,37.53460240142098,36.84362332207818,37.17631912231445,33695700
2015-02-18,37.21897486711452,37.27868875248209,37.014239221452364,37.1336669921875,27111700
2015-02-19,36.83509551200831,37.13366492220265,36.72419690786648,37.10807418823242,27603400
2015-02-20,37.11659993996366,37.43223414937195,36.92892915114389,37.4151725769043,29721100
2015-02-23,37.27867849840656,37.69667558100299,37.23602619975657,37.66255569458008,32518800
2015-02-24,37.66256625599211,37.79052318782402,37.46635976969031,37.61138153076172,25271700
2015-02-25,37.491942686340515,37.61137042244303,37.363982538138245,37.526065826416016,29759800
2015-02-26,37.526082461678826,37.73081488456597,37.44077457367319,37.58579635620117,28957300
2015-02-27,37.64550553082068,37.70521941785624,37.244566642870915,37.406646728515625,33807700
2015-03-02,37.2531060122009,37.69669733328409,37.150739785539756,37.4322509765625,31924000
2015-03-03,37.15926132469288,37.38958770787749,36.75832244424232,36.92040252685547,31748600
2015-03-04,36.690090542589,36.860703106811336,36.57919514188387,36.73274612426758,25748700
2015-03-05,36.74125984626968,36.88628160386546,36.52799504416495,36.77538299560547,23193500
2015-03-06,36.6815392429321,36.77537625933575,35.956440350259875,36.135581970214844,36248800
2015-03-09,35.99056987223283,36.79244767855454,35.99056987223283,36.5535888671875,32108000
2015-03-10,36.12705506346116,36.43415688971029,35.85407638549805,35.85407638549805,39159700
2015-03-11,36.09293919357172,36.144120667544776,35.69200029191404,35.81142807006836,32215300
2015-03-12,35.256926854658374,35.529905449724716,34.85598811945901,34.99247741699219,59992500
2015-03-13,34.71950678859539,35.376362700620106,34.64273133773114,35.29958724975586,58007700
2015-03-16,35.37638002910678,35.5213985883505,35.214296634465114,35.453155517578125,35273500
2015-03-17,35.291055906325056,35.683465586064386,35.10338510731483,35.572566986083984,31673400
2015-03-18,35.34224695366369,36.53653127175811,35.256942325583935,36.25502014160156,44194800
2015-03-19,36.05027652780625,36.33178759587796,36.01615663659697,36.075870513916016,33879100
2015-03-20,36.30621054303906,36.664493941943945,36.246496643221576,36.57918930053711,71904500
2015-03-23,36.57918010509849,36.79244490916759,36.493872230973246,36.56211853027344,26246100
2015-03-24,36.49388676637977,36.826579472572064,36.46829602103081,36.596256256103516,25513300
2015-03-25,36.6132898851123,36.62182229724883,35.35076298433206,35.36782455444336,43469900
2015-03-26,35.16310394818518,35.49579654090274,34.90718356532904,35.154571533203125,37495600
2015-03-27,35.07778217344153,35.342231612357686,34.830397557729405,34.949825286865234,34401400
2015-03-30,35.060738673252324,35.43608687730278,34.89865856506169,34.94131088256836,35049700
2015-03-31,34.78776050162179,35.00102534678458,34.58302807259695,34.685394287109375,34887200
2015-04-01,34.63419520994832,34.77068452416258,34.386810565171295,34.73656463623047,36865300
2015-04-02,34.68539347292052,34.75363978376902,34.22474063718287,34.3697624206543,37487500
2015-04-06,34.412405997804484,35.64080999361883,34.275916664936226,35.44460678100586,39223700
2015-04-07,35.49580904086126,35.75172625967659,35.239891822045934,35.42756271362305,28809400
2015-04-08,35.36784050180013,35.56404376530546,35.0095571303982,35.333717346191406,24753400
2015-04-09,35.18869209865646,35.50432309237585,35.18869209865646,35.38489532470703,25723900
2015-04-10,35.51285467037948,35.78583334838298,35.32518060894113,35.589630126953125,28022000
2015-04-13,35.31665778149426,35.879676812600366,35.3081253658103,35.623756408691406,30276700
2015-04-14,35.65788326111036,35.854086538068806,35.30812902754732,35.52992630004883,24244400
2015-04-15,35.62374814131692,36.22089018825102,35.5555051024983,36.05027770996094,27343600
2015-04-16,35.78583940151564,36.118532018221806,35.67494077789256,35.96498107910156,22509700
2015-04-17,35.54697054075922,35.60668767059016,35.11191183886352,35.50431823730469,42387600
2015-04-20,35.598164239602376,36.82656846152203,35.55551192538572,36.604774475097656,46057700
2015-04-21,36.681544880844385,36.80950506000072,36.28060602337291,36.37444305419922,26013800
2015-04-22,36.400041235549146,36.79245101330357,36.29767502377822,36.67302322387695,25064300
2015-04-23,36.58770704520597,37.20191068498579,36.51093159023349,36.97158432006836,46309500
2015-04-24,38.950681341170316,41.0662676797316,38.94215218135236,40.835941314697266,130933700
2015-04-27,40.28998824403737,41.0577428756005,40.28145908331458,40.972434997558594,59248200
2015-04-28,40.75916361445799,41.97903841346363,40.69092057718614,41.93638610839844,60730800
2015-04-29,41.5610454037096,42.06435046355186,41.37337133775271,41.8510856628418,47804600
2015-04-30,41.54397875428164,42.26054852730023,41.45867089192097,41.492794036865234,64725500
2015-05-01,41.441610331003744,41.69752739591242,41.28805944122613,41.50985336303711,38937300
2015-05-04,41.262479998149296,41.68900967469793,41.10039989255956,41.15158462524414,34039500
2015-05-05,40.79329159270753,41.08333185733731,40.358232822844194,40.60561752319336,50369200
2015-05-06,40.580034949785215,40.750647478734834,39.25779354521146,39.47958755493164,52433000
2015-05-07,39.4710557775341,40.17056417113164,39.377218730121214,39.83787155151367,32971700
2015-05-08,40.56296903227032,40.9297847913149,40.53737829462259,40.73358154296875,35364900
2015-05-11,40.56297478411086,40.87007669608258,40.409423828125,40.409423828125,24609400
2015-05-12,39.9658272191877,40.67386800578163,39.59901145695569,40.392356872558594,29928300
2015-05-13,41.10892911228733,41.219827739512205,40.58003322378613,40.63121795654297,34184600
2015-05-14,40.9724374114417,41.64635504394387,40.9724374114417,41.56105041503906,32980900
2015-05-15,41.68899455424153,41.72311769698824,40.98948639874405,41.20275115966797,28642700
2015-05-18,40.929784933650005,41.134520598032694,40.614153902966216,40.95537567138672,24136500
2015-05-19,40.8351873071485,41.0498382014296,40.50891703075367,40.852359771728516,28574800
2015-05-20,40.689222995874744,41.152869713596964,40.586191483707374,40.852359771728516,25047900
2015-05-21,40.59476568902588,40.86951850136388,40.36294238949471,40.714969635009766,22410700
2015-05-22,40.611925291987234,40.65485479120313,40.19979620395511,40.26848602294922,25720600
2015-05-26,40.20839319376762,40.25132270272582,39.65888434304325,40.00232696533203,29581900
2015-05-27,40.19980024237086,41.0154739106577,40.028078952945556,40.87809753417969,27335600
2015-05-28,40.7836559800745,41.23013008068323,40.68920909480763,40.740726470947266,19283700
2015-05-29,40.72354195358827,40.843745853675586,40.002315277753716,40.23413848876953,36519600
2015-06-01,40.405880717223106,41.01548839846771,40.028093091980104,40.551841735839844,28837300
2015-06-02,40.294243840536254,40.6548555712418,40.02807569979342,40.2856559753418,21498300
2015-06-03,40.67203329859069,40.98971884574879,40.19980218631872,40.22555923461914,28002200
2015-06-04,40.17404738166321,40.49172967125194,39.6674713264918,39.804847717285156,27745500
2015-06-05,39.76191578677368,39.94222167458385,39.35837123045551,39.61595153808594,25438100
2015-06-08,39.75332720328093,39.86494653552109,39.212406274298395,39.26392364501953,22121600
2015-06-09,39.28967980394012,39.44422863729617,39.03209950678375,39.19523620605469,24406100
2015-06-10,39.31544628149111,40.208394508387784,39.22958398545584,40.019500732421875,28417400
2015-06-11,40.06243275877604,40.28566819186394,39.60737402480152,39.873538970947266,27347800
2015-06-12,39.6846405745693,39.89929137252727,39.409887815207995,39.46998977661133,23931000
2015-06-15,39.02351739582114,39.195238696607326,38.65431774548981,39.04927444458008,33254500
2015-06-16,38.93766754619837,39.70182741503805,38.894738026116066,39.34980010986328,27070300
2015-06-17,39.26392356943473,39.555848785670015,38.94624130554408,39.46998977661133,28704100
2015-06-18,39.684635833303936,40.18262392190816,39.641703058592675,40.11393737792969,32658300
2015-06-19,40.174053890469004,40.20839881255962,39.48717182521692,39.58161544799805,63837000
2015-06-22,39.779080500571524,40.113935162839205,39.633116280297266,39.69321823120117,20318100
2015-06-23,39.60736220680871,39.73615070755448,39.16947278846468,39.4184684753418,25896500
2015-06-24,39.21239873586848,39.71039006450215,39.109367289544856,39.186641693115234,34890900
2015-06-25,39.5215030539742,39.54726337640766,39.06644441982092,39.19523620605469,20616000
2015-06-26,39.195243950080766,39.73616169838795,38.66290751876156,38.86038589477539,49835300
2015-06-29,38.671487753729025,38.83462117772211,38.087637333222666,38.096221923828125,34081700
2015-06-30,38.388133627436,38.39672149033104,37.72700902284874,37.907318115234375,35945400
2015-07-01,38.17350158397212,38.83462651198334,37.86440387473969,38.1649169921875,28343900
2015-07-02,38.19067294740182,38.422496222676585,37.83006114718211,38.121986389160156,21752000
2015-07-06,37.74419605127567,38.19067011026895,37.735611460375026,38.11339569091797,23034000
2015-07-07,38.07045482829552,38.199246580562004,37.19467942869019,38.036109924316406,36435800
2015-07-08,38.156333383276646,38.551293430990334,37.80430612521218,37.984615325927734,39785900
2015-07-09,38.42249973887489,38.826044359651135,38.207848902344864,38.22502136230469,32424700
2015-07-10,38.645719661484456,38.75733896878115,38.26793551988633,38.30228042602539,25465800
2015-07-13,38.619965407038066,39.16947084368306,38.59420836322994,39.10078430175781,28178300
2015-07-14,39.023503187755175,39.46138923378422,38.90329930356329,39.169464111328125,22880300
2015-07-15,39.22099012098194,39.40129598706102,39.006339344608485,39.289676666259766,26629600
2015-07-16,39.50433033647687,40.08818075300681,39.46998869897776,40.06242370605469,26271700
2015-07-17,39.967970407079065,40.16544871101907,39.71897474220707,40.028072357177734,29467100
2015-07-20,40.053836020065894,40.46596511600547,39.87352687940221,40.2856559753418,30631900
2015-07-21,40.16546681549533,40.63770131528707,39.90788644535299,40.59476852416992,42781900
2015-07-22,39.01492203021281,40.29424203609192,38.80885912912631,39.10078430175781,59152400
2015-07-23,38.868967871730156,39.69322617069067,38.72300362225994,39.59019470214844,33934000
2015-07-24,39.41847970294772,39.77050694575192,39.32403281031286,39.444236755371094,32333200
2015-07-27,39.44422859100514,39.50433055109405,38.85179358070966,38.937652587890625,39701400
2015-07-28,39.135131894878214,39.186645986028104,38.45683464204281,38.9290657043457,34328900
2015-07-29,38.980587014890865,40.16545708557811,38.86037981431951,39.74474334716797,40945900
2015-07-30,39.71898729468378,40.69779780986334,39.4356499082907,40.25132369995117,39777900
2015-07-31,40.60335113660627,40.67203769794076,39.925053738627895,40.09677505493164,31201500
2015-08-03,40.33718031025065,40.35435276829581,39.88212163564401,40.191219329833984,24125900
2015-08-04,40.139692160997875,40.963950294165194,40.07959021016134,40.817989349365234,33403900
2015-08-05,41.19579923739064,41.56499903757914,40.81801484256849,40.852359771728516,26959700
2015-08-06,40.96394979125641,41.01546715218839,39.77907996761637,40.028072357177734,27368000
2015-08-07,39.830590516504884,40.16544514455301,39.718971215385395,40.131103515625,19163000
2015-08-10,40.31142514501483,40.775071707970866,40.21697825900768,40.6376953125,23079900
2015-08-11,40.199793990908894,40.30282543841721,39.40988076782736,39.8477668762207,29237400
2015-08-12,39.65886927062344,40.26847985726808,39.24674024569417,40.131103515625,30181400
2015-08-13,40.40586102763908,40.44020266067111,39.916457547342205,40.122520446777344,22627200
2015-08-14,39.95081026171473,40.44021387775974,39.94222566990325,40.35435485839844,21473400
2015-08-17,40.19121840774258,40.74072395133479,39.985152191239806,40.62910461425781,21099700
2015-08-18,40.48218268099638,40.99209928819262,40.361186078765094,40.853816986083984,23574100
2015-08-19,40.430328819314,40.68961104132923,40.01548187976419,40.28340530395508,31485500
2015-08-20,39.816697538451876,40.16240493754763,39.46234893798828,39.46234893798828,36238200
2015-08-21,39.1512147472831,39.306782754373664,37.22390365600586,37.22390365600586,70053100
2015-08-24,34.959518425089506,36.895470096624685,34.32860539750559,36.02256393432617,88753700
2015-08-25,36.79177391352812,37.37083338452901,34.90767527753021,34.9768180847168,70616600
2015-08-26,36.307775457891836,37.02511707454518,35.486726249118604,36.91276168823242,63408000
2015-08-27,37.362194110129316,37.98446627418885,37.102915140741494,37.941253662109375,50943200
2015-08-28,37.50911498041677,38.15731394922413,37.50047048122949,37.9671745300293,28246700
2015-08-31,37.64737961423094,37.96715669885855,37.24981526109216,37.61280822753906,34441700
2015-09-01,36.446069136971964,36.80906230742876,36.00529524810737,36.143577575683594,49688900
2015-09-02,36.61026803138796,37.49181877767716,36.19542120317708,37.47453308105469,37671500
2015-09-03,37.51774747354606,38.01037831173041,37.40539208856604,37.59553146362305,28285200
2015-09-04,36.99919724907454,37.197977864758144,36.47199490895655,36.82634353637695,37138800
2015-09-08,37.42266647372852,38.02765251401504,37.33624130950559,37.93258285522461,32469800
2015-09-09,38.20916550297259,38.37337800874054,37.08562134935983,37.22390365600586,33469500
2015-09-10,37.267112820049825,37.84617219232643,36.94733563360719,37.414039611816406,31366600
2015-09-11,37.28439679725809,37.67331676114037,37.111543113653774,37.5782470703125,27132500
2015-09-14,37.53503036210352,37.543671561727784,37.042399560784666,37.197967529296875,23656000
2015-09-15,37.327609551442016,38.278303166822504,37.2325431571228,38.010379791259766,28882200
2015-09-16,38.001739558972986,38.35608813727681,37.88938416675668,38.28694534301758,23372200
2015-09-17,38.278300031111975,38.89192742816473,38.09680516103882,38.24372863769531,32768200
2015-09-18,37.59553276836391,38.01902412834901,37.448609280291606,37.5782470703125,63143700
2015-09-21,37.699246492712675,38.43387387900795,37.68196079336231,38.122737884521484,26177200
2015-09-22,37.49183524327871,38.0708914983478,37.431336926985246,37.941253662109375,28085900
2015-09-23,37.96716318019889,38.17458494194113,37.604170151785766,37.915306091308594,17145200
2015-09-24,37.55231378113255,38.14001422722799,37.396745822053795,37.94987487792969,27905600
2015-09-25,38.44250727218174,38.65857352481108,37.82023540959827,37.97580337524414,29384600
2015-09-28,37.880743590025624,38.10545108125046,37.34489681641803,37.414039611816406,27613800
2015-09-29,37.48317998476141,37.65603368037997,37.20661539053574,37.543678283691406,32763600
2015-09-30,37.92394680614435,38.28693650145076,37.733807462750065,38.25236511230469,34958900
2015-10-01,38.67586337774379,38.67586337774379,37.81159827433052,38.554866790771484,28657900
2015-10-02,38.26101197516493,39.38455581665039,37.95851724678582,39.38455581665039,41839000
2015-10-05,39.54012786557344,40.525389540619884,39.49691527045748,40.300682067871094,34369300
2015-10-06,40.04140627399874,40.77603033809165,39.9463365792999,40.404396057128906,27017200
2015-10-07,40.706883997985216,40.92295026824397,39.71298113294074,40.44760513305664,27711500
2015-10-08,40.24018117306445,41.06987481451086,40.188324084133,41.009376525878906,33772700
2015-10-09,41.00938066865189,41.087164661452086,40.55131791242419,40.71553039550781,28600600
2015-10-12,40.6031786253539,40.68096262508659,40.18833172574956,40.62046432495117,19769100
2015-10-13,40.24018485207538,40.73281570278044,40.24018485207538,40.525390625,19987800
2015-10-14,40.31797949735583,40.70689626347933,40.2142652826063,40.34390640258789,24697800
2015-10-15,40.62910461425781,40.64639031346706,40.21425772396591,40.62910461425781,27189400
2015-10-16,40.637745467053776,41.087163715450714,40.534034578011315,41.06123352050781,26450300
2015-10-19,40.98344592658304,41.381010343963126,40.637741894529626,41.15629959106445,29387600
2015-10-20,41.000733026937965,41.320513471098906,40.637743286313594,41.28594207763672,30802200
2015-10-21,41.415576810036406,41.47607839259778,40.71552427694551,40.79330825805664,25144300
2015-10-22,41.078529420790915,42.30578788409328,40.69825386858018,41.51066207885742,56637100
2015-10-23,45.20106799701695,46.730817752528104,45.15785539764522,45.69369888305664,135227100
2015-10-26,45.39984598582447,46.9468813516706,45.37391908707157,46.886383056640625,64633300
2015-10-27,46.66168318793146,46.99010161541866,46.30733456055081,46.402400970458984,50999900
2015-10-28,46.27276249995171,46.653038024902344,45.6850618633578,46.653038024902344,47000800
2015-10-29,46.272759313489324,46.52339701119987,45.99619471495013,46.117191314697266,30202100
2015-10-30,46.0826194129545,46.661678801454876,45.47763312390829,45.49491882324219,46619800
2015-11-02,45.67639600573231,46.11717292552047,45.477615485852674,46.01346206665039,30285000
2015-11-03,45.74555278054414,47.007379056629745,45.71962588211669,46.799957275390625,36596900
2015-11-04,46.825882355670984,47.43086857179604,46.72217146907829,47.016021728515625,37087800
2015-11-05,47.093807024265026,47.27530190506507,46.67031567215518,46.99873733520508,31468500
2015-11-06,46.748092992946646,47.51728829916926,46.63573762218885,47.465431213378906,32851200
2015-11-09,47.14565658316531,47.422221128168104,46.29003605234712,46.80859375,32513100
2015-11-10,46.73080812772603,46.78266521443748,46.03939678945332,46.24681854248047,55283700
2015-11-11,46.41103333238748,46.84316585262031,46.20360827203555,46.367820739746094,36516300
2015-11-12,46.22088953060816,46.653022009350096,45.97025190167964,46.08260726928711,35361100
2015-11-13,45.86654714212676,46.05668651312226,45.39984321163396,45.66776657104492,36848200
2015-11-16,45.875200529583864,46.575253264081354,45.676416623068754,46.47154235839844,32165200
2015-11-17,46.262718631581805,46.57595179910934,45.984289886920095,46.08870315551758,31551300
2015-11-18,46.11480206006409,46.967490454576954,46.09739984967008,46.85437774658203,29710000
2015-11-19,46.976193037433454,47.55915214728017,46.793471488570056,46.93268585205078,28149200
2015-11-20,47.20240269265964,47.245906547444115,46.349714526184776,47.15019607543945,37147600
2015-11-23,47.20240269265964,47.385120874233245,46.76735750655218,47.15019607543945,28235900
2015-11-24,46.915291555577774,47.36773914299381,46.61946388752058,47.202423095703125,24600000
2015-11-25,47.06320944639617,47.185021622007284,46.715171813964844,46.715171813964844,21005100
2015-11-27,46.81086801905833,47.05449561493802,46.8021685745167,46.923980712890625,9009100
2015-11-30,47.45474041384175,47.820176859515044,46.984890710148555,47.28942108154297,56241400
2015-12-01,47.34162742623196,48.05510142275575,47.24591693318792,48.04640197753906,39952800
2015-12-02,48.133414971286726,48.69027246176499,47.9071928604546,48.03770446777344,47274900
2015-12-03,48.2813264588961,48.524950752686145,46.923983995354284,47.15890884399414,38627800
2015-12-04,47.08928887853765,48.92518005066771,47.07188667321755,48.646751403808594,43963700
2015-12-07,48.54235883582514,48.698975420535916,48.1073135047691,48.55976104736328,30709800
2015-12-08,48.26392965460099,48.81208437701712,47.846286538846236,48.5423583984375,32878000
2015-12-09,48.17691260169629,48.611957874687555,47.428634201090176,47.83757781982422,36373200
2015-12-10,48.19431089814315,48.42923572478136,47.86367558815623,48.089900970458984,31775800
2015-12-11,47.6026625373307,47.941997387374016,46.993598368957535,47.037105560302734,39549500
2015-12-14,47.272031451457416,48.037708912137944,46.70647114335377,47.976802825927734,46768900
2015-12-15,48.42923249458878,48.63805565516054,47.93328122225384,48.02899169921875,39843000
2015-12-16,48.324842114227586,48.94260576371998,47.64616905729365,48.83819580078125,37503300
2015-12-17,49.038309994229195,49.412449242534144,48.316133155225366,48.46405029296875,41280900
2015-12-18,48.52496317909956,48.72508366012197,47.01100376209872,47.09801483154297,84684200
2015-12-21,47.75057708150974,48.159517440963036,47.185016816194576,47.70707321166992,37246300
2015-12-22,47.84628175004566,48.27262426925344,47.41993591170578,48.15951156616211,28322200
2015-12-23,48.46405622418865,48.62067282725726,48.237830766808294,48.56846618652344,27279800
2015-12-24,48.60325801676235,48.69026574296866,48.22911881963759,48.43793869018555,9558500
2015-12-28,48.15951181130297,48.68156814575195,47.837579229161975,48.68156814575195,22458300
2015-12-29,48.97740262075237,49.46465125190879,48.77728217307993,49.2036247253418,27731400
2015-12-30,49.13399962214319,49.403725487161,48.97738310478335,48.99478530883789,21704500
2015-12-31,48.75988074226466,48.8903923480702,48.22042215037802,48.27262878417969,27334100
2016-01-04,47.263318542020116,47.68096160888672,46.4541340627373,47.68096160888672,53778000
2016-01-05,47.794088567077026,48.194329543991586,47.45475368146977,47.89849853515625,34079700
2016-01-06,47.26332146844097,47.33293031012809,46.67165959062945,47.02839660644531,39518900
2016-01-07,45.85378957893168,46.54116216381462,45.30563140068412,45.39263916015625,56564900
2016-01-08,45.5666423784556,46.358424667116886,45.375224709406275,45.53184127807617,48754000
2016-01-11,45.68846319247221,45.98429417616083,44.77486858138855,45.50574493408203,36943800
2016-01-12,45.90597959474529,46.20181053794946,45.2969188167946,45.92338180541992,36095500
2016-01-13,46.810876069445214,47.04580094205306,44.6356494554456,44.931480407714844,66883600
2016-01-14,45.24471293451707,46.480240040699194,44.87057369664336,46.210514068603516,52381900
2016-01-15,44.644342068862265,45.218601631611,43.800353272424104,44.36591339111328,71820700
2016-01-19,44.79226103883548,44.96627981236325,43.55673405313917,43.99177932739258,43564500
2016-01-20,43.48712382924489,44.70525188596042,42.72144324161992,44.191898345947266,63273000
2016-01-21,44.37463161306455,44.879285879495036,43.76556737807823,43.922183990478516,40191200
2016-01-22,44.73135911191153,45.5318442166797,44.600844189885876,45.497039794921875,37555800
2016-01-25,45.1925042428421,45.81027108692258,44.94018049320426,45.06199264526367,34707700
2016-01-26,45.062007018855546,45.62756409369092,44.853183749335855,45.39263916015625,28900800
2016-01-27,45.25341294007102,45.41873228669786,44.392025061110026,44.566043853759766,36775200
2016-01-28,45.12289438114057,45.427424731997796,44.59213863896206,45.296913146972656,62513800
2016-01-29,47.6200440755762,47.93327713012695,46.984878523462186,47.93327713012695,83611700
2016-02-01,47.750570623828374,47.93328884392471,47.419935283321635,47.60265350341797,44208500
2016-02-02,47.13281165536071,47.21111995117511,45.81027671136841,46.11480712890625,56313800
2016-02-03,46.33231361243568,46.454125736881515,44.60083226302728,45.383914947509766,57559800
2016-02-04,45.33172056507073,45.949487435861485,44.69655480248968,45.244712829589844,46987100
2016-02-05,45.19250171575843,45.24470834334983,43.121688608280174,43.643741607666016,62009000
2016-02-08,43.11298110769561,43.130383314980925,41.92965756534757,42.99116897583008,59290500
2016-02-09,42.65183731441026,43.71334880161732,42.3473036436035,42.87805938720703,46740500
2016-02-10,43.40884061821918,43.84388612983754,43.08690786897907,43.25222396850586,38237000
2016-02-11,42.35601216947453,43.60024203694924,42.20809503630158,43.23480224609375,48878600
2016-02-12,43.72204115839288,44.096180283587245,43.28699597273723,43.9395637512207,34243300
2016-02-16,44.60558796094063,44.772090911865234,43.93080756567327,44.772090911865234,37291200
2016-02-17,45.12262731225474,46.244338440543714,45.087573003755004,45.937618255615234,40789000
2016-02-18,45.85874735127833,46.40207571704371,45.65718676525702,45.73605728149414,27176000
2016-02-19,45.54327145051562,45.814933998685966,45.157680722073,45.41181945800781,33559100
2016-02-22,45.814943251613,46.44590759434112,45.814943251613,46.139190673828125,25008300
2016-02-23,45.86751908832155,45.89380815171502,44.67569918435571,44.85096740722656,28895300
2016-02-24,44.4215533725509,45.13138805809629,43.99214980483399,45.00870132446289,33014500
2016-02-25,45.332944433927274,45.657188415527344,44.351447240915796,45.657188415527344,26939500
2016-02-26,46.095357782361944,46.16546639705181,44.780851343591586,44.956119537353516,35975900
2016-02-29,44.99995027434034,45.26285432132012,44.395278320807265,44.58807373046875,31654000
2016-03-01,44.66693833227286,46.0866046194193,44.623118768297964,46.077842712402344,33024500
2016-03-02,45.928857389321855,46.41084244173046,45.70977297068495,46.40208053588867,29289900
2016-03-03,46.41960971240234,46.41960971240234,45.37676569477196,45.876277923583984,24427800
2016-03-04,45.920103113281506,45.96391933569653,45.315427877878264,45.595855712890625,33034200
2016-03-07,45.18398576885616,45.394305004160444,44.32517498160839,44.71952438354492,38407800
2016-03-08,44.51795877788997,45.68348963573722,44.34269055242139,45.262847900390625,33835100
2016-03-09,45.473157925440816,46.31444122646187,45.44686886695974,46.30567932128906,28251600
2016-03-10,46.384550850286864,46.393312755650555,44.833432849818195,45.613372802734375,38387800
2016-03-11,46.44590073506421,46.50724411010742,45.90257226626863,46.50724411010742,32275700
2016-03-14,46.1917532202325,46.96293122967956,46.12164795189872,46.59486770629883,24083600
2016-03-15,46.226816371407864,46.96294021606445,46.21805446480052,46.96294021606445,21104800
2016-03-16,46.84024636107277,47.848032616218475,46.796430148755604,47.62894821166992,31691700
2016-03-17,47.50626686535182,48.19857446451693,47.32223674698026,47.90061950683594,28223900
2016-03-18,48.12846893145987,48.1722884945196,46.84025467721606,46.875308990478516,67625500
2016-03-21,46.66498785047973,47.26089782192293,46.38456002191392,47.199554443359375,23925700
2016-03-22,46.980453367027415,47.54130882567292,46.8490014063614,47.383567810058594,23124100
2016-03-23,47.418619476665484,47.532544280047155,47.09437555946138,47.29593276977539,20129000
2016-03-24,47.182027312152776,47.61143430529726,47.085629619224626,47.50627136230469,19950000
2016-03-28,47.50626157461438,47.576370188831646,46.73508687600069,46.91911697387695,17025100
2016-03-29,47.024277454924224,48.075883287631044,46.840247353515295,47.94443130493164,23924300
2016-03-30,48.13723389744829,48.75943291085361,48.110944834138095,48.242393493652344,23008300
2016-03-31,48.15475394166569,48.715609495868385,48.075883420420766,48.40012741088867,26360500
2016-04-01,48.24238977916375,48.73314009526884,47.82174808377212,48.69808578491211,24399200
2016-04-04,48.575408935546875,48.77696624670703,48.19858337986718,48.575408935546875,18928800
2016-04-05,48.36507865032464,48.46147633656525,47.72535250150255,47.81298828125,19272300
2016-04-06,47.6377261586156,48.3738500878445,47.506274143660455,48.303741455078125,21188700
2016-04-07,48.084655429506476,48.119709744750494,47.52379975745622,47.72535705566406,19225100
2016-04-08,47.90938443097753,48.44395100722199,47.60266754770447,47.69029998779297,22167200
2016-04-11,47.751651298982736,48.33003415088599,47.5851449666555,47.593910217285156,21414200
2016-04-12,47.64648031541437,48.00577864248474,47.111913777903155,47.8918571472168,24944300
2016-04-13,48.30373751150215,48.584165333745965,48.10218022319962,48.50529479980469,20818000
2016-04-14,48.39137802247231,48.70686018905567,48.25992600540802,48.51406478881836,20877100
2016-04-15,48.46147968479154,49.004808184911845,48.29497670621238,48.7681999206543,28793800
2016-04-18,48.62798576956646,49.59195600795379,48.38260891347829,49.478031158447266,23786000
2016-04-19,49.62700188852007,49.749688624233144,48.794480455229184,49.41667938232422,29596800
2016-04-20,49.32905139559985,49.513081515736566,48.62798188343868,48.715614318847656,36195700
2016-04-21,48.89965301323989,49.276478568906164,48.56664368296101,48.88212585449219,38909100
2016-04-22,45.49069104479752,45.94638706168857,44.49166657594386,45.376766204833984,126834100
2016-04-25,45.376772937954534,45.68349319214321,45.245324265842484,45.66596603393555,33226900
2016-04-26,45.79741994347498,45.87629049294735,44.77210614329817,45.07882308959961,33532600
2016-04-27,45.11386340875659,45.13139056352905,44.2988690981335,44.64064025878906,43369300
2016-04-28,44.36020885243747,44.49166083103444,43.4312931259562,43.729248046875,43134800
2016-04-29,43.24726117954673,44.03596639241693,43.24726117954673,43.70295715332031,48411700
2016-05-02,43.81688533778424,44.474138617851004,43.62408997254981,44.3514518737793,33114500
2016-05-03,44.114830872424136,44.17617423136199,43.466339636986696,43.624080657958984,26460200
2016-05-04,43.6766680938789,43.86946344435002,43.34365885478229,43.70295715332031,24257600
2016-05-05,43.702961740968185,44.079787233011395,43.58027499341238,43.764305114746094,25390700
2016-05-06,43.7467659394277,44.15864562988281,43.51891966270583,44.15864562988281,24787300
2016-05-09,44.246298490076484,44.33393093585636,43.81689148264263,43.87823486328125,17951600
2016-05-10,44.106067471179095,44.78084439659366,43.98337741450513,44.71073913574219,22891000
2016-05-11,44.80716538071957,45.3767831067823,44.69324049832127,44.737056732177734,24039100
2016-05-12,44.8684932306733,45.40305979021283,44.62311638875945,45.14015579223633,24102800
2016-05-13,45.07881882139283,45.48193678217422,44.72828567923278,44.76333999633789,22592300
2016-05-16,44.51795924639618,45.53451095325613,44.47414302530875,45.420589447021484,20032000
2016-05-17,45.641209460985365,45.65003265272134,44.441053404158424,44.573421478271484,27803500
2016-05-18,44.5469305051236,45.129358547965786,44.38808618740807,44.8381462097168,24907500
2016-05-19,44.53812170429638,44.67048976758926,43.96451666432468,44.4057502746582,23842400
2016-05-20,44.54694539123905,45.19997262299455,44.47634976329932,44.67049026489258,23905800
2016-05-23,44.652839722327435,44.72343871535714,44.10571099172829,44.14983367919922,26118700
2016-05-24,44.74107513573039,45.632365275980455,44.47633572342255,45.52647018432617,34757900
2016-05-25,45.81769230007078,46.320701666986295,45.70297399562135,45.99418640136719,24040200
2016-05-26,45.826521113919384,45.87064379983061,45.3235150885721,45.791221618652344,24335200
2016-05-27,45.817685222297015,46.17067337036133,45.685317191531254,46.17067337036133,17721400
2016-05-31,46.117739924366965,46.77076721191406,45.9588989063456,46.77076721191406,37653100
2016-06-01,46.276581959706284,46.72664214801594,46.276581959706284,46.63839340209961,25324800
2016-06-02,46.453065168891634,46.54131389406983,45.74709219918934,46.31187057495117,22840800
2016-06-03,46.22362814140441,46.25892426736477,45.535301506831985,45.702972412109375,23368300
2016-06-06,45.87947635698755,46.197161756902695,45.791227607278685,46.003021240234375,18243300
2016-06-07,46.10008784711201,46.53249488843842,45.976539611816406,45.976539611816406,20866800
2016-06-08,45.90594949314754,46.2765841444577,45.77357805119642,45.92359924316406,21149400
2016-06-09,45.88829026107473,45.88829026107473,45.438233510859796,45.55295181274414,20305700
2016-06-10,45.04994031303784,45.93240732550222,45.04111712410477,45.42940139770508,25833200
2016-06-13,43.75271547094162,44.75872731221375,43.293832227031714,44.24689483642578,83217800
2016-06-14,44.03510005096453,44.21159073947012,43.74388435551093,43.97332763671875,42577100
2016-06-15,43.929218482056385,44.22925748071498,43.849796295166016,43.849796295166016,33757600
2016-06-16,43.69976115074866,44.53810537630842,43.6909345966245,44.467506408691406,31188600
2016-06-17,44.4851687952502,44.5028185421713,43.964513043285486,44.23807907104492,45710500
2016-06-20,44.68812937594084,44.85580026428296,44.14982395486364,44.185123443603516,35607900
2016-06-21,44.299863056515335,45.38529752768117,44.264563553466225,45.17350387573242,34097800
2016-06-22,45.0764238264353,45.411758921069854,44.961702153878726,44.99700164794922,28816800
2016-06-23,45.25291317585579,45.941239823734136,45.138194873163506,45.808868408203125,29028800
2016-06-24,43.955677894599376,44.952863076763535,43.69976168338453,43.97332763671875,133503000
2016-06-27,43.32914363353915,43.37326969217582,42.393730438124955,42.737892150878906,50216300
2016-06-28,43.17029374620295,43.65565339858261,42.949676946519546,43.62917709350586,38140700
2016-06-29,44.04394016903352,44.758739851083895,43.946868233235215,44.59989547729492,31304000
2016-06-30,44.75874187074131,45.270571146665844,44.56459799038431,45.15584945678711,28527800
2016-07-01,45.1205378709115,45.64119352654548,45.06758863994479,45.147010803222656,21400400
2016-07-05,44.85581381091981,45.25292139696561,44.776391620441544,45.15584945678711,24806400
2016-07-06,44.81167377900772,45.48235059308425,44.46751218304362,45.341156005859375,28167500
2016-07-07,45.37645212790722,45.5441230145986,45.06759002033546,45.341156005859375,19585200
2016-07-08,45.650031945109454,46.205987273534156,45.49118756555954,46.153038024902344,28391000
2016-07-11,46.32952100560613,46.62073675348683,46.303048070833235,46.40894317626953,22269200
2016-07-12,46.71781862514389,47.123756150038695,46.58545054718865,46.956085205078125,27317600
2016-07-13,47.26493598169941,47.52967542103214,46.92959756316082,47.22080993652344,25356800
2016-07-14,47.51203535366421,47.6444067834648,47.28259535720119,47.423789978027344,24545500
2016-07-15,47.60909790208675,47.65322058120783,46.956070805523005,47.38848114013672,32024400
2016-07-18,47.38848377259037,47.953262175941035,47.2561123615292,47.617923736572266,31433900
2016-07-19,47.397317993777826,47.56498893565892,46.70899457528459,46.850189208984375,53336500
2016-07-20,49.55052725076135,50.159428316239925,49.00339524443539,49.3387336730957,89893300
2016-07-21,49.400524546244036,49.62114139578944,49.206380641413375,49.24168014526367,32776700
2016-07-22,49.488754674447755,49.974110887452554,49.22401186158632,49.92116165161133,32157200
2016-07-25,49.83292268550359,50.071189227843504,49.64760201945357,50.06236267089844,25610600
2016-07-26,49.87704642758634,50.55654657390784,49.868219870454325,50.088836669921875,28079000
2016-07-27,49.95646866247049,50.124136218357506,49.515235063072375,49.58583068847656,32327500
2016-07-28,49.41816778614675,49.74467973787133,49.17107802444659,49.603485107421875,37550400
2016-07-29,49.64760390251157,50.088837508836704,49.46228659577788,50.01824188232422,30558700
2016-08-01,49.94764287234164,50.0800143007319,49.54170876258456,49.929996490478516,26003400
2016-08-02,50.168259675428565,50.21238572912216,49.691729939183205,49.929996490478516,35122000
2016-08-03,50.01824217668568,50.397703349666074,49.85057461717969,50.2741584777832,22075600
2016-08-04,50.12412733039808,50.75950467809737,50.00940567232024,50.64478302001953,26587700
2016-08-05,50.87423396119978,51.368413424504915,50.697739853014326,51.147796630859375,29335200
2016-08-08,51.23604202270508,51.26251495898357,50.98894894084115,51.23604202270508,19473500
2016-08-09,51.333116132255924,51.6243319282095,51.20074807019588,51.35959243774414,16920700
2016-08-10,51.32428566782813,51.4654802671564,51.02424672346244,51.200740814208984,15756900
2016-08-11,51.20956748115753,51.580205433527055,51.20956748115753,51.44783401489258,18162300
2016-08-12,51.209572026269406,51.35076664771692,50.847760598413565,51.130149841308594,21655200
2016-08-15,51.191918095248134,51.62432848167104,51.1477954108405,51.28899002075195,19283900
2016-08-16,51.15578940232534,51.16466758363606,50.85388042787171,51.00483322143555,20523500
2016-08-17,51.093637037842264,51.21795191247561,50.818365967349635,51.11139678955078,18856400
2016-08-18,50.98707724705758,51.23571037740618,50.85388419357823,51.14691162109375,14214300
2016-08-19,50.995960290680586,51.262349792666974,50.79172822624681,51.1646728515625,17271000
2016-08-22,51.14690705343793,51.28010348234841,50.84499808358994,51.20906448364258,15221900
2016-08-23,51.41331195998687,51.66194173907196,51.36891088172737,51.4044303894043,18732400
2016-08-24,51.32451760921881,51.5376312863002,51.25348197507634,51.45771408081055,18151500
2016-08-25,51.39554915135319,51.759615615085934,51.306750387438804,51.65305709838867,18552600
2016-08-26,51.75073174814263,52.12367976537725,51.22683091994313,51.52873992919922,20971200
2016-08-29,51.661939433325855,52.03488408530844,51.59090042114258,51.59090042114258,16417200
2016-08-30,51.48434758801403,51.67081992232785,51.155800610319204,51.4044303894043,16930200
2016-08-31,51.19131804225968,51.32451110965732,50.88052744367875,51.02260208129883,20860300
2016-09-01,50.623012182010456,51.342266884603006,50.623012182010456,51.13803482055664,26075400
2016-09-02,51.20906448364258,51.67080781325279,50.98707269367571,51.20906448364258,18900500
2016-09-06,51.30673738634698,51.32449713462955,50.800596415933484,51.155784606933594,16278400
2016-09-07,51.031471335491304,51.360018220571895,50.978192088994824,51.2001838684082,17493400
2016-09-08,51.1735658497829,51.315640508393805,50.77397981390001,50.9959716796875,20146100
2016-09-09,50.42767382451444,51.07588967615168,49.91265106201172,49.91265106201172,35113900
2016-09-12,49.726166249256536,50.80060581418395,49.379859561992845,50.658531188964844,29303000
2016-09-13,50.17015847897969,50.30335494491656,49.7705724684959,50.19679641723633,30130200
2016-09-14,50.072467929987965,50.28558154017144,49.75279920837571,49.95703125,24062500
2016-09-15,49.85935745549456,50.924915339056405,49.70840127668356,50.782840728759766,26847000
2016-09-16,51.17355675937142,51.17355675937142,50.39214458215705,50.83612823486328,44607000
2016-09-19,50.85388040989378,51.28010424650248,50.48093243578245,50.551971435546875,20937100
2016-09-20,50.9249228899914,50.9249228899914,50.39214386921223,50.4454231262207,17384000
2016-09-21,51.06699439642658,51.36890339301385,50.68517160020633,51.28898620605469,33707300
2016-09-22,51.431065274056536,51.50210428519421,51.1735573269987,51.34226989746094,19822200
2016-09-23,51.38667614403574,51.42219565552023,50.95157398399542,50.9959716796875,19955300
2016-09-26,50.685183073428924,50.73845895191056,50.46319121355019,50.52534866333008,21688700
2016-09-27,50.55198688103688,51.55539104166756,50.32999501993531,51.45771408081055,28065100
2016-09-28,51.395546870228976,51.55538125085434,51.209071167948494,51.52873992919922,20536400
2016-09-29,51.33338864659436,51.653054015628385,50.800606256885075,50.969322204589844,25463500
2016-09-30,51.12027368786312,51.29786781316178,50.91604162933383,51.14691162109375,29910800
2016-10-03,50.978197623946905,51.10251249194375,50.66741045395479,50.98707580566406,19189500
2016-10-04,50.85388937026842,51.14691682761277,50.587499848866315,50.82725143432617,20085900
2016-10-05,50.87165067682321,51.466587179878125,50.84500935274086,51.182437896728516,16726400
2016-10-06,51.2712287902832,51.37778390826735,50.862761294579435,51.2712287902832,16212600
2016-10-07,51.36890253601461,51.484339223546705,50.98707635883826,51.32450485229492,20089000
2016-10-10,51.42218385226943,51.848407730268356,51.38666434893794,51.537620544433594,18196500
2016-10-11,51.40441841905477,51.519855098460134,50.5164512578693,50.782840728759766,26497400
2016-10-12,50.71181106567383,50.85388569263555,50.08135512023907,50.71181106567383,22177500
2016-10-13,50.34773654197396,50.88051546074217,50.01030808684703,50.543087005615234,25313700
2016-10-14,50.72068631890995,51.2712284305047,50.72068631890995,50.98707580566406,27402500
2016-10-17,50.933797436347305,51.02259279845734,50.49869203242592,50.80948257446289,23830000
2016-10-18,51.08474719466204,51.4576951454859,50.978192088994824,51.2001838684082,19149500
2016-10-19,51.03147526587641,51.3600221762613,50.969317833839426,51.08475112915039,22878400
2016-10-20,51.05812006121639,51.075879813803816,50.31222738917687,50.83612823486328,49455600
2016-10-21,53.526670242288134,53.67762645169829,52.825178617125424,52.976131439208984,80032200
2016-10-24,53.22476888814422,54.166015625,53.21589070387551,54.166015625,54067000
2016-10-25,54.032801500532116,54.494544840204995,53.98840381903637,54.15711975097656,35137200
2016-10-26,53.99729012678499,54.34359681510164,53.69538112386062,53.83745574951172,29911600
2016-10-27,53.81969025347312,54.01504411313974,53.35794692255942,53.366825103759766,28479900
2016-10-28,53.28690105689876,53.73976614825418,52.905078342620826,53.1625862121582,33574700
2016-10-31,53.42011438182421,53.650984396960745,53.207000732421875,53.207000732421875,26434700
2016-11-01,53.25140099875808,53.29579868707135,52.61206344760223,53.10044479370117,24533000
2016-11-02,53.11819538427724,53.2158723141143,52.65645205334583,52.771888732910156,22147000
2016-11-03,52.86070266554008,52.95837962969355,52.48775795222,52.57655334472656,21600400
2016-11-04,52.07928104768071,52.638697981464496,51.96384435566486,52.1325569152832,28697000
2016-11-07,53.08267960656511,53.73977684324115,53.08267960656511,53.650978088378906,31664800
2016-11-08,53.76641678376703,53.97064884658735,53.41123191303326,53.69538116455078,22935400
2016-11-09,53.27803659928572,53.80193742800509,52.56766345542718,53.42898941040039,49632500
2016-11-10,53.70427258339139,53.71315415506142,51.173566629771784,52.12369155883789,57822400
2016-11-11,51.7063380839775,52.49662847891932,51.51098418416659,52.407833099365234,38767800
2016-11-14,52.407829751150004,52.461109007874526,50.86276517940265,51.60865783691406,41328400
2016-11-15,52.145049393840154,53.182050035728494,52.136107822240476,52.62778854370117,35904100
2016-11-16,52.690354790688794,53.33401140169158,52.57414166608746,53.3250732421875,27332500
2016-11-17,54.00448649365631,54.4872289572024,53.61114267717969,54.21009826660156,32132700
2016-11-18,54.33526096864403,54.657089325096486,53.90615763011082,53.95085525512695,27686300
2016-11-21,54.08494430015537,54.50510942152287,54.013425381535484,54.40677261352539,19652600
2016-11-22,54.51404742091295,54.7643568149269,54.36207483460727,54.63920211791992,23206700
2016-11-23,54.540856942159095,54.62131400792066,53.86144437255747,53.995540618896484,21848900
2016-11-25,53.90615882209393,54.11177062988281,53.75418621163659,54.11177062988281,8409600
2016-11-28,53.941913508228154,54.54981071662396,53.82569696274396,54.183284759521484,20732600
2016-11-29,54.21903339698765,54.898445982975474,54.10281687470485,54.61237716674805,22366700
2016-11-30,54.40676966091684,54.6928384994522,53.8346319838461,53.87038803100586,34655400
2016-12-01,53.73629949159793,53.77205895183566,52.69035744600836,52.92279052734375,34542100
2016-12-02,52.81551094308794,53.16415712442485,52.56519815350003,52.96748352050781,25515700
2016-12-05,53.369770150680324,54.16539933414374,53.244615458028946,53.834632873535156,23552700
2016-12-06,54.022364984214086,54.049182872615084,53.45916545632576,53.59326171875,19907000
2016-12-07,53.64689572154167,54.87163154123489,53.45916368852341,54.86268997192383,30809000
2016-12-08,54.80011399022455,55.050426784015926,54.38889045713746,54.540863037109375,21220800
2016-12-09,54.692833058209274,55.416946651954675,54.64813544604926,55.39906692504883,27349400
2016-12-12,55.264971272498336,55.69407449222423,55.17557604721724,55.577857971191406,20198100
2016-12-13,55.87287578811385,56.69532288281423,55.64044612532757,56.301979064941406,35718900
2016-12-14,56.319870945408326,56.72215641991762,55.899705737564126,56.0338020324707,30352700
2016-12-15,56.05167194365704,56.45395734767233,55.69408416004127,55.94439697265625,27669900
2016-12-16,56.27517502687397,56.27517502687397,55.533181416879806,55.694095611572266,42453100
2016-12-19,55.92650947787275,57.00820742832818,55.80135138383672,56.87411117553711,34338200
2016-12-20,56.936697539121795,57.03503435205555,56.34668007172918,56.80260467529297,26028400
2016-12-21,56.70426786235921,56.945639109503,56.42713715411045,56.80260467529297,17096300
2016-12-22,57.07079731930696,57.30322701034887,56.68639161433717,56.811546325683594,22176600
2016-12-23,56.72214060168353,56.80259767414814,56.141061366082525,56.53440856933594,12403800
2016-12-27,56.50759019415168,57.27640150186145,56.50759019415168,56.570167541503906,11763200
2016-12-28,56.67743512603693,56.67743512603693,56.167874874495396,56.310909271240234,14653300
2016-12-29,56.194709287742974,56.49865789650768,56.078492740512644,56.23046875,10250600
2016-12-30,56.284096281864095,56.310917579729846,55.452707662425794,55.55104446411133,25579900
2017-01-03,56.1321290244601,56.17682664485961,55.54211156864097,55.94439697265625,20694100
2017-01-04,55.85500980626472,56.0963810983034,55.533181416879806,55.694095611572266,21340000
2017-01-05,55.59575878034792,56.01592400095717,55.45272431953358,55.694095611572266,24876000
2017-01-06,55.694080211757914,56.45395334551979,55.46165055603203,56.176822662353516,19922900
2017-01-09,56.10529511901874,56.39136732776615,55.90862495140431,55.99802017211914,20382700
2017-01-10,56.07848893956359,56.382437527726935,55.67620354196361,55.98015213012695,18593000
2017-01-11,55.971209461798864,56.52546740373021,55.81029531572049,56.489707946777344,21517300
2017-01-12,56.37349969436343,56.67744828428711,55.38119684460643,55.971214294433594,20968200
2017-01-13,55.98015115604079,56.20364266079526,55.738779921680795,56.05167007446289,19422300
2017-01-17,56.03378879863665,56.051668527748795,55.45270953822569,55.89969253540039,20664000
2017-01-18,56.02483632208407,56.05165761563555,55.53315580295399,55.87286376953125,19670100
2017-01-19,55.64045982014847,56.30199292258586,55.60470035239225,55.694095611572266,18451700
2017-01-20,56.02484447800915,56.15894073466094,55.75665537491505,56.087425231933594,30213500
2017-01-23,56.05166611612185,56.4271301806936,55.93544958699796,56.284095764160156,23097600
2017-01-24,56.49865631955735,56.98139881592321,56.266223231584185,56.784725189208984,24672900
2017-01-25,57.16911317787095,57.30320600077415,56.72213028110919,56.92774200439453,23672700
2017-01-26,57.32111073209927,57.696574869936924,56.81154690041794,57.4552001953125,43554600
2017-01-27,58.45644560740242,58.92131182169301,58.00946253542631,58.805091857910156,44818000
2017-01-30,58.724636128550486,58.81403137574064,57.9290068338438,58.2240104675293,31651400
2017-01-31,57.982631014472474,58.241881953736225,57.446252818252454,57.794898986816406,25270500
2017-02-01,57.53564449747253,57.768077535646455,56.74001541108088,56.83835220336914,39671500
2017-02-02,56.54334737490606,56.68638179312195,56.09636439170523,56.47182846069336,45827000
2017-02-03,56.76682788874359,56.94562172949007,56.38242232471177,56.92774200439453,30301800
2017-02-06,56.766835978326,56.90093223054752,56.445007701161835,56.891990661621094,19796400
2017-02-07,56.981392458306566,57.017148505366144,56.525467903649066,56.704261779785156,20277200
2017-02-08,56.82941393988761,57.04396726374059,56.5165272282368,56.623802185058594,18096400
2017-02-09,56.784717037828194,57.607167477672284,56.605923167409095,57.2674560546875,22644400
2017-02-10,57.43730907142162,57.48201009458626,57.19593786921155,57.21381759643555,18170700
2017-02-13,57.428357280096165,57.98261849475033,57.33002050297337,57.85746383666992,22920100
2017-02-14,57.92943179268067,58.20823914255539,57.578665083726,58.07332992553711,23108400
2017-02-15,58.010384483421525,58.073341215366874,57.70459660304958,58.0373649597168,17005200
2017-02-16,58.22623205351662,58.67592493253123,57.95642044316912,58.02836608886719,20546300
2017-02-17,57.983399787568175,58.18126574835997,57.83050585850857,58.118309020996094,21248800
2017-02-21,58.10929820748967,58.41508598649142,57.965393232594586,58.00136947631836,20655900
2017-02-22,57.857479977850396,57.911440920587104,57.605653096055235,57.88446044921875,19292700
2017-02-23,57.93842775583599,58.21724200139199,57.73157287811268,58.118309020996094,20273100
2017-02-24,58.03736073623188,58.28019872875586,57.68660084638049,58.118309020996094,21796800
2017-02-27,58.04635115074679,58.04635115074679,57.60565409992541,57.76754379272461,15871500
2017-02-28,57.63263471629087,57.740556603915635,57.3448281487941,57.542694091796875,23239800
2017-03-01,57.67759048055138,58.45106257070086,57.57865752517643,58.406097412109375,26937500
2017-03-02,58.18125023105631,58.235211165328295,57.45274674043379,57.56966781616211,24539600
2017-03-03,57.55168752325223,57.81250674644094,57.21891237251802,57.785526275634766,18135900
2017-03-06,57.53369719903288,58.0643314026438,57.38979564209621,57.80350875854492,18750300
2017-03-07,57.73156669726004,58.262200933692164,57.73156669726004,57.92043685913086,18521000
2017-03-08,57.794532540947976,58.53202861114132,57.7855367617909,58.451080322265625,21510900
2017-03-09,58.63095982027465,58.6399487373904,57.9923967548481,58.21724319458008,19846800
2017-03-10,58.5589958500428,58.69390505982779,58.235216491265795,58.3971061706543,19538200
2017-03-13,58.469067728979965,58.63095743346737,58.07333581539554,58.199249267578125,20100000
2017-03-14,58.037365265123995,58.055356823928285,57.695601127303526,57.929443359375,14280200
2017-03-15,58.05535888307706,58.38812725329825,57.78554038559608,58.235233306884766,24833800
2017-03-16,58.23522830172556,58.24422408067361,57.83050745205817,58.136295318603516,20674300
2017-03-17,58.37912352582106,58.67591556363708,58.17226181532607,58.34314727783203,49219700
2017-03-20,58.37912147817444,58.621952566373466,58.20823602166229,58.3971061706543,14598100
2017-03-21,58.63095079294207,58.90975813951609,57.67759736926235,57.749549865722656,26640500
2017-03-22,57.66860794875885,58.58597825441097,57.66860794875885,58.48704528808594,20680000
2017-03-23,58.4061039963709,58.67591556363708,58.253203226975614,58.34314727783203,19269200
2017-03-24,58.783845521719,58.8647869350403,58.244215514273506,58.442081451416016,22617100
2017-03-27,58.12729449557308,58.657935619159495,57.87546760103101,58.55000686645508,18614700
2017-03-28,58.424094928584445,58.88278356221824,58.14528755410528,58.72089385986328,20080400
2017-03-29,58.567994570253134,58.909758638683904,58.415093798537455,58.88277816772461,13618400
2017-03-30,58.8378025435027,59.341463130424465,58.78384160488398,59.09862518310547,15122800
2017-03-31,59.04467702288534,59.53034616086404,58.8647957522809,59.23354721069336,21040300
2017-04-03,59.18857014148247,59.30549467286894,58.63095540447604,58.954734802246094,20400900
2017-04-04,58.810839614728856,59.188580021257025,58.71190662324251,59.116634368896484,12997400
2017-04-05,59.62927256414334,59.67423773050589,58.85580034031931,58.963722229003906,21448600
2017-04-06,58.99970981799294,59.413426481586086,58.891787908567416,59.116634368896484,18103500
2017-04-07,59.224549201366756,59.32348218103124,58.85580461860981,59.0716552734375,14108500
2017-04-10,59.00869337446965,59.19756353861062,58.78384696071593,58.93674087524414,17952700
2017-04-11,58.999691284704234,59.00868706158703,58.32515211560678,58.89176940917969,18791500
2017-04-12,58.83780211458529,58.918750383690636,58.55899478473118,58.66692352294922,17108500
2017-04-13,58.7208948122948,59.233544401105775,58.41510009765625,58.41510009765625,17896500
2017-04-17,58.49603756754366,58.900758324295225,58.46905709866252,58.89176940917969,16689300
2017-04-18,58.75686821747508,59.09863230619838,58.60397429844899,58.810829162597656,15155600
2017-04-19,59.044677661512054,59.13461486690261,58.36114254935978,58.49605178833008,26992800
2017-04-20,58.873790897145504,59.134613590386074,58.585987729047076,58.909767150878906,22299500
2017-04-21,59.06266077396165,59.98902700200236,58.86479481034738,59.719215393066406,32522600
2017-04-24,60.69053899064925,60.852428661605785,60.348768095425974,60.735504150390625,29770000
2017-04-25,61.06828849909796,61.19420194423227,60.79847005279979,61.086273193359375,30242700
2017-04-26,61.23016788281183,61.437022709938496,60.81645136679151,61.00532150268555,26190800
2017-04-27,61.293140113464474,61.49999499296432,60.78049051145051,61.40106201171875,34971000
2017-04-28,61.976680558554754,62.18353545592807,60.87942875303584,61.57195281982422,39548800
2017-05-01,61.76979144385089,62.5522592361217,61.60790179240749,62.42634582519531,31954400
2017-05-02,62.6961637760888,62.6961637760888,62.17451852766223,62.32741928100586,23906100
2017-05-03,62.39937395599531,62.39937395599531,61.79678721703733,62.12956237792969,28928000
2017-05-04,62.08457701909269,62.12954903666397,61.733817239689515,61.88671112060547,21749400
2017-05-05,61.9676837933885,62.084601478662975,61.59893231697261,62.057621002197266,19128800
2017-05-08,62.03062350495112,62.10257599696254,61.53595869958177,62.00364303588867,18566100
2017-05-09,61.93168486263454,62.30942511839188,61.7697952013433,62.09357452392578,22858400
2017-05-10,62.04860362270283,62.56125308239766,61.98564691227598,62.33640670776367,17977800
2017-05-11,61.48201560958498,61.814790835416396,61.26616493265694,61.57195281982422,28789400
2017-05-12,61.70685793058185,61.70685793058185,61.194208318628824,61.499996185302734,18714100
2017-05-15,61.28415635390999,61.58995113639745,60.77150665135371,61.544979095458984,31530300
2017-05-16,61.71679502793751,62.811288092663446,61.653477475468925,62.78415298461914,34956000
2017-05-17,62.31381289452712,62.503765627489656,60.993184202669696,61.038414001464844,30548800
2017-05-18,60.96604311484484,61.62635394557547,60.730860606113104,61.2464485168457,25201300
2017-05-19,61.05650189737366,61.599224978463965,60.99318431959809,61.22836685180664,26961100
2017-05-22,61.409272819105986,61.96104324534953,61.05650246804515,61.91581344604492,16237600
2017-05-23,62.160045680812715,62.18718080098644,61.85249821628014,62.123863220214844,15425800
2017-05-24,62.29572846231324,62.30476890167923,61.91581607488017,62.20526885986328,14593900
2017-05-25,62.3861909789989,63.2093196622276,62.33192072986948,62.974143981933594,21854100
2017-05-26,63.13694668624266,63.516852142426615,62.88366948102181,63.28166961669922,19827900
2017-05-30,63.12789536348743,63.68871307373047,63.10980068513566,63.68871307373047,17072800
2017-05-31,63.79728854835856,63.987241368702655,63.14601779226362,63.173152923583984,30436400
2017-06-01,63.534956565852724,63.869639213180385,62.820368362812594,63.408321380615234,21603600
2017-06-02,63.71586495878041,65.00031141588404,63.53495263313932,64.90985870361328,34770300
2017-06-05,65.09979023078932,65.93196595394079,64.95506041749482,65.38019561767578,33316800
2017-06-06,65.39830448364968,65.68775727194081,65.37116246194525,65.59729766845703,31511100
2017-06-07,65.70585631460955,65.82344415775582,65.0817208293024,65.47972106933594,22301800
2017-06-08,65.58825837965004,65.59729881927795,64.67467019700699,65.08171081542969,24588300
2017-06-09,65.16312649734493,65.1993089610511,62.042456288406825,63.60731506347656,49187400
2017-06-12,62.639460370663066,63.26359583036166,61.626372029008785,63.118865966796875,47761700
2017-06-13,63.33593860626314,64.05957394759636,63.28166837104748,63.90580368041992,25258600
2017-06-14,64.14098515821522,64.31284320063544,62.80226186885355,63.56207275390625,25510700
2017-06-15,62.65752528587016,63.50779567125334,62.23239699427578,63.22739028930664,26068700
2017-06-16,63.07362525611367,63.34498332205028,62.61230757259431,63.317848205566406,48345100
2017-06-19,63.7701376122246,64.16813784255356,63.63445508814883,64.10482025146484,23798300
2017-06-20,64.05959805070576,64.10482786446906,63.20028679800832,63.23646926879883,21512200
2017-06-21,63.50780251957333,63.878667523776166,63.26357956397724,63.56207275390625,19891100
2017-06-22,63.80630987463238,63.85153277469224,63.05553934243169,63.55303955078125,22965700
2017-06-23,63.399257763299985,64.44852834430993,63.24548749228591,64.41234588623047,27617300
2017-06-26,64.58420166432326,64.86460704824206,63.71584349703841,63.79724884033203,19607000
2017-06-27,63.41737122359711,63.480688818712785,62.57614780214583,62.6032829284668,25215100
2017-06-28,62.60328012616749,63.17313845670011,62.22337457247909,63.136962890625,25806200
2017-06-29,62.75705590993757,62.85655597807313,61.59019712088462,61.9520149230957,28918700
2017-06-30,62.21432739123059,62.75705059805979,62.17814492396197,62.35000991821289,24161100
2017-07-03,62.711807124492516,62.95603007209176,61.52685413860629,61.66253662109375,16165500
2017-07-05,61.743960221786025,62.81131869855639,61.707777759731215,62.48568344116211,21176300
2017-07-06,61.75299566383814,62.21431339132901,61.61732006848651,62.02436065673828,21117600
2017-07-07,62.14193866676751,63.173114435305855,62.14193866676751,62.82939147949219,16878300
2017-07-10,62.82940904509782,63.54399717239258,62.59422648268579,63.299774169921875,15014500
2017-07-11,63.31786615889787,63.9329542776283,63.091730922616094,63.30881881713867,17460000
2017-07-12,63.941990071448764,64.47566582016393,63.81535491408929,64.35807800292969,17750900
2017-07-13,64.6746765214169,65.16312945194836,64.50281153629481,64.91889953613281,20269800
2017-07-14,65.34402092862116,66.27569678384131,65.09075062635917,65.83247375488281,25868100
2017-07-17,65.8505673512483,66.43851329993066,65.77820243719268,66.34806060791016,21803900
2017-07-18,66.11288915943567,66.38425418203965,65.72394320872206,66.30284881591797,26435300
2017-07-19,66.48375954371552,66.97221248278092,66.43852973596697,66.80939483642578,22416200
2017-07-20,67.0988578117517,67.20740522610599,66.28476945684649,67.13504028320312,42361000
2017-07-21,66.43851578672297,67.19833361055096,66.18524547914642,66.74606323242188,46717100
2017-07-24,66.51090115363756,66.70990128537679,66.14908335966628,66.57421875,21394800
2017-07-25,66.75512448110636,67.21643539412405,66.48375943724913,67.10789489746094,22018700
2017-07-26,67.24357301778387,67.27975548504975,66.76416740343599,66.98126220703125,16252200
2017-07-27,66.71896236582829,67.3159559828698,65.41642079977142,66.17623901367188,36844200
2017-07-28,65.73298249822352,66.31188809528754,65.6153946710727,66.06766510009766,18306700
2017-07-31,66.30285429661383,66.4294894773371,65.49781340440175,65.76012420654297,23600100
2017-08-01,66.12193136253806,66.41138414364436,65.57016092025754,65.65157318115234,22132300
2017-08-02,65.62444690796272,65.63348734842636,64.62040592853153,65.36212921142578,26499200
2017-08-03,65.29883201258431,65.52496731457985,64.99128441329746,65.26264953613281,18214400
2017-08-04,65.48874935648281,66.06765486385366,65.34401952909111,65.74201965332031,22579000
2017-08-07,65.85057963854847,65.94103234744688,65.36212672917782,65.48876190185547,18705700
2017-08-08,65.20833954925145,66.14906276018598,64.90079900586234,65.84152221679688,22044600
2017-08-09,65.35307815060195,65.58826071016449,65.17217273623028,65.55207824707031,22213400
2017-08-10,65.0364617323701,65.29877929905692,64.5389617091544,64.5932388305664,24734500
2017-08-11,64.77416760951988,65.76011377461576,64.47566748755374,65.57920837402344,21443700
2017-08-14,66.0857570776554,66.68275739440935,65.98625702486308,66.5651626586914,20096600
2017-08-15,66.91980994972138,66.91980994972138,66.41966603112715,66.5833511352539,19181400
2017-08-16,66.69245891727081,67.38357445829249,66.53786938271232,66.974365234375,18150400
2017-08-17,66.91073002250401,67.17444533212961,65.83768463134766,65.83768463134766,22977500
2017-08-18,65.71944956115621,66.2377845263408,65.41027046586252,65.91950988769531,18761500
2017-08-21,65.90132361137913,65.9104191544373,65.20111249109704,65.6103286743164,17734800
2017-08-22,65.79220687986992,66.60153687574619,65.79220687986992,66.52879333496094,14343700
2017-08-23,66.3469525001537,66.51973324457639,65.95592714131949,66.12870788574219,13766500
2017-08-24,66.14682796168468,66.25595363210273,65.53755857871232,66.10136413574219,17098300
2017-08-25,66.25599499715909,66.70157962162477,65.9104405652282,66.21961975097656,12794300
2017-08-28,66.43784767136559,66.4651273647115,65.97407900875065,66.22869873046875,14569700
2017-08-29,65.70128851120805,66.52880980048839,65.51941920743198,66.42877960205078,11478400
2017-08-30,66.39238998528758,67.48361944752196,66.22870487216565,67.30175018310547,16897800
2017-08-31,67.31992672955931,68.16563189550901,67.11077779289377,67.99285125732422,27652800
2017-09-01,67.93831018321147,67.96558988335822,66.96529489672061,67.23810577392578,21736200
2017-09-05,66.69245720291802,67.1926079640639,66.36509399491874,66.93798828125,21556000
2017-09-06,67.05622659621707,67.3290374614329,66.7015766341576,66.7470474243164,16535800
2017-09-07,67.00164032032299,67.83824979583488,66.92888986040046,67.60181427001953,17471200
2017-09-08,67.59273447015264,67.69276463110901,67.14714304848638,67.27445983886719,14703800
2017-09-11,67.57454084743607,68.14744210011246,67.57454084743607,67.98375701904297,17910400
2017-09-12,67.98377648847897,68.42026553775663,67.62912653424021,67.91102600097656,14394900
2017-09-13,68.13836272701602,68.41117357282718,67.79280833514082,68.39298248291016,13380800
2017-09-14,68.2020071318567,68.64759163584876,67.76551123355136,67.99285125732422,15733900
2017-09-15,68.04742820772339,68.55666772038492,67.35631248491985,68.48391723632812,38578400
2017-09-18,68.41114331413887,69.08406764820151,68.23836272568924,68.34748840332031,23307000
2017-09-19,68.39295599058609,68.847635932237,68.21108678907186,68.60211181640625,16093300
2017-09-20,68.52030271210066,68.70217894940649,67.57456709171747,68.14746856689453,21587900
2017-09-21,68.30204525849106,68.42025958699966,67.3926850574065,67.4836196899414,19186100
2017-09-22,67.28357543633005,67.75644673925613,67.15626553274289,67.66551208496094,14111400
2017-09-25,67.3744917577371,67.51999271531352,66.3105420224628,66.6197280883789,24149200
2017-09-26,66.9925621509003,67.1198720198459,66.37419695693559,66.6197280883789,18019600
2017-09-27,66.88343090340751,67.44722966425432,66.53786966251046,67.15623474121094,19565100
2017-09-28,66.87435554969838,67.26538074601072,66.66519963349342,67.17444610595703,10883800
2017-09-29,67.23808398195133,67.78369862165826,67.18351766147406,67.73822784423828,17079100
2017-10-02,67.9383086067377,68.21111947761244,67.56547448360213,67.84737396240234,15304800
2017-10-03,67.90194030137798,68.09290515536048,67.46545118880921,67.52910614013672,12190400
2017-10-04,67.37450609946411,67.94740756953796,67.0289516584647,67.92012786865234,13317700
2017-10-05,68.40207107914752,69.22049659557207,68.16563549932101,69.08409118652344,21195300
2017-10-06,68.81129097218447,69.13866122920176,68.69307663298815,69.11138153076172,13959800
2017-10-09,69.0840813670079,69.61151184016519,68.98405121044819,69.37507629394531,11386500
2017-10-10,69.41145152704577,69.6842553684998,69.23867090428514,69.37507629394531,13944500
2017-10-11,69.43874200241004,69.52967663035172,69.06590100862151,69.49330139160156,15388900
2017-10-12,69.55696613493097,70.28445713680112,69.44784734115831,70.12986755371094,16876500
2017-10-13,70.55727376847473,70.81190052150266,70.28446979703493,70.46633911132812,15335700
2017-10-16,70.40266052095097,70.7573104212633,70.33900558853253,70.61181640625,12380100
2017-10-17,70.44813981597822,70.58454524131986,70.24807945052623,70.55725860595703,16824000
2017-10-18,70.63001411078093,70.7936992452502,70.35721017857794,70.57545471191406,13300700
2017-10-19,70.53905009744302,70.8664202300794,70.33898980106903,70.84823608398438,15092800
2017-10-20,71.22107963664423,71.81216506334172,71.13014501819848,71.66666412353516,22866400
2017-10-23,71.83036188649933,72.14863657615307,71.62121292095597,71.68486785888672,20627200
2017-10-24,71.74852581663158,72.0213297315877,71.34840508258746,71.71215057373047,17517200
2017-10-25,71.45751925039191,71.9303834558668,70.93918426418017,71.50298309326172,20410800
2017-10-26,72.02128358374738,72.22134382258027,71.61207450458097,71.62117004394531,32120700
2017-10-27,76.72270917038927,78.38683277293542,76.03159359650425,76.21346282958984,71066700
2017-10-30,76.11345893645968,76.68636040033154,75.5769396572001,76.28623962402344,31756700
2017-10-31,76.71360902657393,76.71360902657393,75.57690904329476,75.64056396484375,27086600
2017-11-01,76.09524395815542,76.16799442217315,75.3677531937103,75.64056396484375,22307400
2017-11-02,75.79516827091105,76.80455860783508,75.58601931842695,76.43172454833984,23992900
2017-11-03,76.45903616855892,76.87734118605725,75.84067072141568,76.51359558105469,17633500
2017-11-06,76.56813612589458,77.0228162856395,76.45901732779174,76.81366729736328,19860900
2017-11-07,77.08644729149444,77.20466853655076,76.3225881905144,76.63176727294922,17939700
2017-11-08,76.51357054486654,76.94097097055356,76.23167108871897,76.89550018310547,18034200
2017-11-09,76.48630022321571,76.63179427272169,75.38597502320137,76.46810913085938,21178400
2017-11-10,76.19526254751193,76.47716188046397,75.68602325240757,76.26801300048828,19397800
2017-11-13,76.07707711877491,76.33169686289737,75.89520091735336,76.32260131835938,14196900
2017-11-14,75.9315736830649,76.47718839381282,75.45870945051468,76.43172454833984,18801300
2017-11-15,76.28550702179449,76.4865721280759,75.57264489785953,75.83768463134766,19383100
2017-11-16,75.94734311756632,76.23979952029298,75.80111840255833,76.03873443603516,20962800
2017-11-17,75.965638317887,75.965638317887,75.16137784583765,75.30760955810547,22079000
2017-11-20,75.30759884057619,75.48124025829237,75.17050837301333,75.42640686035156,16315000
2017-11-21,75.61831789496593,76.62363619866012,75.61831789496593,76.51396942138672,21237500
2017-11-22,76.6145105620485,76.67848518021991,75.89250731542234,75.95648193359375,20553100
2017-11-24,75.8650927422432,76.24894046201939,75.65488643510255,76.09357452392578,7425600
2017-11-27,76.13926571529758,76.75160218157473,76.13013146449966,76.65106964111328,18265200
2017-11-28,76.83384850177714,77.73863434878642,76.78814935918963,77.57412719726562,21926000
2017-11-29,77.41876199016056,77.61068583993806,76.02045467556005,76.16667938232422,27381100
2017-11-30,76.32207403323446,77.24513562528355,76.16670108634115,76.92526245117188,33054600
2017-12-01,76.40431202923496,77.51016309732745,76.05702220566651,77.00750732421875,29532100
2017-12-04,77.1537326836091,77.16287390798401,73.75392237811198,74.1012191772461,39094900
2017-12-05,74.33883235638515,75.56349838497826,74.00982499142694,74.56731414794922,26152300
2017-12-06,74.53073536027595,75.98387566497861,74.42106163111208,75.65486145019531,26162100
2017-12-07,75.43555358124034,75.6731766108175,74.94203204567759,75.38985443115234,23184500
2017-12-08,76.43171238201037,77.29994721429784,76.1575384660588,76.91609954833984,24489100
2017-12-11,77.03493380717543,78.0219769755615,76.87956783790504,77.89402770996094,22857900
2017-12-12,77.96710301532802,78.64341395388834,77.75690372925013,78.2138671875,23924100
2017-12-13,78.36007772587534,78.59770063363754,77.83913975639793,78.00364685058594,22062700
2017-12-14,78.07680161773247,78.47893182031088,77.25426573641812,77.40049743652344,19306000
2017-12-15,77.92142442115016,79.59390567030567,77.57412766987363,79.37456512451172,53936700
2017-12-18,79.62131059190165,79.9686002886946,78.80791624392477,78.94499969482422,22283800
2017-12-19,78.91759891959384,78.91759891959384,77.93055603781379,78.4423599243164,23524800
2017-12-20,78.78052844410723,78.87192674992536,77.41877875450068,78.1590576171875,23674900
2017-12-21,78.64344034976277,78.68913252729845,78.04938626010788,78.14077758789062,17990700
2017-12-22,78.04937743214109,78.25957676499515,77.61068934660689,78.14990997314453,14145800
2017-12-26,77.96712799615179,78.16819309783683,77.7112294931749,78.04938507080078,9891200
2017-12-27,78.27785398566549,78.5794515885388,77.88486507144846,78.33268737792969,14678000
2017-12-28,78.50632689412835,78.53374358716759,78.18645385415502,78.3418197631836,10594300
2017-12-29,78.25956483965533,78.64341947077172,78.14075684235115,78.17731475830078,18717400
2018-01-02,78.7165472751091,78.88105445012054,78.14077564892463,78.55204010009766,22483800
2018-01-03,78.65257805474754,79.06384950689309,78.57032794794543,78.91761779785156,26061400
2018-01-04,79.13696700137012,80.11487597341231,79.1186915221068,79.61221313476562,21912000
2018-01-05,80.11484010606456,80.80028532132093,79.90463383872718,80.5992202758789,23407100
2018-01-08,80.60835694637981,80.95565366174243,80.06000215224509,80.68147277832031,22113000
2018-01-09,81.01962920514615,81.09274503792919,80.29762604501008,80.62664031982422,19484300
2018-01-10,80.29765106743217,80.5992487421142,79.8863865821107,80.26109313964844,18652200
2018-01-11,80.54439517564384,80.54439517564384,79.73100059059925,80.49870300292969,17808900
2018-01-12,81.03790316449704,82.05236266412187,80.83683811445111,81.88785552978516,24271500
2018-01-16,82.34484854817454,82.9754606180714,80.43474383314201,80.74547576904297,36599700
2018-01-17,81.41263287677727,82.5093426768711,81.11103524130267,82.38139343261719,25621200
2018-01-18,82.07066702145777,82.8657792391248,81.94271776866742,82.34484100341797,24159700
2018-01-19,82.38139009600532,82.81093695833633,81.9427089828196,82.2534408569336,36875000
2018-01-22,82.25346795579365,83.73403288917457,82.01584487378398,83.72489166259766,23601600
2018-01-23,83.9898681640625,84.35544025183371,83.66085398233916,83.9898681640625,23412800
2018-01-24,84.58395604603881,85.38820938530789,83.69744564181252,83.91678619384766,33277500
2018-01-25,84.5108456680247,85.21456651379141,84.01732416450702,84.38289642333984,26383200
2018-01-26,85.10487978123022,85.9639663696289,84.61135839331988,85.9639663696289,29172200
2018-01-29,86.95103665481558,87.23435186664142,85.65326165345093,85.83604431152344,31569900
2018-01-30,85.26938745298025,85.5984017136802,84.17267092641067,84.75758361816406,38635100
2018-01-31,85.68068685989594,87.18866834317254,85.461346253894,86.83223724365234,48756300
2018-02-01,86.63114688895881,87.80097241059556,85.52529598263936,86.14676666259766,47227900
2018-02-02,85.58012327478943,85.88172085666305,83.6243200628307,83.88021850585938,47867800
2018-02-05,82.76522612344706,85.21455073970785,80.42557525634766,80.42557525634766,51031500
2018-02-06,79.41113233081234,83.6060617243607,77.9122923093065,83.4689712524414,67998600
2018-02-07,82.70123335141527,83.87105852806654,81.52226695449727,81.89698028564453,41107600
2018-02-08,81.98838601350532,82.14375192186915,77.46445039094439,77.69293212890625,55628700
2018-02-09,78.8719075394939,81.27553318103992,76.61450660076049,80.590087890625,63499100
2018-02-12,81.10188960340845,82.05237463235815,80.36161087727021,81.45832061767578,35720300
2018-02-13,81.27553250114553,82.2534341617153,80.24279744906849,82.09806823730469,26407700
2018-02-14,81.27168058548008,83.54886300280381,81.17985995671887,83.38358306884766,34960900
2018-02-15,83.75085208049835,85.1373663532981,83.2091055996443,85.082275390625,27823900
2018-02-16,84.88946894019509,85.85360311425251,84.29263131436133,84.47627258300781,30596900
2018-02-20,83.99879136144276,85.4495740289915,83.56722672404953,85.13738250732422,30911700
2018-02-21,85.37612599896646,85.72504718863917,84.00797271728516,84.00797271728516,26922500
2018-02-22,84.52219329417957,85.146583466137,83.88861895640142,84.22836303710938,24392800
2018-02-23,85.94540976861359,86.376974385746,84.80681867618591,86.36779022216797,26329200
2018-02-26,86.67997290479974,87.6440997404933,86.54223849813982,87.6165542602539,30199800
2018-02-27,87.91040555829944,88.00222618302628,86.49634552001953,86.49634552001953,25869100
2018-02-28,87.08400447392167,87.88285860721105,85.97295882066958,86.10150909423828,31167300
2018-03-01,86.30350713191159,86.8360764829132,84.32933247248396,85.2567367553711,37135600
2018-03-02,84.09062175715466,85.53222743368505,83.42950198095582,85.4404067993164,32830400
2018-03-05,84.78844299313572,86.56060811488138,84.71499070727657,85.98213195800781,23901600
2018-03-06,86.62490566224236,86.76264011775277,85.33940275871971,85.68832397460938,22175800
2018-03-07,85.54141448684312,86.25762526675106,84.87111052293676,86.18416595458984,26716100
2018-03-08,86.56060857721432,87.32273296646538,86.10149851219036,86.70752716064453,25887800
2018-03-09,87.49721363335004,88.64498901367188,87.23092890445957,88.64498901367188,36937300
2018-03-12,88.60823905258323,89.26017447853212,88.18585865008662,88.85615539550781,26073700
2018-03-13,89.06735774868787,89.28772863107221,86.28515171514434,86.68917083740234,35387800
2018-03-14,87.34110075645913,87.60738543319553,85.85358163293759,86.17495727539062,32132000
2018-03-15,85.8811445933509,86.84527872238323,85.23839317763935,86.47798919677734,27611000
2018-03-16,86.93708386588241,87.57983516709747,86.2392345920891,86.8636245727539,49081300
2018-03-19,86.07396574417649,86.22088434930981,84.57726923307035,85.2934799194336,33344100
2018-03-20,85.44040267979456,86.1015154186524,85.3944888620913,85.51385498046875,23075200
2018-03-21,85.33021140192517,86.3586206435343,84.66909167556679,84.9170150756836,24457100
2018-03-22,83.80595291283925,84.24670168251981,82.32762486512657,82.44699096679688,38604700
2018-03-23,82.18070852728795,83.06219908536069,79.95861730763806,80.0504379272461,44068900
2018-03-26,83.1999457130788,86.31271211067552,83.00712028199803,86.11070251464844,56396800
2018-03-27,87.17582556827018,87.35946680089926,81.27166956876013,82.15316009521484,56569000
2018-03-28,82.47452392431104,83.76921754665702,81.60221768625684,82.0796890258789,52501100
2018-03-29,82.80509733118622,84.74254249993496,81.17066650760802,83.80595397949219,45867500
2018-04-02,83.07138695838356,83.4478536172263,80.35345586492824,81.28085327148438,48515400
2018-04-03,82.25416143119028,82.68572601581133,80.7023671602245,82.37352752685547,37213800
2018-04-04,80.66565160747314,85.17411662373384,80.55546965544389,84.77928161621094,35560000
2018-04-05,84.8803009328017,85.45877729633112,83.92535082084876,84.82520294189453,29771900
2018-04-06,84.00796561198018,84.8986403424982,82.16234802149808,82.85101318359375,38026000
2018-04-09,83.59476326826066,85.55056966512937,83.20911248670298,83.34683990478516,31533900
2018-04-10,84.83436816834286,85.65158362878041,84.1457029822125,85.28429412841797,26812000
2018-04-11,84.4854364474892,85.66075709753153,83.99878089759328,84.34770202636719,24872100
2018-04-12,84.87110063732773,86.45962480182462,84.87110063732773,85.92705535888672,26758900
2018-04-13,86.35862374325067,86.47798986266909,84.88028847026574,85.46794891357422,23346100
2018-04-16,86.37697515616061,86.9187287246687,85.78013061662142,86.46879577636719,20288100
2018-04-17,87.23092923357343,88.64498934812084,87.12074027467942,88.21342468261719,26771000
2018-04-18,88.35115204871119,88.8102621657754,87.70839368154263,88.55316162109375,21043300
2018-04-19,88.55315165356816,89.13162781398871,87.54310390534614,88.25013732910156,23552500
2018-04-20,88.06652573522082,88.25016702097645,86.35863515692273,87.23094177246094,31154400
2018-04-23,87.91039717623248,88.41542107227401,86.89117222637698,87.55229187011719,22331800
2018-04-24,88.36950390000305,88.58069761362229,84.85272610435422,85.5046615600586,34524800
2018-04-25,85.6699377138857,85.6699377138857,82.89690910236604,84.76089477539062,33729300
2018-04-26,85.89949430944567,87.36864508806025,85.48629105562489,86.55142974853516,42529000
2018-04-27,89.61828697903356,89.89375583156789,86.23005932345941,87.98385620117188,48272800
2018-04-30,88.45213599716557,88.51641111819391,85.53219606030409,85.87193298339844,41523600
2018-05-01,85.5873263447239,87.4972265406328,85.20167544135751,87.23094177246094,31408900
2018-05-02,87.22173975960612,87.38701968515375,85.56894750959458,85.86277770996094,27471000
2018-05-03,85.35775854557981,87.16665366377438,84.88946422941343,86.37698364257812,31142500
2018-05-04,85.68829434973341,87.57064824483976,85.32100493050986,87.37782287597656,22531300
2018-05-07,87.38702402757508,88.8010841263131,87.32274888697177,88.35115814208984,24242000
2018-05-08,88.0114076894253,88.2960607245867,87.28601286669853,87.97467803955078,23484600
2018-05-09,88.1583381160763,89.03982881493054,87.27684741722204,89.01228332519531,27327400
2018-05-10,89.48976594658284,89.93969201425142,89.11329919764641,89.90296936035156,22388100
2018-05-11,89.80194115261534,89.866216288394,89.10409181740098,89.71011352539062,16778300
2018-05-14,89.91212539982517,90.61915891696698,89.352010485635,90.01313018798828,19454100
2018-05-15,89.28773912071341,89.84785405856903,88.46133945785553,89.36119842529297,24594000
2018-05-16,89.7853893592399,89.82227820222299,89.10296335362123,89.59172821044922,17384700
2018-05-17,89.23209767935059,89.95141274474301,88.37445117003743,88.69721984863281,17246700
2018-05-18,88.54045152157185,89.38887409698079,88.54045152157185,88.86322021484375,17865800
2018-05-21,89.45341805088196,90.38484220886659,89.26898082799528,90.0067367553711,19422500
2018-05-22,90.0805165825149,90.53239271432066,89.63785738699043,89.91452026367188,15441200
2018-05-23,89.1859587565657,91.04880664651787,88.82630132910683,90.9842529296875,21251200
2018-05-24,91.04882845301388,91.2424896498875,89.27819872934377,90.6614990234375,26649300
2018-05-25,90.6522660746702,91.27936237865704,90.2464958086117,90.70759582519531,18363900
2018-05-29,90.22804730826103,91.18713618110571,89.6655117644797,90.38482666015625,28671000
2018-05-30,90.66148624615256,91.52835655974513,90.29261184837782,91.25169372558594,22158500
2018-05-31,91.5652475568824,92.21078480397527,90.93815121578005,91.15025329589844,34140900
2018-06-01,91.55602326562096,93.01310108776467,91.45458069345727,92.94854736328125,28655600
2018-06-04,93.38196486687525,93.93528340577056,93.00385952653684,93.76006317138672,27281600
2018-06-05,94.06441899537772,94.36874674543232,93.63098378211734,94.23963928222656,23514400
2018-06-06,94.50707182187898,94.61773133385046,93.97219406125488,94.51628875732422,21122900
2018-06-07,94.66383020696597,94.70071905079759,92.57043229344373,93.03153228759766,28232200
2018-06-08,93.22520142697147,94.01829404772263,92.71799561144894,93.72319030761719,22165100
2018-06-11,93.15141987314341,93.68629050239028,92.83786822830334,93.18830871582031,23490900
2018-06-12,93.23443938704428,93.55720805186631,92.91167072222225,93.4281005859375,18325200
2018-06-13,93.80620002212194,94.07363890889046,92.7364444750479,93.0038833618164,29492900
2018-06-14,93.74165015380716,94.09208369098961,93.14221862676612,93.529541015625,25691800
2018-06-15,93.61252237826261,93.63096328218488,92.28455214937831,92.33988189697266,65738600
2018-06-18,92.2292612780678,93.24368028124904,91.68515939934053,93.01313018798828,23586000
2018-06-19,91.89726858090586,93.14223767734788,91.7589371177833,93.01313018798828,28653100
2018-06-20,93.4834342145444,94.54395878647206,93.2528841709377,93.94453430175781,26180800
2018-06-21,94.13820226488464,94.48863582347299,93.03155775448079,93.27133178710938,23198200
2018-06-22,92.59810638427734,92.93009191492654,91.87878446635892,92.59810638427734,38923100
2018-06-25,92.22002587744241,92.32146846877397,89.73008799308332,90.73528289794922,35433300
2018-06-26,91.13182326856993,92.29379748787353,91.06726953615468,91.37159729003906,26897200
2018-06-27,91.83267427236098,92.23843747290351,89.82227806571596,89.95138549804688,31298400
2018-06-28,89.80385374363041,91.39926319961704,89.69319422157464,90.95660400390625,26650700
2018-06-29,91.23326754466933,92.1370268510677,90.6799488228759,90.93816375732422,28053200
2018-07-02,90.46783472616775,92.27534620420603,90.37561611688773,92.22924041748047,19564500
2018-07-03,92.66267194030688,92.80099633081876,91.24248289914642,91.34392547607422,14670300
2018-07-05,91.75891373820976,92.1462361076013,91.3254785475831,91.99868774414062,18977400
2018-07-06,92.1185588172915,93.53874768286866,91.91567368851936,93.28975677490234,19234600
2018-07-09,93.74164920509479,94.29496790298317,93.37276772789286,93.92608642578125,18212000
2018-07-10,94.06440517731954,94.53472917323798,93.93529773307965,94.1750717163086,19293100
2018-07-11,93.28053934829003,94.37795265735183,93.23442653003333,94.04596710205078,19644600
2018-07-12,94.7744856183854,96.28690000699505,94.73760381197073,96.08401489257812,24335900
2018-07-13,96.25004714998572,97.38434957074323,95.99182515775023,97.22757720947266,24635200
2018-07-16,97.19988477364616,97.58720709846229,96.38834424260908,96.74800872802734,21786900
2018-07-17,96.47134759785804,98.21430512595954,96.20390873960068,97.70709228515625,25901700
2018-07-18,97.69787704999767,97.799319619923,96.5727918459736,96.9416732788086,29493900
2018-07-19,96.76645964390954,97.11689315940295,95.80737066716968,96.27769470214844,40171600
2018-07-20,99.67140743635413,99.7820669664517,97.82700688587754,98.0022201538086,56004000
2018-07-23,98.0298738049952,99.72671861804047,97.87309444018881,99.5699462890625,29707000
2018-07-24,100.12327136525461,100.35382140588897,98.91519140379583,99.28407287597656,26316600
2018-07-25,99.5607263017646,102.50254700076539,99.22873368839272,102.20744323730469,30702100
2018-07-26,102.12444291984318,102.36421692952999,100.98091670075256,101.09158325195312,31372100
2018-07-27,101.60801351355798,101.60801351355798,97.88232403740352,99.3025131225586,37005300
2018-07-30,98.85062207223602,99.16416670081408,96.60967574952599,97.1722183227539,34668300
2018-07-31,98.20510192005268,98.41721107173576,97.18145908732066,97.8270034790039,27655200
2018-08-01,97.7808711887249,98.16819352513863,97.21832858953103,98.01142120361328,23628700
2018-08-02,97.19990747419068,99.68062135510456,96.68347055133007,99.20108032226562,26104300
2018-08-03,99.41318015700723,99.6437301972268,98.50942090358186,99.63450622558594,18659600
2018-08-06,99.70828184367745,99.98493766466297,99.19184498001282,99.71749877929688,20265900
2018-08-07,100.11402258428926,100.61201139295207,99.75436517289288,100.40912628173828,16080200
2018-08-08,100.82413134078567,101.21145366621715,100.29847760317784,100.9716796875,15487500
2018-08-09,101.17457653301145,101.58957081758214,101.0731339547272,101.13768768310547,13677200
2018-08-10,100.90715121874617,101.15614923014127,99.94806209969208,100.51982879638672,18183700
2018-08-13,100.7411477327063,101.05469945888534,99.68984006908853,99.7912826538086,18472500
2018-08-14,100.11402441437002,101.21144460736333,99.63448353568455,101.03622436523438,16788300
2018-08-15,100.43451935053326,100.89739390730415,98.88852002601575,99.66615295410156,29982800
2018-08-16,100.25861888105392,100.77703605759397,99.33286988700137,99.64762115478516,21384300
2018-08-17,99.38840563864342,99.8883109081344,98.76815555095979,99.59207153320312,18061500
2018-08-20,99.52730102067333,99.888342652895,98.57378045029787,98.93482208251953,17914200
2018-08-21,98.98108490831858,99.37915727500489,97.99053372557424,98.11088562011719,22881900
2018-08-22,97.99051670926275,99.36988055122038,97.92571457072523,99.11067199707031,18000600
2018-08-23,99.19399399484566,100.14751421204879,98.93478543827432,99.57354736328125,18167700
2018-08-24,99.67539638931962,100.49931246118825,99.57356343096241,100.3511962890625,17234000
2018-08-27,101.15658306539498,101.49911271414486,100.45301895976844,101.46208190917969,19662300
2018-08-28,101.77685780101362,102.29527503427035,101.6379940241327,102.0730972290039,19151500
2018-08-29,102.24896703287192,103.71165204508694,102.08233194207648,103.702392578125,20818000
2018-08-30,103.37841037536155,104.24861687428636,103.1654920168411,103.63761901855469,22798700
2018-08-31,103.3969314713308,104.4059947195119,103.23954873790402,103.98941040039062,23222700
2018-09-04,102.61928339331338,103.64686543001508,102.0360640196063,103.4154281616211,22634600
2018-09-05,102.76740857132603,103.14696202593207,100.07347532627436,100.43451690673828,32872400
2018-09-06,100.21233191599471,100.89738421660626,99.52727961538318,100.66594696044922,23477600
2018-09-07,100.19382716457443,100.64744224127016,99.2680780741476,100.17530822753906,22498600
2018-09-10,100.75850995339992,101.49911192110899,100.31415442309752,101.25841522216797,20727900
2018-09-11,100.81406690535135,103.3043268975769,100.8048074377939,102.98031616210938,24301800
2018-09-12,103.15621955108462,103.54503246688934,102.30453209849192,103.4154281616211,18891100
2018-09-13,103.7949788645626,105.28543529722147,103.7949788645626,104.52632141113281,26055600
2018-09-14,104.94288897149558,105.28541858462758,104.09120173457093,104.9521484375,19122300
2018-09-17,105.24839785505532,105.25765025904198,103.55427562219154,103.81348419189453,20736500
2018-09-18,103.85979329046586,105.25766933946252,103.42469008549011,104.8040542602539,22170900
2018-09-19,104.65591750148049,104.90586660046014,102.79516020764099,103.4061508178711,21728400
2018-09-20,103.94310432574167,105.35024686569254,103.61909356420853,105.13732147216797,23714500
2018-09-21,105.53538056528966,106.72959756134009,105.08176555626248,105.77607727050781,71229700
2018-09-24,104.6374118032196,106.36856503316281,103.88755734853035,106.1556396484375,27334500
2018-09-25,106.27601372829744,106.55373425772227,105.30397421804537,105.95199584960938,22668000
2018-09-26,105.97048359989464,106.51667209104255,105.29468375767529,105.5168685913086,19352000
2018-09-27,106.25747012283641,106.3778220142651,105.72053400251995,105.91494750976562,19091300
2018-09-28,105.71127171076544,106.063053758638,105.23913778272043,105.8779067993164,21647800
2018-10-01,106.22971121214125,107.09065817376239,106.21119933747322,107.0258560180664,18883100
2018-10-02,106.73887751499231,107.23877582983948,105.94273269815369,106.60001373291016,20787200
2018-10-03,106.84994462819988,107.55351582436879,106.39632960963893,106.6185073852539,16648000
2018-10-04,106.10009268258062,106.2389564441505,103.34135757498741,104.41522979736328,34821700
2018-10-05,104.2671042225449,104.7670095152075,102.4248657450153,103.80422973632812,29068900
2018-10-08,103.36911641129537,103.71163895370813,101.22137237308156,102.61925506591797,29640600
2018-10-09,102.8877571317631,104.68371269342045,102.57300581962805,103.92459869384766,26198600
2018-10-10,102.98031087929608,103.22100758311196,97.93498194366879,98.27751159667969,61376300
2018-10-11,97.52764970287686,100.84183261290819,96.4630370061691,98.04607391357422,63904300
2018-10-12,100.91587858683049,102.98029445399327,99.16621392122863,101.43429565429688,47742100
2018-10-15,100.82335492015454,101.35103171386707,99.0088801619752,99.6106185913086,32068100
2018-10-16,101.40652526381031,103.13767807720951,100.86032979444576,102.75811767578125,31610200
2018-10-17,103.38764744985792,103.50799227587065,101.41580464448737,102.48966979980469,26548200
2018-10-18,101.92497616332756,102.32304856535004,99.82352877965879,100.44377899169922,32506200
2018-10-19,100.84182989846819,102.6285255923383,100.17528954758761,100.59188079833984,32785500
2018-10-22,101.20288821203226,102.3323032093066,100.20307751973317,101.4898681640625,26545600
2018-10-23,99.76797979330264,100.87888297770238,97.3054908009247,100.07347869873047,43770400
2018-10-24,100.36044820432699,100.43450275336458,94.046833512931,94.7226333618164,63897800
2018-10-25,98.63857545072635,101.15660722357816,98.2682743755434,100.25863647460938,61646800
2018-10-26,97.84242913802468,100.67521925414964,96.98148215292126,99.01812744140625,55523100
2018-10-29,100.08272310110335,100.62891161079169,94.08386658454805,96.13903045654297,55162000
2018-10-30,95.96313670071177,96.62966999210155,92.67672520053253,96.02793884277344,65350900
2018-10-31,97.6109704168172,100.11048972768616,97.56468014469212,98.87924194335938,51062400
2018-11-01,99.10145234892298,99.35140151935202,97.69430964286796,98.05535125732422,33384200
2018-11-02,98.57375097718233,99.35137670241276,97.18512755678172,98.27751159667969,37680200
2018-11-05,98.47192935893442,99.74020104191233,98.03682617374457,99.52728271484375,27922100
2018-11-06,99.40692897185286,100.75852171725614,98.38860644453858,99.72168731689453,24340200
2018-11-07,101.31395890464285,103.90605151087594,101.2769281021805,103.64684295654297,37901700
2018-11-08,103.49872099129917,103.87827433512017,102.67480510581385,103.45243072509766,25644100
2018-11-09,102.61925298730735,103.17470085429316,100.68444138701118,101.43429565429688,32039200
2018-11-12,101.29547836528377,101.79538379364594,98.22199122502113,98.93482208251953,33621800
2018-11-13,99.56431841626532,100.66595504122962,98.72188334603456,98.9996109008789,35374600
2018-11-14,100.5057977205912,100.65456086513805,97.13081367962779,97.59568786621094,39495100
2018-11-15,97.61427602832889,100.22687368184289,96.61015321420481,99.74340057373047,38505200
2018-11-16,99.55746978053084,101.23101280259544,99.29714133888199,100.68246459960938,33502100
2018-11-19,100.6638311862751,100.93345900662823,96.27542578489545,97.27025604248047,44773900
2018-11-20,94.64837829989536,95.73618209149464,92.37049074440347,94.564697265625,64052500
2018-11-21,96.32191528410425,97.09360801802328,95.0574571228492,95.86634063720703,28130600
2018-11-23,94.99240278562077,96.51718976204855,94.83434724263672,95.82917785644531,13823100
2018-11-26,97.4283331144552,99.13906672044014,97.23308680682108,98.99031066894531,32336200
2018-11-27,98.80435187318773,99.78988992616395,97.95828458176254,99.61323547363281,29124500
2018-11-28,100.31056137394653,103.5088983651164,100.28267005492876,103.31365203857422,46788500
2018-11-29,102.57913881300179,103.31364087256279,101.37046310113341,102.448974609375,28123200
2018-11-30,102.92315325926145,103.17418931961605,101.67729370864151,103.09980773925781,33665600
2018-12-03,105.06157436839175,105.45206701318145,102.95104851767033,104.21549987792969,34732800
2018-12-04,104.07603857152688,104.72685961669649,100.60807390490695,100.89629364013672,45197000
2018-12-06,98.38594935401564,101.56568633767712,97.62355615161583,101.51920318603516,49107400
2018-12-07,100.76613230498022,101.76096284149368,96.97276410100497,97.45623016357422,45044900
2018-12-10,97.43763212720842,100.39423223099945,96.59155770467967,100.03162384033203,40801500
2018-12-11,102.08638957735408,103.15559469270133,99.89218251893008,100.96138763427734,42381900
2018-12-12,103.09980407862354,103.45310593265408,101.37977088106324,101.41696166992188,36183000
2018-12-13,101.88181999944426,103.08119615274552,100.99855486200929,101.76094818115234,31333400
2018-12-14,100.64526513423503,101.58431301217553,98.08845701304199,98.58122253417969,47043100
2018-12-17,98.00476612466221,98.36736737353206,94.5646933545878,95.66179656982422,56957300
2018-12-18,96.46138594110346,97.16799663391299,95.31779241318033,96.66593170166016,49319200
2018-12-19,96.36838783967072,99.3714701012204,94.2299644642607,96.40557861328125,68198200
2018-12-20,95.81056692176158,96.98204469413606,91.84053763513121,94.37875366210938,70334200
2018-12-21,94.4903242684013,95.76408208864746,90.61327526878587,91.32918548583984,111242100
2018-12-24,90.81782147999952,91.08744935974066,87.37775533265946,87.5172119140625,43935200
2018-12-26,88.45626393338392,93.61637049137062,87.3591605162542,93.49549865722656,51634800
2018-12-27,92.32402071871324,94.08124466076396,89.62774888859063,94.07194519042969,49498500
2018-12-28,94.91800216091694,95.21552843167096,92.52854927290323,93.33743286132812,38196300
2018-12-31,94.17421139140227,95.20623262922426,93.38392671117005,94.43453979492188,33173800
2019-01-02,92.55643935793105,94.60188263151633,91.9892923687848,94.01614379882812,35329300
2019-01-03,93.06779726525407,93.15147829530453,90.37152595462861,90.55747985839844,42579100
2019-01-04,92.71450597391993,95.30850470419871,91.98000393114563,94.76924896240234,44060600
2019-01-07,94.49963642404227,96.01512391661572,93.88600610618126,94.89012908935547,35656100
2019-01-08,95.80127024586508,96.66593648978257,94.56470324555205,95.57813262939453,31514400
2019-01-09,96.56366921101207,97.51200945613614,95.9872226504591,96.94486236572266,32280800
2019-01-10,95.96861290104906,96.46137832525802,95.18762070362244,96.32191467285156,30067600
2019-01-11,95.94073391619054,96.17317100226064,94.49962114518911,95.57813262939453,28314200
2019-01-14,94.74134232155188,95.64319920405269,94.14630404527797,94.88080596923828,28437100
2019-01-15,95.30848782854767,97.67004905474218,94.72274193591113,97.63285827636719,31587600
2019-01-16,97.86530242597253,98.7950506725982,97.58637511461836,97.97686767578125,29853900
2019-01-17,97.62356588487422,99.13905297307626,97.40042829186534,98.66488647460938,28393000
2019-01-18,99.91075901340024,100.31985056619368,98.46965329559843,100.14319610595703,37427600
2019-01-22,99.2506364205838,99.57604692459084,97.49341260552879,98.25580596923828,32371300
2019-01-23,98.66489943811888,99.52026623488581,97.93968975207686,99.21344757080078,25874300
2019-01-24,99.35289504058741,99.48305922350004,97.93967377837055,98.7392578125,23164800
2019-01-25,99.70619537176789,100.30123365462165,98.73925638877654,99.64111328125,31225600
2019-01-28,98.7950478242376,98.99959356754458,97.30745209120867,97.69794464111328,29476700
2019-01-29,97.5120202571765,97.59570131086619,94.99240267000675,95.70831298828125,31490500
2019-01-30,97.27027190253312,98.90662384033203,97.0006440382168,98.90662384033203,49471900
2019-01-31,96.50788897784095,97.82813003379717,95.9314424029477,97.0936279296875,55636400
2019-02-01,96.48928049497349,96.78679967665957,95.15974010012883,95.55953216552734,35535700
2019-02-04,95.64321878073363,98.36738182859409,95.55023826763384,98.31159210205078,31315100
2019-02-05,98.60908790809776,99.73408233423439,98.51611451047125,99.6875991821289,27325400
2019-02-06,99.48307962460183,99.48307962460183,98.1163483303264,98.58122253417969,20609800
2019-02-07,97.8002135491201,98.17210714724324,96.96343876651164,97.87458801269531,29760700
2019-02-08,97.05642899278847,98.34877862254439,96.93556426178561,98.24650573730469,21461100
2019-02-11,98.73926080319359,99.09256967615708,97.59567443390694,97.85600280761719,18914100
2019-02-12,98.68347951708743,99.61322777490315,98.06984935550553,99.38079071044922,25056600
2019-02-13,99.94796336376234,100.20829180780943,99.21346120039057,99.30643463134766,18394900
2019-02-14,98.84154336476908,99.75269985547057,98.23721262089163,99.39009857177734,21784700
2019-02-15,100.32915087817263,100.69175217813137,99.81778643288865,100.61737060546875,26606900
2019-02-19,100.21755244889691,101.02643588099372,100.20825298137892,100.57085418701172,18038500
2019-02-20,100.71093618428742,100.78563541714837,99.24499757701822,100.0479965209961,21607700
2019-02-21,99.81456635053183,102.22356317255677,99.78655591925192,102.158203125,29063200
2019-02-22,102.75577215535148,103.82954323695353,102.54101366480498,103.61479187011719,27763200
2019-02-25,104.35244034620297,104.74460062745418,103.885580833177,104.1937026977539,23750600
2019-02-26,103.8856146297209,105.73437491347283,103.80157618570684,104.91270446777344,21536700
2019-02-27,104.28706367917597,104.91265361724037,103.53074654448424,104.73524475097656,21487100
2019-02-28,104.61388477854021,105.39820537286741,104.32443414830676,104.60454559326172,29083900
2019-03-01,105.40752762354012,105.5289085178153,104.26838940875324,105.0713882446289,23501200
2019-03-04,105.52891910725002,105.74367761343628,103.45606889424135,104.81929779052734,26608000
2019-03-05,104.80998090807147,104.94070102705761,103.8575904520707,104.29643249511719,19538300
2019-03-06,104.45515034949226,105.1927892373233,104.04431169710259,104.34310150146484,17687000
2019-03-07,104.01629269441734,104.15635196198211,102.58770383741921,103.07323455810547,25339000
2019-03-08,101.92473812032485,103.37199785110586,101.58859881378159,103.18525695800781,22818400
2019-03-11,103.63347005532513,105.46355844471744,103.62413799437518,105.35151672363281,26491600
2019-03-12,105.34217904261601,106.43462858104856,105.18344851967332,106.08915710449219,26132700
2019-03-13,106.56536424475901,107.37770247147073,106.23856396632733,106.91084289550781,35513800
2019-03-14,106.94817611187712,107.56442695329264,106.75209597489443,106.99485778808594,30763400
2019-03-15,107.69512177877593,109.47852808638652,106.99483268653891,108.22734832763672,54681100
2019-03-18,108.47012817236444,109.81468573326495,108.35808645809621,109.77733612060547,31207600
2019-03-19,110.26288233080987,110.58968970657254,109.23579277134337,109.85205078125,37588700
2019-03-20,109.60927095209536,110.87912934011904,108.97434175808351,109.73065185546875,28113300
2019-03-21,109.37585250708065,112.81193900786722,109.32916370357661,112.251708984375,29854400
2019-03-22,111.57940993658055,111.66344121924405,109.2824622688819,109.29180145263672,33624500
2019-03-25,108.83428492645136,110.18818175771925,108.61019435992486,109.86138153076172,27067100
2019-03-26,110.7577501196485,110.84178141009679,109.10506350372624,110.09481048583984,26097700
2019-03-27,110.06680905867063,110.37493808288177,107.86323133038577,109.03038024902344,22733400
2019-03-28,109.65596248224365,109.78668257335133,108.43278573872087,109.17976379394531,18334800
2019-03-29,110.24419889516015,110.47762863849061,109.20777026487609,110.12281799316406,25399800
2019-04-01,111.06586554480268,111.21526399523096,110.27220586710551,111.1312255859375,22789100
2019-04-02,111.1685899892928,111.56075741198899,110.66438083757869,111.28997802734375,18142300
2019-04-03,111.91554749261229,112.4477669786129,111.25260793101222,112.01825714111328,22860700
2019-04-04,112.13967304377272,112.26106109737731,110.53367490076609,111.44872283935547,20112800
2019-04-05,111.47671348696194,112.26104116991424,111.4580422409513,111.94357299804688,15826200
2019-04-08,111.86886241905232,112.06494253897311,110.77641298361789,111.98091125488281,15116200
2019-04-09,110.76708177801224,111.6167694825802,110.72040010250305,111.3740005493164,17612000
2019-04-10,111.82220197706854,112.37309282947759,111.61678263423418,112.22370147705078,16477200
2019-04-11,112.55049604077544,112.83994666899973,111.97158766061578,112.35441589355469,14209100
2019-04-12,112.64386845859573,112.96133664791964,112.3917674431804,112.93331909179688,19745100
2019-04-15,112.92400082971932,113.52158053989581,112.5785221657655,113.0267105102539,15792600
2019-04-16,113.57756627796037,113.58690546158695,112.13963831899072,112.76522827148438,14071800
2019-04-17,113.20408182482275,113.77365094577425,112.55048141899813,113.6989517211914,19300900
2019-04-18,114.0911432658111,115.33298430004031,113.2601338064279,115.19293212890625,27991000
2019-04-22,114.49262119943018,115.78115079698999,114.44593240204404,115.55706024169922,15648700
2019-04-23,115.87451486532875,117.25642198130265,115.62241389502043,117.12570190429688,24025500
2019-04-24,117.4525046400953,117.508525496108,116.26667761395251,116.72420501708984,31257000
2019-04-25,121.43950101283745,122.66267072550787,120.2910305361025,120.58981323242188,38033900
2019-04-26,121.10335282714593,121.86900925461165,120.46843073869071,121.28076171875,23654900
2019-04-29,121.29009784726212,121.55153803920774,120.77656377214015,121.1687240600586,16324200
2019-04-30,121.20605673582125,122.03706604593145,120.81389647966573,121.9437026977539,24166500
2019-05-01,121.87834865100939,121.99039037985155,119.23592198224438,119.40399169921875,26821700
2019-05-02,119.49735202590337,119.51602327010687,117.2003971848161,117.84466552734375,27350200
2019-05-03,118.91842546504432,120.85121594844847,118.8157158284197,120.3563461303711,24911100
2019-05-06,118.01273434521478,120.03890270250588,117.75129418604304,119.65607452392578,24239800
2019-05-07,118.07809941249357,118.75037820682213,115.98657092635722,117.20040130615234,36017700
2019-05-08,117.12572576361251,117.9940848084473,116.48145730733499,117.19108581542969,28419000
2019-05-09,116.05194062080588,117.4525191842377,115.37966177056487,117.1817398071289,27235800
2019-05-10,116.63083945472908,119.45066759743007,115.613082077527,118.70368957519531,30915100
2019-05-13,115.88386088832989,117.22841847255457,114.88478188441582,115.17423248291016,33944900
2019-05-14,115.65976968236609,117.53653965547308,115.50103204577395,116.4627685546875,25266300
2019-05-15,116.4533980652619,118.74947455783695,115.92857506546898,118.10282135009766,24722700
2019-05-16,118.78697408775089,121.25174980266455,118.51519238172982,120.83000946044922,30112200
2019-05-17,120.24896077205302,122.26389625246225,119.88346297609567,120.0240478515625,25770500
2019-05-20,118.57140859779234,119.57418582179464,117.8591605611729,118.2902603149414,23706900
2019-05-21,119.4242683748676,119.51798449024008,118.6276706690796,118.92756652832031,15293300
2019-05-22,118.6651098713915,120.18333605797481,118.57138664438096,119.64913940429688,15396500
2019-05-23,118.27152508977515,118.35587458844678,116.90324995090113,118.2527847290039,23603800
2019-05-24,118.93692628093338,119.4148805580818,118.05597916997831,118.30901336669922,14123400
2019-05-28,119.00252276681033,119.95843842699016,118.13094945161102,118.23403930664062,23128400
2019-05-29,117.50305821760065,117.5124319743524,116.24724651595984,117.09070587158203,22763100
2019-05-30,117.39055834585464,117.85914590909843,116.94071113910594,117.8310317993164,16829600
2019-05-31,116.4252620757047,116.79075978094686,115.57242933008745,115.9098129272461,26646800
2019-06-03,116.06915576760241,116.55649091208123,111.53323089252349,112.31108093261719,37983600
2019-06-04,113.66062169109387,115.5349723315145,113.07020381339026,115.42251586914062,29382600
2019-06-05,117.10005529871479,117.96226204134769,116.40654755253824,117.92477416992188,24926100
2019-06-06,118.49644977762242,119.93032687355803,117.70921879058938,119.78974914550781,21459000
2019-06-07,121.07369439200866,123.94144887957053,120.20211381824578,123.14484405517578,33885600
2019-06-10,124.08200083131871,125.65646273119582,123.70713644095551,124.26944732666016,26477100
2019-06-11,125.46902063023671,125.8064042749911,123.03235938477074,123.80084991455078,23913700
2019-06-12,123.14482274128426,123.6790195005128,122.49818382770798,123.22917938232422,17092500
2019-06-13,123.68835341369709,124.64427592483341,123.29474162679526,124.00700378417969,17200800
2019-06-14,123.95079488599688,125.3846718914783,123.36975080016143,124.12886047363281,17821700
2019-06-17,124.29752823607332,125.32841218426158,124.20380501343983,124.50370788574219,14517800
2019-06-18,125.75953333767319,126.74357008698209,125.17848933148368,126.66859436035156,25934500
2019-06-19,126.51865291062886,127.39021898882586,125.40341212657643,127.1653060913086,23744400
2019-06-20,128.8147179330913,129.01153100119956,127.19340897262391,128.34613037109375,33042600
2019-06-21,127.99938568071065,129.0771313997995,127.88692923702365,128.36488342285156,36727900
2019-06-24,128.39301260860177,129.70505227285932,128.39301260860177,129.12400817871094,20628800
2019-06-25,128.62730331336337,128.94593946694656,124.39126717105714,125.04728698730469,33327400
2019-06-26,125.90952592665388,127.2121992146188,125.20664434753263,125.51589965820312,23657700
2019-06-27,125.7126792946035,126.24687601646973,125.12225434941632,125.7220458984375,16557500
2019-06-28,126.11567617426313,126.14379028684033,124.7942556824987,125.54399871826172,30043000
2019-07-01,128.04624211699206,128.11183693976884,126.49052797487622,127.15591430664062,22613500
2019-07-02,127.56831318213736,128.00878677212702,126.83731750091239,127.99942016601562,15237800
2019-07-03,128.20554249064324,129.08648927612992,127.72757408992075,128.82408142089844,13629300
2019-07-05,127.39958719907978,128.70226003465305,127.19340753012654,128.44921875,18141100
2019-07-08,127.83074521709179,128.4867795725902,126.8654554999226,128.35557556152344,16779700
2019-07-09,127.45587111679995,128.36493251804316,127.26843887224915,127.88697814941406,19953100
2019-07-10,128.51488396908354,129.87378561659764,128.41179408960792,129.1896514892578,24204400
2019-07-11,129.51761541929264,130.4735381689589,129.2083458738077,129.70504760742188,22327900
2019-07-12,130.1268282006899,130.3892362053594,129.33958988651776,130.17367553710938,18936800
2019-07-15,130.67975833194603,130.7734673049487,129.7613303156029,130.17367553710938,16651500
2019-07-16,130.22986566699126,130.3142079987972,127.94315600364351,128.4679718017578,22726100
2019-07-17,129.0490467493385,129.26459308233143,127.662031193312,127.70889282226562,20211000
2019-07-18,127.03414156837758,128.0369119147931,126.20942255438109,127.84947967529297,30381800
2019-07-19,131.41073283770953,131.83245889838872,127.8775776534815,128.03689575195312,48992400
2019-07-22,128.77727619478478,130.4454472763572,128.7023004461548,129.73318481445312,25074900
2019-07-23,130.9796276309641,131.19518826722913,129.35831820693474,130.53915405273438,18034600
2019-07-24,130.173652212413,131.89806574861151,130.1268048843877,131.8793182373047,20738300
2019-07-25,131.60751178192618,131.77621076081525,130.56726099610725,131.38259887695312,18356900
2019-07-26,131.55125098999684,132.77894795958767,131.48565617567087,132.46031188964844,19037600
2019-07-29,132.61028854399578,132.61965514777933,130.61410082590473,132.16981506347656,16605900
2019-07-30,131.3357339100722,132.34788485715055,131.01709776936946,131.5325469970703,16846500
2019-07-31,131.51382257065262,131.66377406323966,126.5936518339119,127.70889282226562,38598800
2019-08-01,128.39302523237436,132.08549846503925,128.32741609263078,129.3864288330078,40557500
2019-08-02,129.41455750603876,129.630118160732,126.76234920406252,128.29931640625,30791600
2019-08-05,124.92547120419214,125.51588192312003,122.56378542799958,123.9039535522461,42749600
2019-08-06,125.39406392962694,127.1559438528332,124.8411339085186,126.2281494140625,32696700
2019-08-07,125.38465553084156,127.1278018610556,123.54780026684001,126.78105163574219,33414500
2019-08-08,128.0181509900207,130.25799937259114,127.39023095836242,130.16427612304688,27496500
2019-08-09,129.90183193685505,130.62346071653496,127.88691133533591,129.05838012695312,23466700
2019-08-12,128.45863079519498,129.19899302216984,126.74359820594343,127.259033203125,20484300
2019-08-13,127.50273192075849,130.07996459196022,126.51869476808513,129.8925323486328,25154600
2019-08-14,128.21879028243967,128.7453538582876,125.6893912112304,125.98088073730469,32527300
2019-08-15,126.3663544421308,126.5450129432444,124.35412196496414,125.69873809814453,28074400
2019-08-16,126.82716264781403,128.3128324428672,126.67671180451653,128.00253295898438,24449100
2019-08-19,129.61984447396847,130.27804898282625,128.71715375626195,130.1464080810547,24355700
2019-08-20,129.95831033623563,130.42845831403469,129.04622211148325,129.0650177001953,21170800
2019-08-21,130.27801550755848,131.16189605567308,129.7608498307065,130.50367736816406,14970300
2019-08-22,130.38148140416342,130.88923506588887,128.1529695362707,129.55401611328125,18697000
2019-08-23,128.99922989022528,130.08997685734383,124.87133040480121,125.42610168457031,38508600
2019-08-26,126.93054718229551,127.46650837801693,125.9056137592903,127.36307525634766,20312600
2019-08-27,128.24696697682626,128.5572663691494,126.62025896353632,127.63578033447266,23102100
2019-08-28,126.82711264774014,127.65456326409968,125.57651740795328,127.46650695800781,17393300
2019-08-29,129.0556499225792,130.17460466564032,128.73595266678487,129.8737030029297,20168700
2019-08-30,130.84215618977962,130.87036391625057,128.13411401414186,129.62918090820312,23940100
2019-09-03,128.4538145630493,129.00858566210263,127.59814190993436,127.91783905029297,18869300
2019-09-04,129.10264919338846,129.4693640751677,128.33159955346446,129.41294860839844,17995900
2019-09-05,130.8045807436743,131.99876071400755,130.47547139548067,131.68846130371094,26101800
2019-09-06,131.6696496804195,131.81068834339504,129.94890625322523,130.79518127441406,20824500
2019-09-09,131.2558835496262,131.40633431681803,128.3127675357257,129.30947875976562,25773900
2019-09-10,128.63245073788235,128.71707390485645,126.47916561527498,127.95543670654297,28903400
2019-09-11,127.7956184067655,128.13412550254242,127.02456888669381,127.99307250976562,24726100
2019-09-12,129.61977808668323,130.1557392166137,128.69827789846434,129.30947875976562,27010000
2019-09-13,129.5539574876609,129.81723917056854,128.41620757533343,129.12142944335938,23363100
2019-09-16,127.72044937965595,128.5385025772367,127.56060072885184,128.1905975341797,16731400
2019-09-17,128.78293550075657,129.30949892024898,128.2845654632615,129.187255859375,17814200
2019-09-18,129.15908513031417,130.39087084259643,128.37863757149674,130.2498321533203,23982100
2019-09-19,131.9235509645385,133.86995650837275,131.7072868702859,132.6475830078125,35772100
2019-09-20,132.59114075955173,133.1929296572514,129.99592882843055,131.11488342285156,39167300
2019-09-23,130.91743266067522,131.29355974001268,130.17460499412792,130.8328094482422,17139300
2019-09-24,131.97998100338765,132.29028048475192,128.70775410102752,129.1779022216797,29773200
2019-09-25,129.29070637265758,131.603840959693,127.90847003670576,131.03965759277344,21382000
2019-09-26,131.1148565864489,131.81066633800296,130.17456072951543,131.20887756347656,17456600
2019-09-27,131.78251908037774,131.97998761396647,128.49148207097198,129.5070037841797,22477700
2019-09-30,129.80788392497303,130.9080286779575,129.55399995189035,130.7293701171875,17280900
2019-10-01,131.32176186546792,131.8765331425289,128.82057069894088,128.8863983154297,21466600
2019-10-02,128.1153113342721,128.22814224654417,125.604723101785,126.61083221435547,30521700
2019-10-03,126.8929440104205,128.5854797023842,125.26623592626193,128.14353942871094,24132900
2019-10-04,128.58550183542954,129.9959460968785,128.27520237617705,129.8737030029297,22897700
2019-10-07,128.9521900639223,129.9300915696498,128.83935913766322,128.93338012695312,15303700
2019-10-08,128.89574385932883,129.53513808600636,127.5229057435586,127.5699234008789,25550500
2019-10-09,129.25311191688624,130.41906993166458,128.79236164950365,129.98654174804688,19749900
2019-10-10,130.22160013201596,131.33114254149964,129.99592392347657,130.79518127441406,17654600
2019-10-11,131.75426290595945,132.6099356573228,131.17128401274712,131.3405303955078,25446000
2019-10-14,131.3499941813156,131.91416336011372,131.19014552993363,131.21835327148438,13304300
2019-10-15,131.69783511683093,133.32454292812406,131.4627611531502,133.11769104003906,19695700
2019-10-16,132.3842802970394,132.57235099340375,131.19951238795443,132.0269775390625,20751600
2019-10-17,132.5347590031116,132.97669940655788,130.71999405312465,131.34999084472656,21460600
2019-10-18,131.41578785984123,131.64146410636755,128.4068429783947,129.2061004638672,32273500
2019-10-21,130.18398633013535,130.23100400258022,128.82995771128697,130.16517639160156,20078200
2019-10-22,130.6729867324793,131.65088863711318,128.12477727536273,128.22821044921875,27431000
2019-10-23,128.70774220016742,129.24370354730698,127.51356206675086,129.04624938964844,29844600
2019-10-24,131.06787151199163,132.03637533761412,130.39085717884856,131.5850372314453,37029300
2019-10-25,131.02086970885873,132.71340574673843,130.8892288141226,132.327880859375,25959700
2019-10-28,135.77875297709673,136.97293305797643,134.94189001044404,135.581298828125,35280100
2019-10-29,135.47786032917864,135.87278295929912,134.13322947987797,134.302490234375,20589500
2019-10-30,134.95127715919725,136.34291113129765,134.26485079344687,135.9761962890625,18496600
2019-10-31,136.24887810336656,136.2770858341867,134.4529237341156,134.8102264404297,24605100
2019-11-01,135.64705084406975,135.79750159768017,134.434075719048,135.13929748535156,33128400
2019-11-04,136.18309684484328,136.34294547297444,135.5531001288743,135.91981506347656,16912000
2019-11-05,136.31470507124052,136.36172273831394,135.31799365950533,135.8351593017578,18250200
2019-11-06,135.75053488730626,135.89158790216462,134.65039024075023,135.45904541015625,16575800
2019-11-07,135.25218734577064,136.23010332282993,135.1863740797304,135.64710998535156,17786700
2019-11-08,135.38383922982865,137.27384372374954,135.17697292355092,137.24563598632812,16732700
2019-11-11,136.6625953754945,137.67811661507872,136.08901433316757,137.38662719726562,14362600
2019-11-12,137.54654082707358,138.75953108187306,137.33967449443773,138.2893829345703,18641600
2019-11-13,137.97905333826856,138.65606767053015,137.54651082407602,138.5150146484375,16919200
2019-11-14,138.24231337732473,139.54932416248266,138.22350344111155,139.22021484375,19729800
2019-11-15,140.03827371911223,141.03499951221406,139.41768927527346,141.0161895751953,23485700
2019-11-18,141.11020515781956,141.5615431486386,140.0852717765639,141.36407470703125,21534000
2019-11-19,141.87186776766802,142.29499810615428,141.23245901467087,141.41111755371094,23935700
2019-11-20,141.81681624605952,142.31686774439638,140.07135808662335,141.16580200195312,25696800
2019-11-21,140.95824054627357,141.33564743404634,140.10910024283606,141.03372192382812,18576100
2019-11-22,141.59040048900815,141.8074004595796,140.41103091498735,141.13751220703125,15901800
2019-11-25,141.52433420250148,142.7980589689639,141.4488528300015,142.68482971191406,22420900
2019-11-26,142.80749590026912,143.807598941976,142.76976241042755,143.43963623046875,24620100
2019-11-27,143.72270186896043,143.88309441054716,142.95847265456396,143.71327209472656,15184400
2019-11-29,143.50568823109214,143.69438447402376,142.73201491949175,142.8263702392578,11977300
2019-12-02,143.23205671678392,143.2509306587758,139.93926647088404,141.09976196289062,27418400
2019-12-03,139.15618215141686,140.98655166596816,138.36363484378063,140.8733367919922,24066000
2019-12-04,141.65641987223628,141.69415335935184,140.76953176072647,141.3828125,17574700
2019-12-05,141.57152699865006,141.8262748585036,141.0337275608038,141.4582977294922,17869100
2019-12-06,142.4584396893398,143.28870622500705,141.77912154413693,143.1754913330078,16403500
2019-12-09,142.5338724971307,143.6094567942985,142.38290976152146,142.80747985839844,16687400
2019-12-10,142.741463513006,143.307566713041,142.24141192483611,142.59051513671875,16476100
2019-12-11,142.97733313010576,143.28868844106424,141.8357113865266,143.1282958984375,18856600
2019-12-12,143.08111449274102,144.76997982651594,142.48672200245406,144.58128356933594,24612100
2019-12-13,144.35479306482947,146.137998756237,144.19440057790462,145.79833984375,23845400
2019-12-16,146.34566151797503,147.09101700504186,146.07205401924585,146.74192810058594,24144200
2019-12-17,146.66640764769517,146.91172575014735,145.72291192220777,145.94935607910156,25425600
2019-12-18,145.58137795355316,146.69469588173047,145.46814868875833,145.6474151611328,24129200
2019-12-19,145.29831367408323,146.9683048168397,145.06243978824867,146.9116973876953,24958900
2019-12-20,148.45903282837668,149.53461719601128,147.45891543689208,148.51564025878906,53477500
2019-12-23,149.18551404746862,149.18551404746862,148.38355145562693,148.51564025878906,17718200
2019-12-24,148.58169139119875,148.79870575692377,148.24203238028258,148.4873504638672,8989200
2019-12-26,148.65715661904102,149.761044685428,148.5061938757916,149.70443725585938,14520600
2019-12-27,150.44037676943395,150.53473209198071,149.2798811644335,149.9780731201172,18412800
2019-12-30,150.00640386931494,150.03470759185922,147.87409412695496,148.6855010986328,16348400
2019-12-31,147.911816821668,148.8553124700103,147.60989130382995,148.7892608642578,18369400
2020-01-02,149.80823721712613,151.6480508437844,149.38366705660513,151.5442657470703,22622100
2020-01-03,149.3742503968611,150.91213864205648,149.1289322940356,149.65728759765625,21116200
2020-01-06,148.20428443592868,150.11014950002246,147.66648505583996,150.04409790039062,20813700
2020-01-07,150.31775905585243,150.6479739507231,148.4307674396651,148.6760711669922,21634100
2020-01-08,149.949776674837,151.71412356453547,149.0251548459884,151.0442352294922,27746500
2020-01-09,152.6953089852153,153.05384188381842,151.93107993006555,152.93118286132812,21385000
2020-01-10,153.6199555862088,153.9973480554913,152.07260903099078,152.22357177734375,20725900
2020-01-13,152.61985290151284,154.08227405500872,152.1481050711336,154.05397033691406,21626500
2020-01-14,154.1577784087756,154.35591886156726,152.58214214809243,152.96897888183594,23477400
2020-01-15,153.43125473603405,154.6766758779403,153.38409147181704,153.95960998535156,21417900
2020-01-16,155.06353066383713,156.84673703698928,154.76160511659748,156.7806854248047,23865400
2020-01-17,157.96005323691986,158.0072309026949,156.08249155325078,157.65814208984375,34371700
2020-01-21,157.26187861407058,158.68656653645183,157.0260046557006,157.09205627441406,29517200
2020-01-22,157.94115889124797,158.02608443731478,156.31834529508856,156.33721923828125,24138800
2020-01-23,156.79952432683427,157.37505717560433,155.9315101674203,157.29957580566406,19680800
2020-01-24,158.0450052974697,158.06387924798452,155.1579099227608,155.71456909179688,24918100
2020-01-27,152.04431893650815,154.1483246112151,151.14800094421565,153.1104736328125,32078100
2020-01-28,154.52572901855586,156.3938465269941,153.8558551144735,156.11080932617188,24899900
2020-01-29,158.35633240490503,159.21491704236274,156.32782218345113,158.54502868652344,34754500
2020-01-30,164.21544030441976,164.21544030441976,161.1396349055562,163.01719665527344,51597500
2020-01-31,162.47939891941252,162.6586510071575,159.99800065070156,160.61126708984375,36142700
2020-02-03,160.79992994302856,164.6399635094619,160.7716262299697,164.52674865722656,30107000
2020-02-04,167.1308156372182,170.43305034843976,166.3477125352507,169.9424285888672,36433300
2020-02-05,173.63145813224057,173.7918506234082,168.32901856605005,169.7348175048828,39186300
2020-02-06,170.7444178576712,173.433386359374,169.88583331610553,173.25411987304688,27751400
2020-02-07,172.51816064750537,175.1410770270383,172.16905751732648,173.4993896484375,33529100
2020-02-10,173.20694984601053,178.16973226048214,172.89559452391404,178.0376434326172,35844300
2020-02-11,179.87740947996318,179.9245871338013,173.13142248247357,174.018310546875,53159900
2020-02-12,175.0939844729603,175.34873241683061,171.57474852319191,174.2731475830078,47062900
2020-02-13,172.73518298540432,175.70718848393082,172.5370425670888,173.32958984375,35295800
2020-02-14,172.89556091915946,174.93351477862925,172.32945782599572,174.8769073486328,23149500
2020-02-18,175.12222224761544,177.09412463421762,175.01843715376268,176.6506805419922,27792200
2020-02-19,177.91840113107367,178.0319252173796,176.41414924383423,177.1804656982422,29997500
2020-02-20,176.86829430160537,177.15211900829618,171.33377748279395,174.4747314453125,36862400
2020-02-21,173.29215209549287,173.60435785009562,167.6914028824493,168.95913696289062,48572600
2020-02-24,158.72261999532847,165.1369917090435,154.42744187826224,161.6743621826172,68311100
2020-02-25,164.805838994472,165.41132486252457,158.6090607667317,159.0064239501953,68073300
2020-02-26,160.5580092088058,163.9165558484015,159.1389001151431,160.99319458007812,56206100
2020-02-27,154.5125922995576,158.02251375085504,149.460553371622,149.64976501464844,93174900
2020-02-28,144.19093515495462,154.8815589206955,143.80304190624392,153.27322387695312,97012700
2020-03-02,156.39527365057177,163.5948873794093,153.5570555882588,163.47189331054688,71030800
2020-03-03,164.42748417960902,165.56276885025378,153.50979408102128,155.63845825195312,71677000
2020-03-04,159.4038144705728,161.4946273164488,156.6885756636078,161.35272216796875,49814400
2020-03-05,157.09534494624057,161.65540698924337,156.75475826135863,157.30348205566406,47817300
2020-03-06,153.8408886668746,154.3139250363766,147.5873472846213,152.8569793701172,72821100
2020-03-09,142.8569792905139,149.24297008661304,141.9109065799807,142.49746704101562,70419300
2020-03-10,149.63084915826624,152.34607296024774,144.35176220231784,152.24200439453125,65354400
2020-03-11,148.6564082651572,149.19566219854573,142.99888311407793,145.34515380859375,56371600
2020-03-12,137.4643820960806,145.19379521674048,131.10677166189632,131.56088256835938,93226400
2020-03-13,139.54569124869116,153.17859919394692,133.1407764964393,150.2646942138672,92727400
2020-03-16,132.450139917306,141.2959228932939,127.71977777740219,128.11712646484375,87905900
2020-03-17,132.4501739191631,139.54571895054684,127.71981056490728,138.66587829589844,81059800
2020-03-18,130.55802937295286,138.12661078587766,127.73873683869692,132.82859802246094,81593200
2020-03-19,135.0708001368095,142.05280667661373,131.5041021024752,135.0140380859375,85922700
2020-03-20,138.12659117445455,139.16727674534297,128.53341617306285,129.9430694580078,84866200
2020-03-23,129.62141109096703,132.98944191639754,125.37355404915603,128.64695739746094,78975200
2020-03-24,135.99790891117829,141.53243828297485,133.6516533768898,140.3403778076172,82516700
2020-03-25,140.8796838162509,146.00739592119635,136.65073785463616,138.9969940185547,75638200
2020-03-26,140.3971505448925,148.21171848467063,140.36876952530807,147.69137573242188,64568100
2020-03-27,143.56651157981065,146.53717885318503,141.15402365454713,141.62705993652344,57042300
2020-03-30,144.21931847637944,151.93927483997578,141.92035440787237,151.58921813964844,63420300
2020-03-31,150.80397455281383,155.89385002651397,148.11713169291087,149.2051239013672,77927200
2020-04-01,144.74913922915178,149.24298505489344,142.6867074425819,143.90713500976562,57969900
2020-04-02,143.67061116980452,147.09538997151475,142.25150201737102,146.8872528076172,49630700
2020-04-03,146.7358483748475,148.8928924883755,143.98277397555609,145.53433227539062,41243300
2020-04-06,151.67440982053907,157.52113324226872,149.0821649534325,156.3574676513672,67111700
2020-04-07,160.4444503945996,160.83234362915013,154.45580904362706,154.6734161376953,62769000
2020-04-08,156.735833137713,157.68190566062015,154.68285749531506,156.22496032714844,48318200
2020-04-09,157.38866118857393,158.34418945652004,154.52206194881128,156.2344512939453,51385100
2020-04-13,155.48705455059172,156.641264403409,153.54760262178084,156.58448791503906,41905300
2020-04-14,159.88630076083996,164.38014649228367,158.94022797527285,164.3328399658203,52874300
2020-04-15,161.9676250441045,164.20982690607568,160.11333084582998,162.6109619140625,40940800
2020-04-16,164.9004763113015,167.71976894625868,163.57596585517592,167.49270629882812,50479600
2020-04-17,169.82007244079958,170.2931088542837,166.38582345940864,168.96861267089844,52765600
2020-04-20,167.1048327083939,169.11050229797053,165.5532739920201,165.61949157714844,36669600
2020-04-21,164.1436140033889,164.30444463062025,157.152137304255,158.76992797851562,56203700
2020-04-22,162.14741225062102,164.61666276960204,161.60815827581536,164.1625518798828,34620200
2020-04-23,164.72070363625357,165.6194697336528,161.69327415431388,162.17576599121094,32790800
2020-04-24,162.78126717777104,165.14644893831272,161.50407768863286,165.13699340820312,34277600
2020-04-27,167.0669739854221,167.36025421154562,163.95440116620728,164.66395568847656,33194400
2020-04-28,166.12093376614055,166.19662132895724,160.25528478914947,160.6526336669922,34392700
2020-04-29,163.8787209318409,168.09819726179364,162.61098692676447,167.86167907714844,51286600
2020-04-30,170.29312182926319,170.67154521451303,166.72642295777965,169.5457305908203,53875900
2020-05-01,166.31959502467402,169.0064382134677,164.62611669069204,165.1559295654297,39370500
2020-05-04,165.0802105916358,169.34699275403744,164.4274181980878,169.19561767578125,30372900
2020-05-05,170.87965061593798,173.74624981187438,170.19847710047543,171.01210021972656,36839200
2020-05-06,172.26092059498853,174.26659011866553,171.83519076310364,172.69610595703125,32139300
2020-05-07,174.23818268876548,174.5976948832184,172.7339307739573,173.6989288330078,28316000
2020-05-08,175.00449726123495,175.02342275440157,173.47186434093456,174.72067260742188,30877800
2020-05-11,173.27320482134522,177.39808226581636,172.98939456730636,176.66961669921875,30892700
2020-05-12,176.7263689902823,176.9534171809746,172.46904218373015,172.66770935058594,32038200
2020-05-13,172.70555522733514,174.124664120845,167.01964968834875,170.05654907226562,44711500
2020-05-14,167.96574720991572,170.94588499008822,166.20605134339007,170.7945098876953,41873900
2020-05-15,169.40376544975464,176.9723466073332,167.4548581114258,173.2826690673828,46610400
2020-05-18,175.73302165772617,176.15875152825836,174.03955770661358,174.93832397460938,35264500
2020-05-19,175.05183675097177,176.53717787203394,173.59489109296922,173.7273406982422,26799100
2020-05-20,175.33057125762988,176.31723482942152,174.50520064509323,176.13697814941406,31261300
2020-05-21,175.89037841860198,177.0952410908258,173.88860485853687,174.02142333984375,29119500
2020-05-22,173.7937568947115,174.9986196647413,173.1770882359125,174.0973358154297,20826900
2020-05-26,176.78219182477463,176.93398853317638,171.8109726717298,172.25686645507812,36073600
2020-05-27,170.95710776267882,172.65530248461448,167.54176906562353,172.48452758789062,39517100
2020-05-28,171.4694145313809,174.7044964020531,171.1278792209249,172.09555053710938,33810200
2020-05-29,173.35729981066802,174.8183173188777,171.15630616184887,173.8506317138672,42130400
2020-06-01,173.1770761664217,173.61348802494285,172.15248471379252,173.45220947265625,22622400
2020-06-02,174.79938657870247,175.51091732461305,172.04814015163353,175.425537109375,30794600
2020-06-03,175.340121328542,176.40266906121542,174.1637188558485,175.8524169921875,27311000
2020-06-04,174.8468034419461,176.30780669177656,172.94938835191115,173.53758239746094,28761800
2020-06-05,173.25300037181995,178.1008974330214,172.6742880796406,177.59808349609375,39893600
2020-06-08,176.4027221118837,178.8788499291068,174.97966048074701,178.69859313964844,33211600
2020-06-09,178.3570056532285,180.91851294557603,177.65495690893232,180.06468200683594,29783900
2020-06-10,181.32647928613525,188.3374275256502,181.21262453597723,186.74359130859375,43872300
2020-06-11,183.2238936451731,185.7189846562895,176.52602066269233,176.71575927734375,52854700
2020-06-12,180.76672098608847,181.8862033655673,175.68164819844708,178.1103515625,43373600
2020-06-15,175.11244424815027,181.0323846706777,174.5716739870542,179.24880981445312,32770200
2020-06-16,182.99619824445867,185.54822386322215,181.63955340017736,183.64132690429688,42556700
2020-06-17,185.0264655273721,186.25030659316172,183.75520065647348,184.27699279785156,25687800
2020-06-18,184.04926617601018,186.4115532058611,184.04926617601018,186.25027465820312,23061600
2020-06-19,188.4038148339312,189.06790717419463,184.4002681133222,185.1402587890625,44441100
2020-06-22,185.74745201555635,190.46252987916642,185.21617808322773,190.28228759765625,32818900
2020-06-23,191.72428822727903,193.48888469214174,191.09813782578294,191.55352783203125,30917400
2020-06-24,191.25950297539768,192.8248650934524,186.47800743913982,187.69235229492188,36740600
2020-06-25,187.65439092058776,190.32025731194605,185.4439001839622,190.06410217285156,27803900
2020-06-26,189.48536568805383,189.6371623789604,184.88414249446612,186.259765625,54675800
2020-06-29,185.73798504625432,188.3469311186925,183.62237101173906,188.2615509033203,26701600
2020-06-30,187.73021388793944,193.91577534882836,187.59739543880687,193.07142639160156,34310300
2020-07-01,192.72045793900065,195.7658156516249,191.4207331819274,194.200439453125,32061200
2020-07-02,195.13018300511385,197.3501699136799,194.48506874999768,195.68043518066406,29315800
2020-07-06,198.1185610177487,200.3005908552015,197.41651235536588,199.89263916015625,31897600
2020-07-07,199.65551321746923,203.65906048150194,197.3217006083153,197.568359375,33600700
2020-07-08,199.2949790467451,202.32134362309262,197.98575814601915,201.9134063720703,33600000
2020-07-09,205.23387728787407,205.28131555395652,200.62315866150968,203.3269805908203,33121700
2020-07-10,202.66293464448427,203.09934655684924,200.25322345119181,202.7103729248047,26177600
2020-07-13,203.47879513374653,204.73109607206322,195.90811279433242,196.44888305664062,38135600
2020-07-14,195.55710644975017,198.13759233564966,191.66739941517432,197.66323852539062,37591800
2020-07-15,198.81118036102964,200.49039701855816,194.5135357015606,197.369140625,32179400
2020-07-16,194.8645323928501,195.14914756390348,191.93302942609668,193.46044921875,29940700
2020-07-17,193.9822422543224,194.52299805350623,191.06022113744223,192.4738006591797,31635300
2020-07-20,194.485030666848,201.41059806874654,192.5970975967738,200.7465057373047,36884800
2020-07-21,202.70086709030062,202.96650405732726,197.35963872790919,198.04270935058594,37990400
2020-07-22,198.46961730612836,201.41061651256538,197.70116650393845,200.88882446289062,49605700
2020-07-23,196.56274446847777,200.10142002435128,191.7812497049233,192.1512451171875,67457000
2020-07-24,190.13997095622724,192.4548197616395,187.37922843127433,190.97483825683594,39827000
2020-07-27,191.13608416979247,193.50785270867794,190.55737206725937,193.39401245117188,30160900
2020-07-28,193.16637019506712,194.20045808606014,191.39229147601208,191.65792846679688,23251400
2020-07-29,192.11326510422728,194.15298040006812,191.6483932266433,193.59324645996094,19632600
2020-07-30,190.69019104543287,193.9727250816807,189.33354638603836,193.44143676757812,25079600
2020-07-31,193.91579471916805,194.57990150729412,188.80226220258274,194.4945068359375,51044000
2020-08-03,200.6706491934441,206.47673546623366,199.64604317892886,205.4331512451172,78983000
2020-08-04,203.18469025802023,203.75392056729805,199.5226786078573,202.34982299804688,49280100
2020-08-05,203.87721967531724,203.97209620819024,200.71803669164214,202.01776123046875,28806400
2020-08-06,201.44854240090544,205.2718323790918,200.6990698627939,205.25286865234375,32656800
2020-08-07,203.82983727662753,204.63623006529596,200.11089067947304,201.58139038085938,27820400
2020-08-10,200.8129376573723,201.01217262455825,195.7658207101696,197.568359375,36716500
2020-08-11,196.53424855661615,196.99910596543356,192.7204403652862,192.94813537597656,36446500
2020-08-12,194.760130815179,199.49418583198894,194.2478352017247,198.46009826660156,28013100
2020-08-13,198.69733391145982,200.50936900980943,197.47349292783164,197.9952850341797,22588900
2020-08-14,198.05220958034238,198.8396386899495,196.86632498324673,198.18502807617188,17958900
2020-08-17,198.84910275139208,200.35754423975445,198.20397410771088,199.4942169189453,20184800
2020-08-18,199.73138532533153,201.4675217571168,198.47909897480957,200.64215087890625,21336200
2020-08-19,201.12721145538274,201.70732265950323,198.99696394115972,199.42491149902344,27627600
2020-08-20,199.2727129413533,204.46518399896465,198.67359226975614,204.06576538085938,26981500
2020-08-21,203.38106694213636,205.65395866789385,202.42056119155308,202.5822296142578,36249300
2020-08-24,204.26548318451816,204.9597243107967,202.0211204113091,203.21939086914062,25460100
2020-08-25,202.65830591741502,205.99631398949958,202.65830591741502,205.86317443847656,23043700
2020-08-26,207.20408028520444,211.20778593927406,206.7095557551651,210.3138427734375,39600800
2020-08-27,211.9685725901218,219.82383415417013,208.64957449804308,215.47776794433594,57602200
2020-08-28,216.99936246159774,219.3388308886957,215.4777698400072,217.693603515625,26292900
2020-08-31,215.8771899200654,217.49388844015004,213.3189953476914,214.47921752929688,28774200
2020-09-01,214.46021648733137,216.30516063040494,213.43313373208045,216.1339874267578,25725500
2020-09-02,216.7996706686181,221.45006436765206,216.21005476958462,220.29934692382812,34080800
2020-09-03,218.03594595556712,218.0739796006639,204.42712754859411,206.6524658203125,58400300
2020-09-04,204.5602944159865,207.66055205053038,195.13587224368297,203.75193786621094,59664100
2020-09-08,196.3816986090303,199.73873084324882,192.2923915711213,192.7298583984375,52924300
2020-09-09,197.42776995522604,204.3130063928278,196.57186053691743,200.93695068359375,45679000
2020-09-10,202.94360462855934,204.21795697838257,194.1088118526165,195.30706787109375,35461500
2020-09-11,197.04737049649287,198.40730923899483,191.379413634997,194.03269958496094,33620100
2020-09-14,194.232408321669,198.94936415629354,194.03269176907858,195.34507751464844,30375800
2020-09-15,198.20764208470226,199.50100412567605,196.7906452605592,198.5500030517578,21823900
2020-09-16,200.29981429738623,200.3283431648329,194.6128327120966,195.00274658203125,26328100
2020-09-17,190.2476971714737,194.31797909717446,190.16211058923744,192.96755981445312,34011300
2020-09-18,192.8629911592998,193.6713332416722,186.6339321767802,190.57107543945312,55225300
2020-09-21,187.52789122522552,192.77742085630518,186.75758272996697,192.61573791503906,39839700
2020-09-22,195.01221415675678,197.90326460276722,192.17823594587236,197.25657653808594,33517100
2020-09-23,197.7130433929197,197.9032551453432,190.22867238865066,190.76123046875,30803800
2020-09-24,190.05754700595773,195.49727363931507,189.4393876774126,193.23388671875,31202500
2020-09-25,193.57624581579412,198.79723173179755,192.61572557145266,197.63702392578125,29437300
2020-09-28,200.54707115888118,202.15426497540128,197.86524169936015,199.17762756347656,32004900
2020-09-29,199.09203395936672,199.7767557329698,196.67648367162218,197.10443115234375,24221900
2020-09-30,197.55139416516036,201.59314760698467,196.41970087967024,200.0240020751953,33829100
2020-10-01,203.02916650629612,203.5046669074444,200.96549650664707,202.0496368408203,27158400
2020-10-02,197.80817750902324,200.65167528471918,195.46870902474427,196.0868682861328,33154800
2020-10-05,197.06639754821663,200.10009258534964,196.838152119923,200.07156372070312,21331600
2020-10-06,198.58803404418717,199.88138146216883,194.7840300775394,195.82061767578125,28554300
2020-10-07,196.9142463619381,199.81480204347935,196.59090953478196,199.54852294921875,25681100
2020-10-08,200.19518750026828,200.84187563629666,198.1125077886739,200.2617645263672,19925800
2020-10-09,200.87991823945055,205.2830570981348,200.87991823945055,205.23550415039062,26458000
2020-10-12,208.06946199860556,212.89104309760754,206.1864844473891,210.55157470703125,40461400
2020-10-13,211.80692392954865,214.17492142049753,209.6291237184592,211.9400634765625,28950800
2020-10-14,212.07319672735386,213.23341896450984,208.3928279568552,210.03805541992188,23421700
2020-10-15,206.46233597001802,209.56259420220735,205.4257337859647,208.8968963623047,22733100
2020-10-16,209.36287759467425,211.3980192830193,208.5735594845126,208.8968963623047,26057900
2020-10-19,209.61965341943647,211.40754006872294,203.24794917359333,203.72344970703125,27625800
2020-10-20,205.22596854936802,206.71903220871076,202.64875008429092,204.13230895996094,22753500
2020-10-21,202.67725943855305,206.29106490980843,202.67725943855305,204.2749481201172,22724900
2020-10-22,203.44762839667925,205.47326508493126,201.32690031910607,204.360595703125,22351500
2020-10-23,204.49373522215961,205.68248642189366,202.71536807091684,205.6349334716797,18879600
2020-10-26,203.37157865089443,205.73956195852656,197.90332265899798,199.7863006591797,37111600
2020-10-27,201.2222840641838,204.1513686811001,200.0240281118137,202.8009490966797,36700300
2020-10-28,197.49432404044896,198.60699317677955,192.19725740794587,192.7488250732422,51195600
2020-10-29,194.0707590331236,197.199545583512,193.40504679969789,194.68890380859375,31432600
2020-10-30,193.52867830113843,194.27996260842124,189.8387902580295,192.5491485595703,36953700
2020-11-02,194.2799538734767,195.22144992256125,190.31428213947027,192.41600036621094,30842200
2020-11-03,193.89955827547783,197.92228771553013,193.16728357467176,196.31509399414062,27512000
2020-11-04,203.53316615116768,207.62247190816493,202.01155928447895,205.7870330810547,42311800
2020-11-05,211.16024781755988,213.13833156547503,210.31385753941993,212.3489990234375,36080100
2020-11-06,211.3694667927054,213.36657460037193,207.3467368207677,212.7579345703125,25231900
2020-11-09,213.44261392442576,216.94228977274764,207.20405123055107,207.68905639648438,44395000
2020-11-10,203.9896985273652,205.8917003784362,199.4439152641953,200.6707000732422,44045100
2020-11-11,201.98305746897677,207.35620613498025,201.8023649968637,205.93922424316406,29440800
2020-11-12,206.56692751698532,208.37382355937075,203.95167484393502,204.88365173339844,21593900
2020-11-13,205.75850926581873,206.76656767248534,203.66631065617423,205.90115356445312,18621100
2020-11-16,204.34154443508726,207.0709266945876,204.0087028500602,206.58590698242188,24953300
2020-11-17,205.51127030664728,207.01383873960796,203.59024470584538,203.95162963867188,24154100
2020-11-18,203.7132809002131,205.16259082846608,201.11978504928186,201.2628173828125,28372800
2020-11-19,201.54885769573278,203.12211144423998,200.16628461776338,202.5404815673828,24792700
2020-11-20,202.3307199828359,203.37002133531357,200.23304339047263,200.6049041748047,22843100
2020-11-23,201.13886511693934,202.41653919403498,198.47863240124832,200.3379364013672,25683500
2020-11-24,199.84210399056337,204.28537395912775,199.14605988233055,203.91351318359375,33979700
2020-11-25,205.10539897142638,205.2770203254931,202.57865426468067,203.92306518554688,21012900
2020-11-27,204.85747104569143,206.21142601667475,204.08513140142963,205.21978759765625,14512200
2020-11-30,204.14237308949788,204.77166592006517,201.03398396816428,204.11376953125,33064800
2020-12-01,204.53327483092292,207.2125957883334,203.4272367302626,206.1542205810547,30904500
2020-12-02,204.88605516495122,205.4486111007541,202.9027930641658,205.35325622558594,23724500
2020-12-03,204.62861999918616,206.31630244938077,203.71326261374324,204.2758331298828,25120900
2020-12-04,204.25674018076484,205.3627926747899,203.2651018933249,204.39022827148438,24666000
2020-12-07,204.39978258353827,205.51536487958126,203.08397540183014,204.32350158691406,24620000
2020-12-08,204.01837142335373,206.85976915066394,202.98859989721,205.96348571777344,23284100
2020-12-09,205.15305477478972,205.21979155573646,201.38676956150456,201.94932556152344,32440600
2020-12-10,201.92072995416368,203.16980044541748,200.57630457310324,200.72886657714844,26733300
2020-12-11,200.28071849667674,203.3986370668293,199.38443493743736,203.34141540527344,30979400
2020-12-14,203.18884003318382,206.1541961965847,202.9790709503109,204.2376708984375,28798400
2020-12-15,205.16255269063535,205.40092531976177,202.36883246084682,204.17092895507812,27000600
2020-12-16,204.76209463274458,209.87280453825505,204.73349108031036,209.08140563964844,35023300
2020-12-17,209.64397264344512,210.6165371249153,207.78466889145207,209.21490478515625,32515800
2020-12-18,208.4235076904297,209.4723531747455,205.97304440305473,208.4235076904297,63354900
2020-12-21,207.4318862354392,213.5818977933264,207.1744396955976,212.2374725341797,37181900
2020-12-22,212.3328406363443,215.13610554728626,211.53191196153603,213.5247039794922,22612200
2020-12-23,212.73330101406674,213.16236889979098,210.53073992478457,210.74050903320312,18699600
2020-12-24,211.1218553353906,213.21000176499152,210.91208627083006,212.38999938964844,10550600
2020-12-28,214.01097912101392,215.51749613359814,212.64749443916563,214.4972686767578,17933500
2020-12-29,215.7844577615069,216.61398993703023,213.18143246826625,213.72491455078125,17403200
2020-12-30,214.75473792274818,215.13614298840102,211.1696176003053,211.36984252929688,20272300
2020-12-31,211.38886401908798,212.62840471424002,209.46280892505516,212.07537841796875,20942100
2021-01-04,212.18024401338542,212.628385721211,204.81929604332316,207.5653533935547,37130100
2021-01-05,207.15536108460975,208.35676854372653,205.66791808676217,207.76559448242188,23823000
2021-01-06,202.30210645441338,206.42119298469675,202.08280768192805,202.37838745117188,35930700
2021-01-07,204.0851461523831,209.1386498496108,203.77050701978357,208.13748168945312,27694500
2021-01-08,208.509325603842,210.32096654437632,206.9360718717711,209.40560913085938,22956200
2021-01-11,208.3091269515907,208.72866521274221,206.65004779588634,207.3747100830078,23031300
2021-01-12,206.43071832954556,207.00281851869494,203.39862515474547,204.93373107910156,23249300
2021-01-13,204.06607693930206,206.67863205947245,203.98025172181406,206.27816772460938,20087100
2021-01-14,205.86816670165965,207.34608009721836,202.84560313156365,203.11257934570312,29480800
2021-01-15,203.58934296382472,204.53328946684098,202.16863655086178,202.75979614257812,31746500
2021-01-19,203.80862770514977,206.88839845005378,202.74072282622367,206.37351989746094,30480900
2021-01-20,207.5748754055162,215.2886099273774,207.18394081538668,213.9060516357422,37777300
2021-01-21,214.2493283744459,215.7749191075521,212.075371036692,214.50677490234375,30709400
2021-01-22,216.5186569680968,219.3695992284759,215.29819010893078,215.4412078857422,30172700
2021-01-25,218.46375592415686,219.09306319554696,213.7916579255343,218.8546905517578,33152100
2021-01-26,221.07636380300931,223.28845475671793,219.3791514478603,221.52450561523438,49169600
2021-01-27,226.93077069531466,229.2572901681162,219.43633373660575,222.06796264648438,69870600
2021-01-28,224.6519085705631,231.35494595830795,224.15608941190865,227.81748962402344,49111200
2021-01-29,225.01422690362025,226.94981144239858,220.59003159368262,221.17166137695312,42503100
2021-02-01,224.12750973113813,231.22148249088136,221.61982466737663,228.5040283203125,33314200
2021-02-02,230.07733162081746,231.04035208557335,227.58872006522793,228.37057495117188,25916300
2021-02-03,228.4277309103842,233.69098810658602,228.13213662786598,231.6981964111328,27158100
2021-02-04,231.374034827884,231.92706112737068,229.19053318429755,230.75425720214844,25296100
2021-02-05,230.96402835930283,231.96519641817662,229.2382126683199,230.9354248046875,18054800
2021-02-08,231.84123772980857,232.34658659294607,229.61007317756622,231.19287109375,22211900
2021-02-09,230.62079300643464,233.37638057200232,230.1535918707079,232.43243408203125,23565000
2021-02-10,233.60521400385034,234.48242367380797,229.68636677063753,231.526611328125,22186700
2021-02-11,233.39546343401466,233.74825035400383,230.88777811855226,233.11895751953125,15751100
2021-02-12,232.58500590564486,233.89129820652983,231.44081984540654,233.59571838378906,16561100
2021-02-16,233.63377520984275,234.68262057571042,231.62190968012231,232.36563110351562,26728500
2021-02-17,230.62633988583025,233.48383401445355,230.26317424435055,233.3787078857422,21653500
2021-02-18,231.08502464867303,233.12062720680663,230.18667690425352,232.98683166503906,16925600
2021-02-19,232.9486476243667,233.05377375121492,229.53683889334786,230.29183959960938,25262600
2021-02-22,226.89910873117762,227.38650364294293,222.1015579602541,224.11805725097656,36446900
2021-02-23,220.12335328691063,224.4239440997291,218.59424849819223,222.93307495117188,30228700
2021-02-24,219.81750035690945,224.77751683776836,218.85226200566777,224.1563262939453,26339700
2021-02-25,221.795780936671,224.1945494104652,217.78189953492432,218.84271240234375,39542200
2021-02-26,221.2701494526982,224.93998302961114,219.36832759287157,222.08248901367188,37819200
2021-03-01,225.4464768789382,226.9469119322539,222.8183385683915,226.44039916992188,25324000
2021-03-02,226.50732572851445,226.78448306985507,223.10508301602894,223.5064697265625,22812500
2021-03-03,221.87223909617876,223.22931252952912,217.18936527759203,217.47607421875,34029500
2021-03-04,216.69239700995695,222.18759526620298,214.32228361038455,216.68283081054688,44727800
2021-03-05,219.34922125325087,222.93304647278703,216.4248222073289,221.33705139160156,41872800
2021-03-08,221.11722762448446,223.0286010289096,217.06512533998108,217.3135986328125,35267400
2021-03-09,222.56031325714096,224.94952989865914,221.40392598629288,223.42042541503906,33080500
2021-03-10,226.49775933721102,226.49775933721102,221.75754664949608,222.12071228027344,29746800
2021-03-11,224.5481556095097,228.5715884889649,223.92695049895786,226.6219940185547,29907600
2021-03-12,223.64026135026475,225.37006669631376,222.89482681776772,225.30316162109375,22653700
2021-03-15,224.5481774437209,224.7679813250752,221.53775526745213,224.40481567382812,26034900
2021-03-16,225.80966043568304,229.42215512507744,225.4847304458189,227.17630004882812,28092200
2021-03-17,225.68540440109052,227.97906119030745,222.8948010361049,226.5359649658203,29562100
2021-03-18,222.2545388535398,223.81231313700073,220.1233611906888,220.49607849121094,34833000
2021-03-19,220.78273384233583,222.1684765675346,219.18673888764525,220.14242553710938,46430700
2021-03-22,220.0660021106585,226.4021956379215,219.94175816101423,225.53253173828125,30127000
2021-03-23,226.9660546794086,230.36829722374003,226.56466798871335,227.05206298828125,31638400
2021-03-24,227.3100762349969,227.45342339988957,224.89219016966658,225.02598571777344,25620100
2021-03-25,224.87307416129178,226.4403997014099,221.30836700029914,222.0442352294922,34061900
2021-03-26,221.28923500414234,226.22058135679828,221.28923500414234,226.00076293945312,25479900
2021-03-29,226.10594914214153,226.30664979770663,221.60467222897535,224.81578063964844,25227500
2021-03-30,223.18152021260835,223.48734696493838,220.85920846541862,221.5759735107422,24792000
2021-03-31,222.58898590552727,228.504688728598,222.092024753779,225.32225036621094,43623500
2021-04-01,227.9026180384794,232.07896442554832,227.50123135762215,231.61068725585938,30338000
2021-04-05,232.0025025067712,238.88345854528154,231.9451636368873,238.03289794921875,36910600
2021-04-06,236.63758894050287,238.34826175018762,235.93994171916324,236.8765106201172,22931900
2021-04-07,236.82872905017194,239.81046701686373,236.23620793695045,238.82611083984375,22719800
2021-04-08,241.5688929480555,242.87817885306538,240.83301022257527,242.02761840820312,23625200
2021-04-09,241.66447918870722,244.64623146115184,241.2535409277266,244.51243591308594,24326800
2021-04-12,243.42297254578972,246.25181167284637,243.3369496576039,244.56979370117188,27148700
2021-04-13,245.85992463121627,247.70439262388516,245.44895726009113,247.035400390625,23837500
2021-04-14,246.07025440967453,247.36040829232343,243.85305397413032,244.2639923095703,23070900
2021-04-15,246.50026676594953,248.4116401910308,246.30914692258776,248.00070190429688,25627500
2021-04-16,247.9720184237776,249.4342178445324,246.18488903899308,249.18572998046875,24878600
2021-04-19,248.66014101635673,249.89298510599394,246.39516805614227,247.27438354492188,23209300
2021-04-20,246.39513885175572,248.6696777428783,245.45855543622233,246.81564331054688,19722900
2021-04-21,247.46551066969045,249.12839615609698,245.85039785107426,249.03282165527344,24030400
2021-04-22,248.67922280670476,250.1796578937831,244.31174226259176,245.77395629882812,25606200
2021-04-23,246.45252081189227,249.9216686209097,245.86953668812012,249.57760620117188,21462600
2021-04-26,250.0649948328601,250.81042932030428,248.6410309291481,249.95985412597656,19763300
2021-04-27,249.98853524607762,251.52720612882962,248.5932407126178,250.36126708984375,31014200
2021-04-28,244.73223532354257,245.1718722009615,241.74094589292326,243.27960205078125,46903100
2021-04-29,244.13972189863736,244.7513607810362,237.96597962533752,241.3204345703125,40589000
2021-04-30,238.67323283285344,241.86522332728813,238.53943726071017,241.00509643554688,30945100
2021-05-03,242.17098499525994,243.0788989553063,239.99202065638994,240.69923400878906,19626600
2021-05-04,239.84870757177288,240.07807764415418,234.8695731306713,236.8096160888672,32756100
2021-05-05,238.023351527179,238.44385605143128,234.92693563518156,235.54812622070312,21901300
2021-05-06,235.52898404785154,238.787879191213,233.84698070738517,238.66363525390625,26491100
2021-05-07,240.97638418935017,243.03111924686715,240.03981535072342,241.2726593017578,27032900
2021-05-10,239.75310967237866,240.5750007899498,236.16928466831055,236.22662353515625,29299900
2021-05-11,233.71314866439204,235.67230900795798,231.8208933789678,235.31869506835938,33641600
2021-05-12,231.43864370631172,233.5507177051827,227.52033703130473,228.40911865234375,36684400
2021-05-13,231.08503805198484,234.71665028825578,230.7218724535714,232.26052856445312,29624300
2021-05-14,234.6975637956637,238.13802749239937,234.61155548433553,237.15367126464844,23901100
2021-05-17,235.62456255687053,235.6627836091261,232.7288329763286,234.3152618408203,24970200
2021-05-18,235.35696192329095,235.4907574747066,232.13628790705022,232.30831909179688,20168000
2021-05-19,229.23349986422667,232.98844077307308,228.5534036384875,232.88307189941406,25739800
2021-05-20,233.68768164182094,237.50966697541784,233.59188645475157,236.1015625,21800700
2021-05-21,237.14570923286777,237.87370305685576,234.434868777639,234.8467559814453,21863100
2021-05-24,237.35641332073013,240.58452421046962,237.08820432202634,240.22052001953125,21411500
2021-05-25,241.16882349619877,242.10755492818512,240.25882769668084,241.1209259033203,17704300
2021-05-26,240.84311836926693,242.28954668456396,240.1917579060202,240.90060424804688,17771600
2021-05-27,240.59409080987143,240.89103543425676,238.75493718013217,238.81240844726562,24426200
2021-05-28,240.4312813618604,241.46580815115777,239.05191230946394,239.16685485839844,18270200
2021-06-01,240.65153654250727,240.7090078035427,236.5613425583694,236.98280334472656,23213300
2021-06-02,237.6821383852985,238.77413648048068,235.48855390471664,236.8870849609375,19406700
2021-06-03,234.89462537591137,235.9674613279748,232.76810081643305,235.36399841308594,25307700
2021-06-04,237.3276864262583,241.05389152721682,237.08821305314711,240.2301025390625,25281100
2021-06-07,239.45420630763013,243.39114906663502,239.2913661711621,243.12294006347656,23079200
2021-06-08,244.41612144782889,245.2303368109208,241.8776947734396,241.9351806640625,22455000
2021-06-09,243.1229386598986,244.7705165933857,242.54821134914607,242.91220092773438,17937600
2021-06-10,243.58275563871968,246.61927657838774,242.98886628752862,246.40853881835938,24563600
2021-06-11,247.1269549366099,247.60590172580916,245.80505712120518,247.03118896484375,18999700
2021-06-14,247.04074761199934,249.00444698400887,245.98705883099325,248.9469757080078,19150500
2021-06-15,248.8319871197661,249.0427248617362,246.82999318734542,247.48135375976562,18038900
2021-06-16,248.47756739780246,249.60787470899828,243.70726187295284,246.54263305664062,27220000
2021-06-17,245.28783056678435,250.7286594074443,245.2303592871896,249.91444396972656,27565500
2021-06-18,248.6978770009707,251.25543610006036,247.8549261016525,248.50628662109375,37202200
2021-06-21,248.87987034499417,252.42405838745256,247.05987873047914,251.57154846191406,26696100
2021-06-22,251.65780621174397,254.5985465614589,251.35127324580915,254.33033752441406,24694100
2021-06-23,254.7900567334399,255.59468368349337,253.29574536439966,254.10037231445312,19518700
2021-06-24,254.95296514220416,256.5718076715313,254.2920162168532,255.4606475830078,21446900
2021-06-25,255.01997295194124,255.99701370596514,253.61186847057874,253.86090087890625,25611100
2021-06-28,254.98168189790582,257.57756518731253,254.7134728779589,257.4051513671875,19590000
2021-06-29,257.5488508865929,260.2117939597386,256.69634077251254,259.9723205566406,19937800
2021-06-30,259.29219771509827,259.9339699994056,258.2480972924599,259.49334716796875,21656500
2021-07-01,258.2576514590782,260.393764479173,258.24809240227785,260.16387939453125,16725300
2021-07-02,261.33252400218214,266.2944055502095,261.025991051914,265.9591369628906,26458000
2021-07-06,266.3231048509773,267.60667851843345,262.75015189133745,265.96868896484375,31565600
2021-07-07,267.6354450424523,268.871135874846,265.48018461117033,268.14312744140625,23260000
2021-07-08,265.24067677167557,266.9936380649696,263.2961543378193,265.7388000488281,24618600
2021-07-09,264.1103833296634,266.3422622068924,263.72723179599774,266.2369079589844,23916700
2021-07-12,267.4054950035508,267.98979588025134,264.9341139390114,265.6429748535156,18931700
2021-07-13,265.8345028030293,270.940089784515,265.710001245927,269.1488342285156,26120100
2021-07-14,270.4612354852631,271.71607363125577,268.7370096462592,270.614501953125,23113700
2021-07-15,270.1259350983207,270.61447008005376,268.0472935864673,269.19677734375,22604200
2021-07-16,270.19301525007796,272.1375378043733,267.69289811879054,268.9285888671875,26186800
2021-07-19,267.18517762868595,268.5645463527231,262.8938342495344,265.3460388183594,32935600
2021-07-20,266.3231773819045,269.1393871259739,264.62771610030967,267.5588684082031,26259700
2021-07-21,267.15650513964744,269.66618156241043,265.6143105564195,269.5512390136719,24364300
2021-07-22,271.8884718248349,274.35985328231106,271.4861729483263,274.0916442871094,23384100
2021-07-23,275.2698801509867,277.7795567148543,274.43651739318557,277.4730529785156,22768100
2021-07-26,276.83117586382014,277.49212460846854,274.57056160813,276.8790588378906,23176100
2021-07-27,277.2430893009287,277.386767469363,271.0359585638651,274.47479248046875,33604100
2021-07-28,276.82168997630873,277.9328501720767,271.8789549948285,274.1683349609375,33566900
2021-07-29,274.187400760919,276.467191757566,274.0341343071643,274.43646240234375,18168300
2021-07-30,273.1625443688404,274.58979654944085,271.9555890183441,272.9134826660156,20944800
2021-08-02,274.3023749668568,274.69511481884285,271.79269861607827,272.8272399902344,16267400
2021-08-03,273.401963651149,275.13574847156286,272.041742078418,275.0303649902344,17879000
2021-08-04,274.16830862662323,275.4806181874648,272.66440865186024,274.44610595703125,16191300
2021-08-05,274.8004613109347,277.4346681421628,274.0533056335625,277.32928466796875,13900200
2021-08-06,276.36180844509875,277.3101134683356,275.5092693668719,277.27178955078125,16589300
2021-08-09,277.549644252639,279.2738408759265,275.6913285064386,276.1894226074219,16117600
2021-08-10,276.6396430462335,277.0707068328733,273.1912496834788,274.3790283203125,18616600
2021-08-11,275.11655559953596,276.5055127244419,273.8233936612764,274.8675231933594,13955900
2021-08-12,274.5610223433131,277.76038316922904,274.28322503938256,277.60711669921875,14561300
2021-08-13,277.2910077393741,280.56698698359713,277.1185647007926,280.51910400390625,18249000
2021-08-16,280.84483158157366,282.4062028526903,277.8082959568594,282.1954650878906,22507600
2021-08-17,280.0784907881244,281.07467896746925,278.82362342575755,280.7394104003906,20075300
2021-08-18,280.2787552513025,282.9467958439038,278.58001926830815,279.0215148925781,21813000
2021-08-19,277.0636839198015,285.490088665484,277.01570926895175,284.8182678222656,29850500
2021-08-20,287.64948045556423,293.52300710937357,286.0563295513358,292.10260009765625,40817600
2021-08-23,291.0372472733272,293.1006547103833,289.6936351716544,292.380859375,22830200
2021-08-24,292.73598718389235,293.3406200208981,289.8376215126441,290.4326477050781,18175800
2021-08-25,292.0450447624562,292.32337391750315,288.321326942451,289.8472900390625,20006100
2021-08-26,288.8682755956676,290.25028508302194,286.9104532290402,287.0447998046875,17666100
2021-08-27,286.94883316309097,288.7531250293206,284.87581884584097,287.6494445800781,22605700
2021-08-30,288.99305899463644,291.96821926723266,288.935477703884,291.36358642578125,16348100
2021-08-31,292.16012706402677,292.2368923425425,289.35771113719727,289.722412109375,26285300
2021-09-01,290.6725935556559,292.8991678511316,289.34816523699277,289.6744689941406,18983800
2021-09-02,290.02961237848854,291.14287031326114,288.0909444169398,289.0218811035156,16285600
2021-09-03,288.8683160554501,290.4134922673868,288.1677338580256,289.0122985839844,14747900
2021-09-07,288.8874712629774,288.964236546015,286.19064038486357,288.09088134765625,17180400
2021-09-08,287.70701428120356,288.50357495760755,285.4900468274503,288.11968994140625,15046800
2021-09-09,288.7051022748946,289.9719490279813,285.0389378630283,285.27886962890625,19927000
2021-09-10,286.40178494786,287.84137565254247,283.48420625224344,283.8009033203125,19633400
2021-09-13,285.56686392320825,286.51701392472955,282.2366088163071,285.0294189453125,23652900
2021-09-14,287.49595746113624,289.252275126054,286.0947635611374,287.7167053222656,21853400
2021-09-15,291.0469255772491,293.02396157546303,289.66491584995623,292.5440979003906,28356300
2021-09-16,291.52675443497674,293.0143199346179,288.647572728406,292.9279479980469,19550800
2021-09-17,291.9202715592397,292.23696868760265,287.4671227397801,287.7934265136719,41372500
2021-09-20,284.3959685720782,286.68973080217256,277.860228217035,282.4477233886719,38278700
2021-09-21,283.7818449278617,285.55734677387863,282.2270909648132,282.92767333984375,22364100
2021-09-22,284.7798868463927,288.12932568723215,282.6492911094491,286.55535888671875,26626300
2021-09-23,286.81448200996863,288.781911071233,285.5476350659735,287.4958801269531,18604600
2021-09-24,286.2194826708354,287.72623226962907,284.9718196101101,287.29437255859375,14999000
2021-09-27,284.21369275698544,284.53038991922193,281.14255329173125,282.3230285644531,23571700
2021-09-28,278.1288914309859,279.06943449757966,271.36282734522354,272.101806640625,43186200
2021-09-29,273.6182056816531,275.22093355823574,271.6123795307858,272.5625,26353700
2021-09-30,274.20369075422246,276.23830803362955,270.27840943903544,270.56634521484375,32343600
2021-10-01,270.7582763645691,278.301748595393,269.96171554788884,277.4571838378906,30086300
2021-10-04,275.82558124270304,276.1614916080159,268.96353787366274,271.7083435058594,31350700
2021-10-05,272.61052278816857,278.7047968877301,272.61052278816857,277.130859375,24993000
2021-10-06,274.270845855537,281.80471044780717,274.0117300480355,281.3056335449219,28002600
2021-10-07,283.29225249177205,284.69347521548,282.08301620161416,282.9755554199219,20430500
2021-10-08,284.29037692639525,284.69347521548,281.9294563433223,282.9755554199219,17685700
2021-10-11,281.1233138675637,285.9699246769011,280.960147351055,282.38055419921875,19298600
2021-10-12,283.44585132765303,283.54182991335233,280.57627613312303,281.0849304199219,17974100
2021-10-13,283.03312739677557,285.3076759763524,281.6703020046008,284.3767395019531,23416300
2021-10-14,287.1599309878296,291.05642058387167,285.8355029331909,290.557373046875,27262900
2021-10-15,290.1639632249141,292.1890031616516,288.4172524202229,291.9586486816406,25384800
2021-10-18,291.34445521764906,295.7975751445461,290.49989041550754,294.9146423339844,22729300
2021-10-19,295.9319350570906,296.84365846900545,294.8474384623916,295.8167724609375,17682100
2021-10-20,296.75725195686545,297.2275382211196,293.7820916523756,295.0297546386719,16537100
2021-10-21,294.79942529790196,298.49435169218145,294.0220192983192,298.2448425292969,16918100
2021-10-22,297.89937264623074,298.5615868809637,295.40407560259746,296.7093200683594,17449300
2021-10-25,296.9012712194873,296.93966851845744,294.1180674595812,295.7208251953125,17554500
2021-10-26,298.47520410987,299.8188165343258,296.1718643410095,297.62103271484375,28107300
2021-10-27,303.2738027325777,312.9670535510442,303.2738027325777,310.1550598144531,52588700
2021-10-28,311.2683843629812,311.786645375774,308.4179927254557,311.28759765625,26297900
2021-10-29,311.07636256657173,318.6294104720148,310.8556147805,318.26470947265625,34766000
2021-11-01,318.01513305259016,318.1399022520493,313.22610456856165,316.10528564453125,27073200
2021-11-02,317.00752073679007,320.02107850414706,316.71000761817237,319.7139587402344,26487100
2021-11-03,320.4529715980219,321.41269899381626,317.3338575616903,320.5489501953125,21500100
2021-11-04,319.48366550974254,322.98666463204586,316.2397822393411,322.89068603515625,23992200
2021-11-05,324.8772834386426,325.1460058993081,320.95200246852335,322.52593994140625,22570100
2021-11-08,323.71587848070595,324.05178876049735,320.9710735473264,323.4183654785156,20897000
2021-11-09,323.53360684587807,325.07878279395607,321.0575236753706,322.42034912109375,21307400
2021-11-10,321.0960356460347,321.1536169527602,316.6333086434541,317.47784423828125,25500900
2021-11-11,317.9096735712425,320.3281758647958,317.19948472941286,319.0421447753906,16849800
2021-11-12,320.4721079279366,323.6488025020353,320.3473387102782,323.1593322753906,23831000
2021-11-15,323.94638389817203,324.2726876885674,320.57773146516666,322.53558349609375,16723000
2021-11-16,322.161233873272,326.95029273164477,321.9980966435647,325.8370056152344,20886800
2021-11-17,325.8850760747881,329.0098960712893,324.9812796361216,326.0581359863281,19053400
2021-11-18,325.15438659772514,329.2599387046323,324.1352167372241,328.1253662109375,22463500
2021-11-19,329.44266225338714,331.80790302922895,329.01960724084404,329.89453125,21963400
2021-11-22,331.3462958819071,336.2018030638584,326.4715696014347,326.74078369140625,31031100
2021-11-23,324.067875438659,326.3754584116151,320.7123087229874,324.6736145019531,30427600
2021-11-24,323.3275227878649,325.13511563845185,321.04881262656716,324.8947448730469,21661300
2021-11-26,321.4718896050423,324.9139862915625,315.4818391564863,316.98175048828125,24217200
2021-11-29,322.0392144330682,325.97167755508315,321.8469060388488,323.66412353515625,28563500
2021-11-30,322.40448405275345,324.7697239982536,316.31828027928486,317.8566589355469,42885600
2021-12-01,322.22190230238374,326.21205212002263,316.70299756222425,317.36639404296875,33337600
2021-12-02,317.57777948841607,320.64491218398075,315.17407231898477,316.7989807128906,30766000
2021-12-03,319.2027012508651,319.88537524190724,305.78040807041685,310.568603515625,41779300
2021-12-06,311.4725076329486,314.8376989761692,306.93430556211973,313.626220703125,30032600
2021-12-07,318.8663250684686,322.8660696420731,317.38563262002015,322.0199890136719,31021900
2021-12-08,322.3948633464057,322.57754746432244,318.05856561396024,322.0679626464844,24761000
2021-12-09,321.5295600175577,323.5294319116375,319.3277555505204,320.27001953125,22214200
2021-12-10,322.0776553641923,329.78874012403924,321.89497120742305,329.3464660644531,38095700
2021-12-13,327.55805926915104,330.54828700278097,326.0196804228618,326.3273620605469,28899400
2021-12-14,320.3853706539691,321.75068944249216,311.6262451506804,315.6933288574219,44438700
2021-12-15,315.9529787432078,322.2795546002779,312.0012968945024,321.7603454589844,35381100
2021-12-16,322.77952611826163,323.7891011125143,310.5783016127801,312.3858947753906,35034800
2021-12-17,308.52067208536005,312.4050716507524,305.0304840740271,311.32818603515625,47750300
2021-12-20,307.72266611167277,310.36674473714834,305.3382067120296,307.58807373046875,28326500
2021-12-21,310.83793531898675,315.10692339538815,307.48233874598975,314.6838684082031,24740600
2021-12-22,315.6550100348497,320.76048489006024,313.2032389343101,320.3663024902344,24831500
2021-12-23,319.93345726891704,323.43326935301656,319.91423817274443,321.7987365722656,19617800
2021-12-27,322.5390413218641,329.28866997310473,322.5101980089156,329.25982666015625,19947000
2021-12-28,329.9328602754398,330.5674425278227,327.21187650467994,328.1060485839844,15661500
2021-12-29,328.1541872836197,331.0386367329647,326.5965892757154,328.7791748046875,15042000
2021-12-30,328.7406340105007,329.913644365541,325.76965526074713,326.2503967285156,15994500
2021-12-31,325.4716783285754,326.28891555203285,322.91412956697064,323.36602783203125,18000800
2022-01-03,322.43340214531065,324.9813267976335,317.07793359354395,321.85650634765625,28865100
2022-01-04,321.9333330536582,322.28910640339575,313.5588245196175,316.3375244140625,32674300
2022-01-05,313.30884042531306,313.51077298431005,303.80941290749814,304.1940002441406,40054300
2022-01-06,301.0885118492282,306.424762165142,299.4924459318391,301.7904052734375,39646100
2022-01-07,302.0499324142328,304.3094237353557,298.14631308588326,301.9441833496094,32720000
2022-01-10,297.56936510647546,302.59793177360086,292.9542584305184,302.1652526855469,44289500
2022-01-11,301.3095522143525,304.41512357671206,297.95398587837894,302.8479309082031,29386800
2022-01-12,307.3572996957186,310.95323691547827,304.8670327735876,306.0111999511719,34372200
2022-01-13,308.1264486110597,308.52066014986855,292.2908229193429,293.05999755859375,45366000
2022-01-14,292.53129876589753,298.848251191387,292.05055710810643,298.25213623046875,39846400
2022-01-18,292.3581778205605,297.8674572905509,290.1179057310112,290.99285888671875,42333200
2022-01-19,294.49264788128625,301.8191439350218,291.04092729643247,291.6466369628906,45933900
2022-01-20,297.16564931418003,299.6462633071286,289.54109381959523,289.9833679199219,35380700
2022-01-21,291.031256630867,292.3965458951437,284.2239413776184,284.6277770996094,57984400
2022-01-24,280.9453442370806,285.6661999443274,265.41737031888897,284.9547119140625,85731500
2022-01-25,280.2915581603582,283.6279058744891,274.1861636133682,277.3782653808594,72848600
2022-01-26,296.1271750879496,296.61754086589866,281.74339590875957,285.2816467285156,90428900
2022-01-27,291.0024967310887,295.4637633356451,286.45467082104994,288.2911071777344,53481300
2022-01-28,288.666071926605,296.5983072336974,283.1087009699881,296.38677978515625,49743700
2022-01-31,297.05026534834326,300.34814589285327,294.5696221023162,299.0020751953125,46444500
2022-02-01,298.4540257576921,298.6655532510583,293.37739525904294,296.8675842285156,40950400
2022-02-02,297.703977220742,302.9825093458668,296.9828649919706,301.3864440917969,36636000
2022-02-03,297.5693697082304,299.2423701113963,288.40643772478234,289.6467590332031,43730000
2022-02-04,288.6467895203125,296.9059245774293,288.4160430007419,294.1560974121094,35096500
2022-02-07,294.37728012769503,295.9829403994106,288.3487625883948,289.35833740234375,28533300
2022-02-08,289.64680820459523,293.79079836630905,288.3968918064597,292.8293151855469,32421200
2022-02-09,297.93473032420275,299.91538294226615,295.55027128070327,299.2231140136719,31284700
2022-02-10,292.3293725846551,297.2136945346378,289.11802208324127,290.7333068847656,45386200
2022-02-11,291.51204526354115,292.5696824760353,282.8875412205064,283.67596435546875,39175600
2022-02-14,282.45487744042305,285.3297318388345,280.128104788829,283.63751220703125,36359500
2022-02-15,288.4546070123702,289.2141576740427,285.5797520645728,288.8968811035156,27058300
2022-02-16,287.47084335612135,289.8795209046397,282.95216192287677,288.5595703125,29982100
2022-02-17,285.5342100439442,285.9581395746982,279.4065494858051,280.1098937988281,32461600
2022-02-18,282.3451677958216,283.1255769619088,275.8513825955601,277.4122009277344,34264000
2022-02-22,274.58928762159644,280.8903974019096,274.1075520292779,277.2099304199219,41736100
2022-02-23,279.58004589911764,281.04454083688285,269.8682698302373,270.03204345703125,37811200
2022-02-24,262.5555199373533,284.37813456051526,261.60166355056816,283.8289489746094,56989700
2022-02-25,284.35892976880194,286.75796386461934,280.9963949831395,286.44964599609375,32546700
2022-02-28,283.5591579767434,288.2127395416602,282.29701327303695,287.8755187988281,34627500
2022-03-01,285.5728578838848,289.01245712557574,281.47810528267394,284.17584228515625,31217800
2022-03-02,284.57084383733564,290.4576682481348,282.9715074955346,289.22442626953125,31873000
2022-03-03,291.8258393249391,292.0570630305392,283.3087270663971,285.1104431152344,27314500
2022-03-04,283.539896997228,284.8598476008339,276.6799879839054,279.2716979980469,32356500
2022-03-07,277.99032843801785,279.10795849514665,268.3556169829133,268.72174072265625,43157200
2022-03-08,267.6522801991081,273.58726615536074,260.1372168079997,265.7735290527344,48159500
2022-03-09,273.0862641319039,279.0212499230222,270.52342735372963,277.96142578125,35204500
2022-03-10,272.68158699777644,276.13083008813146,270.33071510240313,275.15771484375,30628000
2022-03-11,277.44115846333716,278.93455646472097,269.2227503051047,269.8393859863281,27209300
2022-03-14,270.099573663449,274.9747366839514,265.74469344120354,266.342041015625,30660700
2022-03-15,270.1091737905865,277.3063052834026,268.54835505285934,276.6607666015625,34245100
2022-03-16,278.54913550581284,283.80970925762125,272.8550467725236,283.63629150390625,37826300
2022-03-17,282.5764817272433,284.81171260660994,278.7996616158856,284.43597412109375,30816600
2022-03-18,284.58046582678224,290.00481304770483,282.0369173074508,289.45562744140625,43390600
2022-03-21,287.9719595079404,289.1762986686458,284.12768891305694,288.2320861816406,28351200
2022-03-22,288.84863696836237,293.8586986740922,287.85626286698505,292.9530334472656,27599700
2022-03-23,289.53274726035676,292.1533901687108,286.84465430957243,288.54998779296875,25715400
2022-03-24,288.2127985858923,293.0879606698215,287.4227451186162,292.9916076660156,24484500
2022-03-25,294.0803733450445,294.34050002683153,288.3573511232307,292.58697509765625,22566500
2022-03-28,293.21315853638436,299.4468179763362,293.21315853638436,299.3504943847656,29578200
2022-03-29,302.4432514351578,304.2834849768808,297.7607660592807,303.8884582519531,30393400
2022-03-30,302.298756961056,304.40876140768165,300.1983672332794,302.39508056640625,28163600
2022-03-31,302.43371505864644,303.62843978007055,296.6432710103691,297.04791259765625,33422100
2022-04-01,298.068996311917,298.80124362614436,294.3789155946487,298.1171875,27110500
2022-04-04,298.76276415932574,303.5993787276326,298.39664041936675,303.4645080566406,24289600
2022-04-05,301.8266373690895,303.36819729800135,298.550840896908,299.5239562988281,23156700
2022-04-06,294.041722765152,295.7856029580551,285.8714779355689,288.5595703125,40110400
2022-04-07,285.8233566950077,292.5580106672026,285.5246829888432,290.3612976074219,31411200
2022-04-08,289.46531686660774,290.1204702874654,285.4572727698381,286.1220703125,24361900
2022-04-11,281.13131042163127,281.9213345739858,274.589331792798,274.83984375,34569300
2022-04-12,278.6743994842394,280.1196062790801,270.2440265143357,271.7566833496094,30966700
2022-04-13,272.4022274692682,278.0385105603026,271.02444128433206,277.11358642578125,21907200
2022-04-14,277.56643644763085,277.7784013045191,269.1168039398963,269.608154296875,28221600
2022-04-18,268.72177459231517,272.1420858288505,268.1725889134815,270.27294921875,20778000
2022-04-19,269.1745633932946,275.7165404624221,268.2399952405621,274.8782958984375,22297700
2022-04-20,278.8285578322928,279.1176168323527,274.9457700942281,275.89959716796875,22906700
2022-04-21,278.03852943515125,282.5861150592423,269.82976470304897,270.5523681640625,29454600
2022-04-22,271.3905058085866,272.8550005549341,263.393708222996,264.01995849609375,29405800
2022-04-25,263.3070532274066,270.8413756866367,260.87908697872507,270.46563720703125,35678900
2022-04-26,267.3632511079873,268.19182220528097,260.13721729425794,260.34918212890625,46518400
2022-04-27,271.7952151207864,280.34119944845656,268.96260761022705,272.8742980957031,63477700
2022-04-28,274.77235637930573,280.35086291082894,271.1785981856094,279.0501708984375,33646600
2022-04-29,278.0673672865681,279.2909943451643,266.3997469147851,267.3824768066406,37073900
2022-05-02,267.56556930704056,274.5314764230111,266.1300066784379,274.0786437988281,35151100
2022-05-03,273.58732958233423,273.7511326570161,269.91650591302243,271.4869689941406,25978600
2022-05-04,272.26723461095287,280.25441650230425,266.62130932270276,279.3872985839844,33599300
2022-05-05,275.109613099755,275.8900225285143,264.3187223916875,267.2187805175781,43260400
2022-05-06,264.77155329439324,269.049368342921,261.3608565604997,264.6944885253906,37780300
2022-05-09,260.19503987214216,262.41101195577926,253.70125314465557,254.9152069091797,47726000
2022-05-10,261.765522095456,263.7502706382624,255.38734673917406,259.655517578125,39336400
2022-05-11,255.9749749560517,261.44748332331875,249.8280251099247,251.03236389160156,48975900
2022-05-12,248.27685759923378,250.38686155412384,240.88703639881442,246.0223388671875,51033800
2022-05-13,247.949343073978,253.43149708204328,246.02240048844536,251.5816192626953,34925100
2022-05-16,250.46393914300643,256.10989508341936,246.43663699814542,251.94769287109375,32550900
2022-05-17,256.38924817495007,258.52815492499775,252.87258498124666,257.0733337402344,28828800
2022-05-18,253.98308927658698,254.56252427185584,244.10382723032592,245.36891174316406,31356000
2022-05-19,245.19508938818183,248.83585464293373,243.24435524609143,244.46115112304688,32692300
2022-05-20,248.42057161150723,249.6760190694131,237.99085911430905,243.90103149414062,39199300
2022-05-23,246.73055952174275,252.53450204595984,244.74117401105033,251.71363830566406,33175400
2022-05-24,249.04834073920725,252.3703743626756,244.80883629191553,250.71900939941406,29043900
2022-05-25,249.28972363750842,255.50890210664602,248.3143419025738,253.51953125,28547900
2022-05-26,253.27807996316005,257.9521373499767,252.46688284359203,256.78363037109375,25002100
2022-05-27,259.2751950241192,263.96855616192437,258.38672418405815,263.8719787597656,26910800
2022-05-31,263.1864174502178,265.34961052088613,259.70983610714705,262.5490417480469,37827700
2022-06-01,265.76488780764225,268.16950970418117,260.78179284572826,263.0802001953125,25292200
2022-06-02,255.38340607068776,265.2336837998182,252.63111175251524,265.16607666015625,44008200
2022-06-03,261.04254742888673,264.07490816358165,259.2076939224784,260.7624816894531,28059000
2022-06-06,262.732495427998,264.77980709613064,258.0584370323219,259.5359802246094,22400300
2022-06-07,257.49830250093424,263.76578441208926,256.8222901054273,263.1573791503906,22860700
2022-06-08,262.3944559964506,263.64023679590827,260.36644828068603,261.1390380859375,17372300
2022-06-09,258.5992099165968,263.36017868447857,255.5572129915601,255.71173095703125,26439700
2022-06-10,251.6460439882833,251.6460439882833,243.87204872141055,244.3162841796875,31422800
2022-06-13,236.70645685368288,240.4824068795414,233.24919461693813,233.95416259765625,46135800
2022-06-14,235.49932172717016,237.31487111467933,233.22988499278367,236.10772705078125,28651500
2022-06-15,239.79673406143797,246.54708847653447,237.97153296010552,243.12844848632812,33111700
2022-06-16,237.5466256119709,238.9372578860195,234.6881168136664,236.57125854492188,33169200
2022-06-17,236.31050590715876,241.91165700040483,235.6634784930398,239.15936279296875,43084800
2022-06-21,241.67985866138912,246.0159248197663,240.95557232727793,245.04055786132812,29928300
2022-06-22,243.253984977507,248.35297445153836,241.78609384504884,244.45147705078125,25939900
2022-06-23,246.80786429478658,250.47757061654244,244.93437427025984,249.98504638671875,25861400
2022-06-24,252.83386609569553,258.7923411858124,252.74695527389528,258.5219421386719,33923200
2022-06-27,259.01451757812606,259.1014284270325,254.25354775871855,255.80836486816406,24615100
2022-06-28,254.92949381458487,257.7590321077553,247.53211228973697,247.68663024902344,27295500
2022-06-29,248.7585787991081,252.98841615797966,246.9913181866432,251.33705139160156,20069800
2022-06-30,248.2370556696788,250.63203973702053,244.22934388273976,248.02459716796875,31730900
2022-07-01,247.599724121051,250.86381660731956,245.88073757874744,250.68032836914062,22837700
2022-07-05,247.37760464946805,253.9637892662612,246.00629085879652,253.83824157714844,22941000
2022-07-06,254.70735692498906,258.8019795069243,253.40363564931488,257.0830078125,23824400
2022-07-07,256.0303925395583,259.8353125390256,255.93381513155052,259.19793701171875,20859900
2022-07-08,255.71170926657888,258.9082238859461,254.2631366183598,258.4833068847656,19658800
2022-07-11,256.5422452532518,257.3920793720454,253.1912122224075,255.44134521484375,19455200
2022-07-12,256.764381930095,256.8223224888686,243.39887133033,244.97299194335938,35868500
2022-07-13,241.6122535483315,244.85705674377868,239.6035644525173,244.05551147460938,29497400
2022-07-14,241.97925680708025,246.39256746391416,237.5079908622042,245.36891174316406,25102800
2022-07-15,246.9526808402148,251.44325042079436,246.03525438925857,247.91839599609375,29774100
2022-07-18,250.8444988809621,251.89712481035676,244.6156393919706,245.53306579589844,20975000
2022-07-19,248.74886295733143,250.815507255263,244.9825802573405,250.63201904296875,25012600
2022-07-20,250.98936645500257,255.78897202237206,250.03331786878604,253.27810668945312,22788300
2022-07-21,250.8831747670427,255.80832847001912,248.21779122798213,255.76002502441406,22404700
2022-07-22,256.14630415666,256.23321499283503,250.18785755232344,251.43360900878906,21881300
2022-07-25,252.05168504603222,252.53454268022003,248.00533571383517,249.95606994628906,21056000
2022-07-26,250.95070998904438,250.97004315253255,241.01352289869635,243.2636260986328,39348000
2022-07-27,252.20619754450755,260.7913907687193,249.97539768074358,259.52630615234375,45994000
2022-07-28,260.5016528744498,268.3142846363358,258.68610373864,266.9333190917969,33459300
2022-07-29,268.1790850711419,272.33164805798015,267.14576287951564,271.1148376464844,32152800
2022-08-01,268.29496636983305,271.6363322420064,266.38283993190936,268.47845458984375,21539600
2022-08-02,266.53736387741355,268.362579537139,263.04147997964446,265.3978271484375,22754200
2022-08-03,267.27132785781305,273.7802383800219,267.1264470117995,272.7855529785156,23518900
2022-08-04,272.13853085373546,274.0699612486414,270.56443983776984,273.92510986328125,18098700
2022-08-05,269.5794114121241,273.9251301220604,269.1255240569013,273.21051025390625,16774600
2022-08-08,274.31141927705306,276.11733164460054,269.74360476800535,270.7093200683594,18739200
2022-08-09,270.05259210657965,273.37462502798235,268.0921621074516,272.6213684082031,23405200
2022-08-10,278.2901367727336,279.8738942312327,277.10229657539446,279.2461853027344,24687800
2022-08-11,280.87827114074025,281.2259144656879,276.687070719345,277.1795654296875,20065900
2022-08-12,278.58955073001846,281.9019470214844,277.10234096743113,281.9019470214844,22619700
2022-08-15,281.02306896793766,284.09403563819063,280.16356845958603,283.40838623046875,18085700
2022-08-16,281.9792138029151,283.95894794046416,280.46306311134526,282.6745300292969,18102900
2022-08-17,280.4002359720042,283.8938831580585,280.1389500408416,281.9293212890625,18253400
2022-08-18,280.8357203997343,282.50027733774294,279.76148592010856,280.8163757324219,17186200
2022-08-19,279.5873182545467,279.9260419302894,276.35498651754625,276.92596435546875,20570000
2022-08-22,272.9871317684134,273.3548871851572,268.28380815555704,268.7967224121094,25061100
2022-08-23,267.5290222167969,269.87099753157673,266.5225381093492,267.5290222167969,17527400
2022-08-24,266.5321774149117,268.29351690361904,266.24183017802443,266.8999328613281,18137000
2022-08-25,268.39027578883355,270.0258011315452,265.67085828538086,269.8612976074219,16583400
2022-08-26,270.0838482135881,271.3032415870308,259.34168014145877,259.4481201171875,27549300
2022-08-29,257.28036854850586,258.78039270297364,255.34483826720634,256.68035888671875,20338500
2022-08-30,258.0738909142503,258.4416167849743,252.25761414315465,254.49314880371094,22767100
2022-08-31,256.83510906120074,258.49963612980343,252.90595688448272,253.0414581298828,24791800
2022-09-01,250.5253174553684,252.4802216307378,247.1768588698768,252.00599670410156,23263400
2022-09-02,253.2641326770218,256.20611724920184,246.26718053225406,247.80592346191406,22855400
2022-09-06,247.94142082307454,249.51885306650013,243.81873220604314,245.0865020751953,21328200
2022-09-07,246.48972426139284,250.4865833733889,245.0574363023817,249.77044677734375,24126700
2022-09-08,249.2092379511494,252.03509593054494,246.5769005337194,250.18666076660156,20319900
2022-09-09,252.10282364921977,256.68036347856776,251.89960123552532,255.93516540527344,22084700
2022-09-12,257.21261449388913,258.828795252262,256.61260484004885,258.0545654296875,18747700
2022-09-13,250.49632403928555,252.00603528741846,243.48002680941664,243.8671417236328,33353300
2022-09-14,245.3574916342139,246.03492427019088,241.8057953877336,244.0897216796875,23913000
2022-09-15,241.71865662350373,243.29610345654862,236.15400813965698,237.4701690673828,31530900
2022-09-16,236.38629220933913,237.3927761581187,234.2572119949683,236.850830078125,39791800
2022-09-19,234.6539876734692,237.2379185278828,233.08621305250247,236.63790893554688,26826900
2022-09-20,234.26687239156138,235.66044153829108,231.91519584554464,234.63461303710938,26660300
2022-09-21,236.39595324962926,239.67667590576733,231.19904532157508,231.2474365234375,28625600
2022-09-22,230.20225587391255,235.99917354124665,229.91193818738796,233.21200561523438,31061200
2022-09-23,231.81840003910415,233.35715746883162,227.618303873853,230.25062561035156,34176000
2022-09-26,229.4087220067833,233.66688257896323,229.26354838030127,229.7958221435547,27694200
2022-09-27,232.2442506798707,234.0055901447024,226.94090238363955,228.78933715820312,27018700
2022-09-28,229.17642964868273,234.5184966384645,227.16347665591098,233.2991180419922,29029700
2022-09-29,231.18936994540456,232.21519843693235,226.85378707356358,229.84417724609375,27484200
2022-09-30,230.6086618269206,232.78613257151676,225.2278920385366,225.3924102783203,35694800
2022-10-03,227.82157728205974,233.82171772604818,227.09575348399042,232.97976684570312,28880400
2022-10-04,237.18952317598578,242.2896489224366,237.08306843402076,240.85736083984375,34888400
2022-10-05,238.06055067024138,242.50258909201375,236.23147515733956,241.1670684814453,20347100
2022-10-06,239.9379683013216,242.27028548507374,238.1476119193884,238.834716796875,20239900
2022-10-07,233.13462052161643,233.5410948826366,225.65379998930908,226.68931579589844,37769600
2022-10-10,225.53763257488384,226.99895238528188,219.42135078516142,221.86012268066406,29743600
2022-10-11,220.28270418108383,221.6762883943557,216.88585373642715,218.14395141601562,30474000
2022-10-12,218.1342225142281,220.51493088352666,216.74065333491876,218.4729461669922,21903900
2022-10-13,212.7631757709487,228.48935957942223,212.0663836762347,226.68931579589844,42551800
2022-10-14,227.94734744050535,229.59255965182822,220.9794428267959,221.19235229492188,30198600
2022-10-17,228.21832972494965,231.25711097245295,227.56024190285072,229.87319946289062,28142300
2022-10-18,235.39917762563184,236.06692311030656,227.78285659055385,230.8119659423828,26329600
2022-10-19,229.39901697875123,231.88618020226818,226.7376631373762,228.85707092285156,19985700
2022-10-20,228.16994856599382,233.5313599425322,227.29895124255845,228.53768920898438,21811000
2022-10-21,227.17315124335872,235.16688446931025,226.94088233766772,234.31524658203125,26299700
2022-10-24,235.90238686212638,239.85086976349376,233.52169327420833,239.27989196777344,24911200
2022-10-25,239.28956155004425,242.94771196115997,237.90566472884615,242.57997131347656,34775500
2022-10-26,223.71826021026072,230.61843021635175,222.64404034026404,223.86343383789062,82543200
2022-10-27,223.59236287790048,226.15694834316167,218.50192557403648,219.44065856933594,40424600
2022-10-28,218.94715681380413,228.97320270821285,218.76327910286216,228.2667236328125,40647700
2022-10-31,226.22475535763192,227.3473663725247,223.69888795758465,224.64730834960938,28357300
2022-11-01,227.0376938120004,228.14094541319034,220.00203754140927,220.81495666503906,30592300
2022-11-02,222.06337802281334,223.8440621960301,212.94701812750728,213.00509643554688,38407000
2022-11-03,212.99537134996444,213.3050632032554,207.0823272743383,207.3436279296875,36633900
2022-11-04,210.5372801806807,214.447044310669,206.5500783111964,214.2534942626953,36789100
2022-11-07,214.8341789629505,221.04722910682952,214.1470592473895,220.52462768554688,33498000
2022-11-08,221.32785232766216,224.18275612145348,218.5600438397234,221.49237060546875,28192500
2022-11-09,220.04077360061905,221.26016723006236,217.09877382586166,217.27296447753906,27852900
2022-11-10,227.84090847628838,235.4862608906142,227.42477661146236,235.1475372314453,46268000
2022-11-11,235.15723711883936,239.99606241623323,234.1313937515766,239.14442443847656,34620200
2022-11-14,234.18949089813225,236.0475981897714,231.4991049977139,233.763671875,31123300
2022-11-15,237.74116029609917,239.03796188941354,232.29263846364998,234.17010498046875,31390100
2022-11-16,235.62582643468144,236.60603316606853,233.32576434985185,234.59710693359375,24093300
2022-11-17,230.76365473112853,236.07224872369898,230.61808681154827,234.54856872558594,23123500
2022-11-18,236.32457848011174,236.547802374884,231.97677705188883,234.10215759277344,27613500
2022-11-21,234.30598419845745,237.45038505549468,234.07307548881437,234.90769958496094,26394700
2022-11-22,236.40221710449453,238.0714650543678,233.6072093349116,237.7997283935547,19665700
2022-11-23,237.87737314142396,240.9538320187203,237.06216314669393,240.2744903564453,19508500
2022-11-25,240.01245273021934,241.36143645953254,239.44956540890726,240.18714904785156,9200800
2022-11-28,238.8187857456771,239.3719587460741,233.69458675417982,234.62625122070312,24778200
2022-11-29,234.27685297681788,235.6258367832805,231.18099474535325,233.23843383789062,17956300
2022-11-30,233.47136810668408,247.79583086530997,232.7823119741459,247.61143493652344,47594200
2022-12-01,246.37890225412923,248.56251016658027,243.51595261951238,247.17471313476562,26041500
2022-12-02,242.44842226131698,248.5042854543991,242.32225350861475,247.49497985839844,21528500
2022-12-05,244.57377324279298,246.33037684588194,240.7403313992676,242.8171844482422,23435300
2022-12-06,243.41888770234414,244.42819318650004,236.58661356400265,237.88706970214844,22463700
2022-12-07,237.60565848816955,238.89641517033584,235.06297311301404,237.1592254638672,20481500
2022-12-08,237.61534962771674,241.40027877672188,235.88787438426903,240.0998077392578,22611800
2022-12-09,237.4794517893177,240.98292942150877,236.95539248747858,238.17820739746094,20609700
2022-12-12,240.14833201376896,245.08813458227053,239.87659533709365,245.05902099609375,30665100
2022-12-13,253.96816645301047,256.13237523471446,245.6025264426085,249.33892822265625,42196900
2022-12-14,249.54269464575677,254.8415744130712,246.80589919892807,249.63003540039062,35410900
2022-12-15,246.2333179219407,246.6991500991899,240.04157204816326,241.66229248046875,35560400
2022-12-16,241.21588885198315,242.4678175315528,236.32459886583192,237.46978759765625,86102000
2022-12-19,237.6347483108368,237.9744265437408,231.6662265103739,233.35487365722656,29696400
2022-12-20,232.33587889229094,235.74231675615167,231.38480046926088,234.66506958007812,25150800
2022-12-21,234.55829818550004,238.37232600874938,233.02491849714485,237.21743774414062,23690600
2022-12-22,234.14097913275145,234.84944921071,226.96904125544336,231.1615753173828,28651700
2022-12-23,229.14292298446298,231.821476231181,227.03695660431103,231.68560791015625,21207000
2022-12-27,231.65654287895535,231.87975199416192,228.87123430992634,229.9678955078125,16688600
2022-12-28,229.89993593986588,232.64643111207874,227.26019552023155,227.6095733642578,17457100
2022-12-29,228.6964916617764,234.78148218567202,228.6964916617764,233.89833068847656,19770700
2022-12-30,231.18097605137052,232.87933756720665,229.67671003277965,232.74346923828125,21938500
2023-01-03,235.90729779007853,238.49851075863083,230.39489317769917,232.5105743408203,25740000
2023-01-04,225.4259564644858,225.99854338319813,219.2924526600918,222.3397979736328,50623400
2023-01-05,220.4958596008794,220.83553784778456,215.21637883212745,215.75015258789062,39585600
2023-01-06,216.4198034707522,219.09835714227594,212.87751216247153,218.2928466796875,43613600
2023-01-09,219.76798480761224,224.41665135349578,219.7291716302323,220.418212890625,27369800
2023-01-10,221.0393201111181,224.48457072526574,220.62201553173728,222.09716796875,27033900
2023-01-11,224.46515686951886,228.98765452783252,224.29047536414728,228.81297302246094,28669300
2023-01-12,228.3180371449277,232.8211212975009,226.66820302336927,231.47213745117188,27269500
2023-01-13,230.00670447846073,232.3067667845128,227.98807845959973,232.1708984375,21333300
2023-01-17,230.94803626281922,233.80128577732816,230.09399836499716,233.2578125,29831300
2023-01-18,234.4418366169308,235.22793302598163,228.57035512507287,228.85179138183594,30028700
2023-01-19,226.88167450054485,228.57033632786354,223.8731426355433,225.0862579345703,28623000
2023-01-20,227.92982862321074,233.63632824749806,227.59015038517927,233.1316680908203,35389800
2023-01-23,233.98571827354252,237.93561455180438,232.57849247852556,235.4220428466797,31934000
2023-01-24,235.34439747923588,236.75160844059997,233.3451855854794,234.89796447753906,40234400
2023-01-25,227.5610098347346,236.12075825686085,224.08664593704998,233.5101318359375,66526600
2023-01-26,236.46043582898827,240.98293336442927,234.85912950577273,240.6820831298828,33454500
2023-01-27,241.6428822092,242.45809218411858,239.54661529494882,240.83737182617188,26498900
2023-01-30,237.2950922529375,238.3529402272609,235.0532571701788,235.5482177734375,25867400
2023-01-31,236.26636386768823,240.63357952072695,235.78111768401726,240.49771118164062,26541100
2023-02-01,240.6821076556318,247.65023576111176,238.2267631452796,245.2919464111328,31259900
2023-02-02,251.1827927216543,256.87957707013254,249.65911289346886,256.792236328125,39940400
2023-02-03,251.88161873138833,256.4041171018203,249.51361478434532,250.7267303466797,29077300
2023-02-06,249.84352591670253,250.6781350311893,247.26201299101024,249.1932830810547,22518000
2023-02-07,252.84235731907512,260.83920438047807,252.40562393796253,259.6649169921875,50841400
2023-02-08,265.13855400297484,268.5935048183664,258.3547915146365,258.8594665527344,54686000
2023-02-09,265.7207597633259,265.89547087306715,255.04534527204862,255.84115600585938,42375100
2023-02-10,253.81285255852234,256.2973105018647,252.96852898785733,255.33653259277344,25818500
2023-02-13,259.7426206728503,266.49724001770915,259.26705921966635,263.31402587890625,44630900
2023-02-14,264.62416219078045,266.856282749665,261.33417890703004,264.138916015625,37047900
2023-02-15,261.05478666212923,263.39953537520864,258.9727165508735,262.0277099609375,28922400
2023-02-16,256.8711344345461,259.5174863332623,254.8085423074043,255.05177307128906,29603600
2023-02-17,252.36657534668234,253.04760380497552,249.068351286821,251.07257080078125,30000100
2023-02-21,247.58951047821205,248.5721724856299,244.77776281168238,245.82852172851562,28397400
2023-02-22,247.21003358389876,247.45326436545926,243.56157186049097,244.69989013671875,22491100
2023-02-23,248.6401999292757,249.88554018375208,243.6977492993608,247.87159729003906,29219100
2023-02-24,243.19189234867713,244.20372595601927,241.38225458242883,242.471923828125,24990900
2023-02-27,245.62418557007777,245.97443849874284,242.63730436651332,243.38645935058594,21190000
2023-02-28,242.32595921726772,244.68043129479227,241.99515408663171,242.66647338867188,22491000
2023-03-01,243.9701913432016,244.13558648881542,239.1347623459425,239.60177612304688,27565300
2023-03-02,239.8742028427946,244.592871158647,238.95965271701235,244.31072998046875,24808200
2023-03-03,245.36148024067188,248.69859936512998,244.58313878749726,248.37753295898438,30760100
2023-03-06,249.48667584365674,253.07676463691814,249.04886339595808,249.91476440429688,24109800
2023-03-07,249.36018084473946,250.71255821742662,246.528985881538,247.26840209960938,21473200
2023-03-08,247.16138722750551,247.64784879607657,244.0188496513126,246.83059692382812,17340200
2023-03-09,248.8932225660645,252.53194586818475,244.76802281359187,245.4879913330078,26653400
2023-03-10,244.28156241943404,245.9452528022764,240.89579379056408,241.85897827148438,28333900
2023-03-13,240.7011840514009,250.92661597294014,239.0764041542882,247.04464721679688,33339700
2023-03-14,249.79798979400664,254.00102444049244,248.9320888847483,253.72860717773438,33620300
2023-03-15,252.94053423822598,259.2645337884642,252.19136451987217,258.252685546875,46028000
2023-03-16,258.0289586598438,269.07164313641664,256.1512239726221,268.7214050292969,54768800
2023-03-17,270.7256186044692,275.65831665347815,268.8381452248547,271.8639221191406,69527400
2023-03-20,269.4802718017387,269.96673338942173,262.5433248107774,264.85888671875,43466600
2023-03-21,267.43716494158167,267.5539109885018,262.2222805461307,266.366943359375,34558700
2023-03-22,265.99713606358097,273.4302818621783,264.8101688435891,264.9172058105469,34873300
2023-03-23,270.41426299778846,273.44977847868375,267.7484630649204,270.141845703125,36610900
2023-03-24,269.73317213434575,273.0313954676099,267.826251303453,272.9730224609375,28172000
2023-03-27,272.90492269572303,273.8389205347129,268.0597550905618,268.896484375,26840200
2023-03-28,268.3225140934646,268.6630431725957,264.6837609123016,267.7776794433594,21878600
2023-03-29,271.40656350866607,273.5275579931893,270.8714677908796,272.91461181640625,25087000
2023-03-30,276.53394388967973,276.7576972006701,273.8584053599599,276.3587951660156,25053400
2023-03-31,276.0474774481902,281.43744995850153,275.33723290766795,280.49371337890625,32766000
2023-04-03,278.7619618964318,280.4645776022263,276.2615716824238,279.4527587890625,24883300
2023-04-04,279.4527472277195,282.5855611844231,277.93498937950386,279.4040832519531,25824300
2023-04-05,278.11011480832366,279.3749031470758,275.2594568336865,276.6409912109375,22064800
2023-04-06,275.54153732325625,284.1713602969535,274.3934952141327,283.7043762207031,29770300
2023-04-10,281.37908101323706,281.7585352734682,277.00092706983764,281.5542297363281,23103000
2023-04-11,278.0128240085293,278.2366070491665,274.01412362630157,275.171875,27276600
2023-04-12,277.07878271017614,279.2386732168352,274.32539366289427,275.81396484375,27403400
2023-04-13,275.91126538247534,282.05040792429327,275.50265429718814,281.9920349121094,24222700
2023-04-14,279.2289726922403,280.6689097907965,276.00859911070734,278.39227294921875,20987900
2023-04-17,282.07960200286976,283.7043967289592,278.4116924129814,280.9801940917969,23836200
2023-04-18,283.6751943988744,283.86005216252715,279.23866745372095,280.56182861328125,20161800
2023-04-19,278.2462667608946,281.22340905975057,276.8355460862607,280.6396789550781,17150300
2023-04-20,277.526398277081,281.20404752058676,277.3609882358615,278.36309814453125,23244400
2023-04-21,277.2928600656761,278.5187231488767,275.3956478853203,278.0225524902344,21676400
2023-04-24,274.45187596772155,277.234451496004,271.173129844423,274.1405334472656,26611000
2023-04-25,271.9417767926592,273.9751827450711,267.9138604386518,267.9625244140625,45772200
2023-04-26,288.6662882525056,291.4585727273819,284.8037824567908,287.3722839355469,64599200
2023-04-27,287.9560567732343,296.936147852177,287.2555509397699,296.5761413574219,46462600
2023-04-28,295.77842888815917,300.5651950095922,295.0973706856419,298.9404296875,36469600
2023-05-01,298.6582327311371,300.24410228095644,296.8875053999733,297.2864074707031,21294100
2023-05-02,299.42681707438953,300.8083512230657,295.6810572722288,297.14044189453125,26404400
2023-05-03,298.31772775720617,300.2538355598004,295.856233076209,296.1578369140625,22360800
2023-05-04,297.9479549880525,299.42681707438953,295.1848569994441,297.14044189453125,22519900
2023-05-05,297.442082171176,303.5228521768905,296.03133165334634,302.23858642578125,28197100
2023-05-08,301.73272288949374,301.80083464980765,297.8021042471063,300.29278564453125,21318600
2023-05-09,299.66033160181695,301.6451031506541,298.0160890953245,298.6874084472656,21340800
2023-05-10,300.26351860842567,304.5249264836218,299.33925948976275,303.8536071777344,30078000
2023-05-11,301.7034562423544,302.6958271056149,297.9674351385275,301.7131652832031,31680200
2023-05-12,302.14130111816417,302.23859938067807,298.2982721245842,300.6040954589844,19774700
2023-05-15,300.7305724404115,301.50889913783726,299.26144888091557,301.080810546875,16336500
2023-05-16,301.4407550392499,305.2157014683238,301.4407550392499,303.2990417480469,26730300
2023-05-17,304.4983225212711,306.58491370331046,302.986977417283,306.1656494140625,24315000
2023-05-18,306.68249676156313,311.07998209113083,305.89270858681226,310.57293701171875,27276000
2023-05-19,308.8373747474863,310.79723506942764,308.47661095325554,310.3974609375,27546700
2023-05-22,310.6509186565906,314.54135841802827,310.0756427593572,313.1665344238281,24115700
2023-05-23,312.04529609718725,314.66818336254534,307.38455760354833,307.3943176269531,30797200
2023-05-24,306.8774578305602,308.60328539686515,304.8103271006574,306.0194091796875,23384900
2023-05-25,315.1752035575117,318.74389070661766,312.01605056749,317.7883605957031,43301700
2023-05-26,315.93572275471354,325.0816974555801,315.79923121389265,324.5844421386719,36630600
2023-05-30,326.866039835357,327.3632951279749,322.2735326633113,322.9463195800781,29503100
2023-05-31,323.99934398362257,327.55827021551164,319.1630749897936,320.1966552734375,45950600
2023-06-01,317.7980879864151,325.2084750715489,316.61828563761367,324.28216552734375,26773900
2023-06-02,325.9104672337744,329.0793797798021,324.25287030723234,327.0317687988281,25873800
2023-06-05,326.8562818593042,330.11294548453895,326.31025620693947,327.5583190917969,21307100
2023-06-06,326.96356317095973,327.0025735098163,323.8824307932031,325.354736328125,20396200
2023-06-07,323.37536016910263,326.14449888626166,314.45365769277373,315.31170654296875,40717100
2023-06-08,315.85773263123184,318.4903798108397,315.28245664141156,317.1448059082031,23277700
2023-06-09,316.8814888323344,321.75673881470783,316.3159729270914,318.6365966796875,22529000
2023-06-12,320.3819407440362,323.8141360540533,317.0472861489783,323.57037353515625,24260300
2023-06-13,326.1249647437929,328.572349691123,322.14677395783576,325.949462890625,22951300
2023-06-14,325.99819005349843,330.5809366273575,324.5063648507166,328.92333984375,26003800
2023-06-15,329.05994974194124,341.1115558406534,328.78693687823426,339.41497802734375,38899100
2023-06-16,342.5545998111812,342.70085137133475,333.41838536086453,333.78887939453125,46552000
2023-06-20,330.8442648527532,333.5451430628632,327.4803299242777,329.6156921386719,26375400
2023-06-21,327.9775589781728,329.30364243212927,323.78485594149885,325.2376708984375,25117800
2023-06-22,325.7836965611128,331.63399647710884,325.0231587622799,331.2342224121094,23556800
2023-06-23,326.0176878258627,329.52787360599757,325.13041855453594,326.6612243652344,23146900
2023-06-26,325.39371033432894,327.72406452687306,320.29418775939905,320.4014587402344,21520600
2023-06-27,323.58006632131827,327.76303899280276,321.0839407974331,326.22247314453125,24354100
2023-06-28,326.3102994681185,329.54747323357384,325.48150085713195,327.4706115722656,20259500
2023-06-29,326.35900777987905,327.7240719566855,324.3211566594738,326.6905212402344,16997000
2023-06-30,329.32315064368396,334.17891054970244,328.78688502474677,332.0435485839844,26832800
2023-07-03,330.72729264719277,332.39462022264365,328.1726657843153,329.5572204589844,12508700
2023-07-05,326.7295145394102,333.12584042536054,326.3785108077479,329.7131652832031,18172400
2023-07-06,328.88436028376566,334.43239728548525,327.1292821478824,332.75531005859375,28161200
2023-07-07,330.8539769415479,333.26235165945616,328.5918537740865,328.8063659667969,21214800
2023-07-10,326.25178071727987,326.8660670625544,319.4166697574399,323.5508728027344,32791400
2023-07-11,322.80007207810127,324.55515029230673,318.84137119543414,324.1748962402344,26698200
2023-07-12,328.2017988317313,333.12578887236407,327.29500957576835,328.7868347167969,29995300
2023-07-13,331.08793512161674,335.1636364816071,330.5613998542952,334.110595703125,20567200
2023-07-14,338.9176246633776,342.66181307865304,335.71946186556954,336.6262512207031,28352700
2023-07-17,337.05526407197954,338.33257714303016,333.6621092446477,337.1040344238281,20363900
2023-07-18,337.2015639773949,357.6288755346599,333.63290678637566,350.520751953125,64738600
2023-07-19,352.72433009882633,353.4166072525743,343.64661716979606,346.2207336425781,39732900
2023-07-20,344.74842283159865,349.03863672095343,336.7530012262202,338.215576171875,33778400
2023-07-21,340.4386749626526,341.55997642385313,331.35120253084744,335.1929016113281,69405400
2023-07-24,337.22109957992086,338.2644103795848,333.7694137248581,336.4995422363281,26678100
2023-07-25,338.4496147386664,343.11038262849917,336.4605340248674,342.22308349609375,41637700
2023-07-26,332.92109821610006,336.0705206538034,324.79891447113727,329.3426513671875,58383700
2023-07-27,331.9850338749244,332.8138025679025,320.8401897883476,322.4685363769531,39635300
2023-07-28,325.3450162475602,331.5268310003181,324.8574911431833,329.927734375,28484900
2023-07-31,328.5138989953868,329.27443689751834,325.0426931980882,327.5388488769531,25446000
2023-08-01,326.827001708787,330.0934250583603,325.37418677597503,327.94830322265625,18311900
2023-08-02,325.3059183538415,325.3059183538415,318.2172862001048,319.328857421875,27761300
2023-08-03,317.86625965352187,321.64945793431025,317.8175190621743,318.5097961425781,18253700
2023-08-04,323.5996401737791,326.7783131025437,319.07539331182784,319.6019287109375,23741500
2023-08-07,320.17717126140934,322.8487988022052,319.3483727907042,321.8737487792969,17741500
2023-08-08,318.80233812895545,320.54768595225426,314.9411484793251,317.9150390625,22327600
2023-08-09,318.324602002666,318.9486185830014,313.0398174565163,314.1903991699219,22373300
2023-08-10,317.8858568827083,320.06998957446115,313.16661746479946,314.8729553222656,20113700
2023-08-11,312.2695668882884,314.3659187348988,311.2457463891283,313.0008544921875,24355500
2023-08-14,313.37138426545255,315.9747515213893,312.0940411840079,315.95526123046875,18836100
2023-08-15,314.94119179178944,316.9790429914667,312.8935805688444,313.8296203613281,16966300
2023-08-16,313.4582836388938,316.9954627703804,312.4811692512175,313.06744384765625,20698900
2023-08-17,313.20426358487214,314.50381263909213,308.9733414603899,309.6280212402344,21257200
2023-08-18,307.29273496852556,311.0937247535903,304.4200159024574,309.2372131347656,24755000
2023-08-21,310.65393646381676,315.3831660095472,309.784320258957,314.5135498046875,24040000
2023-08-22,318.0507277854862,318.61744100027846,314.1031773769701,315.0802917480469,16084600
2023-08-23,316.40920172771865,321.66608212966844,316.05742502712076,319.51641845703125,21166400
2023-08-24,325.23254709942444,325.35957674760573,312.6375276630827,312.6473083496094,23281400
2023-08-25,314.11298756039173,317.9139473148537,311.5040788241883,315.58843994140625,21684100
2023-08-28,318.20709765634393,318.68587419815776,314.3572643100924,316.2919616699219,14808500
2023-08-29,314.5136087751781,321.45112744073015,314.5136087751781,320.8941650390625,19284600
2023-08-30,321.14822344769897,322.262118428765,318.97902814860515,321.2654724121094,15222100
2023-08-31,321.66608035944125,323.3369376753796,319.30145033255354,320.259033203125,26411000
2023-09-01,323.7277442108601,324.3921747944003,319.30141751711045,321.1383972167969,14942000
2023-09-05,321.47061510740485,327.1867399112931,321.13839981294905,325.9164733886719,18553900
2023-09-06,325.7503980121673,326.80566842614127,322.62362005663084,325.2618408203125,17535800
2023-09-07,323.70825547986243,325.4572688809115,321.4999672739755,322.3598327636719,18381000
2023-09-08,322.5357246617766,328.46681688735,321.9201377501079,326.62005615234375,19530100
2023-09-11,329.5220931094113,330.6751109123213,327.75351820340376,330.2060852050781,16583300
2023-09-12,328.1345774558951,329.08237965274225,323.8939043767627,324.17724609375,17565500
2023-09-13,323.7277257811767,329.14094717585755,323.5909452896053,328.3690185546875,16544400
2023-09-14,331.3882919194356,333.0591489375493,328.8673502748984,330.9486083984375,20267000
2023-09-15,329.20939816193993,329.6783939916595,322.1057573596053,322.6627197265625,37679800
2023-09-18,320.29815345634984,322.83865737625007,318.8911060489949,321.5293273925781,16834200
2023-09-19,318.7054373268487,321.85174708859677,317.0834237409372,321.128662109375,16505900
2023-09-20,321.96898600781554,322.04714204193704,313.1749561204339,313.4289855957031,21436500
2023-09-21,311.95356654433346,317.9041899225686,307.79104947595397,312.2173767089844,35560400
2023-09-22,313.96639594173394,314.0934255806642,308.9147015377864,309.7550354003906,21447900
2023-09-25,309.34464808220946,310.39994834578414,307.7910397456029,310.2729187011719,17836000
2023-09-26,307.9180220612958,308.65085775757245,302.92495267803366,304.9964599609375,26297600
2023-09-27,305.15284644995364,307.10707545013054,302.60259191792346,305.63165283203125,19410100
2023-09-28,303.8728115871533,308.2600757204857,302.3680768122536,306.4621887207031,19683600
2023-09-29,310.4781242122937,312.1587623008752,307.7715278533527,308.5238952636719,24147300
2023-10-02,309.04173366618016,314.523360821819,307.96690188868587,314.4353942871094,20570000
2023-10-03,313.4875679533543,314.03477939534076,304.0877331522798,306.2178649902344,21033500
2023-10-04,306.84323355961436,312.71570064039577,306.8139213204077,311.660400390625,20720100
2023-10-05,311.78745935358154,312.6571055637684,307.6933472507753,312.05126953125,16965600
2023-10-06,309.30561933745213,321.65636237973723,309.0613406837915,319.7705383300781,25673600
2023-10-09,317.31787385142707,322.7408463729551,315.78379722001137,322.2718505859375,19891200
2023-10-10,323.3857337911902,323.5225441036011,320.1710492794707,320.87457275390625,20557100
2023-10-11,323.6300480505899,325.20321772099476,321.60744393030456,324.8123779296875,20063200
2023-10-12,323.00471335948436,325.99468102864705,321.1970457612764,323.5812072753906,19313100
2023-10-13,324.7732817040409,326.190079660526,318.8910340646987,320.2297058105469,21072400
2023-10-16,323.47376637843024,328.4473057791793,323.034082713558,325.02740478515625,22158000
2023-10-17,322.0471280716989,325.8285559881701,319.91702585909127,324.4606018066406,18338500
2023-10-18,324.88074324116036,327.909803713785,320.78663169696983,322.5552062988281,23153600
2023-10-19,324.5485712503718,329.1703335138683,323.33695882729216,323.7375793457031,25052100
2023-10-20,324.1283854502297,324.32382025517603,318.0018889823848,319.1939697265625,25027700
2023-10-23,318.02136842508753,325.1152272501223,316.9660981811189,321.78326416015625,24374700
2023-10-24,323.7179740081932,324.24562410946174,320.1026687848026,322.9656066894531,31153600
2023-10-25,337.1239893295993,338.2770069491987,329.8933489527061,332.8735656738281,55053800
2023-10-26,332.7465382675552,333.8115893601042,319.45777677753637,320.38604736328125,37828500
2023-10-27,322.8679216685348,329.0139799295623,320.8843805209721,322.2621154785156,29856500
2023-10-30,325.77971392594014,331.6814932194884,324.23585648353105,329.5904541015625,22828100
2023-10-31,331.0952774404079,331.2418386618225,327.03047725787985,330.3721923828125,20265300
2023-11-01,332.01374650613616,339.4691349616439,331.8769361620282,338.1500244140625,28158800
2023-11-02,339.29318001958046,340.8467882699962,336.87970636333785,340.3484802246094,24348100
2023-11-03,341.6284859220493,346.2795596471139,339.3811050850171,344.7259216308594,23637700
2023-11-06,345.361075900052,349.3574699781312,345.26335850207806,348.3705749511719,23828300
2023-11-07,351.17487827159056,354.164845685057,349.44539667177366,352.2790222167969,25833900
2023-11-08,353.4027369651116,355.54261993465985,352.2985928972702,354.8879699707031,26767800
2023-11-09,354.00859546088725,356.4416310081341,352.1129908166349,352.4354553222656,24847300
2023-11-10,353.2170514609085,361.6300213922687,352.80668013888885,361.2098693847656,28042100
2023-11-13,359.7930947254669,360.03737334526807,357.5261819771122,358.288330078125,19986500
2023-11-14,362.5192580985715,363.43774810881337,358.94301547087497,361.7961730957031,27683900
2023-11-15,363.5193564786247,365.3306930182784,359.4365063311856,361.9430236816406,26860100
2023-11-16,363.2060393855787,368.48338982170065,362.4423444484434,368.3071594238281,27182300
2023-11-17,365.80064944827456,366.54477320500723,359.32882848725313,362.1192626953125,40157000
2023-11-20,363.46066994605786,370.9507617987498,363.24526724468734,369.5506591796875,52465100
2023-11-21,367.8176325584251,368.3561243217149,363.3627202596963,365.27197265625,28423100
2023-11-22,370.0988544984735,371.8514473874102,367.13219027268104,369.9519958496094,23345300
2023-11-24,369.4428252465004,370.06946195265203,367.29862933432463,369.5407409667969,10176600
2023-11-27,368.9044009726802,372.683733332582,368.336537498751,370.6961364746094,22179200
2023-11-28,370.4416329997911,374.994431479148,370.2556020402747,374.7007141113281,20453100
2023-11-29,375.7385254123956,376.26721663239306,369.55062106548934,370.93115234375,28963400
2023-11-30,370.578664516551,372.1452267516367,367.6218003340975,370.9898986816406,30554400
2023-12-01,368.8848238631299,370.25555453657734,363.54872995472044,366.6818542480469,33040500
2023-12-04,361.3848694843087,361.7960736746708,355.3144534312384,361.4240417480469,32063300
2023-12-05,358.7903292029664,365.28172122334854,357.9776614584204,364.7334289550781,23065000
2023-12-06,365.73209860202707,366.35870548187097,360.33726166675575,361.0911560058594,21182100
2023-12-07,360.5331119373255,363.68580733396766,358.6630319776083,363.1962585449219,23118900
2023-12-08,361.48282487936234,366.6328576380953,360.53309906732864,366.4076843261719,20154400
2023-12-11,360.77790780370736,363.83268764840955,358.44765064841334,363.5389404296875,27708800
2023-12-12,363.0983520859286,366.59373770012405,362.7164896784692,366.5545654296875,24838300
2023-12-13,368.16030502773964,369.74646839477913,363.02004212186165,366.5447998046875,30955500
2023-12-14,365.50690312981,365.94750897813526,356.5187948133364,358.2811584472656,43277500
2023-12-15,359.1819619943408,364.6159417445296,358.6238691889497,362.9808654785156,78502300
2023-12-18,361.7275930990288,365.20337736605416,360.9736688806633,364.8606872558594,21802900
2023-12-19,363.7249554315047,365.4579772949219,362.1094503782396,365.4579772949219,20603700
2023-12-20,367.1616214647713,368.1700908565403,362.78505374172363,362.8731689453125,26316700
2023-12-21,364.7725598810794,366.58389622045354,362.3052449535161,365.7320861816406,17708000
2023-12-22,365.8691843460341,367.33783074743565,364.9194584779402,366.7503662109375,17107500
2023-12-26,367.1616249726416,369.0610768362086,365.69297847275107,366.8287353515625,12673100
2023-12-27,365.87900622442777,367.2203652351963,365.01739550459973,366.2510681152344,14905400
2023-12-28,367.5238756999293,368.5910885400905,366.33917592392487,367.4357604980469,14327000
2023-12-29,368.14063730641556,369.2763939219654,365.6733225151966,368.1798095703125,18730800
2024-01-02,366.0454121665628,368.0427796247224,359.1036138103624,363.117919921875,25258600
2024-01-03,361.2968150611858,365.45797986261033,360.8072662610182,362.85357666015625,23083500
2024-01-04,362.92215399405467,365.30135421024977,359.49531207816057,360.24920654296875,20901500
2024-01-05,361.25767175006894,364.28307999206555,358.8392992881915,360.06317138671875,21004600
2024-01-08,361.58071261682426,367.35741205524755,361.2967958412056,366.8580627441406,23134000
2024-01-09,364.2341014424794,368.1308907001316,363.4312342532303,367.9350891113281,20830000
2024-01-10,368.5029465849431,376.1399255368866,368.4540036584579,374.7691650390625,25514200
2024-01-11,377.9316910243427,382.5138608324762,372.4291670394017,376.59033203125,27850800
2024-01-12,377.43234537080764,380.55566927985785,376.6099069263744,380.3500671386719,21661200
2024-01-16,385.43158211314164,385.7938434606626,379.51782397721394,382.1124267578125,27202300
2024-01-17,379.87028626114164,381.9557389879291,376.7665338147622,381.3291320800781,22234100
2024-01-18,383.5321225973024,385.75466344784127,381.96556042243856,385.6371765136719,23392100
2024-01-19,387.48764513323476,390.3368225097656,385.2748751705021,390.3368225097656,29331100
2024-01-22,391.6586277842315,392.2460923450514,385.36303712070327,388.2220153808594,27016900
2024-01-23,387.4778603727062,391.0319893054533,385.69589563777015,390.56201171875,20525900
2024-01-24,393.14686950723774,397.1513752160577,392.079656679383,394.1455383300781,24867000
2024-01-25,395.8687653294727,398.5025403738,394.1161721859946,396.4072570800781,21021200
2024-01-26,395.9177133168471,397.680107020746,394.0182614789132,395.4869079589844,17803300
2024-01-29,397.57238286313674,401.41045873539736,395.8785331996652,401.1558837890625,24510200
2024-01-30,403.64273939955535,404.41620490062047,397.95418539261016,400.0494384765625,33477600
2024-01-31,398.45353212037105,406.6388032074163,388.90733097100707,389.26959228515625,47871100
2024-02-01,393.4308049580275,399.4718507500115,393.40143322301293,395.3400573730469,30657700
2024-02-02,395.36942496681314,404.02464472350925,395.12465055102524,402.6245422363281,28256700
2024-02-05,401.33206284957225,402.5657352720622,395.5455929874579,397.1708984375,25352300
2024-02-06,397.39614463854895,399.4424550677267,394.4882235276778,397.0142822265625,18382600
2024-02-07,398.9235343367266,405.64012962816963,398.88436206584436,405.3953552246094,22340500
2024-02-08,405.3953275824479,406.87377444064305,403.9071100669644,405.4540710449219,21225300
2024-02-09,406.57025541446654,412.02383590927224,406.4135962217608,411.75946044921875,22032800
2024-02-12,411.76934525690655,411.94557567988477,406.0807897486926,406.58013916015625,21202900
2024-02-13,396.4758057908408,401.4985815288795,394.9582163813525,397.82696533203125,27824900
2024-02-14,400.2791853329973,402.0153819358465,396.84600689910087,401.67205810546875,20401200
2024-02-15,400.34788638470263,401.3189759217452,396.5713838346197,398.79803466796875,21825500
2024-02-16,400.17130014605374,400.4950166150196,395.737605866878,396.34576416015625,22296500
2024-02-20,395.5414273661721,396.76756266074034,390.4112964520626,395.10003662109375,24307900
2024-02-21,392.5301035768011,394.609624467944,389.63641199991355,394.501708984375,18518900
2024-02-22,402.3587454167674,404.9483275530714,400.76967888893086,403.7908630371094,27009900
2024-02-23,407.73411674298126,407.92046175721333,401.162019956702,402.505859375,16295900
2024-02-26,403.6045125913183,404.2911603614398,399.58278265548927,399.7593688964844,16193500
2024-02-27,400.2007433350152,400.5244598178457,396.13979878680874,399.70050048828125,14835800
2024-02-28,400.3870613953607,401.48567367865326,397.58167859587735,399.93585205078125,13183100
2024-02-29,400.83840861479064,406.2922567290195,398.17033666477636,405.7429504394531,31947300
2024-03-01,403.41813008815376,407.93031407980567,403.0355914321904,407.5673828125,17823400
2024-03-04,405.54668869062186,409.38204334564557,404.4480762959748,406.9984436035156,17596000
2024-03-05,406.0567462440755,406.3412180011649,392.991071894389,394.9626770019531,26919200
2024-03-06,395.2766257394995,397.4248173487459,390.78407881855424,394.4134216308594,22344100
2024-03-07,398.3664041641416,401.95653150490796,394.5604758378121,401.3287658691406,18718500
2024-03-08,400.1712786506048,402.58433424165736,396.61057729290076,398.4645080566406,18002200
2024-03-11,396.0515271512708,397.93485423983793,393.5992565104688,396.7969970703125,16120800
2024-03-12,399.8378319323999,407.6360648031442,399.02369122398767,407.3515930175781,22457000
2024-03-13,410.11771230614136,410.1961717884516,403.5946789555971,407.17498779296875,17115900
2024-03-14,412.21687278632703,419.652174073812,410.0098292271171,417.101806640625,34157300
2024-03-15,411.28501994441507,414.53182378938754,404.9091164524236,408.4698181152344,45079900
2024-03-18,406.34123515822085,412.69753127897746,405.8802070917239,409.3526306152344,20106000
2024-03-19,409.8528643144651,413.61957818454806,407.61639479250874,413.3645324707031,19837900
2024-03-20,413.94325853489937,417.8276466076136,412.62884514501485,417.1116027832031,17860100
2024-03-21,421.6237252238155,422.59484462108253,419.00471729967956,421.1725158691406,21296200
2024-03-22,421.4962894258474,421.65320840400005,417.93558766825475,420.5545959472656,17648500
2024-03-25,417.1214317546939,419.25001591585095,413.56072987159786,414.786865234375,18060500
2024-03-26,417.48433323864253,417.8570831519167,413.30568457627095,413.5999450683594,16725600
2024-03-27,416.3366986755512,416.3465173372015,411.0103740796991,413.3841552734375,16705000
2024-03-28,412.92309148516256,413.815721504757,411.11822405931304,412.68768310546875,21871200
2024-04-01,415.856044584665,419.720825298805,414.15906261710444,416.4642028808594,16316000
2024-04-02,412.08929633397446,414.3159769269491,409.86264567594,413.3939208984375,17912000
2024-04-03,411.71659648353796,415.17920112214335,411.0888008867087,412.4228515625,16502300
2024-04-04,416.87612828288866,420.48589287991564,409.5978068668824,409.9018859863281,19370900
2024-04-05,411.99124304246095,418.36714603884514,410.33350586860576,417.3960266113281,16554800
2024-04-08,417.0527692258899,419.12247124179834,415.21844567326013,416.48382568359375,14272400
2024-04-09,418.2985199584035,419.5736887198931,413.5705349702072,418.1415710449219,12496900
2024-04-10,414.1296507389469,415.93451830181,411.68719880938414,415.1792297363281,16216600
2024-04-11,417.6903687099733,421.1725811111206,414.2964045264092,419.76007080078125,17966400
2024-04-12,415.95406972864896,417.06250067629605,411.7557842388935,413.8451232910156,19253800
2024-04-15,418.4555144671929,418.671315504876,405.53693812965497,405.7429504394531,20273500
2024-04-16,406.6550977488978,410.4119627811132,405.8311384974836,406.6648864746094,16765600
2024-04-17,409.2838890616667,410.88277399306753,402.4959920980667,403.9771728515625,15855500
2024-04-18,402.79031869935466,404.02627254838046,396.2378594372626,396.5517272949219,21029900
2024-04-19,396.3163237053195,397.73865251494925,390.17582902876677,391.50006103515625,30565800
2024-04-22,392.4417885622407,395.1589237744009,388.1944686964581,393.30499267578125,20286900
2024-04-23,396.52234656320184,400.40676483693346,395.3648819975192,399.7887878417969,15734500
2024-04-24,401.7407287200192,404.59517495198185,399.01380533371923,401.2502746582031,15065300
2024-04-25,386.507271018032,392.25540884693,380.6218216022703,391.421630859375,40586500
2024-04-26,404.30097191316094,405.1151126000372,398.0133463554319,398.5626525878906,29694700
2024-04-29,397.5130677635141,398.56264677395114,391.56876617151903,394.5703430175781,19582100
2024-04-30,393.8248513162942,394.4820730278576,381.74008419354954,381.8970031738281,28781400
2024-05-01,385.11439972061993,394.050490048908,382.8583225669511,387.3999328613281,23562500
2024-05-02,390.067981051651,392.2946320183516,387.1154376190438,390.2445373535156,17709400
2024-05-03,394.59976579857647,399.37678414031285,394.1877711661832,398.8961486816406,17446700
2024-05-06,400.95600534299797,406.027283466649,398.6116206105037,405.6447448730469,16996600
2024-05-07,406.74337133005633,406.7531899905989,401.2797058272895,401.5249328613281,20018200
2024-05-08,400.3773092630151,404.3597941214035,398.9451617518151,402.7020568847656,11792300
2024-05-09,402.73146980472023,404.84041635842834,401.2895336143813,404.44805908203125,14689700
2024-05-10,405.05627644521434,407.4496950958414,403.9380266126503,406.8218994140625,13402300
2024-05-13,410.0294239104783,410.36292908810583,402.9766919421273,405.8213195800781,15440200
2024-05-14,404.15384546698766,409.5194153106948,403.69281734751206,408.607177734375,15109300
2024-05-15,410.66092785109674,416.46855556809163,410.0418362179186,415.7511901855469,22239500
2024-05-16,414.49335406459187,418.05067177577746,413.0684896947791,413.6973876953125,17530100
2024-05-17,415.2205329091171,415.5939551336606,410.7886480687753,412.9308776855469,15352200
2024-05-20,412.9309055053418,419.37726753163014,412.7147152549324,417.9720458984375,16272100
2024-05-21,419.4362019217813,425.4698558470045,417.4905197677202,421.6079406738281,21453300
2024-05-22,422.63977275649836,424.91959180983645,419.7310556819618,423.06231689453125,18073700
2024-05-23,425.4699189536125,426.08901063588814,418.0507151165833,419.60333251953125,17211700
2024-05-24,419.78997344657733,423.5929302999633,417.0581313925194,422.7085266113281,11855300
2024-05-28,422.18776429444347,423.3571529882785,419.210252491479,422.8658142089844,15718000
2024-05-29,418.3159892619867,423.4750461602697,418.3159892619867,421.7357177734375,15517100
2024-05-30,416.95003623481153,416.95003623481153,407.0643033400361,407.48687744140625,28394500
2024-05-31,409.53083651523417,409.53083651523417,397.5028738526741,407.93890380859375,47995300
2024-06-03,408.3319723384426,409.21637607324783,401.83648858598,406.3567810058594,17484700
2024-06-04,405.28571008638386,409.2262568074665,402.58334672161834,408.8626708984375,14348900
2024-06-05,410.57248754759564,416.7338647316788,409.0886349128657,416.66510009765625,16988000
2024-06-06,416.66508413024746,417.9425528471417,413.29447761268017,417.1662292480469,14861300
2024-06-07,418.8171717087438,418.89577271534046,415.67259164399417,416.50787353515625,13621700
2024-06-10,417.34318081391007,420.6646058483147,416.54721437209554,420.458251953125,13982900
2024-06-11,418.10961578141064,425.3224647271418,417.8835891699695,425.18487548828125,14551100
2024-06-12,427.7791794767063,435.71920053687387,425.7450298401941,433.41973876953125,22366200
2024-06-13,433.21335923548196,435.709368351957,431.7589858154619,433.9306945800781,15960600
2024-06-14,430.68786981308114,435.4636977946633,429.15489539650804,434.903564453125,13582000
2024-06-17,434.92324397820295,443.1286073434569,433.0856417971322,440.6031188964844,20790000
2024-06-18,441.9198947788086,442.34246889984814,437.18341197055486,438.6082763671875,17112500
2024-06-20,438.5689831798124,438.7950098147065,433.62611625090886,437.9794006347656,19877400
2024-06-21,439.6302276576991,442.77477739903867,438.77530310305696,441.9886474609375,34187100
2024-06-24,442.0083612472025,444.9072720890794,438.67709986214254,439.915283203125,15913700
2024-06-25,440.4851258363657,443.6002262571544,439.011109798988,443.13836669921875,16413400
2024-06-26,441.22215886891127,445.7424809709231,440.42619256271684,444.3274230957031,16507000
2024-06-27,444.3470860716105,448.267989524247,443.9441847148766,445.0054931640625,14806300
2024-06-28,445.2216529567904,447.49163533200266,438.67701793083796,439.2076721191406,28362300
2024-07-01,440.88811382009334,449.4472268960843,437.9400811658245,448.8183288574219,17662800
2024-07-02,445.349461110364,451.6287548273333,445.26099374388446,451.3241271972656,13979800
2024-07-03,450.25300481306164,453.03396893483153,449.94837718806366,452.7882995605469,9932800
2024-07-05,451.6483951731934,460.2370169877969,451.01949716215944,459.460693359375,16000300
2024-07-08,458.4682018620652,459.59830504287737,456.41440936822374,458.16357421875,12962300
2024-07-09,458.91038601076474,459.23465638604694,450.06628863582495,451.5796203613281,17207200
2024-07-10,453.2305340754163,458.3797547644369,450.9113994976311,458.17340087890625,18196100
2024-07-11,454.96002402992053,456.72883147324404,443.7279978013262,446.8234558105469,23111200
2024-07-12,446.45987718044813,448.4547114032981,442.8436310012122,445.6933898925781,16324300
2024-07-15,445.4476817175394,449.33910606074033,443.61007966105154,446.09625244140625,14429400
2024-07-16,446.3517811207802,446.43038212668165,438.92274152217504,441.7331848144531,17175700
2024-07-17,434.92324477920374,437.14410559537976,431.5723108003405,435.8371276855469,21778000
2024-07-18,436.6429610062861,436.94758866304596,426.87514326717604,432.7417297363281,20794800
2024-07-19,425.5976305961669,433.49836608097274,424.51667935003445,429.53814697265625,20940400
2024-07-22,434.1370778123692,436.89839903999433,431.3069619660928,435.26715087890625,15808800
2024-07-23,436.21054835742433,440.62279084734524,435.4244183311835,437.14410400390625,13107100
2024-07-24,432.82034171919196,433.83249840274334,420.18309274942834,421.47039794921875,26805800
2024-07-25,421.3721232816147,422.35480083589914,410.2777152857788,411.15228271484375,29943800
2024-07-26,410.95572197330205,421.49002544679837,410.04180915234855,417.9032287597656,23583800
2024-07-29,424.10397494654256,424.6641083620649,417.3431784161,419.3380126953125,15125800
2024-07-30,420.31083428857175,421.6177822082065,410.13027948455533,415.593994140625,32687600
2024-07-31,413.2159000993034,414.4737261342931,405.06949500365346,411.1031494140625,42891400
2024-08-01,413.5008583778063,420.05530026736574,405.9342299111822,409.88458251953125,30296400
2024-08-02,405.3446197900361,407.81114983489476,397.3358044115477,401.4139099121094,29437900
2024-08-05,382.4286307082766,394.09300828762184,378.90079195613237,388.3050231933594,40709200
2024-08-06,393.07100276300895,398.6427974223072,391.59698650264767,392.687744140625,24946500
2024-08-07,401.56129474356715,402.9763225660977,390.5847753290331,391.52813720703125,20650900
2024-08-08,395.46871662305415,398.8294567188382,393.0120229903142,395.7143859863281,20203000
2024-08-09,397.0312061411671,400.9815590644515,395.2918776876415,398.9867248535156,19276700
2024-08-12,400.008700380632,401.6792641246606,397.23754263585204,399.7630310058594,16762900
2024-08-13,402.49490035510087,407.762067699129,402.4752575998139,406.8383483886719,19414300
2024-08-14,407.61460282522484,410.484034234621,405.30533476037385,409.638916015625,18267000
2024-08-15,413.27153919674845,414.56116454959863,411.16483466760724,414.482421875,20752100
2024-08-16,414.05913029915934,414.787612725286,410.8104315549657,411.9622497558594,22775600
2024-08-19,412.44459964164133,415.19121979816396,409.98347800679744,414.9746398925781,15234000
2024-08-20,415.14205004692775,419.2373304106215,415.08298552534507,418.1938171386719,16387600
2024-08-21,417.48497282390196,419.7689009161739,415.1616884163413,417.5440673828125,16067300
2024-08-22,417.76066831830366,420.1529016775488,408.1622927487291,409.0876770019531,19361900
2024-08-23,410.4954277824997,412.73996960606866,405.6814592418378,410.3083801269531,18493800
2024-08-26,409.89487877847426,410.7907306533513,404.94310328054127,407.0596618652344,13152800
2024-08-27,406.43946532338146,407.91613833509496,403.8700687036349,407.40423583984375,13492900
2024-08-28,408.42813090646126,408.54625995788336,400.9758461349833,404.2146911621094,14882700
2024-08-29,408.4871383812944,415.48655408743093,404.2146347079457,406.6954345703125,17045200
2024-08-30,409.1368642535232,410.99745657650817,405.7208262421071,410.6529235839844,24308300
2024-09-03,411.4109125689516,413.35027748692255,400.7001071362785,403.0726318359375,20313600
2024-09-04,399.59755429893164,404.8446523736478,398.0814949690352,402.5410461425781,15135800
2024-09-05,401.2809263113811,406.6757153578755,399.81410753750566,402.0389709472656,14195500
2024-09-06,402.6985299905477,404.26379961304895,394.56697518152896,395.4530029296875,19609500
2024-09-09,400.9068736495872,402.2949499033103,395.89603343829765,399.4105224609375,15295100
2024-09-10,401.8519446669211,409.8554868302287,401.3597203496137,407.7586364746094,19594300
2024-09-11,409.03840014283475,417.3963592828998,403.21045111442425,416.4611511230469,19266900
2024-09-12,416.7270008247058,420.7238603737511,413.22236565404535,420.359619140625,17395700
2024-09-13,419.20778281644255,425.11447510259467,418.84354159900835,423.8937683105469,15874600
2024-09-16,423.9035976857479,426.7880250402565,421.5606050753592,424.632080078125,13834700
2024-09-17,433.3838900790578,434.9786922694464,425.54765628869114,428.38287353515625,18874200
2024-09-18,428.23513248274287,429.2491133188561,423.71651710377296,424.11029052734375,18898000
2024-09-19,434.3683366283435,434.6341269777226,430.1056566789826,431.8678283691406,21706600
2024-09-20,430.4206328981448,432.409208323067,427.4672869965637,428.5009460449219,55167100
2024-09-23,427.52635570448473,429.6724465370328,423.6968661035608,426.7683410644531,15128900
2024-09-24,426.2662748026867,426.61083784634445,419.4735849772464,422.495849609375,17015800
2024-09-25,423.1455340479856,426.38437839634133,421.9051492250097,425.39007568359375,13396400
2024-09-26,428.32381527731917,428.53054110869147,422.45650897162153,424.60260009765625,14492000
2024-09-27,424.80927883764434,425.1341637224931,420.8222737453315,421.36370849609375,14896100
2024-09-30,421.55078212730024,423.7264354508624,418.75495134014767,423.6082763671875,16807300
2024-10-01,421.78703621784,421.81656847562806,412.2969368087723,414.147705078125,19092900
2024-10-02,416.0082934736332,416.2445815766932,410.22958475813624,410.64306640625,16582300
2024-10-03,411.1353013004486,413.02542591560956,407.84724636027164,410.062255859375,13686400
2024-10-04,411.73581262468696,413.2223397680441,408.51667620718774,409.5897216796875,19169700
2024-10-07,409.5306419831522,410.6233655735784,402.6395013728588,403.1711120605469,20919800
2024-10-08,404.5099645290717,409.19594995144206,401.82243880752753,408.2607116699219,19229300
2024-10-09,409.3928021729279,413.84252930935924,407.8570646785986,410.9679260253906,14974300
2024-10-10,408.77260867644156,410.8596349305785,406.72493873590105,409.37310791015625,13848400
2024-10-11,409.6684790592566,410.6430736171545,406.8234080163179,409.8456726074219,14144900
2024-10-14,411.27310627026066,417.4456186019399,411.02699410502277,412.621826171875,16653100
2024-10-15,415.61450241094855,415.90985501650863,408.80213492837686,412.2279968261719,18900200
2024-10-16,408.71356498849764,409.8850312589263,404.09649835161355,409.6487731933594,15508900
2024-10-17,415.79171565844746,415.9295528895068,409.12700914123224,410.23944091796875,14820000
2024-10-18,410.6529471112624,413.12389293089865,409.78662744422246,411.6570739746094,17145300
2024-10-21,409.6488187127166,412.4446496235521,407.3156799270225,412.2674560546875,14206100
2024-10-22,411.9819473916582,423.88392916296095,411.53896348036403,420.8616943359375,25482200
2024-10-23,424.1595460644349,424.37612597688815,415.95910173602493,417.9969177246094,19654400
2024-10-24,418.7155536346828,419.35546932603506,415.83112614516494,418.1249084472656,13581600
2024-10-25,420.12336158504047,425.7937660019832,419.9363139175779,421.4917297363281,16899100
2024-10-28,424.9471560845272,425.222800536086,419.67049509941035,419.95599365234375,14882400
2024-10-29,421.3440812856283,426.43369473876635,419.17828193472,425.232666015625,17644100
2024-10-30,430.6372663836306,431.68077966192817,425.3803136298507,425.8036193847656,29749100
2024-10-31,408.9006246633273,409.6882017012257,399.9815212546983,400.03076171875,53971000
2024-11-01,402.6493843637014,409.0384470027673,401.162857168779,403.98822021484375,24230400
2024-11-04,403.42706781751014,404.0374512515174,399.26286901744754,402.10791015625,19672300
2024-11-05,402.019305938334,408.4477546696806,401.73380740675793,405.0612487792969,17626000
2024-11-06,406.00629877245973,413.91141971077946,404.1358224259815,413.6455993652344,26681800
2024-11-07,414.72850912180576,420.21189508853655,413.3502870767265,418.81396484375,19901800
2024-11-08,418.70569909892066,419.8673412736044,415.22074253188157,415.96893310546875,16891400
2024-11-11,415.9492116532179,418.20360735923634,409.53061759674426,411.5093688964844,24503300
2024-11-12,411.7456609678349,417.8394007087299,410.71200186963034,416.4513244628906,19401200
2024-11-13,415.0829505962656,422.65333320998997,411.70626883397995,418.58758544921875,21502200
2024-11-14,418.39068982634956,421.51140536702854,413.4684464166278,420.2513122558594,30246900
2024-11-15,413.2912534776132,416.2248913266483,407.2073678244848,408.54620361328125,28247600
2024-11-18,408.41819885611204,411.89330132284374,405.69128696291637,409.29437255859375,24727000
2024-11-19,406.68560375296545,411.4405079817959,405.1498661250552,411.2928466796875,18133500
2024-11-20,410.3871084118776,410.8005900683197,404.19491792354364,409.028564453125,19191700
2024-11-21,413.8028113322242,414.07900747535325,404.71789987463876,407.2628479003906,20780200
2024-11-22,405.7832472742104,411.73135363774225,405.4774597411712,411.3367919921875,24814600
2024-11-25,412.69804256956826,415.36135617252853,409.2159842267064,413.10247802734375,27691100
2024-11-26,413.8916059444426,423.21327891734404,413.16166540924917,422.1775207519531,23458900
2024-11-27,419.33668746447955,421.4279216336492,416.28865548862075,417.2454833984375,18332400
2024-11-29,414.384847961252,419.10980447039015,412.1259395107062,417.7090759277344,16271900
2024-12-02,415.84474493949193,427.1195090506518,415.58826631722377,425.126953125,20207200
2024-12-03,424.0024483022702,426.59673575541547,421.9309618493427,425.343994140625,18302000
2024-12-04,427.1490975254907,433.698935348809,426.754535872994,431.4794921875,26009400
2024-12-05,431.9726738856543,438.62112911545074,430.24644042721326,436.60882568359375,21697800
2024-12-06,436.29315742766124,440.041568082756,435.7703565069421,437.5459289550781,18821000
2024-12-09,436.5891099408423,442.2412722506749,434.5176237615362,439.962646484375,19144400
2024-12-10,438.3548361326827,443.51378920495125,435.6027181772746,437.3092041015625,18469500
2024-12-11,438.0194510528632,444.23391032066826,438.0194510528632,442.8923645019531,19200200
2024-12-12,443.0106891858234,449.96496224230685,443.0106891858234,443.45458984375,20834800
2024-12-13,442.34980235220513,445.2991859531554,439.5286279530639,441.1956787109375,20177800
2024-12-16,441.19569319284585,446.039014950384,439.23272866925197,445.45703125,23598800
2024-12-17,444.8849272856994,449.1068002031095,443.4644812477741,448.2880554199219,22733500
2024-12-18,445.1907332778121,446.50265760588917,431.08492025325205,431.4499206542969,24444500
2024-12-19,435.6224173363725,437.1612287919841,430.39440791706704,431.0947570800781,22963700
2024-12-20,427.22800034083093,437.7136411325363,422.80886164173944,430.6706237792969,64263700
2024-12-23,430.8087749659741,431.7064201820156,426.95187171586906,429.3390197753906,19152500
2024-12-24,428.7470606574343,433.629847299066,428.29331629516184,433.3634948730469,7164500
2024-12-26,433.1169230295789,434.9516783695283,430.7002140852734,432.16009521484375,8194200
2024-12-27,428.6978084898888,429.3093836032803,420.5598497453618,424.6830749511719,18117700
2024-12-30,420.27376177490316,421.7435167493127,416.17025429217676,419.0604553222656,13158700
2024-12-31,420.313230174155,420.9346790911402,414.94710727917607,415.77569580078125,13246500
2025-01-02,419.7509810335182,420.2836558558519,409.21603069875914,412.8953552246094,16896500
2025-01-03,415.3613950253171,418.27134378737713,413.8423310893823,417.6005859375,16662900
2025-01-06,422.1874466156374,428.42162361284306,419.7016808979234,422.03948974609375,20573600
2025-01-07,423.1738138555601,424.80139942668757,415.0851648128758,416.63385009765625,18139100
2025-01-08,417.70906128958796,421.171402275518,415.81515330470927,418.79412841796875,15054600
2025-01-10,418.86316848876044,418.94206877538755,409.3836648034606,413.26031494140625,20201100
2025-01-13,409.6007014640922,412.8164377086338,406.690782868284,411.52423095703125,17604800
2025-01-14,412.1358238822972,414.03960580749714,405.1421150215387,410.02490234375,16935900
2025-01-15,413.43790279096226,422.3353935398116,412.5895665870108,420.5203857421875,19637800
2025-01-16,422.87788427352234,423.6571336957602,418.6264203199314,418.8138122558594,15300000
2025-01-17,428.1947398206691,428.57945778773313,422.35515456567043,423.2034606933594,26197500
2025-01-21,424.35752761269225,425.0480029513297,419.819993531564,422.68060302734375,26085700
2025-01-22,431.61761238386987,441.1957350447454,430.0788007344463,440.1402893066406,27803800
2025-01-23,435.9972845633218,440.68277574358376,435.50407496539947,440.643310546875,18389300
2025-01-24,439.11439458237174,440.5841496239721,435.40544858930485,438.0293273925781,15549500
2025-01-27,418.2516444520013,429.2896784954125,417.74856099112463,428.6583557128906,35647800
2025-01-28,428.6978201786795,442.29067649663904,425.5215489294809,441.126708984375,23491700
2025-01-29,440.6235877197962,440.81100977301065,434.41900262341227,436.3227844238281,23581400
2025-01-30,413.0827588425547,417.1172097708342,407.54896156269734,409.3540954589844,54586300
2025-01-31,413.2899024984714,414.97667080056476,409.2751693701902,409.4231262207031,34161900
2025-02-03,406.01014380943144,409.7683985075356,403.1100689884043,405.3393859863281,25679100
2025-02-04,407.0853452090854,408.29865167160733,404.1753965052981,406.7696838378906,20532100
2025-02-05,406.74997908357795,408.2098602907994,404.8264495269334,407.6772155761719,16316700
2025-02-06,408.37759172263367,412.52056483933194,408.37759172263367,410.1728820800781,16309800
2025-02-07,410.8238533335017,412.96436600470287,402.5576561425311,404.18524169921875,22886800
2025-02-10,408.0915202610308,409.81775403639836,405.3394320876969,406.62176513671875,20817900
2025-02-11,404.0768132724711,406.8880841725034,403.74140422239867,405.85235595703125,18140600
2025-02-12,401.67976029438313,405.17169274595005,398.8783333348811,403.48492431640625,19121700
2025-02-13,401.4726062482461,405.4182829681306,400.8412835235649,404.96453857421875,23891700
2025-02-14,402.25188608897315,403.3566707547541,400.3678218416371,402.8831787109375,22758500
2025-02-18,402.4590098668831,405.0237056562673,400.9793811541372,404.0767517089844,21423100
2025-02-19,402.34070226719325,409.84733856693146,402.1138149948078,409.1371154785156,24114200
2025-02-20,410.47141636340496,414.4447616167347,407.75332449561745,411.3016662597656,23508700
2025-02-21,412.4976421272199,413.1993956224997,403.15730762956775,403.47357177734375,27524800
2025-02-24,403.7700887978409,404.62009578289485,394.6867174896375,399.3124084472656,26443700
2025-02-25,396.44608593506547,397.25657880262406,392.09714469383994,393.283203125,29387400
2025-02-26,393.3919357776839,398.9170718958632,389.6755530638089,395.09197998046875,19619000
2025-02-27,396.61407498406965,401.0322110218146,387.61968592381214,387.9754943847656,21127400
2025-02-28,388.1040123360274,393.0163471729864,382.0846775634414,392.3837585449219,32845700
2025-03-03,394.1925819302831,394.1925819302831,381.67946965114726,383.982421875,23007700
2025-03-04,378.9514121108331,388.02488953137174,376.5792652913011,384.1009521484375,29342900
2025-03-05,384.82253320835395,397.00948665687173,384.29868393839774,396.36700439453125,23433100
2025-03-06,389.7051801734712,397.4838599812305,388.12373889118527,392.284912109375,23304600
2025-03-07,387.76798692760104,390.21919261692045,381.06665528777256,388.7464904785156,22034100
2025-03-10,381.3631114017718,381.9166113327009,372.8431337183802,375.7490234375,32840100
2025-03-11,374.6024872406928,381.5212666884101,372.5367409966354,376.0356750488281,30380200
2025-03-12,378.5066728711865,380.7503233781215,374.55308456142495,378.82293701171875,24253600
2025-03-13,378.71423026442886,380.8491715851453,373.07049136146827,374.3751525878906,20473000
2025-03-14,375.3734195488383,385.7021804869834,375.10656321193693,384.0515441894531,19952800
2025-03-17,382.2132080479099,388.15345468919406,381.0963143894263,384.19000244140625,22474300
2025-03-18,382.57889637930924,382.8754034622388,376.6781641211092,379.070068359375,19486900
2025-03-19,381.0567525075918,385.1585946525035,379.5445060727477,383.3201904296875,19185500
2025-03-20,381.26431956643484,387.244140619299,378.8328709429988,382.3515625,18470500
2025-03-21,378.77352451177876,387.194656647968,378.3583844724842,386.7202453613281,39675900
2025-03-24,390.81222312553433,390.81222312553433,385.28708673252123,388.5191345214844,21004500
2025-03-25,389.34940942223693,391.7610706609813,388.0842623065983,390.57501220703125,15775000
2025-03-26,390.4168571879551,390.72325787798576,384.0614710304359,385.4452209472656,16108400
2025-03-27,385.60336562359333,387.6888690270636,382.9050306805178,386.0481262207031,13766800
2025-03-28,383.5771397086297,384.6149747790714,372.5565178920864,374.4048156738281,21632000
2025-03-31,368.21742532177814,372.6948625069506,362.97890314508544,371.03436279296875,35184700
2025-04-01,370.30297052308924,378.4078388750376,368.89946352111616,377.7554931640625,19689500
2025-04-02,373.584455994143,380.61194495123306,372.2501138660857,377.7060852050781,16092600
2025-04-03,370.4413527847735,373.10014336261634,365.0644702169303,368.78082275390625,30198000
2025-04-04,359.90502676066706,370.2436515761853,355.30898645827625,355.664794921875,49209900
2025-04-07,346.8087713756296,366.6953157485582,340.7894367933375,353.707763671875,50425000
2025-04-08,363.98712785508354,369.3145725706382,346.18608632628985,350.4460754394531,35868900
2025-04-09,349.4379409733939,388.667426732123,349.0030438091915,385.9591979980469,50199700
2025-04-10,377.6269854135807,379.44563241847453,363.5324334212975,376.92523193359375,38024400
2025-04-11,376.2235219485835,385.5243129890287,374.493826861171,383.9429016113281,23839200
2025-04-14,388.6575040815548,390.0709046779098,379.75203666792555,383.3102722167969,19251200
2025-04-15,384.0021985236263,387.3429858222691,379.70266475267175,381.25445556640625,17199900
2025-04-16,376.25315416820064,377.18221973337427,363.730149078798,367.2982482910156,21967800
2025-04-17,369.41339637295704,369.9767899290697,362.6330071079686,363.5126647949219,21120200
2025-04-21,358.6102676210093,360.2510105389955,351.5432339047138,354.95318603515625,20807300
2025-04-22,359.1637542302739,363.5028019496421,355.68457702509073,362.5638427734375,19485000
2025-04-23,371.6966268435602,375.9764033603888,368.69189108581185,370.0460205078125,20545500
2025-04-24,371.34077108557176,383.9428330432701,370.8366789549492,382.80615234375,22232300
2025-04-25,382.5097039822226,387.6098369882708,380.13755681192964,387.3034362792969,18973200
2025-04-28,387.4121350910717,388.1830836548117,382.15388522315925,386.6214294433594,16579400
2025-04-29,386.75978890275064,390.5157161336794,385.8504804253008,389.468017578125,14974000
2025-04-30,385.77135703314644,392.05757796403765,379.979364791359,390.673828125,36461100
2025-05-01,426.1078502028247,431.91962985286955,419.9699127886788,420.464111328125,58938100
2025-05-02,426.7305579775838,434.3412277785372,425.0008630376841,430.2294921875,30757400
2025-05-05,427.8474632490504,434.40054108405303,427.09627177369964,431.10919189453125,20136100
2025-05-06,427.18521188154574,432.65104629505106,426.16716413896285,428.2823181152344,15104200
2025-05-07,428.8061738000786,433.0365119798482,426.10783898687293,428.3218688964844,23295300
2025-05-08,432.8487017029497,438.52212113478646,430.6050513161737,433.0859375,23491300
2025-05-09,434.89471877509555,435.6261229679929,430.8225275981773,433.63946533203125,15324200
2025-05-12,440.7657862582039,444.15598092637396,434.6772567640601,444.0472717285156,22821900
2025-05-13,442.5844447017788,445.4409267506546,440.192510488539,443.9286804199219,23618800
2025-05-14,442.94024625817593,448.6333924695745,442.94024625817593,447.6845397949219,19902800
2025-05-15,446.3576953837484,451.7246558325709,446.0210270484144,448.6946105957031,21992300
2025-05-16,447.6251542704443,449.91254071320964,444.3376746324017,449.82342529296875,23849800
2025-05-19,446.46660651740484,455.0913410046994,446.3873726676465,454.3783874511719,21336500
2025-05-20,451.1305396548173,453.85362179890075,449.87298168888566,453.685302734375,15441800
2025-05-21,450.12052955644793,453.2991005803846,447.38753565613104,448.1401062011719,19216900
2025-05-22,450.4967994491365,455.74490907390424,449.4570590917957,450.40765380859375,18025600
2025-05-23,445.5754438212613,449.2491205375805,444.51591011589574,445.7734680175781,16883500
2025-05-27,452.0118204825961,456.4380677238799,451.65532857824905,456.18060302734375,20974300
2025-05-28,456.7054113344306,457.9926743719098,452.45739496057166,452.8831787109375,17086300
2025-05-29,457.03221043821725,457.2005597280811,450.85329893273473,454.1903076171875,13974800
2025-05-30,455.22010105843367,457.16090743162863,451.081023612945,455.85382080078125,34770500
2025-06-02,452.6653804963421,457.5867035205711,452.41782757710985,457.4480895996094,16626500
2025-06-03,456.9529759669727,459.5968543955761,456.3489311405408,458.43829345703125,15743800
2025-06-04,459.4582001214203,461.1316602074749,458.48778183720145,459.3294677734375,14162700
2025-06-05,460.40879598021155,465.05289099241804,459.487906406924,463.1021728515625,20131700
2025-06-06,465.4885869985769,468.7067748339504,464.19141216551986,465.7757568359375,15285600
2025-06-09,465.10242514198006,468.7958952647425,464.0329796350046,468.12255859375,16469900
2025-06-10,466.57783210788693,468.172058367284,462.38922592870773,466.31048583984375,15375900
2025-06-11,465.41924870930376,470.81591405576256,465.0627870357861,467.9938049316406,16399200
2025-06-12,470.3702965389571,475.7174632765806,468.88497916047487,474.1826171875,18950600
2025-06-13,471.7467014438283,474.48957663576516,468.13243522834,470.3108825683594,16814500
2025-06-16,470.55848782417763,475.9848587535654,470.35055183096546,474.4500427246094,15626100
2025-06-17,470.74663593423935,474.0539393845567,469.4395492382731,473.3608093261719,15414100
2025-06-18,473.3211811212961,476.291816149254,469.8158233270243,475.53924560546875,17526500
2025-06-20,477.5097592999014,478.7277002496467,472.2022093150259,472.7270202636719,37576200
2025-06-23,473.52910172023695,482.97572926336846,467.8849134818946,481.24285888671875,24864000
2025-06-24,484.1640031375646,487.0356109071577,482.0350238939456,485.3126220703125,22305600
2025-06-25,487.223778215148,489.71910084538035,484.5997232276066,487.4515075683594,17495100
2025-06-26,488.15456314430565,493.1650318097281,487.98621386300664,492.580810546875,21578900
2025-06-27,492.6797975508017,494.4126679494895,488.2040517426954,491.0855712890625,34539200
2025-06-30,492.17479474651304,495.8583832017286,490.4815111095117,492.5411682128906,28369000
2025-07-01,491.61032989433573,493.1748508484927,486.174078149816,487.23358154296875,19945400
2025-07-02,485.1938116448169,488.66946431331223,483.9164603345879,486.2830505371094,16319600
2025-07-03,488.9764505765557,495.2345959448005,488.61007707252077,493.95721435546875,13984800
2025-07-07,492.51147619590915,493.86806132382594,490.38252718836065,492.84814453125,13981600
2025-07-08,492.37280697303856,493.3234318678901,489.2734398258723,491.7588806152344,11846600
2025-07-09,495.40288075164045,501.8194631786975,494.8483646402868,498.58148193359375,18659500
2025-07-10,498.12592881176073,499.50233742843255,492.877819466512,496.5713195800781,16492100
2025-07-11,493.59080845907414,500.08659454551145,492.9273533491097,498.3933410644531,16459500
2025-07-14,496.6109349689791,499.0369655948213,496.1257409313552,498.09625244140625,12058800
2025-07-15,498.0962552049,503.3245715280963,497.8685258646023,500.8688659667969,14927200
2025-07-16,500.2351723256947,501.76010690549,496.9773973755448,500.6708679199219,15154400
2025-07-17,500.7302212088446,508.34495123446135,500.67081092720053,506.6913146972656,17503100
2025-07-18,509.4440643876484,509.6025320949179,502.4630844244223,505.05743408203125,21209700
2025-07-21,501.75013722027745,507.0775109565722,500.6014880788464,505.0673522949219,14066800
2025-07-22,505.968437121084,506.19619667447284,500.32421875,500.32421875,13868600
2025-07-23,501.78972599996087,501.8293429250601,495.79895793496456,500.9183349609375,16396600
2025-07-24,503.7899711970312,508.6420022469781,502.334358860161,505.87933349609375,16107000
2025-07-25,507.4537274302719,513.2167663968169,505.3643953860848,508.681640625,19125700
2025-07-28,509.04798015617376,509.9589578768102,505.1267205865717,507.4834289550781,14308000
2025-07-29,510.48381297361453,512.5533213636355,506.55264151082275,507.5527648925781,16469200
2025-07-30,510.12731827097724,510.89971236727115,504.4534248625209,508.2162170410156,26380400
2025-07-31,549.795171976257,550.0130499577134,526.6935786680993,528.2778930664062,51617300
2025-08-01,529.7632164041114,530.5553736121248,515.7616096000787,518.9797973632812,28977600
2025-08-04,523.0990575737549,532.9813491761439,522.9604134562841,530.3969116210938,25349000
2025-08-05,531.9219176627233,532.0407382325785,522.0792108748774,522.584228515625,19171600
2025-08-06,525.7034415927023,526.495598904166,518.9006917137275,519.8017578125,21355700
2025-08-07,521.6434435727333,522.9208551796034,512.483986539974,515.7418212890625,16079100
2025-08-08,517.4846309027208,519.5244646686413,514.3258530361145,516.9301147460938,15531000
2025-08-11,517.1875615378566,522.4258201385037,514.6327984158801,516.6627807617188,20194400
2025-08-12,518.6233183732385,525.7825288027884,517.5836082950698,524.0595703125,18667000
2025-08-13,526.9014833945702,527.4857348349631,514.2861971986356,515.484375,19619200
2025-08-14,517.4449565045493,520.8017882377586,515.0486614235291,517.36572265625,20269100
2025-08-15,517.6529556536844,520.9503168823401,513.9990723038397,515.078369140625,25213300
2025-08-18,516.4845535034275,517.7024945692299,508.98864359035275,512.0384521484375,23760600
2025-08-19,509.95896886179673,510.117376123604,503.57209201860513,504.7801513671875,21481000
2025-08-20,504.8791779580457,505.99812188843293,499.50233628326436,500.7698059082031,27723000
2025-08-21,499.57959198776825,503.48744166230597,498.617506554828,500.1250915527344,18443300
2025-08-22,500.13506667774504,506.5621975190336,498.3100856343386,503.09075927734375,24324200
2025-08-25,502.4956437530773,504.04291093011733,500.00611695670057,500.1449890136719,21638600
2025-08-26,500.2441598895975,500.85912581033193,494.4419229807315,497.943115234375,30835700
2025-08-27,497.90339657266526,503.1502356611414,495.82052770460996,502.6047058105469,17277900
2025-08-28,502.95187030654046,506.91922816363694,501.3748491905692,505.4810791015625,18015600
2025-08-29,504.5090702372647,505.44140176386463,500.3730863144936,502.5551452636719,20961600
2025-09-02,496.38587753866574,501.87074834041937,492.75574161607386,500.9979248046875,18128000
2025-09-03,499.6788070917271,503.64616490840893,498.220801883355,501.22607421875,16345100
2025-09-04,500.1846427841772,504.00323087503085,499.0440334241921,503.82470703125,15509500
2025-09-05,504.9157294675595,507.79205789513924,488.35199810583333,490.9605407714844,31994800
2025-09-08,494.0451377441344,497.1099483047291,490.990285532587,494.1344299316406,16771000
2025-09-09,497.3380873986388,498.1514030762742,493.6385453300377,494.3427429199219,14410500
2025-09-10,498.8754294126598,499.1233892811019,492.66650462093776,496.2867126464844,21611800
2025-09-11,498.15138006137016,499.0638857033828,493.8170463660224,496.9215087890625,18881600
2025-09-12,502.5154742767582,508.367321245748,499.73833579713096,505.73895263671875,23624900
2025-09-15,504.63802593930427,511.2634762434591,502.86262476523797,511.1543884277344,17143800
2025-09-16,512.6619733694059,513.0090929577493,504.449544036503,504.8859558105469,19711900
2025-09-17,506.4530809454648,507.11762672901375,501.8013512662406,505.85797119140625,15816600
2025-09-18,507.31598208941665,508.88310546808697,503.51725007824297,504.3008117675781,18913700
2025-09-19,506.39351766303514,515.0621842649809,506.1455578149837,513.703369140625,52474100
2025-09-22,511.382481416967,513.5148997152148,508.35732294429016,510.25177001953125,20009300
2025-09-23,509.6071466116137,510.3907385966617,503.17011764420596,505.074462890625,19799600
2025-09-24,506.215041937542,508.29788064425674,502.7832857896144,505.9869079589844,13533700
2025-09-25,504.15198973027213,505.84805701475193,500.9186136455738,502.8923645019531,15786500
2025-09-26,505.8976246789574,509.74596656687834,502.4856945681329,507.28619384765625,16213100
2025-09-29,507.3258652143003,512.6321819161793,504.7272507672145,510.4005432128906,17617800
2025-09-30,509.05168089535164,513.9315141469417,505.5009089039439,513.7232666015625,19728200
2025-10-01,510.5989672146665,516.262392605391,507.5143608700387,515.4689331054688,22632300
2025-10-02,513.4158303625842,517.343476169315,506.5126054199375,511.53131103515625,21222900
2025-10-03,512.8801529316524,516.2425031799986,510.7973143114264,513.1281127929688,15112300
2025-10-06,514.377848960065,526.6965386672223,513.9712214168786,524.256591796875,21388600
2025-10-07,523.9788663400786,525.4765536672338,517.1847899970462,519.7040405273438,14615200
2025-10-08,519.0097599169904,522.6497936321297,518.8213080060119,520.56689453125,13363400
2025-10-09,518.07745494396,520.0512058016051,513.1777655449532,518.136962890625,18343600
2025-10-10,515.3994727403434,519.3073226434543,505.47115003636685,506.790283203125,24133800
2025-10-13,512.1957986627914,512.1957986627914,507.50441729945595,509.8550720214844,14284200
2025-10-14,506.06622732552523,511.07503445038043,501.87073577210117,509.37896728515625,14684300
2025-10-15,510.75765569343554,512.9694382549203,505.838110317394,509.2401123046875,14694700
2025-10-16,508.3970827878481,512.6321960787722,503.9833851231019,507.4349670410156,15559600
2025-10-17,504.88601698312937,511.2734358883721,503.17012365144205,509.38897705078125,19867800
2025-10-20,510.41049011219013,514.4671401409408,509.2401268135401,512.5726928710938,14665600
2025-10-21,513.2769402267872,514.4572316509175,508.8533142722573,513.4356079101562,15586200
2025-10-22,516.8971823641815,520.943843958813,513.4852520447155,516.2921142578125,18962700
2025-10-23,518.1964698863214,519.6743010066873,514.3778516149157,516.3119506835938,14023500
2025-10-24,518.5237205252405,521.0628270774097,516.4607380708425,519.3370361328125,15532400
2025-10-27,527.4404441110845,530.2175826339089,524.6930292943027,527.1825561523438,18734700
2025-10-28,545.511702993095,549.2013167264516,536.3570441492753,537.6464233398438,29986700
2025-10-29,540.4930267482002,541.8121902511471,532.3500025514267,537.1306762695312,36023000
2025-10-30,526.150935240438,530.6042843733296,517.8591725476514,521.469482421875,41023100
2025-10-31,524.5640198650095,525.0004316167937,510.896444053691,513.5843505859375,34006400
2025-11-03,515.5680119038287,520.676008789008,510.3906395365282,512.8107299804688,22374700
2025-11-04,507.5838081580189,511.342858187808,503.6957838776707,510.1328430175781,20958700
2025-11-05,509.11117977922714,510.6287232020861,502.4460174356622,503.02130126953125,23024300
2025-11-06,501.53353925537283,501.5732213085109,491.7639146320967,493.04339599609375,27406500
2025-11-07,492.89463000746537,495.30479262227396,489.2248119110569,492.76568603515625,24019800
2025-11-10,495.9593732946225,502.71379706788474,494.7294718777327,501.8707275390625,26101500
2025-11-11,500.68055811559174,505.4414057875519,498.2505695472254,504.5289001464844,17980000
2025-11-12,505.203338237195,507.494515261433,495.0469117437556,506.9688415527344,26574900
2025-11-13,506.1455630365654,509.309533151825,497.1991825232493,499.182861328125,25273100
2025-11-14,494.1641988801248,507.4250879884235,493.38063720960855,506.01666259765625,28505700
2025-11-17,504.3007594029326,507.9407930820625,500.78963942134817,503.34857177734375,19092800
2025-11-18,491.3275301094218,498.87544447228873,482.8076324047851,489.76043701171875,33815100
2025-11-19,486.1005289347495,491.14898819063853,478.88983663624714,483.14483642578125,23245300
2025-11-20,489.6038857855625,490.4584800066478,472.50238827815747,475.4139099121094,26802500
2025-11-21,475.4834301610789,475.9007957312625,465.3179114267742,469.1436462402344,31769200
2025-11-24,472.005536687022,473.89355276873187,465.06952862032074,471.0118408203125,34421000
2025-11-25,471.08136597664605,476.12932719889915,461.9592459889855,473.9829406738281,28019800
2025-11-26,483.24419169180504,485.2315832491155,478.16642081896737,482.4393005371094,25709100
2025-11-28,484.5260924315005,489.5243812398697,483.5820692635899,488.9082946777344,14386700
2025-12-01,485.3607732415945,486.7718042788117,481.59465771305275,483.6714782714844,23964000
2025-12-02,483.6516286444489,490.38888506208144,483.2541563831954,486.91094970703125,19562700
2025-12-03,473.3171775583083,481.18723109312356,472.2042431453193,474.7182922363281,34615100
2025-12-04,476.7355071807625,478.2856702042714,473.4861025034468,477.8086853027344,22318200
2025-12-05,479.4780948278929,480.35255199911325,475.86105782216015,480.11407470703125,22608700
2025-12-08,481.8331998835391,489.1964595164875,481.32640529111774,487.9245300292969,21965900
2025-12-09,486.016607703579,489.01755801519323,485.42038417588924,488.9181823730469,14696100
2025-12-10,480.97857754952304,481.19719183884354,472.084987996716,475.5430603027344,35756200
2025-12-11,473.6252433732215,482.96597801292137,472.86007818396723,480.422119140625,24669200
2025-12-12,476.79512068758515,479.40854546431024,473.3370484252935,475.51324462890625,21248100
2025-12-15,477.0733729131614,477.6894594742654,469.5411415575728,471.82666015625,23727700
2025-12-16,468.9350114671635,474.87732355778707,467.911505956298,473.38677978515625,20705600
2025-12-17,473.903466892556,476.9739832708393,472.0055042784347,473.1184387207031,24527200
2025-12-18,475.17538699144035,486.5134594689822,474.8772903878124,480.92889404296875,28573500
2025-12-19,484.2875529363844,484.77448448182145,479.4482594182398,482.8566589355469,70836100
2025-12-22,483.0554234208069,485.64898536737695,479.6470539215635,481.8630065917969,16963000
2025-12-23,481.9226163967179,484.7546252629152,481.6841087754749,483.78082275390625,14683600
2025-12-24,482.61817584356095,486.0762481946253,481.77352833631136,484.94342041015625,5855900
2025-12-26,483.64171061957336,485.04282544173617,482.8964387136479,484.6354064941406,8842200
2025-12-29,481.80333660098637,485.27135560420123,481.1276307272214,484.02923583984375,10893400
2025-12-30,482.8666136001516,486.5929730105466,482.43933166580535,484.4068603515625,13944500
2025-12-31,484.7645645601486,485.06269150087525,480.25317705215497,480.5711669921875,15601600
2026-01-02,481.3363251826272,481.6046121327098,467.1960229709088,469.95849609375,25571600
2026-01-05,471.071443053882,473.0687813775576,466.5401924921144,469.86907958984375,25250300
2026-01-06,470.8130789419108,475.7219388392127,466.7886229022075,475.493408203125,23037700
2026-01-07,476.73551614076564,486.6128550141313,474.936929133209,480.422119140625,25564200
2026-01-08,478.20615894860083,479.61722033317443,472.8600706717694,475.09588623046875,18162600
2026-01-09,471.0714211959582,476.7951186190047,469.2231615927928,476.2585144042969,18491000
2026-01-12,473.6649886945649,477.95773148860775,472.68120923483104,474.1717529296875,23519900
2026-01-13,471.68751939768345,472.7805908527595,463.01257439213845,467.70281982421875,28545800
2026-01-14,463.51936213123724,465.24841354789686,454.2879494306214,456.4840087890625,28184300
2026-01-15,461.1941211270383,461.3233064418312,453.02593988397814,453.7811584472656,23225800
2026-01-16,454.94376661538865,460.2699922453042,453.6023014516422,456.9609680175781,34246700
2026-01-20,448.37541805572727,453.92022725149957,446.44764578645413,451.65460205078125,26130000
2026-01-21,449.74670883889326,449.8361378186282,435.9144504613163,441.3102111816406,37980500
2026-01-22,444.79810039972057,449.9851935867555,441.89652570286836,448.2959289550781,25349400
2026-01-23,449.02131930234236,468.1301005814363,447.6897705604439,463.0125732421875,38000200
2026-01-26,462.376577380716,471.26022001105116,459.0874468004336,467.31524658203125,29291200
2026-01-27,470.7137518035326,479.8259260665289,470.17714753577707,477.55035400390625,29213900
2026-01-28,480.1637149068934,480.69037244143027,474.9865685400099,478.59368896484375,36875400
2026-01-29,437.2162272399066,439.7104135269112,418.36581575660404,430.76715087890625,128855300
2026-01-30,436.4013853645445,436.8286672682951,423.7615739365565,427.5773620605469,58566800
2026-02-02,427.5277051213245,428.0245530606437,419.58808475506504,420.7010192871094,42219900
2026-02-03,419.34957819955315,419.3893041977899,405.9843574339844,408.6176452636719,61424100
2026-02-04,408.4089957411405,417.15350712085007,406.6600813351222,411.5788879394531,45012400
2026-02-05,404.87141244319446,405.72597626088844,389.84673704915224,391.188232421875,66289200
2026-02-06,396.6535630940219,399.25704122003975,390.4429643868461,398.61114501953125,53515300
2026-02-09,402.297746078297,412.2744602868579,398.34282592261525,410.9925842285156,45480500
2026-02-10,416.97464756162884,421.0090502850332,410.0982892644293,410.6646728515625,44857900
2026-02-11,413.5562839573264,413.83451755028244,398.4819366306212,401.82073974609375,42491000
2026-02-12,402.4467839094351,403.6392309547976,395.5008602319473,399.30670166015625,40802400
2026-02-13,401.90028127287496,402.98340606348665,395.54060384789733,398.7900085449219,34091600
2026-02-17,396.7032617740463,397.9950542597942,392.04282577248057,394.3581237792969,32078800
2026-02-18,395.6201070500213,400.02217209191446,393.8215201082963,397.0808410644531,23223400
2026-02-19,399.07278661262325,402.7976819572589,395.0690225854118,396.8517761230469,28234000
2026-02-20,394.51123443489973,398.5050592846536,393.56508699389525,395.6267395019531,34015200
2026-02-23,393.4057107487328,393.7642431363039,381.55374731391754,382.918212890625,43238300
2026-02-24,382.58959213032324,387.7884945775691,380.16937672197673,387.4299621582031,33884700
2026-02-25,388.95376053046306,399.84960746436826,388.5852587696308,398.9831237792969,43625500
2026-02-26,403.0765245044552,405.8453028142193,397.1306190557743,400.0986022949219,34405900
2026-02-27,389.30236795593413,395.2183958601928,388.30640407164015,391.15484619140625,51367200
2026-03-02,391.2743390590049,399.57073485574693,389.0533591512552,396.9413757324219,35474900
2026-03-03,391.5532542396072,405.05852201627056,391.0851500003899,402.2996826171875,38199200
2026-03-04,399.6504140582061,409.3710312257941,398.69429724653685,403.5645751953125,35808000
2026-03-05,402.78771732924594,409.9486695143622,402.7677785996419,409.0224304199219,39001300
2026-03-06,407.54843921074234,411.38287590243635,406.8612216895844,407.30938720703125,31123900
2026-03-09,403.2857003455267,408.55432729115563,401.8714182880504,407.757568359375,30131900
2026-03-10,408.37506928692744,408.5443965203919,401.30371964643086,404.122314453125,31706400
2026-03-11,403.9330670994013,407.35918518479474,399.96912002302975,403.245849609375,25512100
2026-03-12,402.99687655683135,404.4808530373378,400.08864860368743,400.238037109375,27263900
2026-03-13,399.3815063856616,403.16615688192843,392.65875035547907,393.9534912109375,26848000
2026-03-16,396.4633374914087,399.01300251860397,393.1965772756644,398.33575439453125,27733700
2026-03-17,398.6544268926901,402.7677623283013,396.1446090107731,397.79791259765625,26228300
2026-03-18,395.5271533612366,396.39363710184665,389.42188971563326,390.2087097167969,25908500
2026-03-19,388.52551763585893,390.90585551603124,385.4977789148814,387.4498596191406,25138800
2026-03-20,385.22889118681917,385.43803509853177,378.58579850034175,380.3287353515625,50853200
2026-03-23,382.3505545919761,385.64719283721575,380.1395134056624,381.4541931152344,29680100
2026-03-24,380.8167328036651,380.9263046350485,370.34917314154325,371.2355651855469,42733600
2026-03-25,375.39872248264555,375.5381416220395,368.13813722010167,369.5424499511719,31181200
2026-03-26,369.3233510512375,373.2076042912997,363.71606927386256,364.492919921875,36836600
2026-03-27,360.43931657918756,360.9871149414508,355.07108715320055,355.33001708984375,37883400
2026-03-30,360.4393055378546,363.8853318939423,354.8419936524484,357.51116943359375,44797000
2026-03-31,363.07862179545566,371.3949263066763,361.6046146993887,368.67596435546875,45244400
2026-04-01,371.98254731341393,372.48052926345224,366.7139201659809,367.8791809082031,29417200
2026-04-02,365.7278929006101,372.1319638369453,362.680245817395,371.9526672363281,24099100
2026-04-06,371.98252335059567,372.22157533941066,368.0086373714944,371.375,16146600
2026-04-07,368.8452727581139,370.9467724245638,365.080530373921,370.78741455078125,21443300
2026-04-08,383.426192668859,383.4461010048471,369.9109552686541,372.81915283203125,33064800
2026-04-09,370.9965632857518,371.99252721403565,365.5685477188417,371.56427001953125,30435300
2026-04-10,371.47463812837884,374.12390583360843,368.5365323725683,369.3731384277344,28111100
2026-04-13,372.10205289266787,382.98796126737693,369.5225100750242,382.8186340332031,35745800
2026-04-14,386.3543213772784,393.09698589720546,384.95994763093,391.5233459472656,37504500
2026-04-15,396.3936283702306,412.69755239260473,395.1287651714373,409.5602722167969,45063400
2026-04-16,418.16537187855886,419.12151906860663,410.4765600541581,418.56378173828125,41642400
2026-04-17,423.10539315661504,429.83808848207923,418.99205736838906,421.0835876464844,48568200
2026-04-20,419.4501847919345,421.6213787702164,414.6197538627068,416.38262939453125,27582200
2026-04-21,418.54386715015573,425.4558591722327,415.51615872358184,422.44805908203125,32048500
2026-04-22,424.4698510786937,431.9495495900464,421.9600330275293,431.1726989746094,29378200
2026-04-23,418.19526527607866,421.9500379562064,409.7494810939023,414.07196044921875,38308000
2026-04-24,415.28707116170386,423.23487407473965,414.12178001797366,422.90618896484375,27457400
2026-04-27,420.6752229306716,425.38611256831246,415.3866572294081,423.1053771972656,30867300
2026-04-28,422.8563830057505,428.1847957314844,420.197146128082,427.5174865722656,30438100
2026-04-29,422.866306449911,425.0972860808559,418.59364353468584,422.7467956542969,38288300
2026-04-30,409.15192465494977,412.74737011555624,396.4035989759817,406.1341552734375,70909400
2026-05-01,411.1338775963461,415.4264794885345,408.7834174283456,412.76727294921875,31372400
2026-05-04,409.87897009526375,419.0816663151199,409.14193618030583,411.9505615234375,28066500
2026-05-05,413.6437352165572,415.09783400354706,407.1500311208482,409.7196350097656,25700900
2026-05-06,406.3532485673598,416.73120520087787,403.4748984673602,412.2891845703125,30285900
2026-05-07,418.41437649189606,426.25263786097554,417.06984955189336,419.07171630859375,34942400
2026-05-08,415.70537649227293,416.9403619714099,412.32904436576047,413.44451904296875,33383800
2026-05-11,406.22377045102496,411.02432350049145,403.86334099070683,410.99444580078125,35657900
2026-05-12,412.8071154720842,413.8229876767416,404.9987623844293,406.1241760253906,38594200
2026-05-13,401.57265715241186,404.6700902960666,399.41140211310335,403.57452392578125,29667100
2026-05-14,402.847493220503,410.1777730080913,399.2620170659624,407.7774963378906,27077500
2026-05-15,412.5979239362014,426.4418454559798,411.2434277199191,420.2170715332031,50771200
2026-05-18,414.93848271907115,423.40417602339767,413.9325494355234,421.83056640625,32564100
2026-05-19,428.16486989475214,430.9535870211983,414.808990493047,415.7352600097656,33018700
2026-05-20,412.49835957243755,420.3963455784958,409.63991780241736,419.36053466796875,27864000
2026-05-21,423.9518891931334,425.5388979071037,414.92886694253497,418.3025207519531,31393500
2026-05-22,418.7517174636334,423.60257118762803,415.54772693408205,417.7835388183594,22390300
2026-05-26,415.6475333356961,418.9812539216563,412.24393696715845,415.248291015625,30398000
2026-05-27,410.23773822181624,415.15846763645,408.8104019854481,411.8946228027344,28901500
2026-05-28,412.2040283766931,428.68298564682067,411.89461329838434,426.18768310546875,47250500
2026-05-29,431.7372486144539,449.48383969057267,431.54760317786213,449.3940124511719,79654400
2026-06-01,463.96658383705716,465.4438139523178,457.40892124774234,459.6546936035156,53628900
2026-06-02,446.0403151791343,452.64787129328397,439.6024225764256,440.48077392578125,37036800
2026-06-03,437.62618910935214,439.56254639446627,423.45285793258154,426.53704833984375,39037000
2026-06-04,434.9911260035114,435.33048350032107,425.60879436274143,427.2456970214844,26899500
2026-06-05,427.5351398188391,428.66302140752947,413.6213308264138,415.8870849609375,34782200
2026-06-08,413.3618539280056,416.37616844333525,407.79232157753756,410.9663391113281,32086700
2026-06-09,408.26144336727174,411.20591258759293,397.7312786929967,402.6520080566406,35317300
2026-06-10,397.80110870103243,404.2789346443135,396.41373636313654,396.61334228515625,32576000
2026-06-11,394.46741202742857,396.1043451719433,383.278483574852,389.6065673828125,47224100
2026-06-12,390.6945042817559,391.003919361718,381.55171206615995,390.00579833984375,34865800
2026-06-15,396.05442037645633,400.99513175706005,392.11186050588947,399.0088806152344,32266400
2026-06-16,395.0463355104342,396.094350419825,389.9559121071713,393.0899963378906,31506800
2026-06-17,389.51671695343225,389.6364865987809,376.6110198431126,378.1980285644531,41987800
2026-06-18,377.11008548581106,380.6534028700893,372.5786075934489,378.6871032714844,59714200
2026-06-22,375.0339909424311,380.9129385065033,366.3802985575179,366.6497802734375,45171100
2026-06-23,371.6802994138851,376.51120135394876,369.9735210485466,373.23736572265625,40647600
2026-06-24,370.87185096853153,378.16811350773463,364.09460041679364,364.7733154296875,44509900
2026-06-25,362.0883479855026,363.5456265920902,348.54386902384044,352.1670227050781,66179000
2026-06-26,356.4789138154501,375.90234020580533,354.762144454129,372.2691955566406,186201600
2026-06-29,376.790685328561,379.7850483907747,359.2237492715265,367.8774719238281,51229900
2026-06-30,370.3328407149792,373.44697342275583,366.7595808670141,372.319091796875,44945700
2026-07-01,380.1144231011508,388.09939143880604,374.18561213385976,383.5579528808594,48065800
2026-07-02,383.7575696594082,391.4630649298244,382.97903650468743,389.7562561035156,42128900
2026-07-06,386.31276024010407,388.418780928489,380.5036887115837,386.0133056640625,34224500
2026-07-07,391.75251064257776,394.8267404517197,387.4905448392632,388.109375,29297500
2026-07-08,383.3084264217563,384.58602015004215,380.6134873969759,382.6197204589844,25908300
2026-07-09,373.74643420118315,383.92725049460796,372.64849496928053,383.6377868652344,31083200
2026-07-10,387.07131223677504,391.1736053926777,380.783162110783,384.37640380859375,24644600
2026-07-13,387.02143811329415,392.91034623109437,383.4281962321871,390.2553405761719,28914900
2026-07-14,382.1007052927433,387.46061042423804,377.93852713765,384.20672607421875,27863900
2026-07-15,387.07132248997675,398.2103568181361,385.6739591427675,394.8866271972656,36253700
2026-07-16,397.56157784187184,405.2271399033625,391.31333055964967,400.3463439941406,37047400
2026-07-17,394.1180409920291,397.64143734197864,388.6583483977542,393.08001708984375,33049800
2026-07-20,390.67455694621333,402.4224305318551,388.91785418191677,401.53411865234375,27915800
2026-07-21,398.0606303262699,400.7156358198418,395.57531880381754,397.00262451171875,24126600
2026-07-22,398.8291961465565,400.246541441447,386.2329133568751,389.6065673828125,28142500
2026-07-23,389.23725659651495,391.04385321150613,376.68090752842744,380.8630065917969,30351800
2026-07-24,386.32274187573427,388.29903252889795,379.9347732203772,380.9828186035156,27659400
2026-07-27,389.3470355932277,393.45931979821836,387.2609663085435,388.368896484375,27856200
2026-07-28,392.4212554523594,399.56780545733704,390.5647345556998,392.61090087890625,32367500
2026-07-29,392.6607942930367,400.4960502148319,388.00954678983055,389.8061828613281,47209000
2026-07-30,437.07720086969465,457.8281459885008,431.6274684759506,450.2524108886719,110160700
2026-07-31,449.1544591210436,465.962813447145,448.4857046349594,463.8468017578125,60846000
2026-08-03,475.2353605631651,490.7261876465455,474.10747895013026,486.73370361328125,66762100
2026-08-04,479.99640781848416,498.50158065157444,478.2696778930625,491.884033203125,50455500
2026-08-05,495.42733843271316,497.3038108374591,484.7674131728324,486.5440673828125,33388900
2026-08-06,487.6319998350186,500.61756372489685,487.60205742358346,498.9207458496094,36441500
2026-08-07,498.2719734340298,504.23075699317457,497.79289485093346,499.0505065917969,28846200
2026-08-10,502.4940586092805,512.7647021753171,501.32624359045303,505.109130859375,31206100
2026-08-11,503.3823542433026,504.38047525067043,498.61133704649393,502.86334228515625,23049800
2026-08-12,499.0505227551261,500.557695253814,490.59643643442394,491.5047302246094,29001500
2026-08-13,492.34314786956145,500.3979918654044,492.0836571155829,495.9463806152344,23039000
2026-08-14,495.42733437790497,499.07050046550256,492.991947114923,494.4691467285156,16217600
2026-08-17,489.21906226283284,491.73431632358415,477.51109147171053,479.44744873046875,29635800
2026-08-18,480.6352093836093,483.36006030134655,476.2534434403709,480.72503662109375,24087600
2026-08-19,479.16797047398614,488.3806080919379,478.4592826108848,483.3999938964844,19961900
2026-08-20,483.29998779296875,484.1600036621094,479.5,481.1499938964844,20020800
2026-08-21,479.8800048828125,486.3599853515625,478.5299987792969,483.239990234375,22510800
2026-08-24,483.2099914550781,490.6099853515625,481.8599853515625,487.30999755859375,17230800
2026-08-25,485.44000244140625,492.44000244140625,484.29998779296875,491.7099914550781,19519000
2026-08-26,487.8500061035156,497.3999938964844,487.30999755859375,496.3699951171875,20758900
2026-08-27,494.8800048828125,506.4800109863281,490.0799865722656,505.05999755859375,28688800
2026-08-28,505.3299865722656,517.780029296875,504.8699951171875,513.530029296875,29207300
2026-08-31,510.3800048828125,512.1900024414062,506.3900146484375,507.2900085449219,27208900
2026-09-01,497.5199890136719,505.9700012207031,496.7799987792969,501.0199890136719,21046900
2026-09-02,499.8500061035156,500.2699890136719,493.80999755859375,496.82000732421875,15336100
2026-09-03,501.6600036621094,515.6500244140625,500.79998779296875,510.1199951171875,24125900
2026-09-04,510.0,511.0,499.3599853515625,499.70001220703125,18101800
2026-09-08,493.010009765625,495.19000244140625,490.1499938964844,493.95001220703125,18882300
2026-09-09,493.07000732421875,494.3900146484375,489.79998779296875,491.6499938964844,12889600
2026-09-10,488.32000732421875,494.5199890136719,486.0,492.44000244140625,16038800
2026-09-11,495.6499938964844,498.9700012207031,492.5799865722656,495.6300048828125,14510500
