Date,Open,High,Low,Close,Volume
2015-01-02,0.48188382387161255,0.48547463751721887,0.4742234594770169,0.48188382387161255,113680000
2015-01-05,0.48188375976583925,0.4833200850330051,0.47159017144986937,0.47374463081359863,197952000
2015-01-06,0.47446282283956986,0.47494158844594425,0.45890275514176404,0.4593815207481384,197764000
2015-01-07,0.46273288591791234,0.4668024647157841,0.4567482447881243,0.4581845700740814,321808000
2015-01-08,0.463451101960441,0.47829303650204175,0.4632117048728578,0.47542038559913635,283780000
2015-01-09,0.477096173856882,0.48092635656367116,0.47063273697204705,0.47733554244041443,209540000
2015-01-12,0.47853232829914755,0.478771725348333,0.46704181214159896,0.471350759267807,190732000
2015-01-13,0.4749415299031862,0.48451695499846265,0.4672811955343687,0.4706325829029083,236720000
2015-01-14,0.465605566993629,0.4739840651242433,0.4644086386892555,0.4725477397441864,155260000
2015-01-15,0.47589918378630397,0.47877180617640347,0.4689569820951215,0.4691963791847229,188932000
2015-01-16,0.46847825749261196,0.478293082433693,0.4670419319032254,0.47781431674957275,181512000
2015-01-20,0.4811656724814807,0.4837988978342812,0.473265939349031,0.47925060987472534,140308000
2015-01-21,0.4766174188833642,0.48715040729566056,0.473266001805213,0.4859534502029419,144780000
2015-01-22,0.4869109298987596,0.4957682516364383,0.4818838476211983,0.4943319261074066,159712000
2015-01-23,0.49481072012736943,0.49672584007762727,0.4907411687098986,0.49576830863952637,120416000
2015-01-26,0.4936138093471527,0.4960076664272938,0.49050178943556383,0.4936138093471527,133240000
2015-01-27,0.48595339051859904,0.48643218471169253,0.4689569957004588,0.4699145555496216,357948000
2015-01-28,0.475659836823632,0.47757492813119273,0.46201482909290315,0.46225422620773315,272728000
2015-01-29,0.46249347858821,0.47613845351180545,0.46033899084005225,0.4735052287578583,235340000
2015-01-30,0.47015390959741327,0.4756597858148263,0.4589027886104529,0.4596209228038788,298200000
2015-02-02,0.46249352442433866,0.47159018478727993,0.4533968640613974,0.46967509388923645,259604000
2015-02-03,0.47302652134633305,0.48188381392768137,0.47063266465667625,0.48140501976013184,183468000
2015-02-04,0.47996862667280477,0.4881077258876647,0.478532273080454,0.4826018512248993,181516000
2015-02-05,0.48308070625693383,0.490741070374864,0.4826019691708411,0.4905017018318176,140448000
2015-02-06,0.49002298616424,0.49576828871000045,0.486192803491751,0.48834729194641113,210524000
2015-02-09,0.4854746607834725,0.4893047860902815,0.4823626411661531,0.4878685176372528,273944000
2015-02-10,0.48834706617781243,0.5017526707969283,0.4861925787191972,0.5015133023262024,226204000
2015-02-11,0.5027102884698786,0.5027102884698786,0.49481055683297004,0.49816200137138367,320832000
2015-02-12,0.5266489538520108,0.5386182365835024,0.5235369346344187,0.5338305234909058,676904000
2015-02-13,0.5326335703917291,0.534788058420621,0.524494469492416,0.5340698957443237,310084000
2015-02-17,0.5331125141010036,0.538379022846712,0.5297611253873975,0.5357457399368286,203340000
2015-02-18,0.5350272799866974,0.5359848680080799,0.5285638747495133,0.5295214056968689,170948000
2015-02-19,0.5362242645236273,0.5371817955210666,0.5285639023960531,0.5309577584266663,169432000
2015-02-20,0.5304792121395839,0.5350275002807579,0.526649029699082,0.5347881317138672,157752000
2015-02-23,0.5345487435922862,0.5345487435922862,0.5278459102980961,0.5304791927337646,125008000
2015-02-24,0.5325216739846982,0.5361262559890747,0.5277155264496644,0.5361262559890747,149356000
2015-02-25,0.5339637483540169,0.5363668806572318,0.5296382362546508,0.5320413112640381,123820000
2015-02-26,0.532521750620643,0.5366069708839518,0.5291574010269127,0.5334829688072205,152864000
2015-02-27,0.5320410804936492,0.533242646124083,0.5281961506875847,0.5301186442375183,157492000
2015-03-02,0.5286767872842136,0.5459789427281344,0.5279558593662335,0.5430952310562134,301512000
2015-03-03,0.5390099704464457,0.5416533344173796,0.5313201114298036,0.5330022573471069,160344000
2015-03-04,0.5310796039277053,0.5402112576413184,0.5289168212216753,0.5390097498893738,226840000
2015-03-05,0.5390100631794568,0.5503045061637954,0.5375682072040501,0.5493432879447937,323056000
2015-03-06,0.5462195312262932,0.5488628968398924,0.5414133806776579,0.5418940186500549,257392000
2015-03-09,0.5421341080436979,0.5474208946051474,0.5409325422049905,0.5433356165885925,222388000
2015-03-10,0.5457387386102264,0.5563123126561024,0.5447775202316424,0.5527076721191406,527212000
2015-03-11,0.5527075945312129,0.5599168172993032,0.5483820837878824,0.5498239398002625,262120000
2015-03-12,0.5445371031258417,0.5486223232536495,0.5344441692670316,0.5447773933410645,406972000
2015-03-13,0.5421340786285274,0.5469402271349589,0.5346845083378918,0.5454983711242676,359288000
2015-03-16,0.5498239081311027,0.5553509843310003,0.5462192683077753,0.5519866347312927,236956000
2015-03-17,0.5507851922091537,0.5589556337277071,0.5469402617022422,0.5587153434753418,299900000
2015-03-18,0.5587152095906507,0.5615988638094656,0.544537056809963,0.5495834946632385,413844000
2015-03-19,0.5515063656638943,0.5599171011773388,0.5474211430868158,0.5579946637153625,310756000
2015-03-20,0.5625602383317042,0.567366386837315,0.5572734520580084,0.5640020370483398,462084000
2015-03-23,0.547180433632745,0.5543896552891077,0.5454982876423072,0.5457385778427124,426012000
2015-03-24,0.5440564962833825,0.5479014264142138,0.5358860555639957,0.5382891297340393,330480000
2015-03-25,0.5380487733034766,0.5380487733034766,0.5039250440761216,0.5056072473526001,542552000
2015-03-26,0.49527412283274325,0.5060879287792124,0.4916694826547122,0.5039251446723938,311920000
2015-03-27,0.5068089183966376,0.5157002888577459,0.4986384760587347,0.5137778520584106,318288000
2015-03-30,0.5161807775918441,0.5185838515437302,0.5094521361502814,0.5159404873847961,253252000
2015-03-31,0.5144988741645513,0.5149794548052627,0.5024834987393239,0.5029640793800354,357276000
2015-04-01,0.5048865079879761,0.5065686545987758,0.4962354273511336,0.5048865079879761,330768000
2015-04-02,0.5077699856254968,0.5092118414426453,0.5017623294457803,0.5060878396034241,192204000
2015-04-06,0.5039250152546809,0.5224287345934397,0.49863828740971894,0.5207465887069702,515864000
2015-04-07,0.5207464484383262,0.5310796684531301,0.5178627378132528,0.5253123044967651,413964000
2015-04-08,0.5257931078369961,0.5310798937949325,0.5207466693956518,0.5291574001312256,366432000
2015-04-09,0.5250722475549752,0.5430953343445899,0.5248319573012165,0.5414131879806519,379432000
2015-04-10,0.5418938870284955,0.5471806169715909,0.539971392899699,0.5469403266906738,258728000
2015-04-13,0.5457388932538961,0.5488628968398924,0.5394908860819034,0.5418940186500549,236724000
2015-04-14,0.5397308399395464,0.5418936232966644,0.5320409817545437,0.537327766418457,220276000
2015-04-15,0.5387697111930912,0.5479013691676275,0.5361262897765716,0.5438161492347717,243560000
2015-04-16,0.5406922937477936,0.5452581526177012,0.5366070727092827,0.5404520034790039,155284000
2015-04-17,0.5291574010269127,0.5387697547741056,0.5289171108037198,0.5334829688072205,293636000
2015-04-20,0.5358860004661699,0.5392502924995652,0.529878287011848,0.5308395624160767,231624000
2015-04-21,0.5373278661387132,0.5373278661387132,0.5274752227680849,0.5301186442375183,230456000
2015-04-22,0.5332426018443331,0.5368471838487096,0.5250721051997371,0.5361262559890747,207420000
2015-04-23,0.5262739343403887,0.5390102374172077,0.5202662182654395,0.5339637398719788,259380000
2015-04-24,0.5337233565450493,0.5339636468121447,0.5233901302403321,0.5293978452682495,240960000
2015-04-27,0.5310798946938737,0.5428549750374144,0.5265140366903732,0.5334829688072205,248456000
2015-04-28,0.5325216739846982,0.538048749379367,0.527475178967254,0.5361262559890747,234484000
2015-04-29,0.5322816015768286,0.5375683895150117,0.5298785265674412,0.5320413112640381,195156000
2015-04-30,0.5293977485439118,0.5361263331437599,0.5281961828403352,0.5334829688072205,218844000
2015-05-01,0.5378083975171837,0.5483819678431883,0.5354053237692368,0.5466998219490051,256968000
2015-05-04,0.5462193287664401,0.5498239689887494,0.5416534702494524,0.5433356165885925,200720000
2015-05-05,0.5414132180302677,0.5421341461253704,0.5269947707158459,0.5293978452682495,292928000
2015-05-06,0.5322813369997214,0.5373278321166904,0.5241108974877893,0.5310798287391663,316484000
2015-05-07,0.5289172111698403,0.5421341499481662,0.5272350647006779,0.5404520034790039,534564000
2015-05-08,0.5048860874418092,0.524831597162541,0.49239008612007734,0.5005605220794678,1146552000
2015-05-11,0.49359184558936303,0.5008011248699877,0.4897469730314344,0.4957546293735504,544144000
2015-05-12,0.49214979603120534,0.504645740059163,0.4919094486485592,0.5005605220794678,388800000
2015-05-13,0.5041653013703469,0.5080102303402108,0.49863822671875324,0.5034443736076355,308524000
2015-05-14,0.504886393397388,0.5142584000680194,0.5036848276373439,0.511614978313446,293052000
2015-05-15,0.5137776209665342,0.5161806945317349,0.5087311836677506,0.5118551850318909,215824000
2015-05-18,0.5106537483109216,0.5142583882141564,0.5082506741400342,0.5111343860626221,324972000
2015-05-19,0.5118102934027339,0.5135002833334393,0.5069818987524444,0.5079476237297058,253808000
2015-05-20,0.508189026194519,0.5142245482868832,0.5074647612410751,0.5079476237297058,196824000
2015-05-21,0.508189071109809,0.5103618661621789,0.5038434810050694,0.504326343536377,239692000
2015-05-22,0.5055334202651293,0.5074647550781882,0.5023949580246555,0.5036020278930664,212592000
2015-05-26,0.5011876908558369,0.5045675546158168,0.49660070000501405,0.5004634261131287,259732000
2015-05-27,0.5038433749641947,0.5296753349927588,0.5021534427988023,0.5272611379623413,432332000
2015-05-28,0.5272614016587704,0.5361939293827925,0.5262957338754487,0.5345039963722229,327656000
2015-05-29,0.5345037615923417,0.5378836261288811,0.5335380942331878,0.5342623591423035,335168000
2015-06-01,0.5376423253426832,0.545609183290424,0.5342624601670385,0.5402979254722595,372660000
2015-06-02,0.5369178351496551,0.5398148941190986,0.529192382937131,0.5296752452850342,224304000
2015-06-03,0.5311240891505595,0.5352282200805798,0.5229157697314974,0.5238814949989319,250788000
2015-06-04,0.5207428556518264,0.5349866366002066,0.5207428556518264,0.5332967042922974,323712000
2015-06-05,0.5316067222191709,0.5398150389823592,0.5260540627436333,0.5374008417129517,313320000
2015-06-08,0.5357110049839371,0.5393322727548029,0.5190530235845193,0.5250884890556335,342812000
2015-06-09,0.5255712599752549,0.5316067243939632,0.524605592575342,0.5277440547943115,256888000
2015-06-10,0.521467188862748,0.5248470539211513,0.5154316662078767,0.5183287262916565,529460000
2015-06-11,0.5183288337267818,0.5275027632952348,0.5183288337267818,0.5238814949989319,283052000
2015-06-12,0.5205014542193039,0.5236399167326541,0.508430466690653,0.5096375942230225,323728000
2015-06-15,0.5069819492739011,0.5110861369387393,0.5031192792159526,0.5086719393730164,306548000
2015-06-16,0.5077060753802923,0.5156729309231772,0.5026362791471818,0.5149486660957336,256892000
2015-06-17,0.5147073084148742,0.5238812919872966,0.5135002386368709,0.5209842324256897,233544000
2015-06-18,0.5253297143898568,0.533055109043393,0.523881184905135,0.5296752452850342,299404000
2015-06-19,0.5296755055244161,0.5340210385546343,0.5231571771995807,0.5279855728149414,355656000
2015-06-22,0.5289512078066415,0.5318482680208073,0.5178458870643557,0.5258127450942993,514236000
2015-06-23,0.5267784053176359,0.5308825355246004,0.5081890893593807,0.5122932195663452,414064000
2015-06-24,0.5115690802749605,0.5142247386068097,0.5048093482863096,0.5072235465049744,253368000
2015-06-25,0.5072233789149565,0.5142245687035516,0.5072233789149565,0.511086106300354,350460000
2015-06-26,0.5069822907770923,0.5074651536390974,0.49853262238487184,0.500705361366272,421296000
2015-06-29,0.494911014043539,0.49998086976167944,0.4850128202398157,0.4857370853424072,391724000
2015-06-30,0.48863399987709416,0.4908067947921535,0.4821156726909222,0.48549553751945496,315916000
2015-07-01,0.49756667404364335,0.5045678074666091,0.4881512852291515,0.4924968183040619,302892000
2015-07-02,0.4922552616409213,0.4961179884751436,0.4898410645644071,0.4929795265197754,145764000
2015-07-06,0.48887544197008925,0.49563517137913937,0.48332278243022503,0.4869440495967865,214776000
2015-07-07,0.48404710370270704,0.4859784387417507,0.4625606992085413,0.4777701497077942,594252000
2015-07-08,0.47511456317816064,0.4780115945987848,0.4705275703809585,0.47439029812812805,332492000
2015-07-09,0.4818743362378535,0.4840471314505904,0.46569918851233716,0.4685962200164795,357588000
2015-07-10,0.4746316403788444,0.48114999622223864,0.4734245417085125,0.4768044352531433,216708000
2015-07-13,0.4816329100922546,0.48259857767743447,0.47680451460734097,0.4799429774284363,212472000
2015-07-14,0.480667208975867,0.4811500427347746,0.4739074500126453,0.4801843464374542,249216000
2015-07-15,0.47897720134793975,0.4821156636467032,0.4724588742840479,0.4768044352531433,265732000
2015-07-16,0.47970142320223774,0.48742687702178955,0.47801149097152323,0.48742687702178955,282848000
2015-07-17,0.4857370400498706,0.4862198450339016,0.4782529872072808,0.48452991247177124,220372000
2015-07-20,0.484529876479637,0.486461268949325,0.474390253080547,0.4755973517894745,188412000
2015-07-21,0.47463168710009035,0.4845299086829627,0.47463168710009035,0.4777701497077942,149720000
2015-07-22,0.4743903118042711,0.4743903118042711,0.46280215700819477,0.4685962200164795,356472000
2015-07-23,0.46956190283391913,0.48139145979292863,0.46859620650737366,0.47439029812812805,169916000
2015-07-24,0.4777702047453067,0.4782530385606884,0.46690631439142904,0.4688376784324646,188844000
2015-07-27,0.4647335228516479,0.4714932826607717,0.460870823517512,0.46618205308914185,192420000
2015-07-28,0.46738911301304364,0.47946010138620077,0.46256071766378076,0.47632166743278503,198308000
2015-07-29,0.47535595670192077,0.4859784434163645,0.4734245928647941,0.4821157157421112,232680000
2015-07-30,0.48090857304510765,0.488151193968119,0.48090857304510765,0.48332279920578003,190180000
2015-07-31,0.48525424481987023,0.48549564734537237,0.478735916159161,0.48163294792175293,218340000
2015-08-03,0.4854956320864891,0.49032402779889145,0.47921873492807116,0.4898412227630615,397132000
2015-08-04,0.48815108714930544,0.4932208832726703,0.48621969513159985,0.4917723536491394,260100000
2015-08-05,0.5038433965256072,0.5043262589759532,0.49587654022839733,0.49684226512908936,234628000
2015-08-06,0.4956352667560058,0.49925659217843565,0.48549561313221695,0.4937039315700531,655676000
2015-08-07,0.5422292565556185,0.5641984352621654,0.5282268773333316,0.5547831058502197,1405248000
2015-08-10,0.5509204881218651,0.5782009294687322,0.5475405650987799,0.5740967988967896,662304000
2015-08-11,0.5656468775008862,0.5767521951462086,0.5656468775008862,0.5711995363235474,435008000
2015-08-12,0.5620258274992018,0.5767524175213975,0.5620258274992018,0.572648286819458,384048000
2015-08-13,0.5733724941594037,0.5745796217754339,0.5663713036398621,0.5678198337554932,276884000
2015-08-14,0.5673368468687328,0.5716824362633155,0.5639569823789463,0.568302571773529,214652000
2015-08-17,0.567336891379235,0.567336891379235,0.5576801020456488,0.5646812915802002,273880000
2015-08-18,0.5629357877914271,0.5668147674444135,0.555177828485454,0.5595417022705078,287084000
2015-08-19,0.5588144393674542,0.5651177746355707,0.5512988975626129,0.5573598146438599,249248000
2015-08-20,0.5510563407825401,0.5537231135709648,0.5345706943966678,0.5372375249862671,426932000
2015-08-21,0.5333588117429356,0.5423289226840371,0.5200248255540314,0.5205097198486328,382664000
2015-08-24,0.491417167226674,0.5292371709014513,0.48487141514486315,0.5020843744277954,682284000
2015-08-25,0.5241461104995256,0.5260856294539478,0.4916597604751587,0.4916597604751587,622684000
2015-08-26,0.5076606159825564,0.5292374000624329,0.5037816351208301,0.5287525057792664,614976000
2015-08-27,0.534328488989011,0.5488746227550311,0.5311768208929202,0.5486322045326233,463764000
2015-08-28,0.548631970840632,0.5544504103084128,0.5447529919283871,0.5510563254356384,320944000
2015-08-31,0.5483897498395557,0.5522687301460957,0.5428137264866283,0.5449956059455872,219352000
2015-09-01,0.5292373600936257,0.5382074701457555,0.5188126251030537,0.522691547870636,353408000
2015-09-02,0.5369953774230589,0.5386924209444229,0.5280252654667588,0.5384500026702881,344044000
2015-09-03,0.5464501085174592,0.5491169393946734,0.5389346255934483,0.5399043560028076,262556000
2015-09-04,0.5306918208561379,0.539177092762085,0.5270553170401505,0.5272977352142334,287972000
2015-09-08,0.5401469611404558,0.5520263217206977,0.5379650814143793,0.5498443841934204,238448000
2015-09-09,0.5515414392849788,0.5561476743904268,0.537722560565047,0.5389347672462463,289392000
2015-09-10,0.5357830237292157,0.5542081349579636,0.5333586685096748,0.5474199056625366,357076000
2015-09-11,0.5413590098115452,0.5527534727907534,0.5391770729215317,0.5491169691085815,301584000
2015-09-14,0.5517837795520638,0.5534808224250505,0.5471774872961356,0.5500867366790771,192460000
2015-09-15,0.5503290756465804,0.5590567647379593,0.5486320330178649,0.5561475157737732,327976000
2015-09-16,0.5551777573517831,0.5631781337981276,0.5510563600614203,0.5600264668464661,173508000
2015-09-17,0.5697240109646858,0.5748151975131071,0.5639055698533937,0.5651177763938904,268712000
2015-09-18,0.5573598266353806,0.569481603257484,0.5539657407414298,0.5646328926086426,326412000
2015-09-21,0.5653601314344511,0.5716634660181382,0.5624508823031547,0.5704512596130371,281840000
2015-09-22,0.5580871828764862,0.5619661632606713,0.5520262651884729,0.5549355149269104,228356000
2015-09-23,0.5554202303012186,0.5609962525505255,0.5532383512741027,0.5576021671295166,161632000
2015-09-24,0.5542081365954385,0.5740878725748857,0.545480446219067,0.5682694315910339,382440000
2015-09-25,0.5752999861677651,0.5835428396763138,0.5668147722928856,0.5723907947540283,369692000
2015-09-28,0.572390786186627,0.5760272898496638,0.5612387414312624,0.5648752450942993,395584000
2015-09-29,0.5709362927656627,0.5757850039644252,0.5629359135075848,0.5748152732849121,380736000
2015-09-30,0.5801487735303756,0.5983314679409861,0.5767546875287447,0.5976041555404663,556380000
2015-10-01,0.5976038817741655,0.5993009239975546,0.5689964664629408,0.5859670042991638,489296000
2015-10-02,0.5828156981740319,0.6012408137321472,0.576754779800446,0.6012408137321472,386144000
2015-10-05,0.6051197465367364,0.623787278852077,0.6019680784807598,0.6162717938423157,482024000
2015-10-06,0.6097260342278107,0.6269389414756756,0.6073016786520046,0.6242721676826477,453216000
2015-10-07,0.6257265836841845,0.6371210453062152,0.6155442705447728,0.630817711353302,310152000
2015-10-08,0.6281510346269645,0.63615141236119,0.6174838257805398,0.6344543695449829,460068000
2015-10-09,0.6310602219338166,0.6371211386383072,0.6201506527873932,0.6320300102233887,423248000
2015-10-12,0.6327572874805988,0.6424547661165559,0.6281510530449144,0.6388182044029236,227588000
2015-10-13,0.6337270492252572,0.6439093059939889,0.6315451122885926,0.6400303840637207,298444000
2015-10-14,0.6407576434607444,0.6737289425289217,0.6400303889441623,0.6633042097091675,612148000
2015-10-15,0.6645164385557735,0.678577734661084,0.6577282665057563,0.6650013327598572,526048000
2015-10-16,0.6671831513174057,0.6817292812385669,0.6654860508055395,0.6754259467124939,448396000
2015-10-19,0.6776079104088278,0.680759577796831,0.6664558654668452,0.6742137670516968,294712000
2015-10-20,0.6713045386421539,0.6763956666955391,0.6662133527875873,0.6732439994812012,264824000
2015-10-21,0.6773654779146052,0.681486933841276,0.6633042406512641,0.6645163893699646,386280000
2015-10-22,0.672274395070187,0.6906995076993936,0.6713046644689008,0.6885175704956055,306884000
2015-10-23,0.6945785616100182,0.6977302297495276,0.6841538264873022,0.6931239366531372,381776000
2015-10-26,0.6936087839976135,0.6953058270654723,0.6836688859986197,0.6899722218513489,247436000
2015-10-27,0.6865780885489495,0.6938511545406378,0.6860931943623608,0.6894873380661011,208268000
2015-10-28,0.6938511460338243,0.6950633525848389,0.6836688306498225,0.6950633525848389,217036000
2015-10-29,0.683911257609118,0.6909418470166759,0.6698499631916309,0.6710621118545532,327168000
2015-10-30,0.6783351524230421,0.6926388632708413,0.6732439668154991,0.6877900958061218,301160000
2015-11-02,0.6899722660594034,0.6965180205408864,0.6858508672303659,0.695790708065033,190088000
2015-11-03,0.6916690035530386,0.6955479824428772,0.683183791420116,0.6909416913986206,376768000
2015-11-04,0.6890024924859887,0.6940936216989729,0.6763958207572338,0.6795474886894226,442264000
2015-11-05,0.6829416343840585,0.6848811536351751,0.6698501250941198,0.6717895865440369,478800000
2015-11-06,0.7382170934570764,0.7743400136776879,0.7229436455195348,0.7648850083351135,1172272000
2015-11-09,0.7573694231320375,0.7636727592009819,0.7508236110442285,0.7614908218383789,492568000
2015-11-10,0.7515507209954215,0.755672176392446,0.7309437330162034,0.7469444870948792,552260000
2015-11-11,0.7474293100776297,0.7527629139425174,0.7370045782970627,0.7396714091300964,619896000
2015-11-12,0.7379744278727505,0.744762657324464,0.7338530296847622,0.7370046973228455,291080000
2015-11-13,0.7377318631654173,0.7408835301775513,0.7188218610926137,0.7224584221839905,292940000
2015-11-16,0.7319135685849522,0.7374895914983925,0.7260950696831436,0.7370046973228455,344280000
2015-11-17,0.7389442162238447,0.7433080325990119,0.7338530296847622,0.7370046973228455,257048000
2015-11-18,0.7400465414796878,0.7561081128914343,0.7320157847841485,0.755134642124176,350216000
2015-11-19,0.7578116097912011,0.7648688958134294,0.7517276785078526,0.7573248744010925,254072000
2015-11-20,0.7629222178886227,0.7682760761328955,0.758298433860418,0.7638956308364868,239744000
2015-11-23,0.7702229210514301,0.7702229210514301,0.7497810165586929,0.7524579167366028,242552000
2015-11-24,0.7524576535324063,0.7651121918027546,0.7490506803121314,0.7585415840148926,195428000
2015-11-25,0.7570814436461668,0.7660856121131457,0.7548912216880383,0.7575681209564209,138300000
2015-11-27,0.759028508076486,0.7663291922164872,0.7551347982643494,0.7638956308364868,86996000
2015-11-30,0.764625718774634,0.7753334354553418,0.7638956445454639,0.7719264030456543,327244000
2015-12-01,0.7787402675644892,0.7977220780134759,0.7780101934687074,0.7969920039176941,409496000
2015-12-02,0.7982086610860856,0.8064827558331095,0.7892044923295404,0.7909079790115356,294240000
2015-12-03,0.7972353546271319,0.8055094504764914,0.7853108882438368,0.7892045974731445,246656000
2015-12-04,0.7892045407916831,0.8227877152092299,0.7892045407916831,0.8213275671005249,458756000
2015-12-07,0.8210843141209591,0.8210843141209591,0.8033193123257667,0.8057528734207153,333588000
2015-12-08,0.7957752193126789,0.8201108298644814,0.7906647585030021,0.8167038559913635,314488000
2015-12-09,0.8164602551575577,0.8213273757052699,0.7877442091136632,0.7960183024406433,372676000
2015-12-10,0.7984518944229547,0.8069693847300281,0.7957749954216029,0.8025889992713928,236596000
2015-12-11,0.7945585015185339,0.8001556979850751,0.7889613050519927,0.790664792060852,227320000
2015-12-14,0.7913946688890526,0.7969918639600242,0.7831205165967511,0.7926114201545715,275892000
2015-12-15,0.8016160359687273,0.8079433085400487,0.7972356477381854,0.8023461103439331,307296000
2015-12-16,0.8040494323739636,0.8098900261733841,0.7969921449007984,0.8072130680084229,236356000
2015-12-17,0.8084296914800093,0.8167037867621204,0.794558400443372,0.7950450778007507,254160000
2015-12-18,0.7894480920202293,0.7974788507596376,0.7811739945374094,0.7821474075317383,395896000
2015-12-21,0.7906647878868346,0.8013724453234267,0.7836074431583349,0.8006423711776733,284216000
2015-12-22,0.8030758957892526,0.8094031660841547,0.796505286797061,0.8013724088668823,130012000
2015-12-23,0.8025891595161416,0.8076996199083454,0.8011290113981785,0.804535984992981,122524000
2015-12-24,0.8021026064546106,0.8091599519484566,0.8008857967395044,0.8072130680084229,52448000
2015-12-28,0.7986954911810185,0.8064828515052795,0.7875010990679309,0.8064828515052795,142024000
2015-12-29,0.8069697030403217,0.8220578064971988,0.8047794804367397,0.8196242451667786,203660000
2015-12-30,0.8188942674292928,0.8259516135250531,0.8123236568652245,0.8125669956207275,180344000
2015-12-31,0.8113500128812245,0.8150003252574946,0.8021024465560913,0.8021024465560913,148528000
2016-01-04,0.7857975179383891,0.792854803320098,0.7797135872072184,0.7877443432807922,358076000
2016-01-05,0.8025892277762784,0.813783620271855,0.7909080998597614,0.8003990054130554,490272000
2016-01-06,0.787257616568716,0.7909079866515847,0.7582982266537256,0.7673024535179138,449344000
2016-01-07,0.748077076519539,0.753187593461058,0.7271484475760062,0.736882746219635,645304000
2016-01-08,0.7463739514590169,0.7471040256611626,0.7196047767894952,0.7210649251937866,398472000
2016-01-11,0.7217948978171211,0.7273920938987546,0.7093836961479613,0.7222815752029419,409372000
2016-01-12,0.7351794607024813,0.7451571014679891,0.7293389258767397,0.7344493865966797,469356000
2016-01-13,0.7400466756786994,0.7449138563355947,0.7113306753332919,0.7120607495307922,481672000
2016-01-14,0.697459130367352,0.705733282973073,0.6770172325628946,0.6977025270462036,600236000
2016-01-15,0.6697167793578706,0.6777475380274639,0.6483014035653943,0.6597391366958618,841452000
2016-01-19,0.673366860848644,0.6923486686343076,0.662415808969121,0.6650927662849426,457140000
2016-01-20,0.6524383980292606,0.6772607462189628,0.6436775658434435,0.6687432527542114,481180000
2016-01-21,0.67604386264233,0.6869948572216719,0.6621725138768088,0.6765305399894714,481456000
2016-01-22,0.6894284818121055,0.6969725615975118,0.6879683335942416,0.6923487782478333,257996000
2016-01-25,0.6921056549368771,0.7001364146136508,0.6901587707002925,0.6916189193725586,270728000
2016-01-26,0.6930789434080675,0.7013530403687205,0.6860215981083674,0.6984327435493469,227944000
2016-01-27,0.6974591084639921,0.6996493303808997,0.6770172113015025,0.6901584267616272,231700000
2016-01-28,0.6957556011504986,0.6981891616454866,0.6692297743489324,0.6826143860816956,276776000
2016-01-29,0.6884551733044562,0.71425093565907,0.6857782731799503,0.7127907872200012,310504000
2016-02-01,0.7120607400744386,0.7166844659029653,0.7059768078496247,0.7130341529846191,289884000
2016-02-02,0.7057335142298078,0.709383827381441,0.6779908673822607,0.6828579902648926,341908000
2016-02-03,0.6882118160288054,0.6923488644809143,0.6704468125470373,0.6862649321556091,326772000
2016-02-04,0.68723843340252,0.7020832000132913,0.6796944097286435,0.6865084171295166,348140000
2016-02-05,0.6818844358570213,0.6894284573541263,0.641243915998029,0.6431907415390015,600428000
2016-02-08,0.6334563178805627,0.6366199520016197,0.6047402721727071,0.6137444972991943,608852000
2016-02-09,0.6064441376086053,0.6461111964096864,0.6035238405599137,0.620315432548523,425372000
2016-02-10,0.6242089759040876,0.642217314839854,0.6154481451183811,0.6188551187515259,335800000
2016-02-11,0.6030371183716408,0.6220189335662548,0.6030371183716408,0.6156916618347168,340144000
2016-02-12,0.6254258982141055,0.6273727822654491,0.6023070344914327,0.6261559724807739,340816000
2016-02-16,0.6351600360268908,0.6577922183903503,0.633213210328432,0.6568187475204468,485352000
2016-02-17,0.6650930179675717,0.6794510485689254,0.6624160596387431,0.6731237769126892,771468000
2016-02-18,0.7283654261088046,0.7539178426988796,0.727635352090174,0.7310423254966736,1068660000
2016-02-19,0.7271488217780007,0.747347445287919,0.7215516247373194,0.740776777267456,525628000
2016-02-22,0.7514844853366293,0.7755767604090671,0.7500243369042366,0.7670592665672302,449668000
2016-02-23,0.7609751979572307,0.7763066365440465,0.7573248278076721,0.7690059542655945,369380000
2016-02-24,0.7658422699667307,0.7755765123753763,0.744670240509331,0.7743597030639648,336852000
2016-02-25,0.777280013145209,0.779956912450121,0.7621919139288647,0.7760632038116455,349616000
2016-02-26,0.77971347073745,0.781660295789046,0.7631652257162654,0.7709526419639587,361964000
2016-02-29,0.7720521289307024,0.7820660649456499,0.7654575800201692,0.7659460306167603,323344000
2016-03-01,0.7678998091032815,0.7998956441879272,0.7666785664635061,0.7998956441879272,348700000
2016-03-02,0.7954992490624745,0.8074671591926926,0.7940337811719083,0.8045362234115601,233812000
2016-03-03,0.8035591430971838,0.8069785288383515,0.7867063813602264,0.7974531054496765,302004000
2016-03-04,0.8035592105963526,0.8042919444927307,0.7889046491328933,0.7950107455253601,175304000
2016-03-07,0.7906145595449429,0.795987923518563,0.7796236063091048,0.7898818254470825,239968000
2016-03-08,0.7818216517752784,0.7864622807201638,0.7730289025967791,0.7754713296890259,274940000
2016-03-09,0.7823100906430178,0.7835312749640879,0.7649688190738314,0.7749828100204468,222788000
2016-03-10,0.7796234433841079,0.7840198470525135,0.7581301084454187,0.7737616300582886,286084000
2016-03-11,0.7852410738210193,0.7871950505230416,0.7759598737406009,0.7869507670402527,277400000
2016-03-14,0.7832869606961532,0.7920797080900208,0.779623291685357,0.7889045476913452,190312000
2016-03-15,0.7847527610955514,0.7898818416537444,0.7710751547083018,0.7849969863891602,226216000
2016-03-16,0.779134959145901,0.81113079316192,0.7754712895809914,0.808444082736969,363644000
2016-03-17,0.8055129392967465,0.8094207745660194,0.7906140989625202,0.8016050457954407,353680000
2016-03-18,0.811130835915324,0.8365320660533637,0.8060016982541018,0.8257853984832764,545512000
2016-03-21,0.8184582275259534,0.8284721624942976,0.8096654771535244,0.8282279372215271,337780000
2016-03-22,0.8255412532707522,0.8326242517694442,0.8165042197356221,0.8267624378204346,242012000
2016-03-23,0.8304261111459487,0.847034593771066,0.8267624410186074,0.8409285545349121,429008000
2016-03-24,0.8333569844714593,0.8436152025400157,0.8306703318807669,0.8421497344970703,244956000
2016-03-28,0.8406840045465278,0.8543616049661149,0.8397070455662807,0.8506979942321777,265388000
2016-03-29,0.8470343803690377,0.866329568970325,0.8450804622814336,0.864375650882721,261812000
2016-03-30,0.8675509151143341,0.8853806381644009,0.8670624064180371,0.8734127283096313,376700000
2016-03-31,0.8773204646082636,0.8792743825761744,0.8633986389487813,0.870237410068512,379884000
2016-04-01,0.8648644333210219,0.8834269534398794,0.8582698844535692,0.8829384446144104,348292000
2016-04-04,0.8902655738314971,0.8949062030596514,0.8709703811553321,0.8743897676467896,393940000
2016-04-05,0.8665739807674411,0.8812285432913323,0.8631545362595556,0.8731685280799866,339568000
2016-04-06,0.8621776314401141,0.8748782763878801,0.8458133747463747,0.8743897676467896,453376000
2016-04-07,0.8687721361466523,0.8765879262247078,0.8616891382599738,0.8653527498245239,378104000
2016-04-08,0.8724358363550413,0.8780534247509538,0.8624218440499497,0.8709703683853149,255936000
2016-04-11,0.8760995628061147,0.8907541861909051,0.8734129099977348,0.876343846321106,387524000
2016-04-12,0.879274703952736,0.880495946803079,0.8582698160761759,0.8753668665885925,292764000
2016-04-13,0.8792746923391594,0.8975929272279051,0.8792746923391594,0.8973487019538879,350716000
2016-04-14,0.8949060295288196,0.9036987775390399,0.8912423602612081,0.89979088306427,416564000
2016-04-15,0.8995468975842091,0.9149341961447609,0.8966159613890323,0.9068741798400879,436972000
2016-04-18,0.9051645227491653,0.9051645227491653,0.8941735698087991,0.902966320514679,307320000
2016-04-19,0.9063856635215993,0.9080953568772052,0.8812286554958711,0.8868462443351746,309152000
2016-04-20,0.8853807294535838,0.8956389472770907,0.8844037701923116,0.8902655839920044,200172000
2016-04-21,0.8905096693769654,0.8946618474912938,0.8853805903868661,0.8892884850502014,178280000
2016-04-22,0.8922195273063659,0.8983255661345085,0.8829382690919912,0.8858692049980164,223540000
2016-04-25,0.8861134634575528,0.8951504385304249,0.8836710361883425,0.8902655839920044,191972000
2016-04-26,0.8956389330978779,0.9058971507589829,0.8870904086749474,0.8909983038902283,214536000
2016-04-27,0.8888002024778111,0.9117590676282811,0.8870905090461907,0.9112705588340759,352396000
2016-04-28,0.9056528396756854,0.9110262027119624,0.88196130208457,0.8841594457626343,381224000
2016-04-29,0.8804956321302354,0.8824495501140129,0.8582695093465372,0.8677949905395508,321904000
2016-05-02,0.8760993267446597,0.8846478498964168,0.8719472068933664,0.8792744874954224,256076000
2016-05-03,0.8692608367246547,0.8729244490978283,0.8612008196251904,0.8687723278999329,224024000
2016-05-04,0.8582699139806148,0.8590026481279921,0.8401959602974972,0.8489887118339539,525764000
2016-05-05,0.8560713697175643,0.8641313833400972,0.847767072672015,0.8541173934936523,246884000
2016-05-06,0.8526522896950823,0.8651087114623148,0.8509425961646914,0.8629105091094971,183240000
2016-05-09,0.8651086563857833,0.8687722685085032,0.8546062123448201,0.8616892695426941,333336000
2016-05-10,0.8670624504749691,0.879763094903499,0.8587582098403409,0.8782976269721985,269676000
2016-05-11,0.8809845088391663,0.8905099357800937,0.8760995953745987,0.880740225315094,328176000
2016-05-12,0.887090564462007,0.8909984603635759,0.853140802525726,0.8687723278999329,670540000
2016-05-13,0.9571882498016189,1.0013962293117131,0.9525476782093398,1.0009077787399292,2110256000
2016-05-16,0.9933363828453355,1.0453602209752046,0.9901612206561532,1.030461311340332,973032000
2016-05-17,1.0258206394169715,1.0399867560340301,1.0126315405357662,1.0326595306396484,628392000
2016-05-18,1.025820482287905,1.0710055366433888,1.025820482287905,1.0590375661849976,541072000
2016-05-19,1.0548853369426674,1.0712497110658554,1.0534199853291313,1.0636781454086304,398880000
2016-05-20,1.0702729165755844,1.087125744748821,1.0685632228726938,1.0827293395996094,391084000
2016-05-23,1.0873694978865927,1.0915215594488337,1.077844015765078,1.0844385623931885,413636000
2016-05-24,1.0877445299721096,1.114191336470253,1.084805982942699,1.1107629537582397,415788000
2016-05-25,1.114191279933922,1.1188438429334318,1.0972946937554542,1.1061103343963623,458076000
2016-05-26,1.1080690558982484,1.1259450754899405,1.1048856503504192,1.1178641319274902,309964000
2016-05-27,1.119088586797554,1.1257002575222304,1.1154153455765505,1.1239861249923706,277416000
2016-05-31,1.1288838782945132,1.1465150425087522,1.128149183203709,1.1440662145614624,412524000
2016-06-01,1.1386791664094449,1.1572897718193045,1.1352509000646434,1.1462703943252563,387132000
2016-06-02,1.1523921251917404,1.164146313591293,1.1411277724865383,1.1543512344360352,329208000
2016-06-03,1.1430868528068647,1.14455600955308,1.1181093198563852,1.1381891965866089,461076000
2016-06-06,1.1411274623302445,1.149943101233835,1.1264348475907826,1.1323119401931763,322512000
2016-06-07,1.1391685607566353,1.1455353726588084,1.1340261627048491,1.1345158815383911,193400000
2016-06-08,1.1347605500323745,1.138923509716661,1.1215372096193057,1.1308425664901733,234616000
2016-06-09,1.1269247972509195,1.1619421467138067,1.1244759694964757,1.1602280139923096,472168000
2016-06-10,1.1465153311539031,1.1568001308821034,1.1298636005131282,1.1313328742980957,400024000
2016-06-13,1.1325570990598388,1.168064289927269,1.1325570990598388,1.1457804441452026,475588000
2016-06-14,1.1430869647663138,1.1533717635964709,1.1303533375861785,1.147984504699707,298344000
2016-06-15,1.1575345696343593,1.1697783594402886,1.1448009441642792,1.1597384214401245,301036000
2016-06-16,1.1511674614099938,1.166349794237539,1.1399031122906809,1.1643908023834229,246456000
2016-06-17,1.1658603395794769,1.1661051990208973,1.1394135348748464,1.1440662145614624,471000000
2016-06-20,1.1624316880470185,1.1795730109225446,1.1616969932000647,1.1646355390548706,293768000
2016-06-21,1.1695338913038986,1.1727172987365497,1.1558207066837918,1.1575349569320679,212508000
2016-06-22,1.1599830833859945,1.167574308839082,1.1545958261299634,1.1565548181533813,202620000
2016-06-23,1.1675739175753146,1.188633337494556,1.166839222833656,1.1874089241027832,297880000
2016-06-24,1.1386789140859623,1.1597383432278057,1.109293680413605,1.1198233366012573,1017684000
2016-06-27,1.1105174178885568,1.1190881942983375,1.0914169905979325,1.1078238487243652,449088000
2016-06-28,1.1288836631871872,1.1301079601610005,1.1085588154571115,1.1239861249923706,381920000
2016-06-29,1.133781321421005,1.15116762472166,1.1308427748396925,1.1423519849777222,318932000
2016-06-30,1.1443112204975976,1.1582692613443535,1.1350059766996519,1.151167869567871,430940000
2016-07-01,1.1448006897316487,1.1597381636876314,1.1386787378060181,1.14259672164917,218488000
2016-07-05,1.136229932718316,1.1614523191009856,1.1271695511150492,1.159493327140808,371084000
2016-07-06,1.1514125238840942,1.1736963666672333,1.1455354305186172,1.1668397188186646,273104000
2016-07-07,1.1746757690988994,1.2013674311043825,1.1692885115200595,1.1972044706344604,395400000
2016-07-08,1.2099380706834504,1.251077488656393,1.205285391462312,1.2452003955841064,481932000
2016-07-11,1.2630762872167758,1.2831561585324525,1.2616070141001994,1.273850917816162,448776000
2016-07-12,1.2880542823647902,1.3047058947261958,1.2718922721984631,1.2929518222808838,436760000
2016-07-13,1.2954005386239047,1.3027469069083675,1.2905029986897838,1.2924619913101196,324604000
2016-07-14,1.2993184665726907,1.317439350224784,1.2885438334543837,1.3056851625442505,316892000
2016-07-15,1.2890336322944551,1.2963800000503896,1.2694434739673686,1.290502905845642,428616000
2016-07-18,1.306419971138539,1.3083789636666117,1.2922170709685368,1.297114610671997,252992000
2016-07-19,1.2963797408099516,1.3157250358044037,1.2939309131254872,1.3105826377868652,382652000
2016-07-20,1.3149903560823513,1.3348254869042453,1.309603098587033,1.3277239799499512,296460000
2016-07-21,1.324785513366839,1.3289484740235022,1.2988285452288677,1.3032363653182983,361308000
2016-07-22,1.307889525863117,1.338744044303894,1.2983393038735216,1.338744044303894,315768000
2016-07-25,1.3468246652248508,1.36665968295427,1.3409475710384062,1.363476276397705,312528000
2016-07-26,1.3754750229944215,1.3938407631549927,1.3735160309501588,1.3867393732070923,514508000
2016-07-27,1.398738241276967,1.401187068801496,1.3644554732992242,1.3727812767028809,446676000
2016-07-28,1.3759646450828107,1.3860045807745565,1.3715568257181956,1.3757197856903076,221916000
2016-07-29,1.380862486575836,1.4019219169221273,1.3561299310020587,1.3982487916946411,409588000
2016-08-01,1.4041262449841525,1.4092686449726017,1.3801282616048136,1.3891886472702026,301120000
2016-08-02,1.3958001871171588,1.3965348823401824,1.3590686954297846,1.3722920417785645,282748000
2016-08-03,1.3705776221352757,1.3786585673000682,1.362986395839095,1.375964879989624,299828000
2016-08-04,1.382576578557611,1.4077989690442192,1.3798830079615418,1.4014321565628052,272712000
2016-08-05,1.4175940960567406,1.4259199011039934,1.4107375644609497,1.4251853227615356,371588000
2016-08-08,1.4447754256674055,1.4482036913369487,1.4232261603637884,1.438408613204956,305064000
2016-08-09,1.4455101943742628,1.4560399689746568,1.4384088026615152,1.4420819282531738,372344000
2016-08-10,1.4548151943134833,1.4570190457689942,1.4281235336048237,1.4327762126922607,375740000
2016-08-11,1.4403674201309584,1.468038518131436,1.4374288737161858,1.4619165658950806,681064000
2016-08-12,1.5157898589612406,1.5520316260939013,1.4846904905312022,1.5437058210372925,1425744000
2016-08-15,1.5454198534813457,1.554970071922514,1.5214218776625028,1.5422364473342896,573304000
2016-08-16,1.5400327189780159,1.5424814302590464,1.528278647942663,1.5329313278198242,287652000
2016-08-17,1.5329311901546703,1.536359455700166,1.4854249578435728,1.4974238872528076,595212000
2016-08-18,1.4952199745919534,1.5231359334419505,1.489342881458677,1.520687222480774,331684000
2016-08-19,1.5199527135705975,1.5361146048995613,1.5133410413693436,1.524605393409729,291560000
2016-08-22,1.529258466629603,1.5331765691282722,1.5111375782771672,1.5309725999832153,244748000
2016-08-23,1.5465499816822803,1.553419145924121,1.5389447687107114,1.543360710144043,339764000
2016-08-24,1.548758582957182,1.549494514977063,1.5124499127300859,1.5195643901824951,298448000
2016-08-25,1.5200554053307571,1.52079133748466,1.4906160135032405,1.5095062255859375,406032000
2016-08-26,1.5134312370378769,1.5303588429167936,1.501410078473622,1.5217723846435547,300024000
2016-08-29,1.5279054086405326,1.5340385254292814,1.5183375920342348,1.5207908153533936,274652000
2016-08-30,1.5188283614788702,1.5269241980908221,1.507788563011351,1.511959195137024,285544000
2016-08-31,1.5149033418005162,1.5190738574532479,1.5004289583962973,1.5048447847366333,388544000
2016-09-01,1.5060713360989213,1.5548916685247316,1.5048446657761405,1.5492491722106934,428492000
2016-09-02,1.5524387277881702,1.5541560197603461,1.5166207901036506,1.53403902053833,323148000
2016-09-06,1.5394357385950637,1.5485128164291382,1.5315852138590413,1.5485128164291382,306812000
2016-09-07,1.5436069162729436,1.551212133656791,1.5168661755395967,1.525697946548462,397988000
2016-09-08,1.5242255434403502,1.539190663341966,1.506807316967511,1.536737322807312,315808000
2016-09-09,1.5198098892811884,1.5283963481587175,1.4474379730799325,1.4601950645446777,697760000
2016-09-12,1.4408143552260861,1.4933145938867651,1.406222969340206,1.4903706312179565,598260000
2016-09-13,1.486690196081959,1.503863227421179,1.4604400862913975,1.4687812328338623,471768000
2016-09-14,1.4722161671022806,1.4866905509337025,1.4599498134879254,1.4817839860916138,319048000
2016-09-15,1.484237207368533,1.5396813973133034,1.4808025069723603,1.537964105606079,515212000
2016-09-16,1.5433613881894301,1.551702536573567,1.5239804398626857,1.5416440963745117,902444000
2016-09-19,1.557835365109855,1.6010131938657406,1.5507208890168647,1.5620059967041016,417128000
2016-09-20,1.5799150910709274,1.5799150910709274,1.5391905991443025,1.5477770566940308,331112000
2016-09-21,1.5524383419368524,1.5941441942926042,1.552193031284904,1.5912002325057983,336212000
2016-09-22,1.6005227390521541,1.6054293030358977,1.5860483577528532,1.595125436782837,308732000
2016-09-23,1.5970881183950998,1.6017492546355614,1.5862936310920857,1.5934081077575684,276132000
2016-09-26,1.5752541350376703,1.58482195396183,1.5585718380845504,1.5784434080123901,230040000
2016-09-27,1.5723100881485317,1.6348688738289787,1.5715741561086127,1.632415533065796,402752000
2016-09-28,1.6348685778062382,1.6395298308269,1.6174502358830725,1.6383031606674194,319788000
2016-09-29,1.6356048225571933,1.658665781435846,1.620394507408136,1.653513789176941,336684000
2016-09-30,1.6625908730313927,1.697427561167242,1.6527777445106475,1.6809905767440796,429932000
2016-10-03,1.680990656423981,1.7052781682113252,1.676329402608423,1.679273247718811,242596000
2016-10-04,1.6817264914582428,1.7099392064200132,1.66308147727141,1.6755932569503784,281624000
2016-10-05,1.6898224108415163,1.7069954449065015,1.668724172009421,1.6738760471343994,305440000
2016-10-06,1.6537590844911927,1.6640628342209414,1.6255462525932283,1.6520417928695679,360212000
2016-10-07,1.6630814485928946,1.6674973914002138,1.635359355435649,1.6400206089019775,286260000
2016-10-10,1.6486070311587373,1.6574389165820322,1.6306980666401663,1.6461538076400757,287876000
2016-10-11,1.6407565941236273,1.6432098176001397,1.609845112654902,1.62235689163208,388540000
2016-10-12,1.6157331126512429,1.6383033312157536,1.6022400904374419,1.6297168731689453,419920000
2016-10-13,1.6105816808671922,1.614261575759285,1.5627425793429888,1.6032217741012573,390116000
2016-10-14,1.6228477962497834,1.6338875962757111,1.6093547723190564,1.6189225912094116,330636000
2016-10-17,1.6186769049102214,1.6338872171393413,1.607391796810647,1.6095997095108032,195328000
2016-10-18,1.6319245917945362,1.6434550103650083,1.6253007368068546,1.6341325044631958,269372000
2016-10-19,1.6230931052083386,1.6383034198544395,1.61475184038961,1.6306982040405273,199060000
2016-10-20,1.649833207677143,1.6670062350954014,1.6265270648067796,1.6616089344024658,312084000
2016-10-21,1.6557218959858333,1.6598924117445835,1.6412475122136623,1.6569485664367676,279508000
2016-10-24,1.668233615669596,1.7366802099582062,1.667988188003079,1.734717607498169,339836000
2016-10-25,1.731773734022629,1.7737249047952508,1.7234325854039223,1.7631757259368896,397460000
2016-10-26,1.7484557310679318,1.789670962672255,1.7467384394995613,1.7702900171279907,333792000
2016-10-27,1.7837834288846415,1.7872180127720476,1.7268672500701079,1.733981728553772,388664000
2016-10-28,1.7423227264727843,1.7688181506600613,1.727848344041881,1.7310376167297363,290856000
2016-10-31,1.7366805002678314,1.757288121997385,1.735699140382901,1.7457576990127563,252388000
2016-11-01,1.7521356880111558,1.7617035051617198,1.675347840158945,1.6939928531646729,473224000
2016-11-02,1.7069951975619189,1.7300560354360406,1.6839342427060904,1.6868782043457031,295848000
2016-11-03,1.6947288459694572,1.6962008268902302,1.6348687174576462,1.6672520637512207,309664000
2016-11-04,1.656212226076705,1.6861423481139914,1.633396697818126,1.6576842069625854,328780000
2016-11-07,1.7062594042029018,1.7594956813835432,1.7050327338390636,1.7484558820724487,487580000
2016-11-08,1.7550800915017286,1.7607227061220192,1.7295660212927673,1.7457576990127563,429884000
2016-11-09,1.6984088074279138,1.7393787302214427,1.6858971445755786,1.7163177728652954,456532000
2016-11-10,1.7538529705457848,1.7540982811922288,1.6378126120947283,1.662590742111206,869280000
2016-11-11,1.9506068911698624,2.1777809866599944,1.925828637688048,2.1581547260284424,2175344000
2016-11-14,2.1610984184765654,2.1635517592398195,2.051436706749781,2.051927328109741,1348796000
2016-11-15,2.067872977076245,2.1453967446515003,2.059041093260949,2.114485502243042,626092000
2016-11-16,2.1426987136539593,2.2707600061840796,2.1184112029365116,2.2479445934295654,987984000
2016-11-17,2.2646262076093917,2.3254676799323497,2.2239016076777514,2.2665889263153076,832988000
2016-11-18,2.2665897855387107,2.314183334074491,2.2521154022402903,2.29038667678833,576060000
2016-11-21,2.308295747972005,2.3146742940182814,2.2668350816894716,2.28106427192688,436436000
2016-11-22,2.288914628091439,2.299709000390384,2.2663444067656706,2.2975010871887207,330368000
2016-11-23,2.3026610226312614,2.3402524508351905,2.279320089842876,2.3088035583496094,443236000
2016-11-25,2.3198591734630005,2.3365664437037506,2.295043711709819,2.3134710788726807,195564000
2016-11-28,2.3063457693512066,2.3277212709806245,2.2997118798664973,2.3122425079345703,278736000
2016-11-29,2.309539554121712,2.3203503189490724,2.2734224426194944,2.2911124229431152,444568000
2016-11-30,2.2997118294696683,2.3134709639672266,2.2628575656018355,2.2653145790100098,440500000
2016-12-01,2.262858219960033,2.2645780829803543,2.0827632558459794,2.15327787399292,1035524000
2016-12-02,2.119125549683519,2.181777985357023,2.0913619544058215,2.1731786727905273,478292000
2016-12-05,2.2110157257235747,2.27538802617083,2.186691854618335,2.2574522495269775,602284000
2016-12-06,2.2655602229991154,2.302906078371623,2.2498356646482547,2.2945523262023926,498796000
2016-12-07,2.2810396817298964,2.3414806795401173,2.262858106204951,2.335829734802246,480804000
2016-12-08,2.3387779906810446,2.3739123987062416,2.2861991590428943,2.2967638969421387,381544000
2016-12-09,2.314453422740202,2.3161732850752816,2.228705632398306,2.2559778690338135,382312000
2016-12-12,2.20757618245106,2.2100331961341038,2.1508204785295875,2.201188087463379,601332000
2016-12-13,2.2134732584499828,2.267526396135093,2.212490546552688,2.2400083541870117,387796000
2016-12-14,2.2736682631540224,2.3859513941350627,2.249835746838614,2.3697354793548584,983980000
2016-12-15,2.3807920549863812,2.4554837836165118,2.373421247039793,2.4252631664276123,746548000
2016-12-16,2.4527807475290047,2.4741562526166447,2.4011846280476785,2.467031240463257,1089528000
2016-12-19,2.449586932875492,2.5171531770134425,2.4323880693587183,2.4970061779022217,744656000
2016-12-20,2.569486176358615,2.607568951672785,2.558184053861836,2.583982229232788,848056000
2016-12-21,2.5955300363363123,2.6031466386252524,2.5481107940972105,2.600198268890381,576136000
2016-12-22,2.6245216265846274,2.674889228639016,2.617396381602483,2.6316468715667725,718612000
2016-12-23,2.6137104618234854,2.69872132985929,2.6110078881428476,2.69724702835083,647692000
2016-12-27,2.753266816563446,2.8834855060920033,2.7326282280158845,2.882502794265747,1194272000
2016-12-28,2.938521353301721,2.946629311657116,2.67046737166029,2.6842262744903564,2295764000
2016-12-29,2.577347975933058,2.73926154845035,2.52575186677449,2.7377872467041016,2175368000
2016-12-30,2.7358230464073015,2.749827747688481,2.611746627626255,2.6225571632385254,1212932000
2017-01-03,2.5650632960024624,2.613465478113087,2.441724076220785,2.5063421726226807,1501996000
2017-01-04,2.540492851587638,2.5920889432581005,2.4945477012971726,2.56481671333313,1199220000
2017-01-05,2.568257350151927,2.5999520264565144,2.4827551111789004,2.4997081756591797,984296000
2017-01-06,2.5269809583529463,2.5613784505248582,2.4864411656531464,2.53312349319458,822856000
2017-01-09,2.5429509108691843,2.6535139430126904,2.5429509108691843,2.6358237266540527,916248000
2017-01-10,2.648845876350075,2.6827517750167607,2.5952841023977884,2.615922689437866,880920000
2017-01-11,2.6043747663987116,2.6092885590323287,2.55892095439082,2.5837361812591553,525664000
2017-01-12,2.5608872868868837,2.572434972079729,2.496760530482186,2.5414772033691406,625616000
2017-01-13,2.545408036234708,2.579805527622623,2.5321404893184205,2.541231393814087,457820000
2017-01-17,2.5306658470700913,2.535579639402134,2.4709617823438608,2.484229326248169,580612000
2017-01-18,2.4628544863619566,2.536317470496955,2.4350908844457653,2.529438018798828,654424000
2017-01-19,2.5323858649536635,2.615676653475622,2.5301746465528505,2.5837361812591553,644872000
2017-01-20,2.606340398414143,2.624030615664489,2.533614574554863,2.555481433868408,492024000
2017-01-23,2.5503215535791326,2.6019176631777796,2.5478645401902225,2.5820162296295166,369904000
2017-01-24,2.592090542009257,2.643195309555837,2.5773486920193758,2.6370527744293213,428052000
2017-01-25,2.6793125419503525,2.6854550773289794,2.6124834440900075,2.648355007171631,522760000
2017-01-26,2.6510575551998534,2.701425173223737,2.6215740886234657,2.694054365158081,458800000
2017-01-27,2.700933880547155,2.7490902807110773,2.6743987834380345,2.7461419105529785,471996000
2017-01-30,2.7252564837524,2.7274677017581332,2.651302172192846,2.703143835067749,496004000
2017-01-31,2.6768549027404034,2.7038813467885467,2.658427536834174,2.6825058460235596,362756000
2017-02-01,2.716904141316604,2.8038804795883077,2.699214153788455,2.79970383644104,590004000
2017-02-02,2.7837326886239073,2.8436825554531358,2.7532665165065713,2.8350830078125,483240000
2017-02-03,2.836557456779612,2.84761378429141,2.7984746810799326,2.810267925262451,372744000
2017-02-06,2.8009313748037066,2.882748102162136,2.8009313748037066,2.8822567462921143,506768000
2017-02-07,2.91640813427933,2.9709526134755375,2.8967524956535953,2.9269731044769287,746224000
2017-02-08,2.909038332406407,2.9313965529080055,2.859407628580111,2.9141979217529297,449580000
2017-02-09,2.920340015082699,2.925254043242033,2.84024337118388,2.859407424926758,842568000
2017-02-10,2.9466293833349284,2.965547875186469,2.7665344322816066,2.791595458984375,1651092000
2017-02-13,2.7859438050202883,2.800439856758184,2.658427708742335,2.6628503799438477,1180724000
2017-02-14,2.653268389863246,2.706338809464525,2.611500093018377,2.6726784706115723,850632000
2017-02-15,2.6756266405263682,2.6977390598695723,2.647617247985779,2.6780834197998047,373020000
2017-02-16,2.6876665714286414,2.6888950786301073,2.596021996160636,2.635087728500366,647176000
2017-02-17,2.6215738804814395,2.6390183044923634,2.574645992234992,2.6345956325531006,563740000
2017-02-21,2.659164713683124,2.73287347508703,2.6589189186189808,2.728942394256592,551952000
2017-02-22,2.740997392528268,2.750345641660544,2.705818405612707,2.7247610092163086,433772000
2017-02-23,2.5953614317473703,2.617255887654032,2.4521860998290395,2.4721124172210693,1592888000
2017-02-24,2.3879782029756456,2.5092590676893565,2.354275388339651,2.4959747791290283,1029904000
2017-02-27,2.514179321662083,2.5835528553581706,2.4984349186806267,2.5685465335845947,715400000
2017-02-28,2.578140748695995,2.587981206216109,2.4792465436349347,2.496466875076294,625360000
2017-03-01,2.553293874377854,2.567562348255586,2.4873644128340286,2.528693437576294,504804000
2017-03-02,2.5159020139332373,2.5299243875099204,2.4327519592113185,2.435457944869995,754332000
2017-03-03,2.4248796613180583,2.4297996561416397,2.367068138527173,2.421435594558716,864692000
2017-03-06,2.385272372570663,2.413317113908869,2.341237356713993,2.4027388095855713,883568000
2017-03-07,2.4027389378502355,2.448495989322442,2.3899466237088065,2.4290614128112793,603400000
2017-03-08,2.4772791770414835,2.49203963331107,2.4224199700092988,2.4246339797973633,638712000
2017-03-09,2.408643581490326,2.44652832059199,2.3960971356290504,2.4241418838500977,478060000
2017-03-10,2.4504640338800736,2.4622721609818687,2.4202052829521365,2.4384095668792725,499740000
2017-03-13,2.4487416589327644,2.5154092030202206,2.4480035777764635,2.5055689811706543,774136000
2017-03-14,2.5183626670279704,2.527710683467251,2.4716214117839512,2.5038483142852783,522016000
2017-03-15,2.515409370077038,2.5336136526725763,2.467930056024989,2.522789478302002,615036000
2017-03-16,2.5333679845366004,2.554278488353498,2.519345613561585,2.553786277770996,523100000
2017-03-17,2.5712529853679564,2.610614117272664,2.553786546136533,2.609384059906006,1119688000
2017-03-20,2.6268503607299056,2.696470008670259,2.6108598504153324,2.6925337314605713,748568000
2017-03-21,2.6753132809216145,2.7050800563340553,2.597575445891804,2.60544753074646,913484000
2017-03-22,2.594377626153292,2.663259434357664,2.590441583155476,2.6585853099823,616764000
2017-03-23,2.6507128047821245,2.670639358321993,2.6248823044614147,2.63447642326355,533940000
2017-03-24,2.680726317642567,2.6885984049397056,2.6179947861971335,2.6438252925872803,439500000
2017-03-27,2.5973291454761522,2.6669487851278517,2.5481280323071696,2.663012742996216,506644000
2017-03-28,2.664243002135655,2.6787573492165864,2.6389044797197596,2.6492366790771484,432444000
2017-03-29,2.6566169448882717,2.6689172834919868,2.638412659595463,2.6406266689300537,349992000
2017-03-30,2.6477606859816043,2.706064183330034,2.6421026099632385,2.6913037300109863,525532000
2017-03-31,2.681708566803673,2.703357145036488,2.666702248629676,2.6797404289245605,440808000
2017-04-03,2.6802334992728953,2.6974538314549887,2.6425944045457865,2.6662111282348633,445232000
2017-04-04,2.543699426582204,2.5687920706147023,2.4684217290940684,2.479245901107788,1271280000
2017-04-05,2.4605504892940138,2.5183620145054917,2.4477581737638494,2.460796594619751,747048000
2017-04-06,2.4659624446034902,2.4908089917733762,2.4209432394930213,2.478754758834839,635120000
2017-04-07,2.4851505863065446,2.50261702205979,2.4531698049702797,2.4681761264801025,429068000
2017-04-10,2.4689150057406444,2.4755570348136016,2.4010173790966816,2.4051995277404785,756332000
2017-04-11,2.3751867196610923,2.432998251950748,2.370266724029127,2.4138097763061523,618148000
2017-04-12,2.4138090642709615,2.4280773054651976,2.388716413582347,2.3938825130462646,414092000
2017-04-13,2.36977380314328,2.3914221506683297,2.349109172821045,2.349109172821045,506892000
2017-04-17,2.361901857551798,2.4413617268578096,2.3567357578083206,2.4411158561706543,497292000
2017-04-18,2.426847026520297,2.44874171418233,2.4010165315609093,2.442591428756714,370116000
2017-04-19,2.4600584316841823,2.4841668992096517,2.4455440831834943,2.452186346054077,380828000
2017-04-20,2.46670091358086,2.4957296131597855,2.4455443003310275,2.491055488586426,404016000
2017-04-21,2.4807220139285904,2.5040926270093156,2.468913889379416,2.5013866424560547,341896000
2017-04-24,2.532876075865548,2.5456683911279727,2.511965804165636,2.532630205154419,371820000
2017-04-25,2.5471444903874434,2.5911795113567897,2.525742008579459,2.576665163040161,388440000
2017-04-26,2.590195513857343,2.5926553939114743,2.556984669727375,2.558952808380127,327004000
2017-04-27,2.566332903343281,2.6071697273257985,2.5483744886970565,2.5988056659698486,319700000
2017-04-28,2.591917806020828,2.5988059400791177,2.560182886754388,2.5658411979675293,348248000
2017-05-01,2.5766649312045447,2.6285722676432535,2.5695306930406367,2.623405933380127,307732000
2017-05-02,2.596590537419046,2.5978205942137325,2.5230346425965977,2.5456671714782715,629972000
2017-05-03,2.5387795145568868,2.574204359178248,2.524019299486796,2.564610242843628,336904000
2017-05-04,2.570761224387928,2.581831507004431,2.5468986256194412,2.5547709465026855,209788000
2017-05-05,2.543208864246514,2.5621512344508495,2.527710326742568,2.5550169944763184,228428000
2017-05-08,2.5668243872850383,2.5683003150262858,2.5168851955937694,2.5282015800476074,365240000
2017-05-09,2.5338596042461474,2.5813386808088157,2.525495310051646,2.532383441925049,847672000
2017-05-10,2.8116006651018965,2.9968431227554126,2.8049586370582724,2.983804702758789,2129096000
2017-05-11,2.953299892448665,3.208653959469508,2.9498558259892715,3.111973524093628,1939792000
2017-05-12,3.1151716346772402,3.188235344208412,3.0942611311987243,3.1461682319641113,962620000
2017-05-15,3.1872519266346004,3.3065646814215297,3.1828236729873276,3.3041045665740967,1087540000
2017-05-16,3.3550272879459686,3.3811041265648143,3.2807337530058756,3.365605592727661,1120700000
2017-05-17,3.2989387177487783,3.317635216639987,3.1378049367047187,3.1419870853424072,1271368000
2017-05-18,3.1857756888646738,3.282456135528904,3.1255042841786036,3.273599863052368,1156032000
2017-05-19,3.3745683202543884,3.4038737188806705,3.329994428476225,3.349203109741211,1018372000
2017-05-22,3.392791811678894,3.4349029953138306,3.381956001440817,3.4206197261810303,836608000
2017-05-23,3.440321249668926,3.442537590897353,3.342061498070772,3.374568462371826,681248000
2017-05-24,3.47135039136654,3.474059461547216,3.400426065067246,3.4124932289123535,815996000
2017-05-25,3.4477086295315393,3.448447488118839,3.360038337532559,3.4048585891723633,608228000
2017-05-26,3.3967317272350885,3.577736339233551,3.376538060474399,3.493021249771118,779140000
2017-05-30,3.5388266907728227,3.6026092585689313,3.52281957513042,3.5676398277282715,989652000
2017-05-31,3.6124604175875703,3.6200946647445464,3.498193544471595,3.5548346042633057,887316000
2017-06-01,3.570593839109038,3.5715790619356214,3.5097664871091756,3.555079221725464,503340000
2017-06-02,3.552124747664303,3.5782288130501128,3.5314385869324734,3.537348985671997,487456000
2017-06-05,3.521095992436869,3.6577728665797804,3.5095215578317074,3.6449670791625977,817376000
2017-06-06,3.6402876459760996,3.6863392498595435,3.615168802818321,3.628467082977295,758728000
2017-06-07,3.652847673825219,3.6910186714007622,3.6373330512050077,3.672302484512329,612612000
2017-06-08,3.779181618403672,3.9402389552156487,3.738055419401065,3.9387614727020264,1161744000
2017-06-09,4.056968592955185,4.149564069233269,3.515431701147838,3.6841232776641846,3692928000
2017-06-12,3.592512937863152,3.7358390752595,3.499671093252213,3.693235158920288,1697532000
2017-06-13,3.802329816191044,3.8114417787452792,3.586848036425052,3.7284505367279053,1672504000
2017-06-14,3.73140604833155,3.7939572645243587,3.6570340337043596,3.7363312244415283,1184640000
2017-06-15,3.619109467765831,3.782629273760976,3.6077811625177807,3.7523388862609863,963824000
2017-06-16,3.7619426381815324,3.8097180891606337,3.6998839187474015,3.733868360519409,924960000
2017-06-19,3.7779506158822778,3.8794119399690397,3.774256791827417,3.8742403984069824,778176000
2017-06-20,3.916351028001462,3.9830887993768287,3.864389255296164,3.8685755729675293,1095444000
2017-06-21,3.896157718158609,3.930881024664688,3.834345117402064,3.927186965942383,682652000
2017-06-22,3.935313647144778,3.948612164399356,3.8762101176298605,3.9000978469848633,469132000
2017-06-23,3.907732255351695,3.923493244177839,3.7732714735532724,3.7882938385009766,1088588000
2017-06-26,3.821047449773042,3.8565096207022926,3.6528485611370094,3.7469217777252197,1063960000
2017-06-27,3.7294362379549546,3.73805547321653,3.6040874276011583,3.6097514629364014,999492000
2017-06-28,3.6772277025340445,3.741749130094432,3.589311042592319,3.737070083618164,994948000
2017-06-29,3.7087499909381565,3.7117049559422983,3.548185149552703,3.6122140884399414,1064424000
2017-06-30,3.6294529980752643,3.642997646172157,3.5339023071979487,3.5600063800811768,731060000
2017-07-03,3.5720720031654767,3.5868477639932403,3.412738553653142,3.431208372116089,709072000
2017-07-05,3.494499349658744,3.551632901420342,3.4755370321957137,3.522819995880127,820188000
2017-07-06,3.4937601661978737,3.5801991038293846,3.441798163885764,3.5334086418151855,746284000
2017-07-07,3.590049808801891,3.6324073556324783,3.5671470711354814,3.6141836643218994,654972000
2017-07-10,3.687571685853459,3.7924804756410646,3.661467611968033,3.78509259223938,958492000
2017-07-11,3.7887859831142303,3.846412027139257,3.7469209264610814,3.838777780532837,757956000
2017-07-12,3.8983734670458556,4.014117804477411,3.855523425747513,4.002050876617432,1145208000
2017-07-13,4.014118717783688,4.095386136962693,3.9094562961653065,3.955754041671753,1369132000
2017-07-14,3.972007217057032,4.063617712498059,3.965111828675079,4.062140464782715,941948000
2017-07-17,4.096125005469456,4.124938149064673,3.9833356068085393,4.0449018478393555,930792000
2017-07-18,3.984073742137029,4.101542401794374,3.97225294333607,4.087012767791748,776640000
2017-07-19,4.096124432602658,4.122474866505804,4.053767116463618,4.065834045410156,687044000
2017-07-20,4.086272625081782,4.125182233385502,4.036527209663386,4.124936103820801,699596000
2017-07-21,4.104498907596091,4.169266725962142,4.090215397873032,4.13971471786499,648332000
2017-07-24,4.14685458073541,4.156458802298689,4.081101807441751,4.091691017150879,652524000
2017-07-25,4.068789402156191,4.086274473128825,4.028402058772977,4.071990966796875,496556000
2017-07-26,4.1293706976577464,4.184780406725558,4.084304071654176,4.119027614593506,640404000
2017-07-27,4.143899941228371,4.155474611015926,3.8801501737953497,3.983088970184326,782856000
2017-07-28,3.947380786815406,4.0727298401868905,3.922508302624441,4.048349380493164,513348000
2017-07-31,4.06189325665702,4.097847910606802,3.9555070120146567,4.002050876617432,559672000
2017-08-01,3.9926936979072956,4.052536091647077,3.9648660125120925,4.050812244415283,431384000
2017-08-02,4.081841805076565,4.085781758759467,3.971515116832232,4.048349380493164,478444000
2017-08-03,4.047856697622573,4.103512530131977,4.030864357431836,4.099818706512451,442420000
2017-08-04,4.122475233426843,4.188228024354341,4.099819090857304,4.117796421051025,589096000
2017-08-07,4.146854361894251,4.244867488072287,4.137249671124847,4.244375228881836,717412000
2017-08-08,4.28229995565336,4.298799563471838,4.154734835063791,4.1938910484313965,755336000
2017-08-09,4.147840751576764,4.240928968740708,4.129124562329992,4.238466262817383,530784000
2017-08-10,4.239696441922096,4.252009968811545,4.046871260992244,4.0569682121276855,1328088000
2017-08-11,3.8698066224747025,3.9156118624772414,3.76563672072678,3.840747356414795,1497196000
2017-08-14,3.932111633505728,4.150794748612333,3.9205372001939103,4.147100925445557,1279020000
2017-08-15,4.152273766593007,4.178377605985298,4.07790173272504,4.112132549285889,764532000
2017-08-16,4.127153257098159,4.150548251270074,4.034803928406367,4.06706428527832,596632000
2017-08-17,4.058692094862847,4.075683963608621,3.9742231315339946,3.9764392375946045,525444000
2017-08-18,4.030618542421544,4.047610883938748,3.9313735636881906,3.9771788120269775,601204000
2017-08-21,4.001558421137195,4.012886489838198,3.875470774009102,3.9193058013916016,623672000
2017-08-22,3.9557857140947252,4.012476406071623,3.9365601198876923,4.006560802459717,450456000
2017-08-23,3.9732847636012867,4.097757801234255,3.96465747255601,4.086666107177734,579520000
2017-08-24,4.118708955384752,4.123146009580043,4.045257796631876,4.071630954742432,469700000
2017-08-25,4.0957854567535925,4.105891294015951,4.031207012870698,4.037615776062012,357200000
2017-08-28,4.056596161480304,4.069413222104093,4.001137680884426,4.066208839416504,389496000
2017-08-29,4.0075463430784,4.08124432223607,3.999412213408034,4.059553623199463,324096000
2017-08-30,4.07927266179608,4.094801414045632,4.048955606717007,4.083709716796875,384400000
2017-08-31,4.103920107344961,4.180329300780093,4.096525957412655,4.176385879516602,612684000
2017-09-01,4.188956874900141,4.237020733205557,4.180329582520131,4.201527118682861,445432000
2017-09-05,4.150260249254813,4.155189997921995,4.031456409212001,4.08937931060791,695364000
2017-09-06,4.122160377233519,4.13596329291701,4.052159473301624,4.086913108825684,397672000
2017-09-07,4.103676037296086,4.138183343124931,4.065718000884357,4.105894565582275,352868000
2017-09-08,4.094307624484429,4.109096395176757,4.010503807016998,4.034658908843994,498856000
2017-09-11,4.0802587974948095,4.176140176089492,4.074835887232931,4.165541172027588,567444000
2017-09-12,4.190190435728111,4.190190435728111,4.115506577369466,4.180577754974365,411488000
2017-09-13,4.155435727449726,4.228147864053184,4.123146959764327,4.199309825897217,580960000
2017-09-14,4.160367995697393,4.253291873052303,4.135966527850418,4.175403594970703,513712000
2017-09-15,4.2606836546972495,4.439383029937744,4.255507560152269,4.439383029937744,1364792000
2017-09-18,4.563361270821203,4.712729373202375,4.556459814682428,4.622763156890869,1684460000
2017-09-19,4.572483350202517,4.679456439529213,4.550546300202024,4.617835998535156,874280000
2017-09-20,4.621532532436422,4.668856886411097,4.540439925009208,4.580616474151611,724920000
2017-09-21,4.477094514457188,4.503221802536979,4.377762396709948,4.455404281616211,1075600000
2017-09-22,4.4440669176583345,4.49360981093543,4.40216499384882,4.412024021148682,491232000
2017-09-25,4.381213021505902,4.382445693529425,4.194133651174554,4.214838027954102,874580000
2017-09-26,4.349170751522688,4.404136078485692,4.198816728052844,4.238500118255615,1125620000
2017-09-27,4.328714445360241,4.344735897719364,4.257973990595443,4.331425666809082,713720000
2017-09-28,4.3385706639466735,4.3425145553974716,4.28286584166587,4.330190658569336,435244000
2017-09-29,4.413995873071756,4.43001685000342,4.368889568954484,4.406354904174805,619092000
2017-10-02,4.45639081931484,4.485475678545836,4.3627279443959495,4.412024021148682,503480000
2017-10-03,4.418185018321986,4.450967417075299,4.377022612716945,4.421143054962158,390332000
2017-10-04,4.427304884080673,4.480298494552268,4.390825410645643,4.458115100860596,427848000
2017-10-05,4.4825180845016925,4.485968814554949,4.4258269148924265,4.45565128326416,437364000
2017-10-06,4.428045462545445,4.482024941530211,4.412024014315431,4.468714714050293,318800000
2017-10-09,4.505439927804616,4.602553989519968,4.48670726138108,4.569525241851807,563492000
2017-10-10,4.718399239271726,4.7558645641129464,4.615616412395926,4.656778812408447,974876000
2017-10-11,4.673293922482881,4.707801688410568,4.6274485823653055,4.70632266998291,529508000
2017-10-12,4.709774072231793,4.759316965494428,4.681428722328736,4.7085418701171875,528292000
2017-10-13,4.770653416044017,4.806393377062807,4.723822229322731,4.796287536621094,628728000
2017-10-16,4.826113016925464,4.881571508960979,4.7630135562038705,4.878613471984863,576640000
2017-10-17,4.8579082352764695,4.902521367394289,4.839668734277744,4.874176025390625,478596000
2017-10-18,4.883050413580749,4.88378945268088,4.764985626448378,4.869986534118652,567316000
2017-10-19,4.7925916189341695,4.8803388812461606,4.743541893149545,4.8754096031188965,570772000
2017-10-20,4.892414480638205,4.919527142343423,4.844350164174881,4.85322380065918,451620000
2017-10-23,4.874916615325976,4.901290252292392,4.826113234163269,4.846324920654297,428696000
2017-10-24,4.855442978753363,4.898823905679364,4.82956251245939,4.897098541259766,407244000
2017-10-25,4.857662009874665,4.910409273425949,4.711991404334285,4.773365020751953,828160000
2017-10-26,4.800971234910292,4.834985363451072,4.77706247731095,4.823400974273682,322744000
2017-10-27,4.87540893720953,4.975726902829086,4.849527997474675,4.975480556488037,572192000
2017-10-30,4.975481458042875,5.079742864517744,4.95970635695183,5.024284839630127,504056000
2017-10-31,5.0560801277536385,5.124108859578023,5.050410870882183,5.097488880157471,411908000
2017-11-01,5.160096497047448,5.175378436777145,5.04301754471666,5.107102870941162,502576000
2017-11-02,5.077524531640426,5.122137671619957,5.019601165528071,5.076045513153076,342308000
2017-11-03,5.107100196467483,5.143826007843018,5.061254871413296,5.143826007843018,353640000
2017-11-06,5.107103766108845,5.175625690365735,5.094779861651478,5.166998863220215,389944000
2017-11-07,5.189672466736698,5.247595818887304,5.17759491563004,5.226151466369629,427700000
2017-11-08,5.221714597758351,5.225412142884129,5.1080868969674915,5.155411243438721,522988000
2017-11-09,5.059531157134242,5.085657975283052,4.938755152001494,5.060763359069824,978564000
2017-11-10,5.25203171083334,5.389814971989079,5.216291754850505,5.327455043792725,1253256000
2017-11-13,5.327456091914961,5.352843397467768,5.225659112995033,5.240941047668457,582376000
2017-11-14,5.250061813249504,5.2944286096075235,5.206434526181011,5.279146671295166,529292000
2017-11-15,5.224181888099002,5.225414560420066,5.121892181407678,5.175624847412109,501948000
2017-11-16,5.249567581938719,5.27963828684844,5.206926163044648,5.215799331665039,441768000
2017-11-17,5.272738056379805,5.307984862877181,5.194603474689633,5.209638595581055,515664000
2017-11-20,5.225168247415466,5.288760887736429,5.188442412812545,5.276683330535889,396100000
2017-11-21,5.31636458158839,5.336822610645491,5.28456850935705,5.32523775100708,399176000
2017-11-22,5.3523683492408685,5.3523683492408685,5.268752839404489,5.301311016082764,356640000
2017-11-24,5.317591963184642,5.3523702201603385,5.293173086913779,5.351383209228516,180752000
2017-11-27,5.3600167852092,5.36124984326041,5.278620840230842,5.281827449798584,422896000
2017-11-28,5.287005408645444,5.296378246305685,5.136300453765076,5.197223663330078,512752000
2017-11-29,5.179960279305813,5.18267338366867,4.716745813201042,4.844758987426758,1396788000
2017-11-30,4.913327168227459,4.999162296178996,4.850430868043166,4.950571537017822,823768000
2017-12-01,4.916041318118306,4.936267046563432,4.747330647414634,4.8758368492126465,811548000
2017-12-04,4.934291416367238,4.940458115678194,4.550746524152942,4.604023456573486,1240844000
2017-12-05,4.498951060295475,4.753003842062851,4.454060406045252,4.630663871765137,981488000
2017-12-06,4.580346964210265,4.689860976260839,4.559134693223649,4.668155670166016,467032000
2017-12-07,4.734750299206108,4.775201748430145,4.689366148024566,4.735490322113037,542600000
2017-12-08,4.785313678599973,4.804306343503524,4.714771107654795,4.7231574058532715,466876000
2017-12-11,4.73721600710563,4.804305916274212,4.721430422861921,4.8013458251953125,372748000
2017-12-12,4.757935050891912,4.781120391490879,4.6836923752174675,4.70712423324585,455016000
2017-12-13,4.748070676599605,4.7493037347109555,4.584786214093073,4.592185974121094,554280000
2017-12-14,4.585771589774533,4.670127139033691,4.553213406647107,4.599337577819824,438164000
2017-12-15,4.643242528119483,4.745110235017027,4.578372674063073,4.724884510040283,670036000
2017-12-18,4.765336972202031,4.884223831896028,4.735738868901418,4.8812642097473145,477704000
2017-12-19,4.871889726726696,4.877069416582788,4.808746437616341,4.837111473083496,373100000
2017-12-20,4.87632811382326,4.885453962820291,4.798632315920975,4.854129314422607,288820000
2017-12-21,4.857584952613345,4.882496867856689,4.82330019565389,4.831686496734619,300904000
2017-12-22,4.794934115410073,4.825765738247542,4.717238294132747,4.81639289855957,466276000
2017-12-26,4.761142941925168,4.877563193098827,4.731297856117916,4.869916915893555,355080000
2017-12-27,4.856597189242213,4.932319456543184,4.84204466001422,4.863256454467773,329488000
2017-12-28,4.886934083772058,4.917765697810299,4.862762203747571,4.8689284324646,240248000
2017-12-29,4.8950735977318285,4.8950735977318285,4.772733688354492,4.772733688354492,279964000
2018-01-02,4.828972264987733,4.9207275883956845,4.797401087137178,4.917027473449707,355616000
2018-01-03,5.034187351222553,5.270974459812394,5.025554534443815,5.240635871887207,914704000
2018-01-04,5.321785372687156,5.378268934306695,5.246062624210568,5.268261432647705,583268000
2018-01-05,5.283062126710775,5.350151601977687,5.206352820649523,5.3129072189331055,580124000
2018-01-08,5.436232596375194,5.549692755787042,5.391341473561443,5.475697040557861,881216000
2018-01-09,5.4811231921568115,5.520587635932108,5.392821463925591,5.474216938018799,497000000
2018-01-10,5.381967335482967,5.5205863622036855,5.32770385542511,5.5171332359313965,582664000
2018-01-11,5.549692268956575,5.581017398124637,5.505541173031601,5.527000427246094,406032000
2018-01-12,5.515160945900337,5.549445696076352,5.4594174121772205,5.499868392944336,359916000
2018-01-16,5.526259129205168,5.61160073910741,5.344722555594821,5.429077625274658,702348000
2018-01-17,5.443630107297225,5.552650563452969,5.34990220059581,5.542784690856934,538408000
2018-01-18,5.5235462047693105,5.59014261736738,5.492468067071487,5.535879135131836,408632000
2018-01-19,5.625907366990663,5.699903066790805,5.599022378775064,5.675731182098389,609380000
2018-01-22,5.683624394010229,5.76575988088546,5.62615429903697,5.764033317565918,550944000
2018-01-23,5.81731075179538,5.915478822223645,5.798812059154426,5.892786979675293,475228000
2018-01-24,5.8959936176410235,5.931758418408328,5.760581162508873,5.816078186035156,579972000
2018-01-25,5.870341226817161,5.913505784199402,5.814844678037979,5.829643726348877,409884000
2018-01-26,5.873300095180098,6.002052776614008,5.860474130528454,6.001806259155273,516356000
2018-01-29,5.9872545657800655,6.1197073798196575,5.934717642105019,6.088628768920898,455116000
2018-01-30,5.947050135686135,6.078022904578278,5.880453716835236,5.986761093139648,570832000
2018-01-31,6.061989812636716,6.148318444116083,6.029431628920219,6.062729835510254,478576000
2018-02-01,5.883166696214036,6.089862201865626,5.871820775817728,5.932003974914551,519224000
2018-02-02,5.845676094664038,5.869601464981013,5.701877355260887,5.759840488433838,718464000
2018-02-05,5.599023602513741,5.7526882306683795,5.05638678386849,5.270975112915039,1165204000
2018-02-06,5.041587188137092,5.566957843669648,5.0317208428353695,5.563998222351074,1114800000
2018-02-07,5.662658447930693,5.795604278287759,5.591622372278017,5.64341926574707,802932000
2018-02-08,5.7687204549270295,5.801771678249629,5.364949240065885,5.365196228027344,1144000000
2018-02-09,5.876506858908696,5.89229244484088,5.365195292931244,5.7243218421936035,1674604000
2018-02-12,5.805223397028802,5.808183488222218,5.550431148244483,5.62442684173584,1093172000
2018-02-13,5.5881712854567,5.784013952731397,5.555859609384392,5.737889766693115,625524000
2018-02-14,5.697684279601359,5.983555198711346,5.686584876006259,5.9546966552734375,744988000
2018-02-15,6.037818090864681,6.126119805426468,5.957162652265348,6.079995632171631,698900000
2018-02-16,6.05286503380497,6.166325191511204,6.00526080761794,6.014387130737305,637656000
2018-02-20,6.036830131016973,6.212446978473094,6.0331300174192295,6.1436309814453125,686240000
2018-02-21,6.208010959208912,6.214917214710656,5.95321811743852,5.956917762756348,892292000
2018-02-22,5.9907291074539275,6.062302685013316,5.911010689034174,5.976414203643799,534364000
2018-02-23,6.0361427645749535,6.069708347320557,5.985547484321462,6.069708347320557,415300000
2018-02-26,6.1158613665822426,6.120303794151791,6.023555658460231,6.085751056671143,469312000
2018-02-27,6.0590939918623965,6.143255306258499,6.049962468302239,6.072915554046631,455436000
2018-02-28,6.083774581187836,6.123263547506034,5.961111926603054,5.97271203994751,523116000
2018-03-01,5.97049105070678,6.024294924446665,5.630145243043967,5.731089115142822,1040120000
2018-03-02,5.623727620192027,5.844372679038136,5.475397090045217,5.837955474853516,913428000
2018-03-05,5.7878554004668,5.855480377514855,5.6646989040322,5.815991401672363,620776000
2018-03-06,5.901138538474955,5.99591234882591,5.858194295412294,5.976661205291748,636808000
2018-03-07,5.873990012800662,6.02084006910537,5.872756188373908,5.968763828277588,581208000
2018-03-08,5.9961593222988165,5.9961593222988165,5.9082960537172715,5.952474594116211,411912000
2018-03-09,5.999860100273098,6.067731728206355,5.983818032172269,6.054898262023926,505524000
2018-03-12,6.09611538013624,6.2441987733819575,6.087970539305087,6.164233684539795,605060000
2018-03-13,6.206931723948742,6.281220567645893,6.0724222706692315,6.113638877868652,619772000
2018-03-14,6.156582578593625,6.183731420029194,6.076864161460417,6.139059543609619,505496000
2018-03-15,6.152634374040824,6.2348204451905085,6.1119111091756455,6.153868198394775,401952000
2018-03-16,6.170158618028161,6.201009411118301,6.132643948183502,6.182005405426025,399456000
2018-03-19,6.125237453613692,6.154113456023978,5.849308070056217,5.948030471801758,713772000
2018-03-20,5.950991338529074,6.198538036318587,5.950991338529074,6.159789562225342,554696000
2018-03-21,6.153373231955915,6.219517691114243,6.1042589350562935,6.134616374969482,438688000
2018-03-22,6.0714347105756685,6.117834224409769,5.9317423569067795,5.969009876251221,551196000
2018-03-23,5.9825845191133915,5.9850526385466,5.738740156358445,5.749846458435059,735620000
2018-03-26,5.8739887035492195,6.035153158563368,5.822159615755501,6.033919334411621,611424000
2018-03-27,6.114624915566505,6.170156417472876,5.426035704164232,5.565974712371826,1409000000
2018-03-28,5.531671087893683,5.661491006225146,5.3556983114965755,5.463058948516846,945904000
2018-03-29,5.531175558931661,5.812287906499416,5.447014712459238,5.715786933898926,916628000
2018-04-02,5.64544847218208,5.7913109241897995,5.368038004774368,5.455654144287109,922092000
2018-04-03,5.622247244965913,5.685182639429229,5.4630570809028605,5.561779499053955,667432000
2018-04-04,5.306581752753473,5.594111298273365,5.28165435960762,5.58374547958374,789168000
2018-04-05,5.641991734284166,5.655072342900288,5.392470663279069,5.463797569274902,701240000
2018-04-06,5.361372021845486,5.469226420048848,5.258700532256258,5.287823677062988,662988000
2018-04-09,5.350759030232859,5.478357897441791,5.296461359487049,5.316452980041504,499524000
2018-04-10,5.546230121596091,5.651863073109065,5.489217655227911,5.6249613761901855,761676000
2018-04-11,5.610153838469719,5.651370442520072,5.551167057774741,5.58374547958374,460244000
2018-04-12,5.6765441678870125,5.807845000871871,5.632365634990733,5.790074825286865,593920000
2018-04-13,5.853504372510021,5.86189588403577,5.665438199778203,5.713565349578857,503036000
2018-04-16,5.72022889331756,5.746637250650378,5.619285031639001,5.713318347930908,350792000
2018-04-17,5.765393702894373,5.883860580715224,5.709862206807872,5.862635135650635,447224000
2018-04-18,5.812288139933234,5.904840501847748,5.744910314204756,5.8337602615356445,391364000
2018-04-19,5.719735104302074,5.753054007156208,5.5975662645825155,5.65285062789917,471996000
2018-04-20,5.644213390693867,5.7283742447176005,5.613609743341578,5.644707202911377,386200000
2018-04-23,5.662476910211806,5.713565522288762,5.4995847963876985,5.52549934387207,427508000
2018-04-24,5.551165775807007,5.64692624121736,5.394197095226709,5.459353923797607,414596000
2018-04-25,5.429737057742677,5.468732675556246,5.190335184210594,5.347303867340088,588492000
2018-04-26,5.508714186028994,5.566713792376181,5.442816883138671,5.558568954467773,375824000
2018-04-27,5.66420402844602,5.683948511019761,5.543762355224279,5.585966110229492,400848000
2018-04-30,5.602255428496605,5.651863541956234,5.5314223371501665,5.550673007965088,327844000
2018-05-01,5.542529721744784,5.6086737290395945,5.4840362735355495,5.605958938598633,253788000
2018-05-02,5.602502275922489,5.6469270071822075,5.5593108980859665,5.585472583770752,268248000
2018-05-03,5.617311962965465,5.776502154137623,5.572146266555971,5.750340461730957,443144000
2018-05-04,5.721710409008019,5.903359855054719,5.704434043880585,5.900151252746582,400660000
2018-05-07,6.004550013665405,6.194590959421235,5.994677536654166,6.13757848739624,687616000
2018-05-08,6.137825638522399,6.182744659246491,6.088958003281233,6.18002986907959,506616000
2018-05-09,6.2000211846200886,6.3150328234467255,6.172872340759179,6.312811374664307,596760000
2018-05-10,6.36562738531591,6.429303261016274,6.347857209278967,6.420171737670898,994080000
2018-05-11,6.238768152818595,6.411779381119491,6.183483795652961,6.281959056854248,1214456000
2018-05-14,6.319967484089346,6.379694737368533,6.278750887137057,6.302443981170654,523140000
2018-05-15,6.239016335939232,6.241731596918744,5.960372092830068,6.060575485229492,963528000
2018-05-16,6.022071963639038,6.133628297596032,5.985297793663824,6.071680068969727,553828000
2018-05-17,6.073409424322861,6.207178394675734,6.057366882900811,6.113638877868652,519784000
2018-05-18,6.165467725314809,6.228649788472439,6.065017203183081,6.069953441619873,483716000
2018-05-21,6.167195061757378,6.170897005032129,5.935443715399001,6.027996063232422,640624000
2018-05-22,6.041324076730589,6.066498139443173,5.929520583332928,5.989988327026367,518264000
2018-05-23,5.9339281044020975,6.114455273058823,5.933187163680392,6.11322021484375,442956000
2018-05-24,6.1095167734599265,6.15915556891217,6.056420568216453,6.116925239562988,437372000
2018-05-25,6.129520311527187,6.172491110798442,6.09395844942009,6.156191825866699,292112000
2018-05-29,6.13816428586472,6.207066134741577,6.092477014262807,6.1391520500183105,352684000
2018-05-30,6.172737036191554,6.256455793707795,6.148041055491183,6.247812271118164,390996000
2018-05-31,6.21595549753954,6.302391206269901,6.205336445776241,6.22805643081665,493868000
2018-06-01,6.272755019233718,6.368328355355675,6.264111496720964,6.362154006958008,421968000
2018-06-04,6.3962358990052675,6.562686157423873,6.364131446836049,6.540707111358643,642024000
2018-06-05,6.543917371439187,6.5836780559166925,6.4992178664673546,6.546140193939209,391712000
2018-06-06,6.456245664020402,6.551324885675663,6.439946382337691,6.54811429977417,371356000
2018-06-07,6.544411521299476,6.556265632617886,6.402409950818837,6.492550373077393,369448000
2018-06-08,6.4199436268639305,6.51971485651706,6.40117469773452,6.477238178253174,360456000
2018-06-11,6.46464423271628,6.506133154072825,6.42340213464301,6.436244010925293,265372000
2018-06-12,6.462667752286715,6.496747730793107,6.412534841996411,6.484646797180176,319160000
2018-06-13,6.486128299190428,6.560956718821732,6.471063603349157,6.480201244354248,338208000
2018-06-14,6.525148665180622,6.64813400502718,6.510330791146676,6.591580390930176,430016000
2018-06-15,6.534530607899027,6.605654779409012,6.503660753241069,6.550829887390137,432260000
2018-06-18,6.506873987392737,6.564168547630911,6.479708824540797,6.546634674072266,356268000
2018-06-19,6.4436510475121525,6.510824177560597,6.297945737501037,6.425129413604736,594932000
2018-06-20,6.4661260249231525,6.530829052004874,6.427847219889802,6.477980136871338,369780000
2018-06-21,6.509837602880213,6.528112416897732,6.34190545363493,6.3495612144470215,359516000
2018-06-22,6.370305381508679,6.383641374257668,6.182122898633195,6.197433948516846,434160000
2018-06-25,6.091242156538294,6.094946389709086,5.8168707737489385,5.905282020568848,665816000
2018-06-26,6.018388947483066,6.066545860395572,5.924791119543864,5.976158618927002,478884000
2018-06-27,6.019622666902509,6.085807559707858,5.815881403608061,5.821314811706543,453892000
2018-06-28,5.8114372247181025,5.960106789022831,5.803781464255762,5.9482526779174805,338012000
2018-06-29,6.013201264125445,6.025795841393051,5.849220226089044,5.850455284118652,392300000
2018-07-02,5.781061068269142,5.98603693927105,5.760563434065278,5.982332706451416,357572000
2018-07-03,6.016905854307813,6.022832908507527,5.8405770516988,5.848973751068115,222732000
2018-07-05,5.904046169080395,5.999372222900518,5.865273724519082,5.994433403015137,306216000
2018-07-06,5.969984577675324,6.116431311579673,5.948746002347929,6.108034610748291,296352000
2018-07-09,6.182122327117943,6.191753614859191,6.076917689609045,6.155450344085693,303880000
2018-07-10,6.167797194250448,6.276211922771398,6.127542876488733,6.254232883453369,360016000
2018-07-11,6.161624236849754,6.196198329275567,6.102353691210243,6.112973213195801,367508000
2018-07-12,6.158168123967627,6.25225913402457,6.1482895406026,6.204349040985107,345508000
2018-07-13,6.222871092331809,6.222871092331809,6.115196795614873,6.157179832458496,246988000
2018-07-16,6.129520416259766,6.1823697993195825,6.11717265847861,6.129520416259766,197036000
2018-07-17,6.080374488036394,6.280164220203169,6.054937565831061,6.26509952545166,362136000
2018-07-18,6.257690984134403,6.271520620570247,6.165081407827234,6.215954780578613,277640000
2018-07-19,6.19718512175417,6.257690245051516,6.182120900002899,6.2241034507751465,235752000
2018-07-20,6.22163425007921,6.260406686202889,6.185084164661148,6.195950508117676,222352000
2018-07-23,6.16952729890954,6.1712560036652295,6.008015873799267,6.159401893615723,301584000
2018-07-24,6.207311289424235,6.2937469886252,6.124579822562692,6.142114162445068,354620000
2018-07-25,6.15150115164814,6.232750770519087,6.093712465620676,6.220155715942383,319112000
2018-07-26,6.2001503662000355,6.330297340985421,6.183356965047485,6.2935004234313965,325124000
2018-07-27,6.330050762963551,6.336965582285599,6.170021212442217,6.22385835647583,295420000
2018-07-30,6.237934329160639,6.243861383529538,5.99418557247012,6.0290069580078125,340340000
2018-07-31,6.01863452769942,6.121616328452347,5.9798620879141415,6.047034740447998,283988000
2018-08-01,6.078399101225965,6.13347082570906,6.02308008248585,6.086795330047607,283556000
2018-08-02,6.015671029991152,6.19323442656727,5.956895074195045,6.18928337097168,269668000
2018-08-03,6.2137339108133105,6.249543071284841,6.196940977452303,6.225834846496582,214288000
2018-08-06,6.213237842492863,6.2769530829809215,6.166809646242912,6.273495674133301,207508000
2018-08-07,6.322148260940575,6.364131294951758,6.295476747349991,6.345609188079834,258132000
2018-08-08,6.346844012338107,6.426858550158742,6.312022622276411,6.381911754608154,262100000
2018-08-09,6.399692432306545,6.402408900905554,6.325851778497302,6.333507537841797,204280000
2018-08-10,6.251764741346821,6.324617636340362,6.240651571905884,6.292265892028809,256396000
2018-08-13,6.300909996861529,6.445628036180224,6.299181291923259,6.3251118659973145,375208000
2018-08-14,6.43031627974937,6.470323786169073,6.347337974711382,6.456246852874756,466220000
2018-08-15,6.47698902750204,6.510822643300288,6.31967646830846,6.398209571838379,591136000
2018-08-16,6.467853330537111,6.470322975911704,6.2976983912102,6.3577094078063965,801260000
2018-08-17,6.24657837589318,6.247319316631019,6.01912888188141,6.046047687530518,1143188000
2018-08-20,6.005546564285344,6.252999104098668,5.895402637841754,6.12062931060791,854388000
2018-08-21,6.136928107986746,6.260407544883716,6.117171416924697,6.255962371826172,673988000
2018-08-22,6.22336509341703,6.495513651438657,6.219907683542983,6.490574359893799,749856000
2018-08-23,6.452047705061095,6.655048033237471,6.438218067769765,6.589850902557373,720684000
2018-08-24,6.598247692614494,6.737285479177759,6.593802519286906,6.722714900970459,531512000
2018-08-27,6.7523487510189675,6.887682285885057,6.72098524788464,6.813594818115234,505776000
2018-08-28,6.80766947918854,6.830389936878084,6.656283448787694,6.776058673858643,475384000
2018-08-29,6.768398346735638,6.906276927029086,6.747642542911635,6.881320476531982,420108000
2018-08-30,6.850186574674709,6.961132100361953,6.827701119628795,6.864518165588379,346608000
2018-08-31,6.844503274538157,6.948282762564248,6.834619289347884,6.935433864593506,306592000
2018-09-04,6.922336831894837,7.047613456523804,6.8939210843091026,7.0100555419921875,391720000
2018-09-05,6.992511674357577,7.027846022671807,6.798789918528447,6.879589557647705,393156000
2018-09-06,6.863282904561591,6.865753901185525,6.705884237101798,6.738747596740723,322796000
2018-09-07,6.646828170491714,6.842773992926049,6.602104219073162,6.7174973487854,295420000
2018-09-10,6.739981890261761,6.818063575972018,6.696246249083393,6.788412094116211,220140000
2018-09-11,6.742206307570554,6.829677600964378,6.721450503299689,6.740724086761475,243112000
2018-09-12,6.700941459984335,6.720462001123825,6.471885331108481,6.627060413360596,419092000
2018-09-13,6.692786948304712,6.795083735934499,6.675490446929424,6.704647541046143,305536000
2018-09-14,6.794837751538681,6.896393207765107,6.758020705637157,6.830419063568115,386936000
2018-09-17,6.804966976259421,6.853891562497653,6.749370748421825,6.768643856048584,205528000
2018-09-18,6.7725982694109215,6.875142015038867,6.690068979431646,6.69674015045166,299520000
2018-09-19,6.678208893027634,6.738252735820211,6.628295993584999,6.720461845397949,224860000
2018-09-20,6.5986460418229385,6.640899004004836,6.525753284236876,6.579619884490967,430584000
2018-09-21,6.59147966883762,6.636944968454805,6.476580921521153,6.50969123840332,435128000
2018-09-24,6.478805065198467,6.568747368078857,6.391828146956197,6.565288066864014,293912000
2018-09-25,6.63126152780852,6.657206284213501,6.54576683950899,6.63224983215332,280388000
2018-09-26,6.637192277821345,6.677468628208718,6.579619421984382,6.595433235168457,268548000
2018-09-27,6.630517537150691,6.651767721618658,6.575910091349059,6.607290744781494,214428000
2018-09-28,6.738994228619711,6.966073277335361,6.711072394239323,6.9438347816467285,709396000
2018-10-01,7.021423361169476,7.216627380730317,6.982876662321223,7.149912357330322,622060000
2018-10-02,7.122483870144587,7.2339228320485205,7.056509731173536,7.0787482261657715,383964000
2018-10-03,7.148922712280652,7.156335701221132,6.981146162855355,7.084925651550293,320552000
2018-10-04,7.048848389594733,7.073063488281645,6.824239917387432,6.901086330413818,391220000
2018-10-05,6.876379741173065,6.938400205738417,6.610753475681124,6.668079376220703,426636000
2018-10-08,6.585054928878049,6.7002006335047914,6.426420533715067,6.567017078399658,408612000
2018-10-09,6.54650862992388,6.640898535027553,6.4936308091801305,6.561334609985352,273500000
2018-10-10,6.455579959983164,6.501292705259809,6.068630624785013,6.070854663848877,684940000
2018-10-11,5.9838745927855195,6.1170586080207165,5.788423638256717,5.809920787811279,725436000
2018-10-12,6.066404206318019,6.165983046094796,5.921607030514667,6.091854572296143,608236000
2018-10-15,6.078514085088106,6.078514085088106,5.81511181592253,5.816100120544434,449760000
2018-10-16,5.928526238278297,6.085430981888948,5.879354680244968,6.07431173324585,408712000
2018-10-17,6.136330663982225,6.174383435201505,5.956940509444776,6.005865097045898,329668000
2018-10-18,6.075052865651475,6.113352131957192,5.858351239511551,5.918642044067383,524020000
2018-10-19,5.97374399453984,5.993264063850521,5.626329837113125,5.662652492523193,613608000
2018-10-22,5.714789595901414,5.814615397268397,5.61076314788748,5.713306903839111,368844000
2018-10-23,5.446694347112891,5.539602052023681,5.3547754181295355,5.46226167678833,626436000
2018-10-24,5.423960399044169,5.470414002768898,4.913464203307828,4.927301406860352,884288000
2018-10-25,4.8299468279243145,5.182796949473837,4.785716789033116,5.135601997375488,951720000
2018-10-26,4.900121125260857,5.061473482559013,4.771879557371458,4.899627208709717,664784000
2018-10-29,5.040470462799425,5.043929763659891,4.349101379465867,4.586558818817139,758016000
2018-10-30,4.6095390756333305,5.025892364016905,4.586559230158848,5.016008377075195,807192000
2018-10-31,5.180325571282585,5.252971359393127,5.040964292333446,5.209482669830322,745772000
2018-11-01,5.245803789358991,5.398755268383422,5.119538875876888,5.3893656730651855,566528000
2018-11-02,5.379976973905602,5.485486106246861,5.1941621159627385,5.310543537139893,452960000
2018-11-05,5.297447335171757,5.320674605344344,5.072344905509968,5.232708930969238,379332000
2018-11-06,5.224801692967457,5.308813673785275,5.178100668658767,5.215165138244629,299012000
2018-11-07,5.281634986514557,5.3720712108376105,5.218131827199866,5.282623291015625,483812000
2018-11-08,5.223566999308539,5.224308345403176,5.036516849202942,5.0898895263671875,511352000
2018-11-09,5.001182950337626,5.172171874113618,4.967578242512255,5.081982612609863,413240000
2018-11-12,4.990806030839987,5.012797576578161,4.661676547548535,4.6834211349487305,617116000
2018-11-13,4.781022482432553,5.045906928294173,4.774844754820169,4.924830913543701,644712000
2018-11-14,5.097547999153058,5.111879587806843,4.7647128884577805,4.872445583343506,526580000
2018-11-15,4.866515335628465,5.072839031740589,4.830686599283498,5.000934600830078,840708000
2018-11-16,4.035539848212435,4.216906680104168,3.9932864149906986,4.062967300415039,1963520000
2018-11-19,3.9977336989811865,3.9984745737201535,3.573720293229498,3.5754499435424805,1697820000
2018-11-20,3.3125418454000717,3.811671549744272,3.294009844501757,3.6836769580841064,1692032000
2018-11-21,3.8205671248087554,3.837369476002701,3.548516691992622,3.5756969451904297,1025496000
2018-11-23,3.5411042864079247,3.696279150859607,3.5282553867654127,3.5828630924224854,411968000
2018-11-26,3.7036921041454702,3.7921517085392544,3.6214097555911566,3.781773805618286,814832000
2018-11-27,3.755828771403144,3.8796229659284016,3.7200002637628984,3.7985761165618896,738060000
2018-11-28,3.915945294594356,3.9604222864596554,3.783750052824918,3.955233335494995,804524000
2018-11-29,3.957459192484639,3.9945602780610026,3.861985568722618,3.8921611309051514,549172000
2018-11-30,3.9018069041269503,4.052932375709756,3.8515966290963775,4.042296886444092,729564000
2018-12-03,4.2691085556314725,4.320555563133975,4.1390068615679985,4.205789089202881,890804000
2018-12-04,4.161268247019662,4.166215184297463,3.870889727888633,3.8859777450561523,812112000
2018-12-06,3.745735851396304,3.9201114113636026,3.730153420796152,3.9151647090911865,692308000
2018-12-07,3.9193688271571343,3.929509907561771,3.6017828445214954,3.65100359916687,681676000
2018-12-10,3.6062347843390494,3.780857757874147,3.602524581310887,3.7561235427856445,629472000
2018-12-11,3.847639836085052,3.8558020941995017,3.5864475764226538,3.6653494834899902,671912000
2018-12-12,3.671038932677915,3.778879688485228,3.5819961652117036,3.6829113960266113,654136000
2018-12-13,3.729658404997222,3.7937197381178542,3.6467990861594393,3.6826634407043457,471384000
2018-12-14,3.641110536485606,3.7247119540748366,3.5988152989778692,3.6223127841949463,471820000
2018-12-17,3.592384297015108,3.664360454269048,3.4934476571239874,3.551325559616089,662868000
2018-12-18,3.5951044880514167,3.7182804478027554,3.567897039578351,3.634431838989258,564372000
2018-12-19,3.600793793572243,3.6542196409171077,3.3744765609977785,3.4259235858917236,745364000
2018-12-20,3.4175132200268785,3.507298048652878,3.281970168780476,3.3415794372558594,749588000
2018-12-21,3.368045296197937,3.4009417708842498,3.177345238453483,3.2048001289367676,863740000
2018-12-24,3.1286196570603906,3.214941751630458,3.0793986573482632,3.1432127952575684,463840000
2018-12-26,3.1892178314133335,3.293101166837844,3.078408971744919,3.292111873626709,695100000
2018-12-27,3.239922934896258,3.274303352560834,3.0962175916360213,3.244374990463257,637044000
2018-12-28,3.264903560002922,3.3982205837293376,3.2231029813274588,3.3057148456573486,628728000
2018-12-31,3.348999775898672,3.381401364929753,3.27133460847185,3.3020050525665283,465140000
2019-01-02,3.2312652465181846,3.4251805962181145,3.2166721129482947,3.369281530380249,508752000
2019-01-03,3.309177863997585,3.3430636293693605,3.1582998159622626,3.165719985961914,705552000
2019-01-04,3.2386860009683236,3.4066306700153226,3.208015788753287,3.3685402870178223,585620000
2019-01-07,3.425676183098107,3.5837272164281666,3.374476366534186,3.5468733310699463,709160000
2019-01-08,3.6282484402620594,3.6304747038239435,3.3861013522102255,3.4585723876953125,786016000
2019-01-09,3.509770952176709,3.573832505016219,3.4593134744854526,3.526590347290039,617260000
2019-01-10,3.5072984808573757,3.600793287782794,3.446947117236109,3.5921363830566406,523156000
2019-01-11,3.569875552926927,3.703934678034914,3.5421734584487603,3.6811792850494385,874764000
2019-01-14,3.628990048105779,3.746229770556117,3.605492568196538,3.721000909805298,730168000
2019-01-15,3.753650026175904,3.792977375770266,3.6885994045834214,3.7069027423858643,617012000
2019-01-16,3.7341102764253997,3.7670065139285382,3.6759851770109733,3.681426525115967,470104000
2019-01-17,3.6485304526702196,3.792482988633846,3.6213227673825545,3.7526609897613525,493436000
2019-01-18,3.8023764058608873,3.9074964658686007,3.7509293895857754,3.8815255165100098,651336000
2019-01-22,3.8513502383184717,3.8629752589078197,3.6495198025286726,3.6796953678131104,661552000
2019-01-23,3.7348525645319417,3.823400673370535,3.6613922382278936,3.6925570964813232,591020000
2019-01-24,3.7769005278220016,3.9215949145072884,3.772201031450973,3.904033899307251,708972000
2019-01-25,3.8446713738435534,3.979224899976783,3.742272230696433,3.9611690044403076,1154572000
2019-01-28,3.3774443033526267,3.5033409413140952,3.240170086234414,3.4135560989379883,2511528000
2019-01-29,3.3675506009052305,3.4157822984496677,3.240417230914424,3.2550103664398193,1153932000
2019-01-30,3.3309441284015135,3.412566710091489,3.2515475742334536,3.398221015930176,974228000
2019-01-31,3.3950055764390172,3.591147220486164,3.373239475276869,3.555530071258545,842852000
2019-02-01,3.5740803453368715,3.6307215036138554,3.5265909738818233,3.5797691345214844,625048000
2019-02-04,3.5955993656813554,3.72693759200291,3.573586058614457,3.6898365020751953,528592000
2019-02-05,3.7017091272073746,3.7454885407002947,3.6680707957567584,3.7088820934295654,542424000
2019-02-06,3.742025598227512,3.8486298495881885,3.736584249388209,3.7843210697174072,702464000
2019-02-07,3.738068282657456,3.7402943105003184,3.6035147240832255,3.6463046073913574,637120000
2019-02-08,3.579275006850071,3.675490733915483,3.5649293111998634,3.6648552417755127,461604000
2019-02-11,3.620828608348077,3.6749963090987583,3.5740810791827355,3.6223127841949463,495180000
2019-02-12,3.660650038347677,3.7546397285891064,3.646304108199021,3.7390570640563965,591060000
2019-02-13,3.7684907654912227,3.8543181972586034,3.754886923188531,3.7813525199890137,605372000
2019-02-14,3.7803632359891957,3.850360798091592,3.7373256814451947,3.8221638202667236,827264000
2019-02-15,4.030425284481418,4.053180443209422,3.868911494579695,3.891666889190674,1516748000
2019-02-19,3.8810310120576945,3.954738777372475,3.861985821478209,3.8743526935577393,551892000
2019-02-20,3.9035391980829384,3.9886245474128765,3.8924090597221137,3.9215950965881348,540988000
2019-02-21,3.934209605693475,3.9586961457160683,3.8382410884779223,3.8528342247009277,448548000
2019-02-22,3.904528185631433,3.956222405060103,3.8909243443573844,3.937424421310425,401740000
2019-02-25,4.020778959960253,4.088055612606229,3.9164007472769002,3.925057888031006,656020000
2019-02-26,3.920358360077931,3.9762574332662384,3.852339384284789,3.885730504989624,488464000
2019-02-27,3.8713853768968467,3.8978507417480444,3.7870418723199095,3.84393048286438,500256000
2019-02-28,3.8377401565705016,3.8600238468726964,3.797134499315095,3.819417953491211,324944000
2019-03-01,3.86918389701955,3.9157318919439823,3.8109989033640095,3.873640775680542,357188000
2019-03-04,3.912018758171207,3.9347976031872425,3.8253600213897,3.88181209564209,409992000
2019-03-05,3.866213574596318,3.9135044323983146,3.811990055268509,3.8753747940063477,362924000
2019-03-06,3.866460804939046,3.8748789345805448,3.7619752660135357,3.7646987438201904,403524000
2019-03-07,3.7411779968734797,3.7508343739462235,3.6495674434551257,3.69562029838562,450104000
2019-03-08,3.606485389159032,3.740434992228738,3.585192011452044,3.729788303375244,422416000
2019-03-11,3.7533099226479782,4.012542823829635,3.7062665245924724,3.9897642135620117,859728000
2019-03-12,4.017495191948236,4.070233010803532,3.9414831322687927,4.023932933807373,579576000
2019-03-13,4.061319788358291,4.204182689776566,4.0538917335363385,4.174966335296631,768900000
2019-03-14,4.184126771489781,4.196011468076578,4.091525688857443,4.099201202392578,519384000
2019-03-15,4.142283608263641,4.247016866170139,4.138817277165164,4.20443058013916,661484000
2019-03-18,4.235874755889158,4.289603356815503,4.156148673346275,4.183136940002441,486992000
2019-03-19,4.277470670939343,4.394831471395088,4.260634409266724,4.35051155090332,854972000
2019-03-20,4.3794792829241125,4.4327124765415435,4.2834118854468475,4.318075656890869,719148000
2019-03-21,4.341102869772194,4.58052807605089,4.336150834187309,4.5542826652526855,824312000
2019-03-22,4.527047117219821,4.575575740463969,4.380965382808452,4.394830703735352,747644000
2019-03-25,4.354225351924067,4.4183524656052064,4.236617103821778,4.302725315093994,525212000
2019-03-26,4.4441028551164905,4.500059539757855,4.32302826643485,4.379232883453369,703508000
2019-03-27,4.404736150204706,4.4510362303693345,4.30074573851642,4.370072364807129,474372000
2019-03-28,4.396068938841398,4.454254178638991,4.335655613518798,4.388641357421875,480264000
2019-03-29,4.455245224668751,4.47010133445733,4.404983422748778,4.445836544036865,456896000
2019-04-01,4.537446476833416,4.543388825178386,4.465891308838393,4.513182163238525,483824000
2019-04-02,4.53719852359258,4.575328155097509,4.494364317043656,4.531008243560791,440920000
2019-04-03,4.580529169936253,4.72908696719544,4.575577133168762,4.670158863067627,783504000
2019-04-04,4.654807604136904,4.703584172174699,4.59860345356439,4.661245346069336,457376000
2019-04-05,4.704326590039095,4.745180179212573,4.667930116677095,4.727848052978516,481744000
2019-04-08,4.697394152141691,4.773653905545803,4.673377295551012,4.7486467361450195,424192000
2019-04-09,4.715220510599144,4.726362354526328,4.64391280391559,4.686004161834717,439972000
2019-04-10,4.685261650699868,4.782071450392167,4.680805007254649,4.756321430206299,444772000
2019-04-11,4.7587982565709135,4.790243170654756,4.693185422101398,4.742456912994385,374600000
2019-04-12,4.781082288149783,4.785044012305606,4.695909232943718,4.704575061798096,471708000
2019-04-15,4.696898147959655,4.701850183617474,4.533484749268529,4.5731000900268555,440092000
2019-04-16,4.612221218072452,4.678824360554035,4.579538533320794,4.660006999969482,394964000
2019-04-17,4.6949183449089205,4.7157163316119775,4.6149447968110735,4.637228488922119,351004000
2019-04-18,4.643913169936649,4.67783362459838,4.5849850753044725,4.612715721130371,380988000
2019-04-22,4.5891937719440214,4.682042311390829,4.557749338601909,4.666443824768066,279936000
2019-04-23,4.679566336092608,4.752112286478688,4.669910197465085,4.720914840698242,346856000
2019-04-24,4.731314342912897,4.773901097116765,4.670653554500126,4.733295440673828,318204000
2019-04-25,4.693184421651426,4.715468110164845,4.548340918566325,4.627819061279297,499296000
2019-04-26,4.474310019505192,4.478767135766609,4.290841456651692,4.409440040588379,868988000
2019-04-29,4.417363543951109,4.467873284017073,4.3453129617213495,4.440142631530762,391920000
2019-04-30,4.407955740069284,4.506994141709224,4.388890912688294,4.481492042541504,362920000
2019-05-01,4.533732939797751,4.575824300781846,4.468119644225633,4.468367576599121,354280000
2019-05-02,4.478023351332537,4.577309160901699,4.434941681120272,4.535713195800781,394684000
2019-05-03,4.544132641497214,4.554036242671163,4.469853507557636,4.531257629394531,336824000
2019-05-06,4.345309769823725,4.465146525330245,4.308170462917488,4.453014373779297,422176000
2019-05-07,4.404735681096283,4.404735681096283,4.23810339107594,4.286137104034424,555220000
2019-05-08,4.258655019010135,4.386166916581625,4.246770317763194,4.3061933517456055,419168000
2019-05-09,4.237362431329472,4.2470185758120085,4.095242326829112,4.213840484619141,660248000
2019-05-10,4.1831366828979535,4.248502045374708,4.060576392127971,4.179917812347412,569500000
2019-05-13,4.048197604882031,4.0712241514432606,3.9073153191471652,3.923161506652832,656912000
2019-05-14,3.96277581335092,4.047206466862857,3.9241510195799183,4.01204776763916,524880000
2019-05-15,3.9565854517668084,3.9875349633837307,3.897410142342941,3.951138496398926,502320000
2019-05-16,3.9456915503457264,4.0088285863067945,3.903352732938615,3.9662418365478516,781088000
2019-05-17,3.924398594361472,4.053396150144705,3.836254388911451,3.875622034072876,1022068000
2019-05-20,3.7770789611764095,3.8320453318194754,3.7325115825736925,3.7572712898254395,572064000
2019-05-21,3.8179326268462255,3.8550719546521734,3.779307593697431,3.8392257690429688,361848000
2019-05-22,3.800601553083385,3.8265990392970126,3.7575196334454657,3.76841402053833,325868000
2019-05-23,3.706266993246436,3.706266993246436,3.5879161027604103,3.6475868225097656,591844000
2019-05-24,3.666403490211776,3.701562190682717,3.5871728021513483,3.593858003616333,357584000
2019-05-28,3.6114368630177487,3.644119541013347,3.5468141234347845,3.548794984817505,428356000
2019-05-29,3.5012569849778905,3.536167989916481,3.440100802270634,3.474764347076416,559800000
2019-05-30,3.4779868948997428,3.5136814493654405,3.4100680734583735,3.4482414722442627,394300000
2019-05-31,3.399409121089743,3.4665842397642948,3.356030292484083,3.3577654361724854,389720000
2019-06-03,3.3689200673298636,3.407589187225042,3.2868723543429175,3.316122055053711,478644000
2019-06-04,3.3800744407478627,3.549871482743815,3.358013295155731,3.544666051864624,641836000
2019-06-05,3.618285450031253,3.6237388590230597,3.4658401047548018,3.502030372619629,511616000
2019-06-06,3.5062451435420043,3.5885408363110862,3.5037662992283582,3.5640008449554443,408140000
2019-06-07,3.5699502850747518,3.6408434419612337,3.5508634658859393,3.6066362857818604,348856000
2019-06-10,3.662656097347531,3.747678603331018,3.662656097347531,3.6792640686035156,402780000
2019-06-11,3.739002687057581,3.7766803600690517,3.69735924180774,3.736771821975708,383872000
2019-06-12,3.693394151732764,3.699591263782054,3.6088675763830715,3.623988151550293,358892000
2019-06-13,3.6460480657400254,3.693392898309219,3.628448651725786,3.6750500202178955,308080000
2019-06-14,3.5820960184268884,3.6063880310336267,3.5407003108403656,3.5853183269500732,394428000
2019-06-17,3.583583419045214,3.6319199412390986,3.56077856970314,3.5949859619140625,276040000
2019-06-18,3.6562119985303134,3.8448476703475913,3.6453054135497083,3.7895708084106445,581920000
2019-06-19,3.824769291230797,3.836171596785893,3.7694921980006133,3.7955195903778076,331644000
2019-06-20,3.8859947743227137,3.8998759223738366,3.805434236160283,3.8198111057281494,350168000
2019-06-21,3.804939246760864,3.854019232295706,3.7553633032182763,3.761808156967163,434428000
2019-06-24,3.7831253019121576,3.8136144224712325,3.7360282095377864,3.784116744995117,282948000
2019-06-25,3.789074704454762,3.863934099675752,3.7521407284212343,3.7548673152923584,311868000
2019-06-26,3.882028763883153,4.008694948974044,3.8691390588718604,3.947716474533081,584072000
2019-06-27,4.033235703770046,4.065211995295478,3.997293166334973,4.046125411987305,445440000
2019-06-28,4.089998460579333,4.099170134918949,4.024310757808632,4.070911884307861,397668000
2019-07-01,4.277644134618608,4.31185152757884,4.081571927225259,4.119001865386963,709756000
2019-07-02,4.102392817475487,4.123462755505762,4.008199107527468,4.021336555480957,400228000
2019-07-03,4.04463680121385,4.050338189355726,3.9744873640486977,4.034225940704346,246636000
2019-07-05,3.9759749757305314,3.9804367057867256,3.908551648600757,3.9717609882354736,396552000
2019-07-08,3.9122703968576604,3.931109235231609,3.866908681042539,3.896901845932007,329788000
2019-07-09,3.8547619609457935,3.9273904821647414,3.842120234864202,3.8993802070617676,342860000
2019-07-10,3.942759210102369,4.0248069166687825,3.9288780613992538,3.9675471782684326,452076000
2019-07-11,4.040422992097374,4.162379467430619,4.003241278239525,4.121727466583252,682560000
2019-07-12,4.149489127502253,4.225588159858404,4.149489127502253,4.154694557189941,506392000
2019-07-15,4.175765327689639,4.191877105022038,4.118009631723078,4.146267414093018,289840000
2019-07-16,4.131394099532422,4.168575808642415,4.086032159111046,4.141557216644287,341444000
2019-07-17,4.143292365625822,4.213690012341834,4.114042672468542,4.206749439239502,348204000
2019-07-18,4.21716224603596,4.281114834233011,4.160645719429872,4.2184014320373535,442192000
2019-07-19,4.256573114369994,4.2630177296338445,4.1693195198469475,4.175268650054932,344896000
2019-07-22,4.196586434552319,4.259547552006564,4.189149903404396,4.246657848358154,315940000
2019-07-23,4.285824669049029,4.3562218736358655,4.270207899975725,4.354238986968994,428176000
2019-07-24,4.397368680660208,4.434302653600209,4.321517848638418,4.428601264953613,366236000
2019-07-25,4.38720513851172,4.399847100226015,4.274420344431656,4.297720909118652,392700000
2019-07-26,4.324740369252087,4.386214094427422,4.324740369252087,4.33961296081543,274160000
2019-07-29,4.332424542065347,4.349528234716801,4.245419150640539,4.333415985107422,248160000
2019-07-30,4.287063188651109,4.361178885207142,4.272686080572796,4.349032878875732,197772000
2019-07-31,4.317550656604295,4.3185425722487985,4.1400696204793555,4.182209014892578,359416000
2019-08-01,4.192621578676747,4.282849534099801,4.035962197152709,4.088016986846924,421212000
2019-08-02,3.9955573081970215,4.064715783488476,3.948212708718133,3.9955573081970215,428348000
2019-08-05,3.8123755415864156,3.813614963813844,3.6909150000458584,3.7377641201019287,589156000
2019-08-06,3.8123752856044586,3.8577370013835552,3.7288401715288244,3.776432752609253,361272000
2019-08-07,3.715702523732139,3.8265044533167827,3.698351086327852,3.814606189727783,372560000
2019-08-08,3.87211392501999,3.9241684706234805,3.81485394849571,3.922929048538208,309300000
2019-08-09,3.8820290519299565,3.885499339198525,3.7714751080978575,3.8217945098876953,341816000
2019-08-12,3.769739980519211,3.821794526165038,3.7323102845376672,3.7541236877441406,279200000
2019-08-13,3.752636217495231,3.914005282382582,3.7137193575650134,3.868147611618042,351956000
2019-08-14,3.7801504021357424,3.791304963217624,3.6762893019151686,3.7199158668518066,419880000
2019-08-15,3.7387550279949506,3.7585853080031844,3.6534847766804277,3.6876919269561768,477200000
2019-08-16,3.949948272255342,4.004233452012975,3.8887220444608346,3.955153703689575,1007960000
2019-08-19,4.068186165550668,4.249137537708656,4.052073914585831,4.233273029327393,815112000
2019-08-20,4.227820082206071,4.228316040190973,4.14007097821964,4.1611409187316895,463188000
2019-08-21,4.227076718818944,4.299457277333034,4.205511291392931,4.2444281578063965,427244000
2019-08-22,4.2540949437817,4.296482089527698,4.2114595826774135,4.250624656677246,303488000
2019-08-23,4.1742780845028475,4.228563495368226,4.006711906139541,4.0265421867370605,568056000
2019-08-26,4.105118663910399,4.1291629240215375,4.062979273092291,4.101152420043945,318208000
2019-08-27,4.139326648585582,4.1420532351101444,3.9814281175999007,4.010677814483643,290968000
2019-08-28,3.9843777508732217,4.052859785496101,3.945173900337365,4.00025749206543,255612000
2019-08-29,4.091566632451565,4.1759288700905,4.0880929099579335,4.143672943115234,357976000
2019-08-30,4.189823581943815,4.239448592536736,4.138213722370114,4.156326770782471,290616000
2019-09-03,4.08362564957571,4.116626004268023,4.050625294883397,4.073452472686768,296140000
2019-09-04,4.133997330695947,4.194787970998351,4.133997330695947,4.187344074249268,227728000
2019-09-05,4.289321741960317,4.465986085467713,4.287584880726188,4.45978307723999,695676000
2019-09-06,4.4364590608238235,4.493279507064552,4.394774390362867,4.432737350463867,376976000
2019-09-09,4.4637522898818425,4.564987152602954,4.462263416626171,4.478639602661133,417524000
2019-09-10,4.445887387995308,4.571686297593129,4.436210658009127,4.545137405395508,352812000
2019-09-11,4.559777403712635,4.621808437111051,4.530746736211372,4.573672294616699,361512000
2019-09-12,4.620071283804986,4.6746584193729,4.564243262622348,4.572183132171631,327840000
2019-09-13,4.505685658905281,4.542656191686492,4.47069997506587,4.514369964599609,324592000
2019-09-16,4.439436194793438,4.5059333627447185,4.429015028616985,4.471444129943848,231832000
2019-09-17,4.478144694804736,4.497002183008955,4.43174541109952,4.492784023284912,223048000
2019-09-18,4.485836191910457,4.50146794370118,4.379390729822373,4.465737819671631,258152000
2019-09-19,4.471692874494908,4.4900543855638855,4.379638751098391,4.390308380126953,245476000
2019-09-20,4.389315003161526,4.412886619826779,4.274681707434538,4.284854412078857,350244000
2019-09-23,4.285105620217126,4.383610781765601,4.281383434903356,4.3382039070129395,249712000
2019-09-24,4.369466584959769,4.398993231110503,4.245404505643562,4.280886173248291,317268000
2019-09-25,4.2803884946278545,4.441917517803333,4.235726083182854,4.42231559753418,308432000
2019-09-26,4.41264023774946,4.421324545641973,4.349368310807681,4.400233745574951,234564000
2019-09-27,4.358548034890815,4.409165469798091,4.201237158861238,4.26177978515625,362056000
2019-09-30,4.287585073796738,4.329269745292927,4.256321096915382,4.319096565246582,186184000
2019-10-01,4.342172912447982,4.4910475069552,4.312646265369863,4.3173604011535645,366008000
2019-10-02,4.295524372954725,4.30743441273116,4.221335322035488,4.293539524078369,293372000
2019-10-03,4.298006794716774,4.504942251858928,4.267735711769522,4.498739242553711,450588000
2019-10-04,4.500972383555039,4.544394398140428,4.43596406550409,4.515115737915039,265524000
2019-10-07,4.5798753033046955,4.673169841237255,4.571190996489656,4.573672294616699,480984000
2019-10-08,4.482114568803181,4.482114568803181,4.379391277573757,4.3975043296813965,444436000
2019-10-09,4.474171369808944,4.533225091068861,4.445389182089143,4.4838480949401855,292412000
2019-10-10,4.481617970914038,4.59228111758249,4.476407387055457,4.541415691375732,309124000
2019-10-11,4.625281701814051,4.697981884026245,4.60642421652328,4.614860534667969,446404000
2019-10-14,4.606174062879911,4.649099601261177,4.575158560648928,4.6282572746276855,200040000
2019-10-15,4.718328480278698,4.944865829725938,4.704433116791738,4.872413158416748,664124000
2019-10-16,4.838420013873234,4.943128605047771,4.8074045009637905,4.818818092346191,428944000
2019-10-17,4.863233229602868,4.908143638282121,4.766464493366643,4.820804119110107,263436000
2019-10-18,4.821299651818596,4.853804039838178,4.652327188895104,4.726516246795654,307440000
2019-10-21,4.787802639758155,4.876879481697929,4.768945154666601,4.863480567932129,261868000
2019-10-22,4.9203018050100775,5.025258402248578,4.845864750381245,4.8535566329956055,328720000
2019-10-23,4.771675887794921,4.854797253245495,4.739915931328009,4.840654373168945,279916000
2019-10-24,4.881840840107468,4.918066931256039,4.847848058656728,4.884570598602295,232020000
2019-10-25,4.964964701044121,5.095974232582891,4.957272817695496,5.075131893157959,423092000
2019-10-28,5.1188000557823345,5.183312379594485,5.089521403946788,5.130958557128906,330792000
2019-10-29,5.117063932573511,5.123515402514696,5.015581534253515,5.034934997558594,211236000
2019-10-30,5.0617325803737,5.067439613786123,4.968934011699565,5.036920070648193,205960000
2019-10-31,5.016077771145991,5.036920109101198,4.9081438972641935,4.987791538238525,209732000
2019-11-01,4.952557217600477,5.059002677306178,4.927496723078887,5.02674674987793,283640000
2019-11-04,5.107635161973665,5.235419415070301,5.0845599881369195,5.223012924194336,376716000
2019-11-05,5.222763922024642,5.248816837915492,5.153041018598312,5.200929164886475,300868000
2019-11-06,5.1768616032258,5.202418072769225,5.064461125716639,5.151801109313965,269012000
2019-11-07,5.238148828988384,5.252788157298014,5.124755913235387,5.1694183349609375,280340000
2019-11-08,5.152546502888041,5.187035746056105,5.1150795123406825,5.155523777008057,189100000
2019-11-11,5.1547785599665294,5.188523361182357,5.068679459008743,5.165448188781738,243436000
2019-11-12,5.2036584503713526,5.256757179837685,5.168672768132822,5.200929164886475,283504000
2019-11-13,5.1696651242392395,5.197206913033918,5.108874987963954,5.175124168395996,300188000
2019-11-14,5.184057390287869,5.207629485656896,5.124259667709916,5.2053961753845215,518080000
2019-11-15,5.203161872194428,5.254771727110094,4.9783614179687765,5.066445827484131,1053628000
2019-11-18,5.0590027001184295,5.293727907130065,5.05602542646545,5.267179012298584,574588000
2019-11-19,5.236163163136437,5.259734782811542,5.102672367728209,5.160733222961426,414564000
2019-11-20,5.13790695555133,5.323503619081088,5.1252524762450085,5.2398858070373535,472588000
2019-11-21,5.23541851257245,5.290998067686238,5.1934853851809555,5.215072154998779,288388000
2019-11-22,5.237652934895209,5.284052222975251,5.209118712049796,5.232690811157227,224100000
2019-11-25,5.360473574841742,5.493716391664909,5.347571109090329,5.488753795623779,506476000
2019-11-26,5.47113661900779,5.475851227136171,5.3778420868291095,5.384293556213379,385244000
2019-11-27,5.42973391735485,5.46399996004786,5.392736101303444,5.419056415557861,215784000
2019-11-29,5.388266417967206,5.41657304466473,5.357972530434071,5.381810188293457,141556000
2019-12-02,5.374857125280522,5.388265925001773,5.18068101535842,5.195827484130859,372036000
2019-12-03,5.012576367744984,5.160318947443132,4.975330390988374,5.156346321105957,465232000
2019-12-04,5.239778035168698,5.262125719687644,5.171493654075639,5.200048923492432,273424000
2019-12-05,5.221901034014239,5.237544320755254,5.152623012378893,5.183165073394775,184884000
2019-12-06,5.252194759398877,5.301111409899657,5.242262242631657,5.26833438873291,232236000
2019-12-09,5.245490357941851,5.322962283735688,5.236799642574766,5.26833438873291,211880000
2019-12-10,5.298379423689103,5.36492614669927,5.245738318316837,5.3132781982421875,256388000
2019-12-11,5.323706960460603,5.402172038649379,5.321223831413108,5.396708965301514,233796000
2019-12-12,5.367904674619111,5.581945344521159,5.358965790344056,5.56381893157959,404348000
2019-12-13,5.566798685120836,5.685737844111824,5.507949532561871,5.561832427978516,454704000
2019-12-16,5.609258046847057,5.6628922878644286,5.581199125480527,5.590634822845459,320976000
2019-12-17,5.609260297605238,5.691201663596999,5.59982459645416,5.668605804443359,321196000
2019-12-18,5.703368234873497,5.759237451477673,5.694925691278481,5.698898792266846,343548000
2019-12-19,5.733414073944906,5.8600508201841,5.7284478155962795,5.846642017364502,445360000
2019-12-20,5.912938697658913,5.9690560776033506,5.893819128514462,5.943728923797607,603044000
2019-12-23,5.9722845488565195,6.004316104397407,5.919395280275833,5.93007230758667,355060000
2019-12-24,5.914677668064655,5.942239783537777,5.880411151831388,5.925106525421143,138864000
2019-12-26,5.928582504727154,5.96731846159525,5.909711104693334,5.939260005950928,182852000
2019-12-27,5.954407626689118,5.967816430107553,5.855332994169132,5.881653785705566,254644000
2019-12-30,5.859801829264254,5.8650162577180085,5.737386372392708,5.768672943115234,258056000
2019-12-31,5.733412297868139,5.8521032781469255,5.714292730118031,5.842667579650879,231004000
2020-01-02,5.928334143962491,5.957137584686279,5.877928004293768,5.957137584686279,237536000
2020-01-03,5.8377029185507645,5.90549096907539,5.812872101320706,5.861788749694824,205384000
2020-01-06,5.768672347337643,5.891584133115414,5.742600207761552,5.886369705200195,262636000
2020-01-07,5.914676274753172,6.003322015009585,5.869732740939853,5.9576334953308105,314856000
2020-01-08,5.953413060374501,6.010027258014917,5.913435777645766,5.968808174133301,277108000
2020-01-09,6.054970904760999,6.106618845916107,5.980727107752627,6.034361362457275,255112000
2020-01-10,6.141381945898443,6.171675359974287,6.052488017299634,6.066641330718994,316296000
2020-01-13,6.149576949548927,6.281924462411108,6.1269806168674785,6.256845474243164,319840000
2020-01-14,6.214134240232445,6.239461863985785,6.1269784759703505,6.140139102935791,359088000
2020-01-15,6.152802880546791,6.175150562579818,6.071854694268641,6.0976786613464355,263104000
2020-01-16,6.151065142101568,6.187069795920927,6.127724301895055,6.181110382080078,284192000
2020-01-17,6.200230549789076,6.207679936211552,6.142375022038857,6.1898016929626465,253792000
2020-01-21,6.153299405091713,6.190049040692616,6.1225091826587485,6.156527519226074,217916000
2020-01-22,6.201720834154756,6.296822351590504,6.182849433154044,6.210411548614502,239240000
2020-01-23,6.250388482356197,6.287137649039151,6.161742732978473,6.278695106506348,244516000
2020-01-24,6.393909359136046,6.443570980494994,6.165466753379862,6.219597816467285,373512000
2020-01-27,5.91566983614164,6.015241253223924,5.766437269511233,5.964338302612305,470536000
2020-01-28,6.030138826194003,6.189552058514575,5.977000924217719,6.1572723388671875,310976000
2020-01-29,6.142870050423852,6.178874697246968,6.057203789113109,6.096933364868164,258848000
2020-01-30,5.999350082914366,6.117047926796072,5.944474498630881,6.103639125823975,290504000
2020-01-31,6.057952095799293,6.069870927698751,5.82901305469723,5.870728492736816,370420000
2020-02-03,5.852601361983941,5.98693566495872,5.846393775927354,5.9675679206848145,255564000
2020-02-04,6.109103436607039,6.155536960600173,6.0591936262661195,6.136416912078857,271544000
2020-02-05,6.257092639009255,6.2672733245790635,6.143367902231967,6.226551055908203,208220000
2020-02-06,6.260817558047638,6.3132100105285645,6.179869362419789,6.3132100105285645,218284000
2020-02-07,6.273232096107117,6.295331607709039,6.2218323319492725,6.247159957885742,189752000
2020-02-10,6.269756755214002,6.530479123908256,6.264790497583461,6.5297346115112305,529608000
2020-02-11,6.637746028928381,6.766369030137163,6.575917419556577,6.651899337768555,638556000
2020-02-12,6.704542242184371,6.773820254487021,6.66580628678317,6.767364025115967,374644000
2020-02-13,6.709509062531158,6.790705436408653,6.6821951180236105,6.723662376403809,528016000
2020-02-14,7.132873132572073,7.324317975721568,7.101586559371794,7.195694923400879,1041924000
2020-02-18,7.0926467000611995,7.382421632395123,7.073278958095728,7.364046573638916,620164000
2020-02-19,7.486213974968702,7.831857654033963,7.486213974968702,7.81422758102417,694332000
2020-02-20,7.766304555761992,7.85445349985836,7.358584075955059,7.665243625640869,810052000
2020-02-21,7.553256172115003,7.578335155313168,7.217296402519011,7.301969051361084,768180000
2020-02-24,6.709012959273748,6.999036101511777,6.654633708905705,6.785739898681641,856916000
2020-02-25,6.8607273723321756,6.9225559983296225,6.405332082047458,6.506889820098877,1055496000
2020-02-26,6.507138012452967,6.839621511425255,6.505648514112078,6.645941734313965,747732000
2020-02-27,6.333136140736128,6.633767803366144,6.183814297198913,6.275991439819336,906416000
2020-02-28,6.024057286664083,6.769424425321909,6.007410894172658,6.710043430328369,1133252000
2020-03-02,6.879738703863825,6.896882208415457,6.484694089276187,6.868061065673828,890744000
2020-03-03,6.923715128015333,6.983344439079889,6.520968366746117,6.606188774108887,652792000
2020-03-04,6.7132732703781945,7.078254667313152,6.6387362744594425,7.068813323974609,597408000
2020-03-05,6.869800285651486,7.03626563028122,6.745572430670839,6.790046215057373,540328000
2020-03-06,6.610909007237286,6.668302495799002,6.410156667714396,6.609915256500244,515412000
2020-03-09,5.960453109775377,6.444941989409287,5.917718976759138,6.098097801208496,614160000
2020-03-10,6.373882454356786,6.4866814613342285,6.111762085086141,6.4866814613342285,580648000
2020-03-11,6.347049469826052,6.375373500467724,6.02679016858534,6.123687744140625,499964000
2020-03-12,5.60168251557704,5.866536307886631,5.361674389912644,5.374345779418945,816540000
2020-03-13,5.726905159414291,5.988280634003202,5.456337132448399,5.983808517456055,634836000
2020-03-16,5.277446673977681,5.61758282996687,4.820039885736427,4.879669189453125,726972000
2020-03-17,4.991723701502606,5.487393064419589,4.745504279805291,5.398197174072266,833632000
2020-03-18,4.971598580707773,5.2160788021116335,4.489097754797849,5.039178371429443,874268000
2020-03-19,5.017811622661303,5.38478102513556,4.8048854524860145,5.2913618087768555,765512000
2020-03-20,5.441179660332024,5.7224315012787486,5.096571825269619,5.111976146697998,804636000
2020-03-23,5.110982203414798,5.37856939384944,4.932342581859462,5.284404277801514,643876000
2020-03-24,5.689635534109391,6.277482011070205,5.666032412800152,6.191019058227539,1101644000
2020-03-25,6.305805593471,6.505067080541429,6.053871523402629,6.102569103240967,793432000
2020-03-26,6.309283618914253,6.515005185894308,6.211392299943983,6.391274452209473,696108000
2020-03-27,6.211393417266331,6.537367412044874,6.178597267605432,6.279222011566162,638828000
2020-03-30,6.344564041150711,6.607927401951479,6.300587374617888,6.598734378814697,602252000
2020-03-31,6.638737263039747,6.842471369775912,6.403946662410681,6.549293518066406,949960000
2020-04-01,6.351770314533199,6.497862107975411,5.994739393513251,6.039212703704834,656912000
2020-04-02,6.068283937813762,6.360468083919157,6.020332248867188,6.347300052642822,675764000
2020-04-03,6.309780175563968,6.351272226980043,5.922934894329506,6.06008243560791,663212000
2020-04-06,6.341583273592423,6.705322589635028,6.284189783712524,6.668550968170166,727884000
2020-04-07,6.889676079722989,6.913279673254459,6.392764706231681,6.4357476234436035,784520000
2020-04-08,6.544573506958225,6.6573725469582214,6.474757399676281,6.632526874542236,542444000
2020-04-09,6.757996129395736,6.780853821789025,6.470284155436127,6.533143520355225,525564000
2020-04-13,6.473513100836527,6.713272880415038,6.385311444319896,6.7045769691467285,398408000
2020-04-14,6.832532651631695,7.088938865506866,6.804954050127847,7.054900646209717,530948000
2020-04-15,6.8871921794394515,7.060365936147796,6.841973436906401,6.977630138397217,366148000
2020-04-16,7.132666038579894,7.4288250826384346,7.119498012035005,7.321989059448242,745620000
2020-04-17,7.4039809765502635,7.425348280462446,7.129189174090118,7.2628583908081055,539120000
2020-04-20,7.136642200158554,7.292175341512701,7.087696299119069,7.131921291351318,449388000
2020-04-21,7.014155271742449,7.075274991090251,6.63650237656038,6.696131706237793,735160000
2020-04-22,6.887937472455997,7.152294614390537,6.842470411605959,7.109560012817383,483356000
2020-04-23,7.151548667594547,7.283229879784153,7.031295825709126,7.056389808654785,424160000
2020-04-24,7.04620405491623,7.197016283498686,6.971667057923223,7.195028781890869,352328000
2020-04-27,7.32919543452104,7.540631210935533,7.30459808693572,7.381122589111328,479388000
2020-04-28,7.5282079052844395,7.558022799320895,7.233539699191487,7.2390055656433105,442904000
2020-04-29,7.373420867111231,7.468082631149315,7.298387223684967,7.415410041809082,379160000
2020-04-30,7.361493734355101,7.4154088591523335,7.247949773360715,7.2618632316589355,375916000
2020-05-01,7.0648386704493875,7.177886010573314,6.977630749433313,7.02583122253418,342096000
2020-05-04,6.978624966589477,7.250932636320567,6.978624966589477,7.23726749420166,317556000
2020-05-05,7.341121062746931,7.460379689479762,7.237266284339808,7.29813814163208,368896000
2020-05-06,7.37739587501728,7.503362917200423,7.339630499507867,7.3987627029418945,323464000
2020-05-07,7.5376498918987815,7.637777522329543,7.486468166152815,7.57466983795166,373732000
2020-05-08,7.64622512685557,7.770452993982035,7.6124352266109785,7.764241695404053,339216000
2020-05-11,7.759271740488808,8.062388011187469,7.730699390591938,8.015678405761719,469060000
2020-05-12,8.073321718530899,8.122018837491497,7.74461474387152,7.7543044090271,493060000
2020-05-13,7.868592147324393,8.028597396671517,7.547835743178876,7.7319416999816895,625852000
2020-05-14,7.79331117418389,7.986361386192228,7.640013841815122,7.980895519256592,602312000
2020-05-15,7.841012401949906,8.447989319934127,7.8253597631626945,8.438300132751465,987660000
2020-05-18,8.706384284090324,8.861420771854155,8.626878538742194,8.696197509765625,774460000
2020-05-19,8.73595121255931,9.031364852697052,8.708620932289517,8.751107215881348,717320000
2020-05-20,8.935462935324942,8.9871417777898,8.833844433095647,8.914592742919922,587536000
2020-05-21,8.995587993509218,8.996581270452394,8.683527484566827,8.721044540405273,761068000
2020-05-22,8.770732848167963,9.036829593097082,8.659425198761268,8.970491409301758,1038764000
2020-05-26,9.100186813930394,9.125032953045377,8.61843140772294,8.663898468017578,770780000
2020-05-27,8.571722899357706,8.579424587408813,7.9473535129374895,8.472589492797852,1175892000
2020-05-28,8.360284982055731,8.706384140840894,8.327488838944653,8.434574127197266,734896000
2020-05-29,8.501656726855527,8.820673942565918,8.4325860729438,8.820673942565918,745256000
2020-06-01,8.778687590097684,8.786140959756835,8.63582533566827,8.751853942871094,389876000
2020-06-02,8.741916492638026,8.78266265454262,8.60452010486707,8.770736694335938,391320000
2020-06-03,8.767753908839891,8.811481787736001,8.64625851321786,8.71532917022705,365440000
2020-06-04,8.678044382274448,8.892062399305495,8.627833505931573,8.716324806213379,424280000
2020-06-05,8.744164653127928,8.945505028883574,8.658159572680956,8.868946075439453,481748000
2020-06-08,8.82644215114005,8.838870419678996,8.636038460046933,8.754606246948242,387736000
2020-06-09,8.749631339266706,9.057608018513038,8.701160447107585,8.994222640991211,468488000
2020-06-10,9.115277601014839,9.44562557035412,9.10110841167236,9.313138008117676,632180000
2020-06-11,9.09762951041862,9.208242694149288,8.73571349742717,8.745904922485352,583652000
2020-06-12,9.11005648138736,9.134664575727575,8.653434667947968,8.881372451782227,570908000
2020-06-15,8.764793091830725,9.129692061605025,8.693701574447958,9.121240615844727,400004000
2020-06-16,9.172198981222923,9.213709970031696,8.788159278394854,9.016593933105469,535716000
2020-06-17,9.061587984964056,9.245777040629367,9.018336061726147,9.183137893676758,408304000
2020-06-18,9.174188600931451,9.229370971612544,9.062332316008169,9.165240287780762,254408000
2020-06-19,9.189602394803957,9.390942812939246,9.17443947082309,9.208244323730469,524160000
2020-06-22,9.246773523419694,9.47669982124268,9.220176060282343,9.472225189208984,398468000
2020-06-23,9.496331996252083,9.587308552735838,9.353653978073853,9.395910263061523,375108000
2020-06-24,9.422012461612931,9.501803887247242,9.092161313313138,9.18264102935791,449372000
2020-06-25,9.302201008306115,9.450596783301863,9.129694001574956,9.43568229675293,376072000
2020-06-26,9.445625718185534,9.445625718185534,9.072772071415052,9.10260009765625,592084000
2020-06-29,9.117266222856149,9.151817312552694,8.849059572517856,9.147342681884766,342248000
2020-06-30,9.260692369521378,9.471727334858345,9.21346457243952,9.443390846252441,367892000
2020-07-01,9.466256631521325,9.520942134354888,9.359123415191961,9.47545337677002,326648000
2020-07-02,9.583833186678161,9.681769693347654,9.523430868709886,9.557236671447754,364056000
2020-07-06,9.685992386533162,9.852036371881187,9.656909656197096,9.782934188842773,315892000
2020-07-07,9.889320247098922,10.012361669196572,9.79436687152817,9.81524658203125,357800000
2020-07-08,9.936548129608003,10.166475276441442,9.908460082794605,10.157526016235352,365480000
2020-07-09,10.320837695475568,10.509501363844844,10.174927184561719,10.448850631713867,494548000
2020-07-10,10.528145636030475,10.594264737914497,10.31934752397019,10.419272422790527,497676000
2020-07-13,10.53436262408,10.73048313249696,9.967624221445847,9.994718551635742,457076000
2020-07-14,10.01733538240931,10.343209704716779,9.729492105255805,10.317606925964355,542676000
2020-07-15,10.35464256132505,10.373284483795743,9.998194021875896,10.168712615966797,403984000
2020-07-16,9.957678504058652,10.148330579277705,9.838862314759108,10.076743125915527,344964000
2020-07-17,10.166974030828735,10.189842154212721,10.03001277488039,10.143111228942871,266284000
2020-07-20,10.215443053252137,10.47097202569656,10.098615287459245,10.450589179992676,284852000
2020-07-21,10.45283007760043,10.499561960626455,10.227875286408675,10.269386291503906,277036000
2020-07-22,10.308159471542753,10.54181405224988,10.23259426307041,10.37900161743164,367292000
2020-07-23,10.390188199099878,10.486633131352665,9.973835145892702,10.071771621704102,411660000
2020-07-24,9.81847724465439,10.305423911151712,9.721038604140965,10.136148452758789,473292000
2020-07-27,10.17368489136173,10.381985159654809,10.15926726913902,10.361851692199707,292132000
2020-07-28,10.31487200985098,10.322577211722987,10.150816447226648,10.15703010559082,271636000
2020-07-29,10.331274645361914,10.456056026782084,10.287775254250858,10.405596733093262,284508000
2020-07-30,10.315618860396064,10.562199580657735,10.236325247506235,10.553251266479492,308880000
2020-07-31,10.50279052923152,10.704878102033073,10.37328604155994,10.553996086120605,386080000
2020-08-03,10.671071020858617,11.03522477261038,10.653919693105369,10.94723129272461,412720000
2020-08-04,10.986752340660678,11.163484573364258,10.843576512922905,11.163484573364258,310336000
2020-08-05,11.179645121303212,11.30666338727199,11.102339920529543,11.222149848937988,249924000
2020-08-06,11.284784768612202,11.292987781620125,11.114764025299452,11.27061653137207,244316000
2020-08-07,11.247753943512881,11.438903868594657,10.974328260084071,11.135400772094727,342516000
2020-08-10,11.269375985990894,11.342951836490055,10.794359735838071,11.101094245910645,427796000
2020-08-11,11.01036654783612,11.073006628875003,10.733957862179553,10.787898063659668,354512000
2020-08-12,10.927843787475073,11.401367625316079,10.895529538580869,11.374771118164062,464412000
2020-08-13,11.479915466163844,11.654660281162782,11.290754924571592,11.3775053024292,374460000
2020-08-14,11.464007430364193,11.637757569633939,11.375020209739501,11.49781322479248,366436000
2020-08-17,11.783419809281774,12.33872355776086,11.749614959910962,12.266389846801758,621300000
2020-08-18,12.37873951737117,12.424476704229551,12.017072012979389,12.190572738647461,503448000
2020-08-19,12.226120712995726,12.244514205502846,12.028756205783154,12.069025039672852,622624000
2020-08-20,11.906461006424056,12.30417121176024,11.810761365998337,12.071510314941406,921388000
2020-08-21,12.13191156434554,12.73543767305914,12.125448525163229,12.610904693603516,999868000
2020-08-24,12.810007786432903,12.83859364848732,12.43591104716389,12.647443771362305,490564000
2020-08-25,12.558457077831811,12.688209996319047,12.50178316041745,12.677024841308594,289076000
2020-08-26,12.725991685415721,12.79484543135099,12.605187089337212,12.699892044067383,321244000
2020-08-27,12.70834567743216,12.776454137419815,12.494576065951163,12.555973052978516,317604000
2020-08-28,12.60245349059197,13.072745800414442,12.570139242268583,13.072497367858887,537160000
2020-08-31,13.107297710621298,13.497302711489002,12.963128117456806,13.297950744628906,500840000
2020-09-01,13.406856687261872,13.917819141256148,13.363592772595911,13.746006965637207,511316000
2020-09-02,14.623964634932472,14.646840546330916,13.824575879843783,14.268653869628906,874012000
2020-09-03,13.75371449896683,13.809161891775185,12.808869413540275,12.944877624511719,945128000
2020-09-04,12.714383643840854,13.103511288247317,11.641238886565278,12.554009437561035,1463684000
2020-09-08,11.670826550949025,12.481901768077714,11.64074109472669,11.848358154296875,795728000
2020-09-09,12.332714361952345,12.739743935097291,12.165377241772093,12.646005630493164,736200000
2020-09-10,12.918769110397905,12.994356938663318,12.100980363374202,12.244945526123047,698684000
2020-09-11,12.417750894908565,12.583844529119057,11.831200737246611,12.098492622375488,636928000
2020-09-14,13.010018564432801,13.242748060678332,12.562709107373127,12.802400588989258,1201744000
2020-09-15,13.20794074712078,13.22658919691016,12.758145184218588,12.920509338378906,727556000
2020-09-16,12.886940804659796,13.021705506848779,12.44584776402079,12.446593284606934,556384000
2020-09-17,12.066419314288503,12.52143733948817,11.969448508524536,12.395872116088867,792512000
2020-09-18,12.525416935450114,12.56395637634697,11.923700090803646,12.123111724853516,698460000
2020-09-21,11.860293152414322,12.454550866081808,11.839904206718712,12.449329376220703,721044000
2020-09-22,12.506765396916883,12.579369239088551,12.089542285546635,12.569174766540527,646452000
2020-09-23,12.507263849012158,12.657942495758004,12.013707338704753,12.057965278625488,647012000
2020-09-24,12.006745263131892,12.50129674587653,11.948810907879453,12.280998229980469,731240000
2020-09-25,12.379958380976724,12.813592456026164,12.179303301507392,12.803894996643066,588016000
2020-09-28,12.969493990046365,12.98093194817706,12.680819048582006,12.964272499084473,573808000
2020-09-29,12.867296343852455,13.369804647869646,12.863069830850772,13.153982162475586,621460000
2020-09-30,13.086106534449147,13.548583556057018,13.078896040511102,13.457082748413086,689184000
2020-10-01,13.683348208064956,13.688071736035704,13.387710370072455,13.540626525878906,525004000
2020-10-02,13.153239241621401,13.446140634224474,12.98018265968585,12.991372108459473,552496000
2020-10-05,13.164179678210838,13.570214312585838,13.151001225511452,13.568473815917969,479820000
2020-10-06,13.754956254284847,14.065263568306756,13.590851607157786,13.66196346282959,784420000
2020-10-07,13.923786729329015,14.042638475157641,13.788275536042313,13.888230323791504,418084000
2020-10-08,13.998626515827448,14.00807546805278,13.683347172141852,13.76365852355957,378900000
2020-10-09,13.692301575356119,13.749240964277911,13.586628268911685,13.688074111938477,346892000
2020-10-12,13.913591020870141,14.269151250700197,13.837009167737346,14.148807525634766,434744000
2020-10-13,14.218924012166369,14.270641893386932,13.942681134228518,14.17093563079834,344604000
2020-10-14,14.21295456266336,14.264920945289555,13.884248317415516,14.01876449584961,276100000
2020-10-15,13.735810371723643,13.92975196281535,13.693043477475365,13.894196510314941,267224000
2020-10-16,13.960585989677563,14.044876308011847,13.717661001997262,13.736557960510254,242392000
2020-10-19,13.827559686516892,13.907622529912283,13.334002276993704,13.424509048461914,298068000
2020-10-20,13.509795908711718,13.724872954678204,13.433711058017145,13.571459770202637,229212000
2020-10-21,13.551067921694733,13.716664549188273,13.404368249373105,13.451361656188965,219596000
2020-10-22,13.449125399181334,13.53789073143853,13.159952541281239,13.288501739501953,290480000
2020-10-23,13.37702268192267,13.519495897679816,13.219134446409813,13.516511917114258,233484000
2020-10-26,13.35414134739024,13.618449244464328,12.96774924576472,13.069941520690918,336896000
2020-10-27,13.233801206707778,13.369063898523823,13.119922439853289,13.32405948638916,250520000
2020-10-28,13.126386851090986,13.188050708710339,12.540583049206013,12.55848503112793,376520000
2020-10-29,12.768836445909805,13.121164188121782,12.680816637076695,12.953330039978027,320080000
2020-10-30,12.780275414072687,12.866305277684038,12.233259561410113,12.46599006652832,416820000
2020-11-02,12.589066397694088,12.767095005739481,12.327742463181124,12.512484550476074,299652000
2020-11-03,12.63954302876551,13.033891238095508,12.53436674945058,12.94885540008545,272900000
2020-11-04,13.316599172080933,13.752471747994806,13.264632773822745,13.719401359558105,410228000
2020-11-05,14.085651180634382,14.261192818538987,13.91508157682387,14.08316421508789,319028000
2020-11-06,14.033186197190384,14.50958709524785,13.819602153163135,14.482982635498047,383348000
2020-11-09,14.473535006204227,14.61178070378951,13.536895554377303,13.55678653717041,582976000
2020-11-10,13.532668624695363,13.532668624695363,12.559727213621446,12.700708389282227,644068000
2020-11-11,12.98292010915212,13.362101817836644,12.877992334373559,13.345193862915039,404744000
2020-11-12,13.405860329921897,13.691302714348726,13.243744694427015,13.3837308883667,365812000
2020-11-13,13.55330655700008,13.59458146386751,12.988388755362086,13.224848747253418,346312000
2020-11-16,13.101023821758483,13.575435787930013,13.084613831121814,13.441914558410645,413776000
2020-11-17,13.478960898278817,13.522473311365049,13.231560936588995,13.349417686462402,312028000
2020-11-18,13.392186477279536,13.531924181183586,13.11345753865842,13.355884552001953,510924000
2020-11-19,13.141056448609183,13.414315378972356,13.028918190667222,13.367321968078613,565936000
2020-11-20,13.380995847364288,13.421275773566174,12.994105766643468,13.016733169555664,341088000
2020-11-23,13.099779311475583,13.30988236260804,12.944874183067746,13.06869888305664,361356000
2020-11-24,13.07118878802459,13.090582761074899,12.815086285194447,12.887441635131836,346500000
2020-11-25,12.961781300267196,13.197494768613733,12.949349319398593,13.162933349609375,259916000
2020-11-27,13.302427107961007,13.334751028195774,13.099036529844811,13.18929386138916,167276000
2020-11-30,13.19302333396702,13.339723024481057,12.901861463493518,13.328782081604004,286952000
2020-12-01,13.419038982985601,13.455340904435158,13.156470608275669,13.317343711853027,296948000
2020-12-02,13.278057876066955,13.59930517405845,13.162438631674533,13.4710054397583,283360000
2020-12-03,13.517764495771466,13.589892631736793,13.260592045398973,13.327247619628906,199520000
2020-12-04,13.379479997427541,13.490408499250023,13.320037037924799,13.488667488098145,202244000
2020-12-07,13.531445119380862,13.66077804492372,13.430715060040114,13.536916732788086,223244000
2020-12-08,13.51527914984112,13.528958658042994,13.213336596873383,13.281485557556152,271920000
2020-12-09,13.232237965404359,13.34515509436293,12.802206372644868,12.864385604858398,401300000
2020-12-10,12.802951488524151,13.00167623711851,12.783550841795494,12.905671119689941,207764000
2020-12-11,12.900696337580094,12.953176186221913,12.75718677443914,12.946460723876953,209264000
2020-12-14,13.020828245041423,13.32003447401288,13.010382180140862,13.240445137023926,270156000
2020-12-15,13.370772848841048,13.394898420852309,13.119072012231975,13.291930198669434,193016000
2020-12-16,13.353611291227617,13.36828606791019,13.144689037378825,13.174535751342773,223116000
2020-12-17,13.2981479389699,13.310833124873806,13.110864499454864,13.27277946472168,231384000
2020-12-18,13.310334366601626,13.336200948982984,13.003418348495277,13.20388412475586,342064000
2020-12-21,13.007645399918461,13.30138000486994,12.900945634831366,13.263823509216309,302332000
2020-12-22,13.250892022262283,13.268799292120496,12.98700315387117,13.210102081298828,185580000
2020-12-23,13.187961585031417,13.206864118423766,12.93825041861074,12.94247817993164,179144000
2020-12-24,12.970338727219502,13.065100006417657,12.872344955272986,12.927062034606934,97884000
2020-12-28,12.99545713252303,12.99545713252303,12.697743372819765,12.83379077911377,212564000
2020-12-29,12.858663762892384,13.005406770053444,12.776338151206707,12.876819610595703,170372000
2020-12-30,12.923581900946338,13.145935118941386,12.830562567854294,13.07828426361084,225396000
2020-12-31,13.069077859414788,13.08350310484441,12.848714303542376,12.987996101379395,192424000
2021-01-04,13.036994722740106,13.582431124501683,12.895971895425573,13.046196937561035,560640000
2021-01-05,13.032517804717118,13.374503578803857,13.019833567840328,13.335952758789062,322760000
2021-01-06,13.154638288108194,13.177022849780169,12.521405575778882,12.549758911132812,580424000
2021-01-07,12.900945853564691,13.30909096314701,12.820362197139659,13.275513648986816,461480000
2021-01-08,13.293919104792138,13.352118201712143,12.975063652438749,13.208608627319336,292528000
2021-01-11,13.349880341033488,13.889347964433247,13.293919414175052,13.551589965820312,518344000
2021-01-12,13.681916283179843,13.683906822949615,13.276508418363603,13.41554069519043,291476000
2021-01-13,13.420765571709692,13.555072944184918,13.316304914526613,13.462301254272461,210028000
2021-01-14,13.505330358708365,13.529953094168745,13.112855226974897,13.132503509521484,283120000
2021-01-15,13.160110379541644,13.256861253737839,12.78255862740494,12.793501853942871,277780000
2021-01-19,12.94944518994785,13.026796351578763,12.7780794490241,12.958399772644043,226188000
2021-01-20,13.044458284042483,13.361572793196219,12.98974119703935,13.297155380249023,258572000
2021-01-21,13.349631654463508,13.927401511527409,13.184981367786673,13.796327590942383,337780000
2021-01-22,13.66948319202541,13.770711361469516,13.55731179569324,13.64212417602539,246820000
2021-01-25,13.711018054558481,13.757528189213795,13.168566485898285,13.58317756652832,251112000
2021-01-26,13.510800674012138,13.574720917203404,13.318791364133517,13.366296768188477,163980000
2021-01-27,13.162097506947905,13.164833787460081,12.728086794822346,12.85145092010498,371272000
2021-01-28,12.929546977372064,13.271284102326218,12.893980076928525,12.984015464782715,228316000
2021-01-29,13.007896642574716,13.266313924856322,12.845235919916684,12.923084259033203,271552000
2021-02-01,12.986258366188409,13.202641846107586,12.83653046690739,13.169065475463867,217204000
2021-02-02,13.329983990357096,13.502344069129984,13.217314493896918,13.487173080444336,220440000
2021-02-03,13.566015475389744,13.860248208938296,13.447129576053145,13.461057662963867,245408000
2021-02-04,13.46155368214579,13.603322239769158,13.269295813752072,13.594120025634766,201340000
2021-02-05,13.654559959985026,13.666747036533561,13.476229206080044,13.521246910095215,169152000
2021-02-08,13.656799251100956,14.39946808686002,13.656799251100956,14.36464786529541,434624000
2021-02-09,14.267148904678315,14.508404628817875,14.149505903817214,14.190047264099121,287560000
2021-02-10,14.389019846164402,14.82850221001609,14.267894829975646,14.688474655151367,485352000
2021-02-11,14.90336959408005,15.193870826597166,14.848402977912496,15.172480583190918,450828000
2021-02-12,14.97276057463084,15.212772469249881,14.699171360456567,14.884466171264648,374756000
2021-02-16,14.986934217901354,15.293602580290248,14.873270412570719,15.251568794250488,321960000
2021-02-17,15.093137628175583,15.145368904266707,14.70414455668863,14.829498291015625,274756000
2021-02-18,14.653406299348754,14.796915880160729,14.500196394226357,14.752893447875977,233868000
2021-02-19,14.947390182953654,15.099107664393724,14.770552807333134,14.849893569946289,271724000
2021-02-22,14.698921307165705,15.055581855788054,14.251479612238253,14.282072067260742,325884000
2021-02-23,14.003010965897,14.165672613131727,13.320780447752483,14.069418907165527,391780000
2021-02-24,14.050268009256117,14.432297029257633,13.685399568921875,14.424586296081543,448320000
2021-02-25,13.973413810504649,14.300974328312286,13.148420401177352,13.239201545715332,824436000
2021-02-26,13.681915758221361,13.783392485059872,13.292425585049788,13.644111633300781,500932000
2021-03-01,13.80378919793109,13.853532772184092,13.483690829892343,13.770709991455078,353184000
2021-03-02,13.828660812201646,13.849055782455864,13.32724777396713,13.337445259094238,264116000
2021-03-03,13.357342042126135,13.382461933778034,12.733062069739823,12.739031791687012,377592000
2021-03-04,12.735051323937004,12.908407604408795,12.02173124079755,12.306760787963867,573344000
2021-03-05,12.485587799757738,12.485587799757738,11.619306465428844,12.397541999816895,542840000
2021-03-08,12.386104019186076,12.407244732397784,11.507138212191661,11.533751487731934,543112000
2021-03-09,12.072160122978335,12.556330138602013,12.001500032074086,12.46029281616211,521824000
2021-03-10,12.779007652547866,12.917839263049766,12.397842388909234,12.408540725708008,384376000
2021-03-11,12.887983737424646,12.983773338654254,12.673515863827634,12.931275367736816,299916000
2021-03-12,12.587677234677724,12.827025929600989,12.529706717484979,12.794432640075684,243964000
2021-03-15,12.803142092591518,13.143504301301956,12.706109160796741,13.12807846069336,221988000
2021-03-16,13.292537069306986,13.447790141533767,13.0539352931175,13.22760009765625,272128000
2021-03-17,12.977302577062947,13.388822153481435,12.92729317177526,13.277359008789062,243864000
2021-03-18,13.073592309996888,13.12086450040622,12.656100861548346,12.661574363708496,293896000
2021-03-19,12.6889427194056,12.859621644128715,12.552101370096228,12.784234046936035,299208000
2021-03-22,12.850913393081935,13.330355915344027,12.84494160969425,13.123103141784668,297804000
2021-03-23,13.190777367520809,13.28059519177102,12.958893359815724,13.008156776428223,222048000
2021-03-24,13.088271002303621,13.096233063845542,12.576235180945393,12.582454681396484,245840000
2021-03-25,12.439643393307525,12.653862631787966,12.213232870066019,12.475221633911133,295144000
2021-03-26,12.494378894229927,12.794684062208672,12.314245906312358,12.777765274047852,363968000
2021-03-29,12.758854634186175,12.999944962976231,12.639180750258788,12.886241912841797,273520000
2021-03-30,12.780501735531377,12.913113858096398,12.644157722970252,12.81010913848877,200204000
2021-03-31,12.953169750877729,13.405990711832604,12.92032779315816,13.284326553344727,314776000
2021-04-01,13.507253333989027,13.803576941304831,13.446544640826513,13.745606422424316,308276000
2021-04-05,13.801092682147068,13.946890769713638,13.667236264313877,13.920517921447754,255672000
2021-04-06,13.932707577763324,13.986946213948366,13.707541356464933,13.795119285583496,191744000
2021-04-07,13.814278004442162,14.175290931790578,13.64583896668836,14.075770378112793,251284000
2021-04-08,14.184496524494385,14.402198969872602,14.180763685323448,14.248438835144043,244416000
2021-04-09,14.145929352242257,14.339000535339244,14.107116562396575,14.331038475036621,195172000
2021-04-12,14.22131825641827,15.27897874166865,14.071538686150255,15.136165618896484,869324000
2021-04-13,15.158559404224146,15.624815998489474,15.05331573395659,15.604413986206055,676212000
2021-04-14,15.550173290053323,15.645215941609269,15.154576843590075,15.203840255737305,385500000
2021-04-15,15.587492029138685,16.13659985814199,15.556640352730028,16.059968948364258,598480000
2021-04-16,15.976124276327353,16.08833533705713,15.789273517405002,15.836297988891602,335208000
2021-04-19,15.462097636720497,15.731799760759175,15.16005088533594,15.28818416595459,404420000
2021-04-20,15.249871024156077,15.422788907675336,14.891346639823693,15.098599433898926,334132000
2021-04-21,15.046345697974633,15.28892894500283,15.02992519507416,15.286938667297363,216776000
2021-04-22,15.301369588101839,15.364565890935939,14.712701982849865,14.779132843017578,277788000
2021-04-23,14.862729237894923,15.261560191711682,14.82889261935136,15.192144393920898,227500000
2021-04-26,15.112279260571835,15.404870964360937,15.052566183723469,15.403875350952148,197796000
2021-04-27,15.503895773425132,15.59545520137398,15.28096851185869,15.308088302612305,164572000
2021-04-28,15.290919638482547,15.457866642599491,15.142633030660882,15.20358943939209,209416000
2021-04-29,15.326250200272115,15.362575381790093,14.999323566610313,15.251360893249512,173196000
2021-04-30,15.101832829586288,15.291419872387051,14.92518212012407,14.9376220703125,201912000
2021-05-03,15.052567032150492,15.173733855204558,14.716683684629688,14.765697479248047,203912000
2021-05-04,14.567153783566326,14.567402449672667,13.94315656113804,14.282523155212402,405324000
2021-05-05,14.638560411281018,14.742560743124349,14.318600201838999,14.389260292053223,292024000
2021-05-06,14.42583212858032,14.50146837786924,14.149910536895737,14.453449249267578,193380000
2021-05-07,14.737334332362575,14.899055557162523,14.601487668316276,14.741314888000488,229328000
2021-05-10,14.716435724758746,14.735096123743787,14.18175896431801,14.197433471679688,268904000
2021-05-11,13.75879529407013,14.286008322864332,13.684154640398528,14.237740516662598,285584000
2021-05-12,13.94241106998926,14.191960821269014,13.643599798612323,13.69261360168457,303408000
2021-05-13,13.966542771255337,14.013318571765083,13.394545268670152,13.599807739257812,285404000
2021-05-14,13.82348120873412,14.259383355821084,13.682658380691983,14.174790382385254,258616000
2021-05-17,14.089204485525109,14.101395769520703,13.787158662144325,14.097663879394531,216980000
2021-05-18,14.19867739521661,14.335270069717708,13.936936381971368,13.948630332946777,186256000
2021-05-19,13.501530662163134,14.012074425864109,13.478392376887879,13.998390197753906,344000000
2021-05-20,14.23400657092492,14.613431183534683,14.202160225647615,14.542522430419922,321592000
2021-05-21,15.09113341773736,15.149104894905113,14.79829298748573,14.919957160949707,672992000
2021-05-24,15.139648534960056,15.669598713415175,15.10332335245462,15.537236213684082,554816000
2021-05-25,15.690497590957026,15.742745944567211,15.408355532354786,15.572813987731934,435408000
2021-05-26,15.658900271738665,15.718115073854618,15.511609264757215,15.6248140335083,370440000
2021-05-27,15.624564822611564,15.67457423164348,15.385963061533063,15.41382884979248,581476000
2021-05-28,15.426767817068965,16.199548993346383,15.426767817068965,16.166706085205078,644536000
2021-06-01,16.192085626438377,16.30976923688421,15.827091228848875,16.18661117553711,472804000
2021-06-02,16.174420647544324,16.837728952367616,16.157750527142543,16.697900772094727,594168000
2021-06-03,16.62077403418186,17.17635111968771,16.503587746671425,16.888484954833984,580008000
2021-06-04,17.03055442282745,17.576427939663205,17.013637529729234,17.494075775146484,617120000
2021-06-07,17.48710039214021,17.727194109995963,17.11041308265878,17.53462028503418,575756000
2021-06-08,17.443314784213733,17.53711316104232,17.16838687091044,17.373401641845703,323848000
2021-06-09,17.435868075658778,17.49484773698549,17.17705361088442,17.279085159301758,381656000
2021-06-10,17.270872745755277,17.412225327997316,17.09766651507908,17.345529556274414,287772000
2021-06-11,17.39977978705198,17.85743409569149,17.36419339668503,17.743953704833984,416308000
2021-06-14,17.82433244551483,17.957222713161077,17.582191993695638,17.936567306518555,321376000
2021-06-15,17.833287216730746,17.934075092596363,17.6471398856024,17.70736312866211,243032000
2021-06-16,17.709613082018276,17.872864694606672,17.504302577299367,17.729022979736328,307124000
2021-06-17,17.693435236474446,18.749097779560163,17.675268955812072,18.572158813476562,809656000
2021-06-18,18.698329309981435,19.286633450241315,18.499240721357857,18.553741455078125,968856000
2021-06-21,18.3511693418325,18.451959152942997,17.741463607959098,18.34320640563965,672384000
2021-06-22,18.38725274124048,18.877258052337343,18.3021419888777,18.800607681274414,580144000
2021-06-23,18.92105744176349,19.065396569450836,18.821513150301545,18.9703311920166,332356000
2021-06-24,19.14005430634004,19.331426768379632,19.001188991925353,19.117904663085938,320924000
2021-06-25,19.192572491519797,19.257276593344493,18.808333147443598,18.944210052490234,278364000
2021-06-28,19.27294637389471,19.987174655201073,19.23088938832883,19.89385223388672,495436000
2021-06-29,19.791820384449192,20.00708358846568,19.56734872951691,19.935413360595703,367632000
2021-06-30,19.9080348431735,20.070540237808444,19.773152897382392,19.911270141601562,326568000
2021-07-01,20.03321842482558,20.362708251689103,19.927700949630147,20.119821548461914,480136000
2021-07-02,20.347028318463767,20.411732403859773,20.195223675024934,20.393564224243164,342764000
2021-07-06,20.642915231638717,20.746938423500755,20.257432486443616,20.604093551635742,446708000
2021-07-07,20.758388543871092,20.779790118854034,20.23926744508326,20.27883529663086,418428000
2021-07-08,19.76593893142942,20.041176667969573,19.61089900392695,19.81197738647461,503300000
2021-07-09,19.87145390678074,19.988667035276382,19.664153655569276,19.958803176879883,296624000
2021-07-12,20.14768528825226,20.439099465381375,20.09567369123447,20.418943405151367,321984000
2021-07-13,20.307455300297775,20.36792918431061,20.02226296191594,20.157642364501953,290708000
2021-07-14,20.264903197063806,20.324629020047354,19.66266291046804,19.751007080078125,380100000
2021-07-15,19.721398117337774,19.756487069682294,18.772494571813226,18.87975311279297,550564000
2021-07-16,18.94370627742423,19.06962851714903,17.990572779108614,18.078170776367188,688224000
2021-07-19,17.833544044539046,18.955154278049445,17.78401966527489,18.694101333618164,749060000
2021-07-20,18.644572891370625,18.75208011096828,18.08115440605644,18.527111053466797,434687000
2021-07-21,18.79588046130681,19.437939116174313,18.65651959928261,19.32147216796875,371017000
2021-07-22,19.552416271247484,19.79629780336461,19.18808441295278,19.504634857177734,323826000
2021-07-23,19.566352203135214,19.610152148792288,19.162203768763973,19.468799591064453,195672000
2021-07-26,19.222929669807954,19.353330839467855,18.827738996164285,19.20600700378418,203943000
2021-07-27,19.177132989949083,19.532505085696283,18.655522752528007,19.120393753051758,248863000
2021-07-28,19.230890227163382,19.556398512743925,18.908368517411507,19.414051055908203,202191000
2021-07-29,19.429975408460677,19.762453610725807,19.239846550542488,19.572324752807617,190781000
2021-07-30,19.329438564431676,19.540471578419623,19.175146696320255,19.410070419311523,183497000
2021-08-02,19.61015425708338,19.86996358597214,19.272699647938943,19.65992546081543,217444000
2021-08-03,19.649969748387328,20.129771796246487,19.132340904279957,19.724628448486328,301811000
2021-08-04,19.898826814854456,20.225331848038415,19.737565032108463,20.18153190612793,231309000
2021-08-05,20.40650668671892,20.63844385794253,20.249226327598258,20.54288101196289,211435000
2021-08-06,20.430395502608686,20.476185237621273,20.117826497097322,20.273115158081055,178497000
2021-08-09,20.35274682348764,20.414464320594274,20.051129279869148,20.202436447143555,146443000
2021-08-10,20.229318686706037,20.336825937530577,19.744538317496026,19.84507942199707,179238000
2021-08-11,19.951584652682246,19.957557803565333,19.341381532525443,19.609153747558594,185925000
2021-08-12,19.77937830002264,19.937651633578177,19.53051849296908,19.814218521118164,151652000
2021-08-13,19.814217948269306,20.121808676083944,19.760463380904792,20.09592628479004,183063000
2021-08-16,20.043168322323123,20.194475504529578,19.364277685801866,19.859012603759766,210876000
2021-08-17,19.595226756343465,19.679840104295746,19.179133758914126,19.3692626953125,204585000
2021-08-18,19.41106231099318,19.544451924086907,18.91334276455746,18.953161239624023,285913000
2021-08-19,19.405090193128377,20.40152612998121,18.67642838900111,19.707704544067383,766555000
2021-08-20,19.899825465212288,20.76983992496617,19.84209132480141,20.7210636138916,675741000
2021-08-23,20.87536045023141,21.89668035418166,20.85445631384193,21.857858657836914,575807000
2021-08-24,21.65379265057936,21.85885253592805,21.436786460048275,21.6936092376709,297299000
2021-08-25,21.63785602487588,22.367512579613624,21.622925048155796,22.111684799194336,347701000
2021-08-26,22.098751769400412,22.238112654688,21.69062183507276,21.96735382080078,237940000
2021-08-27,22.0828224516965,22.61836882879445,22.06589978843184,22.532760620117188,304722000
2021-08-30,22.72587287906404,22.937900738386737,22.448146059239313,22.58452033996582,262580000
2021-08-31,22.595478601704784,22.595478601704784,22.02300120526445,22.28683853149414,259850000
2021-09-01,22.386396092304786,22.597466292510102,22.258957158391045,22.342588424682617,201767000
2021-09-02,22.419251447689817,22.493923309725275,22.197229795135584,22.297786712646484,187834000
2021-09-03,22.227102137054732,22.88520284967304,22.102650281637818,22.742830276489258,280532000
2021-09-07,22.732873642997227,22.798584206722087,22.423236609861565,22.562623977661133,198107000
2021-09-08,22.414274113005263,22.510848859948066,21.88062343636692,22.241037368774414,254434000
2021-09-09,22.214160209499955,22.439169012698837,22.0339541533398,22.07975196838379,196856000
2021-09-10,22.249999779634756,22.52678058064279,22.172342704078865,22.379430770874023,248376000
2021-09-13,22.584525817265025,22.863298640935614,21.76214779147206,22.054859161376953,297500000
2021-09-14,22.177318823418137,22.311727046467276,21.989148450540036,22.14446449279785,199755000
2021-09-15,22.211169379062365,22.268915596417685,21.869673111075127,22.24302864074707,166538000
2021-09-16,22.085723205642353,22.179310858145648,21.830845305683194,22.14446449279785,156033000
2021-09-17,22.20221017104686,22.22311799153432,21.73427187990997,21.803964614868164,294503000
2021-09-20,21.053264860277913,21.339006884996316,20.571388169869678,21.020410537719727,349440000
2021-09-21,21.323075920601713,21.33104025944371,20.858124883226342,21.1528263092041,204688000
2021-09-22,21.272300812492595,21.86369574938004,21.103046254185703,21.84477996826172,268726000
2021-09-23,22.042913958768718,22.43618231216487,21.794010226085298,22.38341522216797,248555000
2021-09-24,21.973217562960425,22.0518716003552,21.765134441649685,21.984169006347656,217655000
2021-09-27,21.614793860062722,21.70340426569089,21.231483878149266,21.565013885498047,245215000
2021-09-28,21.120971560225616,21.32507250371504,20.560438842257536,20.60822868347168,343069000
2021-09-29,20.848174042522803,20.92483604642628,20.377246777573124,20.42702865600586,218394000
2021-09-30,20.676924594998866,20.97361809338779,20.59727549936959,20.625152587890625,221009000
2021-10-01,20.659003463241838,20.7675247129361,20.114401382383377,20.651039123535156,240978000
2021-10-04,20.414083578048384,20.451917043098803,19.469245817551954,19.645469665527344,345635000
2021-10-05,19.86251239664923,20.557451354715955,19.766932724840515,20.36131477355957,279282000
2021-10-06,20.031767889875287,20.629135169524517,19.991942391773726,20.609224319458008,297202000
2021-10-07,20.99950393304236,21.22849675315436,20.880031234621082,20.982580184936523,256919000
2021-10-08,21.00846523888015,21.113004324739432,20.683894639844777,20.739648818969727,151258000
2021-10-11,20.484769645064205,20.97062850101373,20.42104923673679,20.6042423248291,163388000
2021-10-12,20.736660050850766,20.964655885876756,20.437976429822484,20.58034896850586,162134000
2021-10-13,20.826267780379947,20.897952540851815,20.622166840732383,20.84717559814453,180652000
2021-10-14,21.194648710999132,21.659599896985824,21.029376283806112,21.6506404876709,243589000
2021-10-15,21.71435462616983,21.834824285475865,21.56700484536949,21.76612663269043,226994000
2021-10-18,21.653628274033302,22.193251349264553,21.54908726984362,22.124553680419922,189494000
2021-10-19,22.178312668438,22.280861623084096,21.940362329321403,22.19225311279297,161473000
2021-10-20,22.207186839128415,22.334625782730672,21.885603327165416,22.006072998046875,146276000
2021-10-21,22.00009915262171,22.611406925381793,21.986160606952357,22.59248924255371,187590000
2021-10-22,22.72291370384328,23.028566619385316,22.462063524678783,22.626338958740234,249384000
2021-10-25,22.87225483930817,23.252579603731718,22.670145947280098,23.064409255981445,230235000
2021-10-26,23.883803837264775,25.14823509331115,23.819088343329533,24.608610153198242,485898000
2021-10-27,24.366676556372838,24.979974473581777,24.175517185619338,24.34377670288086,245990000
2021-10-28,24.768903437739628,24.840588199418896,24.41546066539416,24.831626892089844,234204000
2021-10-29,24.891363736621464,25.596259159623884,24.89036866878223,25.45488166809082,292503000
2021-11-01,25.53652048764444,25.78044501501722,25.116370221539132,25.7137393951416,265740000
2021-11-02,25.708759787654955,26.56100485226317,25.686855006308992,26.285219192504883,294112000
2021-11-03,26.55304424185898,26.666544637188032,26.11995237716791,26.481359481811523,239910000
2021-11-04,27.109593234066324,31.227455386633288,26.999079939655886,29.67031478881836,1153631000
2021-11-05,30.05461467183272,31.262294386463584,29.281021793167827,29.621522903442383,851260000
2021-11-08,30.016784643098717,30.963614337249158,29.7758453334055,30.668912887573242,503101000
2021-11-09,32.14043393327905,32.16831102221569,29.832598362114123,30.522558212280273,646746000
2021-11-10,29.22726595064239,30.714713791904344,28.65179963773985,29.32981300354004,636206000
2021-11-11,30.334391912355496,30.45585665879576,29.646422105832695,30.256732940673828,332172000
2021-11-12,29.87840015502357,30.545462142052177,29.500065470388805,30.256732940673828,413054000
2021-11-15,30.418020909460683,30.509616521619076,29.118743398652445,29.89333152770996,384909000
2021-11-16,29.628497753453818,30.256729228063044,29.57572877826621,30.07054901123047,264484000
2021-11-17,30.284610635448647,30.37521308737603,28.673705838544485,29.1326847076416,428508000
2021-11-18,32.22505747246352,32.61633175138748,31.18364320071783,31.536090850830078,781711000
2021-11-19,32.10160442864808,32.94290005570085,31.765087317217567,32.84035110473633,533867000
2021-11-22,33.37001612006789,34.49506179185787,31.76010847564054,31.81586265563965,754335000
2021-11-23,31.396713465869023,32.218096459002574,30.744585069545465,31.606788635253906,532163000
2021-11-24,31.323039583883876,32.71092580385909,30.7923759210508,32.53071975708008,435162000
2021-11-26,32.45703660205331,32.5665548230208,31.212520168167917,31.364849090576172,283069000
2021-11-29,32.22406792574834,33.265478577950766,31.895513237231377,33.229637145996094,454964000
2021-11-30,33.023541458568594,33.20673647061269,31.724265919380148,32.5327033996582,622066000
2021-12-01,33.07737399441328,33.14707524856972,31.246211893152907,31.30097770690918,484368000
2021-12-02,31.08091667285877,32.339527421049986,30.892721414598597,31.98902702331543,472890000
2021-12-03,31.863572220980746,31.99202385703251,30.001543883661746,30.562145233154297,544325000
2021-12-06,29.752612926604016,30.112073950169314,27.91846679531978,29.908945083618164,658938000
2021-12-07,30.82501943857468,32.310659060877626,30.520322375117104,32.28874969482422,593053000
2021-12-08,31.862574188094904,32.152333886772645,31.287037448230688,31.690311431884766,475551000
2021-12-09,31.59870601970093,32.067700548302355,30.29827420147728,30.360010147094727,488507000
2021-12-10,31.017192866760514,31.17153271430594,29.733688906259296,30.069252014160156,488825000
2021-12-13,30.120038719143704,30.16484694472882,27.99613110546957,28.040939331054688,598344000
2021-12-14,27.580909846868153,28.555736152702433,27.13382466783278,28.216190338134766,667035000
2021-12-15,28.27891988260038,30.369967183258264,27.71931562363803,30.32914161682129,698297000
2021-12-16,31.019191226073666,31.02715654259987,27.97323253537963,28.26597785949707,707366000
2021-12-17,27.86569352805653,28.79869913534146,27.641652379691788,27.682477951049805,713758000
2021-12-20,27.188591698105373,28.024013613704202,27.029273973350673,27.600826263427734,461847000
2021-12-21,28.25303433423604,28.99585421850797,27.28418102866078,28.951045989990234,524385000
2021-12-22,28.767829354035246,29.42899807324993,28.327712401555452,29.274658203125,395184000
2021-12-23,29.628139385488993,29.930844139118374,29.305521344818228,29.513629913330078,343022000
2021-12-27,29.533547027159024,30.954463182806666,29.51363183960114,30.813068389892578,403686000
2021-12-28,31.178505155996454,31.196428065606888,29.88404641723083,30.192726135253906,420591000
2021-12-29,30.143934262767104,30.41776144298987,29.240799693853926,29.873092651367188,343139000
2021-12-30,29.699833486975336,30.32714857163771,29.414058345471055,29.459861755371094,308864000
2021-12-31,29.547489426670328,29.901972573947273,29.205951342168785,29.28561019897461,266530000
2022-01-03,29.687887165643172,30.58006706522169,29.658014384020838,29.992582321166992,391547000
2022-01-04,30.147916396398475,30.33810206507223,28.228136800951273,29.165124893188477,527154000
2022-01-05,28.82558189391546,29.29059190225155,27.415620224197976,27.486316680908203,498064000
2022-01-06,27.522160621764158,28.316758809179447,26.949613182894534,28.0578670501709,454186000
2022-01-07,28.02102409273095,28.300826210955492,26.941644095796043,27.130834579467773,409939000
2022-01-10,26.467675485447426,27.351890124020873,25.53466996334042,27.283184051513672,594681000
2022-01-11,27.20651282406831,27.94535000609593,26.724577023199927,27.698406219482422,404089000
2022-01-12,27.947338113635016,28.473086907923104,27.49029538667551,27.879629135131836,383413000
2022-01-13,28.258012259555365,28.358581501754113,26.385030961290575,26.46170425415039,540171000
2022-01-14,26.187873849164077,27.081050909641085,26.09825739628388,26.827136993408203,395832000
2022-01-18,26.148046566250244,26.524435305727852,25.660135800028776,25.79256820678711,424270000
2022-01-19,25.967811287613753,26.429831798989024,24.945189530517922,24.960124969482422,488315000
2022-01-20,25.19612032401024,25.46994751510898,23.97534549383341,24.047039031982422,435181000
2022-01-21,23.40677585631665,24.717164962104015,23.163816687858407,23.274343490600586,718958000
2022-01-24,22.234793190271247,23.280315624921982,20.79894189888275,23.272350311279297,913982000
2022-01-25,22.449876349333593,22.8451850306954,21.906204650379927,22.228822708129883,664616000
2022-01-26,23.140922442388803,23.954438826073826,22.204929341327563,22.674917221069336,755959000
2022-01-27,23.46752162349448,23.89270120895478,21.582590638157097,21.850444793701172,573353000
2022-01-28,21.918155191484143,22.760549101180075,21.20520811526972,22.742626190185547,543774000
2022-01-31,23.083163840300895,24.40450780299976,22.95371892485848,24.38160514831543,564680000
2022-02-01,24.996971847725337,25.03779741322022,23.78814690915183,24.532958984375,518925000
2022-02-02,25.684030811068062,25.70693156804896,24.448320550364187,25.134384155273438,543419000
2022-02-03,24.353729361756347,24.97008988703977,23.678620353637253,23.845903396606445,410178000
2022-02-04,23.869803597584717,24.529977227410395,23.531252920791175,24.21532440185547,354829000
2022-02-07,24.268090747101677,25.074636814466327,24.098815458966705,24.622573852539062,376868000
2022-02-08,24.255151985606606,25.12243902776342,23.877768026793564,25.000959396362305,410359000
2022-02-09,25.512761692954534,26.611059748632012,25.244909456729868,26.591144561767578,524282000
2022-02-10,25.884177747563196,26.81021133314306,25.490861274047543,25.713905334472656,513200000
2022-02-11,25.805512129420663,26.040506046365,23.671648776457072,23.84689712524414,605472000
2022-02-14,23.831957540433464,24.76894557701756,23.653719855080432,24.163537979125977,440424000
2022-02-15,24.8426335224846,26.431829912184345,24.67833795995591,26.382043838500977,699869000
2022-02-16,26.147049472381745,26.468672364813905,25.44306293139375,26.397974014282227,732676000
2022-02-17,25.520732727345163,25.67507261130779,24.061980098121023,24.40252113342285,810595000
2022-02-18,24.56282527786153,24.879470249477556,23.001511680532914,23.541200637817383,761255000
2022-02-22,22.936795215643546,23.961407632998917,22.901944582346907,23.290281295776367,633422000
2022-02-23,23.700525696809972,24.052021400692805,22.20592541181683,22.29155731201172,566511000
2022-02-24,20.925403538862675,23.698529751346676,20.800936466850946,23.646751403808594,735801000
2022-02-25,23.619868407786754,24.11375214772827,23.281317813989904,24.05400848388672,528866000
2022-02-28,23.889716009396203,24.559847157502983,23.60593119558958,24.28104019165039,477319000
2022-03-01,24.187436042997348,24.273069823879005,23.03337702743395,23.37690544128418,412056000
2022-03-02,23.658750292293792,24.309076976729223,23.319146643220492,24.120849609375,389642000
2022-03-03,24.16267940977901,24.226418496205614,23.37292639017765,23.616924285888672,365095000
2022-03-04,23.288275695324913,23.58306351436936,22.38996771003813,22.84210968017578,431415000
2022-03-07,22.723594140609173,22.938711412053266,21.24268191605436,21.264591217041016,450821000
2022-03-08,21.22176739996016,22.281410884459255,20.565464751978574,21.425928115844727,557467000
2022-03-09,22.295354282391074,23.124944442804253,22.15592800317561,22.919788360595703,492742000
2022-03-10,22.438763775975826,22.694711650925896,21.79242045485743,22.565244674682617,428066000
2022-03-11,22.92774970967302,23.05024725471571,21.955745518411543,22.009525299072266,367209000
2022-03-14,21.7794765189099,22.170867384126904,21.072383887534045,21.24268341064453,385354000
2022-03-15,21.429913984102225,22.94369219754842,21.23471717688526,22.878957748413086,491996000
2022-03-16,23.403796625061247,24.49630589121448,23.077140259936503,24.395719528198242,671422000
2022-03-17,24.021260266549067,24.74030282145656,23.808135623978337,24.664615631103516,471941000
2022-03-18,24.69747741085638,26.460231824316143,24.523194587296928,26.34470558166504,730719000
2022-03-21,26.398487485905324,27.040847486368627,25.860697187971265,26.624557495117188,591727000
2022-03-22,26.61758672052766,27.12649641555455,25.96526931574627,26.41541862487793,547007000
2022-03-23,26.019046837158616,26.50305734840452,25.470303785598432,25.529062271118164,502120000
2022-03-24,26.05888056620905,28.204061734841595,25.80094009952853,28.034757614135742,877379000
2022-03-25,27.77184415178732,28.241912070470075,27.159361974596653,27.578638076782227,579016000
2022-03-28,27.642375427784486,28.134352617050098,27.094625830029123,28.103479385375977,425494000
2022-03-29,28.57753047133925,28.827502401169717,27.865457327415218,28.5386905670166,488984000
2022-03-30,28.188133610446798,28.37934706350977,27.390412047597884,27.57664680480957,463487000
2022-03-31,27.668271007248077,28.13236299140276,27.158367800089522,27.174301147460938,523440000
2022-04-01,27.26293373491524,27.38343868051935,26.1594698017538,26.60264778137207,517235000
2022-04-04,26.618582662321668,27.44518476682431,26.50405367248858,27.247995376586914,397120000
2022-04-05,27.14242826487716,27.2071627020829,25.714298707379786,25.824844360351562,436615000
2022-04-06,24.83192809110766,25.19642902764495,23.90473955432291,24.307085037231445,703833000
2022-04-07,24.340944116539315,24.620793903525843,23.3818870718976,24.108898162841797,557992000
2022-04-08,23.81909236344926,23.825068318317854,22.967592876759955,23.02435874938965,524781000
2022-04-11,22.12306512210957,22.22863019589857,21.57133213415732,21.827280044555664,575207000
2022-04-12,22.44473805178245,22.631968138584455,21.1948747421812,21.415966033935547,662258000
2022-04-13,21.639052358381548,22.40789137072251,21.367169228856223,22.112106323242188,516943000
2022-04-14,22.412871600546225,22.683759389398876,21.076366219253643,21.170976638793945,569097000
2022-04-18,21.113216864867486,21.9975803526132,20.992711899311292,21.693830490112305,525701000
2022-04-19,21.631089889448173,22.28141675426584,21.226751687637346,22.107133865356445,512781000
2022-04-20,22.42482103543778,22.57719456880331,21.11321307776146,21.394058227539062,468974000
2022-04-21,21.620128118741523,22.30033264038632,19.918124725646763,20.10037612915039,656209000
2022-04-22,20.219886317241535,20.402137743310213,19.420174011970897,19.43511199951172,624713000
2022-04-25,19.12339100546342,19.863349361314793,19.017825948530263,19.820526123046875,641566000
2022-04-26,19.637281368701824,19.706994507674615,18.593571203547693,18.711088180541992,653143000
2022-04-27,18.52186245193841,19.088533303599878,18.215124690050864,18.33961296081543,499460000
2022-04-28,18.88935141084662,19.95497260986267,18.41430488131408,19.70101547241211,570327000
2022-04-29,19.32257848055081,20.045606437706688,18.441200993626286,18.471078872680664,500435000
2022-05-02,18.46509589745595,19.493865971063627,18.3157103580548,19.453035354614258,572049000
2022-05-03,19.320582473628384,19.743843804731753,19.054675285256874,19.52175521850586,475751000
2022-05-04,19.84144231861461,20.316488927908352,18.67423920836695,20.25075912475586,648855000
2022-05-05,19.785671961147454,19.84343319196136,18.424267408174938,18.76685905456543,626331000
2022-05-06,18.65929999241693,19.432122333318322,17.916353624000763,18.598548889160156,633297000
2022-05-09,17.960173412210224,18.180267458938104,16.75811385880719,16.880611419677734,644455000
2022-05-10,17.616587170071877,18.12350429350738,16.955305773137006,17.522972106933594,761474000
2022-05-11,17.275983917823066,17.68032194709463,16.500173704044624,16.561918258666992,670167000
2022-05-12,16.15260613492584,16.719277132650767,15.503275671521447,16.10878562927246,708728000
2022-05-13,16.719273249889806,17.854605700388568,16.525071846466627,17.633514404296875,670437000
2022-05-16,17.437324838562272,17.71518203809066,17.035974706114335,17.193326950073242,521446000
2022-05-17,18.00001346067366,18.29579857210596,17.561815969016706,18.10259246826172,585830000
2022-05-18,17.632522266505582,18.043831705127655,16.79496540151223,16.868661880493164,545161000
2022-05-19,16.867663129735934,17.61459275966754,16.665493158414193,17.053897857666016,621310000
2022-05-20,17.26104666528793,17.338726466049714,15.690502001783667,16.62565803527832,739105000
2022-05-23,16.207375258686408,16.845751782688478,16.112764867573357,16.828821182250977,639889000
2022-05-24,16.442409283517915,16.52905300438988,15.71539736561761,16.087865829467773,588550000
2022-05-25,15.954417701062567,17.040950964789868,15.934499121271301,16.905508041381836,781132000
2022-05-26,15.970351364556697,18.017934299435986,15.95640873833212,17.777921676635742,996575000
2022-05-27,18.11155027204223,18.80370475029721,18.025901901467446,18.733991622924805,738379000
2022-05-31,18.902301701134324,19.121402309598214,18.27488154857996,18.595563888549805,664100000
2022-06-01,18.6473501146243,18.97500185230617,18.047813348721185,18.24500274658203,544514000
2022-06-02,18.217119410706687,19.538686849184053,18.12350434729059,19.511796951293945,648656000
2022-06-03,19.003881477132655,19.252858009305765,18.446172677395946,18.643362045288086,598779000
2022-06-06,19.060646676019886,19.257836037081606,18.4879999120415,18.709091186523438,422406000
2022-06-07,18.396380279945216,18.92221865575563,18.113542511249516,18.848522186279297,388914000
2022-06-08,18.72600479307587,19.10552591772429,18.463029944487918,18.575592041015625,363252000
2022-06-09,18.40923976956871,18.859484333750544,17.970947743399975,17.977920532226562,395574000
2022-06-10,17.531655320031188,17.628278767149297,16.803493073192044,16.9080867767334,465248000
2022-06-13,15.937867756879672,16.248656451730458,15.545397710168137,15.586238861083984,604153000
2022-06-14,15.669912860368118,16.003612016416973,15.35215136745031,15.774505615234375,469680000
2022-06-15,16.032500272176392,16.80249932387109,15.864156848634643,16.46282386779785,563936000
2022-06-16,15.79841077215222,15.880093072433525,15.34119356434389,15.540416717529297,545749000
2022-06-17,15.58723513693202,15.932887781168011,15.26847807134145,15.818334579467773,630334000
2022-06-21,16.41102650097026,16.94195585735891,16.343289760595702,16.501672744750977,483089000
2022-06-22,16.162988330653885,16.59729600370665,16.117167436690835,16.29646873474121,437135000
2022-06-23,16.45485004508153,16.520593728784007,15.791436941343258,16.1619930267334,463680000
2022-06-24,16.43592551294382,17.07343959152511,16.24666280838682,17.059494018554688,472153000
2022-06-27,17.244777939984676,17.262707696564117,16.561440850774616,16.803497314453125,427968000
2022-06-28,16.83437454206532,17.135201879170452,15.883083017438073,15.919939994812012,461149000
2022-06-29,15.752592549454855,15.758568817578366,15.111093222281093,15.481648445129395,482352000
2022-06-30,15.301352039966417,15.506552451888224,14.804290100614665,15.100136756896973,686070000
2022-07-01,14.84114455708728,15.004507273555733,14.336113363533372,14.466604232788086,577610000
2022-07-05,14.119957517465304,14.912866113839907,14.000423601176369,14.905893325805664,651397000
2022-07-06,14.951716038721823,15.259516199525306,14.731573518231853,15.071249961853027,529066000
2022-07-07,15.395979807095815,15.88308023518351,15.329239601625927,15.796418190002441,492903000
2022-07-08,15.370082202682903,15.974725437074959,15.329241049958439,15.776497840881348,467972000
2022-07-11,15.465707871427929,15.466704390913305,14.97960300654342,15.093160629272461,437321000
2022-07-12,15.20871031951737,15.371077457553127,14.819228872129182,15.023432731628418,458483000
2022-07-13,14.53334264284129,15.315294091621414,14.408828056730547,15.10511302947998,521918000
2022-07-14,15.049333517821207,15.412915948428,14.670808992131683,15.312308311462402,456235000
2022-07-15,15.59819449374581,15.720716063425629,15.38502478396033,15.700794219970703,385935000
2022-07-18,16.238698571143832,16.83138747265714,15.939864245998463,16.03847885131836,670517000
2022-07-19,16.42198027766924,17.043557657032984,16.109200448917402,16.926015853881836,702366000
2022-07-20,16.88119289080597,17.86336417339984,16.735759920763662,17.737852096557617,760538000
2022-07-21,17.815555370553966,18.073548586404243,17.476875389178026,17.97991371154785,557049000
2022-07-22,17.823515612161977,17.897227654554197,17.070450876572462,17.251745223999023,536671000
2022-07-25,16.952913630167462,17.05750735482923,16.584351419267783,16.957895278930664,480748000
2022-07-26,16.823416159959134,16.853300347202065,16.414012864423395,16.468799591064453,397865000
2022-07-27,16.965860804114296,17.86635161594308,16.84732342255859,17.720918655395508,569776000
2022-07-28,17.90519775674753,18.069556021471275,17.372275483342808,17.914161682128906,474646000
2022-07-29,17.743827026455214,18.173153093615777,17.623296613411778,18.09246826171875,435460000
2022-08-01,18.111393572390696,18.772816539459214,17.9201397228468,18.369388580322266,476469000
2022-08-02,18.051629067336524,18.864460391381805,18.021744878238078,18.454059600830078,489527000
2022-08-03,18.113388905855146,18.89434491533446,18.066570532098716,18.81963539123535,418146000
2022-08-04,18.77580856746541,19.19915749432203,18.687153463279184,19.1403865814209,409652000
2022-08-05,18.736954574661173,19.154328094688672,18.59351466678954,18.915260314941406,386068000
2022-08-08,17.434038984708703,18.16817666184887,17.175048359813875,17.723907470703125,981859000
2022-08-09,17.18500716001782,17.379249624350564,16.65905763199982,17.019651412963867,668263000
2022-08-10,17.629275000459376,18.04764413055042,17.24975398460474,18.02672576904297,597422000
2022-08-11,18.06059303930121,18.634356491462075,17.80658220790549,17.872325897216797,509327000
2022-08-12,18.089478966160975,18.645312642416616,17.883282081436935,18.6363468170166,478094000
2022-08-15,18.628377746767622,19.089579103680688,18.540720134854304,18.958091735839844,457666000
2022-08-16,18.846531923284925,19.067669997846224,18.429158316805072,18.80569076538086,451240000
2022-08-17,18.45107316928741,18.615431461944837,18.074540740730857,18.26380157470703,446799000
2022-08-18,18.229929011686,18.791737907771672,18.11238723201473,18.700096130371094,415447000
2022-08-19,18.33452015850551,18.448077756978233,17.70099039327714,17.77968406677246,441588000
2022-08-22,17.422080214103385,17.489816937587364,16.900114915309967,16.967851638793945,409593000
2022-08-23,16.92303062961487,17.397182115122416,16.904103405013966,17.11428451538086,369986000
2022-08-24,16.945942904164916,17.338414036983785,16.829398528126564,17.155128479003906,522661000
2022-08-25,16.7785918674599,17.877309377171127,16.767634901441976,17.843441009521484,770691000
2022-08-26,17.787662196740406,17.85440147552668,16.173951768315447,16.196863174438477,769127000
2022-08-29,15.957789648026925,16.27455364227297,15.70577186993532,15.739639282226562,496132000
2022-08-30,15.898025221954772,15.9767179755962,15.123046421676525,15.407936096191406,530181000
2022-08-31,15.324262820960845,15.479657200303354,14.900912931720901,15.035388946533203,573710000
2022-09-01,14.153821399390251,14.32415782874737,13.218468667025244,13.882878303527832,1178865000
2022-09-02,14.045247525726571,14.115970968690647,13.538223289757255,13.594006538391113,743157000
2022-09-06,13.67767991813969,13.725493859595561,13.299155414870102,13.412713050842285,535751000
2022-09-07,13.51434705091727,13.788361151575964,13.298125457424504,13.66480541229248,512657000
2022-09-08,13.410719244419383,13.957750598170398,13.321042892410091,13.939814567565918,624873000
2022-09-09,14.10621466793855,14.422077892391746,14.07532668659429,14.335390090942383,486612000
2022-09-12,14.317455823482035,14.49481679850031,14.147068757337559,14.452967643737793,484159000
2022-09-13,13.752491137425125,13.87206057353365,13.052012787776297,13.083897590637207,714956000
2022-09-14,13.206455290226598,13.242326402784114,12.866678912295647,13.080907821655273,588507000
2022-09-15,12.968315632030306,13.185533127876543,12.744122325287627,12.882623672485352,523625000
2022-09-16,12.6962911946005,13.164605464480621,12.571739597842733,13.150655746459961,670751000
2022-09-19,12.965324131066843,13.414706540772462,12.963331449798705,13.333996772766113,569685000
2022-09-20,13.167594240345288,13.43463249948038,13.010161038264972,13.12873363494873,524818000
2022-09-21,13.165603203916465,13.98066875064519,13.06297204241683,13.213430404663086,807679000
2022-09-22,13.0231145909362,13.101831671038127,12.383418345633107,12.51594066619873,759162000
2022-09-23,12.375447364597502,12.565762199000392,12.213031967666868,12.471102714538574,663309000
2022-09-26,12.446192490592988,12.613590061867972,12.170185718593245,12.184135437011719,547343000
2022-09-27,12.462135725855696,12.690314364148412,12.21402932430884,12.368473052978516,553854000
2022-09-28,12.365482557221197,12.77700114543241,12.309683684312093,12.690313339233398,542414000
2022-09-29,12.403347404233896,12.455160919270222,11.903148286154517,12.176165580749512,532763000
2022-09-30,12.043640707800058,12.58768254393533,12.031683671272111,12.095454216003418,565638000
2022-10-03,12.30271017308679,12.632523169207891,12.061577674019702,12.467118263244629,547478000
2022-10-04,12.832798329827137,13.172575601055602,12.832798329827137,13.119765281677246,584182000
2022-10-05,12.864684994243332,13.273214061069236,12.575725340860139,13.161615371704102,507131000
2022-10-06,13.172577350446693,13.607013197671234,13.055996476257599,13.082900047302246,644157000
2022-10-07,12.460140492344351,12.624548544092065,11.978873372705873,12.032679557800293,672478000
2022-10-10,11.993820717893747,12.080508526082841,11.367077348214593,11.628137588500977,698699000
2022-10-11,11.51952842526829,11.803505925509853,11.242525784323794,11.544439315795898,667482000
2022-10-12,11.537463030403634,11.69290259691748,11.304302255253075,11.458745956420898,492590000
2022-10-13,10.931644516028966,12.034673832144149,10.774211301684586,11.917097091674805,850103000
2022-10-14,12.013749105457423,12.067555297007958,11.163809311742797,11.186726570129395,713432000
2022-10-17,11.476682407821523,11.905140220648137,11.47568654235639,11.845355033874512,580774000
2022-10-18,12.299718771902551,12.447187622313416,11.57632328719115,11.924071311950684,659362000
2022-10-19,11.83638760168255,12.305698708951443,11.791548948755544,12.007770538330078,523131000
2022-10-20,12.069548299667495,12.72319524071747,12.061576624677791,12.15025806427002,652398000
2022-10-21,12.054601866532238,12.453167564548195,11.844359270919771,12.421281814575195,609494000
2022-10-24,12.463133124887893,12.664408199415522,12.020725546952368,12.55380630493164,517457000
2022-10-25,12.64846488467942,13.252291014913888,12.618571815177777,13.213430404663086,505482000
2022-10-26,12.82283740595862,13.339974778311161,12.662414686166759,12.849740028381348,532953000
2022-10-27,13.581105480931186,13.78835950903757,13.074927446921608,13.12873363494873,583113000
2022-10-28,13.056994256397354,13.800318541551777,13.014148282801942,13.784375190734863,521040000
2022-10-31,13.728575742782882,13.788360930226967,13.24930122851385,13.448583602905273,486341000
2022-11-01,13.761456412532556,13.875047785742884,13.470504070891979,13.494418144226074,432817000
2022-11-02,13.800318290781895,14.159026573083835,13.163610543300285,13.171581268310547,672628000
2022-11-03,12.996210927988326,13.731563409125444,12.909523130440983,13.372854232788086,500065000
2022-11-04,13.935828645472183,14.177956971752689,13.647864854214127,14.105218887329102,612576000
2022-11-07,14.1769615012651,14.360301478064772,13.903945167549931,14.249699592590332,410061000
2022-11-08,14.74790715863396,14.837584472787446,14.165005566889713,14.54962158203125,595292000
2022-11-09,14.111197542274558,14.160022506058544,13.70964331218987,13.726582527160645,454414000
2022-11-10,14.746910406367014,15.716419686091069,14.49481769622729,15.693502426147461,700819000
2022-11-11,15.750298418180774,16.33021048888852,15.426464425019901,16.2684326171875,655487000
2022-11-14,16.159822116780518,16.480667518589406,15.864883468839679,16.23654556274414,527852000
2022-11-15,16.662013391587355,16.937022370999905,16.32323291950231,16.60621452331543,545876000
2022-11-16,16.1040250035794,16.303306431643236,15.816061182952085,15.852928161621094,649547000
2022-11-17,15.658624704205337,16.207648658807763,15.479270125902909,15.620760917663574,710894000
2022-11-18,15.9087246033764,15.944596661314206,15.065759749433711,15.353723526000977,492072000
2022-11-21,15.092666086419097,15.421482258214427,15.025906036280436,15.262056350708008,404739000
2022-11-22,15.273011971210755,16.000393642863138,15.067750654502763,15.980464935302734,472866000
2022-11-23,16.04025043030733,16.467712309019095,15.990430557959163,16.459739685058594,427241000
2022-11-25,16.259463735177064,16.427856209576845,16.113987567674407,16.21163558959961,167934000
2022-11-28,15.968511085101463,16.29832500895063,15.668592130839407,15.770225524902344,303741000
2022-11-29,15.770224418844657,15.874848252781751,15.464326492119582,15.58289909362793,298384000
2022-11-30,15.644690524714274,16.873582401297774,15.545024337202593,16.866605758666992,565298000
2022-12-01,16.942355347832123,17.20746780911725,16.57956797350174,17.07790184020996,470977000
2022-12-02,16.603494771689178,16.876582006573795,16.390207092321358,16.81977081298828,371389000
2022-12-05,16.623421575647185,16.93836855658918,16.41711062983356,16.554651260375977,352255000
2022-12-06,16.474917069486207,16.517773048794822,15.766285923687203,15.93372631072998,352694000
2022-12-07,15.719447027343028,16.132068063074126,15.614796399611805,16.066287994384766,372388000
2022-12-08,16.218771849942748,17.12175279234875,15.905817157664828,17.111785888671875,515456000
2022-12-09,17.102817944678048,17.524408725344184,16.91843494852363,16.944347381591797,465338000
2022-12-12,16.9802285062354,17.47955848372448,16.741028482869503,17.4765682220459,457328000
2022-12-13,18.469247954138357,18.727385645434474,17.65198080321333,18.011777877807617,656589000
2022-12-14,17.927061390913362,18.191179623464766,17.36195136904166,17.61510467529297,496888000
2022-12-15,17.088863487866476,17.262283446585172,16.64435056625301,16.895509719848633,478542000
2022-12-16,16.80780430040909,16.98421452775994,16.355316696171542,16.515779495239258,478232000
2022-12-19,16.516777854754576,16.55365331311345,16.091200695343332,16.19983673095703,354039000
2022-12-20,16.01047265280894,16.25565325018952,15.799180110626692,16.031402587890625,403260000
2022-12-21,16.060302979691098,16.571593975514052,16.04834193364069,16.446012496948242,325025000
2022-12-22,16.040370897342594,16.084224902594713,14.832409670787916,15.287886619567871,565045000
2022-12-23,15.14536375199491,15.287886895394593,14.83340700919184,15.155330657958984,349326000
2022-12-27,15.02377046116637,15.04968384623769,14.009162061218975,14.073945999145508,464902000
2022-12-28,13.880591262742838,14.214474984092547,13.837734330636081,13.989228248596191,351066000
2022-12-29,14.354008039804668,14.634070838145426,14.17959100951328,14.554337501525879,354923000
2022-12-30,14.286236129267657,14.580253211433105,14.18557284700013,14.565303802490234,310490000
2023-01-03,14.801510894902007,14.946028158359788,14.04902671566482,14.26729679107666,401277000
2023-01-04,14.518460195074866,14.803506485615852,14.193546280154266,14.69985294342041,431324000
2023-01-05,14.442710201080088,14.515466889422989,14.100852807580955,14.217463493347168,389168000
2023-01-06,14.425767217118333,14.95998131637067,13.987233879252056,14.809484481811523,405044000
2023-01-09,15.233070349137327,16.002497216572273,15.090546259586656,15.575923919677734,504231000
2023-01-10,15.455325759984621,15.908809480593666,15.42044254309106,15.855986595153809,384101000
2023-01-11,15.787215773433328,15.974589018428674,15.511138407767845,15.947678565979004,353285000
2023-01-12,16.046350570153667,16.58155988533878,15.44037584745414,16.45598030090332,551409000
2023-01-13,16.223760351513295,16.865615498543143,16.11113791019783,16.84269142150879,447287000
2023-01-17,16.842687440869174,17.668925426357585,16.842687440869174,17.64301109313965,511102000
2023-01-18,17.608130198283973,17.813443145734695,17.224412859359354,17.3190975189209,439624000
2023-01-19,16.97923193804357,17.139696655240964,16.67524985593479,16.709135055541992,452932000
2023-01-20,16.954312559037017,17.79649791430325,16.768933461540048,17.77955436706543,564967000
2023-01-23,18.00380595113542,19.180872256618034,17.75862728937308,19.129045486450195,655163000
2023-01-24,18.76426355229002,19.430038785893963,18.757286908397305,19.200803756713867,496204000
2023-01-25,18.84997803686339,19.30545594731295,18.518087479978714,19.25861167907715,449537000
2023-01-26,19.63535204186898,20.09880270917431,19.213761238604867,19.73601531982422,489535000
2023-01-27,19.39715101578,20.55926617927685,19.34034173496809,20.297142028808594,542142000
2023-01-30,19.883524636147044,20.072890161486782,19.086189204794305,19.0981502532959,488611000
2023-01-31,19.10612138016746,19.621398819093155,18.886855153366426,19.471899032592773,498017000
2023-02-01,19.62538223172389,21.121379792645136,19.545648897588666,20.873210906982422,660477000
2023-02-02,20.930020713829347,21.875857723454107,20.631021178314572,21.63665771484375,564276000
2023-02-03,20.93002073586232,21.67253897459517,20.719723419819307,21.029687881469727,429366000
2023-02-06,20.736668439852636,21.49812252080445,20.716734629117404,21.018726348876953,452197000
2023-02-07,21.310745262287682,22.1848234989371,21.079518043741285,22.099109649658203,664150000
2023-02-08,22.31240089472821,22.801765903840348,21.934664092168923,22.13100814819336,559651000
2023-02-09,22.530672149758068,22.943292158985646,22.046291560362647,22.2625675201416,523876000
2023-02-10,21.617720531696698,22.00442614178306,20.741650010159365,21.194135665893555,550737000
2023-02-13,21.466228060003054,21.974528792175906,20.892147277807663,21.715394973754883,474919000
2023-02-14,21.506097057062863,22.972196070287414,21.294803588437638,22.89445686340332,675474000
2023-02-15,22.473862854052438,22.77884296898915,22.032340112236056,22.688146591186523,420575000
2023-02-16,22.059246323523663,22.474856585066412,21.853933394359046,21.92868423461914,412026000
2023-02-17,21.5589188659097,21.667554896645086,20.905104738152975,21.316728591918945,465888000
2023-02-21,20.930021777294268,21.422375105842487,20.549294744904135,20.586172103881836,410015000
2023-02-22,20.6380006960692,21.03367717070481,20.3529525061691,20.684843063354492,513184000
2023-02-23,23.3618895618877,23.808396610345156,22.94827158681363,23.585142135620117,1117995000
2023-02-24,23.14760888799269,23.395779705379205,22.870535374988126,23.208404541015625,589716000
2023-02-27,23.59112499865335,23.800424307289973,23.37584516662916,23.422687530517578,452994000
2023-02-28,23.294114004597965,23.745605429194818,23.1286668242865,23.138633728027344,455963000
2023-03-01,23.11471543588402,23.178503244860902,22.432994752211638,22.62236213684082,460026000
2023-03-02,22.413065090524846,23.302091014748385,22.35725003920354,23.236310958862305,389415000
2023-03-03,23.242288332226597,23.820355469270233,23.052920954283433,23.810388565063477,412393000
2023-03-06,23.81139038959998,24.167199231552658,23.408735379499408,23.475513458251953,437429000
2023-03-07,23.525355561288883,24.04869465009514,23.167489892153753,23.21434211730957,515154000
2023-03-08,23.412706254207755,24.12345216474366,23.349905807399413,24.104511260986328,513573000
2023-03-09,24.098534615353046,24.37665338080257,23.309039864365545,23.361873626708984,501257000
2023-03-10,23.334960424456437,23.55227132624744,22.654120112006748,22.892364501953125,474866000
2023-03-13,22.68003442386319,23.22430691098968,22.22647370103853,22.893356323242188,421890000
2023-03-14,23.42168099679016,24.14239367745541,23.3857936653715,23.986886978149414,474910000
2023-03-15,23.685839614607495,24.209178570456746,23.286108973342646,24.151363372802734,524486000
2023-03-16,23.95100881491298,25.507070668134652,23.818428138546647,25.460220336914062,583253000
2023-03-17,25.89981997420156,26.31550083175522,25.586812067911023,25.643632888793945,848547000
2023-03-20,25.533980590026932,25.941687335476704,25.050514016475315,25.818078994750977,432747000
2023-03-21,26.097193730071265,26.30852307379936,25.300721156644958,26.116132736206055,547408000
2023-03-22,26.341415997809847,27.501735683439474,26.1540109224766,26.384281158447266,797295000
2023-03-23,27.02923590014394,27.412022096248382,26.605580921982124,27.104995727539062,564889000
2023-03-24,26.945503450093092,27.081072974576987,26.27164098570789,26.694299697875977,454920000
2023-03-27,26.752116326767855,26.914600875564393,26.281609108296,26.447084426879883,361026000
2023-03-28,26.363345410525266,26.42913662925304,25.768233672762843,26.326461791992188,356104000
2023-03-29,26.740149844240367,26.992347930047334,26.512870398647703,26.898645401000977,393694000
2023-03-30,27.142874491555478,27.412020935167096,27.01627538766958,27.29638671875,364516000
2023-03-31,27.054154149877146,27.745959234891043,27.019265008815836,27.68914031982422,433933000
2023-04-03,27.42198793508251,27.911434092903463,27.249534811234103,27.876544952392578,398716000
2023-04-04,27.877543026671038,27.911435879998983,27.220627051021687,27.366165161132812,368592000
2023-04-05,26.74413916410164,26.912603331981877,26.311511909986283,26.795974731445312,515015000
2023-04-06,26.499912714821207,26.99434412357807,26.34340972671135,26.951480865478516,397654000
2023-04-10,26.738158599933065,27.5336348544528,26.584646372375655,27.49176788330078,395279000
2023-04-11,27.636311817588748,27.70210304890554,27.040201775147455,27.083066940307617,314378000
2023-04-12,27.283432024560906,27.381121633610334,26.364347344202034,26.41119956970215,446259000
2023-04-13,26.649439996093154,26.801955937603214,26.245722222126854,26.379297256469727,353615000
2023-04-14,26.420168322960834,26.79796926788527,26.13706621130104,26.673364639282227,395660000
2023-04-17,26.480973631209377,26.920578703015185,26.34939118660513,26.91659164428711,321471000
2023-04-18,27.445913723508724,28.0210883307405,27.270469820475103,27.57948875427246,604812000
2023-04-19,27.27446024047473,27.911439093224423,27.145868542223823,27.8426570892334,358660000
2023-04-20,27.583478463404116,27.941344132346945,26.91460125196495,27.018272399902344,427713000
2023-04-21,26.866750601318966,27.09702084669948,26.637478546679382,27.033222198486328,345103000
2023-04-24,26.92755907031357,27.27944127802104,26.586639849155418,26.956466674804688,339282000
2023-04-25,26.99235347251706,27.160819562060055,26.14205270882257,26.158000946044922,378527000
2023-04-26,26.91659491739221,27.243556588640125,26.62053343037328,26.870738983154297,406337000
2023-04-27,27.27645073990056,27.40803318885761,26.540784192741274,27.139883041381836,377161000
2023-04-28,27.138887339013703,27.670200494580325,26.985373211032865,27.661230087280273,292216000
2023-05-01,27.751942445275365,28.96609033128575,27.692132757184343,28.818557739257812,570329000
2023-05-02,28.58928602409841,28.74479273603856,27.994174201759634,28.120771408081055,402730000
2023-05-03,27.75194355869358,28.277277108700098,27.385107494737166,27.71406364440918,383387000
2023-05-04,27.56354220721835,27.77088451017767,27.15384285162396,27.474824905395508,321850000
2023-05-05,27.737986024481625,28.66404652957751,27.64328719583459,28.589284896850586,361494000
2023-05-08,28.4317819808544,29.127574105075855,28.26032704979517,29.058792114257812,344979000
2023-05-09,28.807590591905967,28.881355931475877,28.360011403786928,28.480627059936523,314869000
2023-05-10,28.9132576098521,29.020917714127965,28.37097953587767,28.793638229370117,369350000
2023-05-11,28.804604853160228,28.8584349085419,28.15666111611045,28.48760986328125,322149000
2023-05-12,28.438761858901234,28.688969297483915,27.957289789783168,28.2503604888916,274222000
2023-05-15,28.417829411901007,28.877371722844355,28.062956433881705,28.861421585083008,293926000
2023-05-16,28.749774743963638,29.775521221273998,28.740804336785136,29.12059783935547,449405000
2023-05-17,29.49042519794485,30.103479719693794,29.336912970483333,30.08254623413086,432535000
2023-05-18,30.31381366494329,31.727327831009532,30.224098180923058,31.577802658081055,748725000
2023-05-19,31.43625056372688,31.48011201484415,30.818212695710137,31.165111541748047,473908000
2023-05-22,30.803258976791746,31.420302459294863,30.582959233506156,31.077390670776367,372000000
2023-05-23,30.901948183114918,31.18903735658012,30.534115833189922,30.59093475341797,356253000
2023-05-24,30.114444604983657,30.510190153140588,29.71172312962193,30.441408157348633,721419000
2023-05-25,38.401152701662475,39.35512649385782,36.519123854187846,37.85987091064453,1543911000
2023-05-26,37.770151547520655,39.04610163074743,37.43122683133464,38.822811126708984,714397000
2023-05-30,40.4666011461992,41.8053518099001,39.82264450499864,39.984130859375,923401000
2023-05-31,39.363100391824844,40.16754710014043,37.702369501651916,37.714332580566406,1002580000
2023-06-01,38.367256795979486,39.92332013723305,38.21872982052202,39.64420700073242,635873000
2023-06-02,39.970174994520356,40.37190020075976,38.934459847678006,39.20261001586914,482731000
2023-06-05,38.785927762163986,39.43985101130171,38.584567040791214,39.04710006713867,396094000
2023-06-06,38.70718409484521,39.03613834073106,38.02733822176895,38.53173828125,388729000
2023-06-07,38.79592485025507,39.37813750275476,37.2416933197928,37.360328674316406,511998000
2023-06-08,37.60857556261879,38.74508691604915,37.390247671514786,38.39216995239258,417772000
2023-06-09,38.917552324899084,39.58948978920315,38.44899302917782,38.651371002197266,427717000
2023-06-12,39.08005597622932,39.40904425940009,38.49983605891858,39.36119079589844,388701000
2023-06-13,40.063036270092226,40.975237387752834,39.618401830821284,40.89647674560547,613208000
2023-06-14,40.699085309650826,42.868425731448234,40.427914429279454,42.86543655395508,740465000
2023-06-15,42.47165262178882,43.15655089419858,42.018042951563174,42.52249526977539,568622000
2023-06-16,43.317050916384595,43.587221609742976,42.53046366608263,42.561370849609375,655709000
2023-06-20,42.86643115503074,43.85539630398405,42.543421257103255,43.6739501953125,451153000
2023-06-21,43.36789797033513,43.481551381643484,41.9512482252179,42.913291931152344,551603000
2023-06-22,42.12370778383283,43.293118838626924,42.10476872123709,42.893348693847656,417737000
2023-06-23,42.33407006327904,42.678011851996246,41.886442597723466,42.07984924316406,358140000
2023-06-26,42.33107741154621,42.63315169907878,39.97730148068593,40.50767517089844,594322000
2023-06-27,40.6741595987626,41.81166711553178,40.32423568672819,41.74786376953125,462175000
2023-06-28,40.535581905804115,41.71695722321169,40.39401812376897,40.99118423461914,582639000
2023-06-29,41.43083429013432,41.472705590731,40.475765515924735,40.697086334228516,380514000
2023-06-30,41.55246701356272,42.419803905460185,41.3740138694354,42.17256164550781,501148000
2023-07-03,42.386907892871406,42.76674265418085,42.072873075895245,42.283226013183594,198209000
2023-07-05,42.00606914984757,43.04488054432272,41.95622290579701,42.18751525878906,323618000
2023-07-06,41.7159643183622,42.04993834721711,41.219487041278335,41.97417068481445,303582000
2023-07-07,42.19249416309544,43.0817667609672,42.050930383889,42.37294006347656,355881000
2023-07-10,42.52647159560561,42.679999688168024,41.52155283823929,42.05093002319336,353908000
2023-07-11,42.35100950902143,42.6271623304336,41.938278668558176,42.27524185180664,298244000
2023-07-12,42.90132541025079,43.80056583036438,42.64610822063504,43.76766586303711,481277000
2023-07-13,44.381783639889846,46.01377191487625,44.35586222212897,45.83631896972656,478204000
2023-07-14,46.44046184420574,47.94085779132301,44.92212322629915,45.329872131347656,772075000
2023-07-17,46.147361621458764,46.353725148743315,45.123503715655524,46.31883239746094,510488000
2023-07-18,46.55809446661066,47.74943744480596,45.59405444397255,47.34866714477539,569164000
2023-07-19,47.31876592185892,47.67168281088611,46.59897504315981,46.93294906616211,427502000
2023-07-20,46.36470161642384,46.942928804835816,44.92412321467116,45.38072204589844,537865000
2023-07-21,45.647902434018036,45.725666701161394,43.9650674160863,44.17342758178711,963769000
2023-07-24,44.59412592293156,44.97097143505105,43.90524224115585,44.47549057006836,382516000
2023-07-25,44.803482038082876,46.04167828238944,44.785535566604466,45.539222717285156,348081000
2023-07-26,45.88018262099463,45.912086196628444,44.493440026375104,45.312923431396484,364237000
2023-07-27,46.37665740516835,47.24997638304764,45.61000946610031,45.759552001953125,455976000
2023-07-28,46.52519903560094,46.88310168130462,46.23907847934213,46.60694885253906,331194000
2023-07-31,46.61094645100851,46.98579544050949,46.36370417166839,46.586021423339844,251055000
2023-08-01,46.31783181066223,46.756487847660445,45.886158126312864,46.364688873291016,237858000
2023-08-02,45.69076967402106,45.699741010536016,43.254247470375134,44.133548736572266,530142000
2023-08-03,43.665971916513115,44.97993964791756,43.665971916513115,44.3787841796875,324176000
2023-08-04,44.84735241415571,45.50233976816819,44.25716479958756,44.54328536987305,362666000
2023-08-07,44.972970743442104,45.400658953676526,44.426647163135996,45.27803421020508,322154000
2023-08-08,44.715756986658505,45.10356664242382,43.92119480836412,44.52733612060547,353843000
2023-08-09,44.13852436844698,44.17641010034291,42.00507315736143,42.423789978027344,586449000
2023-08-10,42.03099019324286,43.44066481177175,41.70698393305918,42.25829315185547,492705000
2023-08-11,41.62325025169544,41.88943538762121,40.514653222522405,40.7299919128418,533085000
2023-08-14,40.36211972462702,43.665978621737146,40.187655955736346,43.61912155151367,690286000
2023-08-15,44.42365526404346,45.12948908567366,43.576253839259216,43.80554962158203,676512000
2023-08-16,44.38377612065419,44.53830062758481,43.27318256792619,43.35293960571289,527451000
2023-08-17,43.835452445012606,43.92716998066587,42.86941583301397,43.211368560791016,452395000
2023-08-18,42.504538056513674,43.44465333013322,41.5325230130091,43.166507720947266,583768000
2023-08-21,44.35785173857862,46.92098385181181,44.08668467367108,46.82328414916992,692573000
2023-08-22,47.98770551423466,48.03954834169377,45.194281473370985,45.528255462646484,755293000
2023-08-23,45.72565711329878,47.05557488119282,45.06966956482349,46.971832275390625,779046000
2023-08-24,50.06233986630621,50.112186106917896,47.01469500295449,47.018680572509766,1156044000
2023-08-25,46.86814754737519,47.658720291728024,44.8862279220612,45.87718963623047,925341000
2023-08-28,46.339768044393274,46.836245308048305,44.75064756794707,46.691688537597656,685192000
2023-08-29,46.523200963631204,48.930811901760435,46.24904095091597,48.63471984863281,701397000
2023-08-30,48.893934114542816,49.77423173710802,48.27682864513261,49.11326217651367,735206000
2023-08-31,49.22890833319217,49.5917929853516,48.80819868484659,49.203983306884766,528570000
2023-09-01,49.60973326514342,49.64761519313272,47.994687598350154,48.360565185546875,463830000
2023-09-05,48.07544589025944,48.70152648362675,47.71355763922135,48.399452209472656,382653000
2023-09-06,48.29675585100986,48.404432152677344,46.441297415473116,46.92086410522461,468670000
2023-09-07,45.38944205496558,46.206003567946354,45.01755163903208,46.103309631347656,433330000
2023-09-08,45.805199355822154,46.46721981309031,45.13619596961709,45.43629837036133,473069000
2023-09-11,46.010585175997676,46.025539902373815,44.180053643461356,45.04347610473633,473966000
2023-09-12,44.604786051563885,45.53700334292315,44.398401689358636,44.736392974853516,349256000
2023-09-13,44.46719292129203,45.79323440179784,44.37048163678398,45.34955978393555,398355000
2023-09-14,45.81318275254544,45.85007133603396,44.996621115196,45.445281982421875,370097000
2023-09-15,45.2059787843747,45.46320990888578,43.67754295698432,43.76927185058594,506831000
2023-09-18,42.62070760166484,44.110258303658966,41.874933874444345,43.835079193115234,500271000
2023-09-19,43.70247140180037,43.83507476757458,42.873944730153006,43.390403747558594,373064000
2023-09-20,43.470171462670386,43.7722706240914,42.09727282869751,42.113224029541016,367108000
2023-09-21,41.45917578549763,41.97463457715853,40.85797073876032,40.894859313964844,450736000
2023-09-22,41.448210386933276,41.98959657847822,41.10822617218465,41.48609924316406,479236000
2023-09-25,41.46714998847042,42.409335664653405,41.05438133655343,42.09627151489258,419091000
2023-09-26,41.87593363739022,42.692495155477644,41.53096324756663,41.78620147705078,402282000
2023-09-27,42.20395172792175,42.744337580019156,41.50503894981491,42.34153747558594,444935000
2023-09-28,42.33356473794384,43.31662875856255,41.98959464052307,42.960693359375,424663000
2023-09-29,43.696498771068015,44.01255619893268,43.178046685877014,43.369476318359375,397830000
2023-10-02,43.89888019467836,45.04047091263799,43.7303847440377,44.648643493652344,433298000
2023-10-03,44.67457296774722,44.995616545503985,43.11722389309479,43.38741683959961,470850000
2023-10-04,43.61174925416727,44.011556163058,43.16308846642664,43.90985870361328,361821000
2023-10-05,43.918830935362585,44.7663021604217,43.75731457253386,44.554931640625,393483000
2023-10-06,44.061400612321464,45.65264863116873,43.89489809603468,45.625728607177734,434436000
2023-10-09,44.708471059532506,45.46919952767431,44.235883483851424,45.138187408447266,409675000
2023-10-10,45.17508286360557,46.121254553965194,44.95374378600032,45.66162872314453,368582000
2023-10-11,46.05844175921358,46.71946955859621,45.91287659330196,46.6666259765625,378137000
2023-10-12,46.637718704667456,47.467242097923936,46.19205107741162,46.80521774291992,481325000
2023-10-13,46.82016325151491,46.97570075879303,45.14516559213605,45.325626373291016,474115000
2023-10-16,44.92881235422657,46.0873509348349,44.778261024252274,45.957740783691406,375099000
2023-10-17,43.86897889171314,44.62073527897283,42.353504619053396,43.80716323852539,812333000
2023-10-18,42.46417874850183,43.09031094806606,41.70046078038666,42.07035446166992,627294000
2023-10-19,42.683520414055806,43.16807328895168,41.75728589082115,41.97563552856445,501233000
2023-10-20,41.76526400722088,42.34353877331354,40.95568161669413,41.263763427734375,477266000
2023-10-23,41.10623502417962,43.119224175669935,40.82308027803106,42.8470344543457,478530000
2023-10-24,42.94873204239224,43.56688484318148,42.56388363101051,43.53298568725586,401463000
2023-10-25,43.26876906154992,43.52002136864502,41.431258603349754,41.65459060668945,398379000
2023-10-26,41.728366721150465,42.13016650700399,39.76124253765396,40.20591354370117,541001000
2023-10-27,41.00753113322634,41.08330504631517,39.895849517473295,40.3794059753418,416784000
2023-10-30,40.96465211390715,41.64162722288695,40.36045387343674,41.038429260253906,388028000
2023-10-31,40.32955772912268,40.757281200093225,39.11318915725788,40.658573150634766,517969000
2023-11-01,40.762263418347544,42.2548076213784,40.74730869060931,42.198974609375,437593000
2023-11-02,43.19897063050226,43.75331464856299,42.766264945950624,43.376441955566406,409172000
2023-11-03,43.888919424366684,45.174078747791896,43.59280293696078,44.87098693847656,424610000
2023-11-06,45.15015318659169,45.798219181155844,44.765301009531704,45.61476516723633,400733000
2023-11-07,45.58285989512135,46.08037071910402,45.02352961733188,45.81815719604492,343165000
2023-11-08,45.96273036829276,46.72744863605115,45.831123444068034,46.43532180786133,346719000
2023-11-09,47.32565472798377,48.08638320008785,46.610790709948866,46.81019592285156,540496000
2023-11-10,47.35856537074028,48.327671293296795,47.142212446906164,48.191078186035156,421245000
2023-11-13,48.1761176095815,48.969748796661186,47.95577501016581,48.475223541259766,384136000
2023-11-14,49.532067353089744,49.6856081153753,48.89397370012533,49.50813674926758,416954000
2023-11-15,49.78630718435211,49.811230458479834,48.05647298035821,48.74242401123047,475497000
2023-11-16,48.534047157885986,49.37752865421783,48.186087364869636,49.33266067504883,339756000
2023-11-17,49.37653577909823,49.568961894077866,48.86107690035848,49.15121078491211,325205000
2023-11-20,49.16515859327281,50.39747808312561,49.034548168899995,50.25889205932617,414120000
2023-11-21,49.97673388984551,50.366568411025234,49.07542649691953,49.7952766418457,565747000
2023-11-22,49.703557028583894,50.18511670142029,47.547992253967436,48.57093811035156,899420000
2023-11-24,48.32567707703601,48.7753343936509,47.6028335530589,47.63374328613281,294645000
2023-11-27,47.65766154840481,48.38548731555285,47.510103445888454,48.09834671020508,395662000
2023-11-28,48.09236930689928,48.17911204503058,47.33164078012809,47.67860412597656,401491000
2023-11-29,48.2349412356402,48.616800180789156,47.71748568176772,47.99665069580078,382005000
2023-11-30,47.88099726514556,47.96674352591701,46.28377015509841,46.630733489990234,526247000
2023-12-01,46.38646445632827,47.05945375436282,46.04946966832762,46.62574768066406,369317000
2023-12-04,45.93979415914972,45.93979415914972,44.87597007312704,45.374481201171875,437543000
2023-12-05,45.33459997495961,46.46532151700449,45.140163841646064,46.43142318725586,371718000
2023-12-06,47.07854839373765,47.25005219470193,45.280757679582,45.37149429321289,380590000
2023-12-07,45.56792383673814,46.49423979899288,45.47220061553475,46.461334228515625,350823000
2023-12-08,46.46033928594401,47.60302719608969,46.41546736033398,47.36870574951172,359224000
2023-12-11,47.3537577126564,47.39363922656186,45.697558507484516,46.492252349853516,509728000
2023-12-12,45.91292392475919,47.5282408991093,45.91292392475919,47.51926803588867,372387000
2023-12-13,47.49135110162281,48.45356234904266,47.47041188410191,47.94902420043945,447792000
2023-12-14,48.25015142544688,48.52934100326086,47.28495045380948,48.21026611328125,391232000
2023-12-15,48.054722876785625,49.26122514658979,47.98093542326529,48.74871063232422,479948000
2023-12-18,49.25722853202736,50.2872401555101,49.007951067399034,49.93227005004883,412587000
2023-12-19,49.281159865930675,49.55636317420033,48.75368939419547,49.46063995361328,464444000
2023-12-20,49.511490749608875,49.85449831929735,47.95899143016388,47.971954345703125,397894000
2023-12-21,48.66993565248791,48.953115280045736,48.27906644393615,48.848419189453125,300425000
2023-12-22,49.05282392386867,49.24028032151343,48.326927237730985,48.688880920410156,252507000
2023-12-26,48.82647560877794,49.456649028909844,48.81849930781512,49.13657760620117,244200000
2023-12-27,49.36791146455285,49.53642176515991,48.943140137976336,49.2741813659668,233648000
2023-12-28,49.49953204501984,49.73983287122963,49.26919684127221,49.37887954711914,246587000
2023-12-29,49.66903891502132,49.85250906748791,48.61010784761711,49.37887954711914,389293000
2024-01-02,49.10167609887842,49.152527391898126,47.45744371873841,48.028785705566406,411254000
2024-01-03,47.34776169269325,48.044738980527136,47.183237655059315,47.4315185546875,320896000
2024-01-04,47.62895205059956,48.35983539054749,47.37070168440111,47.85928726196289,306535000
2024-01-05,48.321941715696894,49.40380504311915,48.166390532700504,48.95510482788086,415039000
2024-01-08,49.36891016503661,52.1239255155236,49.336004592518634,52.101985931396484,642510000
2024-01-09,52.249557041176296,54.16799628302355,51.54060955653382,52.986419677734375,773100000
2024-01-10,53.46104844034716,54.442201988108685,53.334412767924995,54.19292449951172,533796000
2024-01-11,54.840053191345746,55.18605048150879,53.40521272938546,54.6635627746582,596759000
2024-01-12,54.4621436511034,54.81113441098262,54.172984660391826,54.551883697509766,352994000
2024-01-16,54.858995015384636,56.67074127144449,54.74133601464206,56.219051361083984,449580000
2024-01-17,56.18415935716655,56.30780154944078,54.5818050801591,55.89101028442383,474394000
2024-01-18,57.094517089822695,57.43353464294008,55.94484937824919,56.941959381103516,491650000
2024-01-19,57.8214070619552,59.3280417723161,57.05961512425851,59.319068908691406,543501000
2024-01-22,59.87545295780241,60.15663944433183,58.8992822616046,59.48159408569336,452955000
2024-01-23,59.39784070948938,59.736858252012084,58.41568677878363,59.69996643066406,294654000
2024-01-24,60.129713351587405,62.66735609851299,59.76477001996216,61.184654235839844,560271000
2024-01-25,62.16980621821151,62.53774309008504,60.674141236503075,61.438926696777344,482777000
2024-01-26,60.78382030493906,61.60444363196895,60.39794153183259,60.8546142578125,390309000
2024-01-29,61.055031402652325,62.308398507444245,60.730973730437555,62.28446960449219,348733000
2024-01-30,62.71822182118426,63.30950657239777,62.0800682128746,62.59258270263672,410735000
2024-01-31,61.262435580323725,62.08904212424609,60.52457632784889,61.349185943603516,453795000
2024-02-01,61.92052952927185,63.00837994825412,61.471833071842404,62.844852447509766,369146000
2024-02-02,63.789108872006786,66.40751896695984,63.50592925992764,65.96879577636719,476578000
2024-02-05,68.02781943535477,69.29614635606846,67.01077071404906,69.13162231445312,680078000
2024-02-06,69.42875675979734,69.55239893007112,66.108386710131,68.02582550048828,683111000
2024-02-07,68.12154618534456,70.01705293105977,67.40462245828914,69.89640045166016,495575000
2024-02-08,69.87148269785355,70.5894031052992,69.25427593719057,69.43973541259766,414422000
2024-02-09,70.32916305952648,71.97638935285751,70.00909157292358,71.92454528808594,436637000
2024-02-12,72.39018757659,74.39537745473334,71.04409054045064,72.0392074584961,613710000
2024-02-13,70.19656002218674,73.23774158600555,69.41881527870093,71.91956329345703,602580000
2024-02-14,72.99045859670314,74.02146705443656,71.73011146374917,73.68643951416016,504917000
2024-02-15,73.65551186894326,73.76120070674112,72.19075571305264,72.44800567626953,420122000
2024-02-16,73.8858468671519,74.18697602398943,72.29146900724291,72.40314483642578,495327000
2024-02-20,71.7390740272432,71.74805069531128,67.53825202114858,69.25128936767578,704833000
2024-02-21,67.80946909427277,68.6889240135881,66.05655384481933,67.27701568603516,673755000
2024-02-22,74.80817959484354,78.34791554573746,74.00550573707999,78.31102752685547,865100000
2024-02-23,80.55651569183838,82.15587637734276,77.3458203592003,78.58921813964844,829388000
2024-02-26,79.46966317926245,80.41293598535317,78.27811704521838,78.8634262084961,503973000
2024-02-27,79.1515916746836,79.25031220583602,76.93901025797545,78.47355651855469,391705000
2024-02-28,77.39567023328642,78.70487140466068,76.90209811291284,77.43854522705078,393110000
2024-02-29,78.86543134441207,79.75883813677501,78.12357811231355,78.88337707519531,507289000
2024-03-01,79.76880094187264,82.06215701188974,79.20543135087004,82.04121398925781,479135000
2024-03-04,83.88685863778845,87.44155809825308,83.47705094561937,84.99066162109375,615616000
2024-03-05,85.02755456111447,85.85220668028344,83.17982622827054,85.7195816040039,520639000
2024-03-06,87.77173362164056,89.4688902523757,86.78254975478006,88.44779968261719,582520000
2024-03-07,89.90164797406622,92.50323087612081,89.34722911034507,92.40550994873047,608119000
2024-03-08,94.86749190765931,97.12306133342042,86.26003174516178,87.27912902832031,1142269000
2024-03-11,86.18325727083518,88.54452056286361,83.92669117198699,85.53012084960938,678364000
2024-03-12,87.79865287127926,91.69852817689657,85.90505025020566,91.65166473388672,668075000
2024-03-13,90.79611790802282,91.24383884143784,88.18356420420956,90.62959289550781,635713000
2024-03-14,89.32230691373881,90.3882676423802,86.35376650266996,87.6939468383789,602318000
2024-03-15,86.68283095505842,89.29139016582063,86.01174797498194,87.58724975585938,642086000
2024-03-18,90.13100922298294,92.1422727821745,86.83739891650431,88.20350646972656,668976000
2024-03-19,86.45350194408529,90.28657491057966,84.76831192207213,89.14383697509766,672171000
2024-03-20,89.54168157483528,90.15294523438696,87.97215934887909,90.11505126953125,479063000
2024-03-21,92.0375720151123,92.38458214165158,90.1479556941056,91.1750259399414,480372000
2024-03-22,90.88185279949899,94.50851255895188,90.5757265000991,94.02090454101562,586719000
2024-03-25,93.67389990625729,96.49086455465545,93.24412560987103,94.73188018798828,552136000
2024-03-26,95.57845969689596,96.1009718491892,92.23898306006764,92.29781341552734,513648000
2024-03-27,92.84724708590295,92.97488149050997,88.86959089521561,89.9933853149414,586067000
2024-03-28,89.74411520186113,91.0404221311914,88.93941042675222,90.09910583496094,435212000
2024-04-01,90.04226569169144,91.96278458075767,88.95037777581965,90.1060791015625,452441000
2024-04-02,88.19651163521841,89.83783523468522,87.37087059473389,89.19766235351562,433064000
2024-04-03,88.23242853900666,90.11705439114243,88.14866772814298,88.7110595703125,370067000
2024-04-04,90.1489453998678,90.3763015666953,85.63581327474101,85.6607437133789,434965000
2024-04-05,86.61900791219938,88.22942139866663,85.68168582327746,87.75776672363281,399678000
2024-04-08,88.44778434677862,88.57741956926614,86.48538552016859,86.88524627685547,283220000
2024-04-09,87.19338119556187,87.38583323801888,82.78595022062588,85.11131286621094,501700000
2024-04-10,83.68737890315158,87.15150043777531,83.47099303047223,86.7915267944336,431929000
2024-04-11,87.1714479258609,90.48101167566662,86.67885677486333,90.35836029052734,431637000
2024-04-12,89.44397103875566,89.91862324437524,87.28113907907206,87.93527221679688,426805000
2024-04-15,88.84467194132365,90.35536381330797,85.6846834695675,85.75647735595703,443077000
2024-04-16,86.18724040676238,87.86744694735988,85.81929391974823,87.16645050048828,370453000
2024-04-17,88.08881854088399,88.5225868752461,83.71130127056159,83.79606628417969,495400000
2024-04-18,84.72842083024916,85.94495343418146,82.16772118573243,84.43026733398438,447260000
2024-04-19,82.91359767384262,84.08425585640761,75.39104730583979,75.98335266113281,875198000
2024-04-22,77.8819346514722,79.84533824784792,76.18278461859053,79.29191589355469,596341000
2024-04-23,80.53936282548115,82.53367662471392,80.0358013299481,82.18865966796875,438559000
2024-04-24,83.71130021339918,83.84292866853282,78.95785602564062,79.45045471191406,512208000
2024-04-25,78.64375847887948,83.08609383460076,78.00059569231401,82.39706420898438,424641000
2024-04-26,83.5796943254643,88.0798637130723,83.14991996305922,87.48555755615234,551011000
2024-04-29,87.34595010949796,87.74181691165053,85.02356957538234,87.50749206542969,388971000
2024-04-30,86.99195638809022,88.56646933597486,86.05463417701857,86.15634155273438,363709000
2024-05-01,84.83509991070004,85.75547203094351,81.02396098069623,82.80488586425781,559863000
2024-05-02,84.20889135183461,85.99180970266082,82.96344197206183,85.57300567626953,377898000
2024-05-03,87.53939567590184,89.02715032615576,86.79252471992756,88.53655242919922,398341000
2024-05-06,89.13584761213842,91.95780324115003,88.80180099005936,91.8780288696289,376203000
2024-05-07,90.83899133728268,91.52004810469973,88.75792706753188,90.29653930664062,437342000
2024-05-08,89.22857828050421,90.93471200217493,89.16575387590268,90.15493774414062,325721000
2024-05-09,90.27159797496299,90.81305333122494,87.9801353538175,88.49466705322266,378013000
2024-05-10,90.04824732317125,91.14113187208739,88.97330934521258,89.6224594116211,335325000
2024-05-13,90.22073028011366,90.73925596432326,88.27727459241008,90.14196014404297,289680000
2024-05-14,89.34423682194762,91.39040419499095,88.6811267433613,91.09624481201172,296507000
2024-05-15,92.20907765380471,94.59228164011105,91.3385587292716,94.3609390258789,417735000
2024-05-16,94.64014168326462,95.54655367350442,93.8354294469824,94.09070587158203,323952000
2024-05-17,94.10068232469492,94.47062203748345,91.5449662156453,92.21604919433594,359691000
2024-05-20,93.48345064124587,94.92932496808272,93.17433446559033,94.5105209350586,318764000
2024-05-21,93.33287775310836,95.12875963376091,92.9150703346718,95.11479949951172,328946000
2024-05-22,95.18759395913908,95.74699596142533,92.9838782664346,94.68003845214844,548648000
2024-05-23,101.73791493789797,106.0177117858919,101.23135605250833,103.5038833618164,835065000
2024-05-24,104.15202177987621,106.17226230771774,102.70714415978955,106.1662826538086,429494000
2024-05-28,109.93054124400538,114.61219142145016,109.57056763172464,113.57714080810547,652728000
2024-05-29,112.72856525449089,115.16361558831227,110.58567348866953,114.4985122680664,557442000
2024-05-30,114.32402359196342,115.4896985615827,109.35120333690087,110.18582153320312,484553000
2024-05-31,112.20007402311614,112.39652011050696,106.63594514688756,109.3212890625,613263000
2024-06-03,113.29795759979474,114.67303466796875,111.68455402557537,114.67303466796875,438392000
2024-06-04,115.3869834998919,116.2684650577176,113.72072948659991,116.10592651367188,403324000
2024-06-05,118.03444954327455,122.10085027973177,117.13401707628022,122.09188079833984,528402000
2024-06-06,123.69529221491227,125.22991785379394,117.98358173920542,120.65396881103516,664696000
2024-06-07,119.42946352714927,121.34600353396539,117.68643999762348,120.5442886352539,412386000
2024-06-10,120.02774969821236,122.74998311505551,116.6773027177119,121.44371032714844,313434100
2024-06-11,121.43375968591062,122.5307284016025,118.4121274796434,120.57614135742188,222551200
2024-06-12,122.72017341922755,126.52962437250758,122.23152866049337,124.85426330566406,299595000
2024-06-13,129.03269675342705,129.44156821528892,126.8088590238474,129.25209045410156,260704500
2024-06-14,129.60114223243076,132.4731792100278,127.9656714477386,131.51583862304688,309320400
2024-06-17,132.6227916073861,133.36073857025062,129.22220369566065,130.6183319091797,288504400
2024-06-18,130.77785557314107,135.9535257947779,130.32910129390157,135.20559692382812,294335100
2024-06-20,139.41394956266274,140.37129003031137,129.16233868973217,130.41885375976562,517768400
2024-06-21,126.76897377617152,130.2692833981682,123.95676122395307,126.22048950195312,649445800
2024-06-24,122.89967494041525,124.11630717061917,117.71403760101381,117.78384399414062,476060900
2024-06-25,120.86532476106613,126.1506927991438,118.99051878494626,125.7418212890625,414192600
2024-06-26,125.78171327779911,127.76621614131051,122.2614619181134,126.05097198486328,362975900
2024-06-27,123.75731038151326,126.06093675176166,122.58056851355609,123.64761352539062,252571700
2024-06-28,124.23598924744037,127.35734339260638,122.41104074475835,123.19886016845703,315516700
2024-07-01,123.12906191428952,124.49527404629498,118.50187501478464,123.95677185058594,284885500
2024-07-02,120.79551228090267,123.06922274393042,120.69578993975959,122.33126068115234,218374000
2024-07-03,121.32405134915433,127.92576599121094,121.02487672675784,127.92576599121094,215749000
2024-07-05,127.02825159880693,128.49420118342798,125.3329490025218,125.48253631591797,214176700
2024-07-08,127.13792415852778,130.4088725702871,126.68916991242357,127.84596252441406,237677300
2024-07-09,129.99005737514514,133.4504765285805,128.29473958471138,131.0172119140625,285366600
2024-07-10,133.6599006676726,134.72695337207693,132.0543457649315,134.5374755859375,248978600
2024-07-11,135.3751516521801,135.77404103999976,126.69917812553707,127.04821014404297,374782700
2024-07-12,127.90582806874107,131.5557253023775,126.86870653322082,128.8831329345703,252680500
2024-07-15,130.19948360408995,131.02719355977734,126.82881950170466,128.08534240722656,208326200
2024-07-16,128.08534387784246,128.68367798100022,124.23600180257188,126.0110855102539,214769500
2024-07-17,121.01489130373585,121.51351055723977,116.39767975528693,117.66416931152344,390086200
2024-07-18,121.51351868069985,122.062002939552,116.23812571295703,120.755615234375,320979500
2024-07-19,120.01767057688257,121.26421889531369,117.04590364640599,117.60435485839844,217223800
2024-07-22,120.01766653236042,123.72739542032818,119.52902173833405,123.19886016845703,258068900
2024-07-23,122.44096551828241,124.34569507405075,121.76284290265906,122.2514877319336,173911000
2024-07-24,118.84091337212958,119.61875820543547,113.12674087618173,113.93450164794922,327776900
2024-07-25,112.72785895570485,116.30794209044977,106.00647252262672,111.96995544433594,460067000
2024-07-26,115.86915683172242,115.87912373985303,111.27188621900741,112.74779510498047,293399100
2024-07-29,113.3760676606231,115.95891218291776,110.99266783046404,111.2818603515625,248152100
2024-07-30,111.21204752075072,111.68075088933978,102.2568489765504,103.44356536865234,486833300
2024-07-31,112.58824297616627,118.01321595584747,110.57381668062193,116.69686126708984,473174200
2024-08-01,117.20545726694776,119.82819978465332,106.51505772619602,108.90843200683594,523462300
2024-08-02,103.47348325737674,108.41978599115991,101.09008352011347,106.97378540039062,482027500
2024-08-05,91.80578374541406,103.12444802394918,90.43957172286065,100.17261505126953,552842400
2024-08-06,103.55326379264082,107.41258033181929,100.27235513846155,103.9621353149414,409012100
2024-08-07,107.51229690555586,108.4995686514933,98.41748524596572,98.63687896728516,411440400
2024-08-08,101.71834517220758,105.20868054576371,97.2507125463917,104.68014526367188,391910000
2024-08-09,105.348288539487,106.30563671378638,103.14439207443418,104.46074676513672,290844200
2024-08-12,106.02640719898284,110.76329052893722,105.96657531790058,108.71894836425781,325559900
2024-08-13,112.129503005588,115.9090379559742,111.2718772591507,115.81928253173828,312646700
2024-08-14,118.20269875673235,118.27250515954668,113.75501518576698,117.75394439697266,339246400
2024-08-15,118.4320598996148,122.89968462856436,117.14562117487446,122.52073669433594,318086700
2024-08-16,121.60329048074249,124.65483849237091,120.84538693237715,124.23600006103516,302589900
2024-08-19,123.93683014253082,129.6410369873047,123.07920421225627,129.6410369873047,318333600
2024-08-20,128.04543898793298,129.52136317375601,125.54237540722741,126.89862060546875,300087400
2024-08-21,126.9684150377678,128.9928157355832,126.31024153473705,128.14515686035156,257883600
2024-08-22,129.6609808984014,130.38896089358747,122.76008326610211,123.3983154296875,376189100
2024-08-23,125.51243939894613,129.24211690201355,124.87420736161047,129.0127410888672,323230300
2024-08-26,129.21220655330094,130.8975269250622,124.02656151522957,126.11078643798828,331964700
2024-08-27,124.70469137157046,128.843225521312,123.5379164141598,127.94571685791016,303134600
2024-08-28,127.7662011587005,127.97562795444843,122.30133803695934,125.26313781738281,448101100
2024-08-29,121.02487540717718,124.08639756190335,116.38771446055243,117.2652816772461,453023300
2024-08-30,119.1999366155988,121.4138076730475,116.89631773014244,119.0403823852539,333751600
2024-09-03,115.68965014821475,115.8890948214911,106.99372848681783,107.70176696777344,477155100
2024-09-04,105.11893116355375,112.95722005840781,103.83249237473713,105.91671752929688,372470300
2024-09-05,104.70009212019605,109.34722825345308,104.47073147298623,106.9139633178711,306850700
2024-09-06,107.74165540315337,107.85135225389573,100.6712300257278,102.5460433959961,413638100
2024-09-09,104.59038154400555,106.25577578698045,103.4036727846321,106.17599487304688,273912000
2024-09-10,107.51227545978944,109.09788856046698,104.66017286820772,107.80147552490234,268283700
2024-09-11,109.08792746358935,116.86639141709085,107.12336624714985,116.58716583251953,441422400
2024-09-12,116.52732649632485,120.46676065848584,115.07123444451854,118.82117462158203,366052700
2024-09-13,118.76132213036936,119.63896435139725,117.2852795310739,118.78126525878906,238358300
2024-09-16,116.47745125994749,117.86373077779966,114.05395404367047,116.46747589111328,248772300
2024-09-17,117.85376774830212,118.48208669803358,114.52270945275087,115.28067016601562,231925900
2024-09-18,115.57986510061662,117.38501890816246,112.917012138231,113.06661224365234,310318900
2024-09-19,117.03596036023049,119.3397837869768,116.93622949013678,117.55457305908203,293506400
2024-09-20,116.74673611998301,118.30256661567998,115.08120699289479,115.6895751953125,382462400
2024-09-23,116.23810791147417,116.67692526968904,114.55262802291854,115.94888305664062,206228500
2024-09-24,116.20817437054484,121.47405081318132,115.07122576368558,120.54653930664062,354966800
2024-09-25,121.69346336275538,124.60565503965537,121.28456450552947,123.17948150634766,284692900
2024-09-26,126.46067739619816,127.32834434574869,121.47405774507013,123.70806121826172,302582900
2024-09-27,123.63824884420143,123.6980858451405,118.94085404604166,121.07512664794922,271009200
2024-09-30,117.99339197466074,121.17485775300766,117.83382410218941,121.11502075195312,226553700
2024-10-01,121.44412897274735,122.11234177416986,115.48013626179672,116.68689727783203,302094500
2024-10-02,116.12840510154699,119.06053238913914,114.831880901423,118.53195190429688,221845900
2024-10-03,120.59641230247804,124.0272091849403,120.01796257527629,122.52124786376953,277118000
2024-10-04,124.6056517279934,124.70538259718006,121.50397375972977,124.58570098876953,243678100
2024-10-07,124.65551433206126,130.29039598837593,124.61562046227938,127.37821197509766,346250200
2024-10-08,129.91139625758697,133.12278019873037,129.07364789501582,132.53436279296875,285722500
2024-10-09,133.75112849037495,134.16003500176663,131.02843810434518,132.29502868652344,246191600
2024-10-10,131.55701568457982,134.6387432670493,130.64944717024784,134.44924926757812,242311300
2024-10-11,133.6513755856735,135.4166432187145,133.30232133780012,134.43927001953125,170209500
2024-10-14,136.10479144805439,139.22642006970023,135.9352482142016,137.7005157470703,232347700
2024-10-15,137.50104323972985,138.1991821543322,128.3954862474048,131.24783325195312,377831000
2024-10-16,133.62147738626442,136.25441237650753,131.2279056562099,135.35682678222656,264879700
2024-10-17,138.96710708195366,140.51296215395072,136.50371585796043,136.5635528564453,306435900
2024-10-18,138.2989120156457,138.52829226592988,136.9126323168706,137.63070678710938,176090200
2024-10-21,137.76035501280404,143.32542419433594,137.63069803621275,143.32542419433594,264554500
2024-10-22,142.5275764963188,144.0335302578968,141.400595506541,143.20574951171875,226311600
2024-10-23,141.649914730207,142.04883820987033,137.09215234233463,139.1865234375,285930000
2024-10-24,140.44316244306268,140.9717429059513,138.08947737101022,140.0342559814453,172354900
2024-10-25,140.55285615055817,143.74430494634163,140.4232143860229,141.16122436523438,205122100
2024-10-28,142.6173258267159,142.7569505719539,139.67522319765803,140.1439666748047,173586700
2024-10-29,139.91457158033694,141.8793009979601,138.52829188537018,140.87200927734375,157593600
2024-10-30,139.16657905851807,139.9544735111022,136.4438889013892,138.9671173095703,179418100
2024-10-31,137.2317994926413,137.24176725497634,131.75648481507793,132.4047393798828,270039600
2024-11-01,134.3395349599235,136.94255111570317,134.2098931927627,135.03765869140625,207127800
2024-11-04,136.84282779526694,138.58814473225323,135.207217103038,135.68592834472656,187528200
2024-11-05,137.08217511986183,139.99435925396384,136.9625011145287,139.5355987548828,160537400
2024-11-06,142.57744958861787,146.09800218631347,141.58012556166827,145.22035217285156,242043900
2024-11-07,145.9982707339075,148.5314671885647,145.77885821996583,148.4816131591797,207323300
2024-11-08,148.3718728926044,149.3691967390222,145.868580298605,147.23492431640625,175665800
2024-11-11,148.2821074463959,148.4516658981078,143.18579701946294,144.8712615966797,182325600
2024-11-12,146.3871892091523,149.2495037052901,145.61924560605905,147.8931427001953,198634700
2024-11-13,148.67108050956173,148.93037924410717,145.5095503668412,145.87857055664062,191903300
2024-11-14,147.24492912817362,148.60129050932605,145.16052541696345,146.36727905273438,194463300
2024-11-15,144.4823175216733,144.85133773586546,139.70514243904907,141.6000518798828,250132900
2024-11-18,139.1266784396513,141.1711953957962,136.7829612819808,139.77493286132812,221205300
2024-11-19,140.9418317601378,146.73628163269873,140.61271302151263,146.61659240722656,227834900
2024-11-20,147.0155246522584,147.16511715506326,142.34804073132528,145.4995880126953,309871700
2024-11-21,148.95034787282623,152.48086819347145,140.3234860038813,146.2775115966797,400946600
2024-11-22,145.53949007763015,146.7662096056562,140.72242834878378,141.5701446533203,236406200
2024-11-25,141.610046895497,141.66988390343687,135.45655935237875,135.65602111816406,344941900
2024-11-26,137.33150030488406,138.9272246590056,135.30693397114106,136.5535888671875,190287700
2024-11-27,134.64869500572706,136.85278753282546,131.44729379106425,134.97781372070312,226370900
2024-11-29,136.41398308030372,138.97711320730366,135.6859407808891,137.8800506591797,141863200
2024-12-02,138.45847968192444,140.07413953973298,137.45118801543165,138.25901794433594,171682800
2024-12-03,137.89001081273594,140.16390831614373,137.58084280749418,139.88465881347656,164414000
2024-12-04,141.61999054867616,145.39984134699782,139.91456002292938,144.7515869140625,231224300
2024-12-05,144.73166589534063,146.15793025557377,143.57468662612678,144.68179321289062,172621200
2024-12-06,144.2229906612707,145.3201135010368,140.94156015213164,142.06861877441406,188505600
2024-12-09,138.6076455444956,139.58508599383495,136.77244688316378,138.44805908203125,189308600
2024-12-10,138.64753308216282,141.4502189353748,133.44114274667672,134.7178192138672,210020900
2024-12-11,137.00184953896905,139.8045203384501,134.85746151474785,138.94676208496094,184905200
2024-12-12,136.72258646567687,138.07904108019704,135.44592508954074,136.98190307617188,159211400
2024-12-13,138.57773734651352,139.2360201486468,132.19441524956173,133.89996337890625,231514900
2024-12-16,133.83011579862796,134.0495433619733,130.07992554881972,131.6558074951172,237951100
2024-12-17,128.75340490862754,131.24688636654815,126.52922370948323,130.05001831054688,259410300
2024-12-18,133.51097335742298,136.34356467427952,127.94552085179448,128.57388305664062,277444500
2024-12-19,131.41643441707996,133.6805197239663,129.21220544602065,130.33924865722656,209719200
2024-12-20,129.4715360054975,134.92727495716574,127.88568536239204,134.34878540039062,306528600
2024-12-23,135.9246564899382,139.42549888718457,134.76767747092137,139.30581665039062,176053500
2024-12-24,139.63497303105362,141.53001300601622,138.28848684636677,139.85440063476562,105157000
2024-12-26,139.3357437329122,140.482754358897,137.37087908554133,139.5651397705078,116205600
2024-12-27,138.18876430649956,138.65754010210347,134.3587799168467,136.65277099609375,170582600
2024-12-30,134.47843254273522,139.90425017541338,133.67054705312722,137.13150024414062,167734700
2024-12-31,137.67011945974758,137.71002369221526,133.48107297196478,133.9398651123047,155659200
2025-01-02,135.64539681236818,138.51789243847597,134.27897378808947,137.94937133789062,198247200
2025-01-03,139.6449446721197,144.52219430432945,139.36567593719187,144.09332275390625,229322500
2025-01-06,148.2025685915748,151.7632676182901,147.43458721714921,149.04037475585938,265377400
2025-01-07,152.63098706400407,152.73073241075815,139.6449312609891,139.77459716796875,351782200
2025-01-08,142.20823556727345,143.57465852876186,137.20132056545756,139.7446746826172,227349900
2025-01-10,137.09161147098868,139.55517244006612,133.870037595658,135.55563354492188,207602500
2025-01-13,129.65108668370792,133.14196124495902,129.1723272147668,132.88262939453125,204808900
2025-01-14,135.69526562735138,136.02440701006375,129.71091005586072,131.41644287109375,195590500
2025-01-15,133.30152233922777,136.094224818832,130.9476750631476,135.88478088378906,185217300
2025-01-16,138.27852927433761,138.38824308482273,133.14196273572836,133.2217559814453,209235600
2025-01-17,136.33360735729912,138.13888566634566,135.10681862678206,137.3509521484375,201188800
2025-01-21,138.79717036536638,141.4602070208564,136.7325601923546,140.4628143310547,197749000
2025-01-22,144.2828188497205,147.4046473751733,143.29539468537405,146.68653869628906,237651400
2025-01-23,144.67181084027297,146.8461195709751,143.34527675360425,146.83615112304688,155915500
2025-01-24,147.98314630855361,148.58158800111045,141.51007758845265,142.24813842773438,234657600
2025-01-27,124.47460659166907,128.06521102414737,116.39571998533557,118.11123657226562,818830900
2025-01-28,121.49239920882492,128.66365497133788,115.94689837533355,128.6536865234375,579666400
2025-01-29,126.17016667976266,126.55914919357254,119.73698731182846,123.3774642944336,467120600
2025-01-30,122.77902774247364,124.6740752075284,117.79206473417251,124.32498931884766,392925500
2025-01-31,123.45726093608867,127.51664871512425,118.8792323275003,119.7569351196289,388161100
2025-02-03,114.45081126895413,118.26085104341853,112.71535011762803,116.3558349609375,371235700
2025-02-04,116.65504874608332,120.88399164410859,116.39572451460701,118.34064483642578,256550000
2025-02-05,121.44253659311748,124.67408679210826,120.44514389878061,124.50453186035156,262230800
2025-02-06,127.08777312720079,128.43425932928383,124.88353622330139,128.344482421875,251483600
2025-02-07,128.88305586640928,130.03005111642076,124.6740584360869,129.50143432617188,228186300
2025-02-10,129.75081827828257,134.64802029874645,129.6211675706223,133.2217559814453,216989100
2025-02-11,132.23432300379022,134.12936300336048,130.67839286199495,132.45375061035156,178902400
2025-02-12,129.68100547013307,131.89521852186024,128.7434538800678,130.79808044433594,160278600
2025-02-13,131.21697039655388,136.14409236479662,130.82798788427175,134.93724060058594,197430000
2025-02-14,136.1241301373402,138.88691174540978,135.14668970558725,138.4879608154297,195479600
2025-02-18,140.90166414837108,143.06600437599374,137.57036112568994,139.03652954101562,219176600
2025-02-19,139.1462426003846,140.99142508356047,136.86222013681927,138.86697387695312,167536000
2025-02-20,139.6648814501138,140.2932436442011,136.43332401924008,139.7446746826172,143903600
2025-02-21,139.6748562571626,141.09116717483585,133.68053207054632,134.07948303222656,228217600
2025-02-24,136.20394796569565,138.22865397806314,129.74084737496105,129.94032287597656,251381100
2025-02-25,129.64109140603463,129.86051900489684,124.11554286315072,126.2998275756836,271428700
2025-02-26,129.6510837247691,133.38132271635274,128.1549946612343,130.93771362304688,322553800
2025-02-27,134.64801060127058,134.6579790491402,119.69709659183455,119.83673095703125,443175800
2025-02-28,117.71227346912306,124.76383897645573,116.09650229748219,124.59428405761719,389091100
2025-03-03,123.18796891235903,123.37746834229016,111.98724605192426,113.76260375976562,411381400
2025-03-04,110.36149568941593,118.99891188150963,109.82290275774469,115.68756866455078,398163300
2025-03-05,117.27343224392774,117.97160407078815,114.21143704412195,116.9941635131836,284337900
2025-03-06,113.2339891683523,115.04924353236196,109.93262184934352,110.28170776367188,321181900
2025-03-07,110.9599388924034,113.18412798197828,107.27955736061682,112.39618682861328,341755500
2025-03-10,109.61344966651625,111.5583622176382,105.18502403072868,106.70106506347656,366487400
2025-03-11,106.71102843945867,111.94733940770921,104.4968157267925,108.4764175415039,354865700
2025-03-12,113.83292501602207,116.46628328215824,112.59603885298675,115.44884490966797,323857500
2025-03-13,116.73559490158165,117.46376184203,113.50374766538481,115.28924560546875,299033100
2025-03-14,118.31162236591584,121.57339292473429,117.85278046649132,121.36392211914062,277593500
2025-03-17,122.43123309193861,122.58085727393843,117.73308248243704,119.22930908203125,255501500
2025-03-18,117.70315237486467,118.72058305537905,114.25185746421572,115.13961791992188,299686900
2025-03-19,116.97497890401499,120.14697923880557,115.38898254172027,117.22434997558594,273426200
2025-03-20,116.25680439544837,119.89761619602571,116.17700382075364,118.23181915283203,248829700
2025-03-21,116.64582513098318,117.6931791575635,115.1296446207881,117.4039077758789,266498500
2025-03-24,119.57842622721644,121.91254366285413,119.03978374206928,121.10458374023438,228452500
2025-03-25,120.24675110401866,120.9848874515059,118.6208466122723,120.38639831542969,167447200
2025-03-26,118.4313220614094,118.5410383402261,112.42646191953317,113.47382354736328,293463300
2025-03-27,111.06988814101668,114.1620883069464,110.3816290692769,111.14968872070312,236902100
2025-03-28,111.20954068147716,112.58607411134861,108.79563010676111,109.39411926269531,229872500
2025-03-31,104.86553641067388,110.68087252083329,103.38926370156523,108.10736083984375,299212700
2025-04-01,108.2470125996811,109.92278683325367,106.20217397842941,109.87291717529297,222614000
2025-04-02,107.0200962834212,111.69830029652357,106.5213541109438,110.14221954345703,220601200
2025-04-03,103.24961220285616,105.36427425680411,101.344413349133,101.54391479492188,338769400
2025-04-04,98.66118836013088,99.87811296890389,91.87829121020437,94.07275390625,532273800
2025-04-07,87.2399869097494,101.49404025826172,86.40210364552667,97.39437866210938,611041300
2025-04-08,103.54884894952201,105.5837179566193,94.2223717079774,96.05774688720703,476243400
2025-04-09,98.64122793388745,114.81044852614636,97.28464859296416,114.04238891601562,612918300
2025-04-10,109.09486759895934,110.58111717003517,98.9005761841806,107.29939270019531,437812400
2025-04-11,108.22705265135043,111.26938298194372,107.20962195648086,110.65093994140625,313417300
2025-04-14,113.82294410726054,114.00249160148302,108.79562187923341,110.4314956665039,264705000
2025-04-15,110.69084593782598,113.33418114021705,110.22202704858428,111.9177474975586,228966900
2025-04-16,104.28700420641553,106.52136728458446,100.19731179816195,104.2271499633789,397016900
2025-04-17,104.1872406628714,104.20719461222582,99.79831546993584,101.23468780517578,292517500
2025-04-21,98.52153569265882,99.18985605733366,94.80092295909544,96.66622161865234,288501100
2025-04-22,98.53150383378456,99.55891150664588,97.03527729423074,98.64122772216797,241004800
2025-04-23,104.25706634151078,104.53636836662163,101.76335533667917,102.45162200927734,247526000
2025-04-24,103.21968611105362,106.2719858525715,102.85061415392688,106.16226196289062,220815000
2025-04-25,106.58121206849437,111.63845793071249,105.46403435389149,110.73075103759766,251064700
2025-04-28,109.4140660423662,110.09235573735528,105.75329251827114,108.45648193359375,207708500
2025-04-29,107.39914041879526,109.92277466025524,107.16972327513623,108.74574279785156,170444300
2025-04-30,104.20719367744803,108.64599609375,103.81817538074749,108.64599609375,235044600
2025-05-01,112.79553450528941,114.6508560442669,111.02001354244473,111.32923126220703,236121500
2025-05-02,113.8927727544179,115.10970497913567,113.08481279973248,114.21196746826172,190194800
2025-05-05,112.62596928442517,114.38153638068397,112.3765981799359,113.53367614746094,133163200
2025-05-06,111.19957134225872,114.4513652140045,110.541227943435,113.25438690185547,158525600
2025-05-07,112.7656187028628,117.38396890879066,111.99755142427854,116.7655258178711,206758800
2025-05-08,117.95253638522973,118.38145500376595,115.55857217968354,117.07475280761719,198428100
2025-05-09,117.05479580716789,117.9325869721132,114.92017974547274,116.35655975341797,132972200
2025-05-12,121.66317455201767,122.69058227539062,119.9774234659773,122.69058227539062,225023300
2025-05-13,124.66561195964681,130.88991289915035,124.15689275092413,129.6031494140625,330430100
2025-05-14,132.86491109788813,135.09928149974084,131.34873063875938,134.99952697753906,281180800
2025-05-15,133.95217934435928,135.95713281870513,132.32629004982778,134.49082946777344,226632600
2025-05-16,135.87733175434735,136.0070096021913,133.1242801768634,135.05938720703125,226542500
2025-05-19,132.0569351401713,135.5281759604627,132.0569351401713,135.22894287109375,193154600
2025-05-20,133.95217650431997,134.24145551049554,132.286379343903,134.04196166992188,161514200
2025-05-21,132.72526966841644,137.0543482410567,130.26148202288624,131.46844482421875,270608700
2025-05-22,131.89735290411087,133.9122755767364,131.21907084385478,132.495849609375,187344000
2025-05-23,129.67296865108418,132.3462194682512,128.8350854296202,130.959716796875,198821300
2025-05-27,133.81252390577552,135.31873506532702,132.9746406768617,135.1591339111328,192953600
2025-05-28,135.68780317037033,136.904735369061,134.45091702175245,134.4708709716797,304021100
2025-05-29,141.8921589021039,143.12904506361895,137.56308016740775,138.83985900878906,369241900
2025-05-30,138.37105052724368,139.26878048564038,132.5856374053386,134.7900848388672,333170900
2025-06-02,135.14916370580715,137.7725372671851,135.05937854437917,137.03440856933594,197663100
2025-06-03,138.4308667634816,141.64276735349586,137.60295298700936,140.86473083496094,225578800
2025-06-04,141.83231333868676,142.03180718032695,139.18897047063936,141.56298828125,167120800
2025-06-05,141.8123566062966,143.63775490128222,138.48076233301106,139.63784790039062,231397900
2025-06-06,142.1514855332369,142.90958336053123,141.1540012092415,141.3634796142578,153986200
2025-06-09,142.8297985646697,144.63524295526028,141.58294302195193,142.27120971679688,185114500
2025-06-10,142.3310452201821,143.92701105784593,141.17395971410352,143.5978546142578,155881900
2025-06-11,144.25623511410478,144.6353103750697,141.52293261104455,142.4805908203125,167694000
2025-06-12,141.62269259555393,144.64527893066406,141.50299102868564,144.64527893066406,162365000
2025-06-13,142.13142750185233,143.22874251056697,140.50542554352353,141.6226806640625,180820600
2025-06-16,142.9993260342438,145.82238955213242,142.84968384945327,144.33604431152344,183133700
2025-06-17,144.13651543605366,144.86472525299953,143.42824573031362,143.7674102783203,139108000
2025-06-18,143.6576946584193,145.2936820241915,142.7698725249477,145.1240997314453,161494100
2025-06-20,145.09416929186932,145.84233449814036,142.30101614416546,143.4980926513672,242956200
2025-06-23,142.15140884759998,144.4258301714446,141.6825573691225,143.81732177734375,154308900
2025-06-24,145.20390562225958,147.59804349475166,145.1440548392029,147.53817749023438,187566100
2025-06-25,148.90484638085596,154.07216728635598,148.8948611020321,153.93251037597656,269146500
2025-06-26,155.59840525486092,156.33660039378947,153.6232534017049,154.64076232910156,198145700
2025-06-27,155.65826650868465,158.32174817747665,154.880175871103,157.3640899658203,263234500
2025-06-30,158.01250107649778,158.2718747820143,155.57848281781088,157.603515625,194580300
2025-07-01,155.9076636637482,156.81544119896878,151.1194180014287,152.92498779296875,213143600
2025-07-02,152.6057523429847,157.21446053326332,152.59578228626097,156.8653106689453,171224100
2025-07-03,157.98256705200242,160.58618269349765,157.3840439934681,158.9501953125,143716100
2025-07-07,157.81297934590498,158.92026447090194,156.95508262544374,157.85289001464844,140139000
2025-07-08,158.9402376292259,159.8280598400772,158.00253468758166,159.6085968017578,138133000
2025-07-09,160.82559421950873,164.01776272716893,160.76574343834326,162.48153686523438,183656400
2025-07-10,163.91802564623063,164.0975779997467,161.214648514871,163.6985626220703,167704100
2025-07-11,163.319494380175,167.4792915182188,163.07010595303956,164.5165557861328,193633300
2025-07-14,164.96544774793,165.08516454052796,161.62365204151925,163.66864013671875,136975800
2025-07-15,170.77121644956358,171.97824787505814,168.78607915204378,170.28240966796875,230627400
2025-07-16,170.64153593048928,171.32985042878116,168.4868162544787,170.95077514648438,158831500
2025-07-17,171.59919907952485,173.73396348002274,170.41210769028996,172.57679748535156,160841100
2025-07-18,173.2152376188811,173.82374603307778,170.8410547534149,171.98825073242188,146456400
2025-07-21,172.32739806402674,172.9558617527255,170.58167912560677,170.96075439453125,123126100
2025-07-22,170.9208530826869,170.97073381366536,164.17739532245605,166.62139892578125,193114300
2025-07-23,169.1152710575868,170.84103463039327,167.55908978070133,170.36221313476562,154082200
2025-07-24,172.01814916975516,173.4047480967394,170.88093864849802,173.31497192382812,128984600
2025-07-25,173.18529303585547,174.29257821699642,172.53688923976992,173.0755615234375,122316800
2025-07-28,173.59427940607588,176.56698483220254,173.5443986824528,176.31759643554688,140023500
2025-07-29,177.52467689032716,178.94120142739456,174.59186634988595,175.08065795898438,154077500
2025-07-30,176.07819353379378,179.4499298230835,175.60934208925488,178.83145141601562,174312200
2025-07-31,182.4525537970388,182.8515843840116,175.4996037416905,177.4348602294922,221685400
2025-08-01,173.6641186818972,176.1081221843386,170.47194991004753,173.29502868652344,204529000
2025-08-04,174.7315205700618,179.75918483209097,174.0930867713682,179.55967712402344,148174600
2025-08-05,179.18058718831315,179.81902093485988,175.46968627980374,177.82391357421875,156407600
2025-08-06,175.898641889325,179.4599006050506,175.81883576850015,178.9810791015625,137192300
2025-08-07,181.12581999654523,183.43016644757114,178.36259217804582,180.32777404785156,151878400
2025-08-08,181.10587113034643,182.85159004607542,179.95867528141937,182.2530517578125,123396700
2025-08-11,181.6046387082212,183.39025298215157,179.80903915640334,181.61460876464844,138323200
2025-08-12,182.51242163652668,184.02869221788941,179.0209838780724,182.71192932128906,145485700
2025-08-13,182.17323092856017,183.51993435768304,178.91124166315015,181.145751953125,179871700
2025-08-14,179.31025614092474,182.57226061200618,179.02097229994772,181.57470703125,129554000
2025-08-15,181.43506987144983,181.45500998578265,177.6044521364236,180.00856018066406,156602200
2025-08-18,180.15818875593718,182.49246055927404,180.14820347806383,181.56472778320312,132008000
2025-08-19,181.98369406640825,182.0535301239894,175.0606849397743,175.21031188964844,185229200
2025-08-20,174.74146841521826,175.56943975883806,168.38705663117767,174.9709014892578,215142700
2025-08-21,174.42225404103465,176.46722675550242,173.38478976711397,174.5519256591797,140040900
2025-08-22,172.18775194658505,178.15311905934888,170.78119751777692,177.55459594726562,172789400
2025-08-25,177.91369740024777,181.46498591558236,176.13805314258047,179.3701171875,163012800
2025-08-26,179.61950918930867,181.94381103857447,178.37256711704984,181.32533264160156,168688200
2025-08-27,181.5347912004848,182.04355325393357,178.66184732021665,181.15573120117188,235518900
2025-08-28,180.37766708382995,184.01873199506826,175.97845161993425,179.729248046875,281787800
2025-08-29,177.674269227683,177.71416467354967,172.72639675993378,173.75387573242188,243257900
2025-09-02,169.58412249632292,171.9583050821389,166.81092453439402,170.36221313476562,231164900
2025-09-03,170.6415475595936,171.98825125424256,168.4668876205481,170.20262145996094,164424900
2025-09-04,170.1527518438138,171.43958949445846,168.9955858311417,171.24008178710938,141670100
2025-09-05,167.61895876455202,168.61651253460658,163.66865435915497,166.61143493652344,224441400
2025-09-08,167.14011909123317,170.54178073137314,166.9406114031506,167.89825439453125,163769100
2025-09-09,168.67632677148754,170.56170237945196,166.33208505275803,170.3422393798828,157548400
2025-09-10,176.2078799889887,178.85139113084074,175.04074401948455,176.8961944580078,226852000
2025-09-11,179.2505624618324,179.8491345673521,176.05821341780958,176.74656677246094,151159300
2025-09-12,177.34510547722002,178.1731234709029,176.02825318201792,177.39498901367188,124911000
2025-09-15,175.25011923668302,178.4225264520066,174.0928881658194,177.3251495361328,147061600
2025-09-16,176.5769489507663,177.0757538913052,173.96321593348455,174.46202087402344,140737800
2025-09-17,172.22736966160153,172.78602876073558,168.00748411706098,169.8829803466797,211843800
2025-09-18,173.56417834624654,176.67673180432445,172.54662713675344,175.81878662109375,191763300
2025-09-19,175.34988368438943,177.65435995090164,174.76128231706025,176.2477264404297,237182100
2025-09-22,174.88102184557565,184.10891359634738,174.2924356467209,183.17115783691406,269637000
2025-09-23,181.53508786527138,181.98400930831284,175.78885990523673,178.0035400390625,192559600
2025-09-24,179.34032288959435,179.35029350783142,174.9807575937583,176.54701232910156,143564100
2025-09-25,174.06298508983102,179.82916955782613,172.71622074990066,177.26531982421875,191586700
2025-09-26,177.74415791919978,179.3403398828169,174.51189629291883,177.7641143798828,148573700
2025-09-29,179.99875523700084,183.56023005067578,179.88903275637574,181.41537475585938,193063500
2025-09-30,181.64480411708308,186.9022123120565,181.04623211551163,186.13404846191406,236981000
2025-10-01,184.79726069745416,187.6903232769056,183.46045188172369,186.79248046875,173844900
2025-10-02,189.146847340247,190.59337868298996,187.6105195355423,188.43853759765625,136805800
2025-10-03,188.7378093314507,189.90501102540352,184.93691825112066,187.1715545654297,137596900
2025-10-06,185.0566446584491,186.78250559975277,182.8918329061041,185.09654235839844,157678100
2025-10-07,185.78489078203316,188.6081286768816,183.56022492696124,184.5977325439453,140088000
2025-10-08,186.12408236678675,189.14683908131633,186.09414006589398,188.6580047607422,130168900
2025-10-09,191.77054228398893,194.83321191134357,190.60334055524348,192.1097412109375,182997200
2025-10-10,193.04749823427522,195.15245586263575,181.61489659616785,182.7222442626953,268774400
2025-10-13,187.52073401073042,189.65561858658472,185.51554359294212,187.86990356445312,153482800
2025-10-14,184.3283771191491,184.35830419700528,179.27048784899807,179.59970092773438,205641400
2025-10-15,184.35831474003746,184.42813951825556,176.86625456034105,179.4001922607422,214450500
2025-10-16,181.79445210488134,182.84194556906473,179.34034021746592,181.37545776367188,179723300
2025-10-17,179.74934657743225,183.65999082680747,179.3203816221287,182.78208923339844,173135200
2025-10-20,182.69231029505525,184.75735492260156,181.2956472677441,182.20347595214844,128544700
2025-10-21,182.35309871753384,182.35309871753384,179.37025499304198,180.7270050048828,124240200
2025-10-22,180.7070509305708,183.00155667206866,176.33751483638122,179.84910583496094,162249600
2025-10-23,179.988777912505,182.59254038327154,179.3602787988416,181.72462463378906,111363700
2025-10-24,183.40059008116805,187.0219186862977,183.06140638753934,185.81480407714844,131296700
2025-10-27,189.53590332097463,191.54109366524804,187.97961914819697,191.03231811523438,153452700
2025-10-28,192.58860677151606,202.6644582837766,191.45133202040452,200.54953002929688,297986200
2025-10-29,207.482921843539,211.6828666070652,204.29057291407037,206.545166015625,308829600
2025-10-30,204.65966800141675,205.66726375798942,200.9286166610889,202.4050750732422,178864400
2025-10-31,205.95656932325562,207.4729406961805,201.5870481318289,202.00604248046875,179802200
2025-11-03,207.58265732795536,210.83485992622803,205.068676268978,206.38552856445312,180267300
2025-11-04,202.51479915904252,203.48248192945988,197.4569099225941,198.21510314941406,188919300
2025-11-05,198.29492759193732,202.43500266122365,194.18476438007542,194.74343872070312,171350300
2025-11-06,195.95054108781363,197.1476699621838,185.9345440647224,187.63047790527344,223029800
2025-11-07,184.45808484875374,187.86992448023628,178.48241062826605,187.7003173828125,264942300
2025-11-10,194.6436788693004,199.46213677715232,193.32682642239038,198.5742645263672,198897100
2025-11-11,194.69355355890158,194.9529266552934,190.84277869998112,192.69833374023438,176483300
2025-11-12,195.25221648764446,195.4218083488666,190.673190567689,193.33680725097656,154935300
2025-11-13,190.59336353184335,190.98243076168436,183.4105757073767,186.4133758544922,207423100
2025-11-14,182.4229582335574,190.55347333374138,180.14840873831534,189.71548461914062,186591900
2025-11-17,185.52550787171305,188.54826454585316,183.8794576828592,186.1540069580078,173628900
2025-11-18,182.94170515591497,184.35830936263392,179.22060933347112,180.92652893066406,213598900
2025-11-19,184.34831228056447,187.41098174033533,182.39300555425,186.07418823242188,247246400
2025-11-20,195.4816571057099,195.53154064523628,179.42014682895694,180.208251953125,343504800
2025-11-21,180.80682891210233,184.11888595894638,172.51667761994415,178.4524688720703,346926200
2025-11-24,179.0610093294625,183.06141961318156,176.0581937395723,182.1136932373047,256618300
2025-11-25,174.49194072660026,177.73417270583553,169.14475137656873,177.39498901367188,320600300
2025-11-26,181.19589856886267,182.47283807635972,177.81400147563977,179.82916259765625,183852000
2025-11-28,178.5821404669205,178.86147001761242,176.07814512953246,176.5769500732422,121332800
2025-12-01,174.34231895632354,179.8690869073362,173.26489832447646,179.489990234375,188131000
2025-12-02,181.32556167204697,185.21624923794855,179.56977380817938,181.0262908935547,182632200
2025-12-03,180.6472109015755,182.01393165685582,178.68191808959097,179.1607666015625,165138000
2025-12-04,181.1960032737075,184.08924235816875,179.53989011299373,182.951904296875,167364900
2025-12-05,183.46070200471706,184.22890867632069,180.48766317737477,181.98416137695312,143971100
2025-12-08,182.213626289633,187.56111397793046,181.9741810893209,185.11683654785156,204378100
2025-12-09,185.12679644575,185.2864265695677,182.89203560496765,184.53817749023438,144719700
2025-12-10,184.53819180758595,185.0469957406681,181.61502392815055,183.35096740722656,162785400
2025-12-11,179.85912243695617,180.89670300875093,176.20766331092784,180.50759887695312,182136600
2025-12-12,180.68718311570447,182.39319766595756,174.21232912082112,174.6114044189453,204274900
2025-12-15,177.52459033283526,178.0034654802094,174.6213802569945,175.87843322753906,164775600
2025-12-16,175.8485164107673,178.07332144734244,174.4916907151964,177.30511474609375,148588100
2025-12-17,175.68889685369163,175.71882560019336,169.91240520818417,170.5409393310547,222775500
2025-12-18,174.1225483861358,175.7387615308714,171.41888356310693,173.73345947265625,176096000
2025-12-19,176.2575523358494,181.0263919449467,175.92832091222974,180.56747436523438,324925900
2025-12-22,183.49062822521734,183.73007341419415,181.9243013805983,183.26116943359375,129064400
2025-12-23,182.5428423541149,188.88799500778453,182.47299846788633,188.76828002929688,174873600
2025-12-24,187.50124372172942,188.4689804086018,186.154389299292,188.169677734375,65528500
2025-12-26,189.47662851874142,192.240166195598,187.5611125998212,190.085205078125,139740300
2025-12-29,187.2717899684254,188.31932652162573,185.47598909796272,187.7805938720703,120006100
2025-12-30,187.8005508490403,188.5487999407664,186.49359631469858,187.1021728515625,97687300
2025-12-31,189.12746144975497,190.11514057964584,186.0546497967401,186.0646209716797,120100500
2026-01-02,189.39681300359115,192.47959571470966,187.8204997023152,188.4091339111328,148240500
2026-01-05,191.31233377676458,193.1779786425506,185.7154296257417,187.6808319091797,183529700
2026-01-06,190.07522846701318,191.72137039337454,186.3838692947835,186.80288696289062,176862600
2026-01-07,188.12978540958392,190.9232365533545,186.12446806753155,188.66851806640625,153543200
2026-01-08,188.66852284990722,189.10749810453436,183.28113525242415,184.60801696777344,172457000
2026-01-09,184.64792389684447,185.9049768874807,183.2412119543349,184.42843627929688,131327500
2026-01-12,182.79226917353867,186.6831584288149,182.59273912358015,184.5082550048828,137968500
2026-01-13,184.5681140987238,187.6708543554723,182.97184323887342,185.376220703125,160128900
2026-01-14,183.88968589856495,184.02935843961012,180.3778995796448,182.71243286132812,159586100
2026-01-15,186.06460797964908,189.25713440169068,185.895006678512,186.6133270263672,206188600
2026-01-16,188.63857958929228,189.99540517049002,185.6455833269296,185.79522705078125,187967200
2026-01-20,181.47532662721457,181.95421697054311,177.19534884297914,177.65428161621094,223345300
2026-01-21,178.6320081827799,184.94723253133864,177.9835164834521,182.8920440673828,200381000
2026-01-22,184.31869154642928,185.7353746560278,183.5005985718231,184.40847778320312,139636600
2026-01-23,187.06227125943187,189.15737478680413,186.38386606278428,187.23187255859375,142748100
2026-01-26,186.7230748442759,188.6784906596197,185.55580805974404,186.03468322753906,124799600
2026-01-27,186.80288446054914,189.55643562401056,185.2664711415707,188.07989501953125,143711600
2026-01-28,190.82347487286611,191.9009553855833,189.3968053634026,191.07289123535156,148552700
2026-01-29,190.89331059974717,193.0283141326731,185.62563804704834,192.06057739257812,171764400
2026-01-30,190.76362243793778,194.0359639826301,189.0276790286862,190.68380737304688,179489500
2026-02-02,186.7629812920276,189.8557504766133,184.4484052141589,185.17669677734375,165794100
2026-02-03,185.8052108647954,185.8351396091497,175.81857039871747,179.91897583007812,204019600
2026-02-04,179.04104143486663,179.16075641282603,171.50866453387607,173.78334045410156,207014100
2026-02-05,174.5215964583249,176.40719862825284,170.6307075914073,171.47872924804688,206312900
2026-02-06,176.277498975506,186.56342663955238,174.1923819783884,184.97714233398438,231346200
2026-02-09,183.82983865020864,193.20790343822367,183.52056478242866,189.59634399414062,196387400
2026-02-10,190.93321971968697,192.0306425866914,187.6808205923615,188.09983825683594,136764800
2026-02-11,192.00071425091673,192.80882083578368,188.329312674443,189.6063232421875,144192700
2026-02-12,192.5793648877844,193.1580126884611,186.07458174632154,186.5035858154297,189932500
2026-02-13,187.04232046551596,187.0622780376601,181.16607138035295,182.3832244873047,161888000
2026-02-17,181.3256935584433,186.71308084037668,178.76168607280786,184.53817749023438,162276900
2026-02-18,188.3093443160685,189.92555739322245,186.3239846890322,187.5411376953125,164749100
2026-02-19,186.62329889395997,187.9900957055448,185.22657333636724,187.46133422851562,126554500
2026-02-20,186.13446388219373,189.88568076730476,185.50592973146237,189.3768768310547,178422300
2026-02-23,190.9531700210539,193.49722008283115,189.13742673270812,191.1028289794922,171584800
2026-02-24,191.04296985904048,193.31764595479845,186.96250644177093,192.39979553222656,175123600
2026-02-25,193.9960453222018,197.16862939564908,193.33758246616242,195.10345458984375,250637100
2026-02-26,193.81646526905493,193.8364076167612,183.88969739169633,184.45835876464844,360807900
2026-02-27,180.82687141264745,182.16373952566906,175.96824531148394,176.77635192871094,311636500
2026-03-02,174.60143816018197,183.0317240302905,174.23230678711255,182.0540008544922,209095300
2026-03-03,178.0732983803544,180.47766036606842,176.50695643346228,179.62965393066406,178099400
2026-03-04,180.01876499488523,184.26881453838726,179.63964723402094,182.61268615722656,177731200
2026-03-05,180.74705501791135,183.6303076754259,177.4647422536165,182.9119873046875,198779700
2026-03-06,179.42014994688597,182.3333312190456,176.40721126414203,177.40487670898438,189021900
2026-03-09,176.4171820751478,182.48298979408452,175.1501427003192,182.2235870361328,177213600
2026-03-10,181.97417604353973,186.00475307627937,181.5850871183009,184.33865356445312,179118500
2026-03-11,185.4860219488843,187.1921136401388,184.02934488988058,185.60574340820312,145280400
2026-03-12,183.63027948516628,184.51824924312825,181.33552155955923,182.72235107421875,155762700
2026-03-13,184.49827615888313,185.6656060713691,179.5296376335348,179.83892822265625,160988400
2026-03-16,182.55273992235968,188.44926587891726,180.9962999229416,182.8021697998047,217307400
2026-03-17,184.63795767039014,184.97717862722422,181.26566108165355,181.5150909423828,182497800
2026-03-18,182.06384475172882,182.96180140975886,179.91875397930713,179.98858642578125,156683100
2026-03-19,177.60403750119184,179.56954607641802,175.38909905828712,178.1527862548828,170968500
2026-03-20,177.59405294207926,177.85345450506617,171.32837633709812,172.30613708496094,241323500
2026-03-23,176.85574153065542,177.96321071223454,174.36144294367455,175.23944091796875,182836300
2026-03-24,174.4312942297872,175.81812366395545,173.58322660302642,174.80044555664062,147667800
2026-03-25,176.69612335614488,180.8067226806179,176.44669348987364,178.2725067138672,162602100
2026-03-26,175.66847416549638,176.10745794358192,170.74970926821888,170.8494873046875,186152200
2026-03-27,169.61229451028825,170.58008352629554,166.62910808502988,167.13795471191406,196212700
2026-03-30,168.3950875250076,169.0635577295173,163.89537828689438,164.79331970214844,185627000
2026-03-31,166.58922503111532,174.22177306603788,166.57925331681818,174.0022735595703,226181300
2026-04-01,175.59862725595661,176.96549806235143,174.3514779146501,175.3491973876953,168132000
2026-04-02,171.7873183615289,177.0852211444685,170.9791680862979,176.98544311523438,143143200
2026-04-06,176.75597747742694,177.3845303646084,175.35916114415525,177.23487854003906,107564300
2026-04-07,175.32922705160684,177.8235255680002,173.26395579650787,177.69383239746094,132534900
2026-04-08,184.079243714486,184.83750503722598,179.8888249511496,181.66476440429688,147732700
2026-04-09,181.42529878487736,183.6601958045732,180.20807985372045,183.49058532714844,116428500
2026-04-10,183.88967366981893,189.56669990817062,183.87970195572368,188.1998291015625,160459500
2026-04-13,185.605746824658,189.2274732756209,185.3164148846483,188.87826538085938,133648200
2026-04-14,190.40477641072036,196.0618438720703,190.33494396561244,196.0618438720703,161307000
2026-04-15,196.09178511161633,199.94298301571828,195.2936216855987,198.41647338867188,185338400
2026-04-16,196.97974400923295,199.39423847906178,195.36344336942167,197.8976593017578,134012900
2026-04-17,199.44410763257105,201.2400056483541,198.8155547450397,201.2200469970703,160324400
2026-04-20,199.52392392325544,201.70893187328167,197.38880498867078,201.59918212890625,119381400
2026-04-21,201.66904795828867,202.28762917830338,198.54618104306965,199.42417907714844,107945300
2026-04-22,200.53164182940822,202.03819274902344,198.54617460274403,202.03819274902344,107501000
2026-04-23,201.99828375930824,203.3651545152774,196.77022843278436,199.18470764160156,113561800
2026-04-24,199.50398270942756,210.46890943516505,199.35431566144254,207.79502868652344,214134400
2026-04-27,209.17187844164343,216.33551207209098,206.90706623150768,216.1160125732422,187172400
2026-04-28,209.01225288404052,214.2402930542568,207.72518626919629,212.68385314941406,180275400
2026-04-29,212.2149257168926,212.23488436877426,207.10660696252424,208.77279663085938,123711800
2026-04-30,209.45124259423534,209.82040915320695,198.24685712515335,199.11488342285156,225239200
2026-05-01,200.8209691272831,202.5370477944956,196.67045257290908,197.99742126464844,128647000
2026-05-04,199.04502180842945,201.2699318245734,194.29588290907526,198.02734375,125368100
2026-05-05,198.84548202478717,199.7833407086998,195.58293528206713,196.05186462402344,113406600
2026-05-06,199.43413852494058,207.7950323152332,198.15705885791613,207.3560333251953,188362800
2026-05-07,207.86487247229027,213.7115092245668,206.02907228582575,211.01766967773438,168307900
2026-05-08,212.5441790763045,217.30330524675068,212.40449895841255,214.709228515625,136421400
2026-05-11,213.55186573785767,221.79303819063418,213.40221390900197,218.93955993652344,160685800
2026-05-12,218.05159434962442,223.23973257586303,214.42986778297353,220.27650451660156,159176600
2026-05-13,224.41703053540263,227.32039781394542,221.0647077692387,225.3149871826172,150405400
2026-05-14,229.32582552778115,236.00055597235212,228.77707677625682,235.202392578125,180782900
2026-05-15,229.23602944473367,230.9720668751014,223.7286287034134,224.80616760253906,180977600
2026-05-18,229.34577348371204,229.4754818886306,217.8719993892805,221.81300354003906,146280900
2026-05-19,219.11914008419038,223.96805720569674,217.41304835521052,220.1068878173828,140948200
2026-05-20,222.6710257508039,225.61431038954527,219.9971448577806,222.9603729248047,184201600
2026-05-21,221.78305837384474,226.8814055684356,217.43300079554024,219.0093994140625,203381800
2026-05-22,220.39621757095847,220.50596731800164,214.3101381389001,214.83892822265625,169275700
2026-05-26,216.04617181279934,217.68243116855118,211.5165320236786,214.37001037597656,187202600
2026-05-27,213.63168066177133,213.66161102691768,208.30386252985457,212.1151580810547,167601200
2026-05-28,210.79815519844968,215.02849096688144,210.73829446983814,213.76138305664062,143996000
2026-05-29,214.09065053210412,217.36316924965476,210.64852132770383,210.6584930419922,289410600
2026-06-01,215.23801892090273,224.35717434911126,215.20808855445495,223.8483428955078,212850700
2026-06-02,226.66188583823322,231.75026086454594,220.84519513709748,222.3118438720703,193362900
2026-06-03,221.2143597561905,222.31185725112735,214.02079575535723,214.26025390625,160907000
2026-06-04,213.67091279390368,221.35231998810906,210.73419644348996,218.4156036376953,169022200
2026-06-05,214.2902104723603,214.62982678346356,204.10161444712602,204.87075805664062,219655500
2026-06-08,209.94507132882276,210.23475572682116,205.76975069388217,208.40679931640625,138372800
2026-06-09,210.3845825512031,211.16370951624515,199.11719156565087,207.95730590820312,180962500
2026-06-10,204.20149632565034,206.98838641050182,199.696542748819,200.19598388671875,161746600
2026-06-11,201.26479475008583,205.43013200106668,199.31696212361035,204.64100646972656,158643200
2026-06-12,204.6310298517525,206.83856645475237,203.21261880599855,204.96066284179688,112001800
2026-06-15,208.68648640498938,212.47225882321928,208.10713284720606,212.21253967285156,149936700
2026-06-16,210.94395209283806,211.25361840198772,207.05830064217733,207.1781768798828,125694100
2026-06-17,208.29691745433288,208.9761653200819,202.8530121596522,204.42124938964844,128363500
2026-06-18,207.09826842291386,211.1537281092123,206.26919428756833,210.4545135498047,241272000
2026-06-22,211.2036686200953,213.7508214450341,207.48782537372824,208.41677856445312,122041400
2026-06-23,201.94403040148535,203.54224815949766,199.77645766483005,199.81640625,153496200
2026-06-24,199.89631590195674,201.44458647582786,196.36027935647695,198.77757263183594,151810700
2026-06-25,199.85637045714446,200.5755669254449,191.9152592982058,195.52122497558594,149550000
2026-06-26,192.90414096411192,195.33143282930595,191.0062707295152,192.31480407714844,179304100
2026-06-29,193.63333194293918,195.96071419295149,189.58785574691487,194.7520751953125,148835700
2026-06-30,197.0195429632178,200.4057532237791,194.89191886651452,199.86634826660156,166476700
2026-07-01,195.98069896251877,199.62662840490702,193.23377271109229,197.35916137695312,146147600
2026-07-02,196.9196593659626,199.8363939026278,192.1350197738411,194.61224365234375,142068700
2026-07-06,194.20269428466304,197.32920075051607,193.77318221313826,195.33143615722656,108999000
2026-07-07,192.15498377986222,198.18824142626735,190.92636281467173,196.7098846435547,124154600
2026-07-08,194.9618356993413,204.93069180759116,194.84197470333905,203.891845703125,147419100
2026-07-09,204.23147485952867,204.36131918975943,198.73762239526957,202.5533447265625,132037400
2026-07-10,201.7742207048944,210.7641612313501,201.69430829342895,210.72421264648438,148421000
2026-07-13,208.3069001369788,210.33464515051216,202.77309911383117,203.30250549316406,121411000
2026-07-14,207.96729575339148,212.31243993744155,203.57221964678251,211.5632781982422,124379600
2026-07-15,211.7230919717581,213.57101502024952,205.80969553973085,212.26248168945312,124797200
2026-07-16,209.93509060438328,210.84407715298516,205.61992700554663,207.16818237304688,122986100
2026-07-17,202.41350482950477,206.41901728963356,197.74872640584337,202.58331298828125,144281900
2026-07-20,205.63989694335598,207.50781723343968,202.05391309694542,203.05279541015625,88701500
2026-07-21,207.30802440628602,208.4167843613107,203.78197113093626,207.0583038330078,108685600
2026-07-22,205.57996827489498,214.15038042761168,204.72092886821054,211.82298278808594,137645600
2026-07-23,209.22588688656515,210.63429930291466,205.72979894313582,208.5266571044922,110505300
2026-07-24,207.21812923496972,211.6731509810223,204.5810805834776,206.6088104248047,114836800
2026-07-27,207.96729627325774,208.51668459839084,195.22156333884286,196.2903594970703,154353700
2026-07-28,194.78204700134697,198.47790843456414,192.52457850774027,196.789794921875,134111500
2026-07-29,195.63110696844683,196.84974460884015,189.79762268066406,189.79762268066406,147680800
2026-07-30,193.23377181769484,197.02952748682713,191.3059363552755,194.82199096679688,129010200
2026-07-31,198.2182038580375,201.77422236802423,194.73209918257555,200.52561950683594,139961200
2026-08-03,197.46904862701152,208.50670133078404,196.62999113475112,206.40904235839844,128406900
2026-08-04,211.06382570110384,212.82185300096492,208.8163406042335,211.70310974121094,134922000
2026-08-05,216.6176127852948,221.9716224388697,216.15812022814887,218.9749755859375,158187400
2026-08-06,221.28239358061882,223.38005249670454,216.75745800384053,218.7452392578125,113940600
2026-08-07,221.29237770419127,224.50877992471257,220.41337164588714,223.70968627929688,105669400
2026-08-10,223.15029107269072,223.88946943306019,216.5277120448001,217.3068389892578,115846600
2026-08-11,221.92167541427946,221.9516406634887,215.95834695389817,217.25689697265625,101273100
2026-08-12,220.7929293559802,224.84840415873398,219.95387191061064,223.8395233154297,108783600
2026-08-13,224.80845001468583,226.97602279610956,223.45996804263754,225.04818725585938,98867200
2026-08-14,226.51654155338588,227.23573802273873,224.24907448357243,224.90834045410156,75680900
2026-08-17,225.72741618855906,227.66525027466162,224.60867289832842,224.7584991455078,93678700
2026-08-18,220.20359791537197,221.39227027986857,218.44557057093272,219.49440002441406,103128200
2026-08-19,221.4222404106533,222.62089613745684,216.51772459764655,217.31683349609375,96797300
2026-08-20,218.1159423024499,219.6142657707553,215.41896310784705,216.60763549804688,92457000
2026-08-21,218.17587248780362,218.49552214328025,214.26025565862156,214.48001098632812,98869300
2026-08-24,215.28910206110334,215.34903256074918,207.01835779182306,208.24697875976562,135187300
2026-08-25,210.79412790131315,214.48998931653267,209.87515802586688,212.81187438964844,122309000
2026-08-26,212.40232405945306,213.3612577394914,208.99613188036045,209.4256591796875,179900000
2026-08-27,222.61090164325523,230.21239627098788,220.6530857022795,227.7251739501953,298909800
2026-08-28,227.10587153371227,229.00374173344596,216.56766062888835,217.3068389892578,195116400
2026-08-31,218.62536478578363,221.05265670783686,215.96834944345454,220.53323364257812,124702700
2026-09-01,216.50774446342592,220.1636574397174,214.8595947199138,217.1969757080078,109756200
2026-09-02,218.5454508199983,227.6952163087265,218.23579974693772,224.1591796875,157104700
2026-09-03,225.76737972053164,230.14247379152744,224.49879494304554,228.1946563720703,134681600
2026-09-04,230.83170360414334,234.49759976142684,229.37334400327853,230.10252380371094,135352400
2026-09-08,232.84944771666764,233.44878317831424,224.59868561283858,225.47769165039062,122965600
2026-09-09,225.0281992525124,225.92718720955042,223.21024142511232,223.4199981689453,82955500
2026-09-10,220.52999877929688,220.99000549316406,217.1999969482422,218.36000061035156,105768000
2026-09-11,221.24000549316406,222.0,218.14999389648438,218.2899932861328,88804100
