Date,Open,High,Low,Close,Volume
2015-01-02,170.47257341496748,170.8855799305739,168.6553346631324,169.68785095214844,121465900
2015-01-05,168.64703515309722,168.81223519552856,166.31768556571836,166.62330627441406,169632600
2015-01-06,166.92894957322903,167.44934175106874,164.2609313452381,165.0539093017578,209151400
2015-01-07,166.3755665766757,167.44938618869952,165.92952502298357,167.1107177734375,125346700
2015-01-08,168.5148859394458,170.29082122362388,168.49837475641723,170.0760498046875,147217800
2015-01-09,170.48911913604712,170.50564292912694,168.1019414964393,168.71319580078125,158567300
2015-01-12,168.84533157044453,169.0022760675028,166.78855452639888,167.39154052734375,144396100
2015-01-13,168.60579178755538,169.729170120032,165.6238839596993,166.9207305908203,214553300
2015-01-14,164.9134523048001,166.11118096122874,164.02136956240093,165.91293334960938,192991100
2015-01-15,166.54900663505038,166.86288300701946,164.27747086579527,164.3931121826172,176613900
2015-01-16,164.18664354580645,166.70598626909864,164.00491963763713,166.54904174804688,211879600
2015-01-20,167.1850008985163,167.4493310684787,165.34299571593226,166.90415954589844,130991100
2015-01-21,166.4416627451499,168.22585431367148,165.9790973615987,167.74676513671875,122942700
2015-01-22,168.4983992677013,170.37343973468046,167.12721463947537,170.2412872314453,174356000
2015-01-23,169.98518533689273,170.24125991747914,169.17569624213647,169.307861328125,117516800
2015-01-26,169.09316504647256,169.7952686930043,168.38279320153632,169.70440673828125,92009700
2015-01-27,167.65579970550144,168.60570927446224,166.63980760768064,167.4658203125,134044600
2015-01-28,168.64706860560267,168.74618612993115,165.1282578484053,165.3182373046875,168514300
2015-01-29,165.51647790768044,167.1024212491774,164.11224581839372,166.8463592529297,173585400
2015-01-30,165.6734494946458,166.9950628601836,164.48398864289024,164.74830627441406,197729700
2015-02-02,165.24390342208943,166.87940563546837,163.4349329327051,166.78854370117188,163107000
2015-02-03,167.68066983135327,169.20879920391286,167.3089664338,169.20053100585938,124212900
2015-02-04,168.44057206127013,169.64655660572535,168.10190370106497,168.55621337890625,134306700
2015-02-05,169.21704055366874,170.40650140888124,169.1427024012078,170.2578125,97953200
2015-02-06,170.62122529181084,171.18292062670562,169.26656461865574,169.78695678710938,125672000
2015-02-09,169.1426798861956,169.86130713891177,168.622287680321,169.02703857421875,87219000
2015-02-10,170.05955750358785,171.08380553916865,169.0683318377307,170.82774353027344,96164200
2015-02-11,170.6625165467923,171.35636432033186,170.0182275279404,170.9268341064453,91087800
2015-02-12,171.719840560346,172.62845989396322,170.9599101194834,172.5706329345703,97545900
2015-02-13,172.69454368851316,173.33056462266381,172.43846907159076,173.281005859375,93670400
2015-02-17,172.96709889458353,173.72704186582325,172.7193051039149,173.55357360839844,76968200
2015-02-18,173.18191747029533,173.6444828107608,172.9175872163378,173.5701446533203,80652900
2015-02-19,172.97536146007414,173.80962993740306,172.83494078194687,173.44618225097656,91462500
2015-02-20,173.033132833134,174.5612613340916,172.41362332257606,174.48692321777344,140896400
2015-02-23,174.23920742827661,174.4622344970703,173.85923585195994,174.4622344970703,74411100
2015-02-24,174.38784325925505,175.15604182724803,174.09047810454112,174.95779418945312,72472300
2015-02-25,174.83389192729734,175.31298091762983,174.47044423780673,174.80911254882812,73061700
2015-02-26,174.71830246796685,174.87524698081072,173.99966246725876,174.6026611328125,72697900
2015-02-27,174.5035195995795,174.7678498363769,173.95836054311377,174.00791931152344,108076000
2015-03-02,174.1070098663145,175.16430544173227,174.05745110558516,175.1064910888672,87491400
2015-03-03,174.67697275512717,175.15606181483415,173.52881517195365,174.3878631591797,110325800
2015-03-04,173.7930695743558,173.8674202974454,172.68621556515376,173.65264892578125,114497200
2015-03-05,173.9748649116038,174.12355381496485,173.3388439366605,173.84271240234375,76873000
2015-03-06,172.98366399574914,173.41319434208773,171.067320134475,171.39772033691406,188128000
2015-03-09,171.5959387365701,172.46324227095045,171.43899425580943,172.10806274414062,89818900
2015-03-10,170.74514307546252,170.82773680839537,169.27482842335175,169.31613159179688,157121300
2015-03-11,169.57217657973325,169.7456448282181,168.8370256294043,168.9196319580078,110145700
2015-03-12,169.54741781479228,171.13336120593354,169.4978590531875,171.06729125976562,93993500
2015-03-13,170.79467305582406,171.75283834092306,168.9857029767861,170.01821899414062,162410900
2015-03-16,170.74513950639326,172.380641590183,170.0430234693745,172.28977966308594,136099200
2015-03-17,171.55466762970326,172.1576536807261,170.96819276629859,171.77769470214844,94510400
2015-03-18,171.30684628378546,174.51178095757123,170.67081270488325,173.84271240234375,228808500
2015-03-19,173.42965405316122,173.85091604621357,172.6614555905891,173.0496826171875,117917300
2015-03-20,173.99640669875154,175.0833117613719,173.81387167111257,174.5771942138672,177715100
2015-03-23,174.5855025701291,175.1579976944319,174.23703002929688,174.23703002929688,71784500
2015-03-24,174.11261643600022,174.56894148177798,173.1916485785176,173.25802612304688,77805300
2015-03-25,173.46546563855657,173.69778073363207,170.67767183742748,170.71914672851562,159521700
2015-03-26,170.0553102954272,171.22517762361446,169.35835270347835,170.31251525878906,153067200
2015-03-27,170.19638183333447,170.87672931710654,170.0055416991604,170.70249938964844,118939000
2015-03-30,171.73131157884472,173.08372670196508,171.71472669332005,172.7850341796875,96180400
2015-03-31,171.96363121206426,172.66058888963727,171.21690621635824,171.2749786376953,126768700
2015-04-01,171.2417760098176,171.2666659960578,169.68193601760873,170.66928100585938,137303600
2015-04-02,170.60294970108774,171.73134247042432,170.4204146457377,171.28330993652344,86900900
2015-04-06,170.39548636758687,172.950963908092,170.26274398824668,172.43655395507812,114368200
2015-04-07,172.461467457011,173.20819250095542,171.94705743385904,171.98023986816406,81236300
2015-04-08,172.20431584727154,173.00082111978523,171.81435565710774,172.5610809326172,89351900
2015-04-09,172.39506560943883,173.5566405495446,171.90554564612407,173.32432556152344,85548900
2015-04-10,173.57324239659198,174.3116749111512,173.37412249347702,174.2701873779297,72722900
2015-04-13,174.12917502382024,174.75975527148466,173.43222990187343,173.4820098876953,74436600
2015-04-14,173.28288096153133,173.99642359516923,172.6606058505757,173.8138885498047,75099900
2015-04-15,174.27848786713062,175.09988276617088,174.19551280288417,174.59376525878906,99529300
2015-04-16,174.26189611739576,175.05010861308017,174.0627635527124,174.5439910888672,68934900
2015-04-17,173.35754046703426,173.5981479249098,171.7562126949012,172.5361328125,191113200
2015-04-20,173.45707874305626,174.44442376168223,173.37411633977555,174.112548828125,92189500
2015-04-21,174.7928932447818,174.95053826659614,173.6064283504393,173.90512084960938,72559800
2015-04-22,174.24535808105674,174.94231596536792,173.32439022771675,174.75978088378906,78264600
2015-04-23,174.36138182150782,175.8465513310469,174.2452243732935,175.1993865966797,102585900
2015-04-24,175.6143384293135,175.87154345258304,175.15800081050318,175.6060333251953,61327400
2015-04-27,176.17024581984043,176.2946957863419,174.685075365081,174.87591552734375,79358100
2015-04-28,174.8509904598969,175.48155793071655,173.68111036857317,175.43177795410156,86863500
2015-04-29,174.5440107847622,175.30733337852325,173.90515080555448,174.7099609375,125684900
2015-04-30,174.1374775440112,174.52743764078912,172.2623470377464,172.9593048095703,161304900
2015-05-01,173.73917105110024,174.87586863463142,173.63961110459596,174.83438110351562,103399700
2015-05-04,175.25750122730196,175.9129712189305,175.14964885239016,175.33218383789062,70927200
2015-05-05,175.09159061917188,175.44836820377265,173.1832780802404,173.32432556152344,113326200
2015-05-06,173.87200317837147,174.17898825634953,171.54883966822416,172.61085510253906,135060200
2015-05-07,172.5112715607244,173.72263947585762,172.1793965303919,173.2994842529297,88244900
2015-05-08,174.96717621586973,175.78027883907203,174.8842011346324,175.58114624023438,155877300
2015-05-11,175.53966651686653,175.80516398110535,174.66847882878935,174.74314880371094,75708100
2015-05-12,173.91344347223256,174.7597411434483,173.0920357919156,174.22042846679688,119727600
2015-05-13,174.62700942418684,175.24928460026194,174.02133179766892,174.25364685058594,94667900
2015-05-14,175.2659141000497,176.16199203617555,174.9921114534371,176.0707244873047,95934000
2015-05-15,176.261474609375,176.4025220938169,175.78024707763444,176.261474609375,76510100
2015-05-18,176.09555469393385,177.05799719315343,176.02917716636372,176.80909729003906,74549700
2015-05-19,176.92528021508664,177.19908280806544,176.46894256012197,176.75103759765625,72114600
2015-05-20,176.85059685814068,177.37331204809766,176.31129677913978,176.6265869140625,76857500
2015-05-21,176.48550322428738,177.34838570588087,176.31955308609574,177.14096069335938,64764600
2015-05-22,176.75929408842902,177.17414411579225,176.6514416902629,176.7178192138672,57433500
2015-05-26,176.22831309072097,176.65146828487644,174.40297522756453,174.8178253173828,124308600
2015-05-27,175.27415594755252,176.70953365613138,174.86759831808982,176.4772186279297,93214000
2015-05-28,176.17025686369877,176.38597437256442,175.5894692165826,176.2781219482422,74974600
2015-05-29,176.2117399535306,176.25321483710226,174.91740961261766,175.1829071044922,124919600
2015-06-01,175.84665786635355,176.17853287368334,174.75144755376922,175.5396728515625,93338800
2015-06-02,175.08329201026015,176.05403946034752,174.46101702993104,175.36538696289062,91531000
2015-06-03,175.8964251361335,176.45232269634687,175.34052757592013,175.83004760742188,87820900
2015-06-04,175.12482989319332,175.78028749043622,174.02961953601317,174.34490966796875,151882800
2015-06-05,174.19554356303513,174.71825870761285,173.39073340655372,174.04620361328125,121704700
2015-06-08,173.93831567945017,174.08766826979198,172.90119063064117,172.97586059570312,89063300
2015-06-09,172.95103454589844,173.4903473667893,172.3204668407854,172.95103454589844,105034700
2015-06-10,173.71434061537542,175.40693624748826,173.65626818007914,175.0252685546875,134551300
2015-06-11,175.46496915471943,175.971086709297,175.2326541454266,175.5894317626953,73876400
2015-06-12,174.76800006322568,175.4649449951425,173.97148252659449,174.2452850341797,135382400
2015-06-15,173.10860566512972,173.78066063239635,172.403355608492,173.49856567382812,124384200
2015-06-16,173.34926288666625,174.52744835364663,173.17503292818068,174.44447326660156,85308200
2015-06-17,174.72659301757812,175.33228338618358,173.70606513573966,174.72659301757812,126708600
2015-06-18,175.32390383786228,177.0081938141268,174.7597139184238,176.54356384277344,165867900
2015-06-19,176.30186965691723,176.3769028647515,175.3847547107031,175.7599334716797,130478700
2015-06-22,176.67703289958004,177.24396738249402,176.45192057404458,176.6603546142578,70696000
2015-06-23,176.8687485589522,177.11887189486686,176.39352567033555,176.78536987304688,68476800
2015-06-24,176.5185779533559,176.89375658989982,175.47640800639996,175.5014190673828,92307300
2015-06-25,176.00164097690288,176.12669626422877,174.8927707826826,174.96780395507812,97107400
2015-06-26,175.3263229424074,175.56811348606794,174.38420999329747,174.93447875976562,104174800
2015-06-29,173.45879751078752,174.94284674557986,171.19103430939182,171.2660675048828,202621300
2015-06-30,172.8001309279785,172.85016577780942,171.1493370940324,171.62457275390625,182925100
2015-07-01,173.19196933387408,173.44209266901464,172.21649977644702,173.00021362304688,135979900
2015-07-02,173.47542902098317,173.64217365104963,172.4249136801449,172.84178161621094,104373700
2015-07-06,171.5578222941568,173.12523697625988,171.35772111861647,172.34986877441406,117975400
2015-07-07,172.5499731339721,173.55878636499753,170.17382092755489,173.43373107910156,173820200
2015-07-08,172.09976241238823,172.3832295642684,170.29055704167047,170.5240020751953,164020100
2015-07-09,172.6166988345158,172.87516768530955,170.72412724140756,170.83250427246094,144113100
2015-07-10,172.82516963101017,173.40044963894204,170.8742299950883,172.98358154296875,129456900
2015-07-13,174.24250913650008,175.00119930594377,174.20081978785296,174.892822265625,106069400
2015-07-14,174.85109465607158,175.95996493406554,174.79272703637704,175.65147399902344,81709600
2015-07-15,175.69313809511496,176.15169532040034,175.11785836901134,175.5930938720703,97914100
2015-07-16,176.6436384017293,177.0021514892578,176.401860564588,177.0021514892578,106683300
2015-07-17,176.99379455908894,177.21057404232326,176.58527209631774,177.15220642089844,89030000
2015-07-20,177.3772819997103,177.73578226814678,176.92707028928808,177.24388122558594,70446800
2015-07-21,177.1105134144091,177.3689822330543,176.24343366482006,176.5435791015625,77965000
2015-07-22,175.85988456258156,176.56023229667733,175.8265407284811,176.2267303466797,88667900
2015-07-23,176.3601524260903,176.4601966622729,174.876103554315,175.23460388183594,90509100
2015-07-24,175.33463275494265,175.39298764276856,173.08354874880976,173.4170379638672,117755000
2015-07-27,172.53331692506057,173.04189635575844,171.96636987227896,172.4082489013672,132361100
2015-07-28,173.2420249526405,174.66771933333678,172.41663432543018,174.52598571777344,123544800
2015-07-29,174.65094480741746,175.95157041875285,174.50921126995624,175.72647094726562,105791300
2015-07-30,175.21798063623257,175.93499418622278,174.60101134658413,175.76824951171875,91304400
2015-07-31,176.26845462172625,176.2934656827091,175.21795189504306,175.5014190673828,103266900
2015-08-03,175.46811453396106,175.52646944872632,173.95904142640262,174.9095001220703,113965700
2015-08-04,174.83447695443837,175.29303440449476,174.08411947020403,174.56768798828125,81820800
2015-08-05,175.4597553953376,176.17676893261617,174.85946440032282,175.1429443359375,85786800
2015-08-06,175.32634530357268,175.43473505916185,173.12528267877659,173.7089080810547,116030800
2015-08-07,173.55047160996344,173.7005379686232,172.4749451523665,173.37538146972656,117858000
2015-08-10,174.4842726082692,175.64316516294912,174.4842726082692,175.55979919433594,80270700
2015-08-11,174.22577025574114,174.64263815361645,173.21694434529155,173.97564697265625,126081400
2015-08-12,172.6751130263745,174.36759657437065,171.21607460763263,174.18417358398438,172123700
2015-08-13,174.0257316203212,174.70940132497384,173.42544061392488,173.96737670898438,89383300
2015-08-14,173.77562504833537,174.6760616449859,173.63389142503914,174.6010284423828,72786500
2015-08-17,174.00907700255445,175.5764923095703,173.55051957690992,175.5764923095703,79072600
2015-08-18,175.301331420975,175.65149902362893,174.83444128410312,175.06788635253906,71692700
2015-08-19,174.32589715083267,175.09293292005876,172.8752043202157,173.68392944335938,172946000
2015-08-20,172.17478180084714,173.6588305616013,169.99873077406508,170.05709838867188,194327900
2015-08-21,168.18952235257711,170.03208410082271,164.67950169657928,164.93795776367188,346588500
2015-08-24,156.31719117881585,164.6462069534633,152.07346461980424,157.9929962158203,507244300
2015-08-25,162.93700341049941,162.95368169086757,155.84191536900306,156.13372802734375,369833100
2015-08-26,160.1440002975013,162.4034175624489,157.0508343737949,162.1282958984375,339257000
2015-08-27,164.26267427664732,166.26363563658603,162.75361411543824,166.13858032226562,274143900
2015-08-28,165.49662894695211,166.61383235613175,165.01306044406743,166.14694213867188,160414400
2015-08-31,165.17142653523922,166.02184075075263,164.25431191833255,164.80458068847656,163298800
2015-09-01,161.01109506866067,162.3867671258326,159.0184665026377,159.88555908203125,256000400
2015-09-02,162.26167538279665,162.96202320130396,160.42745896303018,162.9203338623047,160269300
2015-09-03,163.62902429870644,165.12141887676555,162.54517766608922,163.03707885742188,152087800
2015-09-04,160.78597809066974,161.62804679436817,159.75214096468508,160.56919860839844,207081000
2015-09-08,163.36224883448918,164.75458655536866,162.72026849359887,164.60450744628906,116025700
2015-09-09,166.18026284486263,166.3053181540487,162.03659397647715,162.40342712402344,149347700
2015-09-10,162.2116895202348,164.42943054395593,161.95323337119268,163.28721618652344,158611100
2015-09-11,162.89530883762922,164.09589045579688,162.18662830079998,164.02919006347656,119691200
2015-09-14,164.2042918267338,164.25431394794666,162.93700962820373,163.4205780029297,79452000
2015-09-15,163.92084010360617,165.90513591068714,163.3789167770044,165.4632568359375,113806200
2015-09-16,165.76339385199034,167.08903100857285,165.4215590465416,166.8972625732422,99581600
2015-09-17,166.7638394581135,169.15665715006932,166.14687038190033,166.5220489501953,276046600
2015-09-18,164.01876403278732,166.5078213622885,163.3902112311698,163.8008575439453,223657500
2015-09-21,164.6305891335132,165.66978848327827,163.5997658860086,164.64735412597656,105726200
2015-09-22,162.4851128142571,162.97119523935484,161.37885361480554,162.51025390625,153890900
2015-09-23,162.67783852718148,163.14715588396928,161.67215665007348,162.25042724609375,92790600
2015-09-24,161.03521979257943,162.12471385357648,159.70269094597663,161.6637725830078,159378800
2015-09-25,163.12198144568706,163.42368722592929,160.75024127088147,161.62184143066406,155054800
2015-09-28,160.72518850580386,160.83414178262998,157.25557652045333,157.56565856933594,178515900
2015-09-29,157.78350936374622,159.01547380900044,156.6604853688763,157.6577911376953,159045600
2015-09-30,159.54344943762996,160.76703778299435,158.764050145454,160.59942626953125,163452000
2015-10-01,160.9765265493402,161.3201384025769,159.08249248924568,161.0184326171875,131079000
2015-10-02,159.04060203189462,163.44884714027629,158.49584867228302,163.4237060546875,211003300
2015-10-05,164.647331093964,166.5581307533342,164.5383778401069,166.33184814453125,126320800
2015-10-06,166.19771724589557,166.7592228059203,165.09984721152352,165.7619171142578,110274500
2015-10-07,166.6922352386378,167.47164753708097,165.50217653537078,167.11965942382812,124307300
2015-10-08,166.7341111939089,168.9130994493407,166.43240532450972,168.62815856933594,153055200
2015-10-09,168.7706658542897,169.2064533701624,168.10020679948332,168.728759765625,107069200
2015-10-12,168.8041883083423,169.0891292594255,168.37677688171752,168.88800048828125,56395600
2015-10-13,168.15884675409936,169.42434143886834,167.65601210879015,167.82362365722656,88038700
2015-10-14,167.76492510688843,168.34319572404036,166.72572600400844,167.01904296875,99106200
2015-10-15,167.68117892937616,169.59197900820092,167.31242579347253,169.58360290527344,134142200
2015-10-16,169.98584592238217,170.37135120218616,169.22319867641423,170.35459899902344,114580100
2015-10-19,169.70920702914214,170.43832397460938,169.3991251627592,170.43832397460938,76523900
2015-10-20,170.00256531023766,170.83224672217682,169.7511416628866,170.220458984375,78448500
2015-10-21,170.63948882314182,170.79033533409486,168.99686546111812,169.16448974609375,102038000
2015-10-22,170.1115543212638,172.23187176059804,169.1645433085749,172.02235412597656,174911700
2015-10-23,173.69011103451444,174.27675782662064,172.89394661751743,173.9080047607422,144442300
2015-10-26,173.7319992431136,173.7906575223188,173.1118225335832,173.48057556152344,69033000
2015-10-27,172.81011938125604,173.48057828002285,172.46650743729634,173.14535522460938,77905800
2015-10-28,173.480587526555,175.13996347879436,172.81851748104603,175.1148223876953,135906700
2015-10-29,174.61199670168938,175.38302003999266,174.49466734125065,175.01426696777344,90525500
2015-10-30,175.20695690570935,175.52542767919257,174.10071087287469,174.2599334716797,131076900
2015-11-02,174.5868559557975,176.51440791141056,174.46113770568715,176.3216552734375,86270800
2015-11-03,175.96968928452853,177.38603067984891,175.74340663627297,176.83290100097656,95246100
2015-11-04,177.12618784722594,177.25189329467037,175.76012897461092,176.29649353027344,96224500
2015-11-05,176.3551573584658,176.8160986601643,175.23214603282946,176.12049865722656,78408700
2015-11-06,175.7769398695307,176.26302237316085,174.70421047805144,176.02835083007812,110471500
2015-11-09,175.41655015621294,175.567409509571,173.43870308601487,174.38572692871094,131008700
2015-11-10,173.9080481009122,174.82155489192934,173.63987212394824,174.78802490234375,75874600
2015-11-11,175.05613820965038,175.10642038441057,174.03369136306415,174.10073852539062,67846000
2015-11-12,173.06150299968849,173.53082028378722,171.65355114739225,171.67030334472656,121315200
2015-11-13,171.25970084267732,171.52787673580528,169.65898322089475,169.74278259277344,153577100
2015-11-16,169.55841348926387,172.38270671213425,169.44107135405784,172.32403564453125,117645200
2015-11-17,172.63417984038364,173.5141438029439,171.70392089635575,172.19837951660156,121123700
2015-11-18,172.67603876700397,175.07292088872342,172.6341454727028,174.93045043945312,121342500
2015-11-19,174.81307345831223,175.19859140679677,174.48622656657122,174.77955627441406,88220500
2015-11-20,175.5338332443972,176.09533884752574,175.03937480420112,175.41650390625,94011500
2015-11-23,175.4751928567913,175.97802744813458,174.75445176671988,175.21539306640625,64931200
2015-11-24,174.20970448066703,175.85232822831483,173.82419922577145,175.45005798339844,98874400
2015-11-25,175.57581912839163,175.77696070861882,175.16515986424037,175.4249725341797,51980100
2015-11-27,175.51702335211712,175.82711799983716,175.03933002185272,175.6259765625,37317800
2015-11-30,175.78527952413694,175.90260887737918,174.78797362760773,174.8969268798828,112822700
2015-12-01,175.5254827993396,176.68202415007264,175.24891800729733,176.56468200683594,97858400
2015-12-02,176.51438142859806,176.83285226890064,174.51139370825462,174.7628173828125,108441300
2015-12-03,175.0142773246412,175.28245325525342,171.59494789072716,172.31568908691406,166224200
2015-12-04,172.31570246678578,175.96969091918655,172.31570246678578,175.67636108398438,192913900
2015-12-07,175.34946223361192,175.7684974241062,173.6481803832403,174.61196899414062,102027100
2015-12-08,173.05316968576795,174.56168624677528,172.45813404692703,173.4386749267578,103372400
2015-12-09,172.8017663177648,174.88855377360304,171.11723635169787,172.0894012451172,162401500
2015-12-10,172.15644016941516,173.84095726678345,171.9217814530039,172.5335693359375,116128900
2015-12-11,170.4216620739042,171.08373222295276,168.8796024470076,169.189697265625,211173300
2015-12-14,169.34893777928676,170.17024341333217,167.57221935379252,170.04452514648438,182385200
2015-12-15,171.55302505022993,172.73470749855906,170.01935453413182,171.82958984375,154069600
2015-12-16,172.9525654775375,174.6454710813745,171.63680174288578,174.34376525878906,197017000
2015-12-17,174.65388239389682,174.72092956664895,171.67035354010022,171.68711853027344,173092500
2015-12-18,170.94684229398453,171.08172177208777,168.46825017924706,168.62843322753906,251393500
2015-12-21,169.800340767622,170.19657911718517,168.6874978631349,170.01953125,99094300
2015-12-22,170.9047934316117,171.85745350417912,169.918416684498,171.5623779296875,111026200
2015-12-23,172.56557498754754,173.7289993524299,172.47283807637507,173.6868438720703,110987200
2015-12-24,173.43390652848993,173.94817246379162,173.18098653564485,173.40017700195312,48539600
2015-12-28,172.70889178931722,173.0461099010935,171.93327984099471,173.00396728515625,65899900
2015-12-29,174.09994421962654,175.17905768630865,174.0662275518134,174.8502655029297,92640700
2015-12-30,174.60576189281886,174.69007284761014,173.46762832336478,173.61094665527344,63317700
2015-12-31,172.9365444743356,173.57726411896667,171.87428283691406,171.87428283691406,114877900
2016-01-04,169.02472259585497,169.47996830831684,167.42290449220576,169.47154235839844,222353500
2016-01-05,169.7918953745946,170.21342442255937,168.65377466351708,169.7581787109375,110845800
2016-01-06,167.2121593520333,168.66222047693086,166.58830452056264,167.61683654785156,152112600
2016-01-07,164.67455717559412,166.45341046435007,163.2076312994672,163.59544372558594,213436100
2016-01-08,164.5565478315544,165.1129693840645,161.513106924341,161.79974365234375,209817200
2016-01-11,162.7186317529785,163.05586269586863,160.02928734368356,161.9598846435547,187941300
2016-01-12,163.40146337567285,164.01689194666832,161.14206185973615,163.26657104492188,172330500
2016-01-13,163.93265430613445,164.2783112341863,158.81529803706786,159.19467163085938,221168900
2016-01-14,159.80163630397985,162.9293740810844,158.20825729993481,161.80810546875,240795600
2016-01-15,157.45794215989585,159.13561930320137,156.40411968734966,158.334716796875,324846400
2016-01-19,160.14735061786772,160.27380420958087,156.97744336907945,158.5455322265625,195244400
2016-01-20,155.9910714143323,158.07342638030607,152.61041236653622,156.51376342773438,286547800
2016-01-21,156.98583868428858,159.22836322824276,155.6622314255676,157.3905029296875,195772900
2016-01-22,159.99560852432583,160.82180208417086,159.23686117443438,160.61947631835938,168319600
2016-01-25,160.11360839355606,160.3075081734972,157.997536987637,158.19143676757812,130371700
2016-01-26,158.84901269600596,160.62786588037858,158.51179458668403,160.3496551513672,141036800
2016-01-27,159.82695436366987,161.49620578116728,157.70244437337146,158.60452270507812,185681700
2016-01-28,160.147314333677,160.34964003457762,157.78674919882445,159.4307098388672,143798800
2016-01-29,160.19787265675834,163.4520768054198,160.07984506023874,163.3171844482422,210529300
2016-02-01,162.31395785495897,164.04222935059738,161.7322457690278,163.2581787109375,136061600
2016-02-02,161.8334403978046,161.84186634784507,159.79322845197512,160.31593322753906,182564900
2016-02-03,161.369775492127,161.6817029141604,157.7361966556225,161.27703857421875,205054900
2016-02-04,160.77961654673646,162.49944941735478,160.14732296923702,161.52993774414062,139531800
2016-02-05,161.01567798450176,161.58895134209288,157.82048044601333,158.45277404785156,180788300
2016-02-08,156.61493026107567,156.9099929217756,154.1110463004901,156.31985473632812,191526700
2016-02-09,154.58316887226096,157.60131910006854,154.44827645822463,156.3282928466797,184513100
2016-02-10,157.15453709720865,158.78163381736744,156.06698443508802,156.19345092773438,148214100
2016-02-11,153.72328809473134,155.2070793291534,152.6694649403076,154.16168212890625,219058900
2016-02-12,155.9320298374662,157.35678720240546,155.0889717482724,157.33993530273438,127632400
2016-02-16,159.14413638202305,160.0209114501945,158.18305032896677,159.99562072753906,120250700
2016-02-17,161.15903893571564,162.98004807787112,161.03257246348142,162.60910034179688,136009500
2016-02-18,162.87881866605304,162.9378389064611,161.63109630818496,161.94302368164062,102343000
2016-02-19,161.1674172080311,162.01890126735088,160.56041434022336,161.86715698242188,114793000
2016-02-22,163.4436752219077,164.35417954418443,163.37622902795616,164.2108612060547,103640300
2016-02-23,163.5532945241324,163.82307932901813,162.01892239045185,162.136962890625,111455300
2016-02-24,160.7122675620218,163.1571323948509,159.60786283690132,162.87892150878906,150812200
2016-02-25,163.32565975002663,164.86003183247877,162.5669125237012,164.85159301757812,110728300
2016-02-26,165.71991833795718,165.81264236909203,164.31200014822562,164.47218322753906,129833700
2016-02-29,164.48906992628648,165.43329090200194,162.9884275052904,163.1823272705078,125918100
2016-03-01,164.40476411830258,167.1025604717824,163.93265361565753,167.01824951171875,141799700
2016-03-02,166.7063516447515,167.81918190324672,166.29324844973772,167.7686004638672,102415000
2016-03-03,167.591469755054,168.44296644404685,167.0181965732756,168.4261016845703,95172200
2016-03-04,168.62002302478663,169.74973050186918,167.7938298010466,168.97410583496094,129293600
2016-03-07,168.05520140505269,169.51370120479942,167.9793292621422,169.10902404785156,100219000
2016-03-08,168.03835062068885,168.54417777416353,167.10255559310772,167.26272583007812,123974900
2016-03-09,168.07210923048493,168.43461813774294,167.2880582940595,168.08897399902344,94801200
2016-03-10,168.57791165780847,169.5137067095646,166.40282010875242,168.22381591796875,156838700
2016-03-11,169.67390440425157,170.980647308,168.2069912334791,170.93849182128906,137964500
2016-03-14,170.4326625925799,171.17454512106875,170.10387038253248,170.71929931640625,73612000
2016-03-15,169.75816509438127,170.74454144381465,169.49681916385336,170.4410400390625,93169100
2016-03-16,169.96054660976955,171.83213693477836,169.9183911248905,171.42745971679688,129303200
2016-03-17,171.34313387955126,173.02081127539734,170.94689554110465,172.51498413085938,134278500
2016-03-18,173.0150015735743,173.53192010962937,172.70146527364525,173.19296264648438,138372400
2016-03-21,172.93022360575443,173.66746300768244,172.70142026604074,173.43865966796875,72926700
2016-03-22,172.66751604840624,173.91320443773537,172.5065197008016,173.34544372558594,97471900
2016-03-23,172.96412238673693,173.150552830856,172.0319701661417,172.2014617919922,81052500
2016-03-24,171.17607690453912,172.15907134055288,170.95575591594056,172.1251678466797,84360900
2016-03-28,172.5404191676539,172.7522707695527,171.77775857297658,172.2268829345703,62408200
2016-03-29,171.82015774642338,173.9302048376433,171.51509085287833,173.82003784179688,92922900
2016-03-30,174.81994487938724,175.3029598090337,174.21828063922183,174.58267211914062,86365300
2016-03-31,174.48940817832624,174.91311126480826,173.99791104636003,174.15892028808594,94584100
2016-04-01,173.16746390532504,175.53172153802493,172.85391481546566,175.3452911376953,114423500
2016-04-04,175.26910050628197,175.4724827357991,174.47253627033734,174.77760314941406,63497000
2016-04-05,173.43865755883377,174.78603056334993,172.7776816347166,173.0319061279297,99662200
2016-04-06,173.03188798409573,174.9809249871637,172.8539269783888,174.92160034179688,91839800
2016-04-07,173.83695269721892,174.1928618424129,172.09976694798488,172.8285369873047,113859000
2016-04-08,174.00641968290486,174.4386052040037,172.7607312933758,173.2946014404297,95040600
2016-04-11,173.93012339335658,174.6250026873143,172.79460218314483,172.8878173828125,83757500
2016-04-12,173.05732137408188,174.7775551858431,172.61666646292107,174.49790954589844,115350600
2016-04-13,175.41312217712402,176.34527437534416,175.2775340518565,176.26052856445312,96336400
2016-04-14,176.31986770012065,176.76899208786213,175.92158563093162,176.26901245117188,65212900
2016-04-15,176.26898125098356,176.40456936338802,175.75206288653632,176.07408142089844,75761600
2016-04-18,176.0740908506917,177.34520037917224,175.4131149303134,177.31130981445312,82531000
2016-04-19,177.73499977198375,178.12479942403957,177.0570721544678,177.87057495117188,88316100
2016-04-20,177.91295087628632,178.7349360253094,177.4384054150759,178.04006958007812,81100300
2016-04-21,178.057001050569,178.16716800323152,176.8113128010852,177.08248901367188,85695000
2016-04-22,176.72657993244698,177.35365229586503,176.18424043766717,177.08248901367188,99251700
2016-04-25,176.48083791459973,176.81980820538138,175.87070432158723,176.77743530273438,66166500
2016-04-26,177.1418610407457,177.54862549811813,176.56563078839832,177.04017639160156,75864200
2016-04-27,176.65880402601422,177.79432543947834,176.30289490822972,177.40452575683594,77329400
2016-04-28,176.65038356084295,177.752001784273,175.379273674979,175.79449462890625,97216200
2016-04-29,175.17582484152928,175.52326451487454,173.7437061790421,174.8453369140625,142424100
2016-05-02,175.34535849252697,176.4130860705998,174.91318581505888,176.23513793945312,62188000
2016-05-03,175.0063607445574,175.24363348503738,173.95557222929278,174.7012939453125,106422100
2016-05-04,173.70983730544705,174.43860730448847,173.22680946555437,173.72677612304688,92243800
2016-05-05,174.19286831503095,174.54877747344975,173.26919838505867,173.69290161132812,67619200
2016-05-06,172.92174770895267,174.37081834059887,172.76922076372438,174.3284454345703,89315000
2016-05-09,174.20130986701582,174.9046456791933,174.02334886427658,174.47247314453125,74374900
2016-05-10,175.1758212505375,176.65878218986694,175.10802719880667,176.64183044433594,77472200
2016-05-11,176.18428717716878,176.71814447543505,174.98944091796875,174.98944091796875,81727000
2016-05-12,175.65885569735008,175.82834731079288,174.03183706537783,175.04025268554688,89586300
2016-05-13,174.74368803932327,175.29449705429184,173.19293269930267,173.5149383544922,96474600
2016-05-16,173.68439660777403,175.70121475883096,173.62507196166376,175.22666931152344,77486800
2016-05-17,174.9555419473399,175.24365703801797,173.06581624757146,173.59121704101562,114924900
2016-05-18,173.24376203518085,174.81993841591333,172.5573649376739,173.6420440673828,120062100
2016-05-19,172.9217078869592,173.32845924429304,171.83702898047395,173.04034423828125,115430500
2016-05-20,173.65053228615866,174.650478644596,173.59968996682053,174.13356018066406,104990400
2016-05-23,174.15045176211112,174.43009737301395,173.70980982710645,173.896240234375,58682600
2016-05-24,174.70972644521828,176.4638634029026,174.68430529485113,176.1503143310547,93537800
2016-05-25,176.82831162377144,177.76046393971208,176.15038384221432,177.34523010253906,76621400
2016-05-26,177.48077241103627,177.70957572593335,177.0824904271165,177.39602661132812,55280700
2016-05-27,177.55704249760646,178.16717607316846,177.50620018804196,178.15870666503906,64211200
2016-05-31,178.42988153996555,178.54004850476804,177.26045662250806,177.8197479248047,109879400
2016-06-01,177.20958762091732,178.36206061705306,177.01468780749235,178.18411254882812,69936200
2016-06-02,177.78581905318447,178.74337924339594,177.31127366150585,178.7264404296875,63044700
2016-06-03,178.16717528087767,178.54003612321796,176.98928103642675,178.19259643554688,101757100
2016-06-06,178.548497626974,179.45522853801452,178.38748836760095,179.0993194580078,64887000
2016-06-07,179.25187675468737,179.93827387747152,179.2264555968358,179.3789825439453,60974800
2016-06-08,179.5145749675031,180.09081806351512,179.38746917520425,179.9636993408203,66170900
2016-06-09,179.23489823755855,179.83656238777846,178.96373495084086,179.71792602539062,73786900
2016-06-10,178.3451210916334,178.68407841192564,177.47228077761466,178.01463317871094,113829200
2016-06-13,177.41297323608163,178.26884889469594,176.55709757746735,176.64183044433594,117751200
2016-06-14,176.26048200142745,176.88756721733517,175.34528179323456,176.29437255859375,125059300
2016-06-15,176.29444825824095,177.41303108091927,175.8622755842411,176.0487060546875,109124500
2016-06-16,176.0486174820603,176.74349669146523,174.21821720061365,176.57400512695312,149533100
2016-06-17,176.47017740743334,176.49573076917162,175.26060396047285,175.91650390625,117055700
2016-06-20,177.87560661878948,178.54853320660186,176.96416042011919,177.04934692382812,82789600
2016-06-21,177.4326875929435,177.96080760410712,176.98974110100497,177.55194091796875,72461700
2016-06-22,177.73083125459377,178.4548777236498,177.1175246684293,177.26234436035156,95560500
2016-06-23,178.71895691353055,179.62187698505792,178.2589834234159,179.57077026367188,102731400
2016-06-24,173.4547347208247,179.6048273711775,172.67958155075527,173.12252807617188,333444400
2016-06-27,171.7170731315458,171.7255995846788,169.21273946713276,170.02197265625,230775800
2016-06-28,171.623305065418,173.1139780365979,171.31665182001268,173.0884246826172,159382400
2016-06-29,174.48542967094025,176.26571631196322,174.383216236283,176.03573608398438,137328600
2016-06-30,176.5042289771642,178.48894240865778,175.9505425669414,178.43783569335938,165021900
2016-07-01,178.43782218963668,179.29816182418008,178.27597560501414,178.8126220703125,106055300
2016-07-05,177.98640172520842,178.09714162296606,176.93016146096247,177.52642822265625,109803700
2016-07-06,177.0323514386638,178.7104246011787,176.376451588928,178.59117126464844,96021500
2016-07-07,178.77006691614102,179.43448030163498,177.71382666106882,178.48045349121094,85593800
2016-07-08,179.7752137111415,181.38514045492198,179.54522046270415,181.1381072998047,133971000
2016-07-11,181.59802778174412,182.347627431479,181.39358796882487,181.7769012451172,73633900
2016-07-12,182.7394842793454,183.39538408097252,181.80248456273526,183.0972442626953,101275600
2016-07-13,183.51464757652928,183.52316102982908,182.58617425894235,183.0717010498047,87324100
2016-07-14,184.33231762191608,184.56231075830385,183.701984355894,184.09381103515625,91230900
2016-07-15,184.65606748793815,184.85198088781613,183.4039010235686,183.8468475341797,107155400
2016-07-18,183.96614240440573,184.50278900963733,183.7105957829792,184.3409423828125,58725900
2016-07-19,183.92349496786622,184.1875549664378,183.67647487174233,184.1534881591797,54345700
2016-07-20,184.15347838031607,185.1586116115223,184.15347838031607,184.92010498046875,58159500
2016-07-21,184.80940237275158,185.0308691313322,183.77870265512237,184.22164916992188,67777300
2016-07-22,184.34089084954488,185.0990040493372,184.07683084702495,185.0478973388672,62787500
2016-07-25,184.84347369635424,184.89458041130248,183.96610709603976,184.5453338623047,55873100
2016-07-26,184.4431389683606,184.98829897865974,183.78723906611887,184.6305389404297,70080500
2016-07-27,185.00534473604847,185.07349136419623,183.66799152922408,184.43463134765625,84083900
2016-07-28,184.23862711764156,184.93712001296757,183.77865381893125,184.6475067138672,65035700
2016-07-29,184.38344623722966,185.30339283201792,184.10234638974194,184.9456329345703,79519400
2016-08-01,185.00531169925665,185.3971384940866,184.34089844051198,184.7923583984375,73311400
2016-08-02,184.54535479474276,184.6986879546182,182.77359448659124,183.60836791992188,92295500
2016-08-03,183.548691897201,184.20459165480156,183.25056509657313,184.14495849609375,53993600
2016-08-04,184.2557558431233,184.6561091839086,182.5010223057108,184.3409423828125,46585500
2016-08-05,184.34090225224605,185.89119555549402,184.34090225224605,185.84860229492188,71892200
2016-08-08,186.0359807982686,186.1382072113854,185.47379401549162,185.73785400390625,39906500
2016-08-09,185.806022031988,186.34265552275468,185.52492210937768,185.84860229492188,51251700
2016-08-10,185.9593393883668,186.03599945766584,185.03937956386426,185.3886260986328,57941100
2016-08-11,185.91671005916,186.49594968708675,185.65265009548986,186.24891662597656,72504300
2016-08-12,185.94235373635624,186.3001268260802,185.68682009747033,186.08717346191406,61313500
2016-08-15,186.45337349587163,186.97298001947587,186.44486004381267,186.6237335205078,49813500
2016-08-16,186.20630781521876,186.27444141028064,185.66114807128906,185.66114807128906,53213600
2016-08-17,185.69523983348304,186.14669969785453,184.860466706597,186.01040649414062,75134300
2016-08-18,185.98490989689367,186.4619232578189,185.8741830080184,186.4278564453125,52989300
2016-08-19,185.95932953177365,186.3341294031093,185.47380278764328,186.15524291992188,75443000
2016-08-22,185.91673532345644,186.3767217077936,185.5504619041114,186.146728515625,61368800
2016-08-23,186.76006735483244,187.05820721101114,186.46192749865375,186.5215606689453,53399200
2016-08-24,186.37672479739823,186.4704247663063,185.1501117490151,185.5675048828125,71728900
2016-08-25,185.1842117036874,185.85715150928922,185.03089154401502,185.43975830078125,69224800
2016-08-26,185.627115791674,186.64928894848688,184.20458942381688,185.09046936035156,122506300
2016-08-29,185.21827125245898,186.26599788851843,185.18419144450021,186.00193786621094,70502200
2016-08-30,185.91674874049886,186.1978486628494,185.14160858841032,185.69528198242188,58114500
2016-08-31,185.36305815850932,185.4823114783603,184.3919916975407,185.16714477539062,85269500
2016-09-01,185.1586345348241,185.46528781237726,184.01720794523555,185.17567443847656,97844200
2016-09-02,186.02744639401368,186.43631300752017,185.43969332592826,186.01040649414062,79293900
2016-09-06,186.29154717458266,186.64930716450087,185.57602719474625,186.57264709472656,56702100
2016-09-07,186.41079634401157,186.73448951712933,185.95082293799388,186.55560302734375,76554900
2016-09-08,186.22339967997087,186.49598614584542,185.8230464317414,186.12969970703125,74102900
2016-09-09,184.81792135656548,184.86902807179513,181.64917503593986,181.6747283935547,221589100
2016-09-12,180.91662068590415,184.68163379603857,180.8484740642897,184.28128051757812,168110900
2016-09-13,183.00351488487263,183.2675748541307,181.01027544179323,181.63209533691406,182828800
2016-09-14,181.68327923819794,182.88433928383373,181.01035235311795,181.56402587890625,134185500
2016-09-15,181.40218712475806,183.76170088109808,181.22330059205066,183.37838745117188,134427900
2016-09-16,182.76363739250482,182.94342749776695,181.9845817718176,182.66946411132812,155236400
2016-09-19,183.32013997282112,183.96222703135763,182.3784070616497,182.7037353515625,80250500
2016-09-20,183.55985516954945,183.71394979635636,182.67805663625666,182.71229553222656,69665300
2016-09-21,183.41431802619306,184.94676009783961,182.7294225333122,184.76698303222656,110284400
2016-09-22,185.77714930568925,186.23088968519738,185.52888144386645,185.93124389648438,76678700
2016-09-23,185.53748245832742,185.67446416968156,184.81834806866058,184.9125213623047,73630900
2016-09-26,184.08201485495417,184.26179184958266,183.21732957458445,183.41424560546875,89827300
2016-09-27,183.25167821266945,184.64713875839672,182.88354144774857,184.552978515625,78494800
2016-09-28,184.7755573811738,185.62311710529872,183.8167114362782,185.46900939941406,87411000
2016-09-29,185.26353650265202,185.66591215313227,183.24310179121994,183.791015625,128070600
2016-09-30,184.62141895723138,185.87991058216204,184.37315105327025,185.1779022216797,117202900
2016-10-03,184.76693322463706,184.95526669769765,184.09915082820336,184.73268127441406,83512100
2016-10-04,184.84404793411028,185.06663343857537,183.20030643277005,183.791015625,119948100
2016-10-05,184.41590153202253,185.03230593275967,184.3474107026862,184.604248046875,72816000
2016-10-06,184.38167063273147,184.95526669769765,183.84232651798825,184.73268127441406,62927400
2016-10-07,185.00672208004403,185.17794271296975,183.37153694951482,184.09922790527344,89788300
2016-10-10,185.0580291748047,185.52032604567063,184.91249102910072,185.0580291748047,51855000
2016-10-11,184.63000405030357,184.6984949069336,181.99316485487475,182.72085571289062,130367400
2016-10-12,182.85785897793858,183.48283321961216,182.36131000631838,182.96060180664062,73866100
2016-10-13,181.63356111941394,182.8578006442703,180.82025358838365,182.3612518310547,101357000
2016-10-14,183.3372428027531,183.79955277491104,182.37839702834248,182.4554443359375,93346200
2016-10-17,182.42981093792665,182.68664842890956,181.64218554533056,181.8219757080078,58275700
2016-10-18,183.4143423549097,183.4742636969639,182.58390858242552,182.96060180664062,76869700
2016-10-19,183.2259466513188,183.75673438142863,182.86637950544184,183.4485321044922,66519200
2016-10-20,183.09747906561424,183.66251861985413,182.44683577070452,183.10604858398438,73639800
2016-10-21,183.10612290915276,183.27734352328338,182.14726395608955,183.1917266845703,89089100
2016-10-24,184.06496797457876,184.33893140659717,183.6197839291966,183.97079467773438,60146600
2016-10-25,183.79096929824388,184.04780670068533,183.19169073474242,183.35435485839844,66542300
2016-10-26,182.53245047935712,183.56834325361558,182.29272604367884,182.98619079589844,75705500
2016-10-27,183.70538728812593,183.73962618296824,182.42121318718085,182.49826049804688,77220200
2016-10-28,182.47262886613797,183.1489549997593,181.24838881942526,181.95895385742188,140623200
2016-10-31,182.2928293344916,182.5154279230453,181.80484985823438,181.96751403808594,61272500
2016-11-01,182.29277374641168,182.34415167961674,179.44191895997065,180.64903259277344,122781800
2016-11-02,180.34082317980477,180.72608581549633,179.12514007455266,179.561767578125,103330800
2016-11-03,179.77586618560713,179.98989526018548,178.46600929425156,178.73995971679688,88939300
2016-11-04,178.85120155849046,179.690191603582,178.3974611112159,178.54299926757812,109122100
2016-11-07,178.5430438028722,182.5154226192163,178.5430438028722,182.48117065429688,109794900
2016-11-08,182.08735611804934,183.86807937626546,181.82196218697854,183.30303955078125,106772100
2016-11-09,181.81335015747885,185.8627882300816,181.78766772262458,185.2463836669922,258429000
2016-11-10,186.03403802709047,186.8987106173026,184.2533149055971,185.70870971679688,172113300
2016-11-11,184.9895328480777,185.52032054765516,184.3388894401023,185.28060913085938,100552700
2016-11-14,185.80287114251522,186.00834370377714,184.68136117179486,185.42617797851562,94580000
2016-11-15,185.81145806271672,186.873046875,185.60599853106606,186.873046875,91652600
2016-11-16,186.25662452049548,186.75317344713747,186.1367687839471,186.5220184326172,65617700
2016-11-17,186.676099078109,187.54077154766955,186.5647998162659,187.48085021972656,69797200
2016-11-18,187.5493174090308,187.72053797721748,186.88153498550636,187.0613250732422,86265800
2016-11-21,187.63490236753012,188.49957464140505,187.4893642459843,188.47389221191406,72402600
2016-11-22,188.7821371419699,189.02184858031546,188.11436769753672,188.84207153320312,67429000
2016-11-23,188.32840436105832,188.9961738326538,188.13150132797097,188.94480895996094,56620200
2016-11-25,189.2871919963481,189.68099791435105,189.21013165300906,189.64675903320312,37872300
2016-11-28,189.33863545407894,189.61258580686132,188.65373997718095,188.7564697265625,76572500
2016-11-29,188.79070329643193,189.5783284459944,188.49105747219588,189.1245880126953,69886700
2016-11-30,189.74101303143192,189.90367717850862,188.61093352329578,188.67086791992188,113291800
2016-12-01,188.97051707232507,188.97051707232507,187.61785196668092,187.97743225097656,79040500
2016-12-02,188.06300726316525,188.55955612953525,187.71199655470292,188.07156372070312,74840300
2016-12-05,188.90198382342916,189.54407080184095,188.7050808077716,189.20162963867188,67837800
2016-12-06,189.39000177393402,189.83518579680896,188.91057885543555,189.80093383789062,59877400
2016-12-07,189.64688221094562,192.3436432705789,189.52702645414632,192.28372192382812,110738100
2016-12-08,192.25805690326916,193.22545950535374,191.99264985895678,192.7545928955078,99714400
2016-12-09,192.97711869989007,193.93596447940914,192.94286674302495,193.91883850097656,88005800
2016-12-12,193.82467072858418,194.304106695277,193.27675697280102,193.69625854492188,102016100
2016-12-13,194.35549606822372,195.48556261678567,194.33837008714514,194.989013671875,110477500
2016-12-14,194.68937324201593,195.3913816792487,192.94288901254768,193.3795166015625,142501800
2016-12-15,193.61923467509018,195.03182111956679,193.38807965321905,194.1757049560547,124972600
2016-12-16,194.63122666208193,194.69151431182837,193.47727268966827,193.7958984375,156420200
2016-12-19,193.97675592107728,194.63985439307436,193.83035994627357,194.21788024902344,90341100
2016-12-20,194.75182675903397,195.1135264473923,194.51932242546528,194.9671173095703,89838800
2016-12-21,194.8379146533777,195.010144436063,194.424560546875,194.424560546875,67909000
2016-12-22,194.27818658290144,194.39874875846775,193.69258948708537,194.08872985839844,56219100
2016-12-23,194.13172634159508,194.38147065827292,193.9422828072615,194.37286376953125,36697800
2016-12-27,194.63984255262181,195.25126022547312,194.62261563301922,194.85513305664062,42672500
2016-12-28,195.1134995195581,195.1307133002148,193.13282409992078,193.24476623535156,64095000
2016-12-29,193.31366332831337,193.66674294079067,192.7625201133474,193.20172119140625,48696100
2016-12-30,193.52895156569957,193.61507303026372,191.80662739674145,192.4955596923828,108998300
2017-01-03,193.79591197608372,194.476237389342,192.79697393302524,193.96815490722656,91366500
2017-01-04,194.2953794720281,195.26849680321703,194.28677258194588,195.12210083007812,78744400
2017-01-05,194.85517515869023,195.1221333389085,194.17484966043173,194.9671173095703,78379000
2017-01-06,195.07904528556946,196.12966407630134,194.5365089692909,195.66464233398438,71559900
2017-01-09,195.4063039034097,195.54409299917106,194.98432972524992,195.01878356933594,46939700
2017-01-10,195.03599735108756,195.87132567623993,194.63125009497077,195.01878356933594,63771900
2017-01-11,194.9326358857143,195.5699005126953,194.2695374492885,195.5699005126953,74650000
2017-01-12,195.05320671675017,195.26849723189008,193.7270229252161,195.07904052734375,72113200
2017-01-13,195.25124681761267,195.8282237519275,195.2168061210621,195.52682495117188,62717900
2017-01-17,194.88961929074637,195.29436658409256,194.45043129043768,194.83795166015625,61240800
2017-01-18,195.08767433052773,195.3115849069483,194.5365310613489,195.26852416992188,54793300
2017-01-19,195.34602527491714,195.48381437704683,194.1145696678997,194.54515075683594,66608800
2017-01-20,195.2254033426013,195.75071263593273,194.59675882444665,195.25985717773438,129168600
2017-01-23,195.25989615458587,195.3201706676685,193.99398683665453,194.75180053710938,75061600
2017-01-24,194.96712884168406,196.41388825981454,194.85518668418274,196.0005340576172,95555300
2017-01-25,196.9478014011602,197.697021484375,196.78417847332832,197.697021484375,84437700
2017-01-26,197.55058518442826,197.8175564796249,197.21473248304858,197.4903106689453,59970700
2017-01-27,197.56778761210302,197.71418357760163,196.99941752937463,197.18026733398438,59711100
2017-01-30,196.4913442470013,196.5171780573932,194.97570376275382,195.95742797851562,79737300
2017-01-31,195.4665590486064,196.0004884566942,194.89820208042732,195.94020080566406,75880800
2017-02-01,195.94021401779992,196.8530437527953,195.43213152610113,196.01771545410156,79117700
2017-02-02,196.01768366488298,196.43105087203583,195.32876460020597,196.14686584472656,69657600
2017-02-03,197.05109133806323,197.67973590662965,196.74107249844477,197.49888610839844,80563200
2017-02-06,197.09416062482688,197.4903009625108,196.80997556219742,197.1458282470703,57790100
2017-02-07,197.53334759389273,197.77447190734355,196.96497750920597,197.15443420410156,57931200
2017-02-08,197.15449049005213,197.5420108801398,196.6119540597534,197.412841796875,51566200
2017-02-09,197.41281856891618,198.88539850604153,197.41281856891618,198.58399963378906,65955200
2017-02-10,198.92844207107467,199.59154055725963,198.60119627316433,199.3676300048828,66015900
2017-02-13,199.85844818533155,200.71100316636242,199.83261438047793,200.45265197753906,55182100
2017-02-14,200.27183115065384,201.2621753275736,199.92737160929255,201.25355529785156,71109000
2017-02-15,201.03832020549314,202.49368647837778,200.98665257407828,202.30422973632812,86785800
2017-02-16,202.3300216006002,202.51087141334727,201.38275122705335,202.1319580078125,84722400
2017-02-17,201.46886778666237,202.45059204101562,201.4516408656272,202.45059204101562,77204100
2017-02-21,202.8209064325544,203.82846453736573,202.81228640155743,203.65623474121094,88946100
2017-02-22,203.251490149344,203.6992849971404,203.08786724175664,203.4753875732422,62115200
2017-02-23,203.99207258780973,204.00928636796786,202.85533236344304,203.6131591796875,74615900
2017-02-24,202.769204202893,203.91453806498942,202.72614347613032,203.87149047851562,82381600
2017-02-27,203.7854077732879,204.36238482880697,203.53567653504197,204.19015502929688,56515400
2017-02-28,203.81123736430177,204.05236170667933,203.2514872424162,203.63900756835938,96961900
2017-03-01,205.29242616150023,206.95447579618843,205.27519924075014,206.48944091796875,149158200
2017-03-02,206.2999495025957,206.3085695316657,205.1373887832171,205.18905639648438,70246000
2017-03-03,205.102992538464,205.4819059958703,204.72407908105768,205.3182830810547,81974300
2017-03-06,204.52598307687302,205.05989933306515,204.10400894970482,204.7068328857422,55391500
2017-03-07,204.40544736476315,204.7585269980592,203.88874482138883,204.09542846679688,65103700
2017-03-08,204.3881664263323,204.64651762974174,203.57867212111717,203.71646118164062,78168800
2017-03-09,203.83711017276136,204.30214516509193,203.0104017379638,203.9748992919922,90683900
2017-03-10,204.93071475412785,204.97377548062298,203.7423070323635,204.68959045410156,81991700
2017-03-13,204.62930009929119,204.83598369955777,204.3020674908966,204.7929229736328,57256800
2017-03-14,204.25043221184765,204.3021129786375,203.39789009404342,204.00930786132812,59880800
2017-03-15,204.57767388337365,206.196662895698,204.34515642855678,205.77468872070312,96081800
2017-03-16,205.91245511123034,205.9899565408601,205.04268618470874,205.3699188232422,78344000
2017-03-17,205.63198195982773,205.82226287274787,205.00924682617188,205.00924682617188,89002100
2017-03-20,205.0092647739321,205.29468616829985,204.39518711730236,204.78439331054688,52537000
2017-03-21,205.3897758435602,205.5108624781259,202.02528307157033,202.15501403808594,131809300
2017-03-22,202.18966922638143,202.91618921870486,201.56693403368797,202.63076782226562,97569200
2017-03-23,202.63073209762806,203.54753285927518,202.04260074013908,202.4145050048828,100410300
2017-03-24,202.7172120670613,203.2880415163762,201.48904386178776,202.2674560546875,112504900
2017-03-27,200.59819347881407,202.3193658995784,200.32142966093872,202.0598907470703,87454500
2017-03-28,201.75720838274196,203.9540701538015,201.6447660551732,203.5302734375,93483900
2017-03-29,203.24484617764165,203.95406426057835,203.0199615290021,203.7205352783203,61950400
2017-03-30,203.65999883500942,204.5681553695538,203.48701978020478,204.3692169189453,56737900
2017-03-31,204.03188422367182,204.55947887025005,203.84160332179414,203.8935089111328,73733100
2017-04-03,203.94543323424176,204.1443585000938,202.31075664668595,203.53892517089844,85546500
2017-04-04,203.25351822724852,203.75516679210006,202.8729563368468,203.66867065429688,56466200
2017-04-05,204.34327805151034,205.32062888253068,202.85563437139967,203.06321716308594,108800600
2017-04-06,203.2016094614245,204.15300091336346,202.76049767058808,203.63406372070312,69135800
2017-04-07,203.38323508840378,204.11841261621606,202.94213649019045,203.42648315429688,74412300
2017-04-10,203.56484825057547,204.34326055720862,203.0199517174591,203.54754638671875,67615300
2017-04-11,203.1670161256462,203.40918946743707,201.81776087925203,203.30540466308594,88045300
2017-04-12,203.02859575515922,203.2188766525714,202.18963357951134,202.4145050048828,81864400
2017-04-13,202.07726559264745,202.8124432573633,201.09991455078125,201.09991455078125,92880400
2017-04-17,201.61886508004835,202.8816375732422,201.41993977680835,202.8816375732422,68405400
2017-04-18,202.14642256401504,202.81240582699647,201.59288163305118,202.27615356445312,83225800
2017-04-19,202.83833857341216,203.21024288163855,201.6793511907246,201.90423583984375,68699900
2017-04-20,202.51830324525685,203.98865813160546,202.1982913499118,203.54754638671875,92572200
2017-04-21,203.46972277708795,203.52161517502364,202.50102948907167,202.8988800048828,110389800
2017-04-24,205.13898490980165,205.3379233603899,202.87292893794245,205.13034057617188,119209900
2017-04-25,205.77038791146632,206.669886959925,205.68389178100873,206.3239288330078,76698300
2017-04-26,206.28936961102488,207.17158018170386,206.15099424887595,206.19422912597656,84702500
2017-04-27,206.51418983204485,206.66986701489674,205.83090478075857,206.36715698242188,57410300
2017-04-28,206.62663754838997,206.65258374786688,205.7876752387527,205.91741943359375,63532800
2017-05-01,206.4364013671875,206.8602113796017,206.0212488881132,206.4364013671875,66882500
2017-05-02,206.57475792811164,206.69584459897976,206.10771311117955,206.51422119140625,57375700
2017-05-03,206.51421282157696,206.60935328750722,205.588754362305,206.2633819580078,73137700
2017-05-04,206.5660888673445,206.6439274612729,205.65793234581244,206.5055389404297,61462700
2017-05-05,206.87745917038717,207.33585960395547,206.4363474040606,207.3185577392578,62001300
2017-05-08,207.3618504525365,207.5088833404866,206.86020184793435,207.2840118408203,48385700
2017-05-09,207.54341448674987,207.7423397129345,206.74768718710308,207.09365844726562,51363200
2017-05-10,207.05040860193037,207.46556091308594,206.8428258476256,207.46556091308594,54293800
2017-05-11,207.01583236805536,207.20611327327558,205.96064305636312,207.04177856445312,62358300
2017-05-12,206.79098702830493,207.0850527749916,206.42772701225834,206.6958465576172,53912700
2017-05-15,207.11961833133617,207.95858054618077,207.10231646782097,207.83749389648438,61918900
2017-05-16,208.13153281577806,208.15747900898575,207.2579801837283,207.64718627929688,51241800
2017-05-17,207.64724366280345,207.64724366280345,203.90218810458956,203.96273803710938,172174100
2017-05-18,203.88488106209277,205.631999962106,203.62540586744421,204.78439331054688,107047700
2017-05-19,205.26871121619024,206.7823009092626,205.21681882402052,206.11631774902344,115011400
2017-05-22,206.6265896712081,207.32717648712196,206.55740862027054,207.162841796875,61010600
2017-05-23,207.53482648845247,207.78565738578942,207.15426457349884,207.62132263183594,48341700
2017-05-24,207.85480369589155,208.2094061280343,207.51747673301352,208.10562133789062,46927700
2017-05-25,208.61593409813327,209.37705782517145,208.4083644980005,209.10028076171875,64071700
2017-05-26,208.91000654420898,209.22137415187208,208.8321679416575,209.0570526123047,46629900
2017-05-30,208.73706919983354,209.12627548785153,208.5813919636103,208.87545776367188,35201900
2017-05-31,209.16942912527443,209.20403284934062,208.13154176000506,208.82347106933594,91796000
2017-06-01,209.28189341336648,210.50141746443626,208.9964720483849,210.48411560058594,68962000
2017-06-02,210.5359958403654,211.34036749477772,210.2419301591628,211.18467712402344,88666100
2017-06-05,211.0116898370438,211.29711117438754,210.83005327784178,211.02899169921875,44698800
2017-06-06,210.466845031661,211.02038598008141,210.27656409337987,210.3544158935547,50375400
2017-06-07,210.69174467946053,210.96850857461544,210.02576134813626,210.74363708496094,54144300
2017-06-08,210.83878303284237,211.32312976002748,210.31983256945347,210.84742736816406,65950700
2017-06-09,211.11547509073324,211.91118918567153,209.26457175746387,210.52734375,132256400
2017-06-12,210.2851903574007,210.53600799468163,209.63650903629403,210.48411560058594,86108100
2017-06-13,211.0204082115211,211.56530488286464,210.6744500313574,211.51341247558594,60067000
2017-06-14,211.7815241526878,211.79016848775927,210.42361129135838,211.2452850341797,78602300
2017-06-15,209.89598483832128,210.95983177720848,209.61922098575457,210.8387451171875,66464900
2017-06-16,210.99780206763052,211.04994752534736,210.00699858556482,210.8848114013672,84553100
2017-06-19,211.71045520387923,212.70125857570505,211.61485078809721,212.6404266357422,65123800
2017-06-20,212.28408116010755,212.29276764813338,211.18898688722953,211.20635986328125,56906400
2017-06-21,211.59754462107009,211.71052204861903,210.6849591389802,211.15428161621094,55977600
2017-06-22,211.1629742389999,211.65836943369348,210.8848474012777,211.0586700439453,44148100
2017-06-23,211.11946010978448,211.64092790155846,210.73704243872845,211.3106689453125,66986800
2017-06-26,211.97995102812823,212.39714130250758,211.24120144982373,211.4497833251953,56700500
2017-06-27,211.23246021410642,211.5279732492118,209.72887535654044,209.7462615966797,82247700
2017-06-28,210.763171460494,211.82350682734375,210.52850359751773,211.6236114501953,70042600
2017-06-29,211.77132102248703,211.82346647947858,208.55555631046235,209.76364135742188,106949700
2017-06-30,210.57191628538862,210.9456474858864,209.96353053531456,210.1547393798828,86820700
2017-07-03,211.0934061863297,211.52796934909023,210.51109313964844,210.51109313964844,39153800
2017-07-05,210.8761103287231,211.2063692920283,210.06781600456577,210.99778747558594,54427600
2017-07-06,210.23293954349657,210.35461668308216,208.88579125834767,209.0683135986328,65400800
2017-07-07,209.64187946209591,210.5718373467715,209.07693962881305,210.42408752441406,57972300
2017-07-10,210.42420889538926,211.02390827791277,210.1200093280225,210.65017700195312,36663300
2017-07-11,210.65014975664388,210.80659939619719,209.3290872496961,210.49371337890625,50354600
2017-07-12,211.45842825120994,212.24063660467954,211.45842825120994,212.07550048828125,59610400
2017-07-13,212.08426995889118,212.54490598142308,211.8582885624513,212.43191528320312,39471600
2017-07-14,212.43189530549742,213.77904401869978,212.3362908610297,213.42269897460938,60262700
2017-07-17,213.34446098258874,213.72687872498506,213.2227838156278,213.3966064453125,33531900
2017-07-18,212.988101404327,213.56172797868854,212.64914265798896,213.50958251953125,42742500
2017-07-19,213.82238250898388,214.6741222767751,213.81368276141407,214.66543579101562,51034300
2017-07-20,214.9175294927569,215.03920663244577,214.21353938014167,214.76109313964844,47135200
2017-07-21,214.18749805873117,214.59598850082523,213.96151672202305,214.56991577148438,82340800
2017-07-24,214.4916752404168,214.65681136046095,214.04842559857326,214.51776123046875,46622300
2017-07-25,215.26519841336034,215.36950258874876,214.81326227999904,215.0392303466797,54915600
2017-07-26,215.32606993450494,215.36082915600542,214.78721579943908,215.04794311523438,47575400
2017-07-27,215.50855164233664,215.54331085727668,213.5269315835862,214.84800720214844,70766600
2017-07-28,214.37001170050198,214.72635669145512,213.91807554115323,214.5959930419922,50088400
2017-07-31,214.9957720304814,215.09137645548512,214.26570910962465,214.47430419921875,65838700
2017-08-01,215.0739934319725,215.10875264770706,214.43083521545947,214.9523162841797,55050400
2017-08-02,215.08271335630772,215.19570403318554,214.1266690023028,215.056640625,47211200
2017-08-03,214.94366690067366,214.96973963403775,214.36135375251345,214.6394805908203,40856000
2017-08-04,215.12609146000827,215.36074595356766,214.64806946270136,215.03048706054688,60191800
2017-08-07,215.10011510452918,215.4303741455078,214.9958109099624,215.4303741455078,31995000
2017-08-08,215.11744331571666,216.3342280791,214.52644380404467,214.90016174316406,61719400
2017-08-09,214.2135620334,214.94362494873806,213.85721706455107,214.8914794921875,62632600
2017-08-10,214.05714999118095,214.18752691726706,211.8061156426909,211.85826110839844,120479500
2017-08-11,212.0842531436359,212.76217075556832,211.84958527433068,212.17115783691406,74869900
2017-08-14,213.4486858455235,214.491634562655,213.41392663507116,214.27435302734375,73291900
2017-08-15,214.65681195914163,214.6741981986198,213.94413528231837,214.24832153320312,55242700
2017-08-16,214.76982020562247,215.16962417546023,214.19619361221802,214.6220703125,56715500
2017-08-17,214.01369614334953,214.32658218751973,211.27593994140625,211.27593994140625,128490400
2017-08-18,211.11075577820276,212.2319360405409,210.50237007009596,210.9456329345703,136748000
2017-08-21,210.88479549613615,211.37150408053873,210.18080534642425,211.1107635498047,65469700
2017-08-22,211.693127736705,213.47482628195309,211.6757414950578,213.31838989257812,63140100
2017-08-23,212.35361724999515,212.9793892079819,212.20586737961136,212.5535125732422,50203800
2017-08-24,212.9359334749582,213.09236983592203,211.84952565110638,212.05812072753906,50741700
2017-08-25,212.8490123140098,213.46609778379067,212.4057627028584,212.5535125732422,64445900
2017-08-28,213.08369316418083,213.10976589220928,212.1450351697119,212.56222534179688,40565600
2017-08-29,211.24987450159514,213.06634561376057,211.13688381841158,212.8056182861328,51135700
2017-08-30,212.78818857668327,214.08319150724105,212.60566622281107,213.81375122070312,62030800
2017-08-31,214.43089703711738,215.34348253957418,213.84858385752375,215.10012817382812,103803900
2017-09-01,215.4738133189262,215.8301583221608,215.25653172112212,215.40428161621094,62007000
2017-09-05,214.90017245863578,215.12615379291992,212.89249275003215,213.8572235107422,91398800
2017-09-06,214.5351500718967,214.91756779673688,214.00498245551665,214.58729553222656,57916900
2017-09-07,214.89147523696337,214.90886147607426,214.15271258561899,214.5612030029297,58034700
2017-09-08,214.27438584760446,214.76979418966545,214.06580402931732,214.3091583251953,63832800
2017-09-11,215.57809645054567,216.67320415146062,215.56072347185696,216.59498596191406,71364800
2017-09-12,216.96002648847752,217.35981720404104,216.7775041101089,217.32505798339844,56896000
2017-09-13,217.03821711288396,217.4640937671046,216.92522645196908,217.4293212890625,59228000
2017-09-14,217.10774620268882,217.55969557911206,216.93392360000743,217.3597869873047,95446300
2017-09-15,217.2156545514275,217.73971021423142,217.1108460843923,217.65237426757812,95432400
2017-09-18,218.0192775480726,218.4647269838403,217.73104085635288,218.1153564453125,46235200
2017-09-19,218.3599423612477,218.42108954237278,218.010571784523,218.333740234375,47108100
2017-09-20,218.42105066508134,218.525859153917,217.41658711242658,218.4123077392578,59574100
2017-09-21,218.25507757696303,218.34241353480814,217.65240215902375,217.82708740234375,48211400
2017-09-22,217.53010193880021,218.03669842901505,217.50389982099844,217.87074279785156,51214000
2017-09-25,217.61746600132773,217.9668498298664,216.68289258120123,217.42530822753906,57064400
2017-09-26,217.85333227147706,218.09789432564105,217.3205335118415,217.55636596679688,54082000
2017-09-27,218.25508132737005,218.78787999161077,217.37289884285593,218.403564453125,81001400
2017-09-28,218.12407725765934,218.74422526534195,218.0367412903613,218.66561889648438,44778800
2017-09-29,218.65690429063795,219.51288484339028,218.47348940621455,219.43426513671875,85578000
2017-10-02,219.66131981077575,220.3862762451172,219.48662123661734,220.3862762451172,59023000
2017-10-03,220.3862586954186,220.88411227476126,220.30763901225592,220.85791015625,66810200
2017-10-04,220.70952308806196,221.36460299117144,220.5959716400132,221.1200408935547,55953600
2017-10-05,221.45186859770155,222.447589200853,221.15490233464226,222.4301300048828,63522800
2017-10-06,221.9846305851287,222.4650249475023,221.72260941258702,222.17678833007812,80646000
2017-10-09,222.40395875357316,222.4650926032154,221.54797823752332,221.8100128173828,35803100
2017-10-10,222.37774343936067,222.77078862202265,221.836201785734,222.39520263671875,43057400
2017-10-11,222.29907469416852,222.74453735351562,222.1331323900897,222.74453735351562,47674300
2017-10-12,222.43016173507755,222.77953229114695,222.1768567534397,222.41268920898438,47065100
2017-10-13,222.8493968318015,222.9629482537238,222.4126769968777,222.68344116210938,54800400
2017-10-16,222.91049850746452,223.17251969283203,222.5698576388578,222.98036193847656,38221700
2017-10-17,222.92795822456165,223.1812631411833,222.70959835115698,223.13758850097656,31561000
2017-10-18,223.5131392098743,223.55681384580643,223.16376877767266,223.35592651367188,40888300
2017-10-19,222.57863488865067,223.4520745672181,222.1593875746752,223.41712951660156,61903800
2017-10-20,224.21196630472966,224.59628187884428,223.3996605089635,224.57005310058594,89176400
2017-10-23,224.89324417338113,224.9194462959128,223.61800312947534,223.6966094970703,63915300
2017-10-24,224.12462095301717,224.32549501443242,223.73156244590075,224.0896759033203,66935900
2017-10-25,223.75772255286773,223.87127395161298,221.85363085850938,222.98036193847656,103715300
2017-10-26,223.59178214127675,223.86253292591013,223.14631946711546,223.2686004638672,69798000
2017-10-27,224.01102924490968,225.25132506108443,223.2773432648059,225.09408569335938,85562500
2017-10-30,224.01103797268954,224.99802890928333,223.95863373315882,224.25559997558594,54285700
2017-10-31,224.6311978502524,224.85830068394264,224.3080294517007,224.60499572753906,60304800
2017-11-01,225.38240065372474,225.72302829563802,224.53516302963726,224.90199279785156,54202700
2017-11-02,224.83209085797372,225.12905712363738,223.76649347870475,224.9893035888672,56449500
2017-11-03,225.14648888383707,225.7841093106653,224.7359712552437,225.74044799804688,59589700
2017-11-06,225.60942075481384,226.2208390901341,225.53955732047456,226.08982849121094,49652600
2017-11-07,226.1946689399576,226.52658027431363,225.4260377772938,225.93264770507812,57502200
2017-11-08,225.75798322124106,226.41306306267828,225.47847609163045,226.3169708251953,50469600
2017-11-09,225.11161032535176,225.68808369230456,223.91497561583995,225.4959259033203,95085500
2017-11-10,225.1115999260466,225.600723974454,224.7971478062067,225.426025390625,59984700
2017-11-13,224.7447214001383,225.8627229227184,224.7097763557661,225.6356201171875,50228600
2017-11-14,224.83206522794742,225.21638074093954,224.05469127726758,225.111572265625,61315200
2017-11-15,224.14203021059666,224.66609921823314,223.27733367391352,223.9848175048828,80811500
2017-11-16,224.9281576360003,226.2558028958665,224.8844963178253,225.88894653320312,67777000
2017-11-17,225.53953445826068,225.8627027879323,225.14647604607512,225.22508239746094,75756800
2017-11-20,225.4696939076753,225.80157853989257,225.22510524931647,225.6094207763672,48075500
2017-11-21,226.37808728873543,227.26901281156458,225.57453771922826,227.0855712890625,69176800
2017-11-22,227.09426049623252,227.22527108469816,226.718687924212,226.8846435546875,45033400
2017-11-24,227.3738035315452,227.5135570664607,227.23404999662972,227.40872192382812,27856500
2017-11-27,227.45242453316544,227.749390818247,227.09431107476212,227.2952117919922,52274900
2017-11-28,227.75808396140033,229.62723056018447,227.66199175928952,229.6010284423828,98971700
2017-11-29,229.7320525704751,230.264864537519,229.01585242326902,229.46128845214844,77512100
2017-11-30,230.37852175562068,232.37867997998944,230.29991536147818,231.47032165527344,127894400
2017-12-01,231.25188552927713,231.73226666483723,227.75812700080465,230.98983764648438,164390900
2017-12-04,232.60575289684377,233.033729872638,230.65797253111054,230.7104034423828,94040600
2017-12-05,229.88059997558594,231.59253434794377,229.749589349815,229.88059997558594,77994500
2017-12-06,229.97667488231787,230.35227423179,229.46134862986273,229.9242706298828,75898600
2017-12-07,230.64918518066406,230.9636106197974,229.66219423795215,230.64918518066406,77218600
2017-12-08,231.60124271960038,231.91566817453804,230.61425172727832,231.90695190429688,76563900
2017-12-11,232.605712890625,232.66686006386954,231.88076970373237,232.605712890625,83077500
2017-12-12,233.39183858118835,233.48793081872788,232.64069315709293,233.01626586914062,85195800
2017-12-13,233.26072379810546,233.69744349766833,232.9026104458333,232.98995971679688,102905400
2017-12-14,233.28693005648842,233.40048144523197,231.98551385836262,232.0379180908203,100666700
2017-12-15,233.0396994948025,234.43556407095812,232.98702738185418,233.97027587890625,144610300
2017-12-18,235.36612267824435,235.8050747806687,235.26077846030412,235.45391845703125,83653600
2017-12-19,235.6997350038883,235.74361949835358,234.47943527623028,234.5496826171875,82382900
2017-12-20,235.51536577852528,235.56803789071338,234.12828883838594,234.42677307128906,76751500
2017-12-21,235.05007482828026,235.6207340227915,234.66379481577025,234.90960693359375,67032300
2017-12-22,234.92715268868957,234.96227635583207,234.31260907548216,234.84814453125,78720900
2017-12-26,234.44426502174645,234.78666045998,234.30382395075893,234.5671844482422,45244400
2017-12-27,234.7340228152358,235.0412946350718,234.40920255682684,234.6813507080078,57751000
2017-12-28,235.18183609983876,235.20817216169257,234.79555599830482,235.1642608642578,45116100
2017-12-29,235.74360810502137,235.76115654365725,234.08438313836797,234.27749633789062,96007400
2018-01-02,235.13788587052997,235.98945411816476,234.75160583295255,235.95433044433594,86655700
2018-01-03,236.12102706085975,237.59592598451002,236.12102706085975,237.44667053222656,90070400
2018-01-04,238.08759267620826,238.9303730753286,237.50817277946746,238.447509765625,80636400
2018-01-05,239.23764887382802,240.15943743914386,238.7460247334587,240.0365447998047,83524000
2018-01-08,239.93998942067273,240.63354122486592,239.6502928293821,240.47552490234375,57319200
2018-01-09,240.89684071779422,241.64306444039752,240.61590502127254,241.01976013183594,57254000
2018-01-10,240.2647973076733,240.9144645859903,239.59760838310203,240.6510772705078,69574300
2018-01-11,241.20415128096022,242.40687561035156,241.03734735877387,242.40687561035156,62361500
2018-01-12,242.67035647810275,244.15399032974705,242.37184539272397,243.98721313476562,90816100
2018-01-16,245.24252279459583,245.89216327412473,242.45955492874856,243.15310668945312,106555100
2018-01-17,244.08364188706403,245.8569982773587,243.15306581387438,245.47071838378906,113258800
2018-01-18,245.35665068678648,245.7780275136728,244.56651555336,245.05816650390625,100728000
2018-01-19,245.63756026225914,246.173095703125,245.05816712382477,246.173095703125,140920100
2018-01-22,245.9624044391286,248.17471313476562,245.90970554473782,248.17471313476562,91322400
2018-01-23,248.21856800026347,248.9911278057013,247.89374780740982,248.70143127441406,97084700
2018-01-24,249.34229457344156,249.93928967925865,247.42847020558543,248.6048583984375,134816100
2018-01-25,249.46520118283064,249.5617577618745,247.92008158609997,248.71018981933594,84587300
2018-01-26,249.54418683663425,251.6336024325838,249.2895872006863,251.58969116210938,107743100
2018-01-29,251.01910249168148,251.45805452351033,249.7637061106124,249.92172241210938,90118300
2018-01-30,248.0957738388967,249.97447521002843,246.88426155330453,247.35833740234375,131796400
2018-01-31,248.2098613943564,248.71024642133222,246.41014172914782,247.48118591308594,108364800
2018-02-01,246.75245203062417,248.49947219305156,246.41005665466076,247.20016479492188,90102500
2018-02-02,245.88333751606618,246.01504454765396,241.7835408895909,241.81866455078125,173174800
2018-02-05,240.06286356273918,242.1698278399502,231.16090399277928,231.7052001953125,294681800
2018-02-06,228.20239896435808,236.7707517438932,227.11380642946904,236.2703399658203,355026800
2018-02-07,235.7172962159094,239.10599383417136,234.90961250020038,234.9886474609375,167376100
2018-02-08,235.28710323131492,235.42757111233564,226.13933006721916,226.17445373535156,246449500
2018-02-09,228.95735588832179,231.42426402168795,222.03948137455444,229.5718994140625,283565300
2018-02-12,231.61747121653497,234.40922715006334,229.71243395839974,232.943115234375,143736000
2018-02-13,231.74039262423426,234.0668335954932,231.1609725875507,233.5225372314453,81223600
2018-02-14,232.03884618797034,237.0341229974219,232.03005857309503,236.67417907714844,120735700
2018-02-15,238.41239000673542,239.70290992752416,235.9542427906361,239.69412231445312,111200300
2018-02-16,239.07083362163766,241.70454573082915,239.0269223449148,239.7643585205078,160420100
2018-02-20,238.81628279523392,240.2560585693291,237.4730904164795,238.26319885253906,86369700
2018-02-21,238.7020694980846,241.17776497216042,236.98138532365306,237.07794189453125,98883700
2018-02-22,237.99975157370844,239.71164809607853,236.71801938711582,237.3852081298828,110511300
2018-02-23,238.60561709001573,241.16908264160156,238.13154126660785,241.16908264160156,92766400
2018-02-26,242.24014706555099,244.06620316353616,241.65196613924496,243.96961975097656,86491400
2018-02-27,244.1539603124492,244.8650874678141,240.86181907554146,240.92327880859375,99099200
2018-02-28,242.0205258914309,242.46826542627446,238.16654193817698,238.48257446289062,121907800
2018-03-01,238.2719550648111,239.81707485453967,233.52249066745827,235.0149383544922,176855100
2018-03-02,233.3469007734564,236.7882966589394,232.48657189571603,236.22642517089844,139083200
2018-03-05,235.04134121098951,239.57133087082536,234.9359701841439,238.956787109375,97307400
2018-03-06,239.93122003936082,240.01025499813764,238.07006732196808,239.56251525878906,79213200
2018-03-07,237.40278429089088,239.82578083528867,237.20964436134096,239.47462463378906,87063500
2018-03-08,240.15063585578204,240.75639177769847,239.15862681019166,240.6334991455078,66901200
2018-03-09,242.0381046915257,244.821044921875,241.72204537064238,244.821044921875,113625300
2018-03-12,245.1109266461104,245.7342312874296,244.12765118335278,244.51393127441406,71924800
2018-03-13,245.67278879601167,246.1732007843176,242.32797483884045,242.93373107910156,91968900
2018-03-14,243.89054440125355,244.07489676707442,241.13393936249835,241.68699645996094,105895100
2018-03-15,242.19620497023516,242.83705786317586,240.92323321625588,241.42364501953125,83433000
2018-03-16,241.9498706508836,242.73434762380472,241.63257225654203,241.68545532226562,100343700
2018-03-19,240.93628170934107,241.8617624081865,236.76715336090905,238.4154052734375,109208400
2018-03-20,238.81196271389197,239.4554090668735,238.14207483401023,238.82078552246094,59757300
2018-03-21,238.77671055837496,240.86567198647185,238.15090979060938,238.36244201660156,78709600
2018-03-22,236.14132741776228,236.98748341572107,232.1308487161802,232.40411376953125,148785900
2018-03-23,232.844799765795,233.1709209551684,227.25657169813346,227.4504852294922,183534800
2018-03-26,231.0466640245638,233.95533970718193,228.6492001841799,233.67327880859375,141956100
2018-03-27,234.60766848369053,235.1364991793472,228.1468421973337,229.69815063476562,129941400
2018-03-28,229.8303123233447,231.496209377788,227.91761869403678,229.01939392089844,146452300
2018-03-29,230.1564425245714,233.80553513065988,229.0282257239141,231.9457244873047,111601600
2018-04-02,231.41687299833714,231.9281118003099,224.47129066036044,226.93927001953125,186286300
2018-04-03,228.17325309173245,230.3239206279813,226.38397108152986,229.8479461669922,119956900
2018-04-04,226.30464403356794,233.01223907187764,226.17243637884116,232.30711364746094,123715300
2018-04-05,234.06112092397936,235.02189260297175,232.97699130445676,234.14047241210938,82652600
2018-04-06,232.18375127749687,233.67332686335382,227.4064413333874,228.9224853515625,179521200
2018-04-09,230.3768261726803,233.4353557781252,229.11640156292754,230.0507049560547,105442900
2018-04-10,232.93288785263687,234.49301869650768,231.79587525314687,233.7085418701172,103529000
2018-04-11,232.22777905016653,234.1404727021837,232.15727727028641,232.4833984375,91140200
2018-04-12,233.80555112463333,235.33921379794384,233.6292563098291,234.39608764648438,68890500
2018-04-13,235.70055996966371,235.81514889026525,232.70373691024142,233.7085418701172,85079200
2018-04-16,235.33919382812687,236.39690882957498,234.51947949635002,235.6300506591797,63405300
2018-04-17,237.39282848651607,238.75022277084807,236.8816167398159,238.15086364746094,64682000
2018-04-18,238.5916400362949,239.12929345575915,237.86886900462565,238.3272247314453,57303900
2018-04-19,237.67500341890963,237.87773979272504,235.97386851737917,237.00514221191406,77655900
2018-04-20,236.93457291245892,237.15492797278438,234.1140173807684,234.9954376220703,99953100
2018-04-23,235.56835661263662,236.12365560791923,233.88484090745573,234.96017456054688,65558000
2018-04-24,235.98264446982625,236.2029995241592,230.2974733085117,231.7958984375,112885500
2018-04-25,231.73419654709733,232.80953030666575,229.91847302010967,232.3688201904297,103840900
2018-04-26,233.3912538357174,235.5595399175105,232.9505437516809,234.7310028076172,67731900
2018-04-27,235.339151433637,235.63883102034006,234.01702136940307,234.95132446289062,57053600
2018-04-30,235.568391229111,236.12369030599413,233.07395678832052,233.1444854736328,82182300
2018-05-01,232.58037107286572,233.66452772924058,231.02906273180506,233.5587615966797,74203400
2018-05-02,233.36482048739748,234.17571200711808,231.60198008945386,231.98980712890625,86368900
2018-05-03,231.16126305069108,232.13080372140743,228.3318849297842,231.4785614013672,136311500
2018-05-04,230.50901174745036,235.15411363285418,230.18289056208346,234.47540283203125,91222100
2018-05-07,235.24221997236103,236.23820207584941,234.55468648152564,235.26866149902344,55304900
2018-05-08,234.89845322694333,235.6300200638076,233.70853072952212,235.26866149902344,67499200
2018-05-09,235.9385486756778,237.86886103281918,235.41851399436158,237.54273986816406,59666100
2018-05-10,238.2831213529077,240.09004880901813,238.17735523817117,239.76390075683594,72063900
2018-05-11,239.8872861478894,240.75988339745433,239.3760474510574,240.49546813964844,59871500
2018-05-14,240.9274210765786,241.57966348961148,240.06361950078988,240.61012268066406,54790600
2018-05-15,239.3848901863238,239.40250890537564,238.00987693366224,238.9530029296875,87036100
2018-05-16,238.9883296053002,240.41622628638353,238.9618611716067,239.95787048339844,53942600
2018-05-17,239.69339057117915,240.83043006232478,238.97944242294543,239.75509643554688,56536400
2018-05-18,239.4113811412176,239.7727666974474,238.8031989732715,239.15576171875,64368000
2018-05-21,240.6365285554006,241.49150719389405,240.2487015297659,240.95382690429688,58025900
2018-05-22,241.473904138964,241.72952356428226,239.95786010756726,240.2839813232422,52966400
2018-05-23,239.01472187827835,240.971475752457,238.85604580289476,240.94500732421875,64694200
2018-05-24,240.54837095853705,240.82160904699194,238.67094177741902,240.45140075683594,76043800
2018-05-25,239.87844848632812,240.50424915692255,239.37603262880125,239.87844848632812,56374800
2018-05-29,238.25669904659816,239.01473442804837,236.0090882306861,237.11965942382812,115908600
2018-05-30,238.42419735328477,240.7246914847085,238.35369556292812,240.2839813232422,69678400
2018-05-31,239.8784614132531,240.17814100262822,238.2125915048435,238.81195068359375,93519900
2018-06-01,240.1076174822197,241.45618896164063,240.03708882122353,241.15650939941406,71258400
2018-06-04,241.9763384764614,242.5580791614445,241.73836465484743,242.30245971679688,45385200
2018-06-05,242.43467260590893,242.85776408557587,241.6678411543008,242.478759765625,51135000
2018-06-06,243.0868470183322,244.61168651404307,242.4698422139183,244.50592041015625,62732200
2018-06-07,244.99073091584611,245.28158771736173,243.57163054799622,244.4794921875,72969400
2018-06-08,244.0211859352413,245.25516882630356,243.85371394658182,245.20228576660156,72139700
2018-06-11,245.4226609959224,246.24237538751734,245.30807205754232,245.52842712402344,58892500
2018-06-12,245.94267695300078,246.2070922530715,245.20228721399303,245.84573364257812,72329000
2018-06-13,246.08369940431285,246.33931878526906,244.85851245663383,245.06124877929688,79070600
2018-06-14,245.9250802932143,246.2071143389862,245.08772026985903,245.67828369140625,77097600
2018-06-15,244.8955883333687,245.7012856482646,243.78886570624715,245.36483764648438,120041600
2018-06-18,243.91280739262805,244.98413436209893,243.43472266632747,244.86016845703125,52917600
2018-06-19,242.59365495795998,244.14306698780095,242.17752607487577,243.92172241210938,97531500
2018-06-20,244.60335587235951,245.00178675664176,244.001305352654,244.33775329589844,53785500
2018-06-21,244.32888136494853,244.34660621575017,242.31022080360503,242.8060302734375,71061400
2018-06-22,244.06333906679495,244.17844254707023,243.0274347639137,243.248779296875,54898500
2018-06-25,242.09773266274908,242.2570941984186,238.2551958583797,239.93740844726562,137854200
2018-06-26,240.50411165309322,241.31864434566987,239.7515348904601,240.46868896484375,68547400
2018-06-27,241.05303106816336,242.47847672690543,238.32605160508425,238.47657775878906,105110700
2018-06-28,238.42355336168143,240.60157662785568,237.71523444043495,239.8401641845703,76650500
2018-06-29,240.9291087243102,242.29259870231078,240.070290799281,240.18539428710938,97592500
2018-07-02,238.6182207068534,240.85822584666744,238.3791513670578,240.69883728027344,63554800
2018-07-03,241.59314941291314,241.6905550668388,239.42398899604595,239.8489532470703,42187100
2018-07-05,240.97338766695466,241.86760124254315,239.90206063048137,241.8056182861328,56925900
2018-07-06,241.8321238434303,244.22262787536147,241.45139082528985,243.8507843017578,66493700
2018-07-09,244.85125842529408,246.0996445626683,244.8070003361436,246.04652404785156,50550400
2018-07-10,246.49805825168153,247.02929038238923,246.20586842097745,246.931884765625,51966800
2018-07-11,245.382530148852,246.17052961164364,244.82473763376936,245.12576293945312,77054700
2018-07-12,246.3830245781455,247.40120402224898,245.7809739353221,247.34808349609375,60124700
2018-07-13,247.170987792406,247.84385669811354,246.71943636678722,247.54283142089844,48216000
2018-07-16,247.58719341456032,247.7288301610967,246.87887458387516,247.32156372070312,48201000
2018-07-17,246.55131055820746,248.71163589686807,246.49819001869966,248.3220672607422,52315500
2018-07-18,248.40171700765376,248.95064719365996,247.95902788737786,248.8444061279297,44593500
2018-07-19,248.18036413165808,248.56107027763503,247.42778724848594,247.90589904785156,61412100
2018-07-20,247.70223938621334,248.33087733719734,247.46319700882336,247.62255859375,82337700
2018-07-23,247.41895887666095,248.2866122554626,247.0736483951872,248.08299255371094,47047600
2018-07-24,249.49071794855155,250.17244940108057,248.46367604604748,249.33132934570312,68026900
2018-07-25,249.08341911238333,251.7749762113117,249.03916101342188,251.4562530517578,78882900
2018-07-26,250.73915922587406,251.54482974615317,250.64175355729782,250.86309814453125,57919500
2018-07-27,251.19065899609888,251.2880646550527,248.24236127402867,249.1631622314453,76768700
2018-07-30,249.2427597303272,249.40212127942564,247.33917548870585,247.861572265625,63742500
2018-07-31,248.62300243369685,249.69430228447183,248.24229636551306,249.08338928222656,68570500
2018-08-01,249.28705758708554,249.79172959266052,248.0209733790744,248.6672821044922,53853300
2018-08-02,247.36582285557148,250.19015439375062,247.1621761469714,250.02195739746094,63426400
2018-08-03,250.14591576581194,251.14639751094435,249.9688293080611,251.09327697753906,53935400
2018-08-06,251.12862956597405,252.32386825352035,250.73906108335714,252.01400756835938,39400900
2018-08-07,252.67799447483827,253.22692441195647,252.54516618330092,252.84619140625,43196600
2018-08-08,252.67814109609557,253.13852811253292,252.2797100294611,252.74009704589844,42114600
2018-08-09,252.80198067225936,253.19154915600424,252.26191305864492,252.39471435546875,35717000
2018-08-10,250.96047208820502,251.5005398433731,249.995386032617,250.70370483398438,77076000
2018-08-13,250.97814624222252,251.589059329678,249.47299257350093,249.7651824951172,65732900
2018-08-14,250.49120289007564,251.5979255987983,250.10163433503746,251.35885620117188,43842000
2018-08-15,250.0129825617329,250.1546462492924,248.04744280367174,249.48175048828125,102925400
2018-08-16,250.91612029893878,252.36815319125307,250.88069761338195,251.50047302246094,69967900
2018-08-17,251.29682433852633,252.82853799635836,250.889558026464,252.38584899902344,65618500
2018-08-20,252.83743639827378,253.19158224261395,252.38588491047236,252.9259796142578,39807500
2018-08-21,253.43945374344452,254.37795226648169,252.96134205561293,253.51913452148438,67272000
2018-08-22,253.11182416652258,253.89096099791945,252.84619459968033,253.36859130859375,44993300
2018-08-23,253.1915423380301,254.05036006048783,252.7134306627465,253.0321807861328,49204900
2018-08-24,253.60770790763118,254.69673270963204,253.5545873826161,254.55506896972656,57487400
2018-08-27,255.75032058083627,256.6711214264323,255.5909589978284,256.56488037109375,57072400
2018-08-28,257.0252637708789,257.1315318443619,256.2284288471343,256.6888427734375,46943500
2018-08-29,256.9012714179143,258.3001567022933,256.6622290964166,258.0699768066406,61485500
2018-08-30,257.5918929605646,257.96373661193746,256.4320498724357,257.0252380371094,61229500
2018-08-31,256.6180203252793,257.4768382804098,256.1310731115822,257.0341491699219,66140800
2018-09-04,256.61792988539094,256.9455153885651,255.5908882686675,256.59136962890625,57594400
2018-09-05,256.23729641245575,256.44094311621893,254.89153133691732,255.90084838867188,72452400
2018-09-06,256.007069863912,256.3080951728007,254.1035123702836,255.13055419921875,65909900
2018-09-07,254.08586593769624,255.6087176445946,253.84679651198275,254.63479614257812,73524800
2018-09-10,255.64408158618681,255.90971124627146,254.88266933705808,255.07745361328125,50210900
2018-09-11,254.43111974684635,256.36123766786574,254.0858363116095,255.91854858398438,50530500
2018-09-12,255.92736349015473,256.58253456637283,255.1925116359852,255.98048400878906,59810800
2018-09-13,257.0429823679138,257.68045569530796,256.75965488471724,257.4945068359375,51034200
2018-09-14,257.6980883432781,257.8840101360217,256.75958993473887,257.5387268066406,55079900
2018-09-17,257.48566226721647,257.52105793665976,255.90082792279205,256.17529296875,68244000
2018-09-18,256.3878005462383,258.1585568998184,256.3612402817185,257.56536865234375,61930400
2018-09-19,257.61849919719697,258.2559725900537,257.4945332782199,257.83984375,49080600
2018-09-20,259.0970602153132,260.2480409377501,257.85750925934076,259.9292907714844,100360600
2018-09-21,260.6701329824998,260.78575750232153,259.5317200165653,259.6918029785156,105479700
2018-09-24,259.1137115939335,259.25601660965026,258.2510060962114,258.8291015625,53409600
2018-09-25,259.28270927831363,259.38943125963567,258.3488647998379,258.5889892578125,44370000
2018-09-26,258.7313438038446,259.91421551245395,257.3972644981479,257.8152770996094,79739700
2018-09-27,258.2866175118633,259.62069664612955,258.0109099954677,258.53564453125,59249500
2018-09-28,257.9130857394722,259.0604014939994,257.8775298349885,258.5623474121094,70091400
2018-10-01,259.7985457060066,260.5278487801344,258.7935622699914,259.4606018066406,62078900
2018-10-02,259.3092956542969,260.020793366136,258.9357688552456,259.3092956542969,47258200
2018-10-03,260.358885266842,260.7768978308185,259.0959721701713,259.45172119140625,64694600
2018-10-04,258.9714428347122,259.0248038303383,255.84081347636905,257.4239196777344,111545900
2018-10-05,257.64622543454266,258.1620573579353,254.56005501363472,255.9830780029297,105951700
2018-10-08,255.2982334309201,256.3388269647769,253.9196960255473,255.9830780029297,87742200
2018-10-09,255.6007284758009,256.9081002124858,255.04928619930556,255.60960388183594,74339000
2018-10-10,255.10259051241061,255.17375659636278,247.14260159596967,247.51612854003906,214731000
2018-10-11,246.43105499541062,248.04974399043707,240.4543801338489,242.06419372558594,274840500
2018-10-12,246.15537764841622,246.4399877104538,242.2420842920822,245.4261016845703,183186500
2018-10-15,245.07024306195171,246.39544634275484,243.95851082679152,244.04745483398438,102263700
2018-10-16,246.00413366011207,249.75734306515875,245.53276024122266,249.3837890625,118255800
2018-10-17,249.41941166358663,250.0508681229723,246.85797564445298,249.42831420898438,110626000
2018-10-18,248.49448289152238,249.090383549691,244.5545087926348,245.82632446289062,134557500
2018-10-19,246.47553508012004,248.40548741105457,244.99915113163212,245.69287109375,139901600
2018-10-22,246.3598653857592,246.68003124406889,244.05635943214065,244.58999633789062,82415800
2018-10-23,240.97915149539128,244.4655294729058,238.89796433649786,243.3448944091797,146352700
2018-10-24,243.0959351083187,243.47839182892562,235.42055446462632,235.9719696044922,177806700
2018-10-25,237.8040571423669,241.7440310079275,236.78126856701027,240.20538330078125,138061500
2018-10-26,236.50558142545964,241.0236512105069,233.27710529716651,235.98081970214844,201574600
2018-10-29,239.06692370520128,240.35654414200332,231.1069360307844,234.67335510253906,160749100
2018-10-30,234.50438797777792,238.4621388764539,234.0152094564338,238.15084838867188,157116000
2018-10-31,240.71232751034958,243.0069587045786,240.2409539924511,240.69454956054688,128296300
2018-11-01,241.55729632981314,243.45169327053114,240.47224408471195,243.2560272216797,99495000
2018-11-02,244.35883203457692,244.78574713551563,239.76959648164814,241.81520080566406,122634100
2018-11-05,242.30433388342226,243.70067647437028,241.33490636095422,243.14926147460938,65622500
2018-11-06,243.08701262334208,244.8479797106511,243.02474908298626,244.68789672851562,60085900
2018-11-07,246.85796861882702,250.00640256456597,246.43105358048592,249.92636108398438,102752100
2018-11-08,249.12593521994543,250.11316793555736,248.3343956800287,249.47280883789062,65584900
2018-11-09,248.16535324771868,248.3521166919951,245.6305979363497,247.0358428955078,98812600
2018-11-12,246.52894247011767,246.76906695308182,241.90412375753766,242.41998291015625,99673600
2018-11-13,242.88248213590185,244.87469860439538,241.24601473079449,241.96641540527344,98176600
2018-11-14,243.834079644037,244.23428707633516,238.7556929624398,240.31211853027344,125335900
2018-11-15,239.0491568741506,243.28264272262598,237.4749534984664,242.8201446533203,135101400
2018-11-16,241.72624899886281,244.35882418194376,241.21038987573397,243.45166015625,126668000
2018-11-19,242.84687550829725,243.14038813498033,238.41774988663542,239.3338165283203,103061700
2018-11-20,236.00752387559697,237.4661303636274,234.0419878494768,234.90469360351562,136021300
2018-11-21,236.45218975453028,237.59950549234424,235.6962332375424,235.70510864257812,75563700
2018-11-23,234.06858058757408,235.52718652870087,233.9707611642056,234.13084411621094,42807900
2018-11-26,236.38097603926,238.13306729325623,235.98964408412053,237.9107208251953,79981400
2018-11-27,236.87909419467337,238.7112274169922,236.27431815159747,238.7112274169922,75502400
2018-11-28,239.77848590009825,244.20761108398438,238.6489482392209,244.20761108398438,127629600
2018-11-29,243.43385961483304,245.07032676690406,242.29544650287454,243.67401123046875,82346400
2018-11-30,243.52280408525462,245.71958882183426,243.2026381197173,245.15927124023438,98204200
2018-12-03,249.277141006927,249.3838629987836,246.81355122186906,248.40553283691406,103176300
2018-12-04,247.57845597292376,248.00537116108956,240.04535304842332,240.3566436767578,177986000
2018-12-06,236.50551991524597,240.10752209732985,233.41044708855944,239.9918975830078,204185400
2018-12-07,239.65396675054097,241.2192949448085,233.5794717353162,234.41549682617188,161018900
2018-12-10,234.2376330528424,235.82964190912955,230.0130487128308,234.86021423339844,151445900
2018-12-11,238.05310632378428,238.23986982038016,233.4460924616727,234.91357421875,121504400
2018-12-12,237.88415648471647,239.2449164479819,236.0164398126873,236.0964813232422,97976700
2018-12-13,237.03916121383372,237.90186677142725,234.90464011376045,236.01637268066406,96662700
2018-12-14,233.87294881626218,234.82459840670106,231.1069712205048,231.65838623046875,116961100
2018-12-17,230.70674603004963,231.8184786411639,225.48605403096258,227.11363220214844,165492300
2018-12-18,228.75013191672292,229.41717153878733,225.26372621629173,226.8646240234375,134515100
2018-12-19,226.94468174674688,230.70678168429856,221.76846096634372,223.46717834472656,214992800
2018-12-20,222.2220409411879,223.78735579910423,217.5883327748361,219.82958984375,252053400
2018-12-21,220.72861735508985,223.38552036390047,214.68124937399995,215.32534790039062,255345600
2018-12-24,213.84032507460728,215.45057126158082,209.57318974188104,209.63580322265625,147311600
2018-12-26,211.093979247737,220.22763061523438,209.1169520452067,220.22763061523438,218485400
2018-12-27,216.99816281225299,222.1151451578412,213.76873016788505,221.91835021972656,186267300
2018-12-28,223.26920838177477,224.89733637571823,220.46916948727355,221.6321258544922,153100200
2018-12-31,223.25131500932955,223.81490460672552,221.38164665156634,223.5733642578125,144299400
2019-01-02,220.0487217817502,224.72738367473102,220.02188548142522,223.8059539794922,126925200
2019-01-03,222.06151737501295,222.36568485027112,217.9822360854176,218.46531677246094,144140700
2019-01-04,221.48894396544466,226.4270268245097,221.11322219847892,225.78292846679688,142628800
2019-01-07,226.05135993790628,228.967685018204,225.1567801850317,227.56320190429688,103139100
2019-01-08,229.74594775444223,230.1842830382069,227.22322663887434,229.70120239257812,102512600
2019-01-09,230.40795353099523,231.61564162896792,229.18238366653358,230.7747344970703,95006600
2019-01-10,229.2450116148356,231.83928738611394,228.56512228014213,231.58880615234375,96823900
2019-01-11,230.51529840272522,231.70510473251588,229.93382703798264,231.6782684326172,73858100
2019-01-14,229.78173558745547,231.0699325784489,229.37919109052422,230.2648162841797,70908200
2019-01-15,230.6405685877629,233.2169627574834,230.6316140537097,232.9038543701172,85208300
2019-01-16,233.33319843854275,234.35303234522823,233.12746259100066,233.4674072265625,77636700
2019-01-17,232.59966906964814,236.09747886046176,232.55492370584037,235.23866271972656,96118400
2019-01-18,237.04582055341902,238.83498057096955,235.27454230789448,238.36978149414062,127900300
2019-01-22,236.9026116326025,237.11730203256215,233.53898309773086,235.1492156982422,115531200
2019-01-23,236.17792744219412,236.87569831559895,233.18108084857667,235.64117431640625,86030300
2019-01-24,235.46234089582398,236.34799345977734,234.451461356412,235.76649475097656,59204100
2019-01-25,237.60930774993875,238.5844236749442,235.86489366572147,237.7613983154297,96883400
2019-01-28,235.62335558879,236.0169455325683,234.19202263725006,235.954345703125,85613700
2019-01-29,236.09741856838565,236.66098068504496,234.80922198665394,235.64117431640625,66136300
2019-01-30,237.15310270700996,240.2125502350187,236.3927044417232,239.37164306640625,92473700
2019-01-31,239.30905486704737,241.957003473344,239.09433714733026,241.4739227294922,104012100
2019-02-01,241.67076465563014,242.61008997025334,240.8030210242383,241.5902557373047,85782500
2019-02-04,241.63490857696522,243.35251360542537,240.9639738049802,243.28988647460938,60744800
2019-02-05,243.71922090946535,244.6138003351203,243.21825861513037,244.3096466064453,79552800
2019-02-06,244.0324925738658,244.52450066726803,243.25421232046935,243.9877471923828,58347800
2019-02-07,242.37744182669658,242.92312237490376,240.0068109279789,241.6617889404297,95482000
2019-02-08,240.41826173017643,242.05533034671097,239.59523650575105,241.95693969726562,75788900
2019-02-11,242.6100733987666,242.8694819066253,241.56340293120226,242.09120178222656,68021400
2019-02-12,243.70142775610952,245.5800233927025,243.62984608780823,245.20431518554688,72270200
2019-02-13,246.03629437805574,246.8414107807634,245.61584075769358,246.00050354003906,65277200
2019-02-14,244.91808059160886,246.58201337914272,244.1040096176557,245.454833984375,83234400
2019-02-15,247.22605856815875,248.16538373135367,247.0203226879647,248.1295928955078,97088700
2019-02-19,247.33348131598896,249.21207742315633,247.3245267801064,248.55905151367188,59120800
2019-02-20,248.52318324557527,249.51618090468128,248.0222207996787,249.0599365234375,76610800
2019-02-21,248.42475181172213,248.78257817143526,247.21706395983918,248.1742706298828,64214700
2019-02-22,248.79152370679947,249.90974822592406,248.15637982404962,249.7129669189453,78114600
2019-02-25,251.13533264063574,251.65417677932,249.97236281880927,250.05287170410156,69030700
2019-02-26,249.70403585179915,250.75067881182883,249.4982726927991,249.87400817871094,56844100
2019-02-27,249.15829721146872,250.1155039234547,248.2279540955296,249.76663208007812,56921600
2019-02-28,249.5519338490404,249.99029644590678,248.9794170639072,249.30145263671875,69268300
2019-03-01,250.87595977067375,251.2695770643132,249.4267448715506,250.8580780029297,78880500
2019-03-04,251.9136582318563,252.1551849315805,247.65544996733956,249.94557189941406,106494600
2019-03-05,250.07088140915823,250.2676900858793,249.0600017196552,249.60568237304688,59114600
2019-03-06,249.72192215208347,249.73087668536957,247.77174492415404,248.09378051757812,75039800
2019-03-07,247.6464551651984,247.7895911752292,245.17743406827364,246.01834106445312,94885100
2019-03-08,244.16663087774018,245.69635480490905,243.7014591754392,245.52638244628906,85795800
2019-03-11,246.2419896375439,249.24776399185794,246.21515334153762,249.0867462158203,65098900
2019-03-12,249.64144501353428,250.54497937737827,249.45359089347113,250.02610778808594,79667500
2019-03-13,250.91179616735096,252.61149262556714,250.7507510267766,251.68112182617188,80639200
2019-03-14,251.70787361502687,252.1283271456543,251.0816842356358,251.52001953125,67518400
2019-03-15,252.0708142505132,253.57132732931038,251.88210530332043,252.76266479492188,81309000
2019-03-18,252.97830890078654,253.97568041420575,252.75367888847163,253.6791534423828,62199800
2019-03-19,254.73945229726,255.50317247562955,252.85255452926685,253.74208068847656,90268100
2019-03-20,253.52642876764455,254.73044238296177,251.87315511285124,252.9783172607422,84609200
2019-03-21,252.1606734468245,256.23993462503853,252.11573099309788,255.8356170654297,79550400
2019-03-22,254.47880722949867,254.99993670652407,250.84877915493644,250.91168212890625,122659300
2019-03-25,250.57029249849992,251.75634559535843,249.4651303397219,250.72305297851562,85575200
2019-03-26,252.47519847722108,253.54443977770947,251.19032108946183,252.59201049804688,68125900
2019-03-27,252.58296505421913,253.1670250393392,249.72567779743594,251.27113342285156,72224700
2019-03-28,251.9001938965635,252.672908261074,250.75008890754063,252.22364807128906,56238500
2019-03-29,253.7331470879282,254.1374647488732,252.60999677308874,253.8140106201172,82186800
2019-04-01,255.8087003800633,257.12053213515975,255.53912787981554,256.8240051269531,77617900
2019-04-02,257.0126099978943,257.1833309527013,256.15900522385925,256.94970703125,40070400
2019-04-03,258.16284976811403,258.55820087935837,256.7521663675677,257.35418701171875,68243200
2019-04-04,257.67758476056383,258.2885718276397,256.9857341776094,258.0369873046875,48997500
2019-04-05,258.7018866821242,259.3398281950125,258.41435370537175,259.2859191894531,58621700
2019-04-08,258.86372236842993,259.5915216696614,258.2077926312301,259.48370361328125,53566300
2019-04-09,258.522205126451,258.8456592016085,257.60572449284734,258.15380859375,66142300
2019-04-10,258.5671757249507,259.12428134186337,258.1538640665501,259.034423828125,52601500
2019-04-11,259.5195108553922,259.52850482970075,258.39636089295544,258.9624328613281,55093100
2019-04-12,260.57077209913416,260.9930775507416,259.0073562411478,260.71453857421875,69727800
2019-04-15,260.7865664799949,260.8854179881842,259.74427946812784,260.5439758300781,49596700
2019-04-16,261.4243769759953,261.47828597657065,260.1215121472391,260.71453857421875,52153200
2019-04-17,261.8286964945726,261.85565099506766,259.6632602193015,260.07659912109375,58268300
2019-04-18,260.6606420685019,260.8583175536374,259.36677115136985,260.5887451171875,68708500
2019-04-22,259.8250653691345,260.9661760070736,259.7352078763909,260.81341552734375,40160100
2019-04-23,261.1817838739017,263.39216279015545,260.94818732275957,263.1585388183594,52246600
2019-04-24,263.07778468800365,263.4102328349155,262.4308489299954,262.5746154785156,50392900
2019-04-25,262.47565322395,263.06867970360906,261.2267247054764,262.4127502441406,57770900
2019-04-26,262.45776734051964,263.70669621419734,261.68502567610466,263.63482666015625,50916400
2019-04-29,263.72467211131345,264.56928329115584,263.634814607374,264.0481262207031,57197700
2019-04-30,263.7067991002945,264.47054708568515,262.2961426141559,264.1830139160156,81111700
2019-05-01,264.8118094680611,265.0184789347916,262.18811906270474,262.1971130371094,71671900
2019-05-02,262.08027190269394,262.99677972910905,260.1394656722656,261.6310119628906,65030200
2019-05-03,263.1047535459904,264.4704947003916,261.7389849709223,264.19195556640625,56543700
2019-05-06,259.8969517961515,263.54494138916215,259.58246426144535,263.10467529296875,107198100
2019-05-07,260.705561358726,261.2985878238254,256.8059880160905,258.7108459472656,144729900
2019-05-08,258.3515625,260.0587457295105,257.75853576162285,258.3515625,91568300
2019-05-09,256.28485571593546,258.1717256781386,254.5506913693155,257.5697326660156,103471100
2019-05-10,256.6353379863347,259.6184316644171,253.65224430825242,258.8636779785156,112429300
2019-05-13,253.7601306768394,254.7215266168045,251.52279634725463,252.35841369628906,127290500
2019-05-14,253.37369301577155,256.1681049927601,253.24791445118507,254.64060974121094,77003200
2019-05-15,253.0142149334386,256.770021528291,252.80754548534486,256.132080078125,73956400
2019-05-16,256.8330106305001,259.86101931664007,256.7611410796038,258.5042724609375,76749600
2019-05-17,256.2040905747572,259.3129631236966,256.18610261959776,256.8330383300781,100353000
2019-05-20,255.23366598683737,256.9408490176064,254.3890547384436,255.1348419189453,62877600
2019-05-21,256.8240135080661,257.8123911999107,256.57242895202023,257.4350280761719,46847100
2019-05-22,256.48259057914987,257.59674680267347,256.16810303909295,256.6443176269531,49482500
2019-05-23,254.42496455238847,254.46987959084603,252.09780069472387,253.50848388671875,98733800
2019-05-24,254.9460217235445,255.3593606108027,253.46346940714614,254.0834503173828,55268100
2019-05-28,254.3621108854613,255.314540218978,251.70249844964093,251.720458984375,70029400
2019-05-29,250.6062244273925,251.01054198780503,248.62946939652528,250.03115844726562,104972900
2019-05-30,250.78591983240716,251.62156432473273,249.61785472710497,250.71405029296875,62523800
2019-05-31,248.17123097409964,248.99785400522927,247.30863204511155,247.33558654785156,86862800
2019-06-03,247.3715764238145,248.48573261773257,245.37686062526726,246.70668029785156,96428000
2019-06-04,248.99791717121533,252.1966469375377,248.54865706447725,252.06187438964844,77231900
2019-06-05,253.6791519839394,254.27217850352002,251.8731453413565,254.24522399902344,71169700
2019-06-06,254.54178226538465,256.5724191686605,253.89484665726926,255.89852905273438,69430400
2019-06-07,256.9139552924888,259.53764716967174,256.7432342069528,258.45941162109375,74272200
2019-06-10,260.0047883414486,261.3076536120134,259.55552823720706,259.6453857421875,60799100
2019-06-11,261.46033152755564,261.8287280257867,258.9354924680753,259.5824279785156,58641300
2019-06-12,259.3488365521413,259.9059145875843,258.6120435410981,259.12420654296875,47096300
2019-06-13,260.03178488018204,260.55294204090757,259.33094010111313,260.1935119628906,48945200
2019-06-14,259.90594482421875,260.50793796326803,259.1421972200491,259.90594482421875,52324700
2019-06-17,260.13953327502185,260.7685083224592,259.83403972704474,260.0047607421875,39205700
2019-06-18,261.8197473625696,263.7785143172778,261.46031743785153,262.72723388671875,85434800
2019-06-19,262.8621193786363,263.85049725511794,261.89172945851396,263.32037353515625,78674400
2019-06-20,265.9979361214567,266.2405267117123,263.38323896605675,265.836181640625,116570000
2019-06-21,265.5671176917623,266.82212083031214,265.2330527028107,265.4497375488281,83309500
2019-06-24,265.6574273212025,265.97341688825486,264.9712218644644,265.1247253417969,47582700
2019-06-25,265.17894479355795,265.2060304057759,262.4161021312064,262.5244445800781,82028700
2019-06-26,263.4182718416797,263.92388825683076,262.154230803802,262.2625732421875,51584900
2019-06-27,263.02095353294095,263.69812121274236,262.6417550625053,263.1925048828125,40355200
2019-06-28,264.1676184518848,265.0434231006258,263.6529919480454,264.5468444824219,59350900
2019-07-01,267.8695161656501,268.08622859750477,265.74771822350516,266.9485778808594,78705600
2019-07-02,266.9033612093092,267.69790900113674,266.06367992868246,267.64373779296875,61504500
2019-07-03,268.3208916824014,269.80164477374774,268.1764259500246,269.7835693359375,40898900
2019-07-05,268.5556853748782,269.63916472557844,267.2645588956779,269.47662353515625,51677300
2019-07-08,268.1674009349462,269.2960135747465,267.454110031467,267.995849609375,45841800
2019-07-09,266.84007125789776,268.62777550806595,266.7859000717721,268.329833984375,41101300
2019-07-10,269.3953147050236,270.56005064904815,268.8626128525521,269.61199951171875,58448500
2019-07-11,270.2530867910683,270.48781949375126,269.2418542299152,270.2440490722656,50826100
2019-07-12,270.7316782304043,271.526226150782,270.42469881644513,271.4539794921875,40326000
2019-07-15,271.8873226456437,271.8873226456437,271.03860367732375,271.5442199707031,33900000
2019-07-16,271.4539059829256,271.6615806276131,270.3614166652641,270.66839599609375,36650100
2019-07-17,270.64132560824015,270.8038392241641,268.8265075683594,268.8265075683594,36036300
2019-07-18,268.33000403131257,270.18995607768375,267.8875965462523,269.81072998046875,51392600
2019-07-19,270.90321089510843,270.9302965017042,268.1403688062337,268.3119201660156,58678600
2019-07-22,268.7091319171699,269.5127173993327,268.19450545816716,268.9709777832031,43638100
2019-07-23,270.0905766044497,270.8941345214844,269.25990553066293,270.8941345214844,44564500
2019-07-24,270.13573328679485,272.167236328125,270.04543875193104,272.167236328125,47213200
2019-07-25,271.71578443902234,271.76995564778645,270.0634799096485,270.8670654296875,55394100
2019-07-26,271.5533327706519,272.88058279624516,271.4269148853435,272.68194580078125,45084100
2019-07-29,272.56449822490094,272.68187835964795,271.6345224202421,272.1852722167969,38126500
2019-07-30,270.78584243281495,271.923493066979,270.40661637008486,271.5171813964844,45849000
2019-07-31,271.7609487131754,271.9505755193534,266.5332335970876,268.5466613769531,104245200
2019-08-01,268.700115526861,271.65255641303344,265.4135821381002,266.2081298828125,142646600
2019-08-02,265.3142389649611,265.5580093519048,262.65070237354064,264.20367431640625,116749700
2019-08-05,260.1136319797592,260.22197439410274,254.36222586817163,256.25830078125,178745400
2019-08-06,258.1453280546701,260.0684884974278,256.67361269034296,259.8517761230469,120711700
2019-08-07,256.7819852077057,260.7727722927134,254.6511774136103,260.00531005859375,140572300
2019-08-08,261.495037348534,265.1065979003906,260.94428759030563,265.1065979003906,87713900
2019-08-09,264.1676091836573,264.76352003700896,261.5221474446139,263.30084228515625,93730000
2019-08-12,261.80202916869314,263.29179245654484,259.1475298322207,260.0955810546875,65527600
2019-08-13,259.79763351897674,265.58516336808646,259.4545308129541,264.1405334472656,94299800
2019-08-14,260.0956003464888,260.70052138237736,256.204145582048,256.3305358886719,135622100
2019-08-15,257.2153345533102,257.901539842479,254.96714703508582,257.0076599121094,99556600
2019-08-16,258.660050411632,261.23326599547846,257.0619167770849,260.7998962402344,83018300
2019-08-19,263.81550422440336,264.6190622184229,263.13833653723043,263.94189453125,53571800
2019-08-20,263.43628262555785,263.9689845752752,261.7930432847781,261.91943359375,51596400
2019-08-21,264.07731753557846,264.42039264271136,263.3911122132719,264.05023193359375,49524700
2019-08-22,264.7545624531943,265.3865692020705,262.19936718570995,263.9690246582031,51666400
2019-08-23,262.6687503888014,264.33006455244094,255.9422093930637,257.1882019042969,149161500
2019-08-26,259.3732289407894,260.0323486328125,257.8473424684489,260.0323486328125,72423800
2019-08-27,261.42284451272855,261.7930328129497,258.253690992949,259.0121154785156,66668900
2019-08-28,258.3530803749549,260.99854271685837,257.54949466784865,260.8360290527344,59696700
2019-08-29,263.3911606210267,264.6913248632864,262.3889380553566,264.1676330566406,57899400
2019-08-30,265.6483375587326,265.6663854420489,263.1202561934248,264.05023193359375,62901200
2019-09-03,262.35290221731935,263.26480289607287,261.1791280213919,262.5063781738281,69101400
2019-09-04,264.6732441815311,265.50388772814705,263.9238298917129,265.48583984375,46887300
2019-09-05,267.96879736456265,269.8106735830968,265.44972592383255,268.8987731933594,83258100
2019-09-06,269.2148152948554,269.74751727016104,268.5376475637681,269.1064453125,49584300
2019-09-09,270.0906319733859,270.1808989649801,268.3028991645869,269.2419128417969,51260300
2019-09-10,268.4834068391647,269.2418588270002,267.22840383509777,269.17864990234375,57947100
2019-09-11,269.4855997010253,271.1739997195606,268.8355177498976,271.0927429199219,68821100
2019-09-12,271.99570650637503,273.0881960688336,271.23728195073244,272.0318298339844,72908700
2019-09-13,272.4741315317824,272.8262718427624,271.48094706313816,271.85113525390625,62104800
2019-09-16,270.7226651270901,271.89643922675583,270.37055218501104,271.0115966796875,58191200
2019-09-17,270.8128810983628,271.78799036288956,270.6413297609149,271.6977233886719,41475500
2019-09-18,271.3093912614671,271.9685108419909,269.27788888143056,271.86016845703125,73375800
2019-09-19,272.2485052514616,273.24169007108816,271.5081286082832,271.8421936035156,76560500
2019-09-20,272.4444725268905,272.7256865360811,269.7686626835575,270.55780029296875,89565000
2019-09-23,269.89563042755236,271.21087820036234,269.64165479267564,270.4942932128906,43476800
2019-09-24,271.58282618385135,271.97285532348826,267.4103448279325,268.371826171875,94869400
2019-09-25,268.45338400504926,270.40355684518136,266.9748722488337,269.9591064453125,71854000
2019-09-26,269.9682417151954,270.1768477756016,267.99085778219984,269.39678955078125,56179700
2019-09-27,270.1496445739282,270.258515016911,266.394430888546,267.94549560546875,84746600
2019-09-30,268.4624431933133,269.89558524708093,268.4171012837451,269.1880798339844,51662400
2019-10-01,270.06794415591315,270.72102824217234,265.76849006877796,265.9861755371094,88242400
2019-10-02,264.4078541500029,264.4169336033458,259.99955810195115,261.2875671386719,122539500
2019-10-03,261.06081329580894,263.45546385374735,258.34871403256653,263.4282531738281,85278800
2019-10-04,264.08126721678155,267.2468954275957,264.02681819010553,266.992919921875,65091200
2019-10-07,266.19486160761295,267.81850652842235,265.5599086250279,265.8410949707031,59610500
2019-10-08,263.9907184423583,264.72543473960826,261.67769911141454,261.7139892578125,95708100
2019-10-09,263.72771007618655,265.13364208404795,263.1018364259061,264.1993713378906,62359400
2019-10-10,264.1176347838915,266.86602454663546,263.954370682643,265.9861755371094,55296300
2019-10-11,268.7346644381994,270.97510381384257,268.61676988687105,268.7437438964844,98720400
2019-10-14,268.4262380580679,269.0974812285745,268.09970977074494,268.44439697265625,40394800
2019-10-15,269.4874853651235,271.8458464973218,269.3695631563232,271.10205078125,46754500
2019-10-16,270.63941529110076,271.3560002499491,270.23125500917473,270.6666259765625,48928200
2019-10-17,271.8276621175921,272.3356133684746,270.77546947468795,271.46484375,45736600
2019-10-18,270.9295425386808,271.57354688619296,269.4238207900057,270.2764587402344,64304000
2019-10-21,271.59179224199676,272.3083493813206,271.1563936773508,272.1087951660156,39048600
2019-10-22,272.6440336093649,272.93429940069217,271.12925918317654,271.219970703125,48594700
2019-10-23,270.9660114166438,272.0635461348605,270.75737767629226,272.0091247558594,34352200
2019-10-24,272.9433722970273,273.08850518920275,271.62812449255955,272.45355224609375,35453100
2019-10-25,271.8820684135941,274.1134552290327,271.82764704553614,273.5692138671875,45205400
2019-10-28,274.7847083190437,275.61013608971376,274.75749763127527,275.1112365722656,42147000
2019-10-29,274.8391577345471,275.95485140942054,274.7121560578241,275.0296325683594,44284900
2019-10-30,275.229106138278,276.24500852902196,273.9229380126746,275.8731384277344,49643900
2019-10-31,275.8641533549526,275.8641533549526,273.6872149612356,275.13848876953125,69053800
2019-11-01,276.5806115778964,277.73256724702406,276.41731982030456,277.6872253417969,71141500
2019-11-04,279.23837720396307,279.374430643672,278.43108065957426,278.802978515625,60606900
2019-11-05,279.00248856877056,279.3018337699568,278.2042716072942,278.4945373535156,42933200
2019-11-06,278.4945741205653,278.8301818233875,277.6147249920431,278.5580749511719,46487100
2019-11-07,279.89142527025837,280.8710375909936,279.0659976008694,279.53765869140625,54272300
2019-11-08,279.1928981296516,280.2813805830602,278.4944722921573,280.2269592285156,49032100
2019-11-11,278.8483051362286,279.8642075711623,278.71222403622494,279.6918640136719,35797300
2019-11-12,280.0547901635031,281.1795357663944,279.51054859778037,280.28155517578125,46484600
2019-11-13,279.2927585959564,280.77127035209,279.0659936684823,280.3721618652344,53917700
2019-11-14,280.0910183287371,280.862024736105,279.4560653623706,280.7803649902344,51219900
2019-11-15,282.1136801480739,282.85747569869864,281.42433364278145,282.8121337890625,62023600
2019-11-18,282.57636250635056,283.2566574144179,282.122832567639,283.02081298828125,49228000
2019-11-19,283.619442778009,283.62852223373176,282.2951432620522,282.93914794921875,67804700
2019-11-20,282.34957224467774,282.86660297199927,280.3358983899287,281.886962890625,79406200
2019-11-21,281.9958415043259,282.10468425402297,280.6352517705745,281.4334411621094,54664700
2019-11-22,282.1772483826184,282.31330182529547,281.052503014795,282.059326171875,44850200
2019-11-25,282.9845928218921,284.2453918457031,282.9845928218921,284.2453918457031,48647200
2019-11-26,284.2815982160428,285.07073576578375,283.9641217688007,284.8893127441406,37569000
2019-11-27,285.37013629728915,286.1593017578125,285.1524507530205,286.1593017578125,44444600
2019-11-29,285.59683323960326,285.84175709981287,284.87119647744976,285.09796142578125,36592700
2019-12-02,285.3519882399865,285.41548908041284,282.24985869193915,282.6761779785156,75767800
2019-12-03,279.9640166629559,280.862024736105,278.58529565869156,280.7803649902344,73941700
2019-12-04,281.8235316935288,283.1115412943075,281.4788444906727,282.51287841796875,49080000
2019-12-05,283.211315493055,283.229446725346,281.7146445502904,283.02081298828125,40709000
2019-12-06,284.92566208065074,286.00506561677,284.91658262330225,285.60595703125,48927000
2019-12-09,285.21583692878045,285.887052207936,284.63530546909504,284.7078857421875,34838500
2019-12-10,284.6535275182076,285.31566348978197,283.73738821573176,284.3904724121094,52649800
2019-12-11,284.8440482574191,285.45179063198384,284.3088861837475,285.19781494140625,53429100
2019-12-12,285.2068112141044,288.4359419435748,284.97099448527933,287.6558837890625,96389600
2019-12-13,287.4199676298921,289.0526914993744,286.64896144274167,287.8281555175781,81503900
2019-12-16,289.55159690245364,290.3951557751756,287.76468819631657,289.8055725097656,82749700
2019-12-17,290.1865865771561,290.4859041346796,289.78747804627915,289.8691101074219,61097700
2019-12-18,290.25913538779594,290.4859003373177,289.8328161754444,289.8872375488281,48133000
2019-12-19,290.07766829054526,291.14801972745664,289.8236926929126,291.075439453125,85310500
2019-12-20,292.10543451333706,293.48183740439526,291.13013011229833,292.3515625,147142100
2019-12-23,293.1354448960883,293.19013382059256,292.6523408513955,292.7981872558594,52990000
2019-12-24,293.0260371698532,293.07160199650855,292.5064646226813,292.8072814941406,20270000
2019-12-26,293.1902210059652,294.3752129631039,293.18112472741444,294.3660888671875,30911200
2019-12-27,295.0952628094436,295.149951744562,293.7644523592922,294.2931213378906,42528800
2019-12-30,294.3751576532409,294.5118799794698,292.18748916413625,292.67059326171875,49729100
2019-12-31,292.1693745285005,293.62781144325504,291.82299263179215,293.3816833496094,57077300
2020-01-02,294.9129966046256,296.1435533670269,293.9923531023892,296.12530517578125,59151200
2020-01-03,292.74353546966336,295.00411329960116,292.68884653822107,293.8829345703125,77709700
2020-01-06,292.13287226263657,295.08621432416686,292.01437027823323,295.0041809082031,55653900
2020-01-07,294.43897268463854,294.9129805533922,293.7279886988713,294.1746520996094,40496400
2020-01-08,294.3660590478099,296.95477064555246,294.11995883928836,295.7424621582031,68296000
2020-01-09,297.3011671355,297.8207398631898,296.7177813744384,297.747802734375,48473300
2020-01-10,298.33120751452185,298.48615024274386,296.4261352089056,296.8909912109375,53029300
2020-01-13,297.510801872737,298.94186605271307,297.082386683004,298.9327697753906,47086800
2020-01-14,298.4952711557389,299.54351294484616,297.92100945963375,298.47705078125,62832800
2020-01-15,298.38584690535674,299.9080685509151,298.3038135068561,299.1515197753906,72056600
2020-01-16,300.5278990481638,301.63995361328125,300.30001924233943,301.63995361328125,54050300
2020-01-17,302.3509470912397,302.7884585291991,301.5761501633732,302.5788269042969,95846000
2020-01-21,301.6217259743135,302.78846954692693,301.5488166711206,301.986328125,77742400
2020-01-22,302.84318902456715,303.49038781097767,301.8678844320141,302.0228271484375,48914900
2020-01-23,301.3757401528406,302.77948817393155,300.26368508994005,302.3692932128906,51963000
2020-01-24,303.02546369041266,303.1074970853696,298.3949302922052,299.68017578125,87578400
2020-01-27,294.4480801750021,296.3531521856209,294.1108224827082,294.8764953613281,84062500
2020-01-28,296.2984568633764,298.8416034600196,294.96764649476006,297.966552734375,63834000
2020-01-29,299.3247726958283,299.55265256689614,297.5199541027187,297.7204895019531,53888900
2020-01-30,295.6604550917531,298.8963660446492,294.91303023429634,298.68670654296875,75491800
2020-01-31,298.06672633654665,298.2216968131156,292.35151196507485,293.2630310058594,113845600
2020-02-03,294.73976005288546,297.30112696346464,294.6212580975968,295.4416198730469,69083000
2020-02-04,299.0420630449311,300.81041223698935,298.7230258122157,299.9444580078125,62573200
2020-02-05,302.870532103236,303.6179846653886,301.41212336008243,303.4083251953125,65951100
2020-02-06,304.3654472195234,304.62067153969036,303.35364621707834,304.42926025390625,50359700
2020-02-07,303.37183913632214,304.4383010658972,302.2597845544811,302.80670166015625,64139400
2020-02-10,301.92256617332515,305.1311042908256,301.886097610239,305.0672912597656,42070000
2020-02-11,306.41633961218275,307.2002328793031,305.0672809970112,305.5959777832031,54864500
2020-02-12,307.02705945948134,307.77451202465284,306.66245727222037,307.56488037109375,43992700
2020-02-13,306.1428600443528,308.20290257264736,305.8694153801374,307.2366943359375,54501900
2020-02-14,307.646848447526,307.84738378054004,306.4527605428289,307.7288818359375,64582200
2020-02-18,306.73540821888315,307.7927740817303,305.5504162851949,306.9359436035156,57226200
2020-02-19,307.90211788539574,309.07795777585227,307.61954912250815,308.4034423828125,48814700
2020-02-20,307.8565854998732,308.6769752996938,304.1558185736376,307.1365051269531,74163400
2020-02-21,305.78745621324725,306.0973695137125,303.15315143324005,303.9735412597656,113788200
2020-02-24,294.5484460794996,304.046464384972,292.81653664920486,293.89215087890625,161088400
2020-02-25,295.2776354317167,295.8883379321786,284.1115213155918,284.986572265625,218913200
2020-02-26,286.3811587759355,289.9634233462724,283.2090890630601,283.93829345703125,194773800
2020-02-27,278.43265741082325,283.99293030133657,271.18609619140625,271.18609619140625,284353500
2020-02-28,263.15566832306206,271.5325340386913,260.27526361074985,270.0467529296875,384975800
2020-03-02,271.8241221224841,281.80526809577424,268.40592525729664,281.741455078125,238703600
2020-03-03,282.1152386233994,286.0712292614889,271.2408194618374,273.674560546875,300139100
2020-03-04,279.0343161033958,285.3967315712866,276.49116917188974,285.1779479980469,176613400
2020-03-05,277.9951665598652,281.1763600202487,273.4649145191371,275.6981201171875,186366800
2020-03-06,267.21185726562237,272.343714991951,264.5502366862195,271.1405029296875,228667200
2020-03-09,250.94120091707876,259.04461919157205,249.2549128103334,249.9658966064453,309417300
2020-03-10,259.4548189035631,262.99148976667317,249.3004824278456,262.9003601074219,276444100
2020-03-11,255.86349945004477,256.9937745724308,246.91237251975267,250.08444213867188,255316300
2020-03-12,233.3489770719644,243.06577765843556,225.76512864095778,226.15708923339844,392220700
2020-03-13,239.8116265596918,247.45928738947632,226.53079663529957,245.4904022216797,329566100
2020-03-16,219.84020754106757,234.1692913616769,216.35821121478764,218.62789916992188,297240000
2020-03-17,223.35866962977036,233.50389718402428,216.09387404457632,230.43206787109375,262070500
2020-03-18,215.3464207649231,226.3940295191016,207.84462130318278,218.76461791992188,327597100
2020-03-19,218.08101328487268,225.49167035009614,211.67303310856974,219.22952270507812,289322000
2020-03-20,222.37076338943308,224.149511692918,209.50694631687315,209.78201293945312,347158800
2020-03-23,209.22269612416616,210.58883736917826,200.11807712080454,204.41824340820312,326025200
2020-03-24,214.93488557553914,223.81028619851725,214.3664247760725,222.93923950195312,235494500
2020-03-25,224.51625036542322,235.04203577073906,219.82183239457268,226.2766571044922,299430300
2020-03-26,228.77971920189324,240.95586078896224,228.34878482606823,239.48887634277344,257632800
2020-03-27,232.21806449765097,239.13132946268587,230.1825909794387,232.3555908203125,224341200
2020-03-30,234.44601489405457,240.61660815727984,232.45638865585167,239.9014434814453,171369500
2020-03-31,238.90206639274638,241.44181196172076,234.92281361805342,236.3256378173828,194881100
2020-04-01,227.36774076850008,236.24314028710725,223.62687128450554,225.68984985351562,189554600
2020-04-02,224.80967193777292,231.67708998353663,224.2595386780604,230.8977508544922,177660400
2020-04-03,229.9166755402143,232.2638985790031,224.83716977069236,227.560302734375,135561200
2020-04-06,236.40818218401068,244.80680088287363,227.54196002564834,242.84466552734375,188061200
2020-04-07,251.41744466183374,252.16929234238347,242.87215154323118,243.09219360351562,201427200
2020-04-08,245.68700700539043,253.05872554058368,243.202271556666,251.25247192382812,153774500
2020-04-09,254.50739317768844,257.8265203918572,252.5727909100661,255.0758819580078,189999200
2020-04-13,254.1040470484585,254.44328805190864,248.85031642747578,252.74705505371094,114839100
2020-04-14,257.6247736197147,261.21892505517496,252.60944238232008,260.2012023925781,134143400
2020-04-15,254.49815400316507,260.33866974894516,252.56352443424902,254.67236328125,121775000
2020-04-16,255.94683374609875,256.75369195266023,252.83862767870144,255.9010009765625,131798300
2020-04-17,261.65902364519036,263.4194162623719,258.9267132107058,262.8143005371094,146684800
2020-04-20,259.11928900096365,262.95186638326464,257.96403991624453,258.18408203125,100109300
2020-04-21,253.72799788074695,254.9291074264228,249.40947658688037,250.34471130371094,126385700
2020-04-22,255.21334154791583,257.64306593294725,253.89303320643955,255.9010009765625,92951600
2020-04-23,257.17555508386147,260.3388009581545,255.5801935025374,255.88275146484375,104709700
2020-04-24,257.39557038512345,260.11870338954105,255.35091919954365,259.4493713378906,85063200
2020-04-27,261.420615255831,264.3087793852271,260.96217561684955,263.190185546875,77896600
2020-04-28,266.8302216256885,267.1786402598977,261.67736409264813,261.9799499511719,105270000
2020-04-29,267.2978148114988,270.36936598916276,266.27091449702925,268.8381652832031,118745600
2020-04-30,267.4628265283742,268.9390166066362,264.6021678699744,266.3350830078125,122901700
2020-05-01,261.59485828058166,266.5001686462375,258.11987753446385,259.2843322753906,125180000
2020-05-04,257.40466678621465,260.30200851871746,255.92850465269154,259.99945068359375,80873200
2020-05-05,262.8142180832002,265.20725891604,260.12774126497635,262.401611328125,79569900
2020-05-06,264.0979977435184,264.48307149149906,260.1920818426239,260.6230163574219,73632600
2020-05-07,263.8320410550969,265.6933050734505,263.2635803176103,263.7678527832031,75250400
2020-05-08,266.89437904014466,268.5997890049133,265.7666074831052,268.1321716308594,76452400
2020-05-11,266.20676247386785,269.56254444611375,265.7850057832069,268.1872253417969,79514200
2020-05-12,269.3701292832735,269.7827084123713,262.7043951055732,262.8419494628906,95870800
2020-05-13,262.2825424788248,263.3186207708161,255.77269255804435,258.1932678222656,144721100
2020-05-14,255.76347804149395,261.41142959963264,250.29885756390482,261.2830810546875,121977900
2020-05-15,258.89919065123917,262.53002466488874,257.95480613821377,262.48419189453125,111146300
2020-05-18,268.6915050760796,272.0839701507051,268.3706196611589,270.47943115234375,119703800
2020-05-19,269.88340997902395,271.58879193513707,267.6829053984864,267.70123291015625,95189300
2020-05-20,271.23127021904025,273.1108617924765,271.00205036955106,272.2489929199219,85861700
2020-05-21,272.1207198117793,272.92757838266874,269.27838729376293,270.3694763183594,78293900
2020-05-22,270.0851928712047,271.05708287336876,268.84739998740986,270.88287353515625,63958200
2020-05-26,276.8333877387792,277.07178533427884,270.9011769612808,274.22027587890625,88951400
2020-05-27,277.00761167218025,278.33709805129075,272.1939946167621,278.3004150390625,104817400
2020-05-28,279.3272461114309,281.33521382254526,277.11756385460404,277.7868957519531,90405200
2020-05-29,277.3192788350179,279.6114768667384,274.57781894297864,279.0246887207031,119090800
2020-06-01,278.38289544316814,280.7576095309241,277.86944526100126,280.1524658203125,55758300
2020-06-02,281.0693740975131,282.5180592457431,279.73991573138625,282.4721984863281,74267200
2020-06-03,284.4526967836339,287.18500785953836,284.1776441166722,286.2314453125,92567600
2020-06-04,285.2503333753304,286.9832488519643,283.38906933428206,285.47955322265625,75794400
2020-06-05,290.86163222663976,294.56580447547407,290.79744395981476,292.7962341308594,150524700
2020-06-08,293.60304767799335,296.5278944562294,293.06209232772414,296.3353576660156,73641200
2020-06-09,293.67644251654445,296.40875303318035,292.814573695221,294.125732421875,77479200
2020-06-10,294.70338803982554,295.5927621739855,291.7693627776029,292.4845275878906,95000800
2020-06-11,285.57125517345406,286.2039042091924,275.07300264511355,275.62310791015625,209243600
2020-06-12,282.61891221793167,283.3890875968667,273.78020888553783,278.92388916015625,194678900
2020-06-15,273.24835223856235,282.6555425806839,272.07474788246594,281.52777099609375,135782700
2020-06-16,289.25708690915724,289.4037909524716,282.0962619316776,286.946533203125,137627500
2020-06-17,287.96429064170104,288.25769873534205,285.0210879201945,285.7546081542969,83398900
2020-06-18,284.2417577526698,286.34139118127837,283.78331810749904,285.8646240234375,80828700
2020-06-19,289.3235800973279,289.5169641791191,282.28778324973854,284.2309265136719,135549600
2020-06-22,283.6323733290194,286.45036871018254,282.4904486423991,286.05438232421875,74649400
2020-06-23,288.69733429029844,289.6274664668477,286.96601139314646,287.3712158203125,68471200
2020-06-24,285.336089865643,285.953114826548,278.20822201391996,280.04083251953125,132813500
2020-06-25,279.469847494696,283.31007226818923,277.4530430466422,283.0429992675781,89468000
2020-06-26,281.94708210428337,282.1589024781775,275.7401296700566,276.3202819824219,127961000
2020-06-29,277.5727234684733,280.51963173893165,275.2888463730119,280.3815002441406,79773300
2020-06-30,279.9486629348006,285.667559621828,279.7921232790596,283.9730529785156,113394800
2020-07-01,285.08739818187286,287.22392574002134,284.62694111006857,285.9622497558594,72396500
2020-07-02,289.3880053272748,290.7325599973722,286.87392810290646,287.5369873046875,69344200
2020-07-06,291.34955427526955,292.55594935283244,290.6036161923204,291.97576904296875,61713800
2020-07-07,290.43791531370204,292.408657022588,288.5868688394488,288.9644470214844,82910000
2020-07-08,289.728779659392,291.2851267804882,287.9698584105039,291.17462158203125,54638600
2020-07-09,291.7824392568342,292.0218859318801,286.109604655345,289.5169982910156,83354200
2020-07-10,289.45257720821917,292.74024807034215,288.0251712561306,292.4731750488281,57550400
2020-07-13,294.8122566026346,297.18820278628755,289.2867716039281,289.94061279296875,102997500
2020-07-14,288.5223162049318,294.4714402869831,287.3251393658656,293.6978759765625,93657000
2020-07-15,296.9119193662305,297.4920997478603,294.02023559241456,296.3962097167969,87196500
2020-07-16,294.49906899438264,295.8712217355854,293.8544180117162,295.41998291015625,54622500
2020-07-17,296.4237778227198,297.0592106774664,294.4530085389404,296.27642822265625,62774900
2020-07-20,296.00938243299004,299.4167754994566,295.26344433587724,298.67083740234375,56308800
2020-07-21,300.6323928502155,301.07441359288947,298.3208896684092,299.3062744140625,57292200
2020-07-22,298.94714058873586,301.32311478404205,298.83663538971115,301.0099792480469,57792900
2020-07-23,300.6509058773969,301.35080976950474,296.0555523114501,297.4184875488281,75738000
2020-07-24,295.56743094562876,296.5251615020732,294.0018655257891,295.5029602050781,73766600
2020-07-27,296.19361733148213,297.83284336537673,295.4016165623497,297.6578674316406,48293000
2020-07-28,296.9303216498821,298.0446479275418,295.4752897615271,295.7699890136719,57495000
2020-07-29,296.644759718636,299.9692732735679,296.60791529613834,299.4075012207031,48454200
2020-07-30,296.4422138237154,298.7537169791964,294.3609672745089,298.33929443359375,61861700
2020-07-31,300.1259370973195,300.79821459184643,295.9173523890963,300.6968994140625,84986800
2020-08-03,302.35455324026356,303.551730444188,301.8112172413089,302.7873840332031,53077900
2020-08-04,301.93091720834786,303.9569396972656,301.93091720834786,303.9569396972656,41917900
2020-08-05,305.2553866917395,306.1026399985558,304.988313743364,305.8447570800781,42697700
2020-08-06,305.26466855525786,308.00897505925286,304.9423429439364,307.8892517089844,43679400
2020-08-07,306.9223336634307,308.3958022453001,306.0198274823178,308.1103210449219,57308300
2020-08-10,308.5615746656635,309.21541601638984,306.6276488170699,309.03125,44282100
2020-08-11,310.2098203053794,310.8452530780691,305.75260086927716,306.4801025390625,69601100
2020-08-12,308.91143712616207,311.526829875344,308.8838108265044,310.7532653808594,53774400
2020-08-13,309.9889565628064,311.4992695414481,309.2706445155212,310.1915588378906,41816100
2020-08-14,309.80475825655594,310.73489061846544,309.07722814860483,310.20074462890625,47260400
2020-08-17,311.2137530113555,311.58211307766084,310.2099598864431,311.1861267089844,35481000
2020-08-18,311.58210731482745,312.2820111007127,309.98891563003593,311.8583984375,38733900
2020-08-19,312.23585644513565,312.7515659971486,309.9980423422156,310.559814453125,68054200
2020-08-20,308.8377736301808,312.0057207368476,308.7088602558769,311.52685546875,42207800
2020-08-21,311.1953645031958,312.8529989583211,310.85460261366353,312.6319885253906,55106600
2020-08-24,315.0631784958775,315.8735875319697,312.60435318835533,315.7999267578125,48588700
2020-08-25,316.3616627587458,316.9878776871024,315.2013018413242,316.9049987792969,38463400
2020-08-26,317.4944472238556,320.34925928785856,316.9511111179945,320.08221435546875,50790200
2020-08-27,320.94779884525434,322.2278548973866,319.1243787139967,320.7820129394531,58034100
2020-08-28,321.80420702373715,322.9829758804368,320.61622003326073,322.8540344238281,48588900
2020-08-31,322.64223722364346,323.517088692937,321.4542502514148,321.6844787597656,66099200
2020-09-01,322.51335702094957,324.81564254170917,321.620069114732,324.71435546875,54908700
2020-09-02,326.6206419236981,330.37795938167653,325.4786892390397,329.4110107421875,69540000
2020-09-03,327.7256539431089,328.19532906675,315.495917398797,318.0744934082031,148011100
2020-09-04,318.75605256613443,320.3215899223895,308.38654915956926,315.47760009765625,139156300
2020-09-08,310.08104920352173,315.5420924165605,306.553959764829,306.85784912109375,114465300
2020-09-09,310.8545526760322,315.37624441716423,309.98889114735533,312.91741943359375,91462300
2020-09-10,314.78678805051163,315.44062903377323,306.5261894530865,307.48394775390625,90569500
2020-09-11,309.26138178450964,310.32042738546795,304.8225690491499,307.64056396484375,84680200
2020-09-14,310.79936944297793,313.4608253569491,307.78798968967357,311.6926574707031,65605700
2020-09-15,314.14218543935834,314.9710024350509,311.70176891157143,313.267333984375,52920900
2020-09-16,314.5014007189514,315.92880641145365,311.74784829653964,312.0241394042969,82096000
2020-09-17,307.1801324619214,310.9927306673699,306.65520463292705,309.2798156738281,91523300
2020-09-18,310.0833240814501,310.1942716478776,303.2412847248806,305.7192077636719,105877900
2020-09-21,301.142326624104,302.4644982707125,297.4716623333605,302.3165588378906,99450800
2020-09-22,303.7960278580259,305.9503348545205,301.2903399000604,305.39556884765625,63612100
2020-09-23,305.9503536740996,306.22775080288056,297.8138791281714,298.31317138671875,93112200
2020-09-24,297.0001579503366,302.15941605078405,295.68721289484193,299.1082458496094,76681300
2020-09-25,298.2576833289289,304.7298882709884,297.38858462452924,303.9440002441406,71069400
2020-09-28,308.09538490645014,309.70418077413325,307.10605558287943,308.99224853515625,64584600
2020-09-29,308.788814611231,309.5284836874694,306.6159979020015,307.3094482421875,51304000
2020-09-30,307.97519790754353,312.78313211808506,307.781039690102,309.6394958496094,104081100
2020-10-01,312.22833451482296,313.1991537202758,309.75041203082435,311.6273498535156,88698700
2020-10-02,306.69000965854815,311.59963625667905,306.2184543549931,308.66864013671875,89431100
2020-10-05,310.7212700191764,314.3272066536649,310.675051276602,314.1423034667969,45713100
2020-10-06,314.2809115493329,316.37051739087525,309.1678726905185,309.6763916015625,90128900
2020-10-07,312.62584467571554,315.87120071394156,312.5981077957547,315.0668029785156,56999600
2020-10-08,316.99932011187576,317.9239207082548,316.08394633419226,317.85919189453125,45242500
2020-10-09,319.5049199072346,321.15996256500506,318.88545342511554,320.6976623535156,59528600
2020-10-12,323.2311019429976,327.32707559553944,322.7410647815939,325.8569641113281,80388500
2020-10-13,325.71829333157706,325.89396970025575,322.76881520469266,323.73040771484375,73255500
2020-10-14,324.30354654033823,325.39456809314646,320.96575309067214,321.6961669921875,57727900
2020-10-15,317.79443172197927,321.7794576418191,317.2581758442864,321.2986755371094,60357700
2020-10-16,322.6486204375523,324.30366342738694,320.9288768497177,321.10455322265625,89501900
2020-10-19,322.36198948401005,322.9907111121093,315.3257925506402,316.22265625,68425600
2020-10-20,317.56327447111846,320.72542054305353,316.8051235185024,317.48931884765625,60051900
2020-10-21,317.44313504454004,319.60672543903087,316.583263194965,316.8883972167969,63575000
2020-10-22,317.10106236922707,319.2091509309516,314.96523691392366,318.62664794921875,55399300
2020-10-23,319.84705846131055,319.9025322364598,317.258188232449,319.7083740234375,49143900
2020-10-26,316.3336594798121,317.11957576154066,310.31449956101216,313.8002624511719,91473000
2020-10-27,314.14230712329396,314.475149793473,312.5057460118679,312.7184143066406,65994100
2020-10-28,307.059827691063,312.7461150486337,301.5399616493468,302.0299987792969,127094300
2020-10-29,302.26114022168764,308.2617881868608,300.57836060996675,305.09967041015625,90597700
2020-10-30,303.52792464897027,304.8316150562413,298.2761993068476,301.91912841796875,120287300
2020-11-02,305.3031311035156,307.3002435800331,302.566292996373,305.3031311035156,86068300
2020-11-03,308.5299198245358,312.74609552911073,305.38628400502864,310.6934814453125,93294200
2020-11-04,315.15928696801785,321.70547377095147,313.9850545875487,317.6372375488281,126959700
2020-11-05,322.9074004304526,325.6349826078868,322.5560478010544,323.8320007324219,82039700
2020-11-06,323.5454494007083,325.0063340064699,321.4373613684711,323.75811767578125,74973000
2020-11-09,336.5269431590357,336.9060328604697,327.36414614851435,327.8264465332031,172304200
2020-11-10,326.8370947712311,328.39967222282814,324.0818027239641,327.34564208984375,85552000
2020-11-11,329.52771399712026,330.6002542932747,328.28875233171163,329.7773742675781,58649000
2020-11-12,328.76945432758134,329.8235125087104,324.7752013576145,326.5781555175781,67546200
2020-11-13,328.48285175165734,331.8391565132532,327.965077662347,331.0994873046875,62892200
2020-11-16,333.76234079790987,335.4266106214588,332.4771323966517,335.2324523925781,74541100
2020-11-17,332.82836726191886,334.63134911264564,331.32126427573746,333.4293518066406,66111000
2020-11-18,333.6976230414402,334.24313403742127,329.3797256027603,329.4167175292969,70591300
2020-11-19,328.7879360767462,331.1733928980095,327.44725409515723,330.8035583496094,59940900
2020-11-20,330.54466445649757,330.74807768636424,328.46431342145667,328.53826904296875,70417300
2020-11-23,330.341330114274,331.7652230633756,328.11303908751194,330.50775146484375,63230600
2020-11-24,333.0504084548386,336.3789766002486,332.1997916166957,335.8334655761719,62415900
2020-11-25,335.75020670349176,335.77794359169803,334.2246214190069,335.3156433105469,45330900
2020-11-27,336.4067085508926,336.721069396595,335.2417026629686,336.2495422363281,28514100
2020-11-30,335.47279650501997,335.7409385582566,332.08878340971694,334.7608642578125,83872700
2020-12-01,338.0062793851227,339.9571732876584,337.41452140242126,338.4223327636719,74231400
2020-12-02,337.3127218895292,339.2913520564298,336.73947416095587,339.1341857910156,45927000
2020-12-03,339.03252352963375,340.4286793920205,337.94150165059074,339.0417785644531,62882000
2020-12-04,339.62420221979386,341.96343994140625,339.53173654287355,341.96343994140625,50749900
2020-12-07,341.19601339057107,341.7507792477723,339.99404421377153,341.2607421875,48944300
2020-12-08,339.99411677063375,342.8233922079248,339.9478980295718,342.2593994140625,42458900
2020-12-09,342.91574357368,343.07290981414496,338.35747113523325,339.1896057128906,74098300
2020-12-10,337.82132486772645,340.12357138803657,336.95219802540623,339.07879638671875,57735400
2020-12-11,337.38668688428726,339.0879482674164,335.870356871384,338.6811218261719,57698600
2020-12-14,340.8447147774003,341.91722644158915,336.98911858351033,337.164794921875,69216200
2020-12-15,339.6982365511047,341.7231140136719,338.329845795208,341.7231140136719,63865300
2020-12-16,341.93578357691985,343.17474493301853,341.05740176418556,342.2593994140625,58420500
2020-12-17,343.8959404400441,344.3767225815223,343.07303238358134,344.1733093261719,64119500
2020-12-18,344.46113944048307,344.6282701572163,340.79338813671035,342.7990417480469,136542300
2020-12-21,338.88995381488303,351.4159755487242,336.1600382375715,341.57342529296875,96386700
2020-12-22,341.89839793934385,342.0098184311258,339.87418344037354,340.9977111816406,47949000
2020-12-23,341.96339496968784,343.20763766131074,340.9791428653168,341.30413818359375,46201400
2020-12-24,341.7776565578183,342.659782611028,341.19269902115246,342.6319274902344,26457900
2020-12-28,345.1760839492796,345.9653500649846,344.5539768762825,345.57537841796875,39000400
2020-12-29,347.09815522580993,347.27458040793783,344.3310908811892,344.91607666015625,53680500
2020-12-30,345.733259466037,346.4389603203097,345.0182924625775,345.40826416015625,49455300
2020-12-31,345.2132342407314,347.8874388872676,344.70254763729105,347.1631774902344,78520700
2021-01-04,348.4910332362678,348.6210426946345,338.7506384714175,342.43695068359375,110210800
2021-01-05,341.7962383123607,345.88181651795514,341.74979422078724,344.79541015625,66426200
2021-01-06,343.29115366008426,350.0416701451585,342.743317442046,346.85675048828125,107997700
2021-01-07,349.22456754371,352.7530149569909,349.04814233936133,352.01019287109375,68766800
2021-01-08,353.3937336428552,354.22941562712896,350.1531317059406,354.015869140625,71677200
2021-01-11,350.84948394564515,353.38438462890787,350.7287689918053,351.62945556640625,51034700
2021-01-12,351.8152146876118,352.71587302635754,349.4659767403623,351.7037658691406,52547700
2021-01-13,351.6294773146356,353.6443970420134,350.84950564563337,352.65087890625,45303600
2021-01-14,353.39375334288167,353.8951738961369,351.08169311224,351.41595458984375,49989100
2021-01-15,349.80025180486865,350.5987841141442,346.99606590019863,348.8531494140625,107160000
2021-01-19,351.30456148612353,352.13097743160114,349.8281831712378,351.5924072265625,51233300
2021-01-20,353.87657321374,357.2936287805517,353.4866015027723,356.45794677734375,61836100
2021-01-21,357.0150639404166,357.4422136144088,355.8636810590546,356.7829284667969,47840100
2021-01-22,354.9350947122526,356.68075778914084,354.55438918277406,355.52008056640625,52860500
2021-01-25,356.25368989697324,357.2750633365752,351.4159661050598,356.9222412109375,70402000
2021-01-26,357.869315038569,358.2778757163541,356.1329463264064,356.3650817871094,42665300
2021-01-27,353.05019098865546,353.1430508430368,345.4268701693278,347.6553649902344,123351100
2021-01-28,349.4660278006509,354.6380131608825,349.0296402961442,350.6452941894531,94198100
2021-01-29,348.7881167338835,349.75380801800657,341.9540352154757,343.62542724609375,126765100
2021-02-01,347.0146573120808,350.37597423640665,343.91333096928156,349.3453063964844,75817600
2021-02-02,352.52087154806475,355.8357724135965,349.42883997274356,354.28509521484375,64450700
2021-02-03,355.11152644432576,356.2814981741382,353.2915924599428,354.5636901855469,52427100
2021-02-04,355.59433635934124,358.63995212915546,354.67508910571235,358.5935363769531,47142600
2021-02-05,360.45994861198795,360.7106447040377,358.54715471512554,360.00494384765625,48669800
2021-02-08,361.45341690524697,362.6512436310637,360.5991744109489,362.6048278808594,38365200
2021-02-09,361.76912302259905,362.95768361802595,361.3605907389764,362.3634033203125,35551100
2021-02-10,364.09976890155684,364.24833897480704,359.80991075751706,362.2055358886719,59154400
2021-02-11,363.2826838806573,363.7005390243798,360.3670773709089,362.7905578613281,42913300
2021-02-12,361.9919719175586,364.8240126465975,361.9176727161063,364.5826110839844,50593300
2021-02-16,365.8083200461877,366.0033342269587,363.55197027023985,364.2669372558594,50972400
2021-02-17,362.5213268153556,364.6012515218009,361.5091912477151,364.3505554199219,52290600
2021-02-18,361.7506089186291,363.5426878534969,360.03280086210617,362.79986572265625,59712800
2021-02-19,364.05338233465426,364.34122801938736,361.71343891444184,362.1591491699219,83241000
2021-02-22,359.4013597570989,361.77842431901905,359.1042196026477,359.3735046386719,67414200
2021-02-23,357.1728812923066,361.15633342710237,353.0315929249602,359.8099365234375,107284100
2021-02-24,358.7235712258007,364.2019909749651,357.7393191021612,363.77484130859375,72433900
2021-02-25,362.5119712403062,363.8769286831077,353.5701100677541,355.00933837890625,146670500
2021-02-26,356.88510798823404,358.02719646343246,351.20243572701213,353.1802062988281,152701600
2021-03-01,358.03639956573255,362.9855428178806,353.3751303176071,361.74127197265625,105348800
2021-03-02,361.964195274004,362.19633073939394,358.41715856200267,358.9185791015625,79595300
2021-03-03,358.22215187611573,359.18781495345684,354.06227437694446,354.1644287109375,119940200
2021-03-04,353.9787373865895,356.5600826850542,345.3061596092031,349.78173828125,183433000
2021-03-05,353.27297148908974,357.26571784913307,346.01179684391315,356.2164611816406,152039600
2021-03-08,357.1728776946545,359.9770636155982,354.1644114525265,354.4429626464844,123149200
2021-03-09,358.2777972390248,362.04767402813786,357.7763768194202,359.50347900390625,113633600
2021-03-10,361.84342629734385,363.4312247093334,360.4320530796693,361.74127197265625,109899400
2021-03-11,364.20202543159564,367.3776230858602,363.74702059931354,365.40911865234375,86245000
2021-03-12,364.0533645809201,366.04042915723414,363.2455378059453,365.9011535644531,64653600
2021-03-15,366.15186917399524,368.343242519141,364.0162344057818,368.083251953125,73427200
2021-03-16,368.6960693202915,369.401741761804,366.84825201962127,367.61895751953125,73722500
2021-03-17,366.33753812086064,369.6709992628649,365.1954216836132,368.8724670410156,97959300
2021-03-18,366.2911796002453,368.37110416522074,362.8277084837041,363.50555419921875,115349100
2021-03-19,363.20554373191754,364.7799210991891,360.662312193328,362.8329162597656,113624500
2021-03-22,363.3453133880508,367.10891663764517,363.28942068287944,365.73016357421875,73778600
2021-03-23,365.09671154896347,366.54065388487237,362.06906667782835,362.8515930175781,90686600
2021-03-24,364.24899956726335,365.8792700256846,360.96051229403434,361.007080078125,97588600
2021-03-25,359.5723827433269,363.82969504622673,357.63467436503356,363.0378723144531,116128600
2021-03-26,364.18370331754596,369.28878794295866,363.587505033435,368.8882141113281,114409100
2021-03-29,367.4162848468423,369.60551031662703,365.935071468474,368.7018737792969,108107600
2021-03-30,367.43499693096027,368.39452632963565,366.13075792489735,367.7237854003906,76262200
2021-03-31,368.2920667610857,370.7700812685605,368.26412040470916,369.2143249511719,112734200
2021-04-01,371.14268644280133,373.25739818982174,370.9377370318491,373.20147705078125,99682900
2021-04-05,375.8564594894642,379.0983784802134,375.7819453604423,378.55804443359375,91684800
2021-04-06,377.9990859414913,379.3778104361055,377.66370131465686,378.3344421386719,62021000
2021-04-07,378.16678511784755,379.1169894924743,377.7103185696919,378.7723083496094,55836300
2021-04-08,380.0206514166771,380.626174688792,379.089068404298,380.5702819824219,57863100
2021-04-09,380.4492124791382,383.5048037222059,380.32810213483407,383.33709716796875,61104600
2021-04-12,382.74084817389485,383.7469452179368,382.13532496213276,383.476806640625,56704900
2021-04-13,383.374318989603,385.2374848347506,382.99236657978923,384.6133117675781,56551000
2021-04-14,384.58539585907903,385.63808919365846,382.7595011466084,383.2998352050781,61659900
2021-04-15,385.4331734470441,387.68761700399335,385.3866056650256,387.4174499511719,60229800
2021-04-16,388.70295534718036,389.31780345743056,387.28695960911085,388.7122802734375,82037300
2021-04-19,387.7807610260529,388.2279026853113,385.4797498055928,386.8025817871094,78498500
2021-04-20,385.59152639170094,386.6907875184191,382.4986639809094,383.9705810546875,81851800
2021-04-21,383.3556830388797,387.80864810285476,383.21592286206607,387.60369873046875,66793000
2021-04-22,387.43610589568067,388.26520006438915,383.001761278924,384.0637512207031,97582800
2021-04-23,384.6227137075241,389.6346353832558,384.5481995678462,388.2279357910156,73209200
2021-04-26,388.87997690212677,389.60661044348035,388.29307511302295,389.038330078125,52182400
2021-04-27,389.33645070740164,389.53210359386003,387.8179659687333,388.9544982910156,51303100
2021-04-28,389.2246648182536,390.342575715046,388.3769209336228,388.84271240234375,51238900
2021-04-29,391.56296041556226,391.9355879172904,387.9484139465216,391.32073974609375,78544300
2021-04-30,389.05698052139843,389.9047243925387,387.85523059091884,388.7495422363281,85527000
2021-05-03,390.73390277771705,391.1158552700201,389.0943358120596,389.58807373046875,68128300
2021-05-04,387.6037329855272,388.09747082223015,383.5047736052085,387.18450927734375,101591200
2021-05-05,388.82414902597037,389.0570447951,386.74670853065714,387.3056640625,60162200
2021-05-06,387.38015025282107,390.52890537303807,385.3772524687335,390.39849853515625,74321400
2021-05-07,391.1624256128691,393.89195716185367,390.48235974282153,393.2398376464844,67733800
2021-05-10,393.59381081117,393.81738162988034,389.2246843410474,389.3457946777344,81852400
2021-05-11,384.8368977997584,386.85841675179097,382.0048778519801,385.8709411621094,116888000
2021-05-12,383.0948540805935,384.36179320441613,376.3594993403955,377.67303466796875,134811000
2021-05-13,379.21949593633536,384.1382530041698,379.1728997288725,382.2098693847656,106394000
2021-05-14,384.93948760956124,388.92666258388954,384.911541250639,388.07891845703125,82201600
2021-05-17,386.97025720812496,387.9018401628468,385.07911651757036,387.0913391113281,65129200
2021-05-18,387.3521523950896,387.5943730427938,383.5978745039429,383.7562561035156,59810200
2021-05-19,379.0797721892408,382.9271861523255,377.5985301803542,382.75018310546875,106467100
2021-05-20,383.62587868681237,388.1254406224363,383.5047967743601,386.8677978515625,78022200
2021-05-21,388.3490042918943,389.5880256140857,386.0945893314259,386.5510559082031,76578700
2021-05-24,388.78679507785904,391.56292229029447,388.5445744319748,390.4916076660156,51376700
2021-05-25,391.57227976579446,391.9262858634761,389.0476977323679,389.6252746582031,57451400
2021-05-26,390.21217056143115,390.90153289083105,389.1781270673312,390.39849853515625,43088600
2021-05-27,391.4232216191229,391.9355808710809,390.3239321287522,390.6034240722656,56707700
2021-05-28,392.1684587891069,392.42930086674016,391.069197778342,391.3020935058594,58520200
2021-06-01,393.6590742965092,393.79880607447905,390.5196438229263,390.9574890136719,54216600
2021-06-02,391.60953690489885,392.4107130596126,390.6034397848831,391.572265625,49097100
2021-06-03,389.26200853094554,391.25558160462,387.79941622388145,390.1190490722656,58138800
2021-06-04,391.96345581454096,393.98500296201263,390.1841292880553,393.6868896484375,55938800
2021-06-07,393.67768124837585,393.85468430384935,392.3734706525122,393.3050537109375,51555000
2021-06-08,394.16214806830806,394.2553120728137,391.56305144947635,393.3889465332031,47134300
2021-06-09,394.22723105049744,394.301773600504,392.57833960967673,392.8019104003906,48436300
2021-06-10,394.0222234935025,395.57797916154135,392.7086884327346,394.62774658203125,51020100
2021-06-11,395.17753829078254,395.3917841957337,393.8919491424424,395.2799987792969,45570800
2021-06-14,395.3918091672138,396.2674995574854,394.1528161505777,396.1650390625,42358500
2021-06-15,396.3140447697688,396.3512876197017,394.56266421460623,395.4383544921875,51508500
2021-06-16,395.5781066988787,395.8016775286566,391.19035858653814,393.2304992675781,80386100
2021-06-17,392.82069510707476,394.07830966622913,390.63146893093574,393.10015869140625,90949700
2021-06-18,389.8251604695109,390.5167781405025,387.5914076691271,387.7970275878906,118676300
2021-06-21,389.5540649639203,393.53560087943845,388.7409408172673,393.3486633300781,72822000
2021-06-22,393.33932268734105,396.28340358966534,392.6196388178262,395.4515686035156,57700300
2021-06-23,395.5264348867474,396.33020373335535,394.8908927490569,394.9750061035156,49445400
2021-06-24,397.1151979683019,397.7320290467191,396.8628294590152,397.31146240234375,45110300
2021-06-25,398.05916806103676,399.1713807602741,397.7320416454971,398.7227478027344,58129500
2021-06-28,399.2462640059079,399.69486854958024,398.0499376849995,399.5266418457031,53159600
2021-06-29,399.9098038354574,400.5453458904214,399.20883078354126,399.7415771484375,35970500
2021-06-30,399.2835611544407,400.75093815402226,399.25552337520446,400.0780029296875,64827900
2021-07-01,400.83509959729395,402.4520211210759,400.7696685970019,402.2931213378906,53441000
2021-07-02,403.45209077508554,405.72323677808726,402.37724253484845,405.3680725097656,57697700
2021-07-06,405.4240192704074,405.6389945546896,401.9004725351284,404.62957763671875,68710400
2021-07-07,405.3119686849688,406.34006819983387,403.3025183056718,406.0596618652344,63549500
2021-07-08,400.7510054866028,403.5081778396305,399.57336151548776,402.7511291503906,97595200
2021-07-09,404.2557567096167,407.3493815946714,402.5547222376829,407.05029296875,76238600
2021-07-12,406.96631811831986,408.760821961799,406.5363958989324,408.5084533691406,52889600
2021-07-13,407.72331850573784,409.2187334442086,406.854118733952,407.1158142089844,52911300
2021-07-14,408.8075027783235,409.29352904474496,406.48028123314407,407.72332763671875,64130400
2021-07-15,406.38676403559714,407.0596992666777,404.43338933545084,406.3306884765625,55126400
2021-07-16,407.50829208648764,407.55501220685557,402.75102581295585,403.1435546875,75874700
2021-07-19,398.3302530154178,403.20902632092094,394.38611039278754,397.19000244140625,147987000
2021-07-20,397.85360950811923,404.1530401378472,397.0591676686946,402.8819274902344,99608200
2021-07-21,404.078212041571,406.2839552086843,402.8351658262947,406.14373779296875,64724400
2021-07-22,406.3213579405747,407.23730633204167,405.3400070746696,406.9942932128906,47878500
2021-07-23,408.91963853760046,411.5179109011736,408.2373763394922,411.18145751953125,63766600
2021-07-26,410.59270708229167,412.2002734052028,410.545986945372,412.19091796875,43719200
2021-07-27,411.15338725210887,411.18142503169713,407.4896224241449,410.3122253417969,67397100
2021-07-28,410.9384237416545,411.51789021824817,408.72335352250394,410.14398193359375,52472400
2021-07-29,411.06927031045103,412.91982079238494,411.05991487644866,411.8450012207031,47435300
2021-07-30,409.2841865056366,411.29363706752343,409.15332449973266,409.844970703125,68951200
2021-08-02,411.55521940428144,412.10664801469085,408.6298211733792,408.9849853515625,58783300
2021-08-03,409.7795364098606,412.4338844991458,407.5925037276187,412.3123779296875,58053900
2021-08-04,411.03187281061224,412.28427447929056,410.0505220211944,410.2841796875,46732200
2021-08-05,411.4431070974712,412.96655962509095,411.1253360982536,412.8824462890625,38969700
2021-08-06,413.2003281153851,413.98541465155415,412.91992173075016,413.5648193359375,46930000
2021-08-09,413.53659544100043,413.8543663824393,412.4617760902923,413.2281799316406,41222600
2021-08-10,413.67690908891893,414.4526685963435,412.9946468851688,413.7423400878906,43339300
2021-08-11,414.8077789542653,414.86385451105014,413.6862107732414,414.7703857421875,44034300
2021-08-12,414.6208372172166,416.15364514758056,413.72359979508303,416.013427734375,38909400
2021-08-13,416.4620942233985,416.7892206760995,415.9760965228515,416.7705383300781,39470300
2021-08-16,415.47142121296486,417.8827560853764,413.91993068902,417.7519226074219,73740000
2021-08-17,415.2003672937734,415.87330259419554,412.03198379117543,415.0134582519531,92673900
2021-08-18,414.0039411626052,415.56478673379405,410.22805427034564,410.4710388183594,89351900
2021-08-19,407.7513683082851,412.30304425730367,407.6111793930043,411.106689453125,92812200
2021-08-20,411.4524984131377,414.7049951138694,410.96647217681397,414.37786865234375,72008700
2021-08-23,416.0601886079049,418.92951158354134,414.4526227295589,418.0229187011719,54973000
2021-08-24,418.6865539550781,419.2193003480419,418.17251843232447,418.6865539550781,38744700
2021-08-25,418.8735372999682,420.0791906082296,418.49966212692135,419.5651550292969,40529700
2021-08-26,419.2847386206746,419.51839633690446,416.994910115224,417.08837890625,57829600
2021-08-27,417.8921060042868,421.19135148689224,417.83603043980827,420.8175048828125,77235100
2021-08-30,421.4904164695936,423.4531466839395,421.2474033554113,422.6680603027344,48357400
2021-08-31,422.5746165039233,422.9110698917558,421.4437212534849,422.0418701171875,59300200
2021-09-01,422.9764722664043,423.4905077483613,422.03248612109024,422.2661437988281,48721400
2021-09-02,423.686814177093,424.36907636322894,422.3689814101181,423.5653076171875,42501000
2021-09-03,422.43439243098885,423.9765273755303,422.0324795543075,423.46246337890625,47170500
2021-09-07,423.1166832249812,423.2101520054819,421.27545948751975,421.9483947753906,51671500
2021-09-08,421.4156743425341,422.14468518971387,419.5183465302411,421.4343566894531,56181900
2021-09-09,421.23808970978325,422.9858446456514,419.38751055980504,419.6305236816406,57970400
2021-09-10,421.55586791625456,421.97643464658915,416.2004233686548,416.3219299316406,89948200
2021-09-13,419.31275573342043,419.57445120398825,415.07885103030503,417.38739013671875,83738600
2021-09-14,418.8267538323482,419.032373751366,414.24706856986353,415.1349792480469,78197100
2021-09-15,415.5555116773011,419.0977701394543,414.4526542585058,418.6024169921875,78792200
2021-09-16,418.07903168064803,419.0510271190857,414.99473310868217,417.9388427734375,77786700
2021-09-17,417.16807262421446,417.5899866501967,413.51131271479295,413.86761474609375,118425000
2021-09-20,407.7543373535724,409.32954038102963,402.10981691745377,406.96673583984375,166445500
2021-09-21,409.3015046670298,410.59543194937584,406.0573296672389,406.5823974609375,92526100
2021-09-22,408.85136298150707,412.5831207202877,406.69483696311266,410.5484619140625,102350100
2021-09-23,412.4143728690153,417.14001100580157,412.17996661282217,415.5366516113281,76396000
2021-09-24,413.9051347076099,416.9336734105124,413.68947068134617,416.2210693359375,62094800
2021-09-27,415.1896841659372,416.3523298980062,414.33644206403306,415.0303039550781,61371100
2021-09-28,412.26433994291904,412.59251441684535,405.93537117136833,406.6667175292969,130436300
2021-09-29,408.0449990691309,409.77961092728947,406.78858508585967,407.3511657714844,82329200
2021-09-30,408.8232729732289,409.5264917761639,402.0348766187246,402.3724365234375,140506000
2021-10-01,404.0975980601775,408.83259245748525,400.5815046124614,407.15423583984375,129240100
2021-10-04,405.9916262485337,406.89173823936943,399.7657824946463,401.9035949707031,128570000
2021-10-05,403.4037658375677,408.3262970264828,402.6068074886927,406.08538818359375,90682500
2021-10-06,402.49426854273986,407.97938044868795,400.8721956255004,407.7731018066406,113032200
2021-10-07,411.0454050378357,414.1301704422201,410.86725401277494,411.2985534667969,72437500
2021-10-08,412.06743842451107,412.45186810178103,409.92026919841044,410.5484619140625,74557400
2021-10-11,409.8921065328173,412.79874945849707,407.5105312643394,407.576171875,65233300
2021-10-12,408.4950853785661,408.89825725037673,405.7853354665387,406.57293701171875,71181200
2021-10-13,407.59495963247764,408.8513737107969,404.62270437794365,408.03564453125,72974000
2021-10-14,411.69235787459854,415.0490712799511,411.2235453911505,414.8990478515625,70236800
2021-10-15,417.00867206884914,418.42449481685196,416.3898362044381,418.0588073730469,66260200
2021-10-18,416.27732497087453,419.6340094982905,415.6209761000303,419.2964782714844,62213200
2021-10-19,420.91862541650084,422.59695355572194,420.3091462784129,422.5313415527344,46996800
2021-10-20,422.99075914645675,424.4909648278342,422.878248727811,424.19091796875,49571600
2021-10-21,423.59087874148474,425.5223841474882,423.1595792098458,425.29736328125,41305400
2021-10-22,424.86595278780356,426.30990306849355,422.91567707626706,424.8565673828125,58845100
2021-10-25,425.94423644921017,427.4631842019091,424.1721402757418,427.135009765625,45214500
2021-10-26,428.68211402620443,429.89162954029996,427.14439546156063,427.5194396972656,56075100
2021-10-27,427.9789668380812,428.6446726137015,425.5504927707311,425.6255187988281,72438000
2021-10-28,427.050677407055,429.80729721502064,427.0413206145411,429.7322998046875,51437900
2021-10-29,427.435131798945,430.89497056169455,427.14447031928165,430.60430908203125,70162400
2021-11-01,431.5887642564896,431.96383713747196,429.61977470154915,431.3450012207031,48433600
2021-11-02,431.5137252848119,433.3983604582575,431.3824440663046,433.08892822265625,48908400
2021-11-03,432.5264031559585,436.1362651463071,432.08571825925554,435.73309326171875,52509800
2021-11-04,436.3331934985726,437.8709123645309,435.9862767972165,437.7865295410156,52847100
2021-11-05,440.0086692059953,441.2932109079652,437.7958878886841,439.3054504394531,66390600
2021-11-08,440.4024705143944,440.89941061596096,438.9960330253521,439.68048095703125,50405200
2021-11-09,440.0461369788913,440.28054321030675,436.8207049454919,438.2271423339844,51149100
2021-11-10,436.53942763125457,438.2271697715408,433.220255788708,434.7016906738281,69429700
2021-11-11,436.19252851233256,436.2675545379645,434.8236039920207,434.84234619140625,34848500
2021-11-12,436.1081354103615,438.6772187538003,435.1611250038921,438.1240234375,53466700
2021-11-15,439.40859470618256,439.56797493267015,437.14891501750157,438.2740478515625,46980500
2021-11-16,438.0114603688836,441.1431240587056,437.93646296807935,440.00860595703125,48857500
2021-11-17,439.7461325975495,439.9242836397509,438.3209528739824,438.9397888183594,47858300
2021-11-18,439.97117780399594,440.6931674194312,437.2520708292828,440.4306335449219,50625600
2021-11-19,440.31803734544474,441.5650945480242,439.2772873896782,439.6429748535156,57315600
2021-11-22,441.51813344807323,444.0028333194394,438.19893381222823,438.40521240234375,72762000
2021-11-23,438.0771663973215,439.8399060268832,435.4799553727706,438.9866638183594,73206500
2021-11-24,436.98954456020806,440.2806177630515,436.17381531500166,440.1587219238281,61858800
2021-11-26,433.501465943448,434.96415840759806,429.2165135488616,430.3416748046875,112669600
2021-11-29,435.1236348523177,437.4583119148909,432.92959581507233,435.6205749511719,86268800
2021-11-30,433.1826850458105,435.08606236584416,426.9005870421709,427.1443786621094,148559600
2021-12-01,432.8452422514508,435.68624501124225,422.2031922004538,422.40008544921875,131939200
2021-12-02,422.6157168413784,430.43550572803196,422.22190176024696,428.8696594238281,127637800
2021-12-03,430.5292522904625,431.58874442702455,420.9185967447433,425.1379089355469,137331600
2021-12-06,427.6788877462588,432.0482235973753,425.2691846744251,430.1729736328125,98977500
2021-12-07,435.4424103932935,439.633595102183,430.0416814760553,439.0710144042969,95484700
2021-12-08,439.4648728181905,440.68377393878586,437.71148993714627,440.23370361328125,72238800
2021-12-09,438.9491577219033,440.3368530852221,437.06455084489505,437.2614440917969,61272600
2021-12-10,439.9617388281514,441.52755637554407,437.4113979747184,441.3775329589844,77159800
2021-12-13,440.86184888742423,441.2087655181387,437.18634673203786,437.4676513671875,87724700
2021-12-14,434.2048593043867,436.68956041233486,431.5420071156751,434.4580078125,97264100
2021-12-15,434.5141971486355,441.49010093703475,432.00134036114184,441.246337890625,116899300
2021-12-16,443.0933926959083,443.37466871193504,435.8080291263727,437.3551330566406,116568600
2021-12-17,434.28120719660683,437.2827414785998,430.9974086651927,432.7004699707031,135511600
2021-12-20,427.62899715542244,428.4946267975632,424.4863302615028,428.0994567871094,107134800
2021-12-21,431.5148943716561,435.84312797159805,429.3507919289712,435.7019958496094,69806300
2021-12-22,435.44800386801643,440.1714079067417,435.25039016185815,440.0585021972656,58890200
2021-12-23,441.0558028110541,444.2925666264492,440.9523154989883,442.7965087890625,56439700
2021-12-27,444.17025861450196,449.11008378457836,444.12322414632985,449.06304931640625,56808600
2021-12-28,449.49583182545905,450.5214301033936,447.9339028188725,448.696044921875,47274600
2021-12-29,448.7995905115579,450.2862300149204,447.8022185897107,449.2700500488281,54503000
2021-12-30,449.69352339929355,450.7003138729297,447.56706545265257,448.0281066894531,55329000
2021-12-31,447.53880315085513,448.6866969603346,446.6261104168571,446.8989562988281,65237400
2022-01-03,448.15972040589463,449.6181621243115,445.8544860219246,449.4864196777344,72668200
2022-01-04,450.9072545217483,451.6223622300133,447.4822951975026,449.3359069824219,71178700
2022-01-05,448.9689713732978,449.7405319442751,440.61360498167255,440.70770263671875,104538900
2022-01-06,440.2465751581237,443.0034607516756,437.9318938989192,440.2936096191406,86858900
2022-01-07,440.3030723284207,441.479221117935,437.1980222953608,438.5529479980469,85111600
2022-01-10,435.36331312046167,438.2236867337772,429.6237004184561,438.0072937011719,119362000
2022-01-11,437.7437907456816,442.0908322693714,434.75164626994354,441.9967346191406,74303100
2022-01-12,443.7280727675989,445.24296757937765,441.2346426828555,443.1917419433594,67605400
2022-01-13,444.2925567024861,444.9417931268879,436.0595152339108,437.0851135253906,91173100
2022-01-14,433.94247281173614,437.6120514809011,432.7286791584299,437.263916015625,95890900
2022-01-18,432.578128611285,432.7851319574491,428.4098639787604,429.5201416015625,109709100
2022-01-19,431.06321784637055,432.4557595624984,424.78727560160723,425.0601501464844,109357600
2022-01-20,426.94202425230395,431.6372011815895,418.2385229314581,420.3555908203125,122379700
2022-01-21,419.2358518525332,421.58814926561837,412.0754723100945,412.10369873046875,202271200
2022-01-24,406.5053054589265,414.36198622480896,395.90115681307793,413.8538818359375,251783900
2022-01-25,407.47441758472695,413.7409421509055,401.9135823339121,408.8011169433594,167997300
2022-01-26,414.6818552495206,417.80571346524874,403.5225401054795,407.7755126953125,186391100
2022-01-27,412.3672026513168,415.50045053402,404.0777079047049,405.7619323730469,149878300
2022-01-28,407.11686454826264,415.886237349482,402.54401155859085,415.8392028808594,164457400
2022-01-31,415.17113717300543,423.677053931945,413.82562974282484,423.32891845703125,152251400
2022-02-01,424.053395889453,426.8291186076498,420.5343677869096,426.1893005371094,123155400
2022-02-02,428.5886396673794,431.05384305532795,426.2833764423959,430.329345703125,117361000
2022-02-03,424.30754301354284,426.20818954221386,419.3771066671292,420.21453857421875,118024400
2022-02-04,419.9792943228935,426.0293979401201,417.60815954090174,422.1904602050781,118454400
2022-02-07,422.95254768054906,424.3450895509773,419.50878037886775,420.8354797363281,84472900
2022-02-08,420.3368340105605,425.2202068332441,418.9160368655322,424.298095703125,81012000
2022-02-09,428.32517855026134,430.82802671260504,428.1275935863995,430.50811767578125,92589900
2022-02-10,424.6744500762086,430.66810052892527,420.7790596867854,422.7738037109375,140103700
2022-02-11,422.85846290665194,424.92846773085336,413.00703862428105,414.4372253417969,153214600
2022-02-14,413.92909493615394,415.5098319487012,409.6196698794952,413.0822448730469,123006300
2022-02-15,417.5140448697904,419.9133771021189,416.99652213320917,419.7440185546875,88482700
2022-02-16,417.7022715675266,421.5882726253458,415.8298514674891,420.21453857421875,84863600
2022-02-17,417.0341632264874,420.186247943638,410.63592485416507,411.23809814453125,102259100
2022-02-18,411.49211293034836,412.74355133918664,406.30766852315804,408.5752868652344,132642900
2022-02-22,406.37358261467153,409.7702869392554,400.6998126141375,404.1906433105469,124391800
2022-02-23,407.098048185768,407.66260537056274,396.4562558034865,397.02081298828125,132578000
2022-02-24,386.7365259239518,403.4284488931798,386.3790008159794,402.99560546875,213942900
2022-02-25,404.22823397331,411.97200837339045,402.58162557598797,411.8873291015625,121804500
2022-02-28,406.5052626502716,412.3107459178309,405.25385292778066,410.83349609375,145615000
2022-03-01,409.3374336179091,411.34159579885494,401.8759236906789,404.5763854980469,137785900
2022-03-02,406.82521187285215,413.7409734291532,406.07248803205465,412.01910400390625,117726500
2022-03-03,414.4466183746847,415.04879163986294,408.17067562721684,409.96783447265625,105501700
2022-03-04,406.2417642897953,407.76604842308336,402.6004124792588,406.636962890625,113978200
2022-03-07,406.0536235461076,406.7593128666358,394.5838174926232,394.6496887207031,137896600
2022-03-08,394.8283933930121,401.96996456411733,390.5942582446802,391.6575012207031,164772700
2022-03-09,400.02235763522094,404.134169484024,397.8394184443937,402.1582336425781,116990800
2022-03-10,397.55714383339716,401.23614110856755,395.60004466085365,400.34228515625,93972700
2022-03-11,402.82627933719436,403.4378710075181,394.7437877372273,395.25189208984375,95636300
2022-03-14,396.0234396841189,399.4671781987032,391.2247467020312,392.3632507324219,95729200
2022-03-15,394.96964080123826,401.6219464123901,393.6994228575472,400.9915466308594,106219100
2022-03-16,404.4917305799787,409.9396315604553,399.7024270341616,409.8831787109375,144954800
2022-03-17,407.9731146505722,415.0111999511719,407.5967527483876,415.0111999511719,102676900
2022-03-18,413.4028912886427,419.87763507524926,412.66669551110175,419.5567321777344,106345500
2022-03-21,419.3868421211315,421.3877829881189,415.9323761926658,419.4340515136719,88349800
2022-03-22,420.8214687288552,425.27640505720075,420.8214687288552,424.3420104980469,74650400
2022-03-23,421.81246957458256,423.30372739490633,418.79216338171153,418.8771057128906,79426100
2022-03-24,420.89699675804104,425.2009149244502,419.78326986493045,425.19146728515625,64736900
2022-03-25,425.823897280711,427.5416971867033,423.2471974217225,427.2679748535156,77101300
2022-03-28,426.67326991890525,430.30706787109375,424.7855856636152,430.30706787109375,68529800
2022-03-29,434.1862023802521,436.12109583341436,431.5056944584846,435.6302795410156,86581500
2022-03-30,434.4882852945164,435.30000450918726,430.83562083793777,432.9403991699219,79666900
2022-03-31,432.17589947274035,432.9970375414447,425.823831381212,426.2768859863281,121699900
2022-04-01,427.8530993439852,427.99466991123313,423.91729355560483,427.4850158691406,89048800
2022-04-04,427.683210068739,431.2509323439472,426.86207198374484,431.1470947265625,59601000
2022-04-05,429.65584243367965,432.11925672118474,424.5591003737765,425.7011413574219,74214500
2022-04-06,421.793612229182,423.71902938512,418.5656595556562,421.4443664550781,106898000
2022-04-07,420.5665823101026,425.380182602623,418.62226996039726,423.5679931640625,78097200
2022-04-08,422.81289480244646,425.32351793680107,420.89689672672466,422.43536376953125,79272700
2022-04-11,419.1697603481383,420.00979376147524,414.7148526591951,415.215087890625,89770500
2022-04-12,418.1975577653763,420.71762892299597,412.12865978994853,413.67657470703125,84363600
2022-04-13,413.4311571589825,419.16970449840653,413.25182485427155,418.4146423339844,74070400
2022-04-14,418.64119283709516,419.7549485147844,413.1008437773758,413.2046813964844,97869500
2022-04-18,412.27974277354747,415.0546413726437,411.1471205194664,413.3746032714844,66002500
2022-04-19,413.2706473332826,420.76475517269427,413.1007626849386,420.0474548339844,77821000
2022-04-20,421.8219654514646,422.4354571159878,418.5751460041488,419.7360534667969,65224400
2022-04-21,423.3509483444846,424.7383973991878,412.55339229515056,413.45947265625,85417300
2022-04-22,412.37412370691203,413.4784030168014,401.54825187367607,402.11456298828125,132471800
2022-04-25,399.87766866932645,404.61574651272133,395.3188943584106,404.44586181640625,119647700
2022-04-26,401.9162927984164,402.1145203899857,392.70441293823944,392.73272705078125,103996300
2022-04-27,393.8087830488901,399.16982962596876,391.7040329885521,393.83709716796875,122030000
2022-04-28,398.57509707971343,405.51234242525084,394.14847523083597,403.78509521484375,105449100
2022-04-29,399.8021034252902,401.9540624319965,388.11733269096055,388.86297607421875,145491100
2022-05-02,388.92904179526005,392.56283983474725,382.2749373532382,391.2037048339844,158312500
2022-05-03,391.7039805238848,395.4038260055901,390.14661777180356,392.9970397949219,100028200
2022-05-04,393.65769528593023,405.53124638806986,390.4769516548114,404.9649353027344,144247900
2022-05-05,400.7082064100307,401.1329469341785,386.44676416954945,390.57135009765625,172929100
2022-05-06,388.0135688560758,391.50576802589364,382.9451403977338,388.2400817871094,151770800
2022-05-09,382.3504814055953,383.5869123846669,374.23343271582064,375.8096618652344,155586100
2022-05-10,381.7746896823651,383.27539519585025,372.6477525173204,376.6779479980469,132497200
2022-05-11,375.71524733858433,381.3499860628742,369.94835688896774,370.6940002441406,142361000
2022-05-12,367.5037946408941,373.57269244374504,363.5207798183708,370.3070068359375,125090800
2022-05-13,374.4315896864937,380.5382491972758,373.39335762056186,379.1602478027344,104174400
2022-05-16,377.51798684544667,381.28390774009296,375.271637959596,377.6217956542969,78622400
2022-05-17,383.70013247510735,385.62557844782094,379.9719446127917,385.3896179199219,83029700
2022-05-18,380.840309909265,381.12345103452697,368.61754246873323,369.8539733886719,117674500
2022-05-19,366.79586028689556,372.00588637460305,365.3706497007624,367.58868408203125,98510700
2022-05-20,371.1659411793916,374.7336635050742,359.1697150107811,367.7492370605469,131432200
2022-05-23,370.7695426186861,375.39439273940906,368.45714636210454,374.6298828125,76414900
2022-05-24,370.5146628553773,372.9592105064328,365.2291411864955,371.7699890136719,91448800
2022-05-25,370.2787563943249,377.0178039870792,369.8823587734453,375.0545959472656,91472900
2022-05-26,376.28154835892093,384.18150224653084,376.07390194163645,382.54864501953125,82168300
2022-05-27,385.0026351628093,392.0531368146943,384.80443638650837,391.93988037109375,84768700
2022-05-31,390.3259307298854,393.0725149914447,387.00361655148845,389.7407531738281,95937000
2022-06-01,391.8549734040455,392.8648626531449,384.07769419751776,386.58831787109375,86585800
2022-06-02,386.42789374965014,393.9974979722233,384.18154466114504,393.9503173828125,79609600
2022-06-03,389.240487364167,390.7884022780611,386.51279859544996,387.4849548339844,71874300
2022-06-06,391.48690467497266,393.21412339545446,387.49444141094756,388.6648254394531,57508900
2022-06-07,385.1819749982957,392.8459684053957,384.7194727728496,392.3929138183594,59272400
2022-06-08,390.6845741806073,392.4684496696644,387.333946070098,388.12677001953125,64350000
2022-06-09,386.35240557578845,388.61762134646665,378.89605712890625,378.89605712890625,86289800
2022-06-10,372.7044332589276,373.55388552538324,367.86251789521714,367.9096984863281,132893900
2022-06-13,358.5184050405398,360.3683273758739,352.3362223896235,353.9407653808594,170004900
2022-06-14,355.6869276147928,356.7157121238985,349.7784664118968,352.874267578125,104011800
2022-06-15,356.1682429235863,362.3409783554577,351.22251951050276,357.9049377441406,125666800
2022-06-16,349.70293778443306,350.1087829653544,343.63401132773026,346.0596923828125,134473300
2022-06-17,346.474006989018,350.14245020385545,343.30795986691686,346.8057556152344,111113900
2022-06-21,352.52169557516805,356.9200257502837,352.44584583713896,355.53607177734375,76811900
2022-06-22,351.3178056312109,358.99595685720385,350.90071887328156,354.8914794921875,90059400
2022-06-23,357.02430174493765,359.1002181811548,353.4696047412398,358.3703308105469,79292100
2022-06-24,361.53641078181903,369.7738317116263,361.5079743602973,369.76434326171875,98050300
2022-06-27,370.683832618729,370.9776852889989,367.2618578134948,368.3519592285156,66009600
2022-06-28,369.9064903475498,372.68388643941586,360.7116632691244,360.8254089355469,86548900
2022-06-29,361.3752782573753,362.36109348225904,358.7116273894593,360.5316162109375,65676000
2022-06-30,356.6451313576215,360.8349471944622,353.1567954408799,357.6025390625,112508300
2022-07-01,356.9484798436387,361.82079880218214,354.33221338787916,361.3847351074219,74839700
2022-07-05,356.3039239194396,362.08623764291843,353.4791138897527,362.0672607421875,81438000
2022-07-06,362.209488552523,365.7736749553109,359.8302303950162,363.2901306152344,70426200
2022-07-07,365.06272708039626,369.52741950591667,363.30907034528104,368.7311706542969,64525900
2022-07-08,367.1006548819058,370.29516685698064,365.5745188691098,368.4277648925781,72397800
2022-07-11,365.7546798643806,366.72154716840924,363.52706364959664,364.21905517578125,58366900
2022-07-12,363.6692331147653,366.0485198112267,359.251925711996,360.99609375,62219200
2022-07-13,355.56452982281553,362.02934629353234,355.14744302288534,359.1002502441406,84224600
2022-07-14,354.15207948496095,359.30876226262916,351.71594911911046,358.2281494140625,89704800
2022-07-15,362.62649570213034,365.1858892356065,360.7211976903377,365.0721435546875,79060400
2022-07-18,368.1528525900141,368.82586710212945,360.834915426236,362.0577392578125,63203600
2022-07-19,365.97267860433266,372.40905889172745,365.31864088700104,371.8403015136719,78506000
2022-07-20,372.0297892200906,375.62241050509095,370.664783479304,374.2099914550781,71843800
2022-07-21,373.63188089355765,378.06813634762244,371.2336461823122,378.020751953125,64903900
2022-07-22,378.1439748043947,379.33833343517273,372.29530007355766,374.513427734375,72197300
2022-07-25,375.1390328241593,375.8215358224329,372.7313098957775,374.9684143066406,53631500
2022-07-26,373.328540675696,373.5370840827539,369.64114957187473,370.5321960449219,52946400
2022-07-27,373.8214115297532,381.8977018374365,373.52755888438156,380.1535339355469,82342100
2022-07-28,380.95930457713075,385.61356292258694,377.4140666940386,384.9216003417969,73966600
2022-07-29,386.352936564959,391.51910833460266,385.585124244229,390.53326416015625,87003700
2022-08-01,387.8411455020427,391.8792906615118,387.13020608259814,389.37677001953125,69997500
2022-08-02,387.8127450392465,391.4906766053588,385.63254218875403,386.8079528808594,63435400
2022-08-03,388.931285023342,394.0310955881913,388.6469207989162,392.86517333984375,67820600
2022-08-04,392.7893590044414,393.4718621327927,390.9598814965707,392.59979248046875,45656600
2022-08-05,388.3246175842232,392.5807659148732,388.26774474140564,391.9361877441406,56814900
2022-08-08,393.6234467801919,395.8700106498597,390.3815503961838,391.48114013671875,53886100
2022-08-09,390.75122921309026,391.25362520037476,388.85539093228897,389.9265441894531,44931800
2022-08-10,396.96969430070163,398.25887975700465,395.0169826060676,398.1166687011719,68665700
2022-08-11,400.96042696654627,402.81836986156515,397.37729270930276,398.1166687011719,59489700
2022-08-12,400.0503656332881,404.9605804756404,399.10244636975136,404.8563232421875,61694500
2022-08-15,402.64764150057266,407.04600061972724,402.5907686609456,406.5246276855469,54048300
2022-08-16,405.45355110579476,409.24522847882577,404.64781387838514,407.3209533691406,59289000
2022-08-17,403.7282670715911,407.13129350400095,402.4296224053403,404.4297180175781,63563400
2022-08-18,404.6288703517896,406.28772933931555,403.339713824165,405.6052551269531,49023200
2022-08-19,402.8467811218481,403.1121973862413,399.282595061536,400.1546936035156,68016900
2022-08-22,395.3297943676369,395.5004418537783,390.92197471839984,391.822509765625,77695600
2022-08-23,391.39585573923233,393.7846307828097,390.3247023494631,390.87451171875,49105200
2022-08-24,390.6470127203874,393.49077064865355,389.96453858867704,392.12579345703125,49177800
2022-08-25,393.61404772211625,397.70906652826534,392.5239461830148,397.66168212890625,50942300
2022-08-26,397.5478603350803,398.088152311537,384.14426851779484,384.2011413574219,103087000
2022-08-29,381.25313774516417,384.70354880710715,380.3052184856568,381.6607360839844,65370800
2022-08-30,382.8172261577202,383.0542059895712,375.3760536519589,377.470947265625,85652400
2022-08-31,379.10137171228644,380.3431437236325,374.4660612189248,374.5987548828125,76029700
2022-09-01,372.4280160542996,376.1154069737023,369.7264403478649,375.774169921875,78740100
2022-09-02,379.4331384469464,380.64647400085363,370.0013297859772,371.8118591308594,99632100
2022-09-06,372.6554995418325,373.5939303427136,368.19080797230174,370.408935546875,76637400
2022-09-07,370.0961415467539,377.83116684452074,369.87813861226584,377.0633544921875,70964200
2022-09-08,374.79784580059123,379.9829368756566,373.59396971166063,379.5279541015625,80821700
2022-09-09,381.7650275183075,386.28662130528346,381.49961125899546,385.42401123046875,76706900
2022-09-12,387.49046061347366,390.2868341942052,387.1871194866291,389.56640625,69256300
2022-09-13,380.90239200547273,382.10626800654813,371.5085373863549,372.6270751953125,122947100
2022-09-14,373.9257160615463,375.5656268148488,370.7501807174359,374.0489501953125,85023700
2022-09-15,372.49436398050875,375.33812191068284,368.53206820723454,369.8022766113281,87633800
2022-09-16,365.6295510878898,367.6378630769438,363.69734233012485,366.9811096191406,103084800
2022-09-19,363.84014194343365,369.8270263671875,363.763980617156,369.8270263671875,73278500
2022-09-20,366.50513850212155,367.51405803281153,362.8311539935767,365.5818786621094,77274900
2022-09-21,367.504586823731,370.5504007332188,359.19527603958755,359.2048034667969,106746600
2022-09-22,358.4337956869669,360.07091552367,355.44511739669144,356.1875305175781,89472600
2022-09-23,352.7229097506912,352.7609904104437,345.78421269474035,350.21966552734375,122346900
2022-09-26,348.7538180681722,352.37069598680137,345.53668535839785,346.7550048828125,92581200
2022-09-27,350.286209219912,352.55152880366506,343.48075209064723,345.86981201171875,108294100
2022-09-28,346.821678453464,354.3600222961964,345.1274522170946,352.6753234863281,110802200
2022-09-29,349.13459770031216,349.42013004160674,342.3672197883283,345.3083190917969,112952300
2022-09-30,344.36596930372804,348.2779362644351,339.83535868204586,339.9685974121094,153711200
2022-10-03,343.6807182327434,350.7907644280534,341.90083208876825,348.9442443847656,89756500
2022-10-04,354.4551993806732,359.7853586515844,348.90614168269303,359.7568054199219,103602800
2022-10-05,355.3975589353477,361.1750432151708,353.0751323104993,358.91925048828125,88065700
2022-10-06,357.52010776378955,360.4707348086878,354.7217743328191,355.21673583984375,82333500
2022-10-07,351.19051769873397,355.30235769557754,343.547458861724,345.3083190917969,107789500
2022-10-10,346.42189898919605,346.659852271921,340.43501530969775,342.6717529296875,76042800
2022-10-11,340.9774934330555,345.5366860181765,338.5694076088321,340.5015869140625,92482800
2022-10-12,340.91091321016154,342.48139902682294,339.1309983011124,339.37847900390625,76991800
2022-10-13,332.3826260098785,349.80082219820514,331.3356258487721,348.33502197265625,147254500
2022-10-14,350.7907569397952,352.41837848921915,339.7592450066515,340.39697265625,123737000
2022-10-17,346.46954168027236,350.24824134925336,340.06382821256403,349.1441345214844,93168200
2022-10-18,357.0536513093477,357.35823847132036,349.81033854515664,353.24639892578125,97162900
2022-10-19,351.2095126771094,353.9317132956456,347.9352732315164,350.7431335449219,79746900
2022-10-20,350.2958089110657,354.7122360773966,347.0405950042413,347.80206298828125,88283100
2022-10-21,347.5260408349085,356.7395859020458,346.02218871676973,356.2541809082031,131038400
2022-10-24,357.77704931693273,361.7460937798273,355.1309809456278,360.6134338378906,85436900
2022-10-25,360.5373287022716,366.6860338162217,360.4231157662592,366.3719482421875,78846300
2022-10-26,363.2309138667366,368.90371186098525,362.9739347843384,363.61163330078125,104087300
2022-10-27,364.6110821532887,366.44807462100994,361.05128110498777,361.66998291015625,81971800
2022-10-28,361.5652682350303,370.75025961760167,361.3844214069697,370.27435302734375,100302000
2022-10-31,367.81865891657014,369.6842044707059,366.69552642305183,367.5997314453125,96631300
2022-11-01,371.3404256632253,371.57837896955164,364.8204992604764,365.9912109375,85407600
2022-11-02,365.4010855031739,369.90317244332704,356.7015278683844,356.80621337890625,126990400
2022-11-03,353.5700280593983,356.16848838692556,351.0191758170607,353.1322021484375,87100100
2022-11-04,358.8335775577456,360.61346359996287,352.170885136249,358.21490478515625,103505200
2022-11-07,359.50933724612685,362.231537963315,357.4343915475703,361.64141845703125,68286900
2022-11-08,362.745493209243,366.5622732100706,359.5188617569453,363.5926208496094,84641100
2022-11-09,361.622403460563,362.77411841444257,355.6069367100275,356.1018981933594,78495500
2022-11-10,369.35108918360226,376.00428299719744,367.0572450041489,375.671142578125,141455800
2022-11-11,376.5277606911573,380.10658743180727,374.64316019638335,379.30706787109375,93839900
2022-11-14,377.5461835918774,380.89655521020984,375.8043493716394,376.08038330078125,71903500
2022-11-15,381.8198207261606,382.9239274120566,375.4807419701021,379.2879943847656,93194500
2022-11-16,377.66046061084984,378.6122738619531,375.76636153620575,376.3945617675781,68508500
2022-11-17,371.64500584373235,375.9186672305997,371.3404476693323,375.24285888671875,74496300
2022-11-18,378.57415608736795,378.64078997970154,374.10065167393867,376.9465637207031,92922500
2022-11-21,375.62353581760493,376.7466683045898,373.73893542221714,375.575927734375,51243200
2022-11-22,377.5176776993283,380.7919174617573,376.1089836932025,380.6300964355469,60429000
2022-11-23,380.2968975987144,383.5140303982983,380.0684717587064,383.02862548828125,68261600
2022-11-25,382.4671170422372,383.4950916496888,382.19111210524926,382.9430236816406,30545400
2022-11-28,379.8590951809206,381.4962149118125,376.0708685003482,376.83233642578125,67881600
2022-11-29,376.9655537509073,378.1553200852392,374.34806781537714,376.1850891113281,52310000
2022-11-30,376.4326410939259,388.0352478027344,374.5195160703624,388.0352478027344,144566700
2022-12-01,389.07260830077985,390.24334880412266,385.2463303133382,387.7496032714844,76398200
2022-12-02,382.8668240269508,388.20648163885994,382.7621385272809,387.3022766113281,85342700
2022-12-05,384.48497335823737,385.4177317516839,378.9834939436765,380.3350524902344,77289800
2022-12-06,380.1732617355015,380.7157732131678,372.76815579992063,374.85260009765625,77972200
2022-12-07,374.005504706076,376.57541212687585,373.0822446819997,374.21490478515625,65927900
2022-12-08,376.0995130057314,378.21251059995166,374.3195977744953,377.146484375,60737900
2022-12-09,375.90911499149865,378.459967446831,374.20536119651905,374.3291015625,81447700
2022-12-12,375.119059475854,379.7258605957031,374.4528077117335,379.7258605957031,75405800
2022-12-13,390.45283160745686,390.7098107273862,379.8401197057134,382.6003723144531,123782500
2022-12-14,382.2577044665144,385.9602719426471,377.2131058725146,380.1542053222656,108111300
2022-12-15,375.2999009475401,376.2041350287874,369.19880442028864,370.8549499511719,117705900
2022-12-16,368.3029997780551,369.6416517370113,364.3444126151115,366.4766845703125,119858000
2022-12-19,366.6678340994925,367.00250429400353,361.70523742151596,363.3689880371094,79878100
2022-12-20,362.61364283927566,365.482194633709,361.2941043449694,363.8662414550781,74427200
2022-12-21,366.4575373430041,370.435266494614,365.92207660917404,369.3069763183594,78167400
2022-12-22,366.26619498775557,369.2877393144812,358.34899424622876,364.0382995605469,100120900
2022-12-23,363.0152466207401,366.2758375341586,361.46623322301946,366.1324157714844,59857300
2022-12-27,366.01764723973866,366.3618594408892,363.0152157544233,364.68853759765625,51638200
2022-12-28,364.6216127041186,366.59137848650926,359.9267751898031,360.15625,70911500
2022-12-29,362.9961017998292,367.5092910145083,362.47018314198056,366.63916015625,66970900
2022-12-30,363.961883087202,365.8168531569802,361.84869548769285,365.6734313964844,84022200
2023-01-03,367.52838265402187,369.4981190554035,361.2749320892196,364.1339416503906,74850700
2023-01-04,366.39049594030786,368.972203833434,363.34983850558666,366.9450988769531,85934100
2023-01-05,364.9945163658359,365.1092537639918,362.16422021646383,362.7570495605469,76970500
2023-01-06,365.845539153224,372.1946147969525,362.7857679206914,371.07586669921875,104189600
2023-01-09,373.2654787600865,376.4495872696216,370.68379991549534,370.8654479980469,73978100
2023-01-10,370.28216841393834,373.5331874264222,369.3450978055792,373.46624755859375,65358100
2023-01-11,375.0439955334967,378.26633038365287,374.2312334389066,378.1898193359375,68881100
2023-01-12,379.2894696301709,381.0297021014003,375.2256881711222,379.5667419433594,90157700
2023-01-13,376.37306397661587,381.6129617235171,376.10533367891514,381.03924560546875,63903900
2023-01-17,381.0201591163604,382.69348088927234,379.66236518124305,380.34124755859375,62677300
2023-01-18,381.5270095943542,382.58835989011226,374.1356963351264,374.33648681640625,99632300
2023-01-19,372.2997830998825,373.94442072442195,370.2918200719056,371.6113586425781,86958900
2023-01-20,373.0073764154368,378.6871115907864,371.36273880270227,378.53411865234375,91806400
2023-01-23,379.3372757234957,385.0074392135379,378.3810918291715,383.0759582519531,84178800
2023-01-24,381.40259479828296,383.5731214964874,380.2169362364954,382.6647644042969,59524900
2023-01-25,378.6010242444025,383.1428977378186,376.31573073269413,382.8082275390625,84800300
2023-01-26,385.466459007332,387.1780365308271,382.5022827834098,387.0154724121094,72287400
2023-01-27,385.9731214536556,390.275948166196,385.7627598693817,387.90460205078125,68346200
2023-01-30,385.1509087422322,387.37883383343035,382.7413355345612,383.0377502441406,74202000
2023-01-31,383.5540875652921,388.717475261581,383.2098461559824,388.669677734375,86811800
2023-02-01,387.4552591361378,395.5445957142965,384.7205872650518,392.8003234863281,101459200
2023-02-02,396.6824854385565,399.981331954011,394.7892597691829,398.51837158203125,101654500
2023-02-03,393.55573107794413,398.7000051703591,393.0776391240828,394.2824401855469,94736800
2023-02-06,391.8346069060138,393.26888274999055,390.21865378736663,391.8728332519531,60295300
2023-02-07,390.9548967397829,398.241013206568,389.7118693730586,396.99798583984375,90990700
2023-02-08,395.0282373142556,396.36688886374986,391.96843733219856,392.6568908691406,76227500
2023-02-09,396.2522033663381,396.4051963035193,388.0290153704697,389.2529296875,78694900
2023-02-10,388.0768126828916,390.5437836705012,387.2640796514173,390.16131591796875,70769700
2023-02-13,390.81146193268944,394.8752432701656,390.3524831825662,394.7413635253906,64913500
2023-02-14,393.22104214899304,396.864100329501,390.6106788806823,394.5597229003906,88389300
2023-02-15,392.3700815999979,395.91751581058026,391.5286350725414,395.8410339355469,61555700
2023-02-16,390.8783796232902,394.81785216860595,390.25686599597043,390.3907165527344,76431500
2023-02-17,388.2679730956426,389.6544512121104,386.3460344109805,389.4154052734375,89257800
2023-02-21,385.3994444508215,386.45125247879577,381.34523443071777,381.6033935546875,82655900
2023-02-22,382.01461731866567,383.5540887169433,379.62415734279705,381.07757568359375,83742300
2023-02-23,383.96523503521115,384.5772067863999,378.88790045751995,383.10467529296875,96242400
2023-02-24,378.0942481460913,379.84405183245593,376.3922419822525,379.0121765136719,108194400
2023-02-27,382.3492272761536,383.707021167783,379.3659383654355,380.3030090332031,80444700
2023-02-28,379.82499112745273,381.785156708453,378.79229603840645,378.8974914550781,96438600
2023-03-01,378.0847173960627,379.30863174384257,376.1436650512144,377.4440612792969,99706800
2023-03-02,375.4742885040699,381.2209631061389,375.13961830151106,380.3795166015625,85127800
2023-03-03,382.1962358283126,386.7285670881584,381.54603781817946,386.4799499511719,90120000
2023-03-06,387.3022850157021,389.59714976739536,386.3078747490803,386.7477111816406,72795900
2023-03-07,386.69989002886615,386.9389359941927,380.2073934400801,380.8193359375,108310600
2023-03-08,380.9341721144572,382.1963128648765,379.21302334137835,381.4409484863281,74746600
2023-03-09,382.22492782127654,383.8887075845493,373.4184826190144,374.4033508300781,111945300
2023-03-10,373.8583475978051,375.93327957719293,367.4806170891498,369.0009460449219,189253000
2023-03-13,365.0805650006383,373.2846390345943,363.9713881978472,368.4750061035156,157790000
2023-03-14,373.38977088173,376.2105247410941,370.09092512623045,374.5658874511719,149752400
2023-03-15,368.98181836154816,372.4240570496017,366.89731528704147,372.2232666015625,172996900
2023-03-16,369.8711000150825,379.09826973239205,369.364323664859,378.7540283203125,143254200
2023-03-17,377.42565051475987,378.5582467760813,372.943216125859,374.32537841796875,140553400
2023-03-20,375.1028011958168,378.33746367070916,374.40214170963634,377.9247131347656,93055800
2023-03-21,381.28412015653794,383.36697102971766,379.69079357481445,382.8870544433594,91524200
2023-03-22,382.71431965042825,386.3232727268631,376.3218267349629,376.3601989746094,111746600
2023-03-23,379.22042648189336,383.251736905196,374.67082731496726,377.3775634765625,119351300
2023-03-24,376.1010222149094,379.9403548581303,373.75902695920195,379.8539733886719,107682400
2023-03-27,382.1287722364247,382.89665633801565,379.67160169490063,380.5642395019531,74010400
2023-03-28,379.87320774489075,380.5642888800985,377.8767674052834,379.7100524902344,62871700
2023-03-29,383.8660280747297,385.46896217088675,382.66623675154574,385.22900390625,77497900
2023-03-30,387.8589998974814,388.10856590647154,385.62260139743574,387.48468017578125,69840000
2023-03-31,388.4061147934353,393.24368242982905,388.30051790737826,392.9461364746094,112062600
2023-04-03,392.42779542260035,394.84656445369103,392.03426030988214,394.4434509277344,67391100
2023-04-04,395.08655642138893,395.37452397054454,390.88248211307797,392.25506591796875,66601500
2023-04-05,391.52560384016596,392.28388034677903,389.5771434182015,391.2280578613281,65200200
2023-04-06,390.4313411526847,393.0325102209904,389.3851264771968,392.754150390625,63743300
2023-04-10,390.2777272293107,393.23402961478297,389.66344926995697,393.1572265625,63681000
2023-04-11,393.78116601430696,394.6641961280183,392.4949930804865,393.2628479003906,59297900
2023-04-12,395.3264818376402,395.61444936283374,391.0744279375137,391.659912109375,86420400
2023-04-13,392.7445509263928,397.21737725795947,391.60234704835096,396.86224365234375,85814800
2023-04-14,396.22870868146754,398.41712702758065,393.5891675964206,395.89276123046875,78161500
2023-04-17,395.80643975007484,397.3325711300684,394.5778543396015,397.3133850097656,66436400
2023-04-18,398.8874765900454,399.0218673008723,396.1999552913603,397.572509765625,63560000
2023-04-19,395.6624782963843,398.4075874340768,395.60489064257166,397.50537109375,55227300
2023-04-20,394.6929889766768,397.0829934844094,393.7907434550367,395.3360900878906,75840400
2023-04-21,395.6336418065236,396.10395069254025,393.6947893230702,395.64324951171875,73457400
2023-04-24,395.44166194381876,396.4782981802782,394.1075090570705,396.05596923828125,64332100
2023-04-25,394.0883231137075,394.6450428024144,389.7114858346393,389.7690734863281,97766700
2023-04-26,390.3833550986097,391.4583635816679,387.56144318468967,388.1181335449219,80447000
2023-04-27,390.65214704527966,396.11360078097556,390.4025810177756,395.8448486328125,92968400
2023-04-28,394.9617272106124,399.2329963765921,394.904139565875,399.223388671875,89433100
2023-05-01,398.7819109693187,400.8455465437123,398.58993260769745,398.8203125,62122300
2023-05-02,398.11002828382885,398.1580375216088,391.4392047424731,394.337890625,103998500
2023-05-03,394.837004192524,397.24619509986604,391.3912062306647,391.63116455078125,91531800
2023-05-04,390.58495750937874,390.91129731617235,387.5230869408355,388.8572692871094,94901900
2023-05-05,392.48538864162396,397.1021838881152,392.22624422840113,396.05596923828125,87891800
2023-05-08,396.3823017131118,396.64144612156804,394.76018132750204,396.1615295410156,50046800
2023-05-09,394.61623373049684,395.53766541370464,394.1939047732381,394.42425537109375,49220100
2023-05-10,397.25577792419296,397.88927136463667,392.44700411687967,396.26715087890625,96142900
2023-05-11,395.40334787228096,395.86404911911495,393.5028673537258,395.57611083984375,70157100
2023-05-12,396.8142810526254,397.0254455424627,392.63900049417026,395.0577697753906,70481500
2023-05-15,395.66246936913564,396.82385941720236,393.75241054660967,396.4207458496094,54289400
2023-05-16,395.31692397910456,396.2383850257728,393.7619987390595,393.7716064453125,57705500
2023-05-17,395.78721992832476,399.1562144912637,394.14591338269895,398.5515441894531,87287000
2023-05-18,398.23477512417634,402.8131980774416,398.01403224251106,402.390869140625,97177200
2023-05-19,403.29314851307697,403.8210450825171,400.5864117249465,401.8053894042969,103793300
2023-05-22,401.8245977682805,403.50430592203884,400.58640469895295,401.96856689453125,60745400
2023-05-23,400.32716691785123,401.9013072243869,397.06374031399105,397.457275390625,86383500
2023-05-24,395.85441436146004,396.2383417764392,393.4164298740769,394.57781982421875,89213700
2023-05-25,398.0812545290906,399.44423070710803,395.84485582251955,397.994873046875,90961600
2023-05-26,398.6475192492727,403.86901432087706,398.5707454798897,403.1491394042969,93830000
2023-05-30,405.07843177412394,405.60632835331285,401.920572129655,403.302734375,72216000
2023-05-31,401.4790054006544,402.38125089733444,399.5017514717894,401.0662841796875,110811800
2023-06-01,401.29664281865877,405.93265339027886,400.04887142591303,404.8768310546875,88865000
2023-06-02,407.44919955900986,411.5188830151562,406.92130300774403,410.7318420410156,91426200
2023-06-05,411.07732872105703,412.3635015907827,409.2440439412278,409.9447326660156,65460200
2023-06-06,409.5321040964684,411.3653599992297,408.8793951634606,410.83746337890625,64022200
2023-06-07,411.2309384070294,412.3635345526036,408.9945106484148,409.4168395996094,85373300
2023-06-08,409.48399798951436,412.34431121135276,408.71614321581194,411.8931884765625,61952800
2023-06-09,412.689850828952,414.63831094166113,411.6436362158996,412.63226318359375,85742800
2023-06-12,413.6113761039967,416.45247445367045,412.89150113320926,416.37567138671875,76104300
2023-06-13,417.8346155400201,419.76386044542505,417.1723282571571,419.12078857421875,95899700
2023-06-14,419.45674831132544,421.42439480568777,416.1741056268984,419.6199035644531,100612100
2023-06-15,418.8040614185362,426.07000671204355,418.70810151955646,424.8222351074219,110303100
2023-06-16,426.8047878199797,427.3731894001626,422.90303570152577,423.3750915527344,114165800
2023-06-20,421.4386947666536,422.3250049416328,419.107257409602,421.1785583496094,76160400
2023-06-21,420.1959468611093,420.99555478179644,418.4329109170005,419.0205993652344,76982300
2023-06-22,418.06687430704443,420.6391323512952,417.72967888460175,420.5331726074219,70637200
2023-06-23,417.084192410939,419.1362363473925,416.6410372408123,417.35394287109375,92074500
2023-06-26,416.7854848977608,418.70263864501453,415.4078319979814,415.648681640625,72823600
2023-06-27,416.52540707007813,420.8221567639146,416.0726085341393,420.2055969238281,72813700
2023-06-28,419.1265310456325,421.4290677123489,418.509971256602,420.4175109863281,75636000
2023-06-29,420.0032229268465,422.2383146152685,419.59861200085055,422.07452392578125,67882300
2023-06-30,425.28267848094407,428.0379843526411,424.96474047999936,427.0553283691406,104964000
2023-07-03,426.70850932168867,427.82602579498047,426.4291155030701,427.5466613769531,32793400
2023-07-05,425.7355105986345,427.6430505530816,425.725867203726,426.9108581542969,58418400
2023-07-06,423.3366343156822,423.991738320798,421.06299828536083,423.5678405761719,80658300
2023-07-07,422.5755624788719,426.4388005460157,422.2576244540767,422.49847412109375,86134200
2023-07-10,422.1420000351028,423.7412452715391,421.57359837767063,423.5678405761719,62443500
2023-07-11,424.32890870557475,426.7566624993896,423.3558667490492,426.26531982421875,64463800
2023-07-12,430.0515505672172,431.10165159958825,428.6257099376319,429.695068359375,91924500
2023-07-13,431.50622355890425,433.89546265173254,431.07271183277675,433.10546875,72425200
2023-07-14,433.991813962652,434.83958003816,432.07463074719146,432.8357238769531,69815800
2023-07-17,432.6912500682276,435.3887545883977,432.64306249429234,434.3386535644531,52680200
2023-07-18,434.01109662916457,438.2115006773749,433.5775554716282,437.5660400390625,80668200
2023-07-19,438.35601441060516,439.724023983291,437.48893213427476,438.5390625,65891700
2023-07-20,437.54673021651973,438.44268380742795,434.9166416038705,435.6295471191406,70591600
2023-07-21,437.34439535359957,437.54673021651973,435.6199331260899,435.6295471191406,71275600
2023-07-24,436.77598531715506,438.38487379289774,435.7451418375123,437.57562255859375,54023400
2023-07-25,437.3059387900186,440.0227007047043,437.2577512159894,438.7702941894531,55191200
2023-07-26,437.8357038433955,440.26345740361967,436.78560303915054,438.837646484375,71052900
2023-07-27,442.2192143317386,442.6238546795818,435.02262562113657,435.92822265625,92194400
2023-07-28,439.1941022739153,441.02455349957694,435.928167325532,440.196044921875,80011800
2023-07-31,440.6681140687776,441.39066294813205,439.3578768125751,441.0342102050781,62040400
2023-08-01,439.569820909262,440.5139620189602,438.81837125887813,439.77215576171875,55291500
2023-08-02,436.66043160748643,436.9205386548979,432.9031828085776,433.6546325683594,93933400
2023-08-03,431.6410971149184,434.29044314301314,430.995607146359,432.41180419921875,64276100
2023-08-04,434.2230692550645,436.32327139401457,429.9359332204392,430.4561767578125,100128900
2023-08-07,432.28658168791264,434.36752621178806,431.59293351328745,434.21337890625,58357500
2023-08-08,431.6796137883657,434.2037427118271,428.9724661870649,432.3251037597656,71361300
2023-08-09,432.59488283321724,432.7586735355105,428.6738433785323,429.4349365234375,78789600
2023-08-10,431.7855671339231,435.1671052071516,428.42331584667255,429.5890197753906,93005500
2023-08-11,427.720120293532,430.3502093181606,427.1228178060312,429.338623046875,68690900
2023-08-14,428.4233935882657,431.70855712890625,428.11509896255956,431.70855712890625,47867400
2023-08-15,429.9358583347008,430.29234049304716,426.1111649328765,426.6795959472656,75707500
2023-08-16,426.26534575201464,427.9223925566891,423.44259484772283,423.548583984375,80107200
2023-08-17,425.0129750031002,425.2730820684876,419.8009844959738,420.32122802734375,95711300
2023-08-18,417.5080258452247,421.5543115245304,417.1612164787308,420.5234680175781,98852000
2023-08-21,421.53502982303786,424.0013277942752,419.38666984217986,423.259521484375,68719000
2023-08-22,425.0321333206804,425.0321333206804,421.5542789285874,422.113037109375,64994200
2023-08-23,423.17286834168584,427.4311034249485,423.0283644204359,426.81451416015625,68441000
2023-08-24,428.41372832126285,428.9243284062607,420.8703007742917,420.89923095703125,88517300
2023-08-25,422.62366273446645,425.14776219480035,419.07836317797603,423.866455078125,102325100
2023-08-28,426.05339622552776,427.1709421526019,423.8664919427265,426.55438232421875,61595400
2023-08-29,426.44835885508,432.9994865828607,426.26531078000176,432.7200927734375,83081900
2023-08-30,433.05734340842935,435.1382880533624,432.3540517986095,434.50244140625,69053900
2023-08-31,435.11898360214246,436.2557869248091,433.6835290574293,433.8665771484375,66084600
2023-09-01,436.5833209067049,437.06502016743536,433.2210400744053,434.67578125,58944100
2023-09-05,434.2326028529468,434.55051141170435,432.7297035921897,432.797119140625,55166200
2023-09-06,431.9879277285903,432.093916863234,427.56593166865076,429.8877258300781,70758500
2023-09-07,426.8915375451562,429.24223247025344,426.5447281630559,428.56787109375,70355400
2023-09-08,428.61604594030854,430.74514868706615,428.25959315019446,429.2133483886719,61659700
2023-09-11,431.8337979292306,432.3443980335229,430.1285929169173,432.0361328125,60180100
2023-09-12,430.59096036501694,432.1131170199776,429.0880610953536,429.66607666015625,67565400
2023-09-13,429.8877204342684,431.3231749266096,428.78943192828973,430.1671142578125,60199300
2023-09-14,432.6334271290332,434.5698383708397,431.332833106535,433.8761901855469,83430800
2023-09-15,432.2935551441486,432.6222625307114,428.2136712808251,428.6487121582031,111848900
2023-09-18,428.3392962837647,430.1955590603149,427.86557530879384,428.9000549316406,55752200
2023-09-19,427.9816479077142,428.57140936349316,425.33263382268484,428.0106506347656,66514600
2023-09-20,429.2674693964477,429.68318495179983,423.8727265693422,424.0757751464844,82562600
2023-09-21,421.23345141612367,421.4944759763419,416.9118677822532,417.0665588378906,104095800
2023-09-22,418.09131961695476,419.6865285568745,415.71297806578804,416.12872314453125,100829700
2023-09-25,414.9202657617333,417.91731274481344,414.48519532648515,417.878662109375,70874500
2023-09-26,414.84285049792544,415.54862280920696,410.90798029741677,411.73944091796875,96168400
2023-09-27,412.90925504168933,413.4700137261174,408.2686420542666,411.9037780761719,104705800
2023-09-28,411.35270706101295,415.964317107926,410.762945679416,414.291748046875,92258300
2023-09-29,417.3371969608053,417.5112133076614,411.7684378270295,413.28631591796875,115111300
2023-10-02,412.4548865420046,414.36915501527096,410.3666017087048,413.1219787597656,83798600
2023-10-03,410.94664397430034,413.1799422139496,406.22867088652805,407.59185791015625,103760600
2023-10-04,408.0559363281981,411.30435944495287,406.59606370497346,410.5599365234375,87453000
2023-10-05,410.26984669791165,411.2463208378169,407.18579226927517,410.40521240234375,70142700
2023-10-06,407.9592644123595,416.81512702154566,406.6347574601129,415.2779235839844,113273300
2023-10-09,413.3830108074734,418.5070521455923,412.8319589906931,417.9366455078125,80374400
2023-10-10,418.5650575162268,422.70294712015226,418.1686672417201,420.1119384765625,78607300
2023-10-11,421.17540990507433,422.08417183466213,418.797068320578,421.83282470703125,62451700
2023-10-12,422.4419396645169,422.8189751332802,416.9118599230101,419.26116943359375,81154200
2023-10-13,420.7596289275812,421.9584770278049,415.60661494268294,417.1728210449219,95143100
2023-10-16,419.4158131019472,422.6255856986061,419.1741138914331,421.5621032714844,75433200
2023-10-17,418.43931518310666,423.59235858221746,418.09128250171426,421.542724609375,75324700
2023-10-18,419.77349041439385,420.7306097718711,414.8428210042976,415.9256286621094,93559800
2023-10-19,416.64111990263626,418.4490253157197,411.59443909771255,412.27117919921875,121323000
2023-10-20,411.8361348739324,412.3775387523352,407.09880668145956,407.2051696777344,123919900
2023-10-23,405.67757598059893,410.3568982821464,403.9276761980999,406.4993591308594,92035100
2023-10-24,408.61667642933105,410.7146385432617,406.7700909338865,409.56414794921875,78564200
2023-10-25,407.8819596802007,407.9109624071266,403.17363397769196,403.68603515625,94223200
2023-10-26,402.6225515026816,403.47330792914914,397.9335809780985,398.8520202636719,115156800
2023-10-27,400.4375332899705,400.83392348318415,395.62287503320994,397.0440673828125,107367700
2023-10-30,399.8285714511984,402.84497341948367,398.53306699068116,401.7911682128906,86562700
2023-10-31,402.3615653520939,404.63354418586295,400.4569740962496,404.31451416015625,79665200
2023-11-01,405.2812643437381,409.43847913059346,404.7495083565733,408.6263732910156,98068100
2023-11-02,412.416134207257,416.61205795996426,412.3968088942919,416.4573669433594,94938900
2023-11-03,418.75837375712325,421.8037777300333,418.6326854543438,420.25689697265625,100167800
2023-11-06,421.01105837900457,421.66847320739254,419.28048362094427,421.2237548828125,67831700
2023-11-07,421.22369728667144,423.0606052933152,420.0828841514639,422.4225158691406,64256100
2023-11-08,423.0219913930459,423.5440700044392,420.43098266202935,422.7319641113281,61746000
2023-11-09,423.8727133946502,423.9113935278032,419.0097266771128,419.43511962890625,83174400
2023-11-10,421.50413223667414,426.28975929301595,419.4254952530958,425.9803771972656,89462200
2023-11-13,424.64619358239656,426.6764433760795,423.86309048956497,425.5743103027344,52236100
2023-11-14,431.50079597873554,435.1166069139446,431.2784220719966,433.8307800292969,97176900
2023-11-15,435.16492211328534,436.3927730128096,433.8984205823122,434.74920654296875,77327600
2023-11-16,434.30447059030485,435.59997479434537,433.24098818272,435.28094482421875,66665800
2023-11-17,435.2906316917746,436.43147446982493,434.37219232906403,435.8223876953125,83133200
2023-11-20,435.57099160312566,440.0182630951851,435.5613141930735,439.1771545410156,69936200
2023-11-21,438.13296253247677,439.05143128536895,436.95346926763995,438.219970703125,49244600
2023-11-22,439.87321460582723,441.22672421241435,438.81940964411666,439.911865234375,59394900
2023-11-24,439.9602422808771,440.3759578384197,439.6315348978691,440.1825866699219,29737400
2023-11-27,439.55423153875734,440.36633744385705,439.003150191057,439.389892578125,50506000
2023-11-28,439.00310690168646,441.1203943936042,438.4423777026132,439.82489013671875,62115000
2023-11-29,441.97117519611106,443.10234049536746,439.1191421839662,439.5155029296875,63146000
2023-11-30,440.35665713551293,441.59415597189025,438.2876976332808,441.24609375,79752700
2023-12-01,440.63693464669717,444.3881106766868,440.04720280394565,443.85638427734375,89183400
2023-12-04,440.47259281771954,443.87570666050044,439.2544195055919,441.5263977050781,72430900
2023-12-05,440.14397929835064,442.3966031608258,439.76691433401015,441.4394836425781,69793500
2023-12-06,443.57606849081975,443.60507121667763,439.225482586349,439.6605529785156,69124700
2023-12-07,441.7391409339485,443.66305717468333,441.13973162302386,443.01531982421875,66995400
2023-12-08,442.27087844484373,445.451648340426,442.02917923250493,444.919921875,83194400
2023-12-11,444.4268307846884,446.8244975103325,444.2141343049595,446.65045166015625,65002200
2023-12-12,446.3023795471641,448.78705422627996,445.30658009464025,448.69036865234375,68327600
2023-12-13,449.0674408996175,455.12927578193285,448.709730800554,454.8778991699219,93278000
2023-12-14,456.81145899765846,458.0006296077065,453.6693695971455,456.3377380371094,119026000
2023-12-15,455.7417134699126,456.9163018501235,453.7420397034311,455.5863952636719,141553700
2023-12-18,457.1881393985243,459.12957270241793,456.13006180277284,458.1491394042969,70375300
2023-12-19,458.6927663957653,461.01279355520546,458.6151220933891,460.93511962890625,55761800
2023-12-20,460.08088857770923,461.9640813854923,454.12070331796554,454.5478210449219,102921000
2023-12-21,457.5278509164755,459.1295570366737,455.1107760152546,458.8577575683594,86667500
2023-12-22,459.98371888478914,461.4592269639175,457.88699725724837,459.7798767089844,67160400
2023-12-26,460.1876248035588,462.62410332069675,460.1099508863103,461.7213439941406,55387000
2023-12-27,461.5175394244562,462.70181495571654,460.9836571015111,462.55621337890625,68000300
2023-12-28,462.9153345190397,463.5656980482324,462.31349497002446,462.73089599609375,77158100
2023-12-29,462.5367960308314,463.0609913493408,459.4402073535901,461.391357421875,122283100
2024-01-02,458.3335624378489,459.7993540123723,456.7124526493962,458.8092041015625,123623700
2024-01-03,456.6542463475319,457.39200051317124,454.4604467676884,455.0622863769531,103585900
2024-01-04,454.5865557790852,457.1686653982138,453.3731600721968,453.596435546875,84232200
2024-01-05,453.8003122508208,456.66393818647634,452.7713549830218,454.2177429199219,86118900
2024-01-08,454.71278328613425,460.84771948944723,454.5865853845721,460.7021179199219,74879100
2024-01-09,458.05202403896755,461.02241437904433,457.54726208619434,460.003173828125,65931400
2024-01-10,460.275022232607,463.4686883884697,459.99350610212235,462.604736328125,67310600
2024-01-11,463.60455806414546,464.119036700077,458.4306513904914,462.40087890625,77940700
2024-01-12,463.84719564870727,464.58494971105563,461.31363965656635,462.7211608886719,58026400
2024-01-16,461.34278348918724,462.6532272077025,459.2071951071508,461.0224304199219,85014900
2024-01-17,458.0035093314712,458.9451056102245,456.11060012839494,458.4597473144531,68843900
2024-01-18,460.1294153145847,463.0900892897804,458.58597937392244,462.5367736816406,91856200
2024-01-19,463.6628317450775,468.5843725866021,462.58535041381515,468.3028564453125,110834500
2024-01-22,469.83659824827777,471.01115715758357,468.64260604571103,469.2929992675781,75844900
2024-01-23,469.8365966379768,470.9043613024555,468.74939868030367,470.66168212890625,49945300
2024-01-24,473.52526505734005,474.45714470411593,470.6810725123754,471.1761474609375,81765000
2024-01-25,473.30199623812143,474.0106300348732,471.1761540957068,473.73883056640625,72525000
2024-01-26,473.3117458196852,474.7969411657135,472.2925051479898,473.13702392578125,76641600
2024-01-29,473.4475958586122,477.029542315143,472.9039969579279,476.8839111328125,61322800
2024-01-30,476.19475312019154,477.2237103899132,475.7579187820987,476.5151062011719,58618400
2024-01-31,474.31155855924624,474.75807991768903,468.7202212489611,468.7396545410156,126011100
2024-02-01,470.43836054795435,474.90366254751126,469.63264923202524,474.8745422363281,91891600
2024-02-02,475.31139921660196,481.5239798187347,474.971642466127,479.873779296875,99228200
2024-02-05,479.24278207992484,479.9028622372628,475.8743943997294,478.1264343261719,75757100
2024-02-06,479.068005956652,479.8445969464688,477.64105148827565,479.5145568847656,55918600
2024-02-07,481.756982255993,483.93137810723994,480.854193242822,483.51397705078125,70556500
2024-02-08,483.51398020972,484.10610316011065,482.69858176017516,483.7275390625,52343600
2024-02-09,484.2322866772762,486.9599980744067,483.8925299274153,486.523193359375,63979400
2024-02-12,486.49406987855394,488.75582660767503,485.59128089218916,486.30963134765625,56502300
2024-02-13,480.04846760997253,482.5334996770295,476.35003982173856,479.61163330078125,113099200
2024-02-14,482.2423099561509,484.4555426281319,479.9222830533005,483.9701843261719,68387800
2024-02-15,484.66906756169146,487.4938562363656,484.19339631478,487.3094177246094,61683000
2024-02-16,487.0085009915144,488.14422275630824,484.14487534292635,484.88262939453125,75532900
2024-02-20,483.14507545774694,483.8148722929186,479.970842787005,482.21319580078125,71736700
2024-02-21,480.9124629140013,482.8053426352379,479.1069145137689,482.6500244140625,59293400
2024-02-22,489.25088043870596,493.5996718242251,488.2898508655614,492.638671875,76402500
2024-02-23,494.35685563775104,495.1916873577398,492.25041710535265,492.97845458984375,61321800
2024-02-26,493.4152043952731,493.85203868692207,491.0466536727384,491.1728515625,50386700
2024-02-27,491.86214231163,492.30866367947897,489.9692329795254,492.08538818359375,48854500
2024-02-28,490.53217814092545,492.0173732682764,490.17301775947533,491.4349670410156,56506600
2024-02-29,493.19203416880555,494.8131144463538,490.5516835957709,493.20172119140625,83924800
2024-03-01,494.07533144522296,498.2590878764062,493.6676174504883,497.83197021484375,76844800
2024-03-04,497.03604251314806,499.1424809176813,497.00689257657365,497.298095703125,49799300
2024-03-05,495.29842384541166,495.7449748064334,490.1245174506037,492.3280334472656,72855600
2024-03-06,495.5993458504527,497.0748540345267,493.53174438668293,494.8227844238281,68382400
2024-03-07,498.11356939849594,500.78304025779806,494.8810662776538,499.7346496582031,58652100
2024-03-08,500.36563844693006,503.0447667007892,496.1624186562773,496.7351379394531,86532500
2024-03-11,495.53145243574386,496.8904498381802,493.6094227797772,496.3080139160156,62557200
2024-03-12,498.41440902025136,502.2293178339327,495.90022716452177,501.64691162109375,73114400
2024-03-13,501.9672573875113,502.14197926945354,499.4239845817287,500.8606262207031,55104100
2024-03-14,501.831351753217,501.9866995940405,496.8321966177629,499.87054443359375,110171800
2024-03-15,496.80819459859333,498.2590766512578,494.7730966492492,496.43817138671875,107646300
2024-03-18,500.49864995743036,501.93975545659913,498.979629194759,499.3885803222656,88893300
2024-03-19,498.6972103635703,502.44605736767124,497.6942371868493,502.1636962890625,60755300
2024-03-20,502.22210687375775,506.9446864437559,501.5502289693654,506.808349609375,69594600
2024-03-21,509.64192900671355,510.34298796408666,508.2007643189091,508.4831848144531,60256100
2024-03-22,508.3955498176283,508.88241615238655,507.2854803107173,507.51922607421875,79070800
2024-03-25,506.14624650613894,507.2660628859731,505.961234915521,506.1170654296875,48512100
2024-03-26,507.5386061090331,507.87944816611747,504.78298573958654,505.18218994140625,65463700
2024-03-27,508.00615306178463,509.466752240446,505.84443537276076,509.4277648925781,82999800
2024-03-28,509.4666590943707,510.8298490860622,509.0479612048705,509.330322265625,96294900
2024-04-01,510.07035956686866,510.605900605306,507.2854391895369,508.4441833496094,62477500
2024-04-02,504.62721155274875,505.3477642225264,502.9134325371014,505.21148681640625,74230300
2024-04-03,504.1207775842568,507.2659740741028,504.07210284407455,505.7663879394531,59155800
2024-04-04,509.76856679026787,510.10934946561747,499.2911933332161,499.5930480957031,96858100
2024-04-05,500.9465048519071,506.7694068986325,500.5083132867227,504.81219482421875,74546500
2024-04-08,505.5133007732254,506.516214442084,504.2863881936749,505.09454345703125,48401800
2024-04-09,506.82776919750853,507.07120232392424,500.83929051491583,505.67877197265625,68049200
2024-04-10,499.99230576925845,502.60190257610054,498.6388623275446,500.6155090332031,82652800
2024-04-11,502.1344572387197,505.8346295064768,498.6290433917763,504.3935241699219,70099000
2024-04-12,500.85886371567153,502.2707879594682,495.70780962230026,497.43133544921875,92561100
2024-04-15,501.59888962975333,501.7644075343254,490.3522600316743,491.1994323730469,92101400
2024-04-16,491.6765860412786,493.19560665785394,489.01828510429004,490.3036193847656,73484000
2024-04-17,492.75738492725213,492.9229325491744,486.00942494137024,487.40185546875,75910300
2024-04-18,488.7942988433905,490.887817979909,485.4641202927352,486.3988952636719,74548100
2024-04-19,486.3210783246666,487.31427501412566,480.8876330360681,482.15350341796875,102212600
2024-04-22,484.7533807670464,489.1838827819534,482.41642801907807,486.59375,67961000
2024-04-23,488.5995792337359,492.7963646750655,486.4086807205422,492.367919921875,64633600
2024-04-24,493.2540334865075,494.0427545951939,489.914137461728,492.1342468261719,55928100
2024-04-25,486.0678932982719,491.0241892900092,484.4222826199273,490.2646789550781,69122400
2024-04-26,493.04956028124485,496.48683553540934,492.41663996726425,494.9093933105469,64306100
2024-04-29,496.69125912925006,497.33392621215023,493.92586210692747,496.66204833984375,46415400
2024-04-30,495.20145909113546,496.1751917116098,488.7943115234375,488.7943115234375,77483600
2024-05-01,488.2100967940072,494.841213980312,486.7397509352648,487.2071533203125,80242800
2024-05-02,490.9073316662554,492.6016467604268,486.4281553313073,491.76422119140625,62550200
2024-05-03,497.7332427499149,499.0867158383158,495.201531622673,497.8598327636719,72756700
2024-05-06,500.2551653379584,503.0400265445959,499.8169737447077,503.0010986328125,47264700
2024-05-07,503.9651034446084,504.9485829994704,502.8842743906612,503.55615234375,52561300
2024-05-08,501.72550045922026,504.14033844049237,501.6086572944442,503.60479736328125,42047200
2024-05-09,503.78980752288453,506.54548758690595,503.13742328274043,506.5065002441406,43643700
2024-05-10,508.1034582569593,508.9116730396104,505.94180018838176,507.1589660644531,52233200
2024-05-13,508.8337028193061,508.9407991411694,506.08776976766853,507.2270202636719,36716400
2024-05-14,507.42175308205213,510.07033651333364,506.8862120678195,509.5542297363281,57535900
2024-05-15,512.0178797101214,516.1562436643347,511.38492968552964,515.8641357421875,59504900
2024-05-16,515.9614786446474,517.558414507879,514.6566506998298,514.802734375,50244800
2024-05-17,514.9195824580145,515.6109540647997,513.4687302561026,515.5427856445312,59187600
2024-05-20,515.6595992673854,517.5973177042522,515.2700824401487,516.13671875,37764200
2024-05-21,515.3772666864285,517.5584184029028,515.1727614260365,517.402587890625,33437000
2024-05-22,516.7112486575287,517.4220544657823,513.741316563043,515.9127807617188,48390000
2024-05-23,518.9605372397859,519.0676335599267,510.9369308576571,512.1444091796875,57211200
2024-05-24,513.9847589456947,516.3412347653415,513.0402667962413,515.5330200195312,41291100
2024-05-28,516.3413100648252,516.5749964273494,513.2642811397658,515.8933715820312,36269600
2024-05-29,511.87174962966077,513.458938533357,511.5698948988185,512.2807006835938,45190300
2024-05-30,510.7423397089747,511.40447087133504,507.6361297457073,508.8824768066406,46377600
2024-05-31,509.8367770177735,513.6440460717812,504.7441141188356,513.5174560546875,90785800
2024-06-03,515.1240809646227,515.4064420460951,508.87267437322015,513.9360961914062,46835700
2024-06-04,512.6312623824123,515.250605333056,511.17066354967966,514.5105590820312,34632700
2024-06-05,516.8281493311971,520.6451650598835,514.84169649016,520.6256713867188,47610400
2024-06-06,520.9275073614583,521.3559521321091,518.6879340097541,520.6159057617188,30808500
2024-06-07,519.6420681166458,522.787264555686,518.5514924537447,519.98291015625,43224500
2024-06-10,519.1747616812378,521.9109480214009,518.5807990347079,521.589599609375,35686100
2024-06-11,520.0413486344055,522.9041247005574,518.0743898707741,522.845703125,36383400
2024-06-12,527.4028194115604,529.8274041983666,526.1077383475028,527.139892578125,63251300
2024-06-13,528.8828575806059,529.0581223075357,525.4163720846324,528.2012329101562,44760900
2024-06-14,526.6726498510748,528.5519471953481,525.6696764478946,528.5227661132812,40089900
2024-06-17,527.8410283318889,534.1216160104203,527.3833430672393,532.7291259765625,55839500
2024-06-18,532.7875604635906,534.2092316077063,532.3688625324717,534.0826416015625,41376400
2024-06-20,535.0076850141029,535.669816103357,530.8595742964317,532.6317749023438,70328200
2024-06-21,531.8101607226251,533.031253064821,530.4620700069489,531.9176025390625,64338600
2024-06-24,531.7418545665156,534.3012597413704,530.0713785197397,530.1885986328125,45528700
2024-06-25,531.4096852385123,532.5917242597523,529.8955424418219,532.2302856445312,37936200
2024-06-26,531.1166742934914,533.6076912884868,530.4719636310322,532.8945922851562,38550600
2024-06-27,532.7578670304722,534.311123211826,532.0154331135317,533.7347412109375,35041500
2024-06-28,534.5063503169283,537.5542520433446,530.3937489459842,531.6343383789062,76144500
2024-07-01,533.0118486999152,533.2560672380866,529.973784394742,532.7285766601562,40297800
2024-07-02,531.1264605772033,536.3136596679688,531.0776287968915,536.3136596679688,40434800
2024-07-03,536.0010100914286,539.068408833479,535.9619565950238,538.7069702148438,32789900
2024-07-05,539.0097918869257,542.2139076372644,538.3747999305978,541.8134155273438,41488400
2024-07-08,542.5949332840256,543.3861988920726,541.3738407022457,542.4386596679688,36110500
2024-07-09,543.3958913589794,544.2945986626197,542.6730142045088,542.966064453125,27289700
2024-07-10,544.1872136667199,548.6808102777995,543.894163387503,548.3389282226562,38701200
2024-07-11,548.4562180647349,549.3256503566656,542.9759684638211,543.6109008789062,53054200
2024-07-12,544.7342644743289,550.6345620898736,544.2653840243584,547.0396728515625,53084400
2024-07-15,549.0325043663784,551.7775178290722,546.6879829958002,548.5440673828125,40584300
2024-07-16,549.8530274778409,552.090047326324,549.1008154677004,551.7969970703125,36475300
2024-07-17,545.8772743812609,547.5477506768178,543.7379175635831,544.060302734375,57119000
2024-07-18,545.593898977862,546.580551242634,537.7007404833427,539.879150390625,56270400
2024-07-19,539.6447995873152,541.2664440605769,535.2390876445896,536.2941284179688,65509100
2024-07-22,540.2113760766848,542.4288993582354,538.277184442637,541.8232421875,43346700
2024-07-23,541.7157018138391,543.8648365993427,540.484890622907,540.9733276367188,34439600
2024-07-24,536.1671163330532,536.4699449259502,527.7952979520205,528.7135620117188,74515300
2024-07-25,528.8307523766035,534.7994982405838,525.0209792890996,525.958740234375,61158300
2024-07-26,529.7392825093052,534.5357078065754,528.9675138593225,531.8493041992188,53763800
2024-07-29,533.3927971337158,534.3989464184045,530.1690650137424,532.1619262695312,39515800
2024-07-30,533.6272524601584,534.6822931769603,526.0662565076813,529.4657592773438,46853600
2024-07-31,536.2842643515584,540.6997538692295,534.9166765387299,538.0719604492188,65663400
2024-08-01,539.7912440920945,542.0380422456446,526.955106117804,530.4523315429688,76428700
2024-08-02,523.3602388903765,524.5715530952934,516.3755660291246,520.576171875,82789100
2024-08-05,499.80785259777787,511.4717311244644,498.4695101090915,505.41510009765625,146267400
2024-08-06,507.21253555376086,517.4990483238507,505.89377938390135,510.0748291015625,84826300
2024-08-07,516.2485672171777,519.2964689099484,506.06955696870784,506.6654357910156,70698300
2024-08-08,511.7939332085329,519.0032667194084,509.7718568841384,518.3781127929688,63276600
2024-08-09,517.5576103421191,522.1489300560904,516.3365178449808,520.6640625,45619600
2024-08-12,521.8558860240913,523.3406939742863,518.6712672136742,520.9376220703125,42542100
2024-08-13,524.1221746789957,529.7391995235392,523.8779562074939,529.5046997070312,52333100
2024-08-14,530.2960824274743,532.3573320967027,527.6292352085552,531.17529296875,42446900
2024-08-15,536.7922766972661,540.5629961238054,536.1866195717042,540.2797241210938,60846800
2024-08-16,538.6678476452682,542.1846298407453,538.5115740387317,541.4910278320312,44430700
2024-08-19,541.9013070349608,546.66845703125,541.0514314058853,546.66845703125,39121800
2024-08-20,546.2190851764095,547.8700045132335,544.4411674580102,545.7794799804688,33732300
2024-08-21,546.8247712917706,549.1106230342316,541.9012882335657,547.6550903320312,41514600
2024-08-22,549.5502187339081,550.155875826028,542.1454973391976,543.3568115234375,56121500
2024-08-23,546.5903394303513,550.0680084955276,544.4020915801096,549.1301879882812,50639400
2024-08-26,550.1559102385648,550.8690092024209,546.1214157161334,547.8211669921875,35788600
2024-08-27,546.5512887213379,549.0618623501647,545.4083627021253,548.5734252929688,32693900
2024-08-28,548.2315309438809,548.661357929549,542.204174863817,545.3887939453125,41066000
2024-08-29,547.352316743397,550.644377643334,544.2946960843145,545.4376220703125,38715200
2024-08-30,547.8016709409602,551.1523417216108,544.2556134288437,550.6443481445312,62700100
2024-09-03,547.5084877669302,547.8406511283397,536.801987949737,539.3125610351562,60600100
2024-09-04,537.4761456891545,541.6083040829072,536.7532683896355,538.2088012695312,47224900
2024-09-05,538.1501466111926,540.9928237930679,534.4477558926965,536.8997192382812,44264300
2024-09-06,537.2219933220675,538.8435776360059,526.9648181668874,527.863525390625,68493800
2024-09-09,532.054494369654,535.0437266855093,530.1300214174476,533.7737426757812,40445800
2024-09-10,535.678584169421,536.4503527479894,530.8137709847371,536.0986328125,36394600
2024-09-11,536.0108196239122,542.5167747623394,527.4729497044474,541.5985107421875,75248600
2024-09-12,542.1749203516514,546.4634120914028,539.9573969973035,546.1605834960938,51819600
2024-09-13,546.7662020730168,550.0094311099382,546.5122052774053,549.0130004882812,39310500
2024-09-16,548.7491943236346,550.0875069413107,546.9517795427174,549.8237915039062,36656100
2024-09-17,552.0314851715059,553.477299266029,547.8211605278194,550.0484619140625,49321000
2024-09-18,550.7030274298603,555.5385664291312,547.8603498689396,548.4171752929688,59044900
2024-09-19,557.8049085738365,559.6316584337985,554.9426745171918,557.7755737304688,75315500
2024-09-20,556.4096197933483,557.8500005367814,553.7933228326182,556.8113403320312,77503100
2024-09-23,557.8794446150124,558.8495067502496,556.6643550711399,558.2027587890625,44116900
2024-09-24,558.9963649353333,559.8586555458002,556.174333811357,559.7998657226562,46805700
2024-09-25,559.6432009533316,560.378103761662,557.4580492681129,558.5653076171875,38428600
2024-09-26,562.817932214862,563.1413061737785,558.4281322177342,560.77978515625,48336000
2024-09-27,561.8479471107624,562.6611965458859,558.9377006949258,559.966552734375,42100900
2024-09-30,558.937595094156,562.8179029799776,556.6447321030395,562.2103881835938,63557400
2024-10-01,561.857759819067,562.5044480240527,554.6066943100618,557.1739501953125,72668800
2024-10-02,556.282242548741,558.4281611024765,553.8913563966638,557.4090576171875,38097800
2024-10-03,555.9392527365582,558.3301388916863,554.106899883147,556.3900146484375,40846500
2024-10-04,560.8287828388663,561.8184614824812,556.6643337627131,561.4461059570312,42939100
2024-10-07,559.7999688939893,560.4467168743025,555.22399069742,556.3704223632812,49964700
2024-10-08,558.9376805045769,562.2300906410503,558.0656412646009,561.63232421875,37398700
2024-10-09,561.6224751598685,566.0809331902332,561.0247685875196,565.5223999023438,37912200
2024-10-10,564.1799758679994,565.9535388259317,562.9257131010544,564.53271484375,44138100
2024-10-11,564.4542373683208,568.6481106846586,564.3170411817416,567.9132080078125,42268000
2024-10-14,569.520288010914,573.4888112745962,569.0401610478535,572.5579223632812,36217200
2024-10-15,572.8224884018784,573.1262458468478,566.8942243784207,568.1093139648438,54203600
2024-10-16,568.1092586044506,571.0978512020905,567.305757742965,570.5784912109375,30725400
2024-10-17,574.1159000748407,574.3216944108202,570.441385688738,570.6275634765625,34393700
2024-10-18,572.3129579783322,573.6063941876963,570.852960533333,572.822509765625,37416800
2024-10-21,572.0972566282711,573.0771269383695,568.9126781204517,571.8817138671875,36439000
2024-10-22,569.3536172092114,572.7341816541917,568.6971208640092,571.5779418945312,34183800
2024-10-23,569.5594196255329,570.0003732214365,562.8570804647936,566.355224609375,49314600
2024-10-24,568.3052337104026,568.3836400907534,564.9639018539431,567.5801391601562,34979900
2024-10-25,569.8044050522926,572.6950344865168,566.443456997856,567.3840942382812,47268200
2024-10-28,570.8528344834444,570.9802224021391,568.834304134212,569.1380615234375,30174700
2024-10-29,568.1778099310847,571.1762108700161,566.7864107519835,570.0592041015625,42899700
2024-10-30,569.5888588084969,571.5780244818477,567.6291179550885,568.3346557617188,41435800
2024-10-31,563.9742291931302,564.0428273008541,556.9975564307639,557.1935424804688,60182500
2024-11-01,559.8195584319851,563.9643910438907,559.1336371976272,559.545166015625,45667500
2024-11-04,559.6823835212687,560.9758196621659,556.4586313456186,558.3399658203125,38217000
2024-11-05,559.251198693126,565.1304208425688,559.0356559214524,565.0912475585938,39478300
2024-11-06,577.3396500855225,580.0146771322202,573.6063462638446,579.142578125,68182000
2024-11-07,581.1415644099445,584.639708979933,581.063158030651,583.62060546875,47233200
2024-11-08,584.1693242787533,587.5695056932594,584.1693242787533,586.148681640625,46444900
2024-11-11,587.7360663213191,588.0888053142032,584.9826328704219,586.7072143554688,37586800
2024-11-12,586.6288429184635,587.2265495486535,582.4056036057904,584.8847045898438,43006100
2024-11-13,585.3451927424278,587.1677373847895,582.9837313260188,585.1688232421875,47388600
2024-11-14,585.296183408181,585.7763103260314,580.7202054727688,581.4060668945312,38904100
2024-11-15,577.8491019104924,578.3194803370213,572.1070761341368,573.9590454101562,75988800
2024-11-18,574.4195885423085,577.6237838402152,573.5573576252949,576.310791015625,37001700
2024-11-19,572.9400384688264,579.142574989824,572.2737337790142,578.41748046875,49412000
2024-11-20,578.495884693383,578.8976052377521,572.8616299600318,578.6134643554688,50032600
2024-11-21,581.4550801704302,583.1404284379229,575.6248397212988,581.7196044921875,46750300
2024-11-22,581.709726188909,584.1496532645427,581.2100426161727,583.5225219726562,38226400
2024-11-25,587.451946771504,588.7649396726674,583.2188992835091,585.5020141601562,42441400
2024-11-26,586.7463470552605,589.2254477201681,586.0310608458545,588.5591430664062,45621300
2024-11-27,588.3730114334577,588.755115442667,585.2570306878304,586.7758178710938,34000200
2024-11-29,587.5891801085405,591.2049050297398,587.3148474388158,590.4210205078125,30177400
2024-12-02,590.8323780737772,592.1552388895445,590.3424429138348,591.4791259765625,31746000
2024-12-03,591.2439870884159,591.9984465923378,590.2151351783115,591.7534790039062,26906600
2024-12-04,593.4389336760423,595.6730071584342,592.7726289600115,595.4280395507812,42787600
2024-12-05,595.4280516027892,596.2315525489399,594.0954421437544,594.4481811523438,28762200
2024-12-06,595.212403953603,596.8095972909788,594.800875182747,595.574951171875,31241500
2024-12-09,595.457476264727,595.6240374954255,591.9201582931329,592.508056640625,34742700
2024-12-10,593.1841677805376,593.605504896008,590.0093971009587,590.6658935546875,37234500
2024-12-11,593.5860024095599,596.1826234477978,593.3116099521484,595.232177734375,28677700
2024-12-12,594.3696859896878,594.9379676481675,592.1649780273438,592.1649780273438,31543800
2024-12-13,594.1934650654297,594.9087513561514,590.6757038334936,592.0475463867188,35904700
2024-12-16,593.8014854078001,595.5456834945226,593.0274092921627,594.5755615234375,43695200
2024-12-17,592.0278303510687,592.9880840930309,590.7540109408761,592.1257934570312,55773500
2024-12-18,591.822175937033,594.2032541174319,574.0963517696575,574.478515625,108248700
2024-12-19,579.456068103567,581.0630696987981,574.0569733506421,574.3019409179688,85919500
2024-12-20,571.9778279294948,585.7225012446567,571.132257605004,581.199951171875,125716700
2024-12-23,580.9443313472664,585.2800771480029,577.7686569320756,584.6803588867188,57635800
2024-12-24,586.0273454449668,591.2185033240278,585.4472496940897,591.1791381835938,33160100
2024-12-26,589.4094496188982,592.3392722176656,588.0133673077331,591.218505859375,41219100
2024-12-27,587.4823184826345,587.7183292627742,580.8164691334702,584.9949340820312,64969300
2024-12-30,577.9947505411832,581.7799239969942,574.5732845002501,578.3191528320312,56578800
2024-12-31,579.9807622286955,580.6985158642835,574.583178079053,576.2152709960938,57052700
2025-01-02,579.4695486945864,581.180251846637,570.7291685588775,574.7994995117188,50204000
2025-01-03,577.6408633877121,582.6254735449975,576.5593423217554,581.9864501953125,37888500
2025-01-06,586.2337670283534,589.6060270134918,583.608664526265,585.3390502929688,47679400
2025-01-07,587.3643786767495,587.6888410122485,576.903513754268,578.7223510742188,60393100
2025-01-08,578.7911287868388,580.6394897953063,575.3500401020275,579.5678100585938,47304700
2025-01-10,576.0185903209236,576.0874192959229,568.8119506064235,570.7192993164062,73105000
2025-01-13,566.0788468496604,571.9581742427216,565.6658729466735,571.604248046875,47910100
2025-01-14,574.5242054496483,575.1534475548353,568.6153544470202,572.3907470703125,48420600
2025-01-15,580.3936552944716,583.9428778193259,579.2826705140105,582.8024291992188,56900200
2025-01-16,584.1691475266347,584.346110636513,580.9836915331506,581.6817626953125,43319700
2025-01-17,586.9121689712896,589.2717368825727,585.5848557638515,587.521728515625,58070600
2025-01-21,590.5597127423754,592.9094994878243,588.5933760531964,592.899658203125,42532900
2025-01-22,595.7213992287225,597.5894432517595,595.1708273073808,596.232666015625,48196000
2025-01-23,595.6032899728609,599.48681640625,595.3280340779654,599.48681640625,41152100
2025-01-24,599.5457500838805,600.4994543662986,596.586404435373,597.7366943359375,34604700
2025-01-27,584.7983708814467,589.5962372876534,584.6312490621345,589.2816162109375,70361100
2025-01-28,590.5105293609671,595.1805787054238,587.1972570477369,594.3449096679688,44433300
2025-01-29,593.5583671362218,593.9614997638901,589.1341095636221,591.6805419921875,37177400
2025-01-30,593.7944224804594,596.389941511758,590.6089063826978,594.856201171875,39281300
2025-01-31,597.2747575383468,599.6933732210748,590.9333098394596,591.6903686523438,66566900
2025-02-03,582.6943020815504,590.1860392450765,580.5510025263411,587.70849609375,65857200
2025-02-04,587.7674745011321,592.1622076462813,587.2267439810199,591.6510009765625,33457800
2025-02-05,590.5302274178379,594.1974260072697,588.5049031019603,594.0499267578125,30653100
2025-02-06,595.7901616750784,596.242440705887,592.4867305159943,596.1146240234375,35771500
2025-02-07,596.6750666805723,597.8941858585465,589.9501686239648,590.6580810546875,50788500
2025-02-10,593.8631663388722,595.3083949100401,592.5948408497425,594.6693115234375,26048700
2025-02-11,592.408088766588,595.6623736678141,592.2901133629294,595.1216430664062,30056700
2025-02-12,589.1145136580423,594.3744405625547,588.4361250659014,593.2044677734375,45076100
2025-02-13,594.3055297285264,599.6736500230521,593.0471055616473,599.4671630859375,40921300
2025-02-14,599.6736338799176,600.7059485220444,598.8182823186273,599.4376831054688,26910400
2025-02-18,600.5977915687461,601.197509765625,598.1398710820379,601.197509765625,26749000
2025-02-19,599.8112758662747,602.9082197102092,599.3000091966954,602.61328125,31011100
2025-02-20,601.2467721645895,601.3844301402796,596.8028918726411,600.1063232421875,36554000
2025-02-21,599.8899309928074,600.0275889538111,589.3798596850504,589.8419799804688,76519800
2025-02-24,591.8869960824046,592.8800056614799,586.4500466079941,587.157958984375,50737200
2025-02-25,587.098968367302,587.8265033006376,579.6366946428752,584.2379150390625,58266500
2025-02-26,585.8994552001853,589.488043359785,581.8979531727184,584.5328369140625,43321600
2025-02-27,586.8039490929929,587.9542991571739,574.809344386224,575.2025756835938,74196700
2025-02-28,575.7039886670112,584.70978328648,572.636508577737,584.1788940429688,88744100
2025-03-03,586.1452445030724,587.2857532860544,570.1392964764723,573.9441528320312,74249200
2025-03-04,569.9526399958573,575.5370299460303,562.6181812896335,567.1505737304688,109648200
2025-03-05,566.9833166199888,575.035467216836,563.434093538414,573.24609375,71230500
2025-03-06,565.7937090893346,570.4047711019521,560.523941077153,563.0703735351562,80094900
2025-03-07,561.2907933786839,567.6715458955733,556.1094773560538,566.2262573242188,81158800
2025-03-10,558.0366127932136,559.953743284554,546.2385912694426,551.1445922851562,99326600
2025-03-11,549.9843938775969,554.5266268117218,542.728606721458,546.5629272460938,88102100
2025-03-12,552.7077615834074,553.6319422779778,544.3705127696392,549.4633178710938,69588200
2025-03-13,549.0896792735167,549.6992388466521,540.4279685563406,542.138671875,74079400
2025-03-14,546.7496748611676,554.3397648685512,542.2074423986709,553.3369140625,62660300
2025-03-17,553.3173439083719,560.1209127085318,552.8847473951123,557.60400390625,49008700
2025-03-18,555.2934322950165,555.5097605205915,549.6500559715837,551.5770874023438,66041400
2025-03-19,553.3567380801147,561.3400614190263,552.176923890437,557.5843505859375,66556000
2025-03-20,553.8481847501696,560.9663132490421,553.1304311253591,555.9718017578125,62958200
2025-03-21,551.5205297947124,557.0526817242638,550.2878724028328,556.1552734375,83763000
2025-03-24,562.880651498493,567.1703352751009,562.2890000340255,566.1151733398438,58766800
2025-03-25,567.3181993393742,568.4127846067184,565.73055113845,567.4760131835938,38355700
2025-03-26,567.2097001365158,568.3338979913931,559.3206937528307,560.7012939453125,51848300
2025-03-27,559.3108687859911,562.9792883535321,557.101956447335,559.2122802734375,42164200
2025-03-28,557.6838635858104,558.413587192946,547.3689639965595,547.9507446289062,71662700
2025-03-31,542.201606334121,552.93066066187,539.2826520783074,551.6289672851562,95328200
2025-04-01,549.715889513425,555.1297110203275,545.9981756472096,553.18701171875,54609600
2025-04-02,547.3492217360947,559.547595484726,547.1125611273237,556.6878662109375,76014500
2025-04-03,537.5470765410741,540.3673821784607,529.2537841796875,529.2537841796875,125986000
2025-04-04,516.404523136506,518.5740121118964,498.05273494035157,498.2696838378906,217965100
2025-04-07,482.40291724281104,515.9114550791749,475.115432610906,497.3821716308594,256611400
2025-04-08,514.6196789750944,517.6963871548359,482.37337814369187,489.5918273925781,165816600
2025-04-09,486.59399925019795,541.0084228515625,486.20939567811143,541.0084228515625,241867300
2025-04-10,524.7866027854379,526.0981670837639,502.25365007002944,517.3019409179688,162331200
2025-04-11,515.7536950429114,528.9874872153164,512.8544826104954,526.5320434570312,97866300
2025-04-14,536.5017912856171,536.7286411738348,526.453165817952,531.6401977539062,68034000
2025-04-15,532.1824786951643,535.6930840370895,529.3621734315309,530.1510620117188,56892900
2025-04-16,524.3033791384568,530.4272422697393,513.0713913810127,518.3668823242188,83484800
2025-04-17,520.3194821276195,523.800475242003,516.6411916080497,519.1065063476562,79868100
2025-04-21,513.9293002870572,514.4618467446136,501.40552056556845,506.7503356933594,69368100
2025-04-22,512.9235950678715,521.956482797522,511.9867633247528,519.9349365234375,75948100
2025-04-23,532.9319549297188,537.8625838932508,526.4728430251603,527.991455078125,90590700
2025-04-24,529.2735171048926,539.8349482182391,528.0211780146883,539.105224609375,64150400
2025-04-25,539.0657336001437,543.4046513367819,536.1467793425768,543.0003662109375,61119600
2025-04-28,543.7400050325934,545.8700106135369,537.4583875113086,543.2074584960938,47613800
2025-04-29,541.294298062473,547.7435994540236,540.9393072120234,546.6292724609375,47775100
2025-04-30,539.9729835885655,548.7988227140515,534.0069337400583,546.8462524414062,93101500
2025-05-01,552.5954041380958,556.2440822591161,550.1202183270924,550.7217407226562,63186100
2025-05-02,556.8948640346016,560.4942476694231,554.5774922291787,558.896728515625,60717300
2025-05-05,554.7648117792631,558.7882219920989,553.9068871278389,555.6917724609375,38659200
2025-05-06,550.1891944565425,555.533979770925,549.2326812616892,551.047119140625,48264700
2025-05-07,552.3784371058738,555.9975022415719,548.3254139860352,553.3645629882812,55588000
2025-05-08,557.3977713110521,562.3974366423718,553.9069074354913,557.2202758789062,65130800
2025-05-09,558.6205173502777,559.6263849147109,554.9521583078488,556.51025390625,37603400
2025-05-12,573.4026196086874,574.9114211824733,569.0340889310521,574.9015502929688,78993600
2025-05-13,575.3157161654024,580.907093658496,574.7536773375426,578.6981811523438,67947200
2025-05-14,579.6546629482465,580.8084133986617,577.4161378946785,579.437744140625,66283500
2025-05-15,577.4358426248243,582.770756919371,576.9822030720642,582.2678833007812,71268100
2025-05-16,583.0468496173695,586.251758304484,581.104210780506,585.9559326171875,76052100
2025-05-19,579.9405744991373,587.2773530559552,579.9405744991373,586.596923828125,68168500
2025-05-20,584.8614766498325,585.8081190582527,581.4198464644389,584.624755859375,60614500
2025-05-21,580.2759763071138,584.3585523251965,573.7478271095126,574.7733764648438,95197700
2025-05-22,574.5760350084579,578.4811148637216,573.3433777523152,575.0001220703125,70860400
2025-05-23,567.988738706783,573.7378691727489,567.6140060747297,571.0753173828125,76029000
2025-05-27,577.938827709351,583.1061179228353,570.4048112020747,582.9483642578125,72588500
2025-05-28,583.3526850377893,584.5459191469531,578.8460820656009,579.5758056640625,68445500
2025-05-29,584.8317737253767,584.9698457847473,577.9387639052553,581.863525390625,69973300
2025-05-30,580.7591899526665,582.928679235147,575.1481304892388,581.2128295898438,90601200
2025-06-02,579.6053591727813,584.5655410710423,576.9428072484826,584.4866943359375,61630500
2025-06-03,584.1218520308094,588.7960792462304,583.6385997733717,587.81982421875,63606200
2025-06-04,588.6776647088699,589.6539195966438,587.2280285207049,587.6619262695312,57314200
2025-06-05,589.3383724752952,590.6893600195378,582.8496477946317,584.8218994140625,92278700
2025-06-06,590.3540722792903,592.4940086999786,588.5790577947733,590.8274536132812,66588700
2025-06-09,591.3993476813894,592.9081490758875,590.1864321834666,591.3599243164062,53016400
2025-06-10,591.8924030034493,595.0973118762876,590.7781362147839,594.7127685546875,66247000
2025-06-11,595.8074157747775,596.6653405011278,590.9556931519085,593.0166625976562,73658200
2025-06-12,591.6853731206485,595.3734741210938,591.2021810906274,595.3734741210938,64129000
2025-06-13,590.1963519379123,593.499849631983,587.218232455665,588.7171630859375,89506000
2025-06-16,592.0699627819344,596.0637602908375,591.892407169678,594.3182983398438,79984100
2025-06-17,591.8826784891205,593.401290785268,588.480531921813,589.2398681640625,82209400
2025-06-18,590.1371879149127,592.8785866278505,588.1944885876793,589.1510620117188,76605000
2025-06-20,591.8224395288368,592.8906208578056,586.3629131433069,587.7673950195312,94051400
2025-06-23,588.5190130228361,593.9587392448562,585.4035696790836,593.5730590820312,87426000
2025-06-24,597.7072083922786,601.1885919192599,596.7972471416377,600.13037109375,67735300
2025-06-25,601.247995602986,601.940336500435,598.903972841808,600.4666748046875,62114800
2025-06-26,602.3161684365299,605.5997923429508,601.7029677445283,605.1646118164062,78548400
2025-06-27,606.1635425121184,609.6350865938839,604.1360202356653,608.1712646484375,86258400
2025-06-30,610.6142811588834,612.4340832221852,608.2998981128763,611.0791015625,92502500
2025-07-01,609.6053849111585,612.0483479268365,608.7746241554748,610.8812866210938,70030100
2025-07-02,610.4757300098587,613.6901136433279,609.8526292762224,613.6505737304688,66510400
2025-07-03,615.628656191773,619.4167005776212,615.6088560521965,618.4869995117188,51065800
2025-07-07,616.5286747873084,617.1913758193931,611.0988485499288,613.8780517578125,74814500
2025-07-08,614.5406899285775,615.2923708557059,612.7307881009865,613.5418090820312,59024600
2025-07-09,615.945166968477,617.8737488887257,614.1055045789822,617.2210083007812,66113300
2025-07-10,617.3594891460615,620.0002120765442,616.1825277796053,618.9617309570312,57529000
2025-07-11,615.9154666088177,618.0122289852302,614.7187654701638,616.7858276367188,63670200
2025-07-14,616.3307657158283,618.3088477245484,614.985684437804,617.9627075195312,51898500
2025-07-15,620.6431287961128,620.9793689858044,615.242942324076,615.3220825195312,74317300
2025-07-16,616.9044910111767,617.8836320494379,611.276844692317,617.3792114257812,88987500
2025-07-17,617.5573456006476,621.5135103761386,617.3397251475282,621.1574096679688,68885700
2025-07-18,622.4035753929759,622.5716954836944,619.5947323692288,620.7024536132812,65621600
2025-07-21,621.87939453125,624.6189973413707,621.4541141003111,621.87939453125,63375000
2025-07-22,622.2057439990875,622.8288447335428,619.3276609031153,621.9683837890625,60046300
2025-07-23,624.6289433239532,627.2598266601562,622.8288811376781,627.2598266601562,70511000
2025-07-24,627.6454884244192,629.1785504969665,627.0421878119985,627.4674682617188,71307100
2025-07-25,628.1301809903662,630.5928838363332,627.8829206987424,630.1181030273438,56865400
2025-07-28,630.4939604147171,631.0478210681617,628.5752180855901,629.9598999023438,54917100
2025-07-29,631.3543207675477,631.6708211428117,627.3883169234746,628.2982177734375,60556300
2025-07-30,628.9510415464463,630.6917636576716,624.6190364089183,627.507080078125,80418900
2025-07-31,632.4523273568442,632.8380075585872,623.857556644127,625.1531982421875,103385200
2025-08-01,619.436379958757,619.475980234049,612.5031927364548,614.9065551757812,140103600
2025-08-04,618.813325728958,624.3024917393647,618.7243458354196,624.2530517578125,73218000
2025-08-05,624.8662177521945,625.6772386500149,620.168272806011,621.0880737304688,68051400
2025-08-06,622.1562946160922,626.4981995520814,621.2463937026511,625.845458984375,64357500
2025-08-07,629.2674923107387,629.9993730574174,622.2156245224251,625.3212280273438,74205800
2025-08-08,627.1114011688534,630.6620853000642,626.7949007710238,630.1972045898438,64051600
2025-08-11,630.4742118551501,631.947873553624,627.70484826023,628.9510498046875,58742300
2025-08-12,631.2951060550639,635.8051316570012,629.8115442075018,635.6469116210938,64730800
2025-08-13,637.8424936799373,639.10849531226,635.6369512596368,637.82275390625,60092800
2025-08-14,635.7457174616427,638.5447207235369,635.300697252298,637.882080078125,59327500
2025-08-15,638.9107148606824,639.0096552004113,635.4787708739423,636.388671875,68592500
2025-08-18,635.814941575414,636.942462907598,635.1424008771667,636.2501220703125,43804900
2025-08-19,636.0721245937336,637.0512656505922,631.4829592777961,632.7984008789062,69750700
2025-08-20,632.3929060531275,632.6500060324975,626.013578858981,631.1170043945312,88890300
2025-08-21,629.3071240874224,630.9785456585483,626.864161086776,628.5850830078125,54805800
2025-08-22,630.7709706915778,639.41518174206,630.2665499847296,638.2382202148438,84083200
2025-08-25,636.9820009718095,638.2183023325629,635.3105191174199,635.42919921875,51274300
2025-08-26,635.1622594491828,638.4359833484747,634.5391586749303,638.0897827148438,51581600
2025-08-27,637.5062179210042,640.2755208793137,637.3578376120881,639.5436401367188,48341100
2025-08-28,640.146950913372,642.3623933153343,638.267809046051,641.8085327148438,61519500
2025-08-29,640.374419619015,640.7404203673219,636.0919150690585,637.98095703125,74522200
2025-09-02,630.5136938017484,633.4709169972102,627.9619508913343,633.2533569335938,81983500
2025-09-03,635.6270215222661,637.1501834379544,633.4412793439511,636.685302734375,70820900
2025-09-04,637.3578424589464,642.0360478647699,636.4578416280056,642.00634765625,65219200
2025-09-05,644.3404973975818,645.0625384730564,636.2798483910566,640.14697265625,85178900
2025-09-08,641.5118230975241,642.718484610511,640.1370415028089,641.7195434570312,63133100
2025-09-09,641.8579832056892,643.7272854003053,640.1271612550325,643.203125,66133900
2025-09-10,646.4570825189741,647.3768835600082,643.4998590892842,645.0625610351562,78034500
2025-09-11,647.0109525903231,651.1154976382888,646.4274520986086,650.4231567382812,69934400
2025-09-12,650.3934256012134,651.8868873722256,649.7011451004063,650.2055053710938,72780100
2025-09-15,652.4110731340584,653.7956944276398,652.114372883025,653.6671142578125,63772400
2025-09-16,654.2210123755038,654.5276730798186,651.9858301119879,652.7671508789062,61169000
2025-09-17,652.7770978636573,654.4683196962441,647.1296508296768,651.9561767578125,101952200
2025-09-18,654.6364399867887,657.603563340362,653.0341982051615,655.0023803710938,90459200
2025-09-19,656.8877828567474,659.0895125014193,654.9438659954435,658.2465209960938,97945600
2025-09-22,656.7588293222589,661.8069717744121,656.7290467709187,661.3607177734375,69452200
2025-09-23,661.2417286303936,661.8566899635472,656.540685502851,657.7606201171875,81708900
2025-09-24,659.0498612769777,659.1490153831234,654.2496039734066,655.6678466796875,68082200
2025-09-25,652.5338627083877,653.9917550046746,649.0328388399253,652.6429443359375,89622100
2025-09-26,654.0910020825955,656.9274877414105,652.4743904900326,656.3820190429688,69179200
2025-09-29,658.9010899003678,659.8135740530697,656.4216318338509,658.2266845703125,73499000
2025-09-30,657.4828203674869,661.1722852976668,656.173659297658,660.7061157226562,86288000
2025-10-01,657.7208749627936,663.8699431635192,657.611793334362,662.95751953125,72545400
2025-10-02,664.9410037342527,665.0600128657511,661.3011766397112,663.7210693359375,56896000
2025-10-03,664.4848020775174,667.1527012490268,662.6698219114437,663.7112426757812,70494400
2025-10-06,666.1014192164715,666.9841207809839,663.9591941673339,666.0914916992188,54623300
2025-10-07,667.0138297258598,667.4601442579947,662.1838505424819,663.6219482421875,72020100
2025-10-08,664.7426772273783,667.6783772359653,663.919480237528,667.5791625976562,60702200
2025-10-09,667.9957845708525,668.4023890582872,663.7112737749407,665.6452026367188,66501900
2025-10-10,666.6071968358344,668.4122493878771,647.4757221413303,647.6542358398438,159422600
2025-10-13,655.2216030747315,659.664772492732,654.3488290056752,657.5919189453125,79560500
2025-10-14,651.7701536094826,660.3590300864076,647.8030207789583,656.78857421875,88779600
2025-10-15,661.3409343998026,664.7228887516702,653.5157497881946,659.7044677734375,81702600
2025-10-16,661.3408828539109,663.215367636124,651.7106461582608,655.211669921875,110563300
2025-10-17,654.0810128478913,660.2895852935891,652.7322022395391,658.9308471679688,96500900
2025-10-20,661.8367798071084,666.6866142382812,661.7872027532737,665.7840576171875,60493400
2025-10-21,665.9228395283285,667.4600912091562,664.4748144266518,665.7740478515625,56249000
2025-10-22,666.4783066993808,666.4783066993808,657.8497808005621,662.3128051757812,80564000
2025-10-23,662.6301900162397,667.1825015615415,662.3128121266341,666.2402954101562,65604500
2025-10-24,670.9016937183009,672.8951271271609,670.0983517375236,671.6851806640625,74356500
2025-10-27,677.1201116013259,679.9070199177999,676.5151383891614,679.6094970703125,63339800
2025-10-28,681.4046232640447,683.2493254549719,679.2028936555786,681.41455078125,61738100
2025-10-29,683.0608492697363,684.0328379014793,677.2589421639235,681.7418212890625,85657100
2025-10-30,678.2805222142791,680.303738053287,674.2439575195312,674.2439575195312,76335800
2025-10-31,679.4111219213156,679.4508319897004,673.6587916341136,676.4556274414062,87164100
2025-11-03,680.0359699637585,680.1649066224819,674.3530715971103,677.7251586914062,57315000
2025-11-04,670.5545580097922,674.3729598389511,669.0371611161902,669.6917114257812,78427000
2025-11-05,669.4337786331213,675.2654684624238,668.6304366940664,672.012451171875,74402400
2025-11-06,670.9115428502156,671.8140994484131,663.2252231578799,664.8021850585938,85035300
2025-11-07,662.4218719882706,665.5658682287408,655.7769731606511,665.4567260742188,100592400
2025-11-10,671.6752576501947,676.57466917413,669.4834554774103,675.8407592773438,75842900
2025-11-11,674.3629519753922,677.9532020666294,673.1529450781785,677.3878784179688,58953400
2025-11-12,679.1631581075335,679.3318048264125,675.3547447293747,677.7647705078125,62312500
2025-11-13,674.9084518036677,675.2654792192372,665.010475070097,666.5179443359375,103457800
2025-11-14,659.9127671356764,670.1082678298286,657.8201189320223,666.408935546875,96846700
2025-11-17,664.1972328051172,668.1742931923078,656.7290761218832,660.2003173828125,90456100
2025-11-18,656.6596720569411,659.6548768721069,650.4709542015795,654.6563110351562,114467500
2025-11-19,655.3505889035424,661.8566848395906,653.3372397764296,657.1853637695312,94703000
2025-11-20,667.3808213360044,670.0090710879778,646.5335791707308,647.1683349609375,165293500
2025-11-21,649.667590792559,659.0895314498267,645.5020891320908,653.6149291992188,123956200
2025-11-24,657.2447591605586,664.5541959227929,656.1538219404428,663.235107421875,80437900
2025-11-25,663.135941149376,670.6536740212097,659.020017057554,669.4734497070312,81077100
2025-11-26,672.0620713400136,676.0986363282427,671.1595147067713,674.09521484375,71879600
2025-11-28,675.2654787466182,678.0523870500939,674.9084513312986,677.7747192382812,49212000
2025-12-01,673.2323336611282,677.3779800628074,673.1629015749381,674.6803588867188,61201200
2025-12-02,676.316803165018,678.2012155152329,673.7481184984898,675.9300537109375,62953800
2025-12-03,674.9779023816353,679.2822075879724,674.105128319461,678.2706298828125,57238500
2025-12-04,679.6689755171525,679.7384076011712,675.7415530139849,678.7664794921875,61970300
2025-12-05,679.8375623637357,682.7336127271673,678.9549213715281,680.0557861328125,79241000
2025-12-08,680.9484564225444,680.9980334759979,675.9696853695019,678.0127563476562,55231500
2025-12-09,677.5366323782647,679.7582167824522,676.9812362772177,677.427490234375,58310100
2025-12-10,676.9515664343469,683.3088703732143,675.711837383319,681.92041015625,85671300
2025-12-11,679.51034738166,683.5865617528303,676.5647198382891,683.5072021484375,86173700
2025-12-12,682.5153843270051,683.2195721462687,673.5893360954813,676.1580810546875,113160300
2025-12-15,680.1053789946951,680.1252340287925,673.6687159286942,675.1365356445312,90811000
2025-12-16,673.6488975485244,675.4837328267965,669.4338188610296,673.2918701171875,122030600
2025-12-17,674.3034691132465,674.8489377460819,665.6848710067972,665.8832397460938,110625200
2025-12-18,672.0322187932205,675.1464323222394,669.3544527925658,670.9114990234375,108650100
2025-12-19,673.0134542661981,677.4896664833268,672.8940327515619,676.9923095703125,103599500
2025-12-22,680.3245900087294,681.7370666700199,676.9923229108747,681.2098999023438,69556700
2025-12-23,680.3046207584179,684.562024812114,680.2548972126992,684.3233032226562,64840000
2025-12-24,684.313382495532,687.1781631452748,684.164151137988,686.7305297851562,39445600
2025-12-26,686.989161229118,688.0037280321676,685.6264081645946,686.660888671875,41613300
2025-12-29,683.9055083361335,685.5567672531378,682.4433081832867,684.2138671875,62559500
2025-12-30,683.8160334465714,684.9201512250444,682.9506372729019,683.3783569335938,47160700
2025-12-31,683.5076844111845,683.726492314561,678.1063955310838,678.3152465820312,74144800
2026-01-02,682.0852055985325,683.2390468658663,676.2263268834449,679.55859375,89377200
2026-01-05,682.910778712987,685.7855161168121,682.7516512212146,684.0845336914062,71927200
2026-01-06,684.2934596862484,688.6602678554459,684.1442890432024,688.1529541015625,69273800
2026-01-07,688.5309418430683,690.2916046822218,685.6761181181482,685.9347534179688,75588300
2026-01-08,685.1787573638412,686.9692300361542,683.8557710289468,685.8651123046875,64019200
2026-01-09,686.9791831428475,691.6344363504869,685.5368360184962,690.4010009765625,80125500
2026-01-12,687.0289310253164,692.410366767912,686.979207477028,691.4852294921875,63976000
2026-01-13,691.813478661017,692.4103433578374,687.6953490317495,690.1026000976562,78309700
2026-01-14,687.3472637531122,688.0634285762314,682.4134612479594,686.7106323242188,94676700
2026-01-15,690.8983886882239,691.7737417111902,687.5959315038539,688.5806884765625,77862000
2026-01-16,689.9931507530615,690.5800586110835,686.4519720383781,688.0037231445312,79289200
2026-01-20,677.8874730475171,681.1501633341576,672.9934983300664,673.9981689453125,111623300
2026-01-21,676.0572511802958,685.0991655259935,674.5452667925615,681.77685546875,127844500
2026-01-22,686.2033478813381,687.476610793547,683.2888434897402,685.3379516601562,77112200
2026-01-23,684.5123006998919,687.3074439470811,683.5274830754288,685.5865478515625,63059600
2026-01-26,686.8399050563427,690.4606777697717,686.272910918868,689.0680541992188,60473800
2026-01-27,690.5104039402848,692.8480177488461,689.9036431059924,691.8134765625,55506100
2026-01-28,693.3652237572153,694.1510864943795,690.271678492269,691.7438354492188,61172200
2026-01-29,692.7087686795362,693.375209936545,681.2098793986574,690.3711547851562,97486200
2026-01-30,688.1330315570439,690.5402826440542,683.487735152998,688.3120727539062,101835100
2026-02-02,685.9348095869553,693.2459322689688,685.7756213682558,691.7339477539062,79286500
2026-02-03,692.529690413304,693.2757257351432,680.4140840721383,685.885009765625,107904600
2026-02-04,686.7006659106327,687.7948875474046,678.1561081391175,682.5626831054688,105204600
2026-02-05,677.3404209861714,680.0758839506523,672.2176206040476,674.0379638671875,113610800
2026-02-06,677.8576866055596,688.6503070282812,677.2508650473027,686.96923828125,89127600
2026-02-09,685.7755944360715,692.1915108078678,684.7013472083629,690.2816772460938,73885200
2026-02-10,691.276360737094,692.8579216647231,688.0037135108784,688.4613037109375,65185700
2026-02-11,692.7087599208829,693.4547952732178,685.5368515439336,688.3021850585938,76353900
2026-02-12,690.5701102294341,691.6742279947084,676.7734344520502,677.668701171875,118829000
2026-02-13,678.0864377658819,682.6522007204912,673.9384983110481,678.1461181640625,96267500
2026-02-17,676.5446598627462,681.31927396984,672.2077222570326,679.2402954101562,81354700
2026-02-18,680.4041503420104,685.507036973797,679.2204384959671,682.662109375,73570300
2026-02-19,680.225062656192,682.5526587813481,677.9471293624403,680.8616333007812,58649400
2026-02-20,678.7131823752115,686.4122580979458,678.126274472082,685.7855834960938,100034000
2026-02-23,684.1940214696967,686.3525334522094,676.7734345413753,678.7827758789062,90558100
2026-02-24,678.295350173768,684.7112054782021,676.4053697086953,683.7164916992188,73798700
2026-02-25,686.53156929616,690.0130676270821,686.4519751919497,689.4859008789062,56369500
2026-02-26,689.615191050754,689.6350440416309,680.7323436648176,685.6561889648438,71671000
2026-02-27,679.4790749097389,683.2291046432514,678.0367277603054,682.3637084960938,83308900
2026-03-02,675.1123137702438,684.9798583327654,674.4359156260907,682.751708984375,87477200
2026-03-03,671.4915420947397,679.0016196644848,666.1200629162043,676.7337036132812,105003100
2026-03-04,678.026741603972,683.4579005621853,676.0273572426378,681.5082397460938,79182200
2026-03-05,678.474445192334,681.9062201445739,672.0386149612469,677.70849609375,106606500
2026-03-06,669.8502072585248,672.5359467168151,666.2195382406165,668.82568359375,100687000
2026-03-09,662.8673651303956,676.3258117079225,658.888509802078,674.6845703125,102667700
2026-03-10,674.1374043547928,679.7476047325034,671.1930903760745,673.6002807617188,81505300
2026-03-11,673.9982140650914,676.4849986405864,669.7806371390539,672.7548217773438,68441700
2026-03-12,667.6120785283837,668.0995392824933,662.3500644519811,662.5390625,108882200
2026-03-13,665.7321452917186,668.7859240392634,657.863924887251,658.7890014648438,97200200
2026-03-16,664.8468199428278,668.5173163233716,663.5934708305671,665.493408203125,82023100
2026-03-17,668.8355969918504,670.8747480492216,666.1598145596139,667.2440185546875,87128000
2026-03-18,664.8268919718373,666.1796881508768,657.6948111200146,657.9335327148438,82062600
2026-03-19,653.4971375917409,659.4753776238247,651.7066647804095,656.3121948242188,111272500
2026-03-20,654.8230422006715,655.0025723674255,643.063298812559,646.9034423828125,163617500
2026-03-23,656.3790129905765,660.9173090129275,652.2596206790361,653.6959228515625,134802700
2026-03-24,649.6463809650626,655.3417305137531,648.2100787416998,651.5015869140625,96457500
2026-03-25,656.9774239230809,659.1917509309695,652.5588148295345,655.1322021484375,90653800
2026-03-26,650.3844333840033,653.1672421520028,643.1630473705688,643.432373046875,96494400
2026-03-27,640.8489947137006,641.0085567819559,631.4831091918358,632.4606323242188,103649400
2026-03-30,638.4651675144013,638.7245091624994,627.6630399662237,630.3460693359375,99275900
2026-03-31,637.2981538716512,649.865752001465,636.3405988140365,648.6688842773438,152534100
2026-04-01,652.219751792706,656.8278752918841,651.3220400966815,653.5562744140625,97841500
2026-04-02,644.7589215344626,656.5086804928782,643.4522901873171,654.144775390625,68358700
2026-04-06,654.1746977251443,658.0247645183308,653.8356054757206,657.23681640625,39105800
2026-04-07,654.9626585699763,657.9150134208243,649.386996170508,657.5260009765625,69980400
2026-04-08,674.6519776493207,675.3402070755335,669.734652974974,674.27294921875,93606100
2026-04-09,673.1059235004034,679.4096297331154,672.0386657215836,678.162841796875,57134400
2026-04-10,679.5692561407437,680.2774536083281,676.7066358948267,677.7140502929688,42253500
2026-04-13,675.669302461078,684.536473353906,674.8414790590384,684.3369750976562,54185800
2026-04-14,685.9229138241225,692.7952238870419,685.8929616905456,692.675537109375,63480500
2026-04-15,693.4734516118131,698.480571570673,692.4161778504387,698.1414184570312,58240400
2026-04-16,699.2585607342904,700.9741726960574,696.7350934539525,699.8569946289062,49972400
2026-04-17,704.3255249385737,710.5594650064761,703.9464965121796,708.3152465820312,70661900
2026-04-20,706.9587079747221,708.0857482546458,704.3254772575062,706.8988037109375,43546800
2026-04-21,708.4548936431559,709.4523240430285,700.8345107773317,702.2708129882812,58941400
2026-04-22,707.3278031045794,709.6218808832724,706.4001392457644,709.3825073242188,42518500
2026-04-23,707.6768673789517,710.5295037064266,700.4754491270062,706.6295776367188,56174000
2026-04-24,708.9236633096505,712.6340752101273,707.1881441382454,712.10546875,45182000
2026-04-27,711.3374146094498,713.7911152864904,710.4696550399041,713.332275390625,33135900
2026-04-28,709.9908768700561,711.0481506026886,707.4274735730012,709.8612060546875,43117400
2026-04-29,709.1729992133655,710.3699278433978,706.5497524472755,709.7515258789062,41859200
2026-04-30,712.7936806635566,717.9403946619685,708.6244289610544,716.8132934570312,67240900
2026-05-01,719.3966516418469,723.0073446973263,718.6186267345964,718.7982177734375,43049800
2026-05-04,718.2196821209096,720.2644021704073,713.152718877996,716.1649780273438,51950600
2026-05-05,719.9153564929043,723.1769124909786,719.6360467603954,721.9102172851562,36933200
2026-05-06,726.288861980811,732.7023927493656,725.9497697512824,731.9443359375,53288900
2026-05-07,733.161188473549,734.238430329629,727.8748196364371,729.7001342773438,51724600
2026-05-08,733.0415191543954,736.1834492768152,732.6824588199246,735.724609375,47227100
2026-05-11,734.5576163199453,738.8864300819614,734.5576163199453,737.4002685546875,44024000
2026-05-12,734.9964788307154,736.9414802248905,729.9494836014034,736.2831420898438,54185300
2026-05-13,736.5723674930287,741.9983910774667,733.5800764180441,740.4025268554688,44200200
2026-05-14,741.7391534739264,747.6040491923611,741.649357949993,746.2474975585938,45307600
2026-05-15,739.8838927249178,741.5496453663399,736.0637780312098,737.2706298828125,60410800
2026-05-18,737.9289136337939,739.5147938000424,731.5054597381557,736.751953125,47843900
2026-05-19,732.8919551385734,735.7545755811656,729.650306265128,731.8446044921875,54255900
2026-05-20,733.8195334397973,739.9636778498481,732.0042028263388,739.3452758789062,45768000
2026-05-21,736.7419902854853,742.9559620700644,735.1361419849363,740.8114624023438,43332200
2026-05-22,744.3224328967863,747.015507083493,742.566945697205,743.7239990234375,41762000
2026-05-26,748.0827892360243,750.1973368284331,746.4469887578754,748.6613159179688,41123600
2026-05-27,748.9505199197505,749.4492351039673,746.2973210478585,748.5316162109375,42106300
2026-05-28,748.3221518516883,753.2095851254732,747.3047533704411,752.6609497070312,41562600
2026-05-29,753.9576670103595,756.1320579864754,752.7507543048832,754.5361328125,55075700
2026-06-01,753.4189990020213,758.3264003155792,752.7507376917755,756.5908203125,43634900
2026-06-02,755.0847737682097,758.4461093852723,754.805464031348,757.6182250976562,31581900
2026-06-03,756.2018667594974,756.8501599793441,751.6336185743088,752.3018798828125,51402500
2026-06-04,750.1673635570705,756.3614281257201,749.5389775481502,755.1445922851562,49923000
2026-06-05,750.3768677170906,750.8855669656407,733.6400171295905,735.65478515625,93989400
2026-06-08,741.4498108327123,743.4247643242134,736.2931129658897,737.3204345703125,49319100
2026-06-09,741.7191759970133,744.9807928982774,720.7332622187009,735.1560668945312,87683500
2026-06-10,731.5054857614351,736.4826536495077,723.4661992814284,723.56591796875,60341300
2026-06-11,726.8873842592473,738.0984921563339,722.5485255148498,735.8642578125,86330500
2026-06-12,738.8066884479139,742.5270843334097,733.1412911200548,739.843994140625,57079500
2026-06-15,749.9179969688896,754.7356026867302,749.8282623277308,752.890380859375,60176400
2026-06-16,752.6111046530555,753.4988323298886,747.9531216783239,748.4019775390625,67093100
2026-06-17,749.3594421826946,750.217278570044,737.3204502885575,739.0560302734375,85945200
2026-06-18,747.760009765625,748.22998046875,743.8599853515625,746.739990234375,80875700
2026-06-22,747.7000122070312,750.1799926757812,743.1300048828125,744.3900146484375,46628100
2026-06-23,733.8099975585938,739.6300048828125,732.2999877929688,733.5800170898438,66846800
2026-06-24,735.1699829101562,739.9500122070312,730.8400268554688,733.239990234375,57439500
2026-06-25,738.9099731445312,739.3699951171875,729.5999755859375,734.2999877929688,53934400
2026-06-26,728.9500122070312,736.530029296875,716.5800170898438,728.989990234375,71034000
2026-06-29,736.530029296875,741.5599975585938,732.0900268554688,741.0,58035200
2026-06-30,741.2899780273438,748.02001953125,740.8900146484375,746.77001953125,55626000
2026-07-01,745.0,749.4400024414062,742.3800048828125,745.760009765625,47100900
2026-07-02,747.4000244140625,751.3099975585938,740.030029296875,744.780029296875,57447800
2026-07-06,748.739990234375,752.4099731445312,747.4099731445312,751.280029296875,50673300
2026-07-07,750.219970703125,750.9600219726562,745.2100219726562,747.7100219726562,43721500
2026-07-08,743.1599731445312,746.1500244140625,739.510009765625,745.4000244140625,43767400
2026-07-09,747.3499755859375,751.969970703125,745.5900268554688,751.7100219726562,41441700
2026-07-10,752.0499877929688,755.4199829101562,748.0999755859375,754.9500122070312,42191300
2026-07-13,752.469970703125,753.9099731445312,748.0,749.1699829101562,44013600
2026-07-14,750.9099731445312,753.3400268554688,748.6599731445312,751.8300170898438,35143100
2026-07-15,754.239990234375,755.5800170898438,750.2000122070312,754.8099975585938,43844800
2026-07-16,752.760009765625,754.5700073242188,747.8800048828125,750.719970703125,46409800
2026-07-17,742.0800170898438,747.2899780273438,740.7999877929688,743.2899780273438,62651000
2026-07-20,747.0599975585938,748.72998046875,741.510009765625,742.0900268554688,50422300
2026-07-21,746.2899780273438,749.0399780273438,744.1799926757812,748.280029296875,34324300
2026-07-22,746.6199951171875,750.02001953125,746.3699951171875,747.4099731445312,32836200
2026-07-23,739.3699951171875,742.5599975585938,735.2100219726562,738.1799926757812,55437300
2026-07-24,738.510009765625,743.719970703125,737.2899780273438,738.9299926757812,44782000
2026-07-27,744.9099731445312,745.530029296875,735.8699951171875,739.0900268554688,41461200
2026-07-28,739.1900024414062,742.7899780273438,735.97998046875,740.8599853515625,47322200
2026-07-29,739.969970703125,742.6799926757812,729.0999755859375,729.4600219726562,70697200
2026-07-30,736.0499877929688,742.4500122070312,734.5900268554688,741.6900024414062,66811300
2026-07-31,744.6799926757812,748.9000244140625,737.6799926757812,747.030029296875,62445900
2026-08-03,749.4400024414062,758.5800170898438,748.7999877929688,757.6699829101562,59927500
2026-08-04,760.6300048828125,773.4099731445312,760.52001953125,771.3300170898438,69154800
2026-08-05,775.8499755859375,776.8499755859375,769.510009765625,769.7899780273438,44689100
2026-08-06,770.2100219726562,771.8200073242188,767.4600219726562,768.5599975585938,38416900
2026-08-07,771.02001953125,773.9199829101562,769.6099853515625,773.260009765625,43586300
2026-08-10,772.5999755859375,775.0499877929688,771.6199951171875,773.030029296875,39249500
2026-08-11,774.530029296875,774.6099853515625,769.2000122070312,770.5599975585938,36740600
2026-08-12,774.7100219726562,774.9000244140625,771.280029296875,772.489990234375,33179100
2026-08-13,774.8699951171875,779.3699951171875,774.1099853515625,777.8800048828125,35634500
2026-08-14,778.5399780273438,778.7999877929688,775.4299926757812,776.3400268554688,31367900
2026-08-17,776.1799926757812,776.780029296875,772.510009765625,772.6699829101562,34356600
2026-08-18,768.7000122070312,769.5,766.9199829101562,767.4500122070312,43920900
2026-08-19,770.3599853515625,772.469970703125,768.0999755859375,769.0599975585938,40306000
2026-08-20,765.9600219726562,768.1500244140625,762.0399780273438,762.5999755859375,45520300
2026-08-21,766.0499877929688,767.8499755859375,764.1699829101562,765.719970703125,39188700
2026-08-24,764.780029296875,765.219970703125,762.0800170898438,763.469970703125,32430900
2026-08-25,766.1599731445312,766.780029296875,763.0499877929688,765.9099731445312,27422300
2026-08-26,764.72998046875,767.3499755859375,763.9299926757812,766.0800170898438,28751600
2026-08-27,768.5,772.3599853515625,767.1599731445312,771.0999755859375,34557100
2026-08-28,771.760009765625,775.2999877929688,768.3099975585938,769.3499755859375,36744300
2026-08-31,767.3300170898438,768.0,764.719970703125,767.0499877929688,38810800
2026-09-01,762.010009765625,764.6699829101562,759.47998046875,761.780029296875,41126300
2026-09-02,762.4500122070312,766.4299926757812,761.72998046875,765.1599731445312,29566200
2026-09-03,767.9000244140625,774.030029296875,767.4500122070312,773.1699829101562,43531600
2026-09-04,772.010009765625,772.8699951171875,769.0,770.1900024414062,34054200
2026-09-08,769.0700073242188,769.7000122070312,765.1400146484375,765.9600219726562,44746100
2026-09-09,764.0800170898438,764.469970703125,760.9400024414062,762.4000244140625,32812400
2026-09-10,758.030029296875,760.1099853515625,756.6400146484375,757.8300170898438,42740400
2026-09-11,764.719970703125,766.3800048828125,763.5999755859375,764.2899780273438,45477300
