Date,Open,High,Low,Close,Volume
2015-01-02,56.4231713390372,56.91247984051236,56.154051196586686,56.77791976928711,10220400
2015-01-05,56.331404329525455,56.51489611550425,54.7411592944724,55.22434997558594,18502400
2015-01-06,55.19376947822324,55.90938374961587,54.44757635175294,54.93076705932617,16670700
2015-01-07,55.444521090453996,55.95217749698907,55.04695878815076,55.487335205078125,13590700
2015-01-08,55.81151296314572,56.43537658908397,55.65860470845217,56.41091537475586,15487500
2015-01-09,56.45375034720111,56.7473316914511,55.8849312430265,56.3314208984375,14488400
2015-01-12,55.805393415961305,55.86655578246701,54.93687567896775,55.248809814453125,15176300
2015-01-13,55.585232695098966,55.92163287708536,54.50264380592853,55.0469970703125,17469000
2015-01-14,54.40476020753073,54.97969679183391,53.37110348292209,54.8879508972168,23272100
2015-01-15,55.31000185172646,55.45067956990592,54.13566698584901,54.4109001159668,18759600
2015-01-16,54.42312287403166,55.774831653399566,54.42312287403166,55.732017517089844,17713100
2015-01-20,55.74424853458554,56.13569340267271,55.27940600383543,55.71366500854492,16761000
2015-01-21,56.11121957338625,56.26412784916556,55.66473002128921,56.19073486328125,14276400
2015-01-22,56.4598618270636,56.86354199772332,55.85434623746523,56.8023796081543,13559000
2015-01-23,56.44150498142524,56.56383440832509,55.53017291637618,55.59133529663086,14706300
2015-01-26,55.42007227636202,56.23354537103413,55.33444402075337,56.123451232910156,10672500
2015-01-27,55.805414510106345,56.02560284586844,55.41396961683846,55.6280403137207,12301500
2015-01-28,55.585210184793134,55.615793704003515,53.71361453558672,53.79312515258789,17829700
2015-01-29,53.958274504241174,53.98274038896777,52.61879648040019,53.566829681396484,22683000
2015-01-30,53.3099499861067,54.080604429887934,52.753361554762776,53.468971252441406,22679900
2015-02-02,53.73198014994583,54.796220699757036,53.517909445442335,54.79010772705078,20306300
2015-02-03,55.597460456548994,56.47209614505588,55.54241104039861,56.42316436767578,21900900
2015-02-04,56.05005461989233,56.435381777243315,55.35891092504023,55.93996047973633,19632200
2015-02-05,56.50879624913692,56.60054217097855,56.086767808500284,56.490447998046875,12809000
2015-02-06,56.75541086439673,56.86633368139155,56.05290125726749,56.38566970825195,12331200
2015-02-09,56.32406915589137,56.872519772241375,56.22546896793303,56.422664642333984,11360700
2015-02-10,56.533571461635375,56.533571461635375,55.64619352938235,56.08372116088867,12952900
2015-02-11,55.473643785780794,55.97279887285841,55.33191193133136,55.83106231689453,12240600
2015-02-12,56.36103225526389,57.10051943418001,56.08988648617649,56.921810150146484,14843000
2015-02-13,57.125169233299346,57.58734699312058,56.86635081616312,57.53805160522461,12061000
2015-02-17,57.15597786204776,57.353173500573206,56.87250942551211,57.340850830078125,11758700
2015-02-18,56.687630685469195,56.687630685469195,55.701652593235615,56.08372116088867,19177900
2015-02-19,55.2394716875345,55.72013568551146,54.58626212120827,55.11622619628906,19350600
2015-02-20,55.09157292820638,55.424341376878736,54.75264079487884,55.41201400756836,15959900
2015-02-23,55.00529744895259,55.18400668306962,54.68485168380701,54.85123825073242,12771800
2015-02-24,55.048445657579,55.32575039331869,54.925195451627765,55.103904724121094,9990700
2015-02-25,55.1963421353847,55.276451244469946,54.89438735335523,55.21482849121094,9925700
2015-02-26,54.92519707533976,54.95601080311715,54.27815110564748,54.6294059753418,13984000
2015-02-27,54.77729313238784,55.01762512738066,54.43836098482666,54.56161117553711,13090600
2015-03-02,54.438351018553476,54.54927381912872,53.82827796614621,54.253482818603516,13793700
2015-03-03,54.18571425870293,54.241173326510804,53.69272282667529,53.99468231201172,13493800
2015-03-04,54.204189966950395,54.204189966950395,53.56946679642014,53.72352600097656,13467600
2015-03-05,53.65575573243853,53.729705865439506,53.31682349974476,53.452396392822266,12527600
2015-03-06,53.24902498409045,53.366106780906705,52.57732441671533,52.76835632324219,16070500
2015-03-09,53.070327597402596,53.23054581862015,52.45409065006333,52.47874069213867,14503800
2015-03-10,52.269216851910066,52.70674451336352,51.91179829978819,51.92412567138672,17195500
2015-03-11,52.33701548834797,52.33701548834797,51.76391481483735,51.77623748779297,13004700
2015-03-12,52.02888811323492,52.20759740059925,51.80087873938767,51.899478912353516,10792900
2015-03-13,51.702301365964765,51.87484702753837,50.95049123923692,51.683815002441406,16799900
2015-03-16,51.58519947338907,52.29387297423693,51.31405368486964,52.23225021362305,13516200
2015-03-17,52.096654984012794,52.2876868704695,51.776209243780556,51.81318664550781,12979700
2015-03-18,51.48042283836171,53.22437411079885,51.41263641423775,53.03950119018555,18745700
2015-03-19,52.49720438653497,52.688236253261536,51.967240464474706,52.01654052734375,12738500
2015-03-20,52.17677352753549,52.626628501585024,52.00422795990469,52.09666442871094,36083500
2015-03-23,52.39246691967099,52.86080834937606,52.38630793485029,52.64512634277344,17450700
2015-03-24,52.565015558363356,52.860806671884525,52.07202410047476,52.084346771240234,10174300
2015-03-25,52.41095554592495,52.73139669778709,52.238405247136974,52.29386901855469,11934700
2015-03-26,52.565023554076696,52.73140549305149,51.81937256768193,51.96110916137695,14400700
2015-03-27,51.78854958628106,51.79471327169868,51.351021951918156,51.50508117675781,11579300
2015-03-30,51.9302738859104,52.88544282157219,51.91795121838218,52.76835632324219,15653200
2015-03-31,52.28770953449661,52.589664353990436,52.047377475907496,52.38014602661133,13354000
2015-04-01,52.81149952210624,52.99637246946593,51.924121598717036,52.047367095947266,14522300
2015-04-02,51.81936615477493,52.34317135670265,51.67147059382064,51.94878005981445,11297400
2015-04-06,52.47257441098029,52.77452918381789,51.88714651905401,52.46024703979492,10916400
2015-04-07,52.38629788954019,53.10113021742441,52.232238671291995,52.84231185913086,11836100
2015-04-08,52.873124510374346,52.9347472561202,51.77621894943594,51.80086898803711,16257100
2015-04-09,51.763904267098205,52.21375931332405,51.64681774105692,52.164459228515625,13281800
2015-04-10,52.60813412398192,53.02101162662565,52.23838830515305,52.725215911865234,13372400
2015-04-13,52.9470715334425,53.15043083194554,52.528030267518474,52.58965301513672,9880500
2015-04-14,52.74989340803529,53.90842213400164,52.70675700025032,53.38461685180664,15693800
2015-04-15,53.69886557607815,54.55543421158848,53.69886557607815,54.27812957763672,15332800
2015-04-16,54.15491272700943,54.327463058138356,53.680412245573315,54.06248092651367,9570800
2015-04-17,53.698890097702545,53.834462985637415,53.09498048973909,53.569480895996094,14430100
2015-04-20,53.692734480903596,54.29048519398906,53.66192544816135,53.760520935058594,11593600
2015-04-21,53.84678425366687,53.99468451020521,53.42158394528518,53.538665771484375,10100500
2015-04-22,53.63726164117556,54.10560301295941,53.20589297980388,53.896080017089844,8663600
2015-04-23,53.83447355702186,54.46303333181315,53.803659821343985,53.945396423339844,9866100
2015-04-24,53.72968906161494,53.83444819113342,53.403084303990425,53.5941162109375,8405700
2015-04-27,53.865262451867615,53.982344250114245,53.46470758035742,53.61876678466797,10534600
2015-04-28,53.748187519814,54.14257879160896,53.637264680777,54.10560607910156,9633800
2015-04-29,53.92073710958396,54.27199200898007,53.587968567811565,54.148746490478516,12534100
2015-04-30,54.64174261742339,54.64174261742339,53.74820070157786,53.84063720703125,13947700
2015-05-01,54.13641050243239,54.814270149346456,54.043974027509016,54.752647399902344,12257100
2015-05-04,55.10389659922267,55.387364978842044,54.81426453483589,54.912864685058594,10343700
2015-05-05,55.442849632372074,55.51679507139153,54.54930306492283,54.604766845703125,11895000
2015-05-06,55.245641166217425,55.4366731081358,54.09944011167796,54.3459358215332,11273500
2015-05-07,54.228848918563784,54.29047167021378,53.56331191710882,53.98235321044922,9992500
2015-05-08,54.51847188807038,54.88821303753248,54.11791701718903,54.83891296386719,11390300
2015-05-11,55.00666831975256,55.031522235072096,53.83856274213234,53.919334411621094,11997800
2015-05-12,53.98768687958219,54.341846912517966,53.6956592709439,54.068458557128906,9788900
2015-05-13,54.23002260920137,54.5096257114103,53.68325047794177,53.78266143798828,8629400
2015-05-14,54.012541559145376,54.26728592447787,53.900701297672526,54.03739547729492,8791300
2015-05-15,53.93177163011131,54.441265117705434,53.80750203533205,54.273502349853516,8422200
2015-05-18,54.24865018587631,54.34185119987578,53.91934404475859,53.96283721923828,6395400
2015-05-19,53.72672090807338,54.186506476918694,53.56517283346305,54.04981231689453,9777100
2015-05-20,54.29836223820461,54.30457690372688,54.00012465874774,54.13681411743164,7276600
2015-05-21,54.2300204342986,54.32943613075955,54.031193781778036,54.186527252197266,8357400
2015-05-22,54.04984405707544,54.11819117722362,53.74539172030772,53.757816314697266,7598400
2015-05-26,53.45957522674341,53.66461657407616,52.832026591150125,53.030853271484375,11289000
2015-05-27,52.99976879220756,53.36635341562755,52.670457935067404,52.8817138671875,10778300
2015-05-28,52.8817138671875,53.167526812667525,52.70152651756746,52.8817138671875,8038900
2015-05-29,52.875512518249295,53.17375486799578,52.73881830546555,52.937644958496094,14631300
2015-06-01,52.96871537007135,53.10540958755513,52.68911700914653,52.8941535949707,9077500
2015-06-02,52.88793551702094,53.17995842525023,52.757455986007656,52.900360107421875,9328300
2015-06-03,52.95627646997751,53.33528568823396,52.726381280831596,52.78229904174805,8179500
2015-06-04,52.62696525921541,52.745020185346796,52.05533936287432,52.32872772216797,12607300
2015-06-05,52.27280013025006,52.8133621315522,52.17960387174946,52.36600112915039,11388500
2015-06-08,52.30388036666834,52.94385343313132,52.14854691401613,52.72017288208008,12244700
2015-06-09,52.99356036957097,53.08054672233682,52.496491433422676,52.55241394042969,8105500
2015-06-10,53.33527083607371,53.41604723321524,52.81335291792335,52.94383239746094,10147000
2015-06-11,52.99976601614436,53.2482957015266,52.74501692610771,52.86928176879883,7759300
2015-06-12,52.55241795145866,52.61455038811924,52.10505682286078,52.2044677734375,8347300
2015-06-15,51.900019079601606,52.17962217437673,51.68876783236836,52.01807403564453,9563900
2015-06-16,52.073996929532804,52.6580523605489,51.81925247456743,52.614559173583984,9100100
2015-06-17,52.832011918594254,52.894144350117855,52.4467879989075,52.64561462402344,9090200
2015-06-18,52.68911463099221,53.40985946282794,52.6394067831687,53.11162185668945,10247800
2015-06-19,52.763645095128396,53.1115951142942,52.763645095128396,52.94383239746094,16129600
2015-06-22,53.05569673756081,53.18617627638953,52.79473765990335,52.919002532958984,9465100
2015-06-23,52.950073587927456,52.987352103500434,52.558630212806136,52.85687255859375,10223900
2015-06-24,52.74503873447872,53.02463711633859,52.60213458033766,52.614559173583984,11800100
2015-06-25,52.72018953362041,52.72018953362041,52.14856338500977,52.148563385009766,10259400
2015-06-26,52.08641750575877,52.254175558588734,51.87516153287546,52.10505676269531,19023300
2015-06-29,51.60176733133629,51.85029702696409,51.44643390136888,51.458858489990234,11739200
2015-06-30,52.030478472673266,52.751227781358374,51.44642806571761,51.6949577331543,14981100
2015-07-01,51.74467918812178,51.90001264137161,51.01771976460873,51.17926788330078,13529100
2015-07-02,51.440222274154465,51.74467448755502,51.291103499893026,51.65768814086914,9188000
2015-07-06,51.21032417606779,51.60797737850054,51.0239269039025,51.27867126464844,11694400
2015-07-07,51.06742584603267,51.71361355811312,50.63248934769358,51.489933013916016,15641500
2015-07-08,51.10471308934908,51.55828892047799,50.89346183950921,50.93074035644531,10057000
2015-07-09,51.48993662154344,51.663909336908176,50.68841540541225,50.70083999633789,11980500
2015-07-10,51.00528315229758,51.25381759009713,50.775392708163096,51.0860595703125,8628700
2015-07-13,51.01771140021756,51.32837825578317,50.9928574829243,51.210323333740234,8026700
2015-07-14,51.185481358696784,51.769536700355985,51.110924329821906,51.63905715942383,9310200
2015-07-15,51.32838406770495,51.8316629137796,51.19790454244118,51.42158508300781,9289200
2015-07-16,51.682559109225394,51.86896119384352,51.44645391039077,51.514801025390625,8267600
2015-07-17,51.26625196894415,51.47128851545481,50.81889088491982,51.32838439941406,12156000
2015-07-20,51.0425669683291,51.20411506576001,50.70083151999451,50.80024719238281,12957100
2015-07-21,50.905898211635396,51.21656523239714,50.59523119087365,50.73814010620117,8677100
2015-07-22,51.16685037545958,51.24141215679266,50.68842531467751,50.818904876708984,13181500
2015-07-23,50.781628577923456,50.93074740671163,50.309413422958464,50.4150390625,10496100
2015-07-24,50.42746171190553,50.42746171190553,49.53273937698078,49.66943359375,14888500
2015-07-27,49.22829372231089,49.787490516545816,49.06674555888194,49.24693298339844,14996100
2015-07-28,49.52031117632722,51.36567366409246,49.439539473845144,51.247623443603516,19777300
2015-07-29,51.06120830342302,51.69496664933441,50.893450274928945,51.65768814086914,13913800
2015-07-30,51.68254898543365,51.76953534377568,51.21033393986192,51.57692337036133,11139900
2015-07-31,50.74433537659022,50.74433537659022,49.0418819218633,49.21585464477539,26232700
2015-08-03,48.89896933283099,49.04187819602371,48.23414234055349,48.50131607055664,15767700
2015-08-04,48.38948407007678,48.843059918269184,47.79921874117593,47.94833755493164,18874400
2015-08-05,48.38327414395478,48.60695473478916,47.780579482006665,47.94833755493164,16544400
2015-08-06,47.805428354656044,48.625588854223786,47.78678909745695,48.51995849609375,13005200
2015-08-07,48.18443688901345,48.44539594083373,47.60659627975392,47.73707580566406,12187600
2015-08-10,47.89861829859012,48.930034637451165,47.89861829859012,48.93003463745117,14876000
2015-08-11,48.29663951620313,48.96141446173417,47.87017894356367,48.5976676940918,14486400
2015-08-12,48.56629675082521,49.4631177346247,48.26526389003897,49.41294479370117,16492400
2015-08-13,49.11817072896702,49.726504305977386,49.08681145365063,49.325130462646484,13154100
2015-08-14,49.318861427621634,49.72023530169097,49.07427437263419,49.14326095581055,9129300
2015-08-17,48.87359673868465,49.65753098331596,48.57256388345406,49.40039825439453,9365400
2015-08-18,49.24988323336622,49.337683484227114,48.65409513327374,48.85478210449219,9815300
2015-08-19,48.610177869180205,48.65407797913264,47.61928420482178,47.807430267333984,17010100
2015-08-20,47.663197374186865,47.7760840856738,46.766376495361335,46.76637649536133,17811200
2015-08-21,46.47161061810939,46.96705752351193,45.19850245657996,45.23612976074219,25488800
2015-08-24,42.639752595646065,44.76578200902582,41.7366635464859,43.097572326660156,35531200
2015-08-25,44.72186755064327,44.80339975298699,42.77143927774536,43.091285705566406,30409700
2015-08-26,44.29542180832981,45.62497609894851,43.367246279869114,45.46818923950195,34436000
2015-08-27,46.28347284305391,46.9670611061656,45.7880258998586,46.94197463989258,24571000
2015-08-28,46.85418260345647,47.65066249662009,46.66604125060065,47.0799560546875,18997300
2015-08-31,46.584512047796714,47.38099199264695,45.96991022326011,47.18657302856445,19570100
2015-09-01,45.96990108480844,46.00125558037525,44.847306792821776,45.20478057861328,24092900
2015-09-02,45.81938381662858,45.932270530912206,45.154609157377536,45.926002502441406,16936900
2015-09-03,46.18312574168685,46.979605474083314,45.99497964205273,46.277198791503906,13451900
2015-09-04,45.73786385823563,45.86956424896335,45.31140339955548,45.4431037902832,14902500
2015-09-08,46.233294812183146,46.233294812183146,45.762934387129334,46.09532165527344,13626900
2015-09-09,46.64094275746417,46.83535687406159,45.06052900622469,45.15460205078125,17246200
2015-09-10,45.662609132714394,45.76922784690457,45.02919358624739,45.480735778808594,12353900
2015-09-11,45.40547940572282,45.60616641189623,45.1608922664726,45.58735275268555,12172300
2015-09-14,45.349015922500676,45.51834835873886,45.00408780732761,45.4619026184082,10738500
2015-09-15,45.43055373969811,45.97616885003209,45.41174008551478,45.69395446777344,11979800
2015-09-16,46.10160650985249,46.8479086589187,46.01380625702117,46.59705352783203,15214200
2015-09-17,46.66602938881994,47.33080394582755,46.31482367353438,46.697383880615234,15603000
2015-09-18,45.94482809589637,46.13296947875364,45.229880314575986,45.58108139038086,23180200
2015-09-21,45.84445579252186,46.16430217934206,45.61241440883625,46.026329040527344,10853000
2015-09-22,45.37411102985191,46.10787230064775,45.16715125047215,45.61869812011719,14245200
2015-09-23,45.70022815459533,45.90718313932353,45.33648155091449,45.34275436401367,13784800
2015-09-24,45.15462599027134,45.875846667900554,44.97902543253686,45.61244583129883,14584200
2015-09-25,45.96362981228443,46.114143836411074,45.631242482658905,45.926002502441406,15175300
2015-09-28,45.543448490722355,46.07025003988531,45.40547528934486,45.53090286254883,14571900
2015-09-29,45.562244911672416,45.90090497291164,45.242398500820904,45.76293182373047,13754400
2015-09-30,46.03260713252243,46.6283950805664,45.98870701829554,46.628395080566406,18176500
2015-10-01,47.161484703443094,47.399803788486814,45.96990841724515,46.446537017822266,14397800
2015-10-02,46.02634093128739,47.60048202709313,45.8005675157633,47.58793640136719,18811300
2015-10-05,48.07084345578874,48.38441711853393,47.53149637308666,48.17118453979492,18486700
2015-10-06,48.265267236288125,49.26870220055242,47.82626593465854,48.848514556884766,18757900
2015-10-07,49.52582943006411,49.726516400540966,48.622735670540834,49.67007064819336,18666300
2015-10-08,49.73905071369195,50.24077046640147,49.25614939913123,50.19059753417969,14344700
2015-10-09,50.203157346110864,50.278411980954964,49.30633626442634,49.70771026611328,17384700
2015-10-12,49.91465661166977,49.91465661166977,49.36904146496358,49.7327880859375,9931800
2015-10-13,49.36903884121084,49.88957227617271,49.22479284926493,49.64498519897461,12326600
2015-10-14,49.52581849461279,50.472812170305204,49.40665898744348,50.272125244140625,14486000
2015-10-15,50.29095481306741,51.13133008712696,50.10908148104961,51.0999755859375,13640900
2015-10-16,51.589146252804106,51.73966028845734,51.08115360724773,51.72711944580078,14304400
2015-10-19,51.43236428922781,51.532705394276825,50.64842996796369,50.79267120361328,14155800
2015-10-20,50.51672508524952,50.83656681486763,50.29721966700519,50.692325592041016,12340100
2015-10-21,50.711121047729414,50.89299430298854,50.24076066560337,50.30347442626953,10274900
2015-10-22,50.59824646887334,52.02814160703924,50.58570562764135,51.9842414855957,14823500
2015-10-23,51.68322135122784,52.05323603357927,51.357102012277494,52.04069519042969,13215700
2015-10-26,51.75220128485676,51.88390644929389,50.905553252754174,50.936912536621094,12576400
2015-10-27,50.52926267489886,50.89928210589185,50.00246118843993,50.855377197265625,13579400
2015-10-28,50.99333954983091,51.78981920841985,50.7550253258318,51.6016731262207,12473000
2015-10-29,51.29439278153728,52.19121386614837,51.29439278153728,51.57033920288086,10341200
2015-10-30,51.720854776438095,52.605130257994546,50.96200688021759,51.89018249511719,18758600
2015-11-02,51.614216362693696,53.89075897127744,51.482511240394466,53.48311233520508,21266500
2015-11-03,53.721444637037884,54.837766161528904,53.67127170037985,54.46774673461914,20115900
2015-11-04,54.41757662419101,54.61199556764958,53.74652911199071,53.92213439941406,14245400
2015-11-05,53.65247381846057,54.0789343359186,52.993966989306436,53.18838119506836,12291100
2015-11-06,52.63646808976701,52.97512817382812,52.191194123155285,52.975128173828125,12491700
2015-11-09,52.86126794586503,52.88657310593625,51.74786986152609,51.84275817871094,13551200
2015-11-10,51.83011297005733,52.26029107948799,51.785830142312975,52.09580993652344,14238000
2015-11-11,52.140099147337835,52.228664813668885,51.494834317430666,51.634010314941406,9598000
2015-11-12,50.96973478373139,51.418890364832734,50.17896689591971,50.235904693603516,16050600
2015-11-13,50.153685289212966,50.34347160196949,49.305984032224366,49.40719985961914,17527300
2015-11-16,49.30598163542778,51.23545319781627,49.28700397036793,51.17852020263672,14548100
2015-11-17,51.05831554874034,51.16585885503667,50.37509073262438,50.58385467529297,10011700
2015-11-18,50.539590908794246,51.17853314401862,50.34980455727258,51.07731246948242,10884600
2015-11-19,50.93179484670095,51.102598638392415,50.63446525888098,50.798946380615234,9453300
2015-11-20,50.96974155590765,51.20381061932697,50.38773747150075,50.47630310058594,10144400
2015-11-23,50.35611874435642,51.05832130230425,50.014506297803464,50.78629684448242,11868400
2015-11-24,50.83058143529189,52.095810617633774,50.73568828132299,51.79848098754883,15055500
2015-11-25,51.431565519829206,51.981937096606075,51.30503971229092,51.399932861328125,8980400
2015-11-27,50.976090460303325,51.40626862215483,50.90017496357653,51.387290954589844,4156600
2015-11-30,51.507478411576734,52.285596475666644,51.39993509035497,51.65930938720703,17729200
2015-12-01,51.72255617469873,51.95662042045558,51.412571634778345,51.80479431152344,13917000
2015-12-02,51.437899428390985,51.6466634365899,50.242258038113,50.324501037597656,16300000
2015-12-03,50.432021519593924,50.51425965533746,49.35657412709541,49.60329818725586,14870300
2015-12-04,48.9327246552314,49.963889253690084,48.730288232923904,49.88797378540039,20156400
2015-12-07,48.92009335083929,49.027636685862674,47.92056101876255,48.584808349609375,17676100
2015-12-08,47.61687839950136,48.300103032876,46.68061189580807,47.212005615234375,24217600
2015-12-09,47.34486517867512,48.83151306194981,47.27528202649938,47.84463119506836,22036300
2015-12-10,47.9521830462983,49.02762581091924,47.775046924621115,47.88259506225586,20142400
2015-12-11,47.33223308600474,47.78771645595303,47.02857589721679,47.0285758972168,20473100
2015-12-14,47.00325131214636,48.2178697878809,46.870398042379186,48.09767150878906,21976500
2015-12-15,48.98333306230165,50.35610514850978,48.920072587753154,50.24856185913086,24366800
2015-12-16,50.00184223690293,50.36243224810679,49.343922688546535,50.07143020629883,17233900
2015-12-17,49.98920783668783,50.12206116132193,49.312310349949534,49.31863784790039,17362900
2015-12-18,49.07191324638461,49.83737631632206,48.749278456091545,48.88845443725586,28836000
2015-12-21,49.211101386424474,49.407210412082755,48.48992096626519,48.875816345214844,14460500
2015-12-22,49.154152095341225,49.280677910206684,48.84417229523694,49.12252426147461,13855800
2015-12-23,49.77410193391912,50.74832870375232,49.546360360375516,50.72935104370117,15184200
2015-12-24,50.77996086278083,50.77996086278083,50.05245809090975,50.185306549072266,5848300
2015-12-28,49.41985478689738,49.88798824419817,49.28700629873634,49.81207275390625,9715800
2015-12-29,50.602832788297356,50.659770603379826,49.87532514391105,50.07776641845703,8839000
2015-12-30,49.546369283737405,49.97021985609876,49.3249551658222,49.41352081298828,9314600
2015-12-31,49.03396210549046,49.622293913841276,48.98335177593053,49.31230926513672,10285500
2016-01-04,49.02762449549816,49.305976424199685,48.36970482631817,49.0023193359375,20400100
2016-01-05,48.83151391366837,49.43249574718035,48.660705298946084,49.41984558105469,11993500
2016-01-06,48.48357670572737,49.11619122936835,48.45194404895901,49.00864791870117,18826900
2016-01-07,48.116641660201346,49.337587440756785,48.01542588291627,48.22418975830078,21263800
2016-01-08,48.30012243906118,48.48990874451743,47.12978642599089,47.24998474121094,19033600
2016-01-11,47.45241778681746,47.52200577202679,45.902509274796785,46.617366790771484,21353000
2016-01-12,46.88938518908602,47.71178108553047,46.27574839488703,47.57260513305664,21864100
2016-01-13,47.98380168168834,48.74926453300494,47.40812508256737,47.85728073120117,26052700
2016-01-14,48.211549251462586,50.558548408170054,47.95217982275774,50.052459716796875,33806700
2016-01-15,48.287467476119694,49.45147587636481,48.268489812751795,49.0782356262207,28342100
2016-01-19,49.2996522702062,49.49576123701535,47.56628974773776,48.33175277709961,22684500
2016-01-20,47.4903643800284,47.90156471887285,45.26356374228675,46.29472351074219,33300800
2016-01-21,46.28208884392398,47.43976995362253,45.93414886536069,46.87674331665039,22265600
2016-01-22,48.344392151335974,48.56580622998948,47.26894958275329,48.43928527832031,22530300
2016-01-25,47.92054485610424,48.293785066993024,46.75020908233732,46.800819396972656,17086600
2016-01-26,47.30058769372894,48.56581679142518,46.97163025197295,48.52153396606445,18724700
2016-01-27,48.07870284283863,49.008646946375414,47.268957040877964,47.629547119140625,18106100
2016-01-28,48.93272433447959,49.12883808632619,47.838304092650894,48.70498275756836,16157700
2016-01-29,48.54052105282515,49.249046325683594,48.236863916981214,49.249046325683594,25161900
2016-02-01,48.496230359693335,48.57846850796779,47.72443988993147,48.26216125488281,16754200
2016-02-02,46.933676022767465,47.8383150418669,46.52880308813922,47.18671798706055,21404200
2016-02-03,47.78136385642423,49.67920701657219,46.97794570893941,49.647579193115234,25873700
2016-02-04,49.71085680501169,50.609168385502414,49.06558720527534,50.501625061035156,23658700
2016-02-05,50.22958912471691,50.67241731644309,49.70451796419494,50.659767150878906,26719900
2016-02-08,50.16634625315563,51.73522796294408,49.91962691309642,51.34300994873047,26601200
2016-02-09,51.055725602525555,51.49618802201335,50.23224560745425,51.11956024169922,18418100
2016-02-10,50.92166138866104,51.9940997774427,50.608868279095226,50.6535530090332,16610900
2016-02-11,50.00882964986764,51.16425785184348,49.52368237384191,50.81315994262695,19331600
2016-02-12,51.11959169173205,51.7515632878161,50.947232702625804,51.72602844238281,16767200
2016-02-16,52.15370211724454,52.24945652593536,51.247237438217404,51.847293853759766,15912200
2016-02-17,52.121791120300564,52.8431319618007,51.808997907471365,52.34521484375,17006700
2016-02-18,52.919736238218356,53.02187070980564,52.25584512694942,52.63247299194336,14873700
2016-02-19,52.466505485544495,52.69631414154587,51.64941020654938,52.66439437866211,13615900
2016-02-22,52.664396831490855,53.264453335694355,52.47288798581289,52.59417724609375,14595200
2016-02-23,52.33882304369819,52.581401514675974,51.630247277906406,51.853675842285156,11041600
2016-02-24,51.01104646608638,52.19838452177442,50.85783747093133,52.038795471191406,13777500
2016-02-25,52.064329807105935,52.38989283086591,51.081260680458904,52.351593017578125,13706400
2016-02-26,52.91334116479257,53.03463039242318,52.147315728834144,52.18561553955078,14343300
2016-02-29,52.268595103506364,52.60054299897627,51.10040715557203,51.164241790771484,18903600
2016-03-01,51.42597993197081,52.198390439934585,51.272775789717066,51.885597229003906,15730600
2016-03-02,51.67491872509799,52.80481162652671,51.26637125516614,52.79204177856445,14094400
2016-03-03,52.76653706031751,52.804836881982254,52.05157621085086,52.600563049316406,13216200
2016-03-04,52.76653186165127,52.9644207477858,52.192010241921494,52.530338287353516,18402700
2016-03-07,52.543117238395176,53.915584564208984,52.47928256818194,53.915584564208984,18945600
2016-03-08,53.621929187065504,53.755983425600526,52.651629754219265,52.747379302978516,14003900
2016-03-09,53.12401504991467,53.52617778821147,52.49842369784731,52.600563049316406,14139300
2016-03-10,52.61332147793123,52.76653048604631,51.66217201967421,52.46011734008789,15898300
2016-03-11,53.124005456575475,53.32189432647088,52.35159501409659,52.46649932861328,15370200
2016-03-14,52.01327725548606,52.75376808488079,51.719629050257765,52.60694885253906,13344600
2016-03-15,52.08985711754892,52.88780224762862,52.03878746035888,52.86865234375,9213000
2016-03-16,52.99633853922563,53.08571290298247,52.30691742809671,52.90058898925781,11492100
2016-03-17,53.41764444638855,54.05600061574297,52.80482310824083,53.685752868652344,13673900
2016-03-18,53.998569525640725,54.00495445378859,53.143174224207435,53.749610900878906,19637000
2016-03-21,53.51977920721948,53.711288007230166,53.302740446127046,53.37934494018555,8385400
2016-03-22,53.03463345283021,54.17090669218886,52.989948714325244,53.698524475097656,13005100
2016-03-23,53.53254179423189,53.81342003072974,53.315498192318884,53.46232223510742,12748900
2016-03-24,52.94526650823398,53.64107245113093,52.93888158235038,53.60915756225586,9368300
2016-03-28,53.64106277120257,53.85172145490325,53.43040408750189,53.762351989746094,7490400
2016-03-29,53.41125278437637,54.0113090663725,53.08569468566271,53.96023941040039,9977900
2016-03-30,54.27943959715313,54.29220945149062,53.62193333667323,53.95387649536133,10807000
2016-03-31,53.66662364097392,54.32412996950779,53.36021041870117,53.36021041870117,13896900
2016-04-01,52.60058309244969,53.23255474208858,52.59419816298185,52.95806121826172,12235300
2016-04-04,53.02187290641864,53.558094732850336,52.843133921032106,53.08571243286133,8050200
2016-04-05,52.734595263292086,53.06653827633864,52.338812747112854,52.479251861572266,10446800
2016-04-06,52.78567218970351,53.27720428775704,52.536713678053275,53.18144989013672,9320200
2016-04-07,52.830364185509005,53.09208771334657,52.377131836114856,52.58140563964844,8267100
2016-04-08,53.17508460752463,53.270834161473786,52.88782133486019,53.11763000488281,9376200
2016-04-11,53.19422443386692,53.775126055545776,53.16230467508693,53.18783950805664,9925000
2016-04-12,53.42403576847555,54.02408732773144,53.219761964634294,53.8453483581543,9986100
2016-04-13,53.94112037606808,54.20284886000264,53.64747699158973,54.15177917480469,9235700
2016-04-14,54.26027760172131,54.83479916214675,54.107073475698314,54.53477096557617,10625800
2016-04-15,54.45179338774329,54.681602041354125,54.11984539018453,54.24113464355469,11280200
2016-04-18,54.24111944968298,54.809255998000495,53.53254377791247,54.75818634033203,9097000
2016-04-19,54.80289851006521,55.09654188326431,54.400735712693795,55.03270721435547,10354500
2016-04-20,55.04546935630116,55.81787994348151,54.87949534417913,55.409332275390625,15247100
2016-04-21,55.27525706036267,56.073202253198055,55.26249208019652,55.402931213378906,12075300
2016-04-22,55.69019654210612,55.94554000999713,55.42208809244278,55.87532043457031,9150800
2016-04-25,55.59444114630563,55.792334887301976,55.1220589047665,55.747650146484375,8076400
2016-04-26,56.01576390066063,56.13705315306361,55.57529650637354,55.93915939331055,9425900
2016-04-27,56.14342729184382,56.63496430589012,55.74764955459616,56.468990325927734,10463500
2016-04-28,56.085980575729394,56.67326715750406,55.856171935857276,56.19449996948242,11276200
2016-04-29,56.60942972755792,57.31162059479842,56.00937332287369,56.43069076538086,17885900
2016-05-02,56.3285574767791,57.120122780316954,56.2264230032635,56.89669418334961,10273700
2016-05-03,56.430687384034044,56.57750657833712,55.7667963712488,56.24556350708008,10137400
2016-05-04,56.36685160947922,56.6477250117493,55.919999369502776,56.13704299926758,10601100
2016-05-05,56.66049921372755,56.7945534349339,55.93277351559511,56.20088195800781,8721100
2016-05-06,55.83064325680318,56.60943874775847,55.83064325680318,56.500919342041016,7968400
2016-05-09,56.55836881288845,56.66050816152104,55.6838237740149,56.53921890258789,11159500
2016-05-10,56.74986895390265,57.4520598221187,56.69879928741784,57.445674896240234,12509100
2016-05-11,57.39419065025574,57.7289235489078,57.110951720563094,57.16888427734375,11660200
2016-05-12,57.806163855692965,57.889845840954564,57.387744106979255,57.722476959228516,10720500
2016-05-13,57.47142299719616,57.71604017528444,56.975759876842794,57.07231903076172,9721100
2016-05-16,57.419948139942136,57.72249799018643,57.291205821678645,57.65812683105469,8638700
2016-05-17,57.46500487749129,57.87699107502622,57.394200044682144,57.63237380981445,9835600
2016-05-18,57.80616076877259,57.93490303325434,57.065880469996046,57.516483306884766,9680300
2016-05-19,57.040140173969654,58.037910072777414,56.937142416919635,58.00572204589844,14397900
2016-05-20,58.185963588862215,58.19240217652066,57.53580374905466,57.76754379272461,13191900
2016-05-23,57.291182233455906,57.87053224951789,57.175312230243506,57.67741394042969,11766100
2016-05-24,57.86409640444265,58.19239558096606,57.645233560895605,57.722476959228516,10056600
2016-05-25,57.838340208991504,58.17307793332645,57.67097134682404,58.10226821899414,9578400
2016-05-26,58.095844021282105,58.231024897250364,57.46499502222674,57.80617141723633,7867900
2016-05-27,57.54867868809252,57.96709846797079,57.49717981123297,57.941349029541016,7505900
2016-05-31,57.934907001002486,58.063649274301326,57.11738325202873,57.30405807495117,13178800
2016-06-01,56.92426232865191,57.58085575038526,56.73114401632891,57.445674896240234,7994800
2016-06-02,56.78266823848118,56.98865890502929,56.396436352604084,56.9886589050293,9837500
2016-06-03,56.93070710968612,57.1817579962998,56.66677904820837,56.88564682006836,9367100
2016-06-06,57.207514467038976,57.61305712344999,57.09164443503528,57.51005935668945,8573000
2016-06-07,57.773976945367366,58.52712956084111,57.74822750835934,58.39194869995117,12889100
2016-06-08,58.59795029700744,58.771757801674184,58.2760896407249,58.443458557128906,9983000
2016-06-09,58.050781277501464,58.597943346035876,58.00572098741518,58.36620330810547,8974300
2016-06-10,58.19237394515251,58.527106672948776,57.793265194409905,57.92201232910156,10353800
2016-06-13,57.88340905553092,58.85542944149596,57.74178960590917,58.314701080322266,11370000
2016-06-14,58.22457651632366,58.49494313398901,57.83834480549086,58.21170425415039,10161000
2016-06-15,58.082959299659144,58.51425127494317,57.93490127990365,58.037899017333984,10655800
2016-06-16,57.74180519751401,58.8296958895428,57.362011944796464,58.72026443481445,12824800
2016-06-17,58.89404722373573,58.95841835713502,58.05721266713966,58.39838409423828,17483200
2016-06-20,58.76529993882788,58.95841332253533,58.623680510721066,58.65586853027344,9388500
2016-06-21,58.39839477363288,58.99061716713112,58.0958449890056,58.91980743408203,8557500
2016-06-22,59.1193527868028,59.17729024876182,58.58506792208637,58.68806076049805,8785400
2016-06-23,59.1772679246089,59.267388465923,58.700915790348525,59.09358596801758,9464500
2016-06-24,57.85767367603584,58.44990105573108,57.387759836699914,57.54225158691406,20010500
2016-06-27,57.22680686746915,57.355549123202486,56.71826660827864,57.20105743408203,14169400
2016-06-28,57.761118605828486,58.533582257460495,57.62593280114897,58.52070999145508,13254300
2016-06-29,58.84254748950395,59.67294337791234,58.65586778312308,59.51845169067383,13920600
2016-06-30,59.43479319792216,60.400375219246214,59.415482343288346,60.342437744140625,14073700
2016-07-01,60.09781207367534,60.49692098868876,59.91113233493695,60.406795501708984,9946300
2016-07-05,59.943305171315224,60.252288521059135,59.38326609700191,59.878929138183594,10744100
2016-07-06,60.09138517030623,60.58705334465611,59.5056013138611,60.5677375793457,13144400
2016-07-07,60.728665665716846,60.82522484388154,59.44766164159635,59.84033203125,12240700
2016-07-08,60.11712491587033,60.36817580116681,59.81457515379427,60.21368408203125,9807600
2016-07-11,60.34886714988604,60.773725531998856,60.28449600716684,60.438987731933594,8335700
2016-07-12,60.941096705280934,61.121337890625,60.567737157808814,61.121337890625,9870800
2016-07-13,60.92820650203684,61.10200904782031,60.58059649926739,61.07625961303711,9458200
2016-07-14,61.18571395213699,61.49469743809712,60.9089135857289,61.121337890625,9293500
2016-07-15,61.43676072487319,61.507570458788564,60.92178173479837,61.230770111083984,10334500
2016-07-18,61.102006932350754,61.250064949427475,60.76727411416326,61.037635803222656,9865900
2016-07-19,60.99900420593493,61.114874184037106,60.63851710117175,60.81232452392578,5901800
2016-07-20,60.67073136880012,60.78016280902578,60.38105875380191,60.46474075317383,7383800
2016-07-21,60.43898414849503,60.677162764758144,60.16218383113096,60.41323471069336,6854600
2016-07-22,60.58061031229382,60.69648033963657,60.32955940491846,60.516239166259766,7139700
2016-07-25,60.168629709490205,60.26518888514652,59.06786689389699,59.35110092163086,10845900
2016-07-26,58.984178579252955,59.24166807114023,58.649445677642,58.91980743408203,12143500
2016-07-27,58.90694181727108,59.100055274577024,58.34046388895043,58.52070999145508,10037900
2016-07-28,58.2825121488924,58.404820736120165,57.68385129692873,58.06364440917969,12439200
2016-07-29,56.396429847712405,57.29764075161452,55.437286377652995,57.25901412963867,23928100
2016-08-01,56.698970917201265,56.74403120987319,55.09610141100645,55.2699089050293,22908400
2016-08-02,55.649697167929325,56.20973639397514,55.08966285308663,56.02949523925781,18919200
2016-08-03,56.01020362473183,56.31918716430664,55.74627547810707,56.31918716430664,14632900
2016-08-04,56.32559732845615,56.4221564775454,56.02304761987092,56.31272506713867,13451400
2016-08-05,56.47367127679815,56.53804242394971,56.100311747633896,56.364234924316406,9617300
2016-08-08,56.67966606829514,57.22038963763159,56.66678889119432,57.02727127075195,10492700
2016-08-09,57.04657427403381,57.136694848761586,56.763335375630525,57.09806823730469,9654600
2016-08-10,56.987700953376226,57.078590033598246,55.83860046595017,56.09828567504883,12714800
2016-08-11,56.28005450863159,56.65659279868628,56.00089382190329,56.299530029296875,11616000
2016-08-12,56.455345134449985,57.117542625786875,56.41639408898891,57.03314208984375,9986900
2016-08-15,57.40321347380768,57.455151522681575,56.89682987999968,57.00719451904297,6432600
2016-08-16,57.02017525339747,57.24739800094101,56.72153893475676,57.0786018371582,6817900
2016-08-17,57.07860988566639,57.247406073250716,56.90981865116718,57.201961517333984,7104600
2016-08-18,57.37723909379538,57.74080044889292,57.20844788033761,57.7213249206543,10342700
2016-08-19,57.53953147305455,57.61094503254368,56.99419696759236,57.00069046020508,8615300
2016-08-22,56.68257908010313,57.19545607723832,56.38394278172392,57.12404251098633,8235400
2016-08-23,57.0266516373105,57.143509733005125,56.84487347802627,56.94874954223633,6514800
2016-08-24,56.80593298995567,57.23441440484608,56.70855039992746,57.14352035522461,7985400
2016-08-25,57.143513157985694,57.15000665065886,56.63712969731926,56.77995681762695,6935300
2016-08-26,56.89032480079786,57.20194807749904,56.48132389364377,56.65660858154297,6474400
2016-08-29,56.50728781294489,57.07859132340498,56.50728781294489,57.02665328979492,7027200
2016-08-30,57.04614402041472,57.29284229477761,56.721538681634115,56.81891632080078,6441100
2016-08-31,56.572212219238274,56.61765676386319,55.97493964614405,56.57221221923828,12491400
2016-09-01,56.299535501319944,56.377437591552734,55.8905297152656,56.377437591552734,8434700
2016-09-02,56.753990173339844,56.85786624811972,56.43587836222324,56.753990173339844,7099600
2016-09-06,57.02662745699406,57.545997651655284,56.90977436393061,57.500553131103516,9851200
2016-09-07,57.55251368256954,57.56549571363413,57.11105033012553,57.28633499145508,7470400
2016-09-08,57.48761234614088,58.0199649486863,57.156513485690425,57.812217712402344,9579500
2016-09-09,57.5590054596359,57.5590054596359,56.351473530197175,56.377437591552734,12820200
2016-09-12,56.33847605645945,56.942241908760266,56.24109350871762,56.66957473754883,10889000
2016-09-13,56.13073068323811,56.13722417411198,55.23482211285364,55.319217681884766,13214300
2016-09-14,55.20887586738476,55.72175289009074,54.70898087869727,54.923221588134766,13957000
2016-09-15,54.96867305199229,55.60490176679219,54.87129044880757,55.2348518371582,9062600
2016-09-16,54.86480404630211,55.21537845958248,54.248050837479475,54.55318069458008,21538400
2016-09-19,54.910228675382875,54.93619769135923,54.41033378573382,54.42332077026367,7929100
2016-09-20,54.35842366004984,54.50124587860237,53.58586120605469,53.58586120605469,17522000
2016-09-21,53.767619451935666,54.286989891513066,53.43652067287798,54.07924270629883,15055900
2016-09-22,54.71546077536827,54.89075038610623,54.13117032804691,54.23504638671875,10738500
2016-09-23,53.67672296118385,54.73493426592824,53.61829144207958,54.176612854003906,12667100
2016-09-26,54.22205233784063,54.85828073159889,53.83902056583331,53.92341613769531,10860300
2016-09-27,53.61829158253077,54.10519944631583,53.4235314088665,54.040279388427734,9595000
2016-09-28,54.18311124508927,56.63063776234293,54.105204196933315,56.41639709472656,28117900
2016-09-29,56.46184370955878,56.61115936599096,55.624361485166745,56.13074493408203,19082900
2016-09-30,56.377439352231804,57.007174351056534,56.25409272115006,56.66309356689453,15961500
2016-10-03,56.44235370225936,56.611144839864494,56.182668551913096,56.51376724243164,7111200
2016-10-04,56.7280292209798,56.805936288142554,55.87756478839581,55.994422912597656,8222000
2016-10-05,56.370954819647835,56.591684035332634,56.28655427581719,56.481319427490234,8796200
2016-10-06,56.64362351489112,56.786450636018046,56.11776452627261,56.50728988647461,7718300
2016-10-07,56.44885268820873,56.74100039382804,56.10477190537364,56.31251907348633,6614900
2016-10-10,56.831904305099116,57.5655106005028,56.81242877692412,57.416194915771484,10060000
2016-10-11,57.18248809142447,57.25390167522006,56.67610446311778,56.961753845214844,9309000
2016-10-12,56.624147317327264,56.94875260582092,56.26707951875079,56.56571578979492,8172600
2016-10-13,56.0593374423182,56.39692974685161,55.46206484578565,56.19567108154297,9890300
2016-10-14,56.60466988881998,56.83189259250701,56.143730989031006,56.182682037353516,7991700
2016-10-17,56.143730989031006,56.344984676141884,55.877552283938016,56.182682037353516,7263100
2016-10-18,56.59167829455387,56.69555435239771,56.07880140338682,56.331993103027344,5429300
2016-10-19,56.60469231224011,57.03316887277501,56.40343359231901,56.591705322265625,9373400
2016-10-20,56.34498944028437,56.80592837904715,56.22163783938875,56.61765670776367,6866900
2016-10-21,56.10477786578048,56.36446309178033,55.63734544959749,56.234622955322266,10736200
2016-10-24,56.312523961932726,56.6890672846629,55.87755406485663,56.42289352416992,8354900
2016-10-25,56.267067526133026,56.90329593533331,56.22162299355319,56.299530029296875,6835900
2016-10-26,55.99441461542909,56.77346535927979,55.799649452924506,56.53974914550781,8488100
2016-10-27,56.663110020338934,56.909813260304816,56.351491653024176,56.42939376831055,9071100
2016-10-28,55.364690203524894,56.06583897992589,54.6245903683521,55.04008483886719,19072200
2016-10-31,54.455776612462806,54.79336885645284,53.87797964614318,54.092220306396484,16663800
2016-11-01,54.209082572848864,54.48174982339739,54.05976196245311,54.30646514892578,13050600
2016-11-02,54.07923524396831,54.455773559966076,53.845519073717064,54.176612854003906,11226100
2016-11-03,54.32594361110905,54.45578375084345,53.91694271317022,54.31296157836914,8836500
2016-11-04,54.293460008340276,54.747910227038815,53.72865017151417,54.25450897216797,13877100
2016-11-07,54.85179889183051,55.488027420733,54.7933723188421,55.475040435791016,13576200
2016-11-08,55.49468502653299,56.21513901487833,55.33749124959344,55.87455749511719,9735200
2016-11-09,55.049318612900066,56.791507355282356,54.793884943892664,56.49022674560547,15901300
2016-11-10,56.26753018293612,57.629841107546916,56.103790432661405,57.014183044433594,14106100
2016-11-11,56.67361685515975,56.80461168888409,55.59948420332999,56.1103515625,13812200
2016-11-14,55.868006153432574,56.09724081001312,55.232695107380245,55.85490417480469,12607500
2016-11-15,56.17583923208665,57.02073706205254,56.17583923208665,56.863548278808594,12883500
2016-11-16,56.81116229839081,56.83736126726417,56.05141218883289,56.16275405883789,8201200
2016-11-17,56.61468956950904,56.90286829452844,55.684643465977196,55.82218933105469,8200500
2016-11-18,55.80905724348858,56.09724081001312,55.56017461590695,55.85490417480469,8457800
2016-11-21,56.61467782696908,56.77841763558762,56.41818805784986,56.647422790527344,8861500
2016-11-22,56.77842065126038,57.13864525118835,56.30684917788161,56.77186965942383,9390200
2016-11-23,56.68017535332356,57.03385395581077,56.52953252382355,56.92905807495117,5996300
2016-11-25,56.79152666682539,57.0731593972599,56.680184772615895,57.060062408447266,5042300
2016-11-28,56.94871991883947,57.066612815038916,56.56884725059135,56.634342193603516,7449600
2016-11-29,55.94661894260143,56.378894453913475,55.72393519212622,56.26100158691406,9181100
2016-11-30,57.37442130340228,57.760849805449546,57.11243664053085,57.17793655395508,22696200
2016-12-01,57.623303240279945,57.963879770219144,57.13862991333008,57.13862991333008,13005600
2016-12-02,57.10588952458427,57.62985384308915,56.7194610301305,57.00764465332031,9706600
2016-12-05,57.23688466064704,57.51851731934122,56.92905303405781,57.295833587646484,11741100
2016-12-06,57.15829728279718,57.551276869773744,56.78497067272385,57.348236083984375,11293600
2016-12-07,57.394082539912176,57.73466417942108,57.112449836717225,57.68226623535156,11182600
2016-12-08,57.66916387281269,58.19312827384342,57.40717917382607,57.84600067138672,9086700
2016-12-09,58.0555846736514,58.29137039184571,57.754304033056954,58.2913703918457,8021700
2016-12-12,59.03800474593489,59.928749399053125,59.03800474593489,59.588172912597656,15545400
2016-12-13,60.184200212277325,61.055297143549126,59.71262879092892,60.63612365722656,18829300
2016-12-14,60.426533990167925,60.433079984022825,59.057666736271045,59.326202392578125,16325400
2016-12-15,59.011825082648386,59.58819239780793,58.789141345022074,59.52924346923828,11155100
2016-12-16,59.94185713616257,60.04010200465297,59.365494902996,59.719173431396484,20560400
2016-12-19,59.85016521244887,59.95496107477841,59.07731321706463,59.221405029296875,9674400
2016-12-20,59.280352794644536,59.50303650233805,59.13626098522325,59.22795486450195,7221000
2016-12-21,59.39168814682005,59.53577994046746,59.064208614690905,59.129703521728516,7308000
2016-12-22,58.959416927961044,59.53578414323776,58.959416927961044,59.516136169433594,8003100
2016-12-23,59.52922399839434,59.575070929200734,59.28688736588017,59.41133117675781,4266500
2016-12-27,59.48993607408164,59.673323822021736,59.326196299572075,59.437538146972656,4960600
2016-12-28,59.3917164739418,59.6733492057764,59.116634735017826,59.1428337097168,6745900
2016-12-29,59.01182020509333,59.33929979002386,58.965973263080734,59.175559997558594,6684700
2016-12-30,58.96596107473395,59.40478242856981,58.952864092698334,59.11660385131836,9117800
2017-01-03,59.56199342921501,59.82397312125954,59.04457504262511,59.52924346923828,10360600
2017-01-04,59.679865527335956,59.69951349770972,58.78256990372313,58.874263763427734,9434200
2017-01-05,59.07075640028374,59.14280229319944,57.924578100004226,57.99662399291992,14443200
2017-01-06,58.153821191791245,58.27826502431305,57.51851004230432,57.96388244628906,16518100
2017-01-09,57.780496645286114,57.780496645286114,56.68671607100367,57.00764465332031,13762300
2017-01-10,57.09277211182849,57.184465967706544,56.26752740892602,56.28062438964844,13283100
2017-01-11,56.26100335385791,56.94870760216714,56.2348043829305,56.85701370239258,11183700
2017-01-12,57.158306800849516,57.230352737329504,56.37235748990543,56.5491943359375,10407000
2017-01-13,56.503323351989586,56.77185900050149,56.43782843674869,56.555721282958984,8415600
2017-01-17,56.70638331612646,57.236898805515935,56.49024552528503,57.21725082397461,13237300
2017-01-18,57.02075515062271,57.24999490354547,56.359249854358424,56.5098876953125,11831700
2017-01-19,56.30684948466266,56.39199239123113,55.40300249011464,55.49470138549805,16382900
2017-01-20,55.95969551364382,56.30027197645547,55.704261917299995,56.254425048828125,18739700
2017-01-23,56.116891048806465,56.247880858734405,55.50777893845376,55.65187072753906,11433900
2017-01-24,55.65842403470129,55.97935258024667,55.56017917469401,55.730464935302734,11858100
2017-01-25,55.89421463012695,56.24789319080378,55.83527070181851,55.89421463012695,9578500
2017-01-26,56.12346691330697,56.21516082028509,55.75014029291229,56.064517974853516,8779400
2017-01-27,55.86802860877694,56.162758286137,55.69773779675372,56.00556945800781,10947900
2017-01-30,55.94660567024588,55.966253643927544,55.13445777744152,55.579830169677734,12789200
2017-01-31,55.69773074879231,55.71737872520437,54.44675628317526,54.94452667236328,19128100
2017-02-01,55.01656647452441,55.12136233300783,54.06032675210019,54.32231140136719,15111800
2017-02-02,54.499156552460576,54.70874330473611,54.066886062054564,54.65634536743164,12200100
2017-02-03,54.82009240516152,54.833194389687094,54.2961279538273,54.715301513671875,12746300
2017-02-06,54.72185295258435,54.787347884917835,54.31577637700789,54.564659118652344,9938200
2017-02-07,54.51225746740294,54.76769116058054,54.00138508410551,54.21097183227539,11705200
2017-02-08,54.19114491390684,54.27707141259651,53.64916755752964,53.85406494140625,14006300
2017-02-09,53.85405474188484,54.23079496651946,53.85405474188484,54.09199142456055,9603000
2017-02-10,54.36960377364783,54.7066837462144,54.28367727494133,54.541446685791016,8739800
2017-02-13,54.70668330017186,54.97767449752148,54.4290862511563,54.85870361328125,9071600
2017-02-14,54.799203520968675,54.924780217524976,54.23739366204684,54.739715576171875,11370500
2017-02-15,54.620743600138724,54.97765613364189,54.50177275563767,54.964439392089844,11768500
2017-02-16,54.93801151682299,55.13629293434214,54.31010775476029,54.396034240722656,10615000
2017-02-17,54.25724791819652,54.323346787654934,53.82763552253134,54.03913879394531,15646000
2017-02-21,54.27706990115027,54.296897541023476,53.735092559865436,54.12504959106445,16419600
2017-02-22,53.96641152924775,53.999455907538184,53.45087283568748,53.49052810668945,12917400
2017-02-23,53.81441490411614,54.343175615489805,53.556645444046346,54.0523567199707,13847000
2017-02-24,53.93338207081615,54.065574760807614,53.37818790075855,53.589691162109375,11338700
2017-02-27,53.62273511856471,54.006086352483536,53.411231858925966,53.89372634887695,13465900
2017-02-28,53.887100963785386,54.19113650259765,53.56984868095264,53.7483024597168,16834200
2017-03-01,53.999470050327304,55.07681892595923,53.999470050327304,54.87192153930664,17482100
2017-03-02,54.72651745013707,55.68489040141605,54.719906555659044,55.05699157714844,14170300
2017-03-03,55.05698436110242,55.25526578574049,54.36959766189494,54.50178527832031,12190400
2017-03-06,54.488583695813205,54.79261933230048,54.41587897375801,54.74635314941406,9617200
2017-03-07,54.93140877056035,55.050379655770584,54.29028816929604,54.541446685791016,12711500
2017-03-08,54.429084436738584,54.44891207634518,53.543416250079304,53.55663299560547,16817700
2017-03-09,53.298865087754265,54.01269038938616,53.08075096070538,53.97964096069336,14721800
2017-03-10,54.48856002735691,54.50838766246193,53.64254731198572,53.939971923828125,11355200
2017-03-13,53.86727296553691,54.158091758380266,53.569848322044635,53.814395904541016,9571400
2017-03-14,53.536804222797926,53.688824527621875,53.16667484428338,53.53019332885742,11335700
2017-03-15,53.76814790915949,54.2374206381742,53.56986642736166,54.1977653503418,11970300
2017-03-16,54.21758002157993,54.32994000531116,53.9796382662464,54.2440185546875,9923800
2017-03-17,54.217592994258,54.369613335341874,54.07879444420878,54.1977653503418,18834100
2017-03-20,54.012700616942844,54.22420388977533,53.827635883543884,54.1977653503418,7700300
2017-03-21,54.30350611283785,54.42908284087595,53.93337169470653,54.085391998291016,13387700
2017-03-22,54.17132644759063,54.25724791819652,53.82102462705834,54.03913879394531,11168400
2017-03-23,53.953215703757586,54.343177879233174,53.84085568676682,54.1052360534668,8928000
2017-03-24,54.21758693097704,54.21758693097704,53.635954256392004,53.6888313293457,9128500
2017-03-27,53.41783749079009,53.82101632766318,53.39800985006436,53.70204544067383,8481200
2017-03-28,53.748300622798794,54.21096228721537,53.51035889748914,54.09199142456055,11028600
2017-03-29,53.99285514916793,54.38281213115134,53.900322813014775,54.21096420288086,8495500
2017-03-30,54.21758675073837,55.43373421145446,54.15810382583962,55.32136917114258,44704900
2017-03-31,55.03054230352821,55.06358668420026,54.10521391993262,54.2043571472168,21750400
2017-04-03,54.21096912764439,54.402644710698326,53.76813504402043,54.2440185546875,11438700
2017-04-04,54.263855280249146,54.47535853789097,53.75492729995443,54.44231414794922,9270900
2017-04-05,54.759556962207576,55.2222237244149,54.50839846338728,54.54805374145508,13809100
2017-04-06,54.693474135838514,54.99750976156799,54.50179851562384,54.86532211303711,9554900
2017-04-07,55.01734089462993,55.096656514361214,54.6472114211557,54.70008850097656,8909600
2017-04-10,54.93802000273176,55.16935088021998,54.80582732799925,54.94462585449219,8885300
2017-04-11,54.91157996632785,54.97106288635483,54.47535171559085,54.75294876098633,8576500
2017-04-12,54.76618534758216,55.090048654720114,54.66043118211237,54.838890075683594,9516100
2017-04-13,54.673615396980146,54.68022628843739,53.913524243643614,53.99283981323242,8667900
2017-04-17,54.09861984611095,54.17793546112446,53.827633652760355,53.920166015625,9577200
2017-04-18,53.74830088045432,54.0787749402315,53.556625320667486,53.569847106933594,8821400
2017-04-19,53.64918652842275,53.873911632189774,53.07416458221472,53.19974136352539,10764400
2017-04-20,53.50374712486327,54.025896733340836,53.33851009848304,53.54340744018555,11649100
2017-04-21,53.49053532774308,53.53680149770239,53.186499776205586,53.3319091796875,9816700
2017-04-24,53.72188761081487,53.80120323780416,53.41124104173556,53.609527587890625,8729700
2017-04-25,53.82100827590643,54.15148235225545,53.72186504447488,54.01929473876953,10733800
2017-04-26,53.880492345953485,54.415863790124135,53.7945708996064,53.80118179321289,9445900
2017-04-27,53.58307072387084,53.73509102962751,53.49714927265553,53.70865249633789,12385300
2017-04-28,54.50178562532672,54.52161326365333,53.906931262356494,53.9664192199707,12072200
2017-05-01,53.8738816216073,54.33654327952332,53.85405398521574,54.23740005493164,8664100
2017-05-02,54.29030263929009,54.58772741027084,54.13167643094277,54.23081970214844,9102900
2017-05-03,54.17793383586484,54.9049759691207,54.13827855086547,54.660423278808594,10289000
2017-05-04,54.38942951493325,54.4356956885309,53.8011860037768,53.95981216430664,16164500
2017-05-05,53.9531948317922,54.356373600445565,53.93997808775638,54.21096420288086,10213000
2017-05-08,54.1977519932242,54.81904491020422,54.1977519932242,54.78599548339844,8097100
2017-05-09,54.83228552156473,54.858724065990046,54.30352976096855,54.40266799926758,8647100
2017-05-10,54.78963395057397,54.95643141805474,54.476053897269374,54.6495246887207,9520300
2017-05-11,55.10318854376028,55.183253131045475,54.776267053621595,55.11653518676758,10047300
2017-05-12,54.969743359273615,55.183243799009546,54.876337235029894,55.07649612426758,7480200
2017-05-15,55.37674874838313,55.49684310590544,55.14323335604914,55.24331283569336,10881500
2017-05-16,55.310011434876884,55.530185194987936,55.00977310102035,55.07649612426758,9574200
2017-05-17,55.076522066682614,55.40344365552385,54.68287742316592,54.7028923034668,11151100
2017-05-18,54.55608904928422,54.80962434434332,54.32257371719226,54.542747497558594,9905800
2017-05-19,54.709552499183104,54.769597125677755,54.50272533203062,54.66284942626953,13028500
2017-05-22,54.782958907264174,54.9297414884813,54.66286453083694,54.903053283691406,9218700
2017-05-23,54.92304874554198,55.30334662139028,54.86967235483452,55.096519470214844,6857200
2017-05-24,54.98978613156763,55.06985074593731,54.71624094041673,54.903053283691406,8136000
2017-05-25,54.92971867088382,55.18324887569045,54.38929165632533,54.542747497558594,12370900
2017-05-26,54.44935821851317,54.576125905281316,53.928951005839394,54.40932846069336,8227100
2017-05-30,54.22918708212203,54.26921684194382,54.06906295258055,54.109092712402344,8973600
2017-05-31,54.002335848298316,54.00900408030366,53.68875587543021,53.708770751953125,13572300
2017-06-01,53.62204392037413,53.97565368583368,53.50194955755259,53.84221267700195,9884100
2017-06-02,53.76881064985199,53.828860364389776,52.881452297152286,53.04157638549805,21687300
2017-06-05,53.00155294412797,53.635381141529614,52.97486474451846,53.45524215698242,11527100
2017-06-06,53.5753322791587,54.255863499570815,53.52195588415491,54.182472229003906,12208600
2017-06-07,54.07572502516046,54.30924039262703,53.602015877974104,53.98231887817383,13096500
2017-06-08,53.98232689225622,54.095747931827724,53.7021033194418,53.788841247558594,11720700
2017-06-09,54.1424444894188,54.8029608588078,53.83553784212438,54.796287536621094,13553900
2017-06-12,54.79628242377087,55.83710170688604,54.79628242377087,55.33003616333008,18172900
2017-06-13,55.27667204123803,55.556890526093675,55.08985971800094,55.35006332397461,12175500
2017-06-14,55.24997503485826,55.25664835684015,54.415987945984035,54.756256103515625,13714000
2017-06-15,54.56276903503896,54.976428452595826,54.42933314047382,54.88302230834961,11862600
2017-06-16,55.116541582878114,55.73702820814861,54.84299136226533,55.70366668701172,39726100
2017-06-19,55.70368242630797,55.70368242630797,55.07652739180772,55.216636657714844,10445700
2017-06-20,54.756280556819185,55.0231575624927,54.31593782417506,54.916404724121094,13232600
2017-06-21,54.73624650853211,55.12988600913578,54.13577472856119,54.335933685302734,11422300
2017-06-22,54.342605863652565,54.42934379332393,53.97565453665259,54.09574890136719,8139900
2017-06-23,53.94227532551664,54.50271720718626,53.88223070797297,54.4493408203125,10611200
2017-06-26,54.42264643990233,54.5427407515893,53.98230402388467,54.20247268676758,7718700
2017-06-27,54.342618196702134,54.52943565440954,54.11577606201172,54.11577606201172,9221600
2017-06-28,54.31592512984594,54.5494405463889,54.1691425565177,54.3959846496582,9189700
2017-06-29,54.28923369377071,54.60280861145373,53.64873212214048,53.84221267700195,20525100
2017-06-30,54.095739946520894,54.202487647344235,53.842204612840625,53.86222457885742,14000600
2017-07-03,53.902247458733356,55.03646772293477,53.85554439115454,54.77626419067383,8422300
2017-07-05,54.49606383795183,54.49606383795183,53.72212121568956,53.94229507446289,9830800
2017-07-06,53.94896112412434,54.09574367684984,53.4352221895851,53.45524215698242,9822400
2017-07-07,53.50862219444403,53.77549914381933,53.24841856862307,53.521968841552734,10777800
2017-07-10,53.37518078885043,53.64873103371516,53.348492587625536,53.48193359375,6338300
2017-07-11,53.595350824473236,53.87556928205029,53.40186519702616,53.775489807128906,9681100
2017-07-12,54.16913045350851,54.38929917405425,53.875565372443276,54.01567459106445,7974000
2017-07-13,54.022335052490234,54.10239453535595,53.86221099650684,54.022335052490234,5582300
2017-07-14,54.04235947289594,54.315909661697404,53.88890361986658,54.22917175292969,7497200
2017-07-17,54.04236932232371,54.32926111616348,53.92894828738221,53.9489631652832,7914700
2017-07-18,54.05570826470596,54.095743108826646,53.64872722313178,53.775489807128906,8046100
2017-07-19,53.66874989952832,53.95564172119391,53.55532376333176,53.94229507446289,9393200
2017-07-20,54.02235444442271,54.36929087196547,53.875571886143696,53.9489631652832,9681000
2017-07-21,53.80885189386462,53.935614479192786,53.3751775581539,53.45524215698242,12268600
2017-07-24,53.41521475141952,53.521967564724704,53.215060861853765,53.2884521484375,9403000
2017-07-25,53.88891178716892,54.07572918576923,53.55531692504882,53.55531692504883,11465300
2017-07-26,53.76216049971937,53.975661052735866,53.508625093462165,53.62205123901367,10465100
2017-07-27,53.53529528483011,53.96229624718197,53.30845325056637,53.92893981933594,11149700
2017-07-28,53.1416531423817,53.32179209631229,52.22092822822852,53.10829162597656,22800800
2017-07-31,53.261753874862784,53.63537847028076,53.108298007314204,53.40186309814453,12820200
2017-08-01,53.481933451972196,53.73546372755574,53.355165769053485,53.48860168457031,10421200
2017-08-02,53.308459044500474,53.80217800645818,53.24174109130406,53.775489807128906,10410100
2017-08-03,53.602034601280025,53.9222879958517,53.575351484466154,53.70211410522461,10136700
2017-08-04,53.66874136341699,53.748800870052385,53.408537786345015,53.51528549194336,8292200
2017-08-07,53.488601826365795,53.488601826365795,53.281774629690254,53.48193359375,7893800
2017-08-08,53.38852524228165,53.52196625564934,53.26176264240007,53.34849548339844,9028400
2017-08-09,53.54197369090632,53.60869164318697,53.22839371590843,53.51528549194336,8087100
2017-08-10,53.73086653918125,53.74433741344223,53.15825930061195,53.19867706298828,12580300
2017-08-11,53.36035186547494,53.38729875289005,52.679957092124866,52.68669509887695,10192400
2017-08-14,52.96290199237718,53.077422420336916,52.62607357631178,52.70017623901367,8862500
2017-08-15,52.626052572039285,52.713626075009934,52.32964203953602,52.57215881347656,10350900
2017-08-16,52.57217845382826,52.65975198951536,52.08040671750873,52.188194274902344,9117100
2017-08-17,52.046718843659285,52.06018971643585,51.339377242458426,51.37306213378906,13400400
2017-08-18,51.319146979645836,51.94564766435624,51.23157349410656,51.6290283203125,14324300
2017-08-21,51.51454643883428,51.61559600660508,51.251820646386896,51.453914642333984,10084900
2017-08-22,51.56842366639104,52.09387508254387,51.55494765389884,51.696414947509766,9503600
2017-08-23,51.66947521760959,51.87831232341677,51.514537029642575,51.608848571777344,7054300
2017-08-24,51.534728362375944,51.63577787727936,51.33262933256911,51.42020797729492,8678300
2017-08-25,51.575146287219766,51.9591303334801,51.48757278178911,51.68293380737305,6844900
2017-08-28,51.80421428540583,51.83116117693344,51.37307430015213,51.51454162597656,8229700
2017-08-29,51.339380489633825,51.528003557992896,51.25180696206515,51.50105667114258,7060400
2017-08-30,51.35957028820239,51.50103753691223,51.23831191222378,51.2652587890625,8218000
2017-08-31,51.37978508757846,51.52799035749123,51.23158495725752,51.42020797729492,15641700
2017-09-01,51.447172244615764,51.770524634078484,51.41348734839968,51.58190155029297,7361100
2017-09-05,51.629053106000214,52.11408679018742,51.60884422575794,51.992828369140625,12784800
2017-09-06,52.47112460592556,53.367089329898256,52.26229265507223,53.0706787109375,18574400
2017-09-07,53.23236340215158,53.44120052597589,52.95616675909804,53.23910140991211,9836400
2017-09-08,53.225618337875524,53.24582721693244,52.969625497573695,53.09762191772461,8436000
2017-09-11,53.49508995570284,53.50182282332146,53.15152354218978,53.38730239868164,12955800
2017-09-12,53.48834519403249,53.68370626176819,53.3805576506226,53.55570983886719,7644400
2017-09-13,53.55570955045869,53.73759460449219,53.47486889333662,53.73759460449219,8369700
2017-09-14,53.79148697652742,54.04747981429123,53.73759320651475,53.953163146972656,9072600
2017-09-15,53.97335925742111,54.03398587387527,53.58937526777153,53.939674377441406,16043700
2017-09-18,53.751069218814315,53.98684803812877,53.69043744265186,53.953163146972656,8594400
2017-09-19,53.93295723553826,54.155265194377456,53.88580146908083,54.04074478149414,9277100
2017-09-20,54.081159889363086,54.33715272865821,54.06768901657573,54.2630500793457,10606900
2017-09-21,54.22264020846944,54.2495871001108,53.73087356989822,53.81844711303711,11984200
2017-09-22,53.70391283647403,54.094634955177,53.67022794570585,53.83864212036133,10205800
2017-09-25,53.912745969207165,54.56619380375989,53.87906621728154,54.5527229309082,10496600
2017-09-26,54.37082991014588,54.56619096368054,54.269780380442775,54.492088317871094,8755100
2017-09-27,54.492105400092505,54.86935161367809,54.42474073903711,54.85588073730469,9724500
2017-09-28,54.990592395926505,55.54299066249603,54.94343663437518,55.36784362792969,15581700
2017-09-29,55.19942488368514,55.28026038844775,54.95690809021309,55.22637176513672,9944000
2017-10-02,54.768290158158976,55.11858937045542,54.734605268310666,54.99059295654297,6777900
2017-10-03,54.842403364895794,55.2196495337969,54.768300704634,55.078182220458984,6082000
2017-10-04,55.10510760294462,55.152263355653105,54.86932369981063,55.09836959838867,6357100
2017-10-05,55.05122486581176,55.40152407897016,54.96364620782771,55.253318786621094,7375900
2017-10-06,55.08491239085417,55.16575305434335,54.80871578488782,55.04449462890625,6070600
2017-10-09,55.1320629365228,55.3611088915793,55.078174305562015,55.26005935668945,7489900
2017-10-10,55.46888954478963,55.7383532494718,55.30047537181236,55.415000915527344,7218500
2017-10-11,55.347645101355425,55.738362138885634,55.33416908719612,55.64405059814453,7023700
2017-10-12,55.44868890623754,55.57668534139065,55.35437736652266,55.5295295715332,6647500
2017-10-13,55.73161835939615,55.96739716508446,55.48236354218709,55.516048431396484,7180000
2017-10-16,55.71140074764555,55.87981490364157,55.60361836039603,55.78550338745117,5734000
2017-10-17,55.6642543904506,55.89330035387571,55.603627751057296,55.88656234741211,6444100
2017-10-18,55.8865794611448,56.17625215266754,55.603644778149,55.75185012817383,6367100
2017-10-19,55.47563562174244,55.94719845844036,55.46216474736521,55.73836135864258,7945500
2017-10-20,55.812465284233404,56.00108836735894,55.65752709720609,55.98761749267578,9574100
2017-10-23,56.0145572306834,56.42548824057226,55.940454580402275,56.0751838684082,9829900
2017-10-24,56.28403065167064,56.459177728361404,56.1223493106724,56.23013687133789,7551200
2017-10-25,56.21666494488831,56.40529318977116,55.879836502703014,56.02804183959961,9153300
2017-10-26,56.162772215718846,56.351395307289685,55.9876199994343,56.23013687133789,9154500
2017-10-27,55.91350430189035,56.7488371439411,55.2465856294236,56.39179992675781,14866200
2017-10-30,56.391799300689975,56.553475462609754,56.18970538318838,56.277278900146484,7811100
2017-10-31,56.35137576977987,56.37158464549961,56.02801833948798,56.14927673339844,9754200
2017-11-01,56.1762267496582,56.546739957173415,56.08865323678745,56.49958419799805,9430000
2017-11-02,56.317694089305505,56.39179673089029,55.852874502519114,56.270538330078125,7775500
2017-11-03,56.196439501704305,56.344644794930346,56.02129246388502,56.03476333618164,6903500
2017-11-06,56.11559590968762,56.49957995976655,55.953914627849834,56.418739318847656,9276700
2017-11-07,56.41201978264291,56.46591356089982,55.93372406469832,56.304237365722656,8471800
2017-11-08,56.156034208278804,56.25034575406423,55.8192057905898,56.23013687133789,8691600
2017-11-09,56.115606797782455,56.681475975234456,55.96740149713753,56.56695556640625,10528800
2017-11-10,56.43777849352046,56.48537067722646,56.03663992757643,56.39018630981445,8693700
2017-11-13,56.193009660055786,56.49215826580635,56.15901302462222,56.35618209838867,6720400
2017-11-14,56.03663386360094,56.26099921414637,55.8122685130555,55.91425323486328,9251700
2017-11-15,55.58110441758013,55.81226493082654,55.17317074369006,55.21396255493164,9663600
2017-11-16,54.690457684801935,54.96921041972957,54.493288585873145,54.77204132080078,10527200
2017-11-17,54.60887406029758,54.840039821005035,54.50009413955718,54.554481506347656,9536400
2017-11-20,54.547674733180095,54.82642743539459,54.398097835190605,54.76523971557617,8468600
2017-11-21,54.860422720943426,55.2411601339762,54.826426085997696,54.98280334472656,8838400
2017-11-22,55.17998004944411,55.349952873370945,55.10519159194359,55.139183044433594,7941600
2017-11-24,55.370343588334066,55.547111573881985,55.22076668736394,55.35674285888672,3851300
2017-11-27,55.28875355336022,55.343146095632726,55.08478411341753,55.14597702026367,9127500
2017-11-28,55.34993873856868,55.75107201076168,55.28194547663435,55.52670669555664,9794600
2017-11-29,55.513124955144114,55.961850509942614,55.3975446805765,55.934654235839844,9725000
2017-11-30,56.0570357346529,56.70293558338298,56.02984464729239,56.62814712524414,18592700
2017-12-01,56.73013690750218,57.19925842003303,56.02984963455891,56.74373245239258,13779300
2017-12-04,56.57376209095414,57.23325757096591,56.43098552113092,56.81852340698242,12597700
2017-12-05,56.709728433127914,56.95448449704809,56.233801472849436,56.35618209838867,9357200
2017-12-06,56.32897831359519,56.56693916841303,55.89384841131183,55.94144058227539,13398900
2017-12-07,56.02306101325095,56.172637974200036,55.86668368485131,56.12504577636719,11359600
2017-12-08,56.08423219359307,56.3629901179652,55.927860098540556,56.1998176574707,11988600
2017-12-11,56.45816678907549,56.60094332093959,56.25419735089348,56.45136642456055,8760700
2017-12-12,56.356191010919225,56.689336304789094,56.2270100004321,56.26780700683594,11307000
2017-12-13,56.165815812911404,56.63494242891613,56.07743181899163,56.5125617980957,10172700
2017-12-14,56.4513715163437,56.655340972923284,56.35618715318222,56.36298751831055,9492400
2017-12-15,56.53975560177996,56.62133922732613,56.34258652811288,56.45136642456055,26582300
2017-12-18,56.55335877006947,56.8865040560115,56.36979040067745,56.39018630981445,9363500
2017-12-19,56.45137677593134,56.546561147961164,55.97545491578222,56.05024337768555,10285100
2017-12-20,56.159016787841985,56.52615868906189,56.10462424236675,56.34259033203125,10620300
2017-12-21,56.66895015600641,57.294449032239335,56.40379291092593,57.00889587402344,13578100
2017-12-22,57.029287882067294,57.12447226162149,56.83891912295889,57.09048080444336,10161400
2017-12-26,57.083674049196695,57.3556316119818,57.042882230284604,57.09727478027344,4777200
2017-12-27,57.104068739024186,57.17885719687173,56.93409591430866,57.04288101196289,7000600
2017-12-28,57.097274854512115,57.144867039024454,56.97489421045765,57.12446594238281,7495300
2017-12-29,57.11085773039923,57.24683388822749,56.86609649658203,56.86609649658203,8523400
2018-01-02,56.98850816645386,57.926756615898206,56.879728218348795,57.81117630004883,11469300
2018-01-03,57.89953585950637,59.130137245636256,57.668370159064295,58.946563720703125,13957700
2018-01-04,59.007771813735225,59.3001253063034,58.763010508926556,59.028167724609375,10863000
2018-01-05,58.98054885864258,59.06893282817235,58.27346154093314,58.98054885864258,11047600
2018-01-08,58.94656611593703,59.252520274205025,58.878578032041354,59.24571990966797,10927100
2018-01-09,59.10975279407866,59.2525293482722,58.91258368957546,58.99416732788086,8131600
2018-01-10,59.15054222942461,59.2797232344142,58.45705539598127,58.52504348754883,10822300
2018-01-11,58.71540563604826,59.402097214359095,58.42305220664133,59.102943420410156,14366000
2018-01-12,59.286531929946705,59.82364679396326,59.27293638339695,59.50409698486328,9834500
2018-01-16,59.65365618648182,59.6672569161456,58.87858058471949,59.13014221191406,10882800
2018-01-17,59.286514010674594,59.97320561498716,59.102945658355814,59.83042907714844,10546000
2018-01-18,59.674043035451135,59.959601256299614,59.38168963796079,59.4428825378418,9223700
2018-01-19,59.53807075244732,59.667251737248115,58.88537583851784,59.25251770019531,13090000
2018-01-22,59.266135616131685,60.02761589677505,59.1845519630642,60.00041961669922,10270400
2018-01-23,60.000389051585934,60.14316555888153,59.65364314120669,60.034385681152344,10281800
2018-01-24,60.163584363074506,60.455937852295044,59.83723941850609,60.19078063964844,10316100
2018-01-25,60.20438138344914,60.421946408924335,59.96641526016992,60.082000732421875,11271900
2018-01-26,60.265557501218524,60.51031875610352,60.149977238400155,60.510318756103516,10514400
2018-01-29,60.23155982738819,60.71428715137441,59.796429867792355,59.83722686767578,9315700
2018-01-30,59.517676253268725,60.08878237126784,59.00095748901367,59.00095748901367,12408000
2018-01-31,58.85137284583758,59.47007624602685,58.69500079528168,59.354496002197266,14404700
2018-02-01,59.49048565589024,60.68029536900804,59.38850092876269,60.55791473388672,17971000
2018-02-02,57.87913653677353,58.477444118221115,56.43097013443547,57.4712028503418,29822100
2018-02-05,56.62134275119972,57.104064918637576,53.1199017588821,54.200931549072266,30452700
2018-02-06,53.37826293293931,54.6292603300499,52.28363761688828,53.26947784423828,36262800
2018-02-07,53.330677602013054,53.99017302226779,52.29723987527599,52.31084060668945,21994500
2018-02-08,52.65077887825979,52.7459632361509,51.69212974743844,51.71932601928711,25650800
2018-02-09,52.3718209093739,52.52979723223136,50.75773960807591,52.04900360107422,29491600
2018-02-12,52.92131663020764,53.31281738470665,52.09023102484787,52.48860168457031,19340400
2018-02-13,52.26880563370913,52.71525509624536,52.01467681303286,52.40617752075195,11926600
2018-02-14,52.05587214995828,52.653427911920396,51.63002727175767,52.516056060791016,17188400
2018-02-15,52.62596112742521,52.68090463559644,51.82235009303326,52.34435272216797,14432400
2018-02-16,52.30314200065391,52.96938114143713,52.09708682137218,52.57101058959961,13722400
2018-02-20,52.52295173564926,53.20979560771957,51.829237957601435,52.02842330932617,13387300
2018-02-21,52.07649378966779,52.502338808289714,51.42399431229422,51.43772888183594,11715000
2018-02-22,51.719331160935646,52.777065815957826,51.64377793697671,52.10396194458008,14020200
2018-02-23,52.26194269299429,53.31281811814037,52.16578497935254,53.250999450683594,13378800
2018-02-26,53.39522226252301,54.212567858070614,53.271590199668765,54.15074920654297,16940400
2018-02-27,54.26064256237399,54.85819836060907,53.230377197265625,53.230377197265625,14629500
2018-02-28,53.68371130772619,53.745524731417404,51.994071030670575,52.02154541015625,17087800
2018-03-01,51.87730589743056,52.66717723206223,51.41712185767361,51.6506462097168,15696700
2018-03-02,51.43771390667573,52.110822902701436,51.15611077133676,51.89103317260742,15630300
2018-03-05,51.67124634919361,52.58474435491512,51.595693133954875,52.38555908203125,14891000
2018-03-06,52.66031682090166,52.87324197814001,52.103974978220094,52.32376480102539,10754300
2018-03-07,51.513275361854284,51.67811637575584,50.52421879804225,51.00501251220703,27255500
2018-03-08,51.16984648160067,51.35529194168464,50.613504861148144,50.90884780883789,19299800
2018-03-09,51.389644210046306,51.55448522689465,50.97066914373063,51.211063385009766,19714100
2018-03-12,51.42399083855333,51.91164924747425,51.30035876022115,51.67811965942383,14226700
2018-03-13,51.739925695112035,52.07647756615882,50.99813340610245,51.19044876098633,13739700
2018-03-14,51.266022612640974,51.369050234298555,50.50362554865841,50.55170440673828,14820700
2018-03-15,51.06680078442973,51.5132499991286,50.8950899510993,51.1148796081543,15640600
2018-03-16,51.073692868299375,51.59569549560547,51.073692868299375,51.59569549560547,32109700
2018-03-19,51.51326310792202,51.52013301025911,50.730261927897615,50.929447174072266,12744800
2018-03-20,50.977541178895684,51.30722322637443,50.79209044201243,50.81956481933594,13003200
2018-03-21,50.9843993644265,51.95284605152309,50.812688475773875,51.540740966796875,15418500
2018-03-22,51.114908114486674,51.30722351663755,50.40745992505951,50.48301315307617,17737000
2018-03-23,50.69592068648346,50.97065915418672,49.91291945965944,50.06402587890625,20157300
2018-03-26,50.58604083605452,50.92946269476474,49.967880442335805,50.82643508911133,15032700
2018-03-27,50.82643561505034,51.43772611066387,50.331907294958114,50.62038040161133,15821900
2018-03-28,50.64784371334704,50.8332944129633,49.988474510690516,50.00907897949219,18163900
2018-03-29,50.366248037319885,51.43772249541095,50.31816918959019,51.24540710449219,14882900
2018-04-02,51.01187404237615,51.10116706791373,49.562638805539414,50.29069137573242,17891100
2018-04-03,50.44867494579664,51.60944264309396,50.20828066416171,51.52701950073242,15999200
2018-04-04,50.86076918698826,51.55447742973342,50.44179418403886,51.423980712890625,13122200
2018-04-05,51.55449018707121,52.419914779142026,51.52701580825287,52.21385955810547,14200000
2018-04-06,51.95284796371819,52.28253518775403,50.97753133792152,51.423980712890625,14299600
2018-04-09,51.664374917812246,52.05587554874193,51.3759018719063,51.423980712890625,11103100
2018-04-10,52.25507331023674,53.41583567446088,52.241333500841286,52.9350471496582,19006100
2018-04-11,52.96251462247251,53.601279430822984,52.715250487614185,53.18230438232422,13734000
2018-04-12,53.477642529284054,53.669957896744805,52.89382652372084,53.038063049316406,13270400
2018-04-13,53.436436200808544,53.70430479574213,53.29906433148299,53.463905334472656,10925000
2018-04-16,53.65622527211084,54.3155945159213,53.37461687371003,53.944698333740234,10743600
2018-04-17,53.94469734359696,54.09580377506767,53.601275541236554,53.80046081542969,10478100
2018-04-18,54.28813015402203,54.782658488129215,54.21944682766312,54.41176223754883,12061400
2018-04-19,54.48044615897488,54.82386803472238,54.130154378455885,54.549129486083984,11291500
2018-04-20,54.48045189285988,54.53540065641113,53.800477974571415,54.26066207885742,12072200
2018-04-23,54.20570356196779,54.672757487710406,54.08894139058253,54.65215301513672,11729800
2018-04-24,54.81012006589981,54.89940784529319,53.55319505029714,53.81419372558594,14102000
2018-04-25,53.711162433588335,54.6864842375233,53.22350415172101,54.604061126708984,13867500
2018-04-26,54.672749276015686,55.565648048242636,54.624670433831206,55.53817367553711,14554400
2018-04-27,52.85261029478605,54.02024750082285,52.52979822061289,53.429561614990234,16346800
2018-04-30,53.51198183046205,53.958425931908025,53.39521444804362,53.40208435058594,15028800
2018-05-01,53.0655519357778,53.0655519357778,52.18639273538401,52.85262680053711,16231000
2018-05-02,52.50919996415379,53.04494246411788,52.40617759897001,52.74959945678711,13883700
2018-05-03,52.46798299995875,52.61908943273856,51.788009292650486,52.57101058959961,12243100
2018-05-04,52.28940670599156,53.03806903112988,52.15890997204004,52.81827926635742,9887200
2018-05-07,53.39522171020508,54.31559488864442,53.16169739400763,53.39522171020508,15071500
2018-05-08,53.436443863153684,53.68370802319433,52.45425712749273,53.635623931884766,17430400
2018-05-09,54.2469109109257,55.11233009116665,54.226301200747756,54.899410247802734,17142100
2018-05-10,55.38707941233219,56.176950770470306,55.2909217068408,56.12887191772461,17710300
2018-05-11,56.32312997001374,56.87123694309094,56.13580481650635,56.39250946044922,14751000
2018-05-14,56.6839183956281,57.11407979593494,56.62147842912321,56.77411651611328,11852100
2018-05-15,56.78797215105276,56.912857337467706,56.47576183167303,56.74634552001953,12595700
2018-05-16,56.72551731321519,56.92672146591549,56.31616947335905,56.90590286254883,9570000
2018-05-17,57.0308020020626,57.086307704691215,56.50351370703618,56.80878448486328,11224100
2018-05-18,56.57984252456903,56.75329390533925,56.37863828767766,56.40639114379883,10030900
2018-05-21,56.70472152041716,57.134877509896306,56.55901771840885,57.08631134033203,8822400
2018-05-22,57.19734250407633,57.343041063081856,56.44109155306596,56.642295837402344,10753400
2018-05-23,56.163565748295525,57.05164143455829,55.89992150455136,56.99613571166992,15140900
2018-05-24,56.44107217155158,56.44801170816427,55.469743485079015,55.6917610168457,13360500
2018-05-25,55.00490884249741,55.039601240909796,54.179278458797235,54.609439849853516,14562000
2018-05-29,54.22090085733355,54.62330931753395,53.79073954194872,54.408226013183594,14644800
2018-05-30,54.98408460324527,56.65615836036266,54.96327128565722,56.54514694213867,16627500
2018-05-31,56.066413371038294,56.57983318455199,55.98316010973406,56.364749908447266,15803100
2018-06-01,56.80186937677665,57.134893118103236,56.57985178478662,56.77411651611328,9906100
2018-06-04,56.92674036983026,57.25976402789165,56.06641778432122,56.17742919921875,10954700
2018-06-05,55.913785370835505,56.64922283536462,55.78890545646301,55.97623062133789,12059300
2018-06-06,56.531293444673274,56.95451007188195,56.10807152414693,56.93369674682617,11603300
2018-06-07,57.398538834304915,57.78706827114514,57.28058786099278,57.50260543823242,13502500
2018-06-08,57.66217682465244,58.043771975556666,57.23895503667357,58.002140045166016,14350400
2018-06-11,58.085404287209236,58.133970466312924,57.53729724114383,57.655242919921875,10831600
2018-06-12,57.66215705349429,58.1061920077601,57.114050248909955,57.18342971801758,12351800
2018-06-13,57.19733675606232,57.30834290225123,56.52434446068022,56.55209732055664,12049300
2018-06-14,56.85041962332021,57.10019000595807,56.545143534914935,56.81572723388672,11477300
2018-06-15,56.69776941087513,56.76714888153673,55.85826564124694,55.962337493896484,23797500
2018-06-18,55.78195960788493,56.461885989128696,55.71258012108881,56.07335662841797,9192600
2018-06-19,55.42812766102715,56.170499423889645,55.303242444222406,55.990108489990234,8759700
2018-06-20,56.09417748311615,56.28844218957699,55.691768994980826,55.816654205322266,8917700
2018-06-21,55.518315660916734,55.76808607283979,55.03959344916092,55.289363861083984,10990700
2018-06-22,56.30924318913394,56.850410500233515,56.14272609855361,56.461875915527344,16012200
2018-06-25,56.045593824395745,56.36474364164674,55.01876489816463,55.32403564453125,10557200
2018-06-26,55.60851167245289,56.2051848236519,55.48362647119459,55.9484748840332,10382800
2018-06-27,56.239863297320696,57.22507097540271,56.239863297320696,56.69083786010742,12725900
2018-06-28,56.704730671147196,56.94062202043623,56.21906360381442,56.87124252319336,9390700
2018-06-29,57.20427428124865,57.960525199624925,57.09326812869443,57.39854431152344,17323200
2018-07-02,56.81574061365266,56.98225247685197,56.420271630231376,56.725547790527344,9998300
2018-07-03,57.294448365172336,57.89805564556,56.94754568235097,57.05855178833008,7197300
2018-07-05,57.30138135040602,57.42626652521423,56.926731119296136,57.10711669921875,9035700
2018-07-06,56.864303675794424,57.37771831360402,56.65616518153905,57.12101364135742,7637100
2018-07-09,57.454026620855544,57.676044149259496,57.28057526137385,57.51647186279297,7158600
2018-07-10,58.07150976486721,58.36291205529591,57.939690338543514,58.04376220703125,8806200
2018-07-11,57.60666770422163,57.953570441492204,56.91286222968047,57.3013916015625,10405300
2018-07-12,57.592783184757224,57.752355449890274,57.10711626714883,57.370765686035156,9762200
2018-07-13,57.36382692602489,58.10619844366207,57.28056837788543,57.80092239379883,8720000
2018-07-16,57.25283846853001,57.44016895357455,56.8920618686662,57.232025146484375,8306900
2018-07-17,57.072429607686594,57.41239274726432,56.91979158366381,57.10711669921875,7373300
2018-07-18,56.75329593345272,57.114072489288255,56.5382126141566,57.04469299316406,8711900
2018-07-19,57.03081772393618,57.3222200964107,56.69779400298903,56.89899826049805,8659100
2018-07-20,56.69779425174099,56.84349279195917,56.37170477411697,56.47577667236328,9196300
2018-07-23,56.85736657484425,56.8920589720319,56.323138594044245,56.47577667236328,8425900
2018-07-24,56.55902231431667,57.5997305695309,56.53127475229563,57.592796325683594,11121000
2018-07-25,57.59280929521692,58.099284462552575,57.24590646535854,57.99521255493164,9523600
2018-07-26,58.16170193076743,58.55717075609093,57.84255211500763,58.44615936279297,13210100
2018-07-27,56.1774196323404,57.155682416279994,56.06640823634785,56.83653259277344,18220800
2018-07-30,56.982238358737824,56.982238358737824,55.99703591337374,56.71165466308594,11282800
2018-07-31,56.64229014516743,56.99613249194584,56.503531139102094,56.55209732055664,11716800
2018-08-01,56.121942522063634,56.14969538519868,55.65709397451563,55.77503967285156,8936300
2018-08-02,55.42811464070723,55.68482455198034,55.122838561713834,55.441993713378906,8364300
2018-08-03,55.4836352247364,55.71259234538471,55.24773856589117,55.64320755004883,7811100
2018-08-06,55.67788058646427,55.80276576399827,55.324038367898766,55.62931442260742,10041800
2018-08-07,56.13578642755015,56.60756892529129,55.71949903467301,56.38555145263672,10698100
2018-08-08,56.21213573282848,56.35783958859034,55.74728718217474,56.01093673706055,7275000
2018-08-09,56.01091847477465,56.13580367233942,55.58075717353695,55.72645568847656,9828500
2018-08-10,55.73347661369656,55.74048238149986,55.27785035450758,55.670387268066406,12954300
2018-08-13,55.69141773189195,55.90170842941295,54.97643898656683,55.067562103271484,10308500
2018-08-14,55.36896143635208,55.42503965407965,54.73108909041887,54.89230728149414,8005900
2018-08-15,54.52080065811516,54.60491798811654,53.630581644232514,53.9319953918457,16307800
2018-08-16,54.17032875765253,54.74511723787314,54.114250528383614,54.67502212524414,11519900
2018-08-17,54.91335361974647,55.018498976130736,54.53483889342706,54.85728073120117,10178400
2018-08-20,54.857268281503494,55.37597848125382,54.794178942824885,55.242794036865234,8152100
2018-08-21,55.4110369576776,55.78254588637321,55.14466802924334,55.2568244934082,9192200
2018-08-22,55.45308041520392,56.11198612335238,55.38999108140232,56.04889678955078,10098200
2018-08-23,55.76851123403651,55.81757833920213,55.30587929217691,55.43205261230469,7203900
2018-08-24,55.740473128170244,56.11198732873073,55.67037802637309,55.81057357788086,6545200
2018-08-27,56.013856742986555,56.40639361679433,55.97880651586208,56.35732650756836,6671900
2018-08-28,56.48349162511126,56.65172092543683,56.217122772690004,56.27320098876953,8823400
2018-08-29,56.38534977721534,56.80592564497164,56.14702006514231,56.679752349853516,8004800
2018-08-30,56.39235639366016,56.6236749961875,56.161043139045205,56.434417724609375,7450900
2018-08-31,56.24516161479879,56.39937403433186,55.91570878178051,56.19609451293945,10700000
2018-09-04,56.36433354730959,56.56060197002284,55.94375224388015,56.280216217041016,8855000
2018-09-05,56.00684325139449,57.07931384176301,55.79655259339873,57.03024673461914,13878400
2018-09-06,56.85499822985432,57.2265070380407,56.31525477999223,56.39937210083008,13320600
2018-09-07,56.182083337165885,57.429794352195884,55.95076468438027,57.35969924926758,16417800
2018-09-10,57.64709405433239,57.99757493682114,57.240540295059986,57.27558517456055,10817900
2018-09-11,57.4508326361847,58.31301806554648,57.21951394197611,58.08169937133789,11891900
2018-09-12,58.35505619485656,58.726565006256855,58.088692698434976,58.270938873291016,11556300
2018-09-13,58.28496260332817,58.35505769914995,57.48586674555123,57.703163146972656,11162700
2018-09-14,57.77325272694772,58.28495703862696,57.668107419297186,58.12373352050781,9442600
2018-09-17,58.17981204304584,58.60739904131569,58.17280092972153,58.46720886230469,8403300
2018-09-18,58.810699765415265,58.97191799465994,58.49526372695116,58.621437072753906,9219900
2018-09-19,58.62844086869343,59.42052572805799,58.62844086869343,59.322391510009766,10413600
2018-09-20,59.48362459622961,59.82008329831976,59.25931701219797,59.45558547973633,11198200
2018-09-21,59.588772796255,59.883175511643934,59.24529761371967,59.700923919677734,26639400
2018-09-24,60.135507922932035,61.04675497022229,60.08644081536959,60.703285217285156,13549500
2018-09-25,61.004679829035645,61.235998412614386,60.54204800979011,60.63317108154297,12200700
2018-09-26,60.29672357465711,60.63318754649412,60.06541027617716,60.12849426269531,10275500
2018-09-27,60.34579037992538,60.54906991532823,59.9953095287991,60.121482849121094,7895400
2018-09-28,59.756987711756764,60.23364190390198,59.574736163841756,59.59576416015625,9884900
2018-10-01,59.827086727048716,60.303740950358474,59.764002733980675,60.14952850341797,8566900
2018-10-02,60.14252394263592,60.752357279516595,60.01635060605473,60.60515594482422,8453100
2018-10-03,60.64019069444106,60.90655418238021,60.26868189487159,60.38784408569336,10206700
2018-10-04,59.93222210702155,60.33878115452154,59.756981691503945,59.98830032348633,10204600
2018-10-05,59.79905180430401,60.07242648924895,59.532688235051445,59.8200798034668,9217400
2018-10-08,59.434557804677866,60.50001749768163,59.33642357037152,60.373844146728516,13242400
2018-10-09,60.549080737752526,60.899561651523086,60.10046559595936,60.64020919799805,10177900
2018-10-10,60.79440347176463,60.85748745037567,59.2312567108119,59.24527359008789,16573400
2018-10-11,58.838732002413465,58.99995021281104,56.89706492721128,57.19847869873047,20320100
2018-10-12,57.56997936407777,57.647085574716435,56.266190245167806,57.04425811767578,15216300
2018-10-15,57.044266460463824,57.29661312347581,56.651729583740234,56.651729583740234,10558800
2018-10-16,56.434434641367375,56.96716174589853,56.08395374990078,56.918094635009766,9781800
2018-10-17,56.73583160691317,57.142385256107815,56.31525038347145,57.12836837768555,12247700
2018-10-18,56.91809583829441,57.80832031627131,56.91809583829441,57.373722076416016,17448600
2018-10-19,57.24052071615155,57.801286727577285,57.13537541778672,57.45781707763672,12098700
2018-10-22,57.47885388539248,57.60502719320376,56.52554563702124,56.88303756713867,9474100
2018-10-23,56.11899515320038,56.39938091858393,55.17970898926622,55.96478271484375,15465100
2018-10-24,56.168063410949124,56.25919186161475,54.35958615042423,54.408653259277344,16085700
2018-10-25,55.01848059742457,55.41102277360435,54.492759339033306,54.89230728149414,12315500
2018-10-26,54.583891749921406,54.96241172524395,53.94601400967964,54.34556198120117,18160100
2018-10-29,54.724084323633235,54.97643098476362,53.42730613877169,54.00910568237305,15707000
2018-10-30,54.4086432770712,55.396996387757554,54.26844774327374,55.22175598144531,17758200
2018-10-31,55.614316040843114,56.32228907586861,55.30589643331832,55.85264587402344,16629100
2018-11-01,55.95776843431596,56.602651853043504,55.586259624568854,56.546573638916016,14159300
2018-11-02,57.31063422793855,57.79429419928358,56.2381636051593,57.44381332397461,19350400
2018-11-05,57.8293519649803,58.08870977176941,57.08633412379317,57.226524353027344,15815000
2018-11-06,57.29660330840516,57.548949928189444,57.023228694957666,57.47184371948242,9063200
2018-11-07,57.62607814528029,58.277972937373974,57.240552302419175,58.20086669921875,12699800
2018-11-08,58.27094959732924,58.705547816864275,57.1564229580137,57.27558517456055,16865500
2018-11-09,56.82949959241637,57.636696117771756,56.42590132973868,57.26142120361328,15070100
2018-11-12,57.82078911161391,57.87035361578729,56.454218751261365,56.5250244140625,11906600
2018-11-13,56.503798635601136,56.53919877557462,54.97436997258681,55.22927474975586,15530200
2018-11-14,55.83819265111422,56.00104511933464,54.34417008374293,54.797332763671875,18552100
2018-11-15,54.28755311671182,55.36381912231445,53.74942551603872,55.36381912231445,18976000
2018-11-16,55.49125080255443,56.07186592477979,55.30006955621277,55.90900802612305,13704900
2018-11-19,55.55499142187422,56.19225343606371,55.53375025508922,56.09312438964844,9430800
2018-11-20,55.52666544416688,55.86654030306586,54.07512996039386,54.499969482421875,15533700
2018-11-21,54.825666335729224,55.49832829490535,54.7052961581295,54.9177131652832,9685300
2018-11-23,53.84853255993072,53.95473835736024,52.892637166056886,53.45201110839844,10875400
2018-11-26,53.983075614950295,54.74778996625822,53.89811095511213,54.507049560546875,13741100
2018-11-27,54.216735286432076,54.83983282243186,54.09636509234013,54.556610107421875,10344500
2018-11-28,54.54952864497359,55.54790115356445,54.407911883456634,55.54790115356445,11482100
2018-11-29,55.38504986095817,56.31261671046168,55.363808696790485,55.97982406616211,10255200
2018-11-30,55.5478973012914,56.362176066630234,55.45585046428418,56.2913703918457,14040100
2018-12-03,56.81532694964882,57.67917004634108,56.744521289717206,57.50923538208008,19415100
2018-12-04,57.62253169137435,58.0261299536943,56.18515551858795,56.24180221557617,18540700
2018-12-06,55.22926715183089,55.54081859264991,54.46455292552594,55.50541305541992,23218100
2018-12-07,56.2134795706403,56.90030592437121,54.75486221875911,54.974361419677734,16224700
2018-12-10,55.13015627755332,55.13015627755332,52.963470658599235,54.19550704956055,17946200
2018-12-11,55.01684318004001,55.087654252501586,53.58654919161398,54.29461669921875,15742400
2018-12-12,55.25759288871302,55.37088088891609,53.827293395996094,53.827293395996094,14559800
2018-12-13,53.8343820581061,54.67698428235062,53.777735350129056,54.507049560546875,13749700
2018-12-14,54.3229359058718,54.429147104339606,53.16878249911472,53.51573944091797,12669300
2018-12-17,53.28917454044004,53.52991495604842,52.02881494783703,52.425331115722656,15464100
2018-12-18,52.13501368277745,52.297871602214094,50.711801744366916,50.980865478515625,18681200
2018-12-19,51.29947943536408,51.88009446991944,49.77713889258046,50.117008209228516,21679600
2018-12-20,49.628462800841824,50.03206657833132,48.18400943795759,48.59468460083008,28723700
2018-12-21,48.247717627441546,49.82671048387418,47.91492504769165,48.233558654785156,47287300
2018-12-24,47.34848574269723,47.81580758300974,46.335948786204746,46.38551330566406,14262800
2018-12-26,46.85990413839859,48.615913794381115,45.77656180235888,48.601749420166016,24887700
2018-12-27,47.96449041998975,48.81417465209961,46.7891011917749,48.81417465209961,22077000
2018-12-28,48.98411645864903,49.26734457719275,48.02114409687656,48.26896667480469,19710600
2018-12-31,48.3751698436612,48.962867146459374,47.907848117646296,48.28312301635742,15807000
2019-01-02,47.68833813925941,49.4726710060771,47.624614666507256,49.345218658447266,16727200
2019-01-03,49.564728160859026,49.74174504714781,48.40349781897475,48.58759689331055,13866100
2019-01-04,49.30981075667191,50.463958614287804,49.11155275925326,50.37899398803711,16043600
2019-01-07,50.44980773967549,51.05166401474113,50.08869181378565,50.64098358154297,10844200
2019-01-08,51.36321955796982,51.3986196933893,50.9383801180501,51.009185791015625,11439000
2019-01-09,51.40569255291767,51.40569255291767,50.733030678620864,51.27824020385742,13473500
2019-01-10,51.03042484229755,51.037507029939185,50.35776287375356,51.016265869140625,13151100
2019-01-11,50.87465869507119,50.90298204883823,50.322366801932276,50.78261184692383,9790100
2019-01-14,50.421488815074454,50.82508709630856,50.357765329571144,50.718875885009766,11012400
2019-01-15,50.94545423226717,51.235764498966425,50.499373654063014,50.747196197509766,10298300
2019-01-16,50.570191655607154,51.24993597002383,50.492303779797446,50.72596740722656,12595600
2019-01-17,50.40731542701356,51.22158854249687,50.201975251121006,51.07289505004883,10141700
2019-01-18,51.88010465932307,51.8942690348718,51.072908121091444,51.681846618652344,15759200
2019-01-22,51.25700309099923,51.4835844625287,50.75427584173467,50.90296936035156,15035600
2019-01-23,50.98793765071359,51.19327785569767,50.22322352224716,50.48521041870117,13187200
2019-01-24,50.34359262718377,50.95961322913074,50.0178822612968,50.55601501464844,11272500
2019-01-25,51.03043443972624,51.17204580643409,50.65515945603582,50.78261184692383,8996200
2019-01-28,50.286954227079754,50.47105329975749,49.82671464857532,50.44272994995117,13678400
2019-01-29,50.768440291527526,51.11539727452681,50.61266997102205,50.6339111328125,10513200
2019-01-30,50.81801621951481,51.38447253777378,50.63392250788929,51.186214447021484,11524700
2019-01-31,51.18621013895987,52.03588914270771,50.99502885173383,51.8871955871582,19876700
2019-02-01,53.04841369874749,54.160079413556126,52.62357429602863,53.7564811706543,22968700
2019-02-04,53.6431967381158,53.6431967381158,52.68022448035556,52.97761154174805,15483800
2019-02-05,53.23252224231672,53.55823268919404,53.11215204714779,53.5228271484375,12786700
2019-02-06,53.515762221137415,53.650291421144544,53.197128490100184,53.289180755615234,10866900
2019-02-07,53.06966250131204,53.23960260857413,52.326194790016174,52.87848663330078,14418900
2019-02-08,52.80689227281295,53.028828379203794,52.06948672774529,52.96439743041992,11959500
2019-02-11,52.892806864796285,53.136225446867854,52.5491641704745,53.05031204223633,10434800
2019-02-12,53.7519135336089,54.01680358504593,53.56577059268754,53.98101043701172,12599200
2019-02-13,54.10989434229073,54.79718526278615,54.05977955002865,54.58956527709961,13214600
2019-02-14,54.596722667153806,54.87593441539055,54.2029597083059,54.603878021240234,12772900
2019-02-15,55.083556331032085,55.670617650866035,54.94752812915875,55.63481903076172,14330300
2019-02-19,55.527426600139584,56.18608513607398,55.448674008474626,56.007102966308594,13551500
2019-02-20,56.05719469390729,56.422314237307916,55.84241399370684,56.22185516357422,12633100
2019-02-21,55.99278522306972,56.314956428286024,55.56322907821736,55.71357345581055,10266000
2019-02-22,56.35073593380951,56.52255725769799,55.570376430319044,56.14311599731445,9519300
2019-02-25,56.15029032839793,56.45097908310802,55.985624317712286,56.20040512084961,9274400
2019-02-26,56.329261389348744,56.65142706834755,56.121641443866665,56.314945220947266,10990600
2019-02-27,56.4724509333891,57.09531083614016,56.31495121580009,56.89485168457031,12398200
2019-02-28,56.880518837747495,57.095299578997974,56.35073326132442,56.579830169677734,14597900
2019-03-01,56.83042183315774,57.27429962158203,56.57984786473389,57.27429962158203,15419400
2019-03-04,57.4460972326568,57.668038766130394,56.56550829894416,57.496212005615234,18089900
2019-03-05,57.360194060785425,57.56065316920622,57.09529854631448,57.410308837890625,13745500
2019-03-06,56.45095488189249,56.83039607094167,55.742187274761015,56.75880432128906,18633600
2019-03-07,56.95210769205209,57.460416212088674,56.78744175300626,57.388824462890625,16541700
2019-03-08,56.47961164922457,56.78746119204715,56.02141774299129,56.56552505493164,16211300
2019-03-11,57.2599721401231,57.481908259447415,57.02371438994456,57.116783142089844,11060900
2019-03-12,57.35305222052993,57.68953960474318,57.19554702263412,57.27429962158203,11320000
2019-03-13,57.69667938084551,57.818391385876176,57.41746768254826,57.7825927734375,10260200
2019-03-14,57.84701765380696,57.925770215794614,57.52484659237556,57.58928298950195,9976700
2019-03-15,57.4031298065319,57.66802523693826,57.34585423313064,57.38165283203125,25316400
2019-03-18,57.58930667692453,58.16920717908319,57.58930667692453,58.04750061035156,9840600
2019-03-19,58.40545293717667,58.706141619935416,57.73247834634398,57.89714431762695,13936500
2019-03-20,57.81122412050165,58.64885912193167,57.675195962934104,58.219303131103516,13133600
2019-03-21,57.85418518479102,58.62738934048285,57.84702983190417,58.5557975769043,10117000
2019-03-22,58.154858520324254,58.305202808668575,57.48904497931398,57.61791229248047,12497700
2019-03-25,57.27428609504629,57.58929641644155,56.98075275700043,57.217010498046875,11320400
2019-03-26,57.51054153584142,58.18351065631238,57.40315116128819,57.96157455444336,9472800
2019-03-27,57.968738701946116,58.212151800299395,57.145419732506994,57.5177001953125,7258700
2019-03-28,57.29574956122955,57.83985668015563,57.28858874776861,57.80405807495117,7412300
2019-03-29,58.22647574752373,58.333866132523625,57.61793751532679,57.8470344543457,10889200
2019-04-01,58.15487980279621,58.548637236722186,58.04748942550677,58.51284408569336,10816400
2019-04-02,58.52715978528944,58.6703433124618,58.068965943816146,58.262264251708984,7646000
2019-04-03,58.54145613035185,58.54145613035185,57.71098212217765,57.918601989746094,8562900
2019-04-04,58.076144633890905,58.76343560764012,57.825565191062,58.74195861816406,9360600
2019-04-05,58.81355550432239,59.085606498117535,58.67036645855895,59.056968688964844,10059100
2019-04-08,59.18583461473744,59.56527601781299,59.12855899786852,59.42209243774414,9108200
2019-04-09,59.07842782989921,59.12138726169995,58.52000437540708,58.65603256225586,8561600
2019-04-10,58.64885941354033,58.76341059145114,58.283739823676406,58.3911247253418,10324300
2019-04-11,58.37682122269938,58.756262523163855,58.00453527583092,58.67034912109375,9115100
2019-04-12,59.28603825638549,59.28603825638549,57.689520735407285,57.93293380737305,16638700
2019-04-15,57.91147591091588,58.03318248700761,57.64658030815488,57.739654541015625,8536100
2019-04-16,57.85419583992304,58.24079798897031,57.7682878926475,58.13340759277344,7005700
2019-04-17,58.383993863807405,58.49137881051788,58.04750646517301,58.29808044433594,8311400
2019-04-18,58.391135806833496,58.58443959071806,58.04033231658241,58.08328628540039,9493900
2019-04-22,58.61306981072302,59.57957221885116,58.44840384804584,59.3504753112793,10770600
2019-04-23,59.55809579411705,59.772871074542046,59.192970716663034,59.69411849975586,10595100
2019-04-24,59.42922766189286,59.47934243954513,58.51284003505074,58.53431701660156,11684000
2019-04-25,58.45556460930938,59.30751583182401,58.27658247974144,58.863643646240234,11135000
2019-04-26,57.467582582341244,57.725317298552405,56.95927396484184,57.62508773803711,18053500
2019-04-29,57.36019799323274,57.54633548546964,57.030871512235045,57.2528076171875,10023700
2019-04-30,57.53917929893841,57.653725026185995,57.22416899033018,57.4747428894043,13721500
2019-05-01,57.23133397285698,57.460430906136665,56.28630844031554,56.32210159301758,13909800
2019-05-02,56.042877892330914,56.200383024424625,55.29831165286099,55.334110260009766,15360400
2019-05-03,55.692079080938925,55.99276774225096,55.44150519651223,55.462982177734375,12180700
2019-05-06,55.06920678996431,55.59899769608544,54.918862493502836,55.21955108642578,13367100
2019-05-07,54.76852407913249,54.9761439761917,54.24589392969373,54.926029205322266,13498800
2019-05-08,54.797160942843114,55.334107248246085,54.71124756762254,55.01193618774414,11352900
2019-05-09,54.66115664663508,55.04059799406996,54.381944882971574,54.96184539794922,13221600
2019-05-10,55.16459665829227,55.60631938730977,54.43321886561744,55.43976593017578,11056000
2019-05-13,54.78079532079064,55.20079480462173,54.570795578875085,54.824241638183594,12176100
2019-05-14,55.128390437945946,55.61356504163882,54.86046404866015,54.89666748046875,10548400
2019-05-15,54.72287492078273,55.432529563365684,54.46218591123887,55.30218505859375,8918000
2019-05-16,55.3239031905164,55.722174039918755,55.19355869759861,55.29493713378906,8105200
2019-05-17,54.7808090629099,55.25149787667802,54.737357209907024,54.969085693359375,9279400
2019-05-20,55.070466748529846,55.294946821608136,54.79529192376406,54.96184539794922,7154300
2019-05-21,55.2297665220441,55.36735392127522,54.983563307326165,55.21528625488281,8489900
2019-05-22,55.04874247209333,55.19357279271618,54.59253939273296,54.715641021728516,7858300
2019-05-23,54.14355941741984,54.16528810332098,52.89080924126238,53.43391036987305,14657200
2019-05-24,53.687356101464644,53.7670113751083,53.180463928014426,53.658390045166016,7056400
2019-05-28,53.75977129235267,53.767014187983825,52.49253526772005,52.57943344116211,14912900
2019-05-29,52.0580472636225,52.44908069555447,51.862533310011386,52.25356674194336,13645200
2019-05-30,52.152200749959945,52.23185604267128,51.797376143607785,52.115997314453125,9362100
2019-05-31,51.55116923080769,51.811858256667776,51.14564989907463,51.24702835083008,13983300
2019-06-03,51.478740792225004,52.14494901363178,51.39184815117509,52.05080795288086,11831000
2019-06-04,52.46357203255684,53.33978013561859,52.26081514166057,53.289085388183594,10423000
2019-06-05,53.325288635015966,53.325288635015966,52.55770748030496,52.84736251831055,10617800
2019-06-06,53.37597933027907,54.03494469810608,53.289081159058114,53.81045913696289,11738900
2019-06-07,53.95528460174548,54.28114304646721,53.89735249277407,54.00597381591797,9095500
2019-06-10,54.4477062338377,54.5490846803464,53.91184241690777,54.24494934082031,7760400
2019-06-11,54.679426584749955,54.89666373491291,54.179771747366914,54.194252014160156,9415100
2019-06-12,53.93356817269555,54.02770371798925,53.448393605400106,53.607704162597656,7920800
2019-06-13,54.092876110978644,54.433220406054296,53.861153158437276,54.07839584350586,8986400
2019-06-14,54.07838612428872,54.17252165772078,53.75252767996161,53.839420318603516,8575900
2019-06-17,53.701842192548845,54.447700191104744,53.614944023166565,54.375282287597656,9355700
2019-06-18,54.61425102914393,55.193561139904084,54.563561808805716,54.84597396850586,10091500
2019-06-19,54.5997717166399,54.92563020669278,54.433218261354824,54.541839599609375,9757400
2019-06-20,55.208035542634,55.7366563769085,55.09217684761429,55.47596740722656,16229700
2019-06-21,55.85974983161693,56.30871533061894,55.6642358951845,56.258026123046875,23108100
2019-06-24,56.14216361501982,56.30871703047554,55.62078573584819,55.722164154052734,10011800
2019-06-25,55.816304455482616,55.91768287232965,55.171825009222445,55.22975158691406,9740000
2019-06-26,55.526666861759,55.85252537159739,55.37459918885367,55.46873474121094,11365500
2019-06-27,55.461485363338205,55.57734959089359,54.8604576382036,54.90390396118164,8147800
2019-06-28,55.17184381972197,55.56287735718502,54.99081008152859,55.49045944213867,14781300
2019-07-01,55.852522600356465,56.43183272767113,55.24425193891581,55.43976593017578,11437900
2019-07-02,55.13563253377309,55.22976808476218,54.60701713441061,54.83149719238281,10475400
2019-07-03,54.90389776770206,55.39630962984463,54.766310394178305,55.35286331176758,5246100
2019-07-05,55.171816395359656,55.28767505736348,54.73733121989694,55.12836456298828,6880800
2019-07-08,55.13562341711801,55.54113713858684,54.9763128766238,55.381832122802734,7876100
2019-07-09,55.36011472857914,55.591837691636584,54.83874220523332,55.34563446044922,7863000
2019-07-10,55.61355810117725,56.21458582153501,55.5701062538341,56.12769317626953,8077400
2019-07-11,56.05527625619155,56.20010100304269,55.79458729209152,56.17113494873047,6404000
2019-07-12,56.301493980070404,56.39562953737893,56.120460237369215,56.214595794677734,6139000
2019-07-15,56.21458554375536,56.29424081799538,55.678727309994606,55.816314697265625,7116400
2019-07-16,55.700473786497774,55.8090951627204,54.882203065084354,54.98358154296875,10197400
2019-07-17,54.845978319283475,55.00528888861571,54.563566137180366,54.65770721435547,7419300
2019-07-18,54.3318394098942,54.505630234966716,53.71632586403306,54.194252014160156,11424500
2019-07-19,54.23768697796625,54.491133003272225,53.97699805916324,54.3028564453125,11243100
2019-07-22,54.48391858580998,54.52737044479328,53.948060205852386,54.360816955566406,8368800
2019-07-23,54.41873053900736,54.86769057270887,54.12907551824865,54.578041076660156,8551200
2019-07-24,54.592535390664786,55.07046712661624,54.2015018407167,54.5708122253418,8260200
2019-07-25,54.87492422060326,54.87492422060326,54.16527534027215,54.2594108581543,9083900
2019-07-26,54.21596007301446,54.36802767768219,54.020440635078366,54.172508239746094,7677300
2019-07-29,54.223222593998656,54.585290065839565,54.09287808314748,54.55632400512695,7091900
2019-07-30,54.35354931385207,54.71561666718113,54.23044773965044,54.56354904174805,6961200
2019-07-31,54.33908401522849,54.78804964589417,53.77425967243962,53.84667205810547,13104600
2019-08-01,53.3977055314977,53.781496141327004,52.3332263534665,52.4708137512207,17132800
2019-08-02,52.579432908065115,53.05012167452709,51.543919831732985,51.9566764831543,21376700
2019-08-05,51.25427560778384,51.355654068164114,50.40703896401512,50.892208099365234,19080900
2019-08-06,50.899443968746745,51.42082199283655,50.89220107265912,51.384613037109375,12282400
2019-08-07,50.5880564084014,51.32667145656929,50.2549550710151,51.0515022277832,15231100
2019-08-08,51.30496567799229,52.434620079558194,51.138417715231405,52.41289138793945,14304100
2019-08-09,52.23185281189315,52.31875099621546,51.02979164801337,51.2977180480957,13686600
2019-08-12,51.36370036436533,51.43701871598657,50.82851219532172,51.0484504699707,9542600
2019-08-13,50.784524801622176,51.774266706759015,50.527927327233364,51.678955078125,12403300
2019-08-14,50.63788005758946,50.65254036767525,49.596824645996094,49.596824645996094,18114400
2019-08-15,49.45753970502211,49.53085246178768,48.77572043963317,49.30358123779297,12874400
2019-08-16,49.692148014967756,50.19068263319704,49.318245652944476,50.07338333129883,12649000
2019-08-19,50.564585147302594,51.06311976703132,50.483939429890206,50.91648864746094,10032800
2019-08-20,50.80652070573592,50.80652070573592,50.37396590832918,50.60857009887695,9743500
2019-08-21,51.29037353461016,51.30503943827278,50.85782446442044,51.11442184448242,10134200
2019-08-22,51.253733282215805,51.29038686409122,50.76985901685979,51.00446319580078,8972000
2019-08-23,50.45461394808219,50.97514184505127,49.14229477400294,49.47953796386719,15371900
2019-08-26,49.94140836800611,50.04404733465023,49.50885364280228,49.74345779418945,7343900
2019-08-27,49.948740578969414,50.176017392960254,49.09830254511494,49.25959396362305,9490900
2019-08-28,49.50885970154356,49.83877550047733,49.23760193939018,49.618831634521484,9647400
2019-08-29,50.073376079810494,50.344633822457794,49.91941202867,50.16868209838867,9004100
2019-08-30,50.3006473578184,50.645223446581255,49.89741882981836,50.20534133911133,9180800
2019-09-03,49.772775566137796,50.35195569014854,49.58215797754361,50.26397705078125,9849700
2019-09-04,50.95314135278225,51.03378705994967,50.65255179090286,50.7991828918457,6959200
2019-09-05,51.20240076021732,51.72293412522481,51.099761796430954,51.51765060424805,9901500
2019-09-06,51.576300326085416,52.01618237537709,51.40768157733541,52.001522064208984,10418500
2019-09-09,52.170139767416494,52.83729291203904,52.03817461008193,52.412071228027344,12840200
2019-09-10,52.88862264423951,53.409150423198966,52.50739300098897,52.837303161621094,13810800
2019-09-11,53.357820090377025,53.401806611275646,52.45606285153752,52.73465347290039,10525700
2019-09-12,52.038177961117995,52.90328169415287,51.832894463842514,52.77131652832031,9100700
2019-09-13,52.97660492060817,53.31384805708091,52.829973822095354,53.25519561767578,7337200
2019-09-16,55.0147195927579,55.117358546258664,53.95899825000324,54.0543098449707,19830200
2019-09-17,54.12029043878978,54.31090803816218,53.2478537276272,53.64374923706055,14452200
2019-09-18,53.26254043253644,53.497144648998884,53.027936216073996,53.38717269897461,7292200
2019-09-19,53.497124208234524,53.658415594188064,52.92527699869279,53.027915954589844,8050200
2019-09-20,53.145215110022185,53.15254806211479,52.68333980945254,52.84463119506836,19736600
2019-09-23,52.43407161564032,53.04991096470888,52.39008508835106,52.88128662109375,7495200
2019-09-24,52.64669635205138,52.69068848433058,51.92089049360491,52.155494689941406,13307100
2019-09-25,52.03817530714601,52.39741162060098,51.92087045754263,52.30943298339844,8035200
2019-09-26,52.2141494267944,52.3094554630019,51.818253779354364,52.03086471557617,8420200
2019-09-27,51.832909323251506,52.54405483225281,51.78158983257126,52.404762268066406,8224000
2019-09-30,52.22880119482095,52.38275965583875,51.74493254496569,51.76692581176758,9768900
2019-10-01,51.92821192621892,51.986864360640745,50.52058706051927,50.54990768432617,10279100
2019-10-02,50.05137060776518,50.2859747399985,49.12761998338605,49.23025894165039,14503700
2019-10-03,49.120285905878326,49.853424501488455,48.61441848501819,49.83876419067383,10788400
2019-10-04,49.934079255897466,50.637891764193945,49.7214683533801,50.564579010009766,10534800
2019-10-07,50.36661841402652,50.608555488829936,49.86808395385742,49.86808395385742,10993000
2019-10-08,49.516180349520184,49.79477099621117,48.85635450903788,48.90034103393555,9748700
2019-10-09,49.34023213282165,49.63348311067187,49.26691379495522,49.44287109375,8580900
2019-10-10,49.43554294868091,50.11736216595407,49.39888377618275,50.03671646118164,7100100
2019-10-11,50.57191467285156,50.9458114172439,50.50592927516739,50.57191467285156,10101900
2019-10-14,50.29330701566764,50.857826871930655,50.285974063489206,50.718528747558594,6234600
2019-10-15,50.63055130825831,51.319703400960414,50.59389773329989,50.89448165893555,6645700
2019-10-16,50.7405293821525,50.97513354531237,50.00739067310235,50.022056579589844,9765800
2019-10-17,50.205340009744525,50.49859101135662,49.91208341472811,49.95606994628906,9757200
2019-10-18,49.75813398725469,49.96341196298342,49.5675163269043,49.5675163269043,13472700
2019-10-21,49.72145656002669,50.41793594968653,49.72145656002669,50.39594268798828,10199300
2019-10-22,50.42528613329486,51.14376462358295,50.32998010223229,50.652557373046875,9536000
2019-10-23,50.55724099475814,51.143754156318906,50.42527581307717,51.13642120361328,8641800
2019-10-24,51.29039014728002,51.356375548327335,50.601237880412384,50.652557373046875,9003600
2019-10-25,50.513261865716025,50.93848369047399,50.513261865716025,50.769859313964844,7607200
2019-10-28,50.92379752908152,51.0777559367972,50.27863768816782,50.32262420654297,11209600
2019-10-29,50.20534016546624,50.608563090635705,50.02938285186803,50.1760139465332,13894400
2019-10-30,50.12469264968175,50.12469264968175,49.31823564168855,49.64815139770508,12840600
2019-10-31,49.457543218134106,49.64816087398855,49.22293902377678,49.53818893432617,16169100
2019-11-01,50.13935397748342,51.03378406380762,50.080701540549704,51.026451110839844,14108700
2019-11-04,51.37103125935981,52.69068322798432,51.27572523683875,52.54405212402344,15858200
2019-11-05,52.81529856311958,53.607089490812015,52.676000457302514,53.58509063720703,14930400
2019-11-06,53.32116702006676,53.423805965393306,52.19946038602149,52.412071228027344,13996500
2019-11-07,52.807972816927645,53.54111142184049,52.78597955372485,53.526451110839844,13073800
2019-11-08,53.1332113301199,53.27418940282526,52.42833228831432,52.509944915771484,12106000
2019-11-11,52.094435865368304,52.39122911572681,51.91636217949736,52.19089126586914,8674000
2019-11-12,52.138950033647,52.2428324773494,51.18180048615154,51.47117233276367,13918600
2019-11-13,51.21147920632685,51.307940270897795,50.89984883046825,51.048248291015625,11773700
2019-11-14,51.09276261557162,51.174380899371286,50.58821579792841,50.82564926147461,11279800
2019-11-15,50.981451586756044,51.419222785925506,50.95177170368872,51.33760452270508,11252800
2019-11-18,50.974025992699545,51.06306563455101,50.67723850824483,50.84046936035156,10095600
2019-11-19,50.75143667216849,50.87015053680274,50.291407002171724,50.32108688354492,12605500
2019-11-20,50.20980770914712,50.85533263591386,49.95011572511247,50.47692108154297,16930700
2019-11-21,50.4694951628021,51.75312351274986,50.395298268432555,51.693763732910156,14080900
2019-11-22,51.7234429022778,52.07217452790271,51.44149244325729,51.47117233276367,12143600
2019-11-25,51.47117014786139,51.52310853707781,50.98146048308389,51.129859924316406,10670000
2019-11-26,51.13726834804615,51.2263080000703,50.781121061667655,51.00371170043945,15457000
2019-11-27,51.018563649557294,51.263412830161265,50.758871693850004,50.97404098510742,8393900
2019-11-29,50.69950492554148,50.84789869095611,50.454650117834,50.55110549926758,7980800
2019-12-02,50.8256523567381,51.107602842851044,50.729196952219084,50.766292572021484,11116900
2019-12-03,50.454655510006724,50.64015056702881,50.09850250974597,50.36561584472656,12245800
2019-12-04,50.64015742002222,51.018568972597436,50.558539131018534,50.93695068359375,11049700
2019-12-05,51.11501650388066,51.17437627962361,50.61046973178522,50.75886917114258,13109000
2019-12-06,51.01856514933231,51.842163705115084,51.01856514933231,51.575050354003906,13710800
2019-12-09,51.256013180991566,51.91637535872369,51.211490502576225,51.686363220214844,12397700
2019-12-10,51.686354086748125,52.04992287453327,50.97404796659234,51.24116134643555,14281800
2019-12-11,51.00370608279996,51.76052888949978,50.95176770672122,51.16694259643555,13748400
2019-12-12,51.166960496035735,52.220571156991035,51.12244348978311,52.19089126586914,17068500
2019-12-13,52.29477349158691,52.339290497649166,51.285679841199645,51.3672981262207,12274500
2019-12-16,51.71601756772226,52.12410894121442,51.71601756772226,51.93861389160156,15208700
2019-12-17,51.923783486425506,52.220571075460235,51.4266523869855,51.70118713378906,14450700
2019-12-18,51.664079945156445,52.153789600597236,51.404388004025606,51.842159271240234,13652300
2019-12-19,51.931187000751834,51.97570965732485,51.374701910891226,51.486000061035156,13273200
2019-12-20,51.83474803162158,52.109282800767375,51.48601635917881,51.894107818603516,35092000
2019-12-23,51.834730221541435,52.16120327690716,51.589875430017145,52.15378189086914,14172500
2019-12-24,52.198300232413345,52.3095983824201,51.8718328294817,51.95344543457031,3979400
2019-12-26,52.07959499055906,52.3096070540734,51.946038320582346,52.035072326660156,8840200
2019-12-27,52.0870143378036,52.168632622955,51.84958087032509,51.85700225830078,10516100
2019-12-30,52.00540589624952,52.265103576810745,51.49344324623042,51.55280303955078,12689400
2019-12-31,51.211480171318044,51.79022958706746,51.20406444379639,51.775386810302734,13151800
2020-01-02,52.116678528657985,52.69542207748616,52.116678528657985,52.606388092041016,12456400
2020-01-03,52.93286377739042,52.95512793810313,52.057332591916094,52.183467864990234,17386900
2020-01-06,52.176045602896494,52.94770566306573,52.109270104457174,52.584136962890625,20081900
2020-01-07,52.309597032513985,52.324434143731104,51.57503831880003,52.15378189086914,17387700
2020-01-08,52.02023874552877,52.153795424575925,51.32277545929806,51.3672981262207,15137700
2020-01-09,51.30051781114211,51.864424427722646,50.92210627072591,51.76054763793945,14811800
2020-01-10,51.88667930015483,51.90893780199925,51.28567710691515,51.300514221191406,11995600
2020-01-13,51.34502950257346,51.84216055748355,51.2782539992801,51.79022216796875,9953900
2020-01-14,51.478599885403014,51.626999367025974,51.11503106193421,51.34504318237305,16261000
2020-01-15,51.3450345762802,51.634406440865746,51.11502249439437,51.2634162902832,11390300
2020-01-16,51.41922515696176,51.626978687154065,51.048235092801455,51.063072204589844,13340300
2020-01-17,51.01112954380759,51.25598432422395,50.66981939270843,50.87015151977539,18144100
2020-01-21,50.736593642349995,50.76627352357186,50.09107462356465,50.14301300048828,17982600
2020-01-22,50.12818584914055,50.2320626353553,49.712678704281544,49.85365676879883,17033100
2020-01-23,49.4975056980459,49.66074227164473,49.00780163810994,49.542022705078125,19605900
2020-01-24,49.3713664433154,49.47524322529724,49.00037631884882,49.2081298828125,18238600
2020-01-27,48.54035545171237,48.77037322055984,48.006128668514656,48.03580856323242,21231000
2020-01-28,48.31033489648652,48.37711040227975,47.95418188300901,47.969024658203125,19664700
2020-01-29,48.25097991950311,48.325176820277676,47.41254418511521,47.568359375,14202800
2020-01-30,47.32349726168872,48.13967436696062,47.063805318310365,48.072898864746094,18544700
2020-01-31,46.89315603987275,46.89315603987275,45.898902313761965,46.09181594848633,34282900
2020-02-03,45.54274741979846,45.572424477943294,44.79334580064965,45.06045913696289,27389300
2020-02-04,45.59468182100618,45.93599201846893,44.437191741715026,44.496551513671875,31922100
2020-02-05,45.07529416132393,46.692811116510335,44.96399600653152,46.54441452026367,32099200
2020-02-06,46.69281694015907,46.752173887803096,45.83953852813988,45.91373825073242,16055400
2020-02-07,45.565000131290816,45.7504951656684,45.30530821533405,45.609519958496094,15112500
2020-02-10,45.51920732833254,45.54931331346802,44.871943003243594,45.127838134765625,20934500
2020-02-11,45.59447672456616,45.827790954390586,45.28589465351957,45.55684280395508,14908700
2020-02-12,46.16647264432182,46.30947177018747,45.579420276903555,46.11378860473633,17862100
2020-02-13,45.95573409593308,46.226679340682345,45.579417906428084,45.85789108276367,16949400
2020-02-14,46.02347580418181,46.031000865468535,45.36868350070256,45.647159576416016,10855300
2020-02-18,45.27083037300691,45.45146050276543,44.74398723092697,45.06761932373047,18948500
2020-02-19,45.24073233186134,45.624573578241375,45.029996186481284,45.41383743286133,12804900
2020-02-20,45.33104733090307,45.56436439934245,44.94720608521468,45.052574157714844,14817200
2020-02-21,44.789156839575966,44.789156839575966,44.2472634157609,44.50315856933594,20315700
2020-02-24,43.366673305353906,43.50214735211066,42.418357849121094,42.418357849121094,32096600
2020-02-25,42.71188698713173,42.71188698713173,40.619569917780325,40.79267501831055,36414500
2020-02-26,41.05609587855026,41.2593069662906,39.83683222317291,39.89704132080078,29801000
2020-02-27,38.91862593799086,39.468047319197794,37.48109797591104,37.496150970458984,48141300
2020-02-28,36.705888496028855,38.715415954589844,36.13388617067767,38.715415954589844,62446700
2020-03-02,39.58093763119293,40.55935916710084,38.48209502734351,40.55183410644531,38127600
2020-03-03,40.60451562170663,40.75504266504834,38.3691966364033,38.61003875732422,50580700
2020-03-04,39.30998855340747,39.49814664692621,38.474566158813914,39.45298767089844,24079600
2020-03-05,37.9477345888119,38.15847367066321,36.90910366045441,37.714420318603516,40788200
2020-03-06,36.758564243233025,36.886510365159424,35.52424764341908,35.893035888671875,55640500
2020-03-09,31.392293897336934,33.544822827507595,30.707398589652133,31.505189895629883,72896300
2020-03-10,34.74904019787106,34.81677723586373,31.196616847214226,32.671775817871094,60445900
2020-03-11,31.90409353002781,32.72446312938196,31.42240915445571,31.59551429748535,51986100
2020-03-12,30.03003708742945,30.594511447185152,27.847401747948037,27.98287582397461,65725300
2020-03-13,30.112828522672835,30.210671562816415,26.342140527567043,28.690353393554688,79891500
2020-03-16,25.89055878325634,28.50971950178694,25.025030272038006,25.958295822143555,48924700
2020-03-17,26.500187395409966,28.133401275279084,25.740029897948325,27.70440101623535,41204400
2020-03-18,26.003449653718654,27.629135573386403,23.504710237767576,24.92718505859375,54036400
2020-03-19,25.386295975569016,26.2668775661961,24.34766223595373,25.91313934326172,49412400
2020-03-20,26.22171669356967,26.477611861132345,23.753081550537274,24.641189575195312,76534600
2020-03-23,24.483135453104875,24.61108447705217,22.66176609589906,23.6702938079834,56952500
2020-03-24,25.90560488806766,27.222711540183077,25.08523835811498,26.673290252685547,61835600
2020-03-25,27.478603435284693,29.04407996466892,26.477603990164308,28.065658569335938,56607700
2020-03-26,28.223715241985648,29.77413903286205,27.636662883693077,29.21718978881836,46722000
2020-03-27,27.94524274293713,28.35919000245622,27.24529435803227,27.809768676757812,51558600
2020-03-30,27.267871341771876,28.71292703394429,26.98939815936222,28.22371482849121,45835000
2020-03-31,28.855930653798932,29.691353202325374,28.125876197687504,28.577457427978516,41491600
2020-04-01,27.742037294324277,29.12688135317978,27.35066800909713,28.246299743652344,36045900
2020-04-02,29.156983208986983,31.580457814876834,28.524771818088535,30.406352996826172,62000200
2020-04-03,31.196611294417263,31.746032562090946,28.991398292471573,29.510713577270508,48425700
2020-04-06,30.014984496939817,30.72998593645849,29.52577223014675,30.45903778076172,41301900
2020-04-07,32.28793249756796,32.6040367410568,30.978350801956584,31.038562774658203,48921800
2020-04-08,31.572929845982436,33.145931681397094,31.211666637460166,33.0029296875,33355600
2020-04-09,34.21466870636227,35.155459219874636,31.414878090473522,32.461036682128906,60107300
2020-04-13,33.454510552867234,33.63514071998385,31.587982556628692,32.182559967041016,29651900
2020-04-14,32.36319095872701,32.92766521963504,31.542821584698093,31.93419075012207,30769000
2020-04-15,30.85792763930077,30.90308661577084,29.63866398525578,30.4665584564209,33125000
2020-04-16,30.466558584309183,30.466558584309183,29.299978962383356,29.465559005737305,30934000
2020-04-17,30.014988892016614,32.60404400244323,30.007460958219895,32.52878189086914,40829100
2020-04-20,30.669770319191407,32.1675100593971,30.51171820414805,30.9934024810791,39260800
2020-04-21,30.406353196935264,31.708407036662926,29.826825845542306,30.82782554626465,44381600
2020-04-22,32.06213596752733,32.310506013437916,31.505189653590918,31.70840072631836,27074200
2020-04-23,32.461035461278165,33.61256208776796,32.22019332856219,32.70187759399414,35271000
2020-04-24,33.41686647216397,33.78565459429248,32.461023358241114,32.912601470947266,28653800
2020-04-27,32.80724328582671,33.35666454062952,31.783662860580307,33.07066345214844,28274400
2020-04-28,33.39429745638962,34.16198281839526,33.19861430343821,33.84587860107422,26545100
2020-04-29,34.816769395295026,35.82529680547861,34.7415073127252,35.71992874145508,29502500
2020-04-30,35.88551911058917,35.88551911058917,34.44799109912041,34.97483444213867,37076300
2020-05-01,34.34262719293807,34.914626719843874,32.36320260198789,32.468570709228516,35399300
2020-05-04,31.994407493093263,33.8233047653087,31.776146242043687,33.77814865112305,27465600
2020-05-05,34.81677850608978,35.48662384892869,33.612567643470165,33.740516662597656,29276200
2020-05-06,33.815776546564344,34.07167169696757,33.04056603404795,33.10830307006836,22659000
2020-05-07,33.83836421310939,34.07168137479964,33.09325947630784,33.296470642089844,22160300
2020-05-08,34.10177944081105,34.78667489759893,33.8534093389217,34.756568908691406,19977400
2020-05-11,34.70388444070325,34.7716214793871,34.25230322578921,34.425411224365234,22258000
2020-05-12,34.84737955901564,35.039185927156595,33.8499870300293,33.8499870300293,25439100
2020-05-13,33.55844866140777,33.65818588105901,31.91658343707153,32.169769287109375,30827900
2020-05-14,31.509949210750765,32.64544253323253,30.84246388421566,32.453636169433594,24856500
2020-05-15,32.51501526992174,32.998365194381876,32.10838379275118,32.22346878051758,22445600
2020-05-18,34.06481969198249,34.9701461841194,33.80396285650688,34.7860107421875,32026100
2020-05-19,34.94711297187447,35.7757177277883,33.70420876473608,33.71187973022461,21771600
2020-05-20,34.23360185653712,34.97014057948675,34.195241165913295,34.80902099609375,19352400
2020-05-21,34.86271720402544,35.13124781988386,34.05713120991478,34.18756103515625,19130700
2020-05-22,33.79628821016858,34.27196727838399,33.33595400566767,34.21826171875,15406400
2020-05-26,35.09289308671168,35.52253746212502,34.88574186568048,35.22332000732422,20356500
2020-05-27,35.79873855629551,36.1670064126147,34.83970676586032,35.476505279541016,20788300
2020-05-28,35.622286519201246,35.64530235173012,34.47144806502089,34.555843353271484,19698000
2020-05-29,34.38705575423952,35.054541295974246,34.04180360274438,34.8857536315918,25874700
2020-06-01,34.77065502008772,35.63762054472017,34.37169745943149,35.5071907043457,19031000
2020-06-02,35.95219129215274,36.40485450324867,35.86779600973485,36.29744338989258,22319000
2020-06-03,36.826818405464344,37.90093511298342,36.7884577216385,37.77817916870117,23418000
2020-06-04,37.50198492517182,37.7091361705806,36.94958160408173,37.670772552490234,18731400
2020-06-05,39.62719078025715,41.00819583474058,39.588827171098124,40.72432327270508,41328900
2020-06-08,41.98258757021551,42.473611507010204,41.01588163375913,41.99793243408203,33579400
2020-06-09,40.570888643936826,41.407164625768864,40.2409814172771,41.061912536621094,27276900
2020-06-10,41.04656950649342,41.04656950649342,38.82161410086864,38.85997772216797,31156800
2020-06-11,36.46623049364291,37.471297046395,35.36909769175372,35.430477142333984,39183000
2020-06-12,36.85751361998255,37.30250288684468,35.223322490039,36.190025329589844,30978100
2020-06-15,34.79368052041033,36.64269413819347,34.333346321430895,36.167015075683594,27929300
2020-06-16,38.03136852116444,38.16946934791867,36.24373459420834,36.98027038574219,26203400
2020-06-17,36.82682837339529,36.926568519725244,35.75271137514458,35.77573013305664,19279400
2020-06-18,35.37676401459946,36.312779948475814,35.11590725893224,35.99821472167969,21478700
2020-06-19,36.99560948821309,37.026296279700254,35.27702331542969,35.27702331542969,48899900
2020-06-22,35.05452695276379,35.62994599423437,34.832033814378605,35.614601135253906,17565400
2020-06-23,35.98287913509896,36.22839107470465,35.67598774722526,35.82943344116211,18916600
2020-06-24,35.223328548331814,35.261689244476514,33.94973411988676,34.14154052734375,27626900
2020-06-25,33.796283048934285,34.709283276749325,33.520081397720766,34.655574798583984,19353600
2020-06-26,34.43308700322349,34.47911866779284,33.374314817125835,33.46638107299805,31518600
2020-06-29,33.61214951833731,34.20291349241286,33.404998286383574,34.00343322753906,17052100
2020-06-30,33.32060031108085,34.50212816335835,33.11344909593615,34.31032180786133,22153600
2020-07-01,34.13386111216591,34.81669128546473,33.5047335587938,33.535423278808594,17290100
2020-07-02,34.23360115287239,34.67091945580779,33.7042166089856,33.81930160522461,18216600
2020-07-06,34.271962559297755,34.58652783203055,33.63516689986412,34.0571403503418,22692000
2020-07-07,33.681207841261276,33.75792923701558,33.075098863907876,33.17483901977539,17407600
2020-07-08,33.10578409354728,33.70421909395269,32.8679431162597,33.09811019897461,18291400
2020-07-09,32.91397462515976,33.0674173814632,31.678741120479426,31.732446670532227,25882000
2020-07-10,31.548314669294104,32.76820344461147,31.532969806661605,32.722171783447266,18951000
2020-07-13,32.975347404590295,33.2131883326742,32.399928353477016,32.729835510253906,20028300
2020-07-14,32.630091138137225,33.90368502163196,32.42293995551231,33.81161880493164,21444100
2020-07-15,34.54816808829229,34.594202678258554,33.91904332575376,34.24127960205078,17332400
2020-07-16,33.99576274306961,34.379375490637266,33.59680513439129,33.97274398803711,14673700
2020-07-17,34.011109811917976,34.287308549639654,33.289915926567346,33.38965606689453,17958900
2020-07-20,33.15181950327242,33.3819866120175,32.59174513219041,32.60708999633789,18553900
2020-07-21,33.10578029161265,34.6709180303704,33.07509057031294,34.25661849975586,28821800
2020-07-22,33.87300452965604,33.87300452965604,33.27456669304532,33.458702087402344,21345400
2020-07-23,33.297588667145874,33.6198219800216,33.00604215068706,33.52775573730469,17934400
2020-07-24,33.66585831827713,34.0801578954491,33.13647080993161,33.32060623168945,16415300
2020-07-27,33.16714943456489,33.82696366217041,32.9676721439255,33.81161880493164,18547900
2020-07-28,33.688864092932285,33.94972082196698,33.34361210939632,33.412662506103516,19190500
2020-07-29,33.535429060540814,33.82697559748034,33.2515564182944,33.780941009521484,14143200
2020-07-30,33.09043936937553,33.128800062199396,32.093046722288676,32.12373352050781,29901100
2020-07-31,31.578994615965364,32.35389091518963,31.38718828255286,32.28484344482422,32116200
2020-08-03,32.261841286829,32.60709344988039,31.816851886355778,32.415287017822266,23033600
2020-08-04,32.48432978342593,33.45103268507308,32.40760839940415,33.351295471191406,17724000
2020-08-05,33.87300367856303,33.99575962947241,33.39732180789804,33.6428337097168,17175100
2020-08-06,33.29758749176903,33.681200237403544,33.182502497385485,33.481719970703125,14434900
2020-08-07,33.1671647174394,33.38966085982557,32.844931347142406,33.32828140258789,18757900
2020-08-10,33.75025335689957,34.21825848567198,33.45103293283868,34.149208068847656,24367800
2020-08-11,34.908757143332174,35.61460313568431,34.31799320969863,34.50212860107422,28987500
2020-08-12,34.78378130557524,35.15931435658144,34.13442300419101,34.49430847167969,22503200
2020-08-13,34.03271903489663,34.32219190138045,33.578948015218245,33.64936065673828,17338700
2020-08-14,33.32858188197202,33.86058767217374,33.17993434641918,33.79800033569336,13595700
2020-08-17,33.77452898930724,33.77452898930724,33.226878578753386,33.35987854003906,15554600
2020-08-18,33.32075334811589,33.790168729515464,33.08604565741611,33.19557571411133,13014000
2020-08-19,33.13299360182257,33.37552663341368,32.757460606903756,32.82787322998047,14473100
2020-08-20,32.61663264817933,32.77310546250014,32.311512301712646,32.3271598815918,15678500
2020-08-21,32.31152218920217,32.342817358536955,31.849928887164786,32.08463668823242,25517700
2020-08-24,32.29587049816824,33.25817444932032,32.147222939435736,33.03129196166992,18208900
2020-08-25,32.5931681153915,32.913936094338524,31.84210206485279,31.982927322387695,31285600
2020-08-26,31.795163164995248,31.95163602390979,31.294452404045963,31.302274703979492,26795000
2020-08-27,31.29444652479078,31.52915427683251,30.754618396647693,31.091033935546875,32034300
2020-08-28,31.169275974688116,32.01422467185255,31.106685634801735,31.83428192138672,33477100
2020-08-31,31.79515668295533,31.857747007549552,31.216211102813478,31.24750328063965,25259600
2020-09-01,31.09885846418722,31.09885846418722,30.55120501383559,30.84850311279297,22464100
2020-09-02,30.69202743143275,31.075385706539514,30.472967265355123,30.66073226928711,26413400
2020-09-03,30.66856097640152,31.31791924883848,30.418205620224466,30.598148345947266,28817200
2020-09-04,30.87197546666364,31.13015612222993,30.238264738403547,30.57468032836914,24632500
2020-09-08,29.925313288754595,30.261728814157088,29.221187076407315,29.870548248291016,38496400
2020-09-09,30.003555531361673,30.386913892647133,29.66713992384737,29.69061279296875,25886100
2020-09-10,29.940963903239872,30.01919883055175,28.869129879817027,28.947364807128906,34381200
2020-09-11,29.04907573542059,29.189901007357907,28.548364983853027,28.86913299560547,26838600
2020-09-14,28.876950536377613,28.955185459239864,28.548360278990945,28.681360244750977,26129900
2020-09-15,28.79088636806357,29.24465721473107,28.329293223974826,28.376235961914062,23724200
2020-09-16,28.524893699548965,29.847086272329957,28.376246119570222,29.581083297729492,30890900
2020-09-17,29.221190484358434,29.714078890485144,28.9238953684469,29.573253631591797,24696200
2020-09-18,29.36201119476521,29.588896630554334,28.71265303221277,29.09600830078125,46853800
2020-09-21,28.501422882080075,28.720483094771666,27.914651897109124,28.501422882080078,35351800
2020-09-22,28.524890827359798,28.82218894185381,27.750354851154253,27.79729461669922,27303200
2020-09-23,27.891178014604833,28.00070810524974,26.87410606553953,26.9054012298584,31251400
2020-09-24,26.913222032083546,27.241812249307525,26.41250843976458,26.850631713867188,26796000
2020-09-25,26.60028337122335,27.335701895900403,26.506400853800443,27.100994110107422,23486000
2020-09-28,27.49217631441178,28.086772589070012,27.460881145330482,27.625179290771484,23396500
2020-09-29,27.382640745419472,27.468700950991863,26.592457282790317,26.819339752197266,20770500
2020-09-30,27.100995290648754,27.320055502335123,26.701992335866937,26.85846519470215,22223700
2020-10-01,26.435982540214063,26.678512573491677,25.77097380811846,25.91962432861328,36890200
2020-10-02,25.23115132665989,26.091747542462812,25.19985615912887,25.802274703979492,32694300
2020-10-05,26.068270734529406,26.404686234947125,25.950915379696937,26.39686393737793,22965200
2020-10-06,26.69415864908647,26.9288663712258,26.060448097757334,26.123035430908203,26731800
2020-10-07,26.318632731257605,26.396870649196018,25.98221714530095,26.209102630615234,23779300
2020-10-08,26.50639757046129,27.648644175109776,26.412512080196528,27.5860538482666,34413700
2020-10-09,27.91465211690308,28.125890031292453,27.108820912895602,27.17923355102539,29228600
2020-10-12,27.022761340887723,27.171408920753453,26.780228251607326,27.09317398071289,17912800
2020-10-13,27.171406653102853,27.28093675380722,26.678518215461775,26.772403717041016,20995100
2020-10-14,26.647231090479675,27.24964974316633,26.623758218393924,26.71764373779297,17743000
2020-10-15,26.365572107739073,26.96016528561758,26.02915656483708,26.952342987060547,23251600
2020-10-16,26.889756197766317,27.100994100244552,26.506400844153962,26.678518295288086,22627200
2020-10-19,26.67851501102819,26.889752887501974,26.123039290192157,26.146509170532227,23645800
2020-10-20,26.334276812694533,26.545514686328968,26.076099179010896,26.365571975708008,23040600
2020-10-21,26.216923302846453,26.302983515001106,25.92745048562089,25.943098068237305,28619300
2020-10-22,25.958742500481353,27.351344355151344,25.833564839212936,27.273109436035156,31831500
2020-10-23,27.359175688937327,27.4452359096821,26.490754166107724,26.725461959838867,27429100
2020-10-26,26.295159041962926,26.42033670807387,25.77880079619641,26.09174346923828,30888700
2020-10-27,25.935274125965606,25.97439158779263,25.583211000580306,25.677093505859375,27100700
2020-10-28,25.113796809228823,25.332860005050936,24.660028802221,24.699146270751953,42136400
2020-10-29,24.57396434712819,25.919626520955227,24.33925659190676,25.794448852539062,38622800
2020-10-30,25.356325217824857,25.927448509677806,25.043379558288805,25.520620346069336,47885700
2020-11-02,25.92744990869604,26.96016646262993,25.481504259700547,26.592458724975586,40130300
2020-11-03,26.98363864814965,26.98363864814965,25.91962695649754,26.138687133789062,36773000
2020-11-04,26.02916275484102,26.70981630106849,25.45021403639659,25.997867584228516,35410100
2020-11-05,26.10739486394075,26.537692967519227,25.927452129152346,25.9509220123291,30824100
2020-11-06,25.896158838469862,26.33428225783629,25.520625758072196,25.645803451538086,33985600
2020-11-09,28.493598868993367,29.737553532014417,28.211951290596645,28.89260482788086,76879400
2020-11-10,29.685822298372898,29.99029313274681,28.828499182206887,29.533588409423828,49055400
2020-11-11,29.71787328838356,29.741909414516837,28.99675893962681,29.22911834716797,34124500
2020-11-12,28.732351516335303,29.07688357741049,27.939125756621877,28.227571487426758,30933700
2020-11-13,28.363779648321337,29.044829602620215,28.347754547970432,28.908620834350586,29241500
2020-11-16,30.11849059376301,30.583206335427075,29.72588322786987,30.5751953125,38596800
2020-11-17,30.29475900613619,31.015870161281033,29.95022700019272,30.98381996154785,26521100
2020-11-18,31.264255843651124,31.352392368116615,29.80600532015504,29.814016342163086,31068000
2020-11-19,29.533590376049727,30.046381463999154,29.293219935632926,29.966259002685547,26954400
2020-11-20,29.92619181008281,29.97426711608903,29.469487100688582,29.597684860229492,18351000
2020-11-23,30.046386587191225,31.59277419473012,29.87011347447389,31.53668785095215,29367600
2020-11-24,32.45810236984613,33.71604699449398,32.225746013990694,33.635921478271484,46979300
2020-11-25,33.38753985916656,33.419590068436015,32.570280918128844,32.69847869873047,28178200
2020-11-27,32.61033841276328,32.80263353338134,31.945310400809213,32.20170593261719,14971900
2020-11-30,31.88922483510592,31.953325247835263,30.422963043395153,30.55116081237793,45614300
2020-12-01,31.216192103454816,31.769047577503702,30.823587693671648,30.847623825073242,32472900
2020-12-02,30.759479770382402,32.385989470263254,30.719418542319104,32.00139617919922,29369500
2020-12-03,32.10555500977456,32.56225969400488,31.83313440370073,32.21772766113281,27038900
2020-12-04,32.66643187767735,33.45965477227546,32.57028429637259,33.39555740356445,28723600
2020-12-07,33.18722838751333,33.28337900880748,32.58630075856677,32.77058792114258,24899400
2020-12-08,32.47412125280684,34.12466989312342,32.4020098302572,33.84423828125,32573800
2020-12-09,34.22083059684005,35.038092681177574,33.95642398346772,34.29294204711914,37824800
2020-12-10,34.613432212019724,35.63100336891073,34.260886045126966,35.26243209838867,38058700
2020-12-11,35.01404335698183,35.1983274257084,34.62143604084236,35.09416580200195,25478800
2020-12-14,35.5268416126473,35.622989177646986,33.796170160273086,33.82822036743164,30595000
2020-12-15,34.004489383222314,34.62945617833591,33.70002159369291,34.485233306884766,27138400
2020-12-16,35.05410694054039,35.3425526524015,34.421129190231355,35.01404571533203,34273000
2020-12-17,35.254419692681736,35.28646989868384,34.7736788285537,34.83777618408203,21204600
2020-12-18,34.66950778874243,35.07813710682853,33.98845484996555,34.236839294433594,46596800
2020-12-21,32.93884976084733,33.71605053930058,32.474130887325444,33.61188888549805,27869500
2020-12-22,33.31543522286766,33.5718308129297,33.0350004449097,33.04301452636719,21792900
2020-12-23,33.25934331446015,33.96443266220781,33.219282079622786,33.46766662597656,19085900
2020-12-24,33.37151570331013,33.53176062658417,33.15518138911898,33.331451416015625,8039000
2020-12-28,33.403565927525065,34.092630164317484,33.267357118914425,33.44363021850586,23877500
2020-12-29,33.68399601098307,33.74809336600655,33.01095697261937,33.06704330444336,20287700
2020-12-30,33.11512015830047,33.988465382162374,33.06704484743266,33.331451416015625,23807300
2020-12-31,33.22729055060406,33.39554954239908,32.82667215691547,33.026981353759766,22786500
2021-01-04,33.21126628556451,33.85225512033485,32.850709110857494,33.25132751464844,27764700
2021-01-05,33.523752395292455,35.89541291241164,33.51574137105189,34.85380554199219,44035100
2021-01-06,35.58291993396694,36.135772128812505,35.014042639150816,35.743167877197266,36484800
2021-01-07,36.055647915653104,36.51235254473337,35.67906572601757,36.023597717285156,29528100
2021-01-08,36.21589704083568,36.71266290595879,36.01558787916786,36.424217224121094,28628200
2021-01-11,36.08770455211987,37.77030053243785,35.8553451572117,37.529930114746094,38246200
2021-01-12,38.026706719884295,38.595584247854184,37.58602698774532,38.36322784423828,36915100
2021-01-13,38.88402353636128,39.02824641456158,38.21098445691855,38.7958869934082,29000300
2021-01-14,38.859982985131325,40.927175299696124,38.859982985131325,40.31022262573242,35474800
2021-01-15,39.188493007780956,39.32470485746549,37.89049020645529,38.37123107910156,42411300
2021-01-19,38.81992247326731,39.61314517120441,38.739796961648175,39.13240432739258,24932600
2021-01-20,39.3487427579778,39.853522836544784,39.25259519040945,39.68526077270508,22342400
2021-01-21,39.52501433685498,39.573086590566135,38.20297234323112,38.54750442504883,29044500
2021-01-22,37.6661416045558,38.170921657521255,37.36968483664474,38.002662658691406,23264800
2021-01-25,37.57801055908203,37.69819425612331,36.98509392832628,37.57801055908203,26395800
2021-01-26,37.866453921441234,38.3471978873577,36.736710033427954,36.75273513793945,23976800
2021-01-27,36.05565462646668,37.38570754153954,35.67907236674024,36.33608627319336,32410300
2021-01-28,36.80881764465652,37.32962278941147,36.60850844382398,36.90496826171875,24967200
2021-01-29,36.49633325961787,36.888940610981905,35.66304630815483,35.92745590209961,38961100
2021-02-01,36.52036959220309,36.52036959220309,35.48677353435386,35.99155044555664,24412400
2021-02-02,36.70465528837628,37.65011486364947,36.27999774785408,36.56043243408203,31940400
2021-02-03,36.560440086605574,38.19496101660537,36.3921780170594,37.994651794433594,28459300
2021-02-04,38.363216804136,38.763835182877884,37.85843679110804,38.72377395629883,25280300
2021-02-05,39.40482165826544,40.15798306563908,39.29264900785612,40.02177429199219,34980100
2021-02-08,40.7989821832888,41.95276529529717,40.63072316494634,41.744441986083984,36998700
2021-02-09,41.28812269185354,41.52442807598085,40.554765335144,41.255531311035156,28977000
2021-02-10,41.255528825727964,41.899252852549324,41.059965010690924,41.65480041503906,25723800
2021-02-11,41.46738622149659,41.49998070829714,39.74806589753448,40.61180114746094,26972200
2021-02-12,40.277717757202055,41.320716528065596,40.26142051285962,41.165897369384766,19756700
2021-02-16,42.339271928162994,42.80373252291586,42.0622249849436,42.40446090698242,28060100
2021-02-17,42.657061836656354,43.40671957591089,42.208898471818756,43.064483642578125,25509700
2021-02-18,43.03188783878906,43.137815259409464,42.25778586540321,42.388160705566406,20627600
2021-02-19,42.461497150903796,42.82817736371619,42.306674889726665,42.67335510253906,22607200
2021-02-22,42.85263531232576,44.66158953228553,42.85263531232576,44.24601745605469,36435100
2021-02-23,44.800108403729155,45.028263656000036,43.78970390791624,44.857147216796875,33527900
2021-02-24,44.97121043150918,46.446078245696775,44.71046076722137,46.20162582397461,28728600
2021-02-25,46.42978673527367,46.64979487449981,45.101590831818804,45.43567657470703,29670900
2021-02-26,44.33564167130458,44.86529127281141,43.284492645264,44.30304718017578,35291000
2021-03-01,46.01421882619994,46.943140027600336,45.737171879433006,45.95718002319336,36998300
2021-03-02,46.16088895545542,46.41348846989976,45.647536641884855,45.68827819824219,30302600
2021-03-03,45.97347593049679,47.228335861738486,45.533462734409625,46.054962158203125,35358900
2021-03-04,46.54386838280279,48.45875282389811,46.52757113680917,47.83946990966797,52137500
2021-03-05,48.752084260998494,49.74619113907861,48.16539599247965,49.64841079711914,51429800
2021-03-08,50.17806672792235,50.20251103946109,48.74394035560838,49.599525451660156,38154600
2021-03-09,49.387681661724514,50.02325881104842,48.45876025628731,48.833587646484375,35645900
2021-03-10,49.31433879414605,50.45511805584521,48.91506403210312,50.33289337158203,31579100
2021-03-11,50.34103943270825,50.968469412853764,49.917320363971726,49.958065032958984,24802600
2021-03-12,50.15362889926608,50.821800481743736,50.11288733611637,50.49586486816406,20422700
2021-03-15,50.1047382508523,50.40622953608791,48.78468927756402,49.20840835571289,31243600
2021-03-16,48.515788267053416,48.61356862785411,47.61945844983858,48.1654052734375,30624800
2021-03-17,47.82316446551201,48.67060246161571,47.76612566850323,48.37725830078125,25575500
2021-03-18,47.9209546428985,48.05132949839355,46.05496199806546,46.29126739501953,38622800
2021-03-19,46.20977723172625,46.829060073867254,45.47641989767272,46.030513763427734,84439400
2021-03-22,46.0386611142614,46.33200529303845,45.549756221887336,45.55790328979492,29315100
2021-03-23,44.767504377130926,45.86754505577105,44.36823277066199,44.995662689208984,33493300
2021-03-24,45.69642528985679,46.67423500995277,45.69642528985679,45.90828323364258,29781800
2021-03-25,44.98751662892259,46.03866567078036,44.40897839039875,45.777915954589844,31495900
2021-03-26,46.6905419035065,47.081666494062404,46.054964832400884,47.024627685546875,34226500
2021-03-29,46.72313051400724,47.1142550553203,46.2342256144613,46.77202224731445,21144400
2021-03-30,46.332014122586855,46.739435980001964,46.03052281844666,46.19348907470703,20303400
2021-03-31,45.916433661502026,46.14459197348645,45.46827032226138,45.49271774291992,23686500
2021-04-01,45.89198790057581,46.81276197065003,45.745315814780575,46.76387023925781,23194500
2021-04-05,46.69054393209718,46.70684117929283,45.74532535342413,46.03866958618164,23264800
2021-04-06,46.31570498647633,46.88609606211984,45.84309426116615,45.90828323364258,18926300
2021-04-07,45.94903397103375,46.25867543542187,45.82680928578348,46.112003326416016,22385000
2021-04-08,45.5742058522701,45.69643364381773,45.07715072560313,45.63124465942383,21999300
2021-04-09,45.63124105343547,45.98977111412365,45.24826357134059,45.52531051635742,20020700
2021-04-12,46.25051739814834,46.274964817749286,45.06899676627589,45.22381591796875,20238800
2021-04-13,45.06084986067644,45.61494374999796,44.88973345295758,45.394935607910156,19370600
2021-04-14,45.96532161197227,47.26906996582047,45.83494677658745,46.70682907104492,28051100
2021-04-15,46.78832058143676,46.78832058143676,46.26682114622797,46.42979049682617,23250300
2021-04-16,46.73942412795659,47.00017380191155,45.98976648405008,46.16903305053711,22752000
2021-04-19,46.2423813781445,46.56016993344611,45.598654089600025,46.02237319946289,21123300
2021-04-20,46.014219564067886,46.014219564067886,44.637131876416696,45.052703857421875,21782100
2021-04-21,44.408979177474976,45.73717520487298,44.24600982487209,45.63124465942383,16625600
2021-04-22,45.623095874655085,45.623095874655085,44.832696564706666,45.036407470703125,21600100
2021-04-23,45.03640843015173,45.582352177829705,44.96307237809539,45.280860900878906,15337900
2021-04-26,45.199382221740485,45.8675538246327,45.174934796398105,45.37049865722656,16083800
2021-04-27,45.63938952706718,46.14459480660796,45.476423290706116,45.965328216552734,19278600
2021-04-28,46.372742616055014,47.63574939637499,46.27496226818269,47.350555419921875,24729800
2021-04-29,48.0105849261138,48.46689847544618,47.38315806980668,48.02688217163086,27318400
2021-04-30,47.529826954966694,47.98613736504102,46.57645836120997,46.64164733886719,30518400
2021-05-03,47.24463129209465,48.067625064208706,47.049070569876605,47.929100036621094,20509600
2021-05-04,48.075771657720274,48.48319345142976,47.67649693219706,48.2305908203125,23522200
2021-05-05,48.70319833870916,49.746197066230565,48.401707101856516,49.68101119995117,31526200
2021-05-06,49.59137695107072,50.22695389976544,48.91505533981344,50.15361785888672,26836800
2021-05-07,49.762505260734805,50.90328770129032,49.58323864934926,50.87069320678711,33610600
2021-05-10,51.53070507141858,52.166278907775066,50.952163815474314,50.9929084777832,31956600
2021-05-11,50.218814165186984,50.838093960959625,49.208406688694815,49.371376037597656,34563800
2021-05-12,49.61112172049406,50.99173618477125,49.396177398922916,49.63592529296875,34426500
2021-05-13,48.7761410174589,49.97487731726496,48.5694624538256,49.02415466308594,24268200
2021-05-14,49.54498179680424,50.33036091022167,49.54498179680424,50.23942184448242,20735400
2021-05-17,50.0492801949615,51.46296077007938,49.958341125158974,51.41335678100586,25282500
2021-05-18,51.25628856912682,51.50430223792187,49.9335468997766,49.95834732055664,25170800
2021-05-19,48.85880641084907,49.48711094899853,48.29664052036347,48.75960159301758,28889800
2021-05-20,48.73480274460937,48.900146215423256,48.147836419201255,48.643863677978516,20692500
2021-05-21,49.12336387805274,49.462319780203195,48.6521369631744,48.71000671386719,20792700
2021-05-24,48.84226857916924,49.43750056275998,48.51984744404705,49.280426025390625,18400300
2021-05-25,49.18949466652794,49.22256399125044,48.048628192916894,48.16436767578125,25616100
2021-05-26,48.156107881246285,48.87534843781988,47.86675913827552,48.726539611816406,21698700
2021-05-27,48.96628102596033,49.354837703883014,47.96595761435549,48.412384033203125,33556000
2021-05-28,48.55293537067244,48.61080512523157,48.04037333586366,48.25531768798828,19246800
2021-06-01,49.14817034892619,50.181563320292746,49.14817034892619,49.983150482177734,28474200
2021-06-02,50.22288835625292,50.685849450082436,49.74339259975116,50.37996292114258,22978300
2021-06-03,50.05755347368296,50.76852832227923,49.892209972249994,50.57838439941406,20272800
2021-06-04,50.80985572049192,51.008268522919934,50.24768979288778,50.80158996582031,20427800
2021-06-07,50.70238744290589,51.033071257076884,50.446104885150035,50.47090530395508,15477900
2021-06-08,50.84292721799653,51.65310681798989,50.156752865360474,51.3637580871582,28953400
2021-06-09,51.810175459572115,52.430211086347256,51.41335303687574,51.793643951416016,29133000
2021-06-10,52.587298521381506,52.89318193746262,51.46296653899539,51.87632369995117,27488700
2021-06-11,52.091267851850816,52.24007668156193,51.372027277357006,51.396827697753906,17631700
2021-06-14,51.50429948631994,51.90112196592487,50.90079843481671,51.31415557861328,16997200
2021-06-15,51.65309877806927,53.24039155722714,51.54562505748975,53.18252182006836,30717100
2021-06-16,53.17426019334204,53.5710858077134,52.54595875230578,52.99238204956055,24803200
2021-06-17,52.79397893957842,53.29000628852576,50.652788645147616,51.248023986816406,28491800
2021-06-18,50.42956761670731,50.884259808748006,49.801266194668905,49.93354034423828,39590700
2021-06-21,50.37170343630074,51.83498815144975,50.346903016037736,51.744049072265625,33145400
2021-06-22,51.95897836473836,52.91796971948558,51.4464165211414,52.73609161376953,25140400
2021-06-23,52.95105125298662,53.488410479949664,52.562494538847105,53.12466049194336,20701600
2021-06-24,53.033726965089066,53.37267656974336,52.75264395914151,53.33960723876953,19568400
2021-06-25,53.41400691936578,53.67855522074433,53.20732836180975,53.455345153808594,18438300
2021-06-28,53.372673165773776,53.372673165773776,51.876322301788754,52.09126663208008,20570000
2021-06-29,52.25660613015387,52.71956723789422,51.74404418657085,51.76884460449219,19579300
2021-06-30,51.834983296478114,52.27314083296487,51.62830473720481,52.14913558959961,17875500
2021-07-01,53.18253416104997,53.256935422949624,51.89285867581963,52.29794692993164,22530300
2021-07-02,52.09126329175614,52.34754584352682,51.60350176010524,52.22353744506836,14555300
2021-07-06,51.87631334956968,51.88457910352707,50.34689342064965,50.73544692993164,22110800
2021-07-07,50.578377132386066,51.09920798328495,49.28870179090559,49.94180679321289,21671400
2021-07-08,49.14816191047696,50.189820459155186,49.0324224221421,49.71859359741211,18935900
2021-07-09,50.18155907070556,50.80159480101823,49.80127124632667,50.61971664428711,20086000
2021-07-12,49.950074619294014,50.842927543574355,49.73513029696615,50.57011032104492,21809400
2021-07-13,50.429569053883036,50.85119193213096,50.02447768534599,50.33036422729492,17147300
2021-07-14,50.570113032252806,51.03307418303343,49.07376214348237,49.21430206298828,21573600
2021-07-15,48.91667722383064,49.35483789005509,48.58599343924988,48.73480224609375,15851100
2021-07-16,48.924941565717624,48.99107705499571,47.2467129218612,47.38725280761719,27049500
2021-07-19,45.99837671557102,46.46133779415561,45.138593206912944,45.758628845214844,37969100
2021-07-20,45.882647783051425,46.79203233350174,45.49409101787799,46.262935638427734,26756100
2021-07-21,47.006966250307755,48.19743347013884,46.982165835414655,47.751007080078125,20908700
2021-07-22,47.726215540770674,47.73448444971557,46.84163150355138,47.213653564453125,13493800
2021-07-23,47.362459351297325,47.362459351297325,46.68455392987042,47.15578079223633,14088200
2021-07-26,47.254989805152974,48.48679551392778,47.12271564177879,48.34625244140625,18387600
2021-07-27,47.957689321518956,47.957689321518956,47.29631859270511,47.80888366699219,16861400
2021-07-28,47.949431346720466,48.47026225989205,47.63527901693991,48.131309509277344,16855300
2021-07-29,48.77613527215499,49.04895245777502,48.412382178325835,48.718265533447266,18607800
2021-07-30,48.676937574423924,48.676937574423924,47.38726216535157,47.59394073486328,28652800
2021-08-02,47.57741123770539,48.825751699176436,47.45340597473037,47.60221481323242,20873800
2021-08-03,47.59392681200703,48.288366728565464,47.06483033342227,48.1147575378418,18208200
2021-08-04,47.27978143230635,47.85021621812238,46.96563232375772,46.99043273925781,20868300
2021-08-05,47.230181865066456,47.701408694162474,46.9821682424366,47.28805160522461,15180200
2021-08-06,47.668339546994666,48.00729223503449,47.56086582044613,47.833683013916016,14888500
2021-08-09,47.230181865066456,47.5525998898517,46.9821682424366,47.28805160522461,17828200
2021-08-10,47.46993147791696,48.24704490364957,47.37072664936171,48.098236083984375,16340200
2021-08-11,48.10650680572337,48.362789389087496,47.71795320640578,48.2387809753418,18278600
2021-08-12,48.17163310233191,48.49893113384516,47.726840596713956,48.129669189453125,19225500
2021-08-13,47.86112291087968,47.894692764914055,47.24848748104091,47.64292526245117,20063000
2021-08-16,47.01350506474135,47.07225070880163,46.38408470575474,46.94636535644531,16959500
2021-08-17,46.577113320605314,47.248494493956066,46.15749968708635,46.62746810913086,16243700
2021-08-18,46.50996798923502,46.83726927305177,45.57842852442566,45.645565032958984,21890500
2021-08-19,44.87347856052464,45.074891291936055,43.723735013243676,44.25244903564453,30923500
2021-08-20,43.86640736475972,44.5965341529506,43.73213113703039,44.26084518432617,16918300
2021-08-23,45.27631278741924,46.207855588490474,45.27631278741924,46.08197021484375,21632600
2021-08-24,46.400868157855925,46.87083329539913,46.16588238768693,46.45961380004883,17915600
2021-08-25,46.35891314273682,46.803702545861654,46.04839676565175,46.543540954589844,13270300
2021-08-26,46.325338611585664,46.61067596627642,45.8469793995155,45.91411590576172,11842600
2021-08-27,46.49319012736118,47.17296213922305,46.49319012736118,46.80370330810547,15822500
2021-08-30,47.19814171188074,47.28206315590065,46.25820489158875,46.29177474975586,14086100
2021-08-31,46.0987445406255,46.417651732813496,45.70430678190345,45.754661560058594,27104100
2021-09-01,45.72948871174598,45.95607722451884,44.982573860711426,45.125244140625,21644100
2021-09-02,45.561642056323414,46.694597411218176,45.54485712940826,46.224632263183594,23293300
2021-09-03,46.25820003894995,46.42604611078004,45.821801532750726,46.04839324951172,13840000
2021-09-07,45.88054874268315,46.3840869753493,45.712705866525425,45.779842376708984,14354400
2021-09-08,45.98125129457652,46.3085493351041,45.3266520121242,45.36022186279297,18756700
2021-09-09,44.99936102443884,46.15749544285081,44.730808579792246,45.393798828125,19110800
2021-09-10,46.316943381671024,46.35051323464794,45.276303550565615,45.30147933959961,15123700
2021-09-13,45.86376476643039,46.937974487855385,45.83858577512372,46.4680061340332,22052300
2021-09-14,46.736558825886334,46.8036985345498,45.662349098451,45.80501937866211,19940300
2021-09-15,46.46800197497654,47.441505248235195,46.41765039966482,47.34918975830078,23240900
2021-09-16,47.382758332095925,47.382758332095925,46.577101134855354,46.84565353393555,17907200
2021-09-17,46.442835910110006,47.6261461986189,46.241419962505184,46.29177474975586,30000400
2021-09-20,45.13363604187785,45.460934124966,44.44547002066748,45.05810546875,27555100
2021-09-21,45.62878310056938,45.74627439926305,44.68884950962222,45.01614761352539,19696800
2021-09-22,45.67914017901639,46.92119614402922,45.628785390735544,46.333736419677734,25690600
2021-09-23,46.50997116699232,48.0373676583026,46.392479867983326,47.90309143066406,23069400
2021-09-24,47.58416989837672,48.52410320955296,47.567384974788254,48.33108139038086,22328600
2021-09-27,49.388517635225504,50.18578408638005,49.36334184459247,49.766170501708984,32972200
2021-09-28,50.26970966757106,50.75645977019765,49.94240837621114,50.28649139404297,37619300
2021-09-29,50.21935220415771,50.513080422706935,49.556361994978054,50.25292205810547,23422800
2021-09-30,50.45433307575146,50.496293791070904,49.35494760795404,49.363338470458984,31289600
2021-10-01,49.8584764309958,51.1844566406726,49.8584764309958,51.13410186767578,24407300
2021-10-04,51.46141172080123,52.09083212169302,51.150898552752636,51.79710388183594,33946700
2021-10-05,52.46848632262506,52.619547478751635,51.20964548916879,51.71318054199219,29641600
2021-10-06,50.74806568964964,51.29356140453768,50.14382113024387,50.76485061645508,25284900
2021-10-07,50.86555576417691,51.2599935312147,50.471117997139125,50.90751647949219,19513600
2021-10-08,51.40265836484334,52.38455250632559,51.40265836484334,52.18313980102539,22186900
2021-10-11,52.89648441435919,52.92166340494047,51.612467943623535,51.66282272338867,22121500
2021-10-12,51.67122664991149,52.01530972847355,51.06698194554954,51.394283294677734,20198600
2021-10-13,51.00822552921896,51.52015460672286,50.52986630629836,51.25160217285156,14991700
2021-10-14,51.78870497010141,52.21671259543302,51.33552155553761,52.032081604003906,18594500
2021-10-15,52.64472442525434,52.930061815149934,52.401347757114415,52.5272331237793,16092600
2021-10-18,52.94684552470851,52.98880624549778,52.25867945929148,52.50205612182617,18282800
2021-10-19,52.76221384775598,53.38324339237654,52.59436776531277,53.29092788696289,18933200
2021-10-20,52.778998413208676,53.60144068998742,52.63633132502152,53.58465576171875,14305200
2021-10-21,53.265744325436366,53.40841139379432,52.32580768141807,52.61114501953125,16564600
2021-10-22,52.67828337330696,53.05593619369015,52.32580634048358,52.97201156616211,14266800
2021-10-25,53.47556159644682,54.063018112547574,53.35807029322667,54.0042724609375,17939800
2021-10-26,54.12177075240349,55.338654268302605,54.012673500411154,55.25472640991211,25585100
2021-10-27,54.68405055713471,54.75957793611842,53.69375894691051,53.81964111328125,21764500
2021-10-28,53.559475988484394,54.10497491177274,53.40002398388199,53.97069549560547,16626400
2021-10-29,54.59172610012496,54.85188445549033,53.987481556106935,54.10497283935547,23966300
2021-11-01,54.60851457575494,55.456135854939795,54.566550653923755,55.0784797668457,19656400
2021-11-02,54.574937637904114,54.92741148548969,54.26442770670502,54.39870071411133,16300000
2021-11-03,53.74410611532008,54.08818590879404,53.42519890987423,53.651790618896484,17372800
2021-11-04,54.28121115857637,54.45744808797625,53.567869376873524,54.054622650146484,17720100
2021-11-05,54.59172958707031,54.826712168576464,54.180503666639424,54.56654739379883,18565100
2021-11-08,55.01134749495427,55.707901229822475,54.86867399971056,55.154014587402344,17696000
2021-11-09,55.19597652752933,55.69951802815847,54.80993273909751,55.691123962402344,18781300
2021-11-10,55.555036621596464,55.835705082942,54.23675332734274,54.59396743774414,20177200
2021-11-11,54.593965497806096,55.13828865200721,54.44937459056217,54.696022033691406,13319300
2021-11-12,54.39834044367973,54.74705087385226,54.07515063356429,54.27927017211914,18158900
2021-11-15,54.22824658406492,55.08725598606324,53.768975933039755,54.7470588684082,18849200
2021-11-16,54.72154058699115,55.59756702009921,54.72154058699115,55.29988479614258,17028700
2021-11-17,54.755557175905786,55.48699263102176,54.58545862353437,54.696022033691406,15497000
2021-11-18,54.568458301997985,54.883141312780175,53.675424566392785,54.100677490234375,16948200
2021-11-19,52.63779961841526,52.75686990265648,51.37905151520212,51.600181579589844,32035500
2021-11-22,51.30250506821596,53.19062881577526,51.30250506821596,52.314605712890625,21994400
2021-11-23,52.8929511121583,53.90505502511156,52.663314171683744,53.69242858886719,21185900
2021-11-24,53.224655206785506,54.30479473160477,53.224655206785506,53.990108489990234,15869700
2021-11-26,51.4726103248576,52.238063582136505,50.63911504768434,52.09347915649414,24979600
2021-11-29,53.21613982549438,53.700927800693364,52.127493599703214,52.38264465332031,18946400
2021-11-30,51.421573023650396,52.04244178542279,50.741169123380764,50.89426040649414,34979800
2021-12-01,51.795795962551885,52.75686502182621,50.81771315633495,50.85173416137695,30630600
2021-12-02,50.80921544924762,52.374146174938986,50.29891004740492,52.11899185180664,29216000
2021-12-03,52.663308449701844,52.92696636998976,51.32801483472347,51.787288665771484,22014700
2021-12-06,52.49321579339919,52.867437154446186,52.238061473516915,52.3741455078125,19210500
2021-12-07,53.02052986484258,53.60737767851884,52.81640705236882,52.960994720458984,19800400
2021-12-08,53.250159296029395,53.743450886211996,53.020522381067615,53.114078521728516,18214400
2021-12-09,52.7738909990915,53.3862562917232,52.56977139782931,53.25017547607422,16910300
2021-12-10,53.81150733827326,53.87954612147413,52.9269804457048,53.59037399291992,17942400
2021-12-13,53.13109286607886,53.343719294075754,52.17852413266907,52.41666793823242,17793700
2021-12-14,52.10198601234358,53.13110053821333,52.06796824471249,52.34012985229492,22551100
2021-12-15,52.042443062996135,52.30610100025757,51.0388460688033,52.1104850769043,19961900
2021-12-16,52.255068891718714,53.1140814631572,52.13599861316409,52.195533752441406,21187800
2021-12-17,51.83832558115651,52.11899078868631,50.766686530241465,51.05585861206055,44338100
2021-12-20,50.00123555348293,50.39246743337611,49.29531419920333,50.315921783447266,21819300
2021-12-21,50.817725157934774,51.60869586764554,50.79221102033842,51.455604553222656,19798900
2021-12-22,51.319522506425166,52.19554248325723,51.0048362541183,51.872352600097656,14058300
2021-12-23,52.02543922119065,52.59527980516128,51.88085478975498,51.897865295410156,13543300
2021-12-27,51.82131359961617,52.68882982034123,51.38755386704272,52.63779830932617,12593700
2021-12-28,52.65480944175575,52.99501303040825,52.22105294842459,52.46769714355469,12781000
2021-12-29,52.289095705230416,52.39115549183691,51.81281129369658,52.00843048095703,12733600
2021-12-30,52.06796152626029,52.39115136579856,51.68523330109986,51.70224380493164,11940300
2021-12-31,51.659724927758454,52.28059378694862,51.62570391630146,52.042449951171875,14072000
2022-01-03,52.084982415897095,54.092173601955615,52.05946503285029,54.04114532470703,24282400
2022-01-04,54.542928238493644,56.29497439398262,54.51741410569295,56.0738410949707,38584000
2022-01-05,56.55862526768602,57.50268705066011,56.54161800991452,56.7712516784668,34033300
2022-01-06,57.83437915522546,58.24262468670603,57.04340871016647,58.10654067993164,30668500
2022-01-07,58.27664975457049,58.837986650919774,57.81738237063133,58.58283233642578,23985400
2022-01-10,58.659387585097946,58.829486153970436,57.791868012852646,58.234134674072266,22760300
2022-01-11,58.59133163041331,60.72610255304193,58.3276769646983,60.68357467651367,32936100
2022-01-12,60.504974365234375,61.074811621132476,60.079721519547405,60.504974365234375,23045100
2022-01-13,60.48796521627186,60.8791970434168,59.799051215373716,60.07121276855469,21043200
2022-01-14,60.0882251228796,61.363983590504034,60.045697245088206,61.1258430480957,23012900
2022-01-18,61.93382352336055,62.83535747013705,61.244915997151594,62.15495681762695,32841200
2022-01-19,62.72479646599687,62.818352613731605,61.70419220378251,62.18047332763672,26431600
2022-01-20,61.66165711039923,63.25210494702331,61.45753757959943,62.31654357910156,26774600
2022-01-21,62.24002090871095,62.24002090871095,60.41993883436137,61.38100814819336,35995200
2022-01-24,60.28385581283059,62.15497268479722,59.37381476003631,61.9083251953125,41507000
2022-01-25,61.7382031096297,63.99204441971861,60.71759890713519,63.728389739990234,39278400
2022-01-26,64.15364739721922,64.63843540318939,62.50366420654991,63.082008361816406,35252400
2022-01-27,64.17917208511076,64.64695290851876,62.928927419679255,63.8900032043457,29174700
2022-01-28,63.76242254200042,64.31525262431595,62.89490296942051,64.02607727050781,30595700
2022-01-31,63.76241701920542,64.99564775930126,63.16705910180019,64.60441589355469,36085500
2022-02-01,65.02116420248586,69.3247278562079,64.86807290272746,68.74638366699219,61033100
2022-02-02,68.09149188331726,68.72937122968011,67.31753498392933,68.56777954101562,30299300
2022-02-03,68.1169915866222,68.30410386012585,67.20695083818048,67.7682876586914,28529400
2022-02-04,68.78039595874345,70.19223199858946,68.78039595874345,69.23966979980469,32197500
2022-02-07,69.0100412550457,70.66002461126217,68.5847883478843,70.07317352294922,34949200
2022-02-08,69.97109300863865,70.16671215215366,67.97240614207313,68.26158142089844,34356300
2022-02-09,68.4335779566082,68.82054579437155,67.68543270138339,67.934814453125,40106100
2022-02-10,67.69402897912099,68.51956511779588,66.89428981965813,67.28125762939453,28527700
2022-02-11,67.60804168545991,69.06992747185933,67.27266781021794,68.97533416748047,42002100
2022-02-14,68.43356940794786,68.65714758990134,66.25793679823016,67.91761016845703,34652800
2022-02-15,66.12893623436713,67.23825205481579,65.71616496319541,67.0662612915039,25075100
2022-02-16,67.7542277027267,68.56256808495922,67.10927694518672,67.3758544921875,21733800
2022-02-17,67.48765051815353,68.03800797601428,67.03187980265716,67.27266693115234,23738800
2022-02-18,66.35252902116392,67.22105787867298,66.12034310263084,66.5245132446289,23394800
2022-02-22,68.51097626913612,68.6141707653363,64.76166153065972,65.7505874633789,35947800
2022-02-23,65.75057335522956,66.61910880307586,65.46679347215436,66.01715087890625,25385000
2022-02-24,67.93480863808469,67.96060561695695,63.66093418416679,65.18302154541016,46199900
2022-02-25,65.94838216053961,67.06629312926684,65.57861004485156,66.93730163574219,28310300
2022-02-28,65.79357176817419,67.87461109325292,65.52698768746673,67.43604278564453,32204600
2022-03-01,67.73703381857672,69.35371478535659,67.3586671214663,68.08100891113281,40002300
2022-03-02,69.31072158269767,70.6436227242183,68.63997370118192,69.25052642822266,44321400
2022-03-03,68.67434898879227,70.31681997696387,68.47656122668445,69.68907165527344,30196600
2022-03-04,69.69767980972601,72.47526401118543,69.36230594714458,72.31187438964844,42802200
2022-03-07,73.02563589799915,75.01208904705503,72.14850559795414,74.91749572753906,55207900
2022-03-08,76.57716683273378,78.6926048321075,73.46420170348111,75.48504638671875,72082300
2022-03-09,72.2602865449943,74.44452070716085,70.17064569164124,71.1939697265625,65466700
2022-03-10,72.24309673449422,73.67918572625385,71.28856894697029,73.40400695800781,44644200
2022-03-11,72.2946842137631,74.1521456532733,72.20869208655144,73.02562713623047,35303400
2022-03-14,71.42616875035465,71.76154273345541,69.22473818214854,70.41144561767578,37462600
2022-03-15,67.78003819872727,68.08101396677186,65.67320126163547,66.40414428710938,47957900
2022-03-16,66.9114868433835,67.60803809874547,65.56999141358409,66.15474700927734,37812300
2022-03-17,67.22966014195083,68.06379741683686,66.27513259654286,67.91761016845703,34041900
2022-03-18,67.98640535464514,68.27018525531147,67.1608691933434,67.65103149414062,41461500
2022-03-21,68.8979413003622,70.9617784562872,68.57116205407738,70.68659973144531,33089300
2022-03-22,70.19644397897454,70.68660633340346,69.47410221909149,70.37702941894531,23132200
2022-03-23,71.666921169488,72.46666032820369,71.41754599681941,71.48633575439453,27716300
2022-03-24,71.77012078616997,72.79344477242022,71.15956817881735,71.70132446289062,19871600
2022-03-25,71.30576137653458,73.51579259968449,71.1939722624907,73.26641082763672,22398300
2022-03-28,71.52073563168938,71.64112591131045,70.53180985413495,71.2111587524414,21552400
2022-03-29,69.49129963804637,70.93598975221609,68.58837241717721,70.83280181884766,27036300
2022-03-30,71.42616465154283,72.2431064451437,71.12518885843947,72.04531860351562,22079000
2022-03-31,71.26275212271653,72.57845044712124,70.98757343108142,71.02196502685547,27861500
2022-04-01,70.50601504824878,72.35487520054745,70.50601504824878,71.47774505615234,18671100
2022-04-04,71.85610683244688,71.94210550966173,70.5576107844602,71.51213836669922,20869400
2022-04-05,71.80452639887521,73.15462321963247,70.9961859184086,71.14237976074219,21753100
2022-04-06,71.73572203904094,72.83643695941281,71.3229572242907,71.93350982666016,24768200
2022-04-07,72.08830719511379,73.47280219747879,71.12517824018792,73.1374282836914,26122000
2022-04-08,73.2406154514039,74.99488251476903,73.2406154514039,74.67670440673828,24866500
2022-04-11,73.76516514324031,73.89415660378654,71.80451593742787,72.1054916381836,21800100
2022-04-12,73.70499830493313,74.65952629441315,73.4212182949189,73.61040496826172,22444200
2022-04-13,74.47890993008409,74.90887707824956,73.25780480388089,74.65089416503906,19306800
2022-04-14,74.53052605410531,76.06980968962043,74.1521593125209,75.5280532836914,24566400
2022-04-18,76.10420218937337,76.43957611483707,75.45925132336173,76.14720153808594,19032300
2022-04-19,75.68283334554748,76.24179205436899,75.046477124044,75.46784973144531,20382600
2022-04-20,75.64841746374763,76.10418156918328,75.07226308747154,75.63981628417969,20689400
2022-04-21,76.49116812001493,77.22211766467747,74.63371308521494,74.84009552001953,29010900
2022-04-22,74.52192008009415,75.77742354757962,73.09442579192499,73.20621490478516,23591600
2022-04-25,70.83280590367806,71.08218769166507,68.1842061148293,70.73821258544922,37698300
2022-04-26,71.14238850075925,72.85365642527708,70.66942187200257,70.7640151977539,28941500
2022-04-27,71.70992549867455,73.5071917162416,70.75539783763136,72.78484344482422,32773000
2022-04-28,72.99123466224253,75.79462284113916,72.29468984852578,74.98628234863281,33683800
2022-04-29,75.79461218290784,75.79461218290784,72.8364359546327,73.30940246582031,34656500
2022-05-02,73.10302864222942,74.84869450715689,72.77624935585895,74.30693817138672,36335200
2022-05-03,74.17794979380432,76.34498178824734,74.05755949193411,75.8376235961914,33908100
2022-05-04,76.96412691019827,79.01076837006403,76.45676877582994,78.8559799194336,46188400
2022-05-05,79.14836447600403,79.15696565718649,76.00960254385917,77.66067504882812,41013400
2022-05-06,78.23684413942483,78.95918597433781,76.8351466975948,78.84739685058594,29619300
2022-05-09,76.91252638754453,77.01571430531216,72.25167746529016,72.63005065917969,45851600
2022-05-10,73.64478740407462,74.71970549037975,71.82172396782056,73.11162567138672,34483200
2022-05-11,74.32413583727163,76.48257317461204,74.1951443557738,74.63371276855469,33020600
2022-05-12,74.66844598883894,75.04200568287285,72.45315567787851,74.9725112915039,29491500
2022-05-13,75.89338819946808,77.27468637327975,75.01595592300643,77.19650268554688,25798400
2022-05-16,77.30074337109619,79.90697197712397,77.29205408657445,79.01216125488281,26101200
2022-05-17,79.68980038657737,80.31528979539969,79.15986661250506,80.0199203491211,23120700
2022-05-18,80.36741116430228,80.72359232283694,78.0391798220379,78.75154876708984,25451200
2022-05-19,77.31811402772264,80.18496809792089,77.31811402772264,79.1772232055664,24387400
2022-05-20,79.86355375651,81.30566386152707,78.53437786885485,79.80274200439453,28795000
2022-05-23,80.49771888430031,82.33076027342321,80.40215663673693,81.56626892089844,27239300
2022-05-24,80.6367078807221,82.34813228797043,80.20233647291214,82.00932312011719,24293300
2022-05-25,82.1657187878461,83.85976507442396,82.07015652265623,83.65995788574219,29947800
2022-05-26,83.92054887185698,84.64160694977626,83.57305044399384,83.9552993774414,24314800
2022-05-27,83.35588643011792,85.07600044993221,82.79120879448602,84.78062438964844,25588800
2022-05-31,85.62330232240492,86.68316977311042,83.14738626099279,83.39932250976562,44888100
2022-06-01,84.28542625118254,85.75360375136849,83.93793442238886,84.99779510498047,25815400
2022-06-02,84.51999301676541,85.22367260718276,84.08562158999284,84.85011291503906,19089100
2022-06-03,85.04993303908665,86.57892243134404,85.04993303908665,86.08373260498047,21038200
2022-06-06,86.16193032447175,86.68317479475749,85.7188695421365,85.8665542602539,20682100
2022-06-07,86.61367940581,89.85409389757531,86.43124416072699,89.80197143554688,37810200
2022-06-08,89.90620054524689,91.71318736153275,89.46314643997071,90.86181640625,31613200
2022-06-09,89.84539465541036,90.84445037747805,88.75078330620694,88.89846801757812,26607000
2022-06-10,88.55965292464188,89.7845769612498,86.69185437295233,87.27391052246094,30950500
2022-06-13,84.71980385981605,84.93698958268348,81.59233077612147,83.26900482177734,33421000
2022-06-14,84.62426396096885,85.71887543543008,82.76514773009387,83.4862060546875,31264000
2022-06-15,83.390651830274,83.8945244402416,81.02766943813471,82.4350357055664,29620800
2022-06-16,80.2805537492332,80.90604321915575,78.43012668826263,79.3944320678711,35696700
2022-06-17,79.02084352132374,79.35965267977811,74.41651070305534,74.81613159179688,64610200
2022-06-21,76.95325451405908,80.38478662293824,76.9011254283967,79.47261047363281,35951500
2022-06-22,76.04976130045061,77.97837177743811,76.04107201481129,76.3277587890625,29727200
2022-06-23,77.02275626562422,77.36156549968555,72.5574112230034,74.02558898925781,35757200
2022-06-24,75.53719995716418,76.79688126324803,74.54683348368198,75.49376678466797,26639000
2022-06-27,76.2843324506661,78.22163255516628,76.16270894218457,77.34420013427734,25478700
2022-06-28,79.15986265892435,81.0015935331088,78.49092685320106,79.48998260498047,33096900
2022-06-29,80.77571000367466,80.96682785582179,76.2408714405515,76.55361938476562,25400900
2022-06-30,74.8335185164327,76.10188245067937,73.55646529669603,74.3991470336914,39948100
2022-07-01,75.35475492813873,76.3451212728567,73.59120795689502,76.05844116210938,26327900
2022-07-05,75.00726870857092,75.32001672410493,72.1143595068561,73.67809295654297,34591100
2022-07-06,72.76591465134145,74.04296790629574,70.37687143038106,72.34891510009766,33375700
2022-07-07,74.17326661852209,75.37213606570536,74.10377222359885,74.6597671508789,23817400
2022-07-08,75.53720479193316,75.84127015878332,73.78234676477128,74.78140258789062,17673800
2022-07-11,73.99083677943733,74.8161465734355,73.28715709835093,74.3991470336914,15603800
2022-07-12,72.78328694311692,73.8865942566562,71.98404497972321,73.40878295898438,21013000
2022-07-13,72.4357759524882,74.98119275073276,72.36628156222883,73.70413970947266,19928600
2022-07-14,71.10660810776355,72.37497200113752,70.0988697468289,72.22728729248047,26343000
2022-07-15,73.66940223662105,73.73889663292552,72.01878936370954,73.44352722167969,17243700
2022-07-18,75.21576662450008,76.39725757337979,74.49470838123119,74.79876708984375,19395800
2022-07-19,75.07677141469252,76.90113046066907,74.9290866896145,76.68394470214844,18248900
2022-07-20,76.08450910790101,77.88280674824613,75.79782234385026,77.52661895751953,16584400
2022-07-21,75.51981648930715,76.27562515761974,74.02557772141483,76.23218536376953,21375700
2022-07-22,76.05844143774416,76.85768329287228,75.2591929546339,75.65013122558594,15479500
2022-07-25,76.58837522827378,78.29979312869389,75.9455007270583,78.16948699951172,17536400
2022-07-26,79.16853948277308,79.29885224566054,77.31811945931484,77.86542510986328,15141200
2022-07-27,78.43011723971325,79.92435626514767,77.66562578325099,79.55079650878906,18047000
2022-07-28,80.08072571644692,81.01028041154588,79.06429805159699,80.4803466796875,20353100
2022-07-29,82.05276711889955,84.71980764990712,81.74870841887899,84.2072525024414,29825800
2022-08-01,82.34815037412223,82.83464433676407,80.99291340505813,82.07884216308594,20793200
2022-08-02,82.26127163290597,82.70432576297722,81.50546288422372,81.72264862060547,16722500
2022-08-03,82.02671023316125,82.02671023316125,78.8731756152034,79.07298278808594,23580800
2022-08-04,78.45618648425295,78.48224771652448,75.08546567479831,75.74571228027344,31821500
2022-08-05,75.02463960940473,77.91755514330747,74.95513858461837,76.8403091430664,17408000
2022-08-08,76.97931927631781,77.83937300742099,76.64051002988374,77.27468872070312,14458500
2022-08-09,78.23030935892953,79.58554631031332,78.14342975703423,78.69942474365234,19083400
2022-08-10,78.77761923654177,79.74192454245622,77.4831939610646,79.44654846191406,18302000
2022-08-11,80.56055514896238,82.71843313722131,80.2096869908407,81.74475860595703,18797900
2022-08-12,81.1219375513208,82.47279432740625,80.79737722895361,82.45525360107422,15058200
2022-08-15,79.41145325693762,81.34126175177657,78.64830758684072,80.98161315917969,20755200
2022-08-16,80.72722841208262,81.48160705629923,80.07811423882008,80.22723388671875,14038200
2022-08-17,80.06056158091728,81.76230027533997,79.75354859284649,80.8763427734375,13678000
2022-08-18,81.70967993870313,83.60439364359733,81.65704435496863,82.78861236572266,17770400
2022-08-19,82.59561269699006,83.50787777056782,82.27982605906703,82.52543640136719,16128600
2022-08-22,81.94652353784002,82.88511010277257,80.57811870846838,82.46406555175781,16019900
2022-08-23,83.81492939661851,86.32367603790385,83.72720564740153,85.96402740478516,23764700
2022-08-24,85.97279900580912,86.81489477701837,85.40262811182035,86.47279357910156,17050300
2022-08-25,86.77103109774617,87.59558611781314,86.05174055653312,86.92015075683594,15305700
2022-08-26,86.63945100213104,87.63944680678203,85.45525407364227,85.84999084472656,15531400
2022-08-29,86.1219227546645,89.08680217476055,86.08683459265131,87.82366180419922,23059200
2022-08-30,86.27979680179556,86.50786645757833,84.05174920614506,84.4815673828125,17086800
2022-08-31,82.48160135593949,84.94648598263294,82.09563829692793,83.85000610351562,18340900
2022-09-01,82.82369464396531,83.39386546520572,80.95529551739556,82.34124755859375,16423000
2022-09-02,84.51666774388593,84.90263080289749,83.42896157766855,83.85000610351562,18206800
2022-09-06,84.3499953684091,84.72717796854757,82.9026407951418,83.2885971069336,19201500
2022-09-07,81.74475732260485,82.9728092415132,80.96406430599266,82.57807922363281,16274700
2022-09-08,83.03422881154535,83.70088373796379,82.20967382756555,83.25352478027344,18759200
2022-09-09,84.66577986759916,85.08683104836261,83.61316195426272,84.64823913574219,17158000
2022-09-12,85.65699824982597,87.0078620866391,84.98156298522882,85.62191009521484,16118900
2022-09-13,84.74473490473582,85.77103843480405,83.25352499057081,83.62194061279297,18229100
2022-09-14,84.37630942002166,86.45523068269202,84.34122126595206,85.6745376586914,22655700
2022-09-15,84.4026346768997,84.68333325304101,82.4991472483044,83.183349609375,21092300
2022-09-16,83.3938687169126,83.63070541280156,80.70091455331782,81.7623062133789,37874700
2022-09-19,79.83249687260196,82.00790887694924,79.82372316102526,81.75352478027344,15342100
2022-09-20,81.34126003097197,81.51669412116335,80.38512616999866,81.08687591552734,14712500
2022-09-21,82.07808534392888,82.35001017190422,79.70969183458885,79.77986145019531,17332400
2022-09-22,80.87637139537006,81.27988197092867,79.40270183872133,79.44656372070312,16139400
2022-09-23,76.75359297771843,76.75359297771843,74.4290542519168,75.21852111816406,27738800
2022-09-26,74.47290870365802,75.63079109464402,73.58695115913355,73.66590118408203,22043400
2022-09-27,75.09570057862726,76.27989729012621,74.39395090909709,75.20973205566406,17307300
2022-09-28,75.54307425795942,78.33251912016085,75.3676334755804,77.9465560913086,19543300
2022-09-29,77.35007383697948,78.3851510701063,76.42902809756646,77.78866577148438,17896000
2022-09-30,77.34129265235725,78.10444495392387,76.5869140625,76.5869140625,21357600
2022-10-03,78.98163408783071,81.01670033746782,78.7009355255491,80.6307373046875,23881300
2022-10-04,81.7886232118106,83.64825544927096,81.32371682554098,83.56930541992188,22133700
2022-10-05,83.99036733162934,87.7096255881654,83.9114239846013,86.94647979736328,34857700
2022-10-06,86.37628877595834,89.63063983015104,86.2534835808855,89.52537536621094,29124700
2022-10-07,89.63943916428178,90.63065471994872,87.87629737050389,88.62190246582031,24507600
2022-10-10,89.02539789360773,89.49907803332222,86.59560127814265,86.70085906982422,16786100
2022-10-11,85.2798249921405,87.50787303612593,84.86754746339759,85.96402740478516,17804100
2022-10-12,85.52543569438923,86.76226828446705,85.28859897096075,86.34121704101562,12635800
2022-10-13,85.56927770100252,89.8674727327241,85.43769879970105,89.35871124267578,22019100
2022-10-14,88.70084651455647,89.68328828955988,86.8763022290035,87.00788116455078,15222000
2022-10-17,88.65696758716882,89.4464343562316,88.1569730821593,88.26223754882812,14283200
2022-10-18,89.06924967862057,89.77976646151363,87.04295710969932,88.42013549804688,14065400
2022-10-19,88.8148674948616,91.21834944258403,88.79732676197978,91.04291534423828,20921700
2022-10-20,91.50781924577502,92.10430453330503,90.70958541985819,91.16571807861328,17649000
2022-10-21,91.62186336872443,93.33237613273295,91.1481899122608,92.85869598388672,22814100
2022-10-24,92.68324897153418,94.45515740710171,92.2095688885888,93.50779724121094,17024200
2022-10-25,93.34114141816596,94.14814899486578,92.16571151959708,92.87622833251953,15719800
2022-10-26,93.2095564622064,94.58673481961647,92.9814867905514,93.98147583007812,17383800
2022-10-27,95.09551182302472,96.1218154015638,94.22709492513887,94.34113311767578,18214000
2022-10-28,96.01652687535224,97.55159834837679,94.84110393120753,97.10423278808594,28169400
2022-10-31,96.05164341471905,99.04284392426989,95.99901451879393,97.20075225830078,26401800
2022-11-01,98.56916084909524,98.7445949585441,97.0604034152588,98.16565704345703,22213100
2022-11-02,97.87619352557053,98.33232626651164,95.88498207343535,96.14813995361328,20654200
2022-11-03,95.24461609890359,98.08668966210128,95.0077727314148,97.45511627197266,17103700
2022-11-04,99.12176897070627,99.56036086880674,97.1919672960167,98.51651000976562,17541500
2022-11-07,98.6042341775608,99.99017949545247,98.35861709194253,99.68316650390625,16008000
2022-11-08,99.54282972901618,100.57790697596378,98.77090363085613,99.99896240234375,14661000
2022-11-09,99.2095072759785,99.36740066083209,95.23586489827625,95.52533721923828,19522800
2022-11-10,96.65688528257478,97.1042442030739,94.35866131211002,96.9288101196289,20146700
2022-11-11,98.75334829858944,100.43753949442053,98.6743982809575,99.95508575439453,20518900
2022-11-14,99.59254843919213,101.36988342984301,99.46875463350067,100.24689483642578,20858300
2022-11-15,100.62711896979613,101.27261426814957,99.80477056170068,100.91891479492188,19373800
2022-11-16,100.30880556219736,101.03388655813325,98.9116961382881,99.84015655517578,13591000
2022-11-17,98.40766700025193,100.09657213110795,97.9301736959309,99.9727783203125,12425900
2022-11-18,98.06281423917041,99.45992356220418,96.92213688653575,99.1062240600586,15415000
2022-11-21,97.25815421146967,98.32809038602198,95.03870301084189,98.12471771240234,20973000
2022-11-22,99.22117033925707,101.21956672777497,98.53146004270171,100.963134765625,17719100
2022-11-23,99.31844431412577,100.75976190570007,99.12390924426457,100.45912170410156,11546700
2022-11-25,100.69785811011185,101.34336018448249,99.97277719238058,100.10541534423828,7136000
2022-11-28,97.85060542887716,98.5579977461375,96.93098934480702,97.09899139404297,23015500
2022-11-29,97.80637321953877,98.85862728584468,97.08129234304178,97.74447631835938,14453200
2022-11-30,98.62874982589766,98.94707876479039,97.07247576311741,98.45189666748047,23158100
2022-12-01,98.71715098323813,99.09737675608788,97.42615357330227,97.9743881225586,14398300
2022-12-02,96.8337039731112,98.77904092016757,96.55958334469186,97.1431884765625,15248400
2022-12-05,97.88595636638564,98.4695615285529,93.6769534084341,94.48161315917969,19287700
2022-12-06,93.64159493944356,94.64963421742775,91.20991994064254,91.85541534423828,21197000
2022-12-07,91.76698041050301,92.71312265553227,90.52019798773388,91.65203094482422,20061700
2022-12-08,93.97759794819814,94.43740932390357,91.70508759045217,92.33290100097656,21128800
2022-12-09,92.4832173580671,93.68579156648288,91.3425468001827,91.55476379394531,21298200
2022-12-12,91.81120341238704,93.94223136269619,91.598979654664,93.8095932006836,20413200
2022-12-13,95.32165718943831,95.97599689903265,94.63194010789844,94.83531951904297,24305300
2022-12-14,95.48966664875323,95.76378733257552,93.50895868008463,94.13677215576172,17597300
2022-12-15,93.13756523453151,93.88032809750517,91.69624098250064,93.23483276367188,15365100
2022-12-16,91.68742223269477,93.35864576416449,91.19224014267027,92.58050537109375,54596600
2022-12-19,93.07566407789817,93.90685008950908,92.29752388031808,92.99607849121094,13611100
2022-12-20,92.99608454735976,95.06522223464236,92.90766135903722,94.34014129638672,14680000
2022-12-21,95.75493886643456,96.0202084489052,94.75574395457302,95.55155944824219,13565400
2022-12-22,95.40123652615874,95.6665128470525,92.04994562040243,93.6239013671875,13213000
2022-12-23,94.57002992017772,96.15282977963436,94.52582170396752,96.09977722167969,11539400
2022-12-27,96.62147914137876,97.68257752913131,96.23241580416666,97.43498992919922,11962100
2022-12-28,97.18740414952076,97.26698298830819,95.41006920778264,95.83450317382812,10702100
2022-12-29,95.48967218567974,97.01941990955795,95.48967218567974,96.55960845947266,10534000
2022-12-30,96.03789542310918,97.70911872402773,96.03789542310918,97.53227233886719,11799600
2023-01-03,97.07246414188529,97.28468116032171,93.27905036276509,94.18098449707031,15146200
2023-01-04,92.6689206436573,94.75574032792433,92.63355001809687,94.45509338378906,18058400
2023-01-05,94.03064903835822,97.22277535122396,94.00412275676346,96.56843566894531,15946600
2023-01-06,97.33773375411454,99.02663893408669,96.97518990748685,97.73564147949219,16348100
2023-01-09,98.71715697595984,98.71715697595984,95.33049543850468,95.91410064697266,17964600
2023-01-10,97.08130330365398,97.55879662934305,95.50734757059948,97.34657287597656,15104600
2023-01-11,98.14239886024531,98.54915095045686,96.46233118588822,98.4784164428711,16710400
2023-01-12,98.87632053048546,100.57407008234286,98.80557927926048,100.11426544189453,15357300
2023-01-13,100.01699753858067,100.35300836127263,99.17696710872227,100.0523681640625,12011400
2023-01-17,100.28227462508247,100.87471742736521,99.62792816803935,99.85783386230469,16542200
2023-01-18,100.14963281276874,100.91008437308099,97.62069050684785,97.80638122558594,16399700
2023-01-19,97.32890482293503,99.15044844855272,96.89562640394263,98.43421173095703,12928000
2023-01-20,98.46957102329246,100.30880312556474,97.80638695484154,100.22921752929688,16515600
2023-01-23,100.48564541512701,101.32567583574678,99.60140002657697,99.70751190185547,16584400
2023-01-24,96.52422786485161,100.82165415816263,92.73081441652907,100.6359634399414,13583000
2023-01-25,100.12310402915618,100.49448545735245,98.4960890757978,100.10541534423828,11914700
2023-01-26,101.44064648884921,104.14643560404346,101.1046288757805,104.12875366210938,21019700
2023-01-27,103.41248556637876,104.04914326442632,102.03306505144657,102.22760009765625,15179200
2023-01-30,101.76779606571863,102.12149556182521,100.05236464092535,100.41490173339844,18672100
2023-01-31,99.12390384975248,102.92616160941232,97.64721571254422,102.58130645751953,27861800
2023-02-01,102.42214396030714,103.79272025122926,100.2203681073223,101.45831298828125,19464900
2023-02-02,101.55558757513296,101.75012265160305,97.1166784285501,98.28388214111328,24562100
2023-02-03,98.94706262804212,100.90124417261217,98.64641568089291,98.9647445678711,20226600
2023-02-06,99.35380982259689,99.99930516160761,97.549948467148,98.79673767089844,13855200
2023-02-07,99.38032276286876,101.96231726480572,99.05314959285221,101.61746215820312,16013300
2023-02-08,101.73243987822002,102.42215023732541,100.67134130968634,100.73323822021484,18459700
2023-02-09,101.3522067539154,102.78467993593524,100.96313663225233,101.11345672607422,17439300
2023-02-10,103.02344454813263,105.78228617591127,102.71395997402384,105.37553405761719,24918600
2023-02-13,104.89435923738331,105.3042412346242,103.2726492490959,104.96564483642578,14536200
2023-02-14,104.26172289687892,104.97455854786969,103.37957883645505,103.73600006103516,12079000
2023-02-15,103.11225967442395,103.44194367199793,101.70439969022765,103.42412567138672,13663400
2023-02-16,102.7469240567879,104.056768016417,102.29249366937398,103.12117004394531,11360600
2023-02-17,101.74896365355322,101.74896365355322,98.88869503816773,99.156005859375,20758300
2023-02-21,98.73719739066384,100.1361448970851,98.73719739066384,99.05797576904297,14469400
2023-02-22,98.44315900038342,98.87977138404774,96.80362426460337,97.77487182617188,13973800
2023-02-23,98.66592197465629,99.64607514298973,97.92634919926599,98.6748275756836,11289400
2023-02-24,97.41844996564515,98.87085830019925,97.14221997946264,98.6837387084961,14351000
2023-02-27,98.72829370043308,99.13817568114506,97.97980853700834,98.50553131103516,11710500
2023-02-28,99.12034766451602,99.22727605529569,97.32043060781936,97.93525695800781,18107000
2023-03-01,97.40062697684047,99.67280611490085,97.33825377844742,98.80848693847656,13200000
2023-03-02,98.5679066122847,99.53023498841861,98.16693022390754,99.26292419433594,10339900
2023-03-03,98.06001038721163,101.01829476278668,97.97089998941442,100.51930236816406,13006700
2023-03-06,99.78863707779253,101.4370773836233,99.68171548275244,101.41034698486328,14347400
2023-03-07,100.51929177440321,100.84007013779335,99.05797114036729,99.45003509521484,11525300
2023-03-08,99.11143913622298,100.17178342125054,97.18676894805269,97.99762725830078,13509800
2023-03-09,98.7906654776065,100.00249340236701,97.15113078015524,97.240234375,12961200
2023-03-10,97.62339792397039,98.9421544031814,95.47597179272128,96.0373306274414,15795700
2023-03-13,93.86314775270097,96.10859622039146,92.41965196449645,94.93241119384766,20745600
2023-03-14,94.76312606423632,97.13332132498321,93.52456763188694,95.28884887695312,18263500
2023-03-15,91.61771870434096,92.84736469297809,89.30099112662504,90.5484619140625,25733800
2023-03-16,88.31192956337324,90.60192684547903,87.34068192953325,90.02274322509766,27465200
2023-03-17,89.63958667138633,90.53954865351506,88.33865509625915,88.96238708496094,43199500
2023-03-20,88.77526540957608,91.31476209966388,88.6594314138635,91.28802490234375,32042100
2023-03-21,92.82063770727655,95.5918025819718,92.78499490653365,95.3779525756836,31592300
2023-03-22,95.16409550041126,95.5026918850634,93.1681395960879,93.19486999511719,14952700
2023-03-23,93.88097643346251,94.7542011417865,91.27911350923645,92.1434326171875,14385900
2023-03-24,90.4147986887771,92.53549416486746,89.91581311750139,92.25035858154297,13401600
2023-03-27,93.32853122214578,94.87896238796156,92.5889652364314,94.2730484008789,14805900
2023-03-28,93.95227794354756,95.921496868355,93.72951552945392,95.4492416381836,11047600
2023-03-29,96.28681440297478,97.26697436895958,95.77891641976845,97.08876037597656,14219100
2023-03-30,97.61447986324123,97.63229786285385,96.69669312623206,97.5610122680664,11578200
2023-03-31,97.7303271573111,98.16693958801257,97.1689683178378,97.71250915527344,14418000
2023-04-03,101.0361183529017,104.11914929814769,100.79553794077908,103.47759246826172,28087700
2023-04-04,103.5934164025608,103.98547355840265,101.73111941918148,102.48851013183594,16365500
2023-04-05,102.78254551477654,104.252778364161,101.85585333575948,104.24386596679688,16479500
2023-04-06,104.12804088435054,104.4131764408421,102.26574396994641,102.51524353027344,15778000
2023-04-10,102.27467153273818,103.52214232666908,101.7311307353695,102.06082153320312,13006600
2023-04-11,102.43506108549661,103.53996068477187,101.91825068651487,102.7825698852539,11758500
2023-04-12,103.50432028468168,103.88746506972828,102.40832633329018,102.67564392089844,10919000
2023-04-13,102.11428812044105,103.26374298010703,101.69549369891516,103.15681457519531,12399700
2023-04-14,103.27264461309936,103.94984417726504,102.57762704905738,103.40630340576172,11530800
2023-04-17,102.90731438541017,103.81618876658746,101.9538916040066,102.20338439941406,13260400
2023-04-18,101.92716911850628,104.4399288644819,101.84697791297111,104.19934844970703,17436100
2023-04-19,103.43303179577927,104.16369214355153,103.15680181679706,103.86964416503906,10682600
2023-04-20,102.58654786424094,103.07662791062917,100.8935588999971,103.04098510742188,17038700
2023-04-21,103.79836650701868,104.14587530886092,102.7023793006452,103.37066650390625,14315300
2023-04-24,103.29046763817986,105.9368860286054,103.2548248385246,105.32205963134766,15831300
2023-04-25,104.74286753276965,104.91216230869318,103.03204739005038,103.82508087158203,12179800
2023-04-26,103.38847631573744,104.33298664612074,102.18556080478032,102.87166595458984,15566100
2023-04-27,103.02314169204934,104.26169990576506,102.3637601926194,104.10131072998047,16279200
2023-04-28,104.47555192875278,106.85465241787279,104.10131277728473,105.44679260253906,24381900
2023-05-01,103.35282842628082,104.52010788076197,101.98061139610422,102.17664337158203,17355000
2023-05-02,101.52619489475417,101.52619489475417,97.3828128422563,98.10456085205078,24324100
2023-05-03,97.19569845795732,97.84616090220422,96.01951317972969,96.17098999023438,16212300
2023-05-04,96.14424536499382,96.90163610364148,94.37105870897526,94.48689270019531,17177200
2023-05-05,96.72342230332195,97.50754338646486,95.8145480405604,96.8392562866211,14968200
2023-05-08,98.46097810501533,98.8797724932595,97.16004654040351,97.22241973876953,11187800
2023-05-09,96.53630316199819,98.22039303403028,96.42046917002494,97.2491455078125,11370800
2023-05-10,97.78377760119977,98.02436479131863,95.08389850028637,96.00167846679688,14884800
2023-05-11,94.88786926395719,95.18191726123521,93.49783407416122,94.2641372680664,17165900
2023-05-12,94.727489005848,95.3512278587774,93.36418408746603,94.25523376464844,12613300
2023-05-15,94.83043307482977,95.20791963956601,93.99456604882333,94.43496704101562,13715600
2023-05-16,94.03950350132017,94.2012844415205,91.69368329699454,92.14307403564453,14795200
2023-05-17,92.9250385376991,94.5788004158195,92.43969560141899,94.21029663085938,14064700
2023-05-18,93.96760974788424,95.1899531518068,93.59011630170319,95.06411743164062,12005600
2023-05-19,95.78315195367126,96.21457012583136,95.10906577396807,95.50453186035156,13359600
2023-05-22,95.12704365539558,96.20558571693434,94.26421412046034,94.34510803222656,12882000
2023-05-23,95.26185971748569,97.26614569955332,95.04615405382208,95.63036346435547,14394400
2023-05-24,96.51116208950495,97.52678964767736,95.92695955732621,96.69990539550781,16340300
2023-05-25,95.21692875714719,95.65732983899068,94.11142432719426,94.96527099609375,14316500
2023-05-26,95.6932804662803,96.12469180516813,94.21927915362097,94.34510803222656,12370300
2023-05-30,92.8351454172637,93.58113573578032,92.22397370020268,93.50923156738281,11938000
2023-05-31,91.93636804761347,92.61045422826227,91.44203543894065,91.8375015258789,24926100
2023-06-01,91.4510247828361,94.89335984298441,91.01062373337051,92.89806365966797,13551900
2023-06-02,94.51587008146024,95.3876824156491,93.94963332241716,95.05513763427734,14112000
2023-06-05,96.3403919230926,96.3403919230926,94.45294527279351,94.63270568847656,10628000
2023-06-06,93.60809195789457,95.51350429560506,93.45530075291938,95.40565490722656,12209800
2023-06-07,95.98087615547195,97.86831591334528,95.92695146035398,97.54475402832031,16027100
2023-06-08,97.76048496509006,98.09303667108095,95.18098580941388,97.23919677734375,13517100
2023-06-09,97.48186061727552,97.61667924129854,96.31344854244954,96.5201644897461,12251600
2023-06-12,95.1000658099838,96.22354265532303,94.87537044091597,95.64832305908203,14112000
2023-06-13,96.51116319020267,97.37399268055299,95.52250482774872,95.66631317138672,13533800
2023-06-14,96.57405722231853,97.16725622875677,93.82378837432465,94.51585388183594,16627700
2023-06-15,94.82144993945623,96.19658456181193,94.7675252427862,95.1719741821289,16224100
2023-06-16,95.59441124223663,95.96290813142538,94.3361156345211,94.48890686035156,43128900
2023-06-20,94.0844565417834,94.16534359295369,91.78357787970457,92.32284545898438,17514100
2023-06-21,92.125104548851,94.03950669187438,91.97231333824416,93.35643768310547,13285700
2023-06-22,92.4306859464206,93.37440926201596,92.25992212469889,92.84413146972656,12455300
2023-06-23,92.20599637641676,92.41271915108315,91.33418402864389,92.03523254394531,17933600
2023-06-26,91.85545298378793,94.29115652316713,91.85545298378793,93.7339096069336,14283400
2023-06-27,93.51822244796544,94.02153791859389,92.8171670832428,93.96761322021484,13227500
2023-06-28,93.75189202437284,95.10905395080208,92.75424405385868,94.7315673828125,13084100
2023-06-29,94.96526706757078,95.9269631044756,94.48890705995747,95.89999389648438,11364400
2023-06-30,96.45723205881025,96.96054751366715,95.99885156547482,96.39431762695312,13544700
2023-07-03,96.61003119821329,97.48185043774107,96.23254457609592,96.58306884765625,7397000
2023-07-05,96.73585443492918,96.99650190372355,95.36071977938144,96.08873748779297,12491200
2023-07-06,94.45294828058817,95.01918503657284,92.06219296172061,92.50259399414062,17961400
2023-07-07,91.60381344190449,93.47328070165578,91.28025153705681,92.71830749511719,21929200
2023-07-10,92.54754692962625,94.14737715793291,92.34981387090794,94.09345245361328,14877600
2023-07-11,94.60574715280292,95.41465191307681,94.20129134408648,95.24388122558594,12576500
2023-07-12,96.16961550759547,96.75382482369945,95.38767317461092,95.71123504638672,13238200
2023-07-13,95.24388370795724,95.47756883527342,92.86211118508017,93.95862579345703,26826800
2023-07-14,93.51822609243841,93.51822609243841,90.35451109250127,90.72301483154297,28181900
2023-07-17,90.52529973211017,91.37913965905544,90.07590885326304,91.11849212646484,18051300
2023-07-18,90.70501708984375,91.85545618276507,90.18372223300194,90.70501708984375,24617800
2023-07-19,90.82188512135791,92.0352389326174,90.5971897171558,91.33419036865234,15556500
2023-07-20,92.16105839811495,93.16769617471131,91.99927744932552,92.94300079345703,15740200
2023-07-21,93.61709503878014,93.81482123138156,92.80819022483087,93.37442016601562,17121500
2023-07-24,93.7968486685943,95.41465829739175,93.43733465584381,94.83943176269531,15090900
2023-07-25,94.42599116868446,95.35173510450932,93.95862776142235,94.98323822021484,14116100
2023-07-26,94.47092136403585,95.01917861223208,94.04849297373791,94.45294189453125,15159600
2023-07-27,95.27083714187908,96.16062888952055,94.1383705539618,94.74954223632812,17677900
2023-07-28,94.47093573534497,94.51587755878472,91.96333421634755,93.61709594726562,17566400
2023-07-31,94.54283964542724,96.94258489574977,94.54283964542724,96.38533782958984,24197000
2023-08-01,96.12467953923134,96.45723116577365,94.84841144356957,95.82808685302734,14177400
2023-08-02,95.50452484735288,95.612374239604,93.98558190633503,94.63270568847656,13484100
2023-08-03,95.1719767672266,96.96055011267151,94.64169894981106,96.27748107910156,16280400
2023-08-04,97.03247736958642,98.18291691792359,96.46624733296564,96.54713439941406,14279600
2023-08-07,96.97853169948583,97.44589509355536,95.72922587960633,96.34938049316406,12410800
2023-08-08,95.30679402335704,96.84370961291643,94.22825207578562,96.82573699951172,14065600
2023-08-09,97.70653424185573,99.24344975567836,97.3470202770482,98.47049713134766,19919600
2023-08-10,99.03675324802677,100.3309941747522,98.36266700344649,98.97383880615234,15837200
2023-08-11,99.19851442011243,100.72644019330964,98.91090462078736,100.51073455810547,14047000
2023-08-14,100.37592337718681,100.64556058397295,99.56701861398736,100.59162902832031,12973400
2023-08-15,100.35604843931768,100.45572542876053,97.83695415348146,98.00912475585938,14909600
2023-08-16,98.11783306694896,99.06929248063209,96.3055346891675,96.35990142822266,13695100
2023-08-17,97.33854847291556,99.81233890877247,97.33854847291556,98.22657775878906,16709500
2023-08-18,97.53790221624668,99.85764202449458,97.51978227359409,99.71266174316406,16224000
2023-08-21,100.0026398309279,100.56445489995404,97.99098722789802,98.50749206542969,11092400
2023-08-22,98.92431424558052,99.42269910992684,97.81881102893615,97.9547348022461,10518800
2023-08-23,96.9942179864499,97.22981873068366,95.79810123526576,97.0938949584961,11435600
2023-08-24,96.43241058463866,97.65571080438129,96.11525970001958,96.36898040771484,10818500
2023-08-25,97.34760281489248,98.70682653087066,96.61362422054243,98.09064483642578,13579300
2023-08-28,98.27189581179333,99.71267689625898,98.26283929577572,98.91526794433594,10382100
2023-08-29,99.3683403313137,99.69454773468792,98.24471016769371,99.50425720214844,9665000
2023-08-30,100.07513018870064,100.70943192881693,99.6583023432856,100.47383117675781,11922100
2023-08-31,100.69131530729383,100.96315595629756,100.23824064558362,100.75474548339844,17479800
2023-09-01,101.66995671458116,103.13792118519052,101.66995671458116,102.86607360839844,14843500
2023-09-05,103.39163452807253,104.95927587079336,102.84794632664105,102.87512969970703,18304000
2023-09-06,102.82982045010745,103.83563976237589,102.60328313646578,103.76315307617188,13325500
2023-09-07,103.89001542558105,104.97739178671779,103.0291694690917,103.25570678710938,13248500
2023-09-08,103.78127533689594,105.15862610608187,103.59098481879204,104.75991821289062,14283200
2023-09-11,105.27642530784502,105.72949995507909,102.91137509621349,103.44600677490234,14383600
2023-09-12,104.51524824348492,106.62657759594177,104.45181807429981,106.46347045898438,20145800
2023-09-13,106.39098982977431,106.88936778362799,105.02270248706232,105.51202392578125,13472800
2023-09-14,106.51785342155534,107.52367970179121,106.31849946859032,107.39681243896484,15210700
2023-09-15,106.83499521966593,107.3877468010694,105.56638491950433,105.74761199951172,34568400
2023-09-18,106.49973402727451,107.14309924842064,105.7476283932443,106.59941101074219,14045300
2023-09-19,107.48743781843028,107.68678486714644,105.66607569880067,106.3185043334961,12562900
2023-09-20,105.60261410169619,106.94371086211885,105.40326019892204,105.47575378417969,11879900
2023-09-21,106.00133740673995,106.35473504483376,103.84469786687843,103.98968505859375,14400600
2023-09-22,104.85052574397312,105.72949159625674,104.03499006075278,104.15279388427734,13197300
2023-09-25,104.28871505033207,105.70231259750297,104.05312122027877,105.32173156738281,11316000
2023-09-26,104.6602336648645,105.77480023408735,104.5424367564791,105.48483276367188,11805400
2023-09-27,106.82593351207629,109.1909835851224,106.38192231954845,108.91913604736328,23976200
2023-09-28,108.71979033714982,109.37221199160076,107.09778234586405,108.25765228271484,16808100
2023-09-29,107.92238020955287,107.99487381273642,105.77481079386165,106.54503631591797,18813600
2023-10-02,106.49971527277842,106.7353160025194,103.79939450537184,104.77803039550781,14395000
2023-10-03,104.60587662070903,105.51202591392135,104.23435209207415,104.95927429199219,13297100
2023-10-04,103.34632795628143,103.3825678436478,100.12949525294282,101.03564453125,19622200
2023-10-05,99.49518550856575,100.4919482517346,98.49841585202712,98.76119995117188,20128800
2023-10-06,95.80716453403502,98.10877757625113,95.24534950265924,97.11201477050781,25367500
2023-10-09,100.07513063881703,101.55215150508566,99.24146803086683,100.51007843017578,22369900
2023-10-10,100.60069520833645,100.99033969535222,99.78516634500313,100.08419036865234,13892000
2023-10-11,96.92171795287062,97.11200845595435,94.99162263870438,96.4958267211914,57939000
2023-10-12,97.49259730331303,97.71913462235229,96.13337338907755,96.47771453857422,31183000
2023-10-13,97.89129848935085,99.8576406246641,97.71912792640006,99.5586166381836,30276500
2023-10-16,100.12949601724083,100.29260316511595,98.88806900767075,99.63111114501953,18452000
2023-10-17,99.43176981624308,101.30749866777646,99.3864595840332,100.93597412109375,19775400
2023-10-18,101.32561734914349,102.74827151432137,101.21687694121823,102.34956359863281,23380300
2023-10-19,102.14116134253318,103.27384809107375,100.88161423122578,102.41300201416016,20972500
2023-10-20,102.322363351405,102.68482440467974,100.39226809426864,100.6550521850586,22445300
2023-10-23,100.24729601674534,100.54632694926924,98.48030762159607,99.17803955078125,18185000
2023-10-24,99.40456731168645,99.51330770760305,97.97285678898604,98.21751403808594,16786100
2023-10-25,98.33532012997792,99.22334949611849,97.9819224519655,98.39875030517578,22047300
2023-10-26,97.36573943045822,98.1722117536498,96.50490036159502,97.50166320800781,18768300
2023-10-27,98.67059347135456,99.54955936951963,95.10942656321,95.64405822753906,23092000
2023-10-30,95.81622436876351,96.43240616494147,95.33596634929859,95.94308471679688,19379900
2023-10-31,95.6712439171032,96.196812165719,94.72884782373468,95.91590118408203,22185200
2023-11-01,96.53206573975048,97.11200063004308,95.56248644691416,95.72559356689453,28984900
2023-11-02,95.94308409946491,98.9424429430502,95.59874985892857,98.86994934082031,25212700
2023-11-03,98.22658709762725,98.570921348405,96.54114881919033,97.6647720336914,30555600
2023-11-06,98.01816786194084,98.10878140902652,95.84340816503212,95.93402862548828,19097300
2023-11-07,94.66541030371444,95.0188079471324,93.59615394549937,94.4298095703125,20272500
2023-11-08,93.99486540776901,95.0550583785427,93.23369643744445,93.26994323730469,19184100
2023-11-09,93.940499595573,94.21234716053966,93.20652084888209,93.29713439941406,18380500
2023-11-10,94.17609237196733,94.61104705635773,93.2518231735217,94.01298522949219,17825500
2023-11-13,94.2848348022277,95.27253419327847,94.06735399866307,95.00068664550781,15308400
2023-11-14,95.37560901438927,95.85111232279556,94.98240153804662,95.36646270751953,18260500
2023-11-15,95.06470118366416,96.15288151741152,94.64406174642619,94.79037475585938,20137600
2023-11-16,94.09540036254214,94.43373698224751,92.49513847534445,93.69304656982422,22469100
2023-11-17,94.24170504369981,96.40891933719091,93.95823231739153,95.97913360595703,22984900
2023-11-20,96.36320286209174,96.82042057595426,95.49449199638842,95.55850219726562,17458800
2023-11-21,95.29330279365193,95.7413741419933,94.38801379042695,95.52191162109375,14989000
2023-11-22,93.80277743158253,95.2110086710551,93.21753938096897,95.11042022705078,18072000
2023-11-24,95.11957053929352,96.44550610126133,95.01898906026435,95.62251281738281,9480800
2023-11-27,95.19273293464616,95.46706637176585,94.3514539598098,95.06471252441406,18013500
2023-11-28,95.32073895988417,95.9334159467796,94.99154167565584,95.00983428955078,20629500
2023-11-29,95.34815799566756,95.63163765995648,92.94319586158905,93.58329772949219,26802100
2023-11-30,94.28744796643129,95.54022715290772,93.09867898793017,93.94910430908203,29254700
2023-12-01,93.72962485290692,95.30245479596103,93.47358406712381,94.17769622802734,17845300
2023-12-04,93.3912854841051,94.51604410295396,92.89748952777548,93.66561889648438,21523900
2023-12-05,93.51929757219136,93.58330776584646,91.70871953646844,91.84588623046875,22250300
2023-12-06,91.44354671466465,92.10194136726446,89.92558049043852,90.62969970703125,31154800
2023-12-07,91.31551503374453,92.21165777402229,89.69696054982894,89.99872589111328,29990700
2023-12-08,90.54737926404235,91.2514983435933,90.30048480566465,91.03203582763672,22074900
2023-12-11,91.26066036600298,91.31552426029339,90.14504800483947,91.09606170654297,22252300
2023-12-12,90.23647686682177,90.23647686682177,89.13915728306176,89.66038513183594,26084000
2023-12-13,89.6512396759615,90.55652868998308,89.30375676567742,90.45594024658203,19915400
2023-12-14,91.30639009641267,93.40044838494107,91.18751598410991,92.88836669921875,26165700
2023-12-15,91.98305318096706,92.35797504227735,91.7270123862129,92.26653289794922,55527000
2023-12-18,93.39128715630663,94.28743693974812,92.83348099064595,92.95236206054688,21610400
2023-12-19,93.27240717069762,94.36058748686396,93.08037658136028,94.17769622802734,18904700
2023-12-20,94.64406775191863,95.04642157680233,92.47685325414334,92.60487365722656,20988900
2023-12-21,92.7877651570058,93.28156113149817,92.18423441820777,93.02552032470703,19250900
2023-12-22,93.55588546858769,94.13198424747097,93.10781406680293,93.19011688232422,12927800
2023-12-26,93.94907325398117,94.21426030696054,93.38212787834476,93.4004135131836,16835100
2023-12-27,93.30899265844397,93.77535668390802,92.66888366775852,92.96150970458984,14558800
2023-12-28,92.71459867136429,92.9157755626503,91.56240818819128,91.61727905273438,16329300
2023-12-29,91.78186875313479,91.98303864823777,91.09604231414731,91.42523956298828,17746400
2024-01-02,92.28482658747174,94.27829620473229,92.2208163831987,93.60161590576172,23483000
2024-01-03,93.51929799883045,94.7537912738772,92.96149886677013,94.38801574707031,23490800
2024-01-04,95.17442574867007,95.62249708304648,93.31812324395169,93.56501770019531,19395200
2024-01-05,94.34229906873207,94.55262228160166,93.39128541024807,93.84850311279297,15827400
2024-01-08,92.1110749565587,92.39454767972339,90.43765660836686,92.2848129272461,23370100
2024-01-09,92.62316493707287,92.62316493707287,90.70285194193,91.14177703857422,19496600
2024-01-10,91.26065988488222,91.26065988488222,89.76098631841448,90.24563598632812,18206100
2024-01-11,90.5656689972607,90.98630837971514,90.12673700271539,90.22732543945312,15833400
2024-01-12,91.571549197511,92.03791314791354,90.68454585174861,91.3978042602539,18041700
2024-01-16,91.27893681018,91.452681760049,89.18487901111438,89.33119201660156,20235700
2024-01-17,88.33446349251527,89.5780962685249,88.31617785312785,88.68195343017578,18384000
2024-01-18,88.70022588681856,88.78252171671429,87.62119193201849,88.51734161376953,20940300
2024-01-19,88.44419425995042,88.71852069789213,88.16072151443409,88.65451049804688,20088400
2024-01-22,88.42590214011099,88.79167770267068,87.57547692220986,88.53563690185547,19955900
2024-01-23,88.52649456409662,90.07189272250388,88.45334502957525,89.53237915039062,15863400
2024-01-24,89.90728266599925,91.12348334685854,89.37690849255246,91.0777587890625,17330600
2024-01-25,91.72700904604254,93.43700568672294,91.09605338954229,93.39128112792969,22089500
2024-01-26,93.24497654960373,94.2600003766434,92.53171807148684,94.18684387207031,20817200
2024-01-29,94.16855012533885,94.36972003070963,93.14438007927208,94.30570983886719,18317500
2024-01-30,93.6473375495015,95.90598724502888,93.36385781662871,95.87855529785156,19610900
2024-01-31,95.77796024198057,95.90598063771411,93.97652141783081,94.01309967041016,22415300
2024-02-01,94.70806995354098,95.11042374443817,92.9249237922251,93.62903594970703,19240700
2024-02-02,94.87265048395066,95.10125928029753,92.91575974534841,93.24495697021484,21973400
2024-02-05,92.76946701792436,93.61989220504073,91.90075619280678,92.86091613769531,17190900
2024-02-06,93.33642368307018,94.22342716283245,92.87920596992168,93.50102233886719,13347900
2024-02-07,93.50100371841549,93.93993570532503,92.5225582861958,93.47357177734375,13826800
2024-02-08,93.5833183268189,95.48534569091298,93.37300208532683,95.0738525390625,19636900
2024-02-09,95.19272417879294,95.86940442443407,92.99807781346694,93.06208801269531,20410500
2024-02-12,93.41872566586225,94.55262363091005,93.27241265019747,94.34230041503906,18173100
2024-02-13,94.84067690577747,95.14523970073479,92.84713656737001,93.53010559082031,18917400
2024-02-14,94.01926939803977,94.71146975287775,92.68101115383067,93.06864166259766,17651300
2024-02-15,92.84713653915107,95.92973901524957,92.84713653915107,95.73592376708984,23196300
2024-02-16,95.99434409796947,96.56655853308125,95.5421014775042,95.73592376708984,20151400
2024-02-20,95.83744591489942,96.09587330314265,94.73915944092764,94.83145141601562,17650000
2024-02-21,95.08063699961505,96.88959344448557,95.05295011223686,96.76960754394531,20991300
2024-02-22,96.13279504272496,97.28646237738846,95.4775058001807,96.68655395507812,20470700
2024-02-23,95.87436631928713,96.06818158385948,94.95143246431793,95.83744812011719,15975900
2024-02-26,95.72670462223024,96.85268509965523,95.10834060312858,96.21585845947266,13360800
2024-02-27,96.61271050253767,97.04649051533143,95.84667375830298,96.01280212402344,16360000
2024-02-28,96.4189056656573,97.30492136474149,95.98512560600189,96.28046417236328,14810500
2024-02-29,96.61270726785996,96.97265087463205,96.18815857888329,96.46503448486328,17566100
2024-03-01,97.57257915276034,98.19094321459143,97.25877794554198,97.6833267211914,18460100
2024-03-04,97.51718425574997,97.6925368816105,96.01279772361131,96.31736755371094,18138000
2024-03-05,96.4742612624355,98.08016397424754,96.28044602492591,97.49871826171875,19952700
2024-03-06,98.40321441364623,99.27999879727055,97.96943435639513,98.5416488647461,20472800
2024-03-07,98.38472745332935,99.65838041977598,98.38472745332935,99.09539031982422,15195400
2024-03-08,98.96620428968892,100.04603525286603,98.54164850311797,100.02757263183594,16281500
2024-03-11,99.90759957560354,100.71055464290325,99.06772630552173,100.61825561523438,17577300
2024-03-12,100.65515222895321,100.8581987799907,99.70453159584655,99.97218322753906,14957200
2024-03-13,100.72899984319686,101.84574895691982,100.70131295432027,101.08894348144531,17122200
2024-03-14,101.36582179680171,102.95326907278616,101.23661162702867,102.87943267822266,22121000
2024-03-15,102.30720137598117,103.64545949381964,102.30720137598117,102.69483184814453,38264400
2024-03-18,103.1747714508918,104.16231034580095,102.53794486882171,103.64546966552734,16770500
2024-03-19,103.57163248134262,104.74375531272203,103.42395969300367,104.37458038330078,14878800
2024-03-20,104.03309857106117,104.66069383375276,103.48856397009259,104.28228759765625,16119700
2024-03-21,104.21768715001254,105.13139671817069,103.89466171545347,104.74375915527344,14878000
2024-03-22,104.73453488673344,104.92835014746888,104.125395174628,104.74375915527344,14701900
2024-03-25,105.0575637127933,106.8572819358832,105.0575637127933,105.81436920166016,14011700
2024-03-26,105.82360013752285,106.11893869209851,104.66993280848877,105.02064514160156,13152300
2024-03-27,104.73453363531517,106.19276372839057,104.66992854917528,106.10970306396484,12415700
2024-03-28,106.62655522164303,107.47565274264497,106.1927751502931,107.2818374633789,18482100
2024-04-01,107.43873325751116,108.20476300437278,106.48810547368141,107.97402954101562,13817000
2024-04-02,108.83234917419801,110.38287819950969,108.28782162625136,110.08753967285156,19919600
2024-04-03,110.27213881063592,110.521327850359,109.57993842743952,110.10601043701172,16504300
2024-04-04,109.87528070764085,110.64131047291079,109.49687443875699,110.49364471435547,18467400
2024-04-05,110.73361713862684,112.73638209702293,110.4198159377137,112.01649475097656,21720600
2024-04-08,111.74883552989789,112.35796822724576,110.94588052190235,111.25968170166016,17513900
2024-04-09,111.67497425756164,112.27488255235423,111.06583465445452,111.84110260009766,14132300
2024-04-10,111.8780376588173,113.03170492218338,111.42580206317713,112.78250885009766,17409200
2024-04-11,113.23474026633981,113.23474026633981,111.06584039299447,112.40409851074219,17555900
2024-04-12,113.47471565104489,114.21306555809207,110.44749370671926,111.09355163574219,21556200
2024-04-15,111.75805917209796,112.31182512839716,110.24444818544717,110.45672607421875,15029500
2024-04-16,110.34595473724632,110.95509438020964,108.83234398018212,109.54300689697266,18082200
2024-04-17,109.41381864839765,110.15216155694898,108.09402286577463,109.4876480102539,14538600
2024-04-18,109.82911971062371,110.4936331581901,108.87849904479857,109.3861083984375,13821400
2024-04-19,109.97680516282627,111.61039504173685,109.78298285043907,110.64131164550781,21572400
2024-04-22,110.06908073358183,112.20105543773111,109.30304403297015,111.26889038085938,16340700
2024-04-23,110.75205419385357,111.73036175264296,110.24443779556135,111.70267486572266,13929800
2024-04-24,111.02893765858049,111.91495325125133,110.18906453051454,111.72113800048828,12101200
2024-04-25,111.70267789249316,112.37642267198943,110.19829831717631,111.97956085205078,16041000
2024-04-26,109.82911462609142,109.92140659144168,107.2633599656562,108.8692626953125,27289500
2024-04-29,108.68467927767041,110.79819838886858,108.68467927767041,110.41979217529297,17309900
2024-04-30,109.93064832260272,110.93664281071933,108.88773563656079,109.15538024902344,21083300
2024-05-01,109.16461384242417,109.33997352588116,106.74653167985593,107.0880126953125,27777700
2024-05-02,107.30030008507684,108.22323401001643,106.96804330878442,107.2818374633789,25513600
2024-05-03,107.0603256225586,107.12493070981171,105.33443680390212,107.0603256225586,28023300
2024-05-06,107.67869655695011,109.21999448192419,107.42950750186807,107.75253295898438,31401300
2024-05-07,108.24168896456321,108.5185719570153,106.99572958138282,107.21723175048828,30122000
2024-05-08,106.79267546645866,107.93711147451677,106.5157995349458,107.19876861572266,18957200
2024-05-09,107.24490950336825,109.39534704275515,107.23568523478563,109.31228637695312,17564000
2024-05-10,109.4045659523398,109.51532053561546,108.51855041041131,108.8692626953125,13648100
2024-05-13,109.29383423958056,109.86605581077454,108.0940243561073,108.8231430053711,15060600
2024-05-14,108.66495800416332,109.54886396936223,108.37652687631063,109.48373413085938,15079100
2024-05-15,109.42791053074119,110.57233584940317,108.00435327656066,110.33042907714844,18244300
2024-05-16,110.29320929404695,111.00033831402159,109.3627789883087,109.6698226928711,15745200
2024-05-17,110.06990016529521,111.49345729586055,109.75355019260326,111.3166732788086,15104500
2024-05-20,111.40041492683173,111.54928007283816,110.30250696788438,110.41415405273438,11551300
2024-05-21,110.16294646315839,111.1398939970238,109.5860771346238,109.65120697021484,14495000
2024-05-22,109.28834641774027,109.28834641774027,106.96227057767611,107.44609832763672,17879300
2024-05-23,107.55773981442049,109.33486507086883,105.4735779580506,105.61314392089844,15979800
2024-05-24,106.85061301842222,107.0739214030456,105.17584272546627,105.52940368652344,12212900
2024-05-28,105.62243671790866,107.10182447673536,105.20374595333432,106.86921691894531,13978300
2024-05-29,106.56218886038758,106.5808014429661,104.96184749241233,105.72480010986328,13902000
2024-05-30,105.38983485019084,106.1900054600799,105.10140373451678,106.05974578857422,14683700
2024-05-31,106.18070625945501,109.31625176437834,106.05974577976713,109.10225677490234,29037400
2024-06-03,108.20904896178895,108.26487250938224,105.84575509920008,106.48774719238281,19589300
2024-06-04,105.13862482108132,105.22236014147737,103.20332807645812,104.83158111572266,19412200
2024-06-05,105.03628018667314,105.31541212724945,103.7243771026528,105.25028228759766,14863500
2024-06-06,104.90601919190675,106.10627516354214,104.310544351523,106.04114532470703,13154100
2024-06-07,105.87366952621038,106.90644777428768,104.83158498709432,104.90602111816406,13289200
2024-06-10,105.19444589072783,106.27374843010362,104.85949041979188,105.21305847167969,15239700
2024-06-11,104.66410858426377,104.83158633200925,103.56620048207009,104.36637115478516,12462400
2024-06-12,105.41774575189285,105.41774575189285,102.8497563817698,103.2126235961914,13606800
2024-06-13,103.12888430474084,103.14749688475153,102.08680697996182,102.3845443725586,14466900
2024-06-14,102.36594452347974,102.54272856247057,101.03542883201787,101.51925659179688,13313400
2024-06-17,101.57507265194806,101.84489828681009,100.65394865612237,100.82142639160156,21147900
2024-06-18,101.44482806601147,103.01725775526273,101.23083304356497,101.77047729492188,17762900
2024-06-20,102.26360355372597,104.78506895970895,101.96585902595031,103.9662857055664,17433200
2024-06-21,104.11514855730616,104.85948851359521,103.05445861816406,103.05445861816406,52212500
2024-06-24,103.87324475369621,106.5621879244252,103.87324475369621,106.11558532714844,16266700
2024-06-25,106.17140095633029,106.58079255547527,105.56661984812604,106.41331481933594,14188900
2024-06-26,106.43191842516109,106.83200372673863,105.26888058320537,106.45053100585938,15771800
2024-06-27,106.99018368820826,106.99018368820826,106.171407537783,106.90644836425781,16812700
2024-06-28,107.79966149459462,108.43235441991833,106.70175339178641,107.11114501953125,24565900
2024-07-01,107.66008773037444,108.61842979085901,106.56217970702073,106.96226501464844,11972900
2024-07-02,107.83688314760488,107.87410121487606,105.59454251020499,106.23654174804688,13326700
2024-07-03,106.32026812032551,107.61357277855006,106.32026812032551,106.77618408203125,7732900
2024-07-05,106.63662658281208,106.65523206704755,104.85020195414829,105.48289489746094,12631000
2024-07-08,104.57105325429904,105.65035573124874,103.66853479306819,104.37566375732422,13350500
2024-07-09,103.38011817430915,104.71063387700276,102.92420928416975,103.2219467163086,11727000
2024-07-10,103.20332067411208,104.17096897701828,102.73810555340445,104.13375091552734,10004100
2024-07-11,103.6778482234087,105.43636091591206,103.21263307515659,105.37123107910156,13082700
2024-07-12,106.05975013822056,106.20862239668662,104.79436433573903,105.38983917236328,11684900
2024-07-15,106.32027840861798,108.07879839078413,105.6782862613465,107.19488525390625,13032500
2024-07-16,106.39470309410432,108.25556368901168,105.79922827162355,107.96713256835938,13614100
2024-07-17,108.61844464196949,109.95826671091206,108.4416676902101,109.4558334350586,13602800
2024-07-18,109.74425427525118,111.57720315597281,109.26973991929283,110.53512573242188,13033600
2024-07-19,110.33972204488678,110.60954767436803,107.80895767945294,107.99504089355469,16157700
2024-07-22,107.16695895780282,107.87408795177274,106.60870221461379,107.25069427490234,12065900
2024-07-23,106.82270019228999,107.15765566730427,105.29679507216711,105.52010345458984,11251700
2024-07-24,105.85506549239884,107.18558127358004,105.20376703949366,107.00880432128906,14925200
2024-07-25,107.15766241910832,109.81869380571065,106.59009933394081,109.26043701171875,17021700
2024-07-26,108.64635830637341,109.81870263706772,108.36723343624105,109.16740417480469,11252500
2024-07-29,109.1580829545249,109.22321279184412,107.35304589364988,108.02295684814453,8861800
2024-07-30,108.26486756256146,110.34902939471476,108.14391418209593,109.94894409179688,12483900
2024-07-31,111.31667629703713,111.42833048430039,110.31180990752658,110.3397216796875,15137700
2024-08-01,110.11643143540485,111.17712147549872,108.26487701083681,108.81382751464844,15051500
2024-08-02,107.90199231706563,110.60024133897737,107.39025286340994,108.7486801147461,20403800
2024-08-05,107.50191963298191,107.95782850050733,105.37123335611005,106.78548431396484,18025900
2024-08-06,106.48775221328799,107.58566032564894,105.72479959951988,106.21793365478516,13647800
2024-08-07,107.4181695499133,108.97199346275264,107.24139262943032,107.63217163085938,13660700
2024-08-08,108.00435416422461,109.8931265940461,107.67870496918988,109.68843078613281,13851000
2024-08-09,109.6884298952015,111.00963924639392,109.19530296120854,110.5816421508789,12151900
2024-08-12,111.23293850929066,111.80980071745238,109.80937427313492,110.72119903564453,13228900
2024-08-13,110.05129385068717,110.26529594133459,109.32555935838514,109.66051483154297,11585100
2024-08-14,109.88381827282456,111.55859567151543,109.44651489102084,110.6746826171875,12194500
2024-08-15,110.90916212633205,112.20349057549252,110.7872349681476,111.35936737060547,11579400
2024-08-16,110.66530325739343,111.12488972642107,110.35579474768004,110.8341293334961,10056000
2024-08-19,111.0498486630347,113.01948134663546,110.83412368288018,111.1717758178711,12417500
2024-08-20,111.28434151317437,111.28434151317437,107.40134867695866,107.46700286865234,15632000
2024-08-21,107.87030234242498,108.3955358424207,106.69790102581328,106.78231048583984,11752400
2024-08-22,106.71665201608197,107.8702980138738,106.5853436463521,107.60768127441406,10609500
2024-08-23,107.88905712333153,109.47414598601405,107.88905712333153,109.0989761352539,10381400
2024-08-26,110.449589614316,111.55633678727088,109.66173217734251,111.43440246582031,13671000
2024-08-27,111.57508766931878,111.99715643686945,110.11193311565722,110.37454986572266,9991600
2024-08-28,109.73677298209482,110.2807689587072,109.0427133446272,109.28656768798828,10742900
2024-08-29,109.92434870211187,111.41564695372173,109.1271172080973,110.79661560058594,10753900
2024-08-30,109.53980514603167,110.69344408146186,109.07084460023434,110.61841583251953,13284700
2024-09-03,108.64876875535772,108.88324901301942,106.96051519365521,108.30174255371094,15725100
2024-09-04,108.13291695635395,108.93952961871048,106.90424269066257,106.9792709350586,12620600
2024-09-05,107.92656729111384,108.12352983896749,106.05072532400956,106.14451599121094,17200800
2024-09-06,106.53846028191845,107.09183748291599,104.79393352150832,105.6474380493164,13467700
2024-09-09,105.86314984952548,108.93952970094247,105.66618729076923,107.87030029296875,21645300
2024-09-10,107.95472345454438,108.23610266320976,103.33077187651084,103.94042205810547,20913400
2024-09-11,103.9028930615489,104.06233792310529,101.07974868962246,102.90869903564453,19571900
2024-09-12,103.07752965830103,104.4187571089069,102.94622127760704,104.32496643066406,15919500
2024-09-13,104.55005814882048,105.48797917693474,104.04357993494642,104.24992370605469,10035400
2024-09-16,105.09405718392233,106.06948878505537,104.75640503131099,105.71308135986328,11729000
2024-09-17,105.34729364076983,107.2700346846158,105.1597122902448,107.09182739257812,12202600
2024-09-18,107.02617880052179,108.45181574405765,106.74479960425158,107.46700286865234,12569900
2024-09-19,108.94891418874313,110.28076038174613,108.0391296120762,108.79884338378906,12660600
2024-09-20,108.2923659235834,108.33926483940871,107.1574822871558,108.1141586303711,36206200
2024-09-23,108.17043099369081,110.47771580238523,107.97346844175256,110.07440948486328,16066300
2024-09-24,110.5246045342945,110.82474611657985,109.57730949934074,109.78365325927734,11984900
2024-09-25,109.25842809070048,109.78366877817813,106.96052423371012,107.64520263671875,13816000
2024-09-26,104.24054066678204,106.43527955513711,104.24054066678204,105.79749298095703,16887900
2024-09-27,106.69790498988922,108.8832556868593,106.2195632313246,108.63002014160156,15964000
2024-09-30,108.29237205350769,110.10256010797467,107.82341149178849,109.943115234375,13247600
2024-10-01,108.83636600979648,113.11328396373696,108.73319411566457,112.48487854003906,23235900
2024-10-02,114.36070919148358,115.19545831906036,112.7381026934323,113.97615814208984,17129700
2024-10-03,114.33258839959075,115.52374509887716,113.4228037488481,114.97037506103516,16524300
2024-10-04,115.55186502833796,117.41833298164764,114.82966900255995,117.08068084716797,19752300
2024-10-07,117.47461272927663,118.49694324959624,117.10882408844945,117.58716583251953,15714400
2024-10-08,116.18966143736814,116.32096981681066,113.73231277428384,114.4638900756836,14818500
2024-10-09,113.39465156881919,114.97035915224829,113.30086089894937,114.51077270507812,11144900
2024-10-10,115.51436789827159,116.02083900303117,114.69837395256744,115.49560546875,10243300
2024-10-11,115.45807490723053,116.33034173281709,115.30801126662102,115.93641662597656,8294800
2024-10-14,115.58938565631865,116.54606911351011,115.0078791977999,116.37724304199219,9808100
2024-10-15,113.31963880505026,114.37948718223502,112.34419990087744,112.87881469726562,15771300
2024-10-16,113.38528113909746,113.90114060609868,113.11328316156683,113.16956329345703,8426800
2024-10-17,113.26336582304229,114.0324609188248,112.27854570327786,112.87881469726562,11204900
2024-10-18,112.96321999599186,113.15080135438483,111.75330091377796,112.5599136352539,12898600
2024-10-21,113.46968728856005,113.9386477950075,112.28790480869708,112.62555694580078,10177800
2024-10-22,112.79441180008747,113.66667885091768,112.49427728559597,113.20709228515625,9201400
2024-10-23,112.52239231471867,113.25396960700846,111.98777758913998,112.80376434326172,8320300
2024-10-24,112.55051324091382,112.96320074597655,111.73451944384038,112.16596221923828,9905600
2024-10-25,112.73809709853339,112.95382206896024,111.91272922564569,112.07217407226562,10714600
2024-10-28,109.53979260830751,111.62197833824767,109.52103018139191,111.51880645751953,11844500
2024-10-29,111.21868227317525,111.77205227007981,109.8024194529022,109.99938201904297,14731000
2024-10-30,110.35578362190735,110.92790882437372,109.24903660254024,109.44599914550781,12303700
2024-10-31,109.87745941199209,111.30309634993101,109.43663534559218,109.53042602539062,20512000
2024-11-01,112.48489195148048,112.50364722729965,107.71086923126234,107.81404113769531,20939300
2024-11-04,108.86449816904357,111.33122800390267,108.73318979187357,111.24681854248047,14965400
2024-11-05,111.6876339672255,111.80956112067894,110.68405878732149,111.57508087158203,10436700
2024-11-06,113.62913868787086,114.3419607023416,111.89398614523262,113.48844909667969,20807700
2024-11-07,113.76982471862422,113.95740606382884,112.18473587529752,113.62913513183594,12184400
2024-11-08,113.46969423586133,113.88237464087864,112.23163870926963,113.59162139892578,12836000
2024-11-11,113.48845293334288,114.06996659056618,112.616186025393,112.9913558959961,11969700
2024-11-12,113.61039208645252,113.77921818824726,112.4004728828854,112.87881469726562,11972800
2024-11-13,113.08514510376084,114.47327146020531,111.42502792933136,113.92927551269531,15127900
2024-11-14,115.0451099378535,115.25314204483922,113.78742292268461,114.00491333007812,13041800
2024-11-15,113.85362196189949,114.64794608392222,112.6526702634422,112.82288360595703,19051700
2024-11-18,113.27678549727732,114.06165851389102,112.7850548688523,113.76850891113281,14239700
2024-11-19,113.2389613823231,113.2389613823231,111.77323498799754,112.17985534667969,11584400
2024-11-20,112.69049563439015,113.91981501409778,112.18931391044723,113.77796936035156,11360900
2024-11-21,114.49664788521001,115.88672229561942,113.73068424636159,115.30043029785156,14675400
2024-11-22,115.19641273209176,116.51083518972126,115.0261993886434,115.16804504394531,13323400
2024-11-25,114.82762240913345,115.25315217548572,113.10657952667614,113.44700622558594,26580300
2024-11-26,113.03092551151803,113.17277116927244,111.44227001672235,111.55574798583984,14827300
2024-11-27,111.66922456693146,112.27443321923278,111.04511374064575,111.26261138916016,11079100
2024-11-29,111.05456410905455,112.05692756596119,110.59120115500892,111.5462875366211,9426500
2024-12-02,111.63139067497674,111.7732291063571,110.46826503567299,111.4422607421875,12687300
2024-12-03,112.26496127101733,112.26496127101733,110.88434520810694,111.27204895019531,11756600
2024-12-04,111.11129930165804,111.15858359144407,107.66921367067012,108.06637573242188,19520600
2024-12-05,108.47299852126784,109.3335235555471,107.85833881314979,108.53919219970703,15751200
2024-12-06,108.31224178156593,108.5297322010772,107.32878770687353,107.39498138427734,16171100
2024-12-09,108.40680444261103,108.69049575748583,106.61956791678135,106.76141357421875,17412600
2024-12-10,107.41389090317223,107.68812391405827,105.67393868667152,106.54391479492188,20990900
2024-12-11,105.91033825240235,106.27913260308,105.06872989166934,105.83468627929688,32392200
2024-12-12,105.52262993900365,106.26967695931401,104.75667353222885,105.74012756347656,14543300
2024-12-13,105.81577852058861,105.81577852058861,104.25549082049722,104.81340789794922,13106100
2024-12-16,104.20820570112713,104.39733563528968,102.2791308746542,102.57227325439453,20256100
2024-12-17,101.40915329273307,102.2885876958339,100.98362354250382,102.13729095458984,17554000
2024-12-18,101.72120936047223,102.91270272718931,100.52971599375515,100.63373565673828,17114500
2024-12-19,101.5510021259872,101.81577684237844,99.48953255820825,99.77322387695312,20565600
2024-12-20,99.71649338238392,100.3689791659168,99.13965958830399,100.11366271972656,40141200
2024-12-23,99.5840867165366,100.80394775551166,99.21529235761037,100.520263671875,12285100
2024-12-24,100.7282931323388,101.3618693863983,99.95287844747496,100.61482238769531,7807000
2024-12-26,100.72828833910785,101.21056062460109,100.17982959876825,100.69992065429688,9652400
2024-12-27,100.52026974696486,102.11837632737272,100.01908079456813,100.69048309326172,11943900
2024-12-30,100.52027599592809,100.76613412230884,99.77322888599357,100.00963592529297,11080800
2024-12-31,100.39733351326339,102.03327329851932,100.02853913191474,101.7212142944336,12387800
2025-01-02,102.39260214217032,103.07345547948516,101.06872145456582,101.475341796875,12685400
2025-01-03,102.1278249661572,102.59118067046133,101.61718497557813,101.99543762207031,14237900
2025-01-06,102.3547796694016,103.81104775430923,101.67392630871028,101.88196563720703,15623700
2025-01-07,103.01672303143074,104.07582183993239,102.39260504964696,102.83705139160156,12625900
2025-01-08,101.47534099589666,101.8535936485936,100.24602889284317,101.11600494384766,17858100
2025-01-10,102.78976814712155,104.11364888576803,100.0285359189475,100.7472152709961,19304500
2025-01-13,101.30513426797638,103.66920448325739,101.30513426797638,103.34769439697266,17073400
2025-01-14,102.8748837991852,103.79214422776434,101.96708167186347,103.75431823730469,11191200
2025-01-15,104.06637481288595,105.65503030217259,103.51790878590812,105.44699096679688,14521100
2025-01-16,105.14438205060468,105.61719606149569,104.53918069382973,105.2673110961914,10366600
2025-01-17,104.99309050226154,106.73305001938002,104.79450945998613,106.21295166015625,19298500
2025-01-21,105.95763812192664,106.0805671853747,105.08765473240777,105.40917205810547,20416300
2025-01-22,105.15383546657407,105.5037204396319,103.45170931838834,103.57463836669922,15718000
2025-01-23,104.31223118945626,105.09710422730271,103.65029441932653,104.16093444824219,13726800
2025-01-24,104.24603230419048,104.6904786338881,102.51553848743177,102.75194549560547,14235900
2025-01-27,103.08291530619552,104.44461478641809,102.49662332047798,104.17984008789062,15926700
2025-01-28,104.40679815552224,104.84178619982337,101.92925002712579,102.16565704345703,15862000
2025-01-29,101.85359625447286,102.86541797794688,101.62664754287603,102.76139831542969,12345500
2025-01-30,103.30041352394316,103.87724725271856,102.78977347480249,103.61247253417969,14346300
2025-01-31,104.5391837253997,104.5391837253997,100.3311345776974,101.02144622802734,20376500
2025-02-03,100.84178133142986,101.4658993486214,99.59355251161668,101.2673110961914,14623200
2025-02-04,100.90797096488379,104.28386290229066,100.73775762288976,103.98126220703125,14835700
2025-02-05,103.77321415932003,104.02853775814864,103.16801281963834,103.90560150146484,13364400
2025-02-06,104.74722061888653,105.01200254499247,102.11837567639213,102.53445434570312,13411400
2025-02-07,102.86541698399573,103.76376795027561,102.43042895156763,102.96943664550781,10051600
2025-02-10,104.02855344441203,104.99309097041767,103.90561716919092,104.93635559082031,12142200
2025-02-11,105.5320958105176,106.39262085505797,104.79450703780869,105.5982894897461,12713100
2025-02-12,104.9972107308782,105.1689465732232,102.25898015546105,102.42117309570312,18244100
2025-02-13,102.23037402471385,103.43252510100356,101.62929484701769,103.16537475585938,15460000
2025-02-14,103.53745247442286,105.16894661692919,103.13673793515184,103.27030944824219,15733500
2025-02-18,103.6424114864913,105.89405615693919,103.34664700761877,105.08308410644531,20060300
2025-02-19,105.67461956478333,106.9817133714116,105.00675466763045,105.2357406616211,10964700
2025-02-20,105.49333737412131,107.25839583220866,104.90180116087555,106.85768127441406,16325800
2025-02-21,106.20891339170564,106.71457809348759,105.48380558281505,105.60784149169922,14710000
2025-02-24,105.8368079554729,106.72410862640626,105.2548146509305,106.16119384765625,13153500
2025-02-25,106.18981749295453,106.98170365987149,103.89046581263393,104.69190216064453,14497000
2025-02-26,104.70144632846328,104.82548222718026,103.53745967986977,104.4343032836914,10446400
2025-02-27,104.95904933284419,106.18027878846979,104.26256304190991,105.09262084960938,15293200
2025-02-28,105.0544506601297,106.45695878704518,104.31980007979239,106.21843719482422,18821700
2025-03-03,106.5714506005605,107.0103367610099,101.61974701204777,102.8123550415039,18706900
2025-03-04,101.4766404108463,103.95726384741157,101.07592582906085,102.60246276855469,19394900
2025-03-05,100.9805057073238,101.44801330569057,98.91013987147753,100.598876953125,24822200
2025-03-06,100.58932808495122,103.14627989358989,99.56845594189966,102.67877960205078,17150200
2025-03-07,103.43252501733727,105.33115518868492,103.32757491589116,104.01451110839844,19625000
2025-03-10,104.26256813965618,107.40151349531523,104.07175375754828,106.6668701171875,22749100
2025-03-11,106.78134442035633,106.95308025753648,103.79505671288628,104.1480712890625,19904700
2025-03-12,104.04313204500157,105.07353989632306,103.44205291270346,104.11945343017578,14051500
2025-03-13,103.35618661156289,105.73185982784803,102.68832173080712,103.68057250976562,17767800
2025-03-14,103.93818809204463,107.02942638684297,103.33710892423488,106.76228332519531,15890100
2025-03-17,106.66686435946447,109.24289477438126,106.60007860142149,108.53687286376953,19908800
2025-03-18,108.85172217048452,109.28106545063756,107.40151393486391,108.4223861694336,15998700
2025-03-19,108.9566711061102,110.5022937958405,108.6036637736097,110.11112213134766,17315000
2025-03-20,109.45279860950036,111.12244989548778,108.96621248229262,110.57862091064453,16230800
2025-03-21,110.19699096679688,110.66449131456797,109.09979003381783,110.19699096679688,41102800
2025-03-24,110.36872233598935,111.54225188833725,110.27331514550545,110.48321533203125,14207500
2025-03-25,111.08428080697632,112.23872448750056,110.63585903042939,111.23693084716797,12081800
2025-03-26,112.27689047838969,113.70802011197941,112.27689047838969,112.83979797363281,14110800
2025-03-27,112.67761406618247,113.60307913478755,111.87618490106198,112.47725677490234,12740800
2025-03-28,112.67760754527073,113.02107924733124,111.8570926213597,112.32460021972656,10233400
2025-03-31,112.3818397493789,114.40450557061007,112.3818397493789,113.46949768066406,21652300
2025-04-01,113.7461834775741,113.8034263331196,112.51541112963413,113.57444763183594,12425400
2025-04-02,112.95429250960764,113.38362849391564,112.25781348803227,113.221435546875,12614600
2025-04-03,109.11886669436157,110.14927449790741,107.0771223338016,107.26793670654297,21204600
2025-04-04,104.82547362994622,105.7413956850887,99.06279099712759,99.54936981201172,30841300
2025-04-07,95.78073784210038,100.9423490148835,93.93935070803215,98.21366119384766,35068500
2025-04-08,100.61795540569199,100.75152692538437,94.46410075995801,96.1432876586914,27147800
2025-04-09,94.80756878383878,101.68653089754434,93.62449639945632,100.94234466552734,30063300
2025-04-10,98.94830347620935,99.01508923561397,93.30965642047127,95.34185791015625,33999300
2025-04-11,95.69487042395652,99.1582014931081,94.254197897836,98.40447235107422,22884600
2025-04-14,100.20770669188589,100.26494955415065,98.00376914546212,98.64300537109375,18020000
2025-04-15,98.8815253380406,100.5702625374473,98.27091055382078,98.36631774902344,13164900
2025-04-16,99.17728689155166,100.74198813969231,98.93876527105336,99.4062728881836,13607000
2025-04-17,99.88330903611559,103.56608317741076,99.66386595803561,102.01091766357422,17916500
2025-04-21,100.76108028614692,100.78015881418237,99.33949337667053,100.51301574707031,16926500
2025-04-22,101.2667377762235,103.93818281528044,101.2667377762235,103.32756805419922,13147000
2025-04-23,103.81414133992091,104.2816489280658,101.58158260444385,102.44026184082031,14235700
2025-04-24,103.01271699530272,103.88093189504404,102.04908762559026,103.64241027832031,9849600
2025-04-25,103.17490186198036,103.76643804557389,102.48795849499471,103.58515930175781,11245800
2025-04-28,103.75690327482445,104.23394650827191,102.73603104641096,103.64241027832031,13890900
2025-04-29,102.79327516417018,103.83323321095662,102.58337497422602,103.38481140136719,9483100
2025-04-30,102.48796702471762,102.48796702471762,99.36810746562098,100.7801513671875,20379300
2025-05-01,100.27448447242551,102.01092152083714,100.1599987570128,100.92326354980469,18610300
2025-05-02,102.77419153116102,103.99542099841271,99.74973929131089,101.3335189819336,16581900
2025-05-05,99.84516282597923,99.85470573000194,98.3377042709214,98.52851867675781,19624000
2025-05-06,99.1200389424679,101.11408337257942,98.72886729006916,99.90238952636719,16303400
2025-05-07,100.16954183477145,100.45577070280711,99.29178398214573,99.80699157714844,12332200
2025-05-08,100.50346484879086,102.45934501601036,100.50346484879086,101.199951171875,19196500
2025-05-09,102.22081792069234,102.80281121617001,101.49571020714443,102.38301086425781,10992100
2025-05-12,105.20710045938854,105.36930067385407,103.34663495585471,104.1480712890625,14244600
2025-05-13,104.30073176130546,105.43609698068799,104.01450291099157,104.4343032836914,13350800
2025-05-14,103.8618483150062,103.8618483150062,102.97454765280234,103.49929809570312,15494900
2025-05-15,102.5364182716989,104.61622899016453,102.03572717992571,104.548828125,15004300
2025-05-16,104.61623035246984,104.8473179865941,103.4607774895616,104.17330932617188,14042500
2025-05-19,103.5763334686216,103.5763334686216,101.79501842338946,102.51717376708984,16802700
2025-05-20,102.44013703873874,102.75788713734026,100.88990972317289,101.05359649658203,12429300
2025-05-21,100.64919604467941,101.07286286284078,99.79223895968505,99.8115005493164,16716100
2025-05-22,99.23377273169237,99.62855452083215,98.1072121345256,99.1471176147461,13417400
2025-05-23,98.79085135831974,99.6285542169664,98.28052941480807,99.20488739013672,12061600
2025-05-27,99.6477964831327,100.00406239433833,99.07970453011797,99.67668151855469,13043600
2025-05-28,100.41811123496409,100.55291298162369,98.01092669297955,98.31904602050781,14292400
2025-05-29,98.48272829783883,99.03156605444025,97.97240637368327,98.87751007080078,13825300
2025-05-30,98.36718952958898,98.58864638658616,97.43320078154211,98.50199127197266,28645800
2025-06-02,99.89814499476937,99.99443089421038,98.42494942950654,99.22413635253906,17290500
2025-06-03,99.07970886064179,100.77436869218675,98.41532363232409,99.94629669189453,19194300
2025-06-04,100.06184210416772,101.02471589041909,98.50199127197266,98.50199127197266,15648500
2025-06-05,99.15673707380319,99.22413793910393,97.95314494618738,98.04943084716797,13924800
2025-06-06,98.94490779654164,100.62030605089956,98.86787613409805,100.39884185791016,15487800
2025-06-09,100.45662209324117,101.92018698996934,99.97518520869134,101.07286071777344,17087300
2025-06-10,102.14165851859676,103.65337015071411,101.9972259736389,103.23933410644531,17634800
2025-06-11,103.7592819023642,105.32876353900765,102.50754303407103,105.2517318725586,22648200
2025-06-12,104.87620285765611,106.09905658468342,104.20219419829387,105.65613555908203,17469400
2025-06-13,108.17886193405955,108.35217949904542,106.57086457044517,107.95740509033203,28540200
2025-06-16,107.66853882162069,108.95879342336029,107.00415360562788,108.30403900146484,22986100
2025-06-17,109.71945439007138,110.66307384161055,108.91064401401775,109.7676010131836,19451700
2025-06-18,110.35496516988461,110.9615730102809,108.74696771079476,108.98768615722656,17968900
2025-06-20,109.23802764537137,110.76900077896947,108.9780549564968,110.44161987304688,36273300
2025-06-23,112.36736767540006,112.60808612144518,107.03305337564711,107.59151458740234,26631100
2025-06-24,105.19396005659019,106.82121908923851,103.9037127225486,104.31774139404297,24828300
2025-06-25,104.09628467206528,105.18432939601642,103.70150289714556,104.34663391113281,17483200
2025-06-26,104.89547343554061,106.33978412607817,104.51995324369237,105.90648651123047,18304800
2025-06-27,105.85835191696557,106.01240791078341,104.34664028777212,105.31913757324219,22002100
2025-06-30,104.606608619303,104.79918044006295,103.72076648997667,103.79779815673828,19199000
2025-07-01,104.11553572393119,105.56947714029376,103.17192356475611,105.184326171875,15536900
2025-07-02,105.91611128843948,107.22562016115167,104.78955077690054,106.92713165283203,11892200
2025-07-03,106.74418416289659,108.29441148300808,106.5130965205741,108.03443145751953,11223600
2025-07-07,107.39894508759893,107.89001278505266,106.12795195888775,106.98490905761719,15415900
2025-07-08,106.7730676374945,110.21052656958359,106.73455180664708,109.95055389404297,17913400
2025-07-09,109.69058288049658,110.02758724540793,109.06471343357883,109.57504272460938,10652100
2025-07-10,109.4883787281375,110.99045950278774,108.87214008488898,110.6630859375,14901700
2025-07-11,110.58605505055245,111.4622737393747,110.25868148295565,111.14452362060547,11683900
2025-07-14,110.95194424017892,110.95194424017892,109.01656596677141,109.6905746459961,13220300
2025-07-15,109.44023392561274,109.8253775486079,108.41958275547317,108.71807861328125,10959300
2025-07-16,108.68918603391911,109.28617040231443,107.93814568583247,108.06332397460938,11158900
2025-07-17,107.3507864791736,108.06331830455888,106.96563553093841,107.51448059082031,13151400
2025-07-18,106.98490006862788,107.58188442216026,103.35486201505994,103.7688980102539,32366600
2025-07-21,103.6052155819203,104.73177612321237,103.45115959960856,104.03851318359375,17010400
2025-07-22,103.97111559647026,105.37691045536346,103.6148496477767,104.51032257080078,13970900
2025-07-23,104.8858429394058,105.91611760774447,104.80881127261651,105.84871673583984,12002700
2025-07-24,105.58874358939482,106.83084431685067,105.07841430871662,106.67678833007812,15647200
2025-07-25,106.61901199774485,106.85973043169554,105.62724587910735,106.30126190185547,10548900
2025-07-28,106.8789836611563,107.94777408545934,106.72492033873907,107.30265045166016,12353000
2025-07-29,107.74557393641399,108.8047335906339,107.2737678565253,108.6891860961914,15928000
2025-07-30,108.23664262449778,108.42921443757189,107.12933633396219,107.74557495117188,12996900
2025-07-31,106.26273924238399,108.32328831689841,106.26273924238399,107.4952163696289,17233700
2025-08-01,107.84186360975019,108.36181633369162,104.8184405212398,105.5694808959961,19652000
2025-08-04,105.16507353667451,105.83908223210184,103.11414772060712,103.38375854492188,19129500
2025-08-05,103.23932882537225,103.81705162950657,102.13202249886415,103.25858306884766,21314300
2025-08-06,104.28885532310031,105.00138719969958,102.42088521103375,102.5556869506836,15321800
2025-08-07,103.16229398716435,104.04813608267548,101.95870178799905,102.01647186279297,13468300
2025-08-08,102.54605010969041,103.51855461366021,102.01646663076046,102.83491516113281,14417700
2025-08-11,103.13340183414549,103.53780702208884,101.61205963629006,101.90092468261719,13570700
2025-08-12,102.39198378057428,103.29708739209165,101.85277686961578,102.18978118896484,14109400
2025-08-13,102.06461288940845,103.60520935058594,101.8142636687973,103.60520935058594,17958700
2025-08-14,103.55707332974849,103.59558181461352,102.48828289422498,103.39337921142578,13683500
2025-08-15,103.19902440302852,104.53043184516203,102.96577897336046,103.49057006835938,19271900
2025-08-18,103.11154890699076,104.20972567810239,102.6936601404045,103.7140884399414,13040000
2025-08-19,103.20872522646735,104.43323763701244,103.16013799522867,104.39436340332031,16113600
2025-08-20,104.84141301967696,106.25057628140125,104.64704925264721,105.47310638427734,18959700
2025-08-21,105.36620628024141,106.48381650017089,104.91916367517014,106.15339660644531,12194900
2025-08-22,106.51297186111358,108.27199589706909,106.51297186111358,108.1456527709961,13586700
2025-08-25,107.77635281058514,108.76761986699798,107.42649210490949,108.59268951416016,9744900
2025-08-26,108.23311615272006,108.66071791639624,107.25156209122048,108.3497314453125,18143900
2025-08-27,108.28170113250543,109.79776663517016,108.28170113250543,109.5742416381836,15262600
2025-08-28,109.69086501091255,110.44889405961052,108.91339513740054,110.15734100341797,14189800
2025-08-29,110.51692455840193,111.5567862738525,110.38086843970763,111.07086944580078,14597900
2025-09-02,110.96395752886542,111.9940987423715,110.1379004757048,111.4595947265625,15206700
2025-09-03,110.75988670859203,111.20692931573902,108.3205820734289,108.7579116821289,14920100
2025-09-04,108.95226770233171,109.94353473208668,108.2428258975398,109.23410034179688,12864400
2025-09-05,108.45663769312769,108.63156805289493,105.9493050079647,106.15339660644531,16826700
2025-09-08,106.63930512241828,106.95029158055625,105.29816999741539,106.75592041015625,15440500
2025-09-09,107.41677115372212,109.34100502528872,107.41677115372212,107.53339385986328,14899500
2025-09-10,108.02903760030244,109.38959884806225,107.71804369852568,109.33129119873047,15837600
2025-09-11,108.26227519488062,109.59368261284318,107.74720452242771,108.98143005371094,11534500
2025-09-12,109.68114268817986,110.03100338371648,108.7287424804408,109.00086212158203,11105700
2025-09-15,109.02029878756257,109.29241102232862,108.18452125820836,109.18550872802734,12880500
2025-09-16,109.77832745457134,112.07185544585985,109.60339710220181,111.44988250732422,17208000
2025-09-17,111.30410607559392,112.23706548421598,110.83763007853405,112.0427017211914,13302000
2025-09-18,111.92607995354716,112.10101030753755,110.20593765139351,110.72100830078125,14628700
2025-09-19,110.69184737643388,110.76959584310909,109.46733497705596,109.64226531982422,38746500
2025-09-22,109.28268825518494,109.62283595581596,108.41775692138489,108.86479949951172,15611500
2025-09-23,109.54508914296424,111.51791024684958,109.31185114530597,110.74044036865234,25369100
2025-09-24,111.34297999499384,112.49946440086293,111.24579811375746,111.33325958251953,14756100
2025-09-25,111.41101237450077,112.63552488617954,111.18749478043796,112.3342514038086,15012600
2025-09-26,112.69383010504892,115.02623236742072,112.6549558689841,113.91834259033203,18568900
2025-09-29,112.7910162029508,113.21862540114104,110.46833426642237,111.00284576416016,19189300
2025-09-30,110.15734033251518,110.29339644737581,108.78705877156106,109.5742416381836,18076200
2025-10-01,109.38959246283336,109.83663504878889,108.15536699883687,108.83564758300781,16614000
2025-10-02,108.8162121516571,109.90466106611652,107.90268617173395,108.15536499023438,13062600
2025-10-03,108.74819084896897,110.54608168355931,108.74819084896897,110.06988525390625,12950100
2025-10-06,110.09903368290979,111.53734331429891,109.99213138962384,110.9833984375,12036800
2025-10-07,110.85706675882555,111.28467594749493,108.59269252173914,111.04171752929688,11945000
2025-10-08,111.1583323936962,111.77059235046264,110.2156599629254,110.8084716796875,12301000
2025-10-09,111.20692788321571,112.2565100331723,109.56452659751527,109.72974395751953,10976200
2025-10-10,109.09804934109887,109.44791005376213,107.59170419410415,107.61114501953125,13811600
2025-10-13,108.39832506981655,109.13692071210326,108.18452048274652,109.07860565185547,10296500
2025-10-14,107.64030054987607,109.77833168160478,107.59170590004028,109.12720489501953,11167200
2025-10-15,109.62283878732902,110.37114743614104,107.84438142670133,108.46635437011719,12182900
2025-10-16,108.72874565633255,109.0300191284848,107.28071559970572,107.52367401123047,11782200
2025-10-17,108.48578653843487,109.72973982552386,108.04846436633875,109.07860565185547,13460100
2025-10-20,108.84536943126957,109.96297961815183,108.8259360205379,109.52565002441406,9523600
2025-10-21,109.71030022674081,110.16706322885845,108.83564845827111,109.53536987304688,9202300
2025-10-22,110.25452952377394,111.93580507533065,109.89495580258458,111.47904205322266,12938800
2025-10-23,113.3449503752714,113.55875495411325,112.1107249626415,112.71326446533203,15001100
2025-10-24,113.07284436855093,113.18946707646688,111.93580077075434,112.13988494873047,9919400
2025-10-27,112.44114729207452,112.72297993267722,111.85804860077681,112.67439270019531,10975400
2025-10-28,112.23707405379663,112.90764169208481,111.75115719463196,111.79003143310547,9535200
2025-10-29,111.68311681833045,113.75312715544378,111.57621452793951,113.1700210571289,12570600
2025-10-30,113.15058306549743,113.23804452800188,111.30409779610784,111.4595947265625,16172900
2025-10-31,110.76959902188928,111.98439104416849,109.44790470848932,111.1388931274414,20213400
2025-11-03,111.27494855892905,111.75114495268399,110.43917105956209,110.55579376220703,12290300
2025-11-04,110.18649135994585,111.12917114221159,109.34100086968844,110.92508697509766,16860700
2025-11-05,110.87650583197897,111.93580844495868,110.46833744804312,110.47805786132812,12400900
2025-11-06,110.43917819613684,111.70256493900654,110.43917819613684,111.27495574951172,14219700
2025-11-07,111.96495486146412,114.2001752409251,111.66368880008984,113.91834259033203,17181100
2025-11-10,114.13215338689474,115.11370009651469,112.20791937682769,114.89018249511719,13048000
2025-11-11,115.48300329784361,117.4072299208323,115.48300329784361,116.40624237060547,16077100
2025-11-12,115.74538444838527,115.92031479926958,114.47228475914534,114.7929916381836,13790900
2025-11-13,115.28861774948975,116.38679446706422,114.9484774710604,115.4441146850586,17291900
2025-11-14,116.12054640396673,117.13029659441288,114.36575532080614,116.94403076171875,17064300
2025-11-17,116.63032375061441,117.14989951410585,114.80690212217205,115.36569213867188,16034900
2025-11-18,114.9539526464096,117.13029505260532,114.18929341814709,116.68914031982422,15808500
2025-11-19,114.55201596702355,115.85586186327224,113.65011056424346,115.04218292236328,15919200
2025-11-20,115.65979317287263,116.66953586139736,114.44417378999563,114.71866607666016,14401000
2025-11-21,114.68925477292015,115.07158437525726,113.37561100680882,114.7774887084961,15667600
2025-11-24,114.89512993221705,114.89512993221705,112.48350943901481,113.68932342529297,18034900
2025-11-25,112.914847977459,113.62068951387047,111.94431960456993,112.25802612304688,14434600
2025-11-26,112.160003247741,113.46384162902656,112.06196387586725,112.5129165649414,11650600
2025-11-28,112.68937191455296,116.40483806561917,112.5619312079222,113.64029693603516,7240800
2025-12-01,113.81676607945676,115.10100859456215,113.81676607945676,114.33634185791016,12658100
2025-12-02,114.15008279695115,114.3069323331814,112.43449845560603,113.11092376708984,14607700
2025-12-03,113.66970617872575,115.6597901639792,113.60108310884485,115.48332977294922,16819100
2025-12-04,115.18922448643572,116.01270130969586,114.36574766317557,114.8363037109375,13686900
2025-12-05,114.4539847645169,116.44406141854374,114.12067482295866,114.24811553955078,12516900
2025-12-08,113.55206799921592,114.69905677188999,112.7776033850286,113.6991195678711,14904200
2025-12-09,114.60103497720259,118.10082671847627,114.59122954393455,115.92448425292969,23790800
2025-12-10,116.3950417739158,117.51262176910427,116.04212098813484,117.1891098022461,19845200
2025-12-11,116.76756594586071,117.99298326333523,116.72835169417907,117.1891098022461,14781800
2025-12-12,117.09107842247377,117.56163448599445,115.98329637586768,116.48326873779297,14459500
2025-12-15,116.66953969111152,116.68914307822224,114.55201487415584,115.44412231445312,16358700
2025-12-16,114.47358447642657,114.54220754921194,112.35606717379666,112.42469024658203,17638700
2025-12-17,112.9442739961624,115.30688241650844,112.90505974046134,115.10101318359375,18502200
2025-12-18,114.68926281028475,114.68926281028475,113.35600808534332,114.24811553955078,13705600
2025-12-19,114.45398212999562,115.25785562394006,113.67951745617594,114.3951644897461,45412800
2025-12-22,115.03237860130838,116.13035528445343,115.03237860130838,115.82645416259766,11768600
2025-12-23,116.14015795769345,117.66947644340163,115.99310637729363,117.07147216796875,12567600
2025-12-24,116.9832416812017,117.68908325934501,116.77737246746888,116.87540435791016,6137400
2025-12-26,116.55189584262978,117.19891980155684,116.19897504309758,116.76757049560547,8066100
2025-12-29,117.787120887003,118.9145063803753,117.05187045384986,118.1596450805664,14782500
2025-12-30,118.71843302977904,119.40467124297325,118.2576749030489,118.610595703125,11150500
2025-12-31,118.79686542942925,118.87529393853949,117.51263038000505,117.97338104248047,10559900
2026-01-02,117.72830081012032,120.26736963731908,117.25774470118102,120.23796081542969,14175100
2026-01-05,122.74760936566847,123.45345098557014,119.98306800728975,122.89466094970703,30112200
2026-01-06,122.8848495018372,123.32600423236111,118.62039864956253,118.66941833496094,23328600
2026-01-07,117.44400199217434,117.75770853507144,115.94408487086373,116.15975952148438,20353000
2026-01-08,116.64013108932252,121.19867775555002,116.32642453948432,120.49284362792969,20232700
2026-01-09,120.80655047223998,122.40449204572425,120.67910227773142,122.15940856933594,16137700
2026-01-12,122.01235656019075,122.051570813798,120.14972065029409,121.59081268310547,15314900
2026-01-13,122.54172999624801,124.63964381543548,122.35546417326054,124.05144500732422,21619700
2026-01-14,124.84550786994382,129.1295692663085,124.62983323735816,127.63945770263672,27593900
2026-01-15,126.59051513671875,127.63946458017203,125.77683624424921,126.59051513671875,17400000
2026-01-16,126.37484067147311,127.60025798860698,126.33561894044863,127.33556365966797,16592400
2026-01-20,128.92370969178984,129.34526106003074,127.51204139853334,127.89437103271484,16477300
2026-01-21,129.31585712353169,131.10005716420434,129.31585712353169,130.982421875,18879900
2026-01-22,130.4334321339966,131.54119930090036,129.2570344119412,131.01182556152344,16600100
2026-01-23,132.43329384244976,133.30579035502723,131.83528960627595,132.31565856933594,17758200
2026-01-26,134.23709589269498,134.24690880396307,131.53138007370205,132.18820190429688,16056100
2026-01-27,132.59015456841982,134.23710827308267,132.0607808658375,134.1390838623047,14517000
2026-01-28,134.9821659317197,135.2958649752726,133.98222124790016,134.87432861328125,15637300
2026-01-29,137.56045323507496,139.54071684501432,136.3742426928216,137.7467041015625,35760600
2026-01-30,136.0115249641907,139.413284651152,135.1194175625329,138.61920166015625,29657700
2026-02-02,137.0800926697375,137.5604616716114,135.34489745756886,135.67820739746094,27735600
2026-02-03,135.9135003144931,142.15822288499697,135.58998831098552,140.9033966064453,37577800
2026-02-04,141.28570982267485,144.9325529451777,141.28570982267485,144.68746948242188,29426200
2026-02-05,143.69733549717404,143.8443795891129,140.9720086293876,143.20716857910156,18431700
2026-02-06,143.73655519939692,146.62855224315575,143.2169794161954,146.1187744140625,17216000
2026-02-09,146.32463450957823,148.56960754784373,145.7070343161397,148.23629760742188,21297300
2026-02-10,148.3735398653639,148.79507625683397,146.87363021409703,148.6088104248047,15800300
2026-02-11,150.9420202819541,153.84380041252888,150.5498926833496,152.50074768066406,23091500
2026-02-12,151.86914039995418,153.2112816986525,147.9118045030338,147.9611358642578,30652500
2026-02-13,148.573009056918,149.66843335045488,146.0367505798841,146.50057983398438,20166000
2026-02-17,146.25386332053407,147.17165857121253,143.24391231753378,144.270263671875,19766600
2026-02-18,146.20451859059764,148.99735741858277,145.67161638544218,148.7012939453125,19849700
2026-02-19,150.20133141726754,151.36584368014013,148.85919011306916,148.98748779296875,20305000
2026-02-20,148.51380081276685,148.8295908063359,144.53672317214324,145.345947265625,25908600
2026-02-23,146.2045163413988,149.28355533426253,146.18478981965436,148.78024291992188,16073100
2026-02-24,148.44471274188743,148.7407762133805,146.08609834773506,147.29994201660156,14185500
2026-02-25,147.94141356259428,148.20785713109032,145.39529183251534,147.10256958007812,15225700
2026-02-26,145.8689764649243,148.97762012181042,144.8426402313522,146.58938598632812,15632100
2026-02-27,149.01710365170337,151.63229845401327,147.2900842385214,150.49740600585938,30275100
2026-03-02,157.25744744344775,157.5140277442215,151.0204334392882,152.19480895996094,31493100
2026-03-03,153.388913296314,154.00078180487054,148.32628979550924,149.83619689941406,25198900
2026-03-04,148.74077544915835,149.1749998639953,145.9183318111316,147.85260009765625,16764800
2026-03-05,149.0170967065771,150.32963320643273,147.5071895803822,148.78024291992188,22969300
2026-03-06,151.13886167079949,151.78033504800396,147.99076470220882,149.22434997558594,21136400
2026-03-09,150.0237005068187,151.8691391301945,147.50718371049803,148.46444702148438,25532700
2026-03-10,147.2900868194475,148.42497928748784,145.76043801499983,146.18479919433594,19617600
2026-03-11,146.046624457752,149.8164529995664,145.72095615785696,149.5894775390625,15297400
2026-03-12,150.27042175538625,152.96456766631465,149.63882672348768,151.5138702392578,26054000
2026-03-13,152.27376248734015,154.82974744779892,150.97108926767592,154.06985473632812,22414100
2026-03-16,153.95143953087205,155.70806372597428,152.7277175392131,155.165283203125,22835600
2026-03-17,156.17188931021934,158.34299629210685,154.74093346250348,156.7245330810547,21592200
2026-03-18,157.56337795891957,158.07653857282673,155.46134390714047,155.5205535888672,18947100
2026-03-19,156.18174662674213,157.46467822216096,152.80665939038394,156.08306884765625,27082700
2026-03-20,157.25745219688022,160.3068712918422,157.01073514922803,157.5732421875,53942100
2026-03-23,154.06986435705824,159.30026902536085,152.9843183312989,159.0140838623047,25021300
2026-03-24,159.58646273652485,165.2806813902276,159.13249674027693,163.20826721191406,26131800
2026-03-25,161.71809435727107,162.83326029190215,160.79043579838304,161.11610412597656,17192300
2026-03-26,161.9351991047626,163.50431592661914,159.9318578661477,163.25759887695312,18625200
2026-03-27,163.4056230540538,168.98142183830936,162.6358671348429,168.7445831298828,30338300
2026-03-30,170.24461319200663,174.09340787768787,168.80379417601876,169.21827697753906,29813500
2026-03-31,170.40252029916738,172.09007144795677,163.79050675840085,167.4320526123047,32006700
2026-04-01,163.59314847597437,165.79386038255356,157.43508538359336,158.66867065429688,37927600
2026-04-02,162.32995131495318,164.70829216920555,157.4942882287153,158.57984924316406,25377700
2026-04-06,158.46143620148837,161.59966989102813,157.4350848271786,161.2246551513672,16344300
2026-04-07,162.06349508840393,164.0569730451393,159.64567103873514,161.757568359375,25227500
2026-04-08,151.50400750448705,154.29684626632607,148.99735388970248,154.16854858398438,31311200
2026-04-09,154.80015098369313,157.1390238674347,152.28363398837865,153.00404357910156,25868400
2026-04-10,152.01715490726124,153.08297425812682,149.92499936208736,150.5072479248047,21065000
2026-04-13,152.244159041483,152.58955387101517,149.29341774875434,150.63555908203125,18685600
2026-04-14,148.09931479763057,148.13878289907458,144.79330037579695,147.28021240234375,18528200
2026-04-15,146.6486181452608,148.25720304523475,144.97093018596462,147.05322265625,15626500
2026-04-16,147.56639837260283,150.77371997111916,147.3887693274927,149.98422241210938,15191000
2026-04-17,142.95771435979552,144.8722408937409,140.10566613734218,144.5169677734375,28947400
2026-04-20,145.44462849031555,147.40848641370326,144.42815553036803,145.7406768798828,16354400
2026-04-21,145.43475353941858,146.85584607589826,144.31960277659698,146.41175842285156,17515900
2026-04-22,147.40849126178932,148.70128613345972,146.2341157498405,147.5367889404297,13738700
2026-04-23,147.88220528695376,149.24407315856882,146.54992719815058,148.5532684326172,12970400
2026-04-24,147.6749536212974,148.32629023309528,145.02027581191402,146.9545440673828,13735900
2026-04-27,147.20126666981344,149.19472962349624,146.0268910837684,146.24400329589844,13940800
2026-04-28,149.54013382081567,150.30988979505028,147.86246092975082,148.58287048339844,15173600
2026-04-29,150.02370608327118,152.9152226446687,149.0269595764905,152.63890075683594,14669100
2026-04-30,150.42830150729972,153.64550124162795,149.35261886191103,152.30335998535156,22885900
2026-05-01,150.60594916857974,152.97442670827715,149.14538852104675,150.74411010742188,15458200
2026-05-04,150.66515846041094,152.4415241398171,147.55652981525986,151.67176818847656,14238500
2026-05-05,151.08952150756775,153.25075013159284,150.40858006697343,152.8461456298828,12494600
2026-05-06,147.11244147126834,148.35588991182468,145.1584317038633,146.7374267578125,20527000
2026-05-07,144.87224830738384,145.14857018638108,142.29652181797798,144.65513610839844,22509400
2026-05-08,143.9347293661345,144.5761876566039,142.03006595775787,142.67153930664062,19550100
2026-05-11,144.10250542845526,147.75391492522851,144.08276384718866,147.7144317626953,14849500
2026-05-12,149.26381574762087,149.8164595321171,147.80325502310743,148.65196228027344,16443100
2026-05-13,148.0894397413527,149.79671751167356,147.71442500651165,149.57962036132812,15772800
2026-05-14,149.905263382453,151.10924370941106,149.27366837965636,150.77371215820312,11331500
2026-05-15,152.7608516688576,156.98350935726506,152.01567678266807,156.90402221679688,27882400
2026-05-18,156.30788510753027,160.6895017397437,154.23131965292822,159.45748901367188,20065200
2026-05-19,160.46099405822483,162.2692924138743,158.612959712182,161.50424194335938,20715600
2026-05-20,160.57027775243373,162.62695246090524,155.2646364435186,155.27456665039062,18509700
2026-05-21,157.40080741244543,158.36456815663448,152.47272592771048,154.2909393310547,17061700
2026-05-22,153.039050982118,154.54927634853834,152.1845831622433,153.92332458496094,12948500
2026-05-26,152.51245412992614,153.55570196228766,148.50838244281752,148.84619140625,13057800
2026-05-27,146.2827985604971,147.73341239068998,144.812324315,146.948486328125,16241100
2026-05-28,148.37921962101078,149.2436327977562,145.9251091176085,146.01454162597656,14012500
2026-05-29,145.2494947353263,145.9847242712525,143.77902050285167,144.32546997070312,27959900
2026-06-01,146.07415816976595,148.6872278824595,146.05428259382654,148.41897583007812,16732100
2026-06-02,148.0712197861663,149.8596425847688,147.54463073444197,148.59780883789062,10462400
2026-06-03,149.6410600803893,153.91339931686977,149.05485944903873,151.5487060546875,14373000
2026-06-04,151.07178923986044,152.44290069957347,149.96892981929165,151.0618438720703,11799400
2026-06-05,151.0320404901442,151.15127878116928,148.33948372439218,148.9554901123047,16584000
2026-06-08,150.18751157814702,152.82045666526088,149.92917459257427,150.77371215820312,13870900
2026-06-09,149.93912891268184,150.1577147624696,146.82926081757435,147.95199584960938,18163500
2026-06-10,150.25706190677164,151.5089654358688,148.5978076229357,149.65098571777344,14596500
2026-06-11,151.32018657890387,151.5089666465856,145.47801049142424,145.6568603515625,17285800
2026-06-12,144.69309749283448,147.95199447310367,144.21617464648634,146.064208984375,17713100
2026-06-15,138.8409959581125,141.06657534019064,136.83398727052634,140.01339721679688,23631400
2026-06-16,139.28808771120796,141.2354695284117,139.07943207905402,140.9473419189453,18925400
2026-06-17,140.31145660572122,141.42424618882197,139.41725285653254,139.8345489501953,16663200
2026-06-18,137.43012951128387,137.5692282188612,134.97601897282365,136.92340087890625,48063400
2026-06-22,137.64870437324234,138.10575166092363,136.1384941196488,137.57916259765625,15783300
2026-06-23,138.56278739587265,139.486796941336,137.60895690836153,138.83103942871094,13699400
2026-06-24,136.23784244879812,136.75450130722126,134.7176868182312,136.01925659179688,16212900
2026-06-25,134.76735400327686,137.18172838415734,134.08179072030313,136.66506958007812,13288800
2026-06-26,136.08880152709986,136.6948776843146,135.04555369443563,135.66156005859375,22684200
2026-06-29,135.70132071428984,136.5061071911013,134.51897409848138,135.18466186523438,11972700
2026-06-30,135.6019469157409,136.4166786942443,134.45935154509178,135.8404083251953,28784000
2026-07-01,135.6516356483452,136.60546617741443,134.75743184534812,135.4032440185547,12433400
2026-07-02,136.26763463349974,138.24483735700704,135.45291801558523,136.20802307128906,13703300
2026-07-06,135.67150299991567,136.48621961272076,135.13496862214214,135.5622100830078,13915100
2026-07-07,137.6685743295943,140.82812374084455,137.24134800388697,140.7784423828125,14667800
2026-07-08,142.5171821025025,143.0636467131422,138.91053083290223,140.2220458984375,18291400
2026-07-09,138.7614962690738,139.14898658435814,136.2378289556867,136.57565307617188,14110200
2026-07-10,137.01282036043938,138.0759438396731,136.25771524478435,137.9865264892578,9753500
2026-07-13,140.013391594685,144.29566085231056,139.58616526996687,143.58029174804688,18724300
2026-07-14,144.57385127298625,145.06070430003604,142.9642784465353,144.15655517578125,16096400
2026-07-15,144.15656214651605,144.15656214651605,141.11625103370636,143.58029174804688,13444500
2026-07-16,144.3453443482853,145.92511149334146,143.62004502594374,145.0110321044922,13518000
2026-07-17,148.07121098589766,149.03497168229288,146.2231767306124,146.41195678710938,19031400
2026-07-20,145.55749846162485,148.13083216789195,145.28923125020256,147.40553283691406,12149200
2026-07-21,148.0513366306137,150.78364446729043,147.52474760584934,150.73397827148438,13145300
2026-07-22,152.87014400150304,153.80409894761962,151.96599483786918,153.4563446044922,13788700
2026-07-23,155.59251814100296,157.54984533591656,155.05598374734197,155.88064575195312,15822800
2026-07-24,155.98000972608443,157.6889453127249,154.67842488089144,155.93032836914062,12091600
2026-07-27,152.08523196835614,154.420104155216,151.51889178426083,153.7742919921875,13955800
2026-07-28,153.17815498792126,155.17521831898253,150.9028942324521,152.055419921875,16299900
2026-07-29,156.7053073348219,158.04662815474293,154.85727306502608,155.74154663085938,14571300
2026-07-30,154.09223405988436,156.76493053038882,153.53583921231603,155.96014404296875,12578100
2026-07-31,152.7509270772818,155.1553563125088,151.16121453071767,154.4399871826172,15714200
2026-08-03,152.4727263545316,154.90696132074848,151.66792473036153,154.0624237060547,14532800
2026-08-04,150.6445556868725,153.84384119554895,148.13083352442996,152.96951293945312,14347900
2026-08-05,154.04254552700252,154.04254552700252,150.17757239730147,150.6544952392578,12227500
2026-08-06,153.227835140774,153.87364733649875,150.8631418913171,153.84384155273438,11879100
2026-08-07,151.65799936147022,152.68137170710398,150.55513987163098,152.055419921875,18455200
2026-08-10,153.50603299447087,159.33826383030498,153.45635163451644,158.76199340820312,19761600
2026-08-11,158.6328281788065,160.62989135010667,158.2453378571924,158.7719268798828,13744500
2026-08-12,157.5299675257101,159.19915192536513,156.54633125837117,158.7222442626953,13219500
2026-08-13,157.0133139569994,158.73217976988673,156.4171679882901,157.58958435058594,10542800
2026-08-14,158.68251698441384,160.22253297554738,158.22546971049474,159.07000732421875,10231300
2026-08-17,160.10000610351562,162.50999450683594,159.08999633789062,161.4600067138672,12858100
2026-08-18,164.35000610351562,165.6699981689453,163.25,165.55999755859375,18952700
2026-08-19,166.07000732421875,168.2100067138672,164.66000366210938,164.77000427246094,13648900
2026-08-20,167.02000427246094,168.63999938964844,166.07000732421875,166.14999389648438,13803000
2026-08-21,166.5399932861328,168.0,164.61000061035156,165.11000061035156,14314300
2026-08-24,163.8699951171875,165.22000122070312,162.25,164.0500030517578,10842500
2026-08-25,161.4499969482422,162.80999755859375,160.4600067138672,160.63999938964844,17525300
2026-08-26,158.0,161.1300048828125,157.75999450683594,158.19000244140625,14838400
2026-08-27,157.6300048828125,158.19000244140625,156.13999938964844,156.44000244140625,14288500
2026-08-28,156.60000610351562,157.4199981689453,155.32000732421875,156.7100067138672,11352600
2026-08-31,159.94000244140625,161.58999633789062,158.74000549316406,160.9499969482422,18363400
2026-09-01,163.60000610351562,164.6999969482422,162.22000122070312,164.5500030517578,11381800
2026-09-02,163.92999267578125,165.02000427246094,162.75999450683594,164.14999389648438,11287000
2026-09-03,164.42999267578125,165.64999389648438,162.08999633789062,162.2100067138672,13755100
2026-09-04,161.02000427246094,161.47999572753906,159.16000366210938,159.47000122070312,16206400
2026-09-08,160.61000061035156,163.11000061035156,158.75,160.66000366210938,12607700
2026-09-09,162.8800048828125,165.17999267578125,162.5500030517578,164.22999572753906,13124000
2026-09-10,167.0,167.3699951171875,163.17999267578125,165.22999572753906,16615300
2026-09-11,165.07000732421875,167.08999633789062,164.0800018310547,165.99000549316406,11362400
