Date,Ticker,predicted_cross_sectional_target,actual_cross_sectional_target,actual_return,prediction_rank,actual_rank,prediction_percentile,model
2025-01-22,AAPL,0.062307425,-0.47482567646806706,-0.0007595152094276,3.0,7.0,0.8,cross_sectional_xgboost
2025-01-22,AMZN,0.01715914,-0.16066968959130715,0.0017446222360446,5.0,4.0,0.6,cross_sectional_xgboost
2025-01-22,AVGO,0.16716337,-0.7076256910391722,-0.0026151641804678,1.0,9.0,1.0,cross_sectional_xgboost
2025-01-22,GOOGL,0.068018176,-0.6261694133274143,-0.0019658761716201,2.0,8.0,0.9,cross_sectional_xgboost
2025-01-22,JPM,0.05706152,1.1048790187427244,0.0118323112885898,4.0,2.0,0.7,cross_sectional_xgboost
2025-01-22,META,-0.15589349,2.226144966360318,0.0207699224214426,7.0,1.0,0.4,cross_sectional_xgboost
2025-01-22,MSFT,-0.16642328,-0.2361629172088961,0.0011428657009036,8.0,5.0,0.3,cross_sectional_xgboost
2025-01-22,NVDA,-0.08090381,-0.2515837129763403,0.0010199465342051,6.0,6.0,0.5,cross_sectional_xgboost
2025-01-22,TSLA,-0.4850134,-1.204597081003284,-0.0065765232470569,10.0,10.0,0.1,cross_sectional_xgboost
2025-01-22,XOM,-0.2084113,0.33061019651143814,0.0056606143240127,9.0,3.0,0.2,cross_sectional_xgboost
2025-01-23,AAPL,0.096916445,-0.07204841775314552,-0.0039344631345853,2.0,5.0,0.9,cross_sectional_xgboost
2025-01-23,AMZN,0.037597198,0.02661794258744229,-0.0024211709704485,4.0,4.0,0.7,cross_sectional_xgboost
2025-01-23,AVGO,0.16354942,1.3838442969044473,0.0183952450791358,1.0,1.0,1.0,cross_sectional_xgboost
2025-01-23,GOOGL,0.0072789597,0.9188704650494491,0.0112637237192121,5.0,3.0,0.6,cross_sectional_xgboost
2025-01-23,JPM,-0.00434483,-0.08766190306987325,-0.0041739344691223,6.0,6.0,0.5,cross_sectional_xgboost
2025-01-23,META,-0.23254311,1.315443311267899,0.0173461471370843,9.0,2.0,0.2,cross_sectional_xgboost
2025-01-23,MSFT,-0.11502312,-0.2023003185208519,-0.0059321975206039,8.0,7.0,0.3,cross_sectional_xgboost
2025-01-23,NVDA,0.063136935,-1.8527422298554492,-0.0312457978517006,3.0,10.0,0.8,cross_sectional_xgboost
2025-01-23,TSLA,-0.6186704,-0.7325406566208976,-0.0140647418445883,10.0,9.0,0.1,cross_sectional_xgboost
2025-01-23,XOM,-0.095340274,-0.6974824899890196,-0.0135270383287204,7.0,8.0,0.4,cross_sectional_xgboost
2025-01-24,AAPL,0.15535305,0.9036678977575731,0.0317802352975913,1.0,1.0,1.0,cross_sectional_xgboost
2025-01-24,AMZN,0.04474267,0.511824475511983,0.002427047266835,2.0,5.0,0.9,cross_sectional_xgboost
2025-01-24,AVGO,-0.10236367,-1.8429206176666546,-0.1739680931401728,7.0,10.0,0.4,cross_sectional_xgboost
2025-01-24,GOOGL,0.015353268,-0.08065762576446868,-0.0419560852200113,3.0,8.0,0.8,cross_sectional_xgboost
2025-01-24,JPM,-0.013867391,0.5303360380687618,0.0038137577374568,5.0,4.0,0.6,cross_sectional_xgboost
2025-01-24,META,-0.28370544,0.7348686628757469,0.0191353996320111,9.0,2.0,0.2,cross_sectional_xgboost
2025-01-24,MSFT,-0.035990447,0.19383799526161374,-0.021393480056391,6.0,6.0,0.5,cross_sectional_xgboost
2025-01-24,NVDA,-0.0065353806,-1.785700044723714,-0.1696816712137916,4.0,9.0,0.7,cross_sectional_xgboost
2025-01-24,TSLA,-0.8361607,0.16980972054761329,-0.0231934502120535,10.0,7.0,0.1,cross_sectional_xgboost
2025-01-24,XOM,-0.17872354,0.6649334981315457,0.0138965212327411,8.0,3.0,0.3,cross_sectional_xgboost
2025-01-27,AAPL,-0.06477192,0.5090889694704788,0.0365438355320788,4.0,2.0,0.7,cross_sectional_xgboost
2025-01-27,AMZN,0.07155229,-0.36620860079874307,0.011596277923594,3.0,7.0,0.8,cross_sectional_xgboost
2025-01-27,AVGO,0.16453192,0.1347475227285205,0.0258744299207207,1.0,4.0,1.0,cross_sectional_xgboost
2025-01-27,GOOGL,0.13173959,-0.13468322676273448,0.0181951681784964,2.0,6.0,0.9,cross_sectional_xgboost
2025-01-27,JPM,-0.14525668,-0.6028209547870657,0.0048523995758142,7.0,8.0,0.4,cross_sectional_xgboost
2025-01-27,META,-0.43774095,-0.004768198850493974,0.0218979805169925,9.0,5.0,0.2,cross_sectional_xgboost
2025-01-27,MSFT,-0.093923986,0.24745950964118701,0.0290869245993083,6.0,3.0,0.5,cross_sectional_xgboost
2025-01-27,NVDA,-0.31728357,2.3586147985689596,0.0892586535974631,8.0,1.0,0.3,cross_sectional_xgboost
2025-01-27,TSLA,-0.80998725,-0.690027003361843,0.0023668700890153,10.0,9.0,0.1,cross_sectional_xgboost
2025-01-27,XOM,-0.074616216,-1.451402815848266,-0.0193337121916709,5.0,10.0,0.6,cross_sectional_xgboost
2025-01-28,AAPL,-0.12484368,0.8096034260299654,0.0046168562763757,5.0,2.0,0.6,cross_sectional_xgboost
2025-01-28,AMZN,-0.010063363,0.18137859660191813,-0.0045349006926075,1.0,6.0,1.0,cross_sectional_xgboost
2025-01-28,AVGO,-0.20954373,0.15832284985959333,-0.0048707686510839,9.0,7.0,0.2,cross_sectional_xgboost
2025-01-28,GOOGL,-0.047063608,0.531342137703076,0.0005632443123877,2.0,4.0,0.9,cross_sectional_xgboost
2025-01-28,JPM,-0.05025608,0.34877514716378694,-0.0020963269902865,3.0,5.0,0.8,cross_sectional_xgboost
2025-01-28,META,-0.087825,0.7125588250530662,0.0032031448761098,4.0,3.0,0.7,cross_sectional_xgboost
2025-01-28,MSFT,-0.20554091,-0.2548774241586892,-0.0108901239999888,7.0,8.0,0.4,cross_sectional_xgboost
2025-01-28,NVDA,-0.20269388,-2.3225362373875686,-0.041011045789525,6.0,10.0,0.5,cross_sectional_xgboost
2025-01-28,TSLA,-0.95593804,-1.0575249243914102,-0.0225828087042521,10.0,9.0,0.1,cross_sectional_xgboost
2025-01-28,XOM,-0.20644628,0.8929576035262613,0.0058311304327953,8.0,1.0,0.3,cross_sectional_xgboost
2025-01-29,AAPL,-0.07495187,-0.4589519201399018,-0.007394656548055,6.0,8.0,0.5,cross_sectional_xgboost
2025-01-29,AMZN,-0.013003736,-0.5567742307922602,-0.0102501702429486,2.0,9.0,0.9,cross_sectional_xgboost
2025-01-29,AVGO,-0.018138986,1.3399760527978217,0.0451175303814306,4.0,1.0,0.7,cross_sectional_xgboost
2025-01-29,GOOGL,-0.013881317,0.7515607755520705,0.0279412045386373,3.0,3.0,0.8,cross_sectional_xgboost
2025-01-29,JPM,-0.0694052,0.006402785580776089,0.0061894300095706,5.0,7.0,0.6,cross_sectional_xgboost
2025-01-29,META,0.010477112,0.326594334365682,0.0155360846372023,1.0,4.0,1.0,cross_sectional_xgboost
2025-01-29,MSFT,-0.15874475,-2.323043818361551,-0.0618090320459803,8.0,10.0,0.3,cross_sectional_xgboost
2025-01-29,NVDA,-0.15789115,0.057461892365756426,0.0076798873265286,7.0,6.0,0.4,cross_sectional_xgboost
2025-01-29,TSLA,-0.93775445,0.7786840167392248,0.0287329542544569,10.0,2.0,0.1,cross_sectional_xgboost
2025-01-29,XOM,-0.19273081,0.0780901118923815,0.0082820420187121,9.0,5.0,0.2,cross_sectional_xgboost
2025-01-30,AAPL,0.13929734,-0.3358208769401329,-0.0066922335882694,1.0,8.0,1.0,cross_sectional_xgboost
2025-01-30,AMZN,-0.08639699,0.6984149928104942,0.0129559891495079,4.0,3.0,0.7,cross_sectional_xgboost
2025-01-30,AVGO,-0.16111459,1.385713346847841,0.0260131568057502,8.0,1.0,0.3,cross_sectional_xgboost
2025-01-30,GOOGL,0.04369501,0.8419032384754269,0.0156819524365454,2.0,2.0,0.9,cross_sectional_xgboost
2025-01-30,JPM,-0.09182348,-0.16605740756500348,-0.003467098436242,5.0,7.0,0.6,cross_sectional_xgboost
2025-01-30,META,-0.09345415,0.18347094713833464,0.0031731769276708,6.0,5.0,0.5,cross_sectional_xgboost
2025-01-30,MSFT,-0.5089059,0.025318896527020292,0.0001686333726338,9.0,6.0,0.2,cross_sectional_xgboost
2025-01-30,NVDA,-0.015158147,-1.9176139919981106,-0.036742848113209,3.0,10.0,0.8,cross_sectional_xgboost
2025-01-30,TSLA,-0.9335475,0.584532137415,0.0107924636189495,10.0,4.0,0.1,cross_sectional_xgboost
2025-01-30,XOM,-0.13423218,-1.2998612827108706,-0.0250068958184315,7.0,9.0,0.4,cross_sectional_xgboost
2025-01-31,AAPL,-0.060143374,-1.0253201777402867,-0.0338559318280926,7.0,9.0,0.4,cross_sectional_xgboost
2025-01-31,AMZN,-0.049377736,0.684429696800269,-0.0010938846972727,6.0,3.0,0.5,cross_sectional_xgboost
2025-01-31,AVGO,-0.18120132,-0.09340628759203702,-0.0159986959566134,8.0,7.0,0.3,cross_sectional_xgboost
2025-01-31,GOOGL,0.0045089745,0.027847694792526436,-0.0136752399091315,3.0,6.0,0.8,cross_sectional_xgboost
2025-01-31,JPM,-0.024485227,0.6458523359813291,-0.0018331000247032,4.0,4.0,0.7,cross_sectional_xgboost
2025-01-31,META,0.05815559,1.3685074797034926,0.01201434177395,2.0,1.0,0.9,cross_sectional_xgboost
2025-01-31,MSFT,-0.3086562,0.2209843279309866,-0.009974376074139,9.0,5.0,0.2,cross_sectional_xgboost
2025-01-31,NVDA,0.094804995,-0.7405933712317271,-0.0284000267315954,1.0,8.0,1.0,cross_sectional_xgboost
2025-01-31,TSLA,-0.6160443,-1.9568297626555216,-0.0517054204452532,10.0,10.0,0.1,cross_sectional_xgboost
2025-01-31,XOM,-0.04280932,0.8685280640109689,0.0024337888373633,5.0,2.0,0.6,cross_sectional_xgboost
2025-02-03,AAPL,-0.09246488,0.46096459276242374,0.0210078675021927,8.0,5.0,0.3,cross_sectional_xgboost
2025-02-03,AMZN,-0.0691321,0.2871828823287969,0.0195434227336934,6.0,6.0,0.5,cross_sectional_xgboost
2025-02-03,AVGO,-0.042817663,0.529627542700517,0.0215864847662055,4.0,4.0,0.7,cross_sectional_xgboost
2025-02-03,GOOGL,0.041287336,1.0050322167520953,0.0255926824615657,3.0,2.0,0.8,cross_sectional_xgboost
2025-02-03,JPM,-0.04471667,-1.529402820146359,0.0042351982842832,5.0,9.0,0.6,cross_sectional_xgboost
2025-02-03,META,0.1548929,-0.8869364823746765,0.0096492114444655,1.0,8.0,1.0,cross_sectional_xgboost
2025-02-03,MSFT,-0.3108395,-1.613247869491811,0.0035286426659035,9.0,10.0,0.2,cross_sectional_xgboost
2025-02-03,NVDA,0.14470217,-0.0077432472535569246,0.0170581034991035,2.0,7.0,0.9,cross_sectional_xgboost
2025-02-03,TSLA,-1.0395277,0.6062368827692781,0.022232065633156,10.0,3.0,0.1,cross_sectional_xgboost
2025-02-03,XOM,-0.078348346,1.1482863019532925,0.0267998733397978,7.0,1.0,0.4,cross_sectional_xgboost
2025-02-04,AAPL,-0.115644194,0.037111876796958966,-0.0014175215193116,6.0,7.0,0.5,cross_sectional_xgboost
2025-02-04,AMZN,-0.076827526,-0.5964403344798275,-0.0243328077710265,5.0,8.0,0.6,cross_sectional_xgboost
2025-02-04,AVGO,-0.05778594,1.2658306401548667,0.0430246596995913,4.0,2.0,0.7,cross_sectional_xgboost
2025-02-04,GOOGL,0.08287923,-1.9398646870329759,-0.0729238363371486,2.0,10.0,0.9,cross_sectional_xgboost
2025-02-04,JPM,-0.11841099,0.33323183445442456,0.0092929984248797,7.0,3.0,0.4,cross_sectional_xgboost
2025-02-04,META,0.23048984,0.10300480002761059,0.0009657946003649,1.0,5.0,1.0,cross_sectional_xgboost
2025-02-04,MSFT,-0.29275653,0.137986609719507,0.0022310702452519,9.0,4.0,0.2,cross_sectional_xgboost
2025-02-04,NVDA,-0.0027351347,1.5163538830855479,0.0520859678637521,3.0,1.0,0.8,cross_sectional_xgboost
2025-02-04,TSLA,-0.863053,-0.913400112574536,-0.0357970942434592,10.0,9.0,0.1,cross_sectional_xgboost
2025-02-04,XOM,-0.16290212,0.056185489848423406,-0.0007276378836,8.0,6.0,0.3,cross_sectional_xgboost
2025-02-05,AAPL,-0.0035743897,-0.2061881032353541,0.003226164960121,2.0,6.0,0.9,cross_sectional_xgboost
2025-02-05,AMZN,-0.15492822,0.3754012329184706,0.0112630888035427,6.0,3.0,0.5,cross_sectional_xgboost
2025-02-05,AVGO,-0.2260114,-0.639271002265277,-0.0027585635433452,7.0,8.0,0.4,cross_sectional_xgboost
2025-02-05,GOOGL,-0.31176278,-0.3375204052911737,0.0014112972447255,9.0,7.0,0.2,cross_sectional_xgboost
2025-02-05,JPM,-0.06707995,1.2916629985230366,0.0239248168873178,4.0,2.0,0.7,cross_sectional_xgboost
2025-02-05,META,-0.04793193,0.2913034666400322,0.0101009503306273,3.0,4.0,0.8,cross_sectional_xgboost
2025-02-05,MSFT,-0.29694265,0.0033443608944440594,0.0061216727561757,8.0,5.0,0.3,cross_sectional_xgboost
2025-02-05,NVDA,0.10442186,1.792212082886788,0.0308418537393517,1.0,1.0,1.0,cross_sectional_xgboost
2025-02-05,TSLA,-0.6284596,-1.1763658357993925,-0.0101806223836181,10.0,9.0,0.1,cross_sectional_xgboost
2025-02-05,XOM,-0.10857449,-1.3945787952715738,-0.0131960850613274,5.0,10.0,0.6,cross_sectional_xgboost
2025-02-06,AAPL,0.07659858,-0.31926097392056685,-0.0239687980627099,1.0,5.0,1.0,cross_sectional_xgboost
2025-02-06,AMZN,-0.06399426,-1.2477542946878588,-0.0405309544879449,5.0,9.0,0.5555555555555556,cross_sectional_xgboost
2025-02-06,AVGO,-0.1278786,-0.5481447070055483,-0.02805155030848,7.0,6.0,0.3333333333333333,cross_sectional_xgboost
2025-02-06,GOOGL,0.011624757,-0.8071876737784344,-0.0326722729788424,3.0,7.0,0.7777777777777778,cross_sectional_xgboost
2025-02-06,JPM,-0.0892325,0.8017583909370539,-0.0039724258097071,6.0,3.0,0.4444444444444444,cross_sectional_xgboost
2025-02-06,MSFT,0.0054167206,0.20608527901380105,-0.0145978455486737,4.0,4.0,0.6666666666666666,cross_sectional_xgboost
2025-02-06,NVDA,0.028874332,1.5298160981414977,0.0090144265064229,2.0,1.0,0.8888888888888888,cross_sectional_xgboost
2025-02-06,TSLA,-0.53496605,-0.8775975888960144,-0.033928221731496,9.0,8.0,0.1111111111111111,cross_sectional_xgboost
2025-02-06,XOM,-0.16012411,1.2622854701960702,0.0042423037463885,8.0,2.0,0.2222222222222222,cross_sectional_xgboost
2025-02-07,AAPL,0.0047934153,-0.3198535991665608,0.0011874025141249,3.0,7.0,0.7777777777777778,cross_sectional_xgboost
2025-02-07,AMZN,0.045161042,0.39081759723768095,0.0174121998666361,2.0,4.0,0.8888888888888888,cross_sectional_xgboost
2025-02-07,AVGO,-0.03616849,1.6091107620024578,0.0452261309986001,5.0,1.0,0.5555555555555556,cross_sectional_xgboost
2025-02-07,GOOGL,0.1874443,-0.10480829759863311,0.0060969393818111,1.0,5.0,1.0,cross_sectional_xgboost
2025-02-07,JPM,-0.02168522,-1.1278267693165875,-0.0172588227139108,4.0,8.0,0.6666666666666666,cross_sectional_xgboost
2025-02-07,MSFT,-0.06087249,-0.1078176755227556,0.0060282345472504,6.0,6.0,0.4444444444444444,cross_sectional_xgboost
2025-02-07,NVDA,-0.1394321,0.8864686346303637,0.0287280343621767,7.0,2.0,0.3333333333333333,cross_sectional_xgboost
2025-02-07,TSLA,-0.3785495,-1.6909227311376693,-0.0301144413414704,9.0,9.0,0.1111111111111111,cross_sectional_xgboost
2025-02-07,XOM,-0.23602463,0.4648320788717037,0.0191019685975755,8.0,3.0,0.2222222222222222,cross_sectional_xgboost
2025-02-10,AAPL,-0.019604359,1.0687386410319615,0.0218318438717393,4.0,1.0,0.6666666666666666,cross_sectional_xgboost
2025-02-10,AMZN,-0.02763634,0.09856986176153736,-0.0016299428832774,5.0,5.0,0.5555555555555556,cross_sectional_xgboost
2025-02-10,AVGO,-0.1939271,0.16596966015974016,0.0,9.0,4.0,0.1111111111111111,cross_sectional_xgboost
2025-02-10,GOOGL,0.074072085,-0.08905207476305854,-0.0061672419175894,3.0,8.0,0.7777777777777778,cross_sectional_xgboost
2025-02-10,JPM,-0.14808862,0.7685973763477101,0.0145734672893693,7.0,2.0,0.3333333333333333,cross_sectional_xgboost
2025-02-10,MSFT,0.080339886,0.08772531618228521,-0.0018921987105849,2.0,6.0,0.8888888888888888,cross_sectional_xgboost
2025-02-10,NVDA,-0.16738497,-0.07241335852156823,-0.0057648644955612,8.0,7.0,0.2222222222222222,cross_sectional_xgboost
2025-02-10,TSLA,0.08555459,-2.4549454820250203,-0.0633821181250289,1.0,9.0,1.0,cross_sectional_xgboost
2025-02-10,XOM,-0.13623115,0.4268100598264129,0.0063079558576137,6.0,3.0,0.4444444444444444,cross_sectional_xgboost
2025-02-11,AAPL,-0.007933687,1.2232683243467355,0.018270119785855,4.0,2.0,0.6666666666666666,cross_sectional_xgboost
2025-02-11,AMZN,-0.036565665,-0.8034206116434541,-0.0164547255604193,5.0,8.0,0.5555555555555556,cross_sectional_xgboost
2025-02-11,AVGO,-0.16207588,0.48224467666667326,0.0055735825389833,8.0,3.0,0.2222222222222222,cross_sectional_xgboost
2025-02-11,GOOGL,0.096327685,-0.3815933295061969,-0.0092272290882491,1.0,6.0,1.0,cross_sectional_xgboost
2025-02-11,JPM,-0.12053542,0.2545824218165699,0.0016728672143637,6.0,4.0,0.4444444444444444,cross_sectional_xgboost
2025-02-11,MSFT,0.06963918,-0.1835053947604189,-0.0058332337015573,3.0,5.0,0.7777777777777778,cross_sectional_xgboost
2025-02-11,NVDA,-0.25868857,-0.5726053344451236,-0.0124999870399006,9.0,7.0,0.1111111111111111,cross_sectional_xgboost
2025-02-11,TSLA,0.095754445,1.580076399374916,0.0243835913717656,2.0,1.0,0.8888888888888888,cross_sectional_xgboost
2025-02-11,XOM,-0.15735902,-1.5990471518497014,-0.0300868168357165,7.0,9.0,0.3333333333333333,cross_sectional_xgboost
2025-02-12,AAPL,-0.025742916,0.2137429165065066,0.0196732512719548,4.0,3.0,0.6666666666666666,cross_sectional_xgboost
2025-02-12,AMZN,0.11814698,-0.4980911476857031,0.0062901432205331,2.0,6.0,0.8888888888888888,cross_sectional_xgboost
2025-02-12,AVGO,-0.19203769,-0.9564352194443887,-0.0023271294637069,6.0,9.0,0.4444444444444444,cross_sectional_xgboost
2025-02-12,GOOGL,0.15798435,-0.09975810350196855,0.0137791556729116,1.0,4.0,1.0,cross_sectional_xgboost
2025-02-12,JPM,-0.09730149,-0.6646586265276624,0.003158527750958,5.0,8.0,0.5555555555555556,cross_sectional_xgboost
2025-02-12,MSFT,0.07133372,-0.6376088795730301,0.0036670868442465,3.0,7.0,0.7777777777777778,cross_sectional_xgboost
2025-02-12,NVDA,-0.21904205,0.8505305223307347,0.0316454197354334,9.0,2.0,0.1111111111111111,cross_sectional_xgboost
2025-02-12,TSLA,-0.21631403,2.2384599543258523,0.0577397168343194,8.0,1.0,0.2222222222222222,cross_sectional_xgboost
2025-02-12,XOM,-0.19767289,-0.4461814164303409,0.0072660919384399,7.0,5.0,0.3333333333333333,cross_sectional_xgboost
2025-02-13,AAPL,0.024617994,0.9814421833323066,0.01271066342193,3.0,2.0,0.7777777777777778,cross_sectional_xgboost
2025-02-13,AMZN,0.120629705,-0.7422642299114597,-0.0073360354092405,1.0,8.0,1.0,cross_sectional_xgboost
2025-02-13,AVGO,-0.11684601,-1.1179045777122032,-0.0117047311821051,6.0,9.0,0.4444444444444444,cross_sectional_xgboost
2025-02-13,GOOGL,0.06185643,-0.5318408475074791,-0.0048888122964886,2.0,6.0,0.8888888888888888,cross_sectional_xgboost
2025-02-13,JPM,-0.06008409,-0.02747791217311446,0.0009769266649544,4.0,4.0,0.6666666666666666,cross_sectional_xgboost
2025-02-13,MSFT,-0.099231936,-0.5534055907394084,-0.0051396101757681,5.0,7.0,0.5555555555555556,cross_sectional_xgboost
2025-02-13,NVDA,-0.18954152,2.151107298448906,0.0263138641270566,8.0,1.0,0.2222222222222222,cross_sectional_xgboost
2025-02-13,TSLA,-0.5012222,-0.13563702321092494,-0.0002809633725618,9.0,5.0,0.1111111111111111,cross_sectional_xgboost
2025-02-13,XOM,-0.14684348,-0.02401930052662308,0.0010171503048495,7.0,3.0,0.3333333333333333,cross_sectional_xgboost
2025-02-14,AAPL,0.012497558,0.000948856835144167,-0.0005315052098244,3.0,5.0,0.7777777777777778,cross_sectional_xgboost
2025-02-14,AMZN,0.10180497,-0.7392640049174491,-0.0088770283554056,1.0,8.0,1.0,cross_sectional_xgboost
2025-02-14,AVGO,-0.19918016,-1.6684277692050136,-0.0193528767249372,7.0,9.0,0.3333333333333333,cross_sectional_xgboost
2025-02-14,GOOGL,0.05888947,-0.6510229199714576,-0.0078821550495509,2.0,7.0,0.8888888888888888,cross_sectional_xgboost
2025-02-14,JPM,-0.097640604,1.1255774553788225,0.0121481096473217,5.0,2.0,0.5555555555555556,cross_sectional_xgboost
2025-02-14,MSFT,0.0059956983,0.3108594009513434,0.0029625783877744,4.0,4.0,0.6666666666666666,cross_sectional_xgboost
2025-02-14,NVDA,-0.27298373,0.39942667817746513,0.0039611293455106,8.0,3.0,0.2222222222222222,cross_sectional_xgboost
2025-02-14,TSLA,-0.4294533,-0.3831271408455394,-0.0048617665358937,9.0,6.0,0.1111111111111111,cross_sectional_xgboost
2025-02-14,XOM,-0.14226197,1.6050294435966845,0.017553686707133,6.0,1.0,0.4444444444444444,cross_sectional_xgboost
2025-02-18,AAPL,0.044421352,-0.053109063908676535,0.0016361833783888,3.0,4.0,0.8,cross_sectional_xgboost
2025-02-18,AMZN,0.10006981,-0.23247632985476974,-8.81933122002243e-05,2.0,7.0,0.9,cross_sectional_xgboost
2025-02-18,AVGO,-0.11286159,-0.13227785478649168,0.0008750811957149,7.0,6.0,0.4,cross_sectional_xgboost
2025-02-18,GOOGL,0.14845571,0.6257331830649093,0.0081623448889296,1.0,3.0,1.0,cross_sectional_xgboost
2025-02-18,JPM,-0.13704358,-0.48340732028787675,-0.0025005596298053,8.0,9.0,0.3,cross_sectional_xgboost
2025-02-18,META,-0.08058737,-2.0528340690629383,-0.0175885016179938,6.0,10.0,0.5,cross_sectional_xgboost
2025-02-18,MSFT,-0.03175636,1.0793509380805169,0.0125232737298772,5.0,2.0,0.6,cross_sectional_xgboost
2025-02-18,NVDA,-0.2914151,-0.350153739727057,-0.0012195044325562,10.0,8.0,0.1,cross_sectional_xgboost
2025-02-18,TSLA,-0.18647267,1.6713666713141553,0.0182147142804449,9.0,1.0,0.2,cross_sectional_xgboost
2025-02-18,XOM,0.023813188,-0.0721924148317711,0.0014527224478977,4.0,5.0,0.7,cross_sectional_xgboost
2025-02-19,AAPL,-0.007166299,0.6571494434205657,0.0039203879547051,3.0,4.0,0.8,cross_sectional_xgboost
2025-02-19,AMZN,0.10852041,-0.5470062852659975,-0.0165467939778718,1.0,8.0,1.0,cross_sectional_xgboost
2025-02-19,AVGO,-0.09823985,-0.08536329628213953,-0.0087001917333787,6.0,6.0,0.5,cross_sectional_xgboost
2025-02-19,GOOGL,0.08256075,0.20104010625134766,-0.0038321581343061,2.0,5.0,0.9,cross_sectional_xgboost
2025-02-19,JPM,-0.058009516,-2.1965262720019827,-0.0445838865778233,4.0,10.0,0.7,cross_sectional_xgboost
2025-02-19,META,-0.070767514,-0.32002972122337536,-0.0126888456078892,5.0,7.0,0.6,cross_sectional_xgboost
2025-02-19,MSFT,-0.1477374,0.7377594790957861,0.0052905265725364,7.0,3.0,0.4,cross_sectional_xgboost
2025-02-19,NVDA,-0.34665713,0.7983530615607649,0.006320443091399,9.0,2.0,0.2,cross_sectional_xgboost
2025-02-19,TSLA,-0.41366196,-0.5786440801404954,-0.0170845454399258,10.0,9.0,0.1,cross_sectional_xgboost
2025-02-19,XOM,-0.20401867,1.3332675645855259,0.0154124502055648,8.0,1.0,0.3,cross_sectional_xgboost
2025-02-20,AAPL,-0.043405768,1.5348364035252866,-0.001138879753508,6.0,1.0,0.5,cross_sectional_xgboost
2025-02-20,AMZN,0.12715256,-0.3226535119160068,-0.0282663447314185,2.0,7.0,0.9,cross_sectional_xgboost
2025-02-20,AVGO,-0.1401128,-0.8272383298736439,-0.0356354867459953,7.0,8.0,0.4,cross_sectional_xgboost
2025-02-20,GOOGL,0.13624246,-0.20510214954688522,-0.0265495814589695,1.0,6.0,1.0,cross_sectional_xgboost
2025-02-20,JPM,-0.03092365,0.9558196234988489,-0.0095950534808674,4.0,2.0,0.7,cross_sectional_xgboost
2025-02-20,META,-0.1807612,0.5002424793927922,-0.0162484694260826,8.0,4.0,0.3,cross_sectional_xgboost
2025-02-20,MSFT,-0.19890241,0.30961322287037374,-0.0190324891061294,9.0,5.0,0.2,cross_sectional_xgboost
2025-02-20,NVDA,-0.33895245,-1.1630352847502063,-0.0405395888126484,10.0,9.0,0.1,cross_sectional_xgboost
2025-02-20,TSLA,0.033356994,-1.5944239376863512,-0.0468397471484276,3.0,10.0,0.8,cross_sectional_xgboost
2025-02-20,XOM,-0.03790112,0.8119414844857901,-0.0116963026692036,5.0,3.0,0.6,cross_sectional_xgboost
2025-02-21,AAPL,-0.044449084,1.2811345384710804,0.0063124336078739,5.0,1.0,0.6,cross_sectional_xgboost
2025-02-21,AMZN,0.24705927,-0.14625607517103864,-0.0178686632397682,1.0,6.0,1.0,cross_sectional_xgboost
2025-02-21,AVGO,0.050993003,-1.98814515886224,-0.0490716835550739,3.0,10.0,0.8,cross_sectional_xgboost
2025-02-21,GOOGL,0.14075589,0.7738067176040845,-0.0022820905907866,2.0,3.0,0.9,cross_sectional_xgboost
2025-02-21,JPM,0.036155753,0.2606770812076835,-0.0109749020150095,4.0,5.0,0.7,cross_sectional_xgboost
2025-02-21,META,-0.24699645,-0.42310163658681355,-0.0225586403689811,10.0,8.0,0.1,cross_sectional_xgboost
2025-02-21,MSFT,-0.1512637,0.2997280838955011,-0.010313347939365,7.0,4.0,0.4,cross_sectional_xgboost
2025-02-21,NVDA,-0.242889,-0.9137701806726862,-0.0308709435824355,9.0,9.0,0.2,cross_sectional_xgboost
2025-02-21,TSLA,-0.1258611,-0.36188472251530096,-0.0215215786749155,6.0,7.0,0.5,cross_sectional_xgboost
2025-02-21,XOM,-0.20816565,1.2178113526297296,0.0052396900470739,8.0,2.0,0.3,cross_sectional_xgboost
2025-02-24,AAPL,-0.10651827,0.9132919364458604,-0.0002429333273522,6.0,2.0,0.5,cross_sectional_xgboost
2025-02-24,AMZN,0.084472306,0.9413856716541044,0.0004230940484699,2.0,1.0,0.9,cross_sectional_xgboost
2025-02-24,AVGO,0.05547665,-0.1698834751749499,-0.0259221273401559,3.0,8.0,0.8,cross_sectional_xgboost
2025-02-24,GOOGL,0.120886415,0.02226574271049677,-0.0213667829402073,1.0,7.0,1.0,cross_sectional_xgboost
2025-02-24,JPM,-0.082406834,0.28761240910552033,-0.0150761226704985,5.0,4.0,0.6,cross_sectional_xgboost
2025-02-24,META,-0.35636073,0.2524326996021705,-0.0159101395582146,10.0,6.0,0.1,cross_sectional_xgboost
2025-02-24,MSFT,-0.16881213,0.28664876431356656,-0.0150989681129878,9.0,5.0,0.2,cross_sectional_xgboost
2025-02-24,NVDA,-0.16247925,-0.2582335376886118,-0.0280166711896482,8.0,9.0,0.3,cross_sectional_xgboost
2025-02-24,TSLA,-0.078300476,-2.6152653241820496,-0.0838955952220366,4.0,10.0,0.7,cross_sectional_xgboost
2025-02-24,XOM,-0.14591247,0.339745113213893,-0.013840195590869,7.0,3.0,0.4,cross_sectional_xgboost
2025-02-25,AAPL,-0.051680267,-1.1302999050635711,-0.0270400777674981,5.0,9.0,0.6,cross_sectional_xgboost
2025-02-25,AMZN,0.1863003,0.0977181342676812,0.0072838488229758,2.0,4.0,0.9,cross_sectional_xgboost
2025-02-25,AVGO,0.060336396,1.6742096212747801,0.051347841645106,3.0,1.0,0.8,cross_sectional_xgboost
2025-02-25,GOOGL,0.21741937,-0.7115190545634031,-0.0153348725427509,1.0,8.0,1.0,cross_sectional_xgboost
2025-02-25,JPM,0.009287921,0.03032922363122497,0.0054002836410202,4.0,5.0,0.7,cross_sectional_xgboost
2025-02-25,META,-0.18650769,0.7186333513357522,0.0246388449606211,8.0,3.0,0.3,cross_sectional_xgboost
2025-02-25,MSFT,-0.3885842,0.0016675757633669097,0.0045991713887001,10.0,6.0,0.1,cross_sectional_xgboost
2025-02-25,NVDA,-0.20150091,1.1509089758068183,0.0367212381551675,9.0,2.0,0.2,cross_sectional_xgboost
2025-02-25,TSLA,-0.16493182,-1.5807378680971225,-0.039630120487999,6.0,10.0,0.5,cross_sectional_xgboost
2025-02-25,XOM,-0.17816745,-0.2509100543555273,-0.0024605425217877,7.0,7.0,0.4,cross_sectional_xgboost
2025-02-26,AAPL,-0.125476,0.5413416089311056,-0.0127309523070412,6.0,3.0,0.5,cross_sectional_xgboost
2025-02-26,AMZN,-0.034467284,0.07505686196991498,-0.0261721504577064,3.0,7.0,0.8,cross_sectional_xgboost
2025-02-26,AVGO,-0.49215305,-1.483515923653386,-0.0710998170398188,8.0,9.0,0.3,cross_sectional_xgboost
2025-02-26,GOOGL,0.13702269,0.13345169069819232,-0.0244888518530959,2.0,6.0,0.9,cross_sectional_xgboost
2025-02-26,JPM,-0.087010026,1.017837215379391,0.001004585700437,4.0,2.0,0.7,cross_sectional_xgboost
2025-02-26,META,-0.51754516,0.18690787161400013,-0.0229479154944657,9.0,5.0,0.2,cross_sectional_xgboost
2025-02-26,MSFT,-0.5413856,0.3581304976562925,-0.0180122248901508,10.0,4.0,0.1,cross_sectional_xgboost
2025-02-26,NVDA,-0.25969508,-1.958113294933408,-0.0847806362189427,7.0,10.0,0.4,cross_sectional_xgboost
2025-02-26,TSLA,0.21285208,-0.07276215134073413,-0.0304332048054902,1.0,8.0,1.0,cross_sectional_xgboost
2025-02-26,XOM,-0.115580924,1.2016656236786312,0.0063036525855846,5.0,1.0,0.6,cross_sectional_xgboost
2025-02-27,AAPL,-0.036519583,-0.010692928161748104,0.0191318634089736,4.0,4.0,0.7,cross_sectional_xgboost
2025-02-27,AMZN,0.14542337,-0.20106278494396584,0.0169588636244848,2.0,5.0,0.9,cross_sectional_xgboost
2025-02-27,AVGO,-0.17913586,-0.9648423098694996,0.0082406097416822,8.0,10.0,0.3,cross_sectional_xgboost
2025-02-27,GOOGL,0.13817903,-0.7613260667686212,0.0105636705448644,3.0,9.0,0.8,cross_sectional_xgboost
2025-02-27,JPM,-0.045988962,0.20705707912829943,0.0216173972372362,5.0,3.0,0.6,cross_sectional_xgboost
2025-02-27,META,-0.48083827,-0.3611738659131938,0.015131256300924,10.0,6.0,0.1,cross_sectional_xgboost
2025-02-27,MSFT,-0.36144873,-0.6913673147618115,0.0113622231918195,9.0,7.0,0.2,cross_sectional_xgboost
2025-02-27,NVDA,-0.14754719,1.7912440334294681,0.0397002910759627,6.0,1.0,0.5,cross_sectional_xgboost
2025-02-27,TSLA,0.16170946,1.7404420248900396,0.0391204053972438,1.0,2.0,1.0,cross_sectional_xgboost
2025-02-27,XOM,-0.14821084,-0.7482778670289669,0.0107126108009611,7.0,8.0,0.4,cross_sectional_xgboost
2025-02-28,AAPL,0.0015596237,0.7613212032684943,-0.0157542338003562,4.0,2.0,0.7,cross_sectional_xgboost
2025-02-28,AMZN,0.015797243,-0.03731142629743992,-0.0342000873779165,2.0,8.0,0.9,cross_sectional_xgboost
2025-02-28,AVGO,-0.0499992,-1.174795528621117,-0.0604723237247698,6.0,9.0,0.5,cross_sectional_xgboost
2025-02-28,GOOGL,0.16400582,0.6119753821992511,-0.019203643511253,1.0,3.0,1.0,cross_sectional_xgboost
2025-02-28,JPM,0.0112358285,0.7841195545296541,-0.0152276649705781,3.0,1.0,0.8,cross_sectional_xgboost
2025-02-28,META,-0.46844336,0.5913621481602521,-0.0196797431379988,10.0,4.0,0.1,cross_sectional_xgboost
2025-02-28,MSFT,-0.36475185,0.5164046771484864,-0.0214110204282577,9.0,5.0,0.2,cross_sectional_xgboost
2025-02-28,NVDA,-0.33817405,-2.320551411763603,-0.0869356116918059,8.0,10.0,0.3,cross_sectional_xgboost
2025-02-28,TSLA,-0.1908686,0.2124225911478899,-0.0284320321437644,7.0,6.0,0.4,cross_sectional_xgboost
2025-02-28,XOM,-0.032019712,0.05505281022813203,-0.0320667696049126,5.0,7.0,0.6,cross_sectional_xgboost
2025-03-03,AAPL,-0.07796031,-0.025373309474369166,-0.0088224646129098,6.0,7.0,0.5,cross_sectional_xgboost
2025-03-03,AMZN,0.09717637,0.10536311217445993,-0.0059506447921139,2.0,6.0,0.9,cross_sectional_xgboost
2025-03-03,AVGO,0.07814258,0.4029848435510741,0.0005870589058105,4.0,3.0,0.7,cross_sectional_xgboost
2025-03-03,GOOGL,0.10468491,1.4420607835482937,0.023411906352007,1.0,1.0,1.0,cross_sectional_xgboost
2025-03-03,JPM,-0.06459682,-1.435121371233757,-0.0397896761598496,5.0,9.0,0.6,cross_sectional_xgboost
2025-03-03,META,-0.59124225,-0.6696657712608953,-0.0229753061762042,10.0,8.0,0.1,cross_sectional_xgboost
2025-03-03,MSFT,-0.41475943,0.3903122575116215,0.0003086867176333,9.0,4.0,0.2,cross_sectional_xgboost
2025-03-03,NVDA,-0.25383738,1.1465646022145348,0.0169208935200722,8.0,2.0,0.3,cross_sectional_xgboost
2025-03-03,TSLA,0.09191318,-1.6404473766603334,-0.0442999670540946,3.0,10.0,0.8,cross_sectional_xgboost
2025-03-03,XOM,-0.18074939,0.28332222962937126,-0.0020415082687728,7.0,5.0,0.4,cross_sectional_xgboost
2025-03-04,AAPL,-0.04716836,-0.9301722100543168,-0.0008052117647072,6.0,9.0,0.5,cross_sectional_xgboost
2025-03-04,AMZN,0.05361239,0.5642529132319665,0.0223748650162467,2.0,4.0,0.9,cross_sectional_xgboost
2025-03-04,AVGO,-0.13260631,0.5316398629030014,0.0218690029299455,8.0,5.0,0.3,cross_sectional_xgboost
2025-03-04,GOOGL,0.03846726,-0.08615865041760366,0.0122863100597672,3.0,6.0,0.8,cross_sectional_xgboost
2025-03-04,JPM,0.0011028948,-0.5485032687889185,0.0051148676193855,5.0,8.0,0.6,cross_sectional_xgboost
2025-03-04,META,-0.3178058,0.7808395929045485,0.0257343480618088,9.0,3.0,0.2,cross_sectional_xgboost
2025-03-04,MSFT,-0.3583835,1.1805615875400335,0.0319344489449573,10.0,1.0,0.1,cross_sectional_xgboost
2025-03-04,NVDA,-0.1076029,-0.1501222805179014,0.01129416810912,7.0,7.0,0.4,cross_sectional_xgboost
2025-03-04,TSLA,0.2248691,0.794875281378405,0.0259520560830592,1.0,2.0,1.0,cross_sectional_xgboost
2025-03-04,XOM,0.03718896,-2.137212828179214,-0.0195276581220984,4.0,10.0,0.7,cross_sectional_xgboost
2025-03-05,AAPL,0.019033538,0.8986242000260048,-0.0017392366739927,3.0,2.0,0.8,cross_sectional_xgboost
2025-03-05,AMZN,-0.10257329,-0.3371675937357424,-0.036763311766514,7.0,6.0,0.4,cross_sectional_xgboost
2025-03-05,AVGO,-0.08313184,-1.274039666200384,-0.0633155821276925,6.0,10.0,0.5,cross_sectional_xgboost
2025-03-05,GOOGL,0.00091031427,0.8233577653095369,-0.0038723931448182,5.0,3.0,0.6,cross_sectional_xgboost
2025-03-05,JPM,0.014386615,0.2600063044612465,-0.0198385647667962,4.0,5.0,0.7,cross_sectional_xgboost
2025-03-05,META,-0.7508957,-0.5739863583270072,-0.0434750881646357,10.0,7.0,0.1,cross_sectional_xgboost
2025-03-05,MSFT,-0.22570004,0.5966090864227938,-0.0102987691707383,8.0,4.0,0.3,cross_sectional_xgboost
2025-03-05,NVDA,0.062433384,-1.0644063228734613,-0.0573742787498567,1.0,9.0,1.0,cross_sectional_xgboost
2025-03-05,TSLA,-0.56524825,-1.0184943511001388,-0.0560730689868919,9.0,8.0,0.2,cross_sectional_xgboost
2025-03-05,XOM,0.047957405,1.6894969360171508,0.0206752074369074,2.0,1.0,0.9,cross_sectional_xgboost
2025-03-06,AAPL,-0.036003336,0.19030736965049802,0.0158926237511178,5.0,3.0,0.6,cross_sectional_xgboost
2025-03-06,AMZN,0.15250023,-0.5986964032113651,-0.0072246984070264,2.0,8.0,0.9,cross_sectional_xgboost
2025-03-06,AVGO,-0.38559952,2.59780525461889,0.086430821559722,9.0,1.0,0.2,cross_sectional_xgboost
2025-03-06,GOOGL,0.008707155,-0.05308940589968369,0.0087612488880572,4.0,5.0,0.7,cross_sectional_xgboost
2025-03-06,JPM,-0.08837747,-0.941860456160357,-0.0172791927427654,6.0,10.0,0.5,cross_sectional_xgboost
2025-03-06,META,-0.4887296,-0.4754951963589743,-0.0036149793067636,10.0,7.0,0.1,cross_sectional_xgboost
2025-03-06,MSFT,-0.20938447,-0.6599718096086619,-0.0090200298855053,8.0,9.0,0.3,cross_sectional_xgboost
2025-03-06,NVDA,0.105496295,0.30228278738451403,0.0191734341788814,3.0,2.0,0.8,cross_sectional_xgboost
2025-03-06,TSLA,0.18930332,-0.4531646744481244,-0.0029607088371812,1.0,6.0,1.0,cross_sectional_xgboost
2025-03-06,XOM,-0.15747869,0.09188253403326399,0.0130088369916794,7.0,4.0,0.4,cross_sectional_xgboost
2025-03-07,AAPL,-0.04269629,-0.034594363993543764,-0.0484795284946689,7.0,7.0,0.4,cross_sectional_xgboost
2025-03-07,AMZN,0.14607175,0.5271912045865174,-0.0236386786141389,3.0,2.0,0.8,cross_sectional_xgboost
2025-03-07,AVGO,0.2999571,-0.15737484032179583,-0.0539085952975756,1.0,9.0,1.0,cross_sectional_xgboost
2025-03-07,GOOGL,-0.03459436,0.04731514218530474,-0.0448576808350362,6.0,6.0,0.5,cross_sectional_xgboost
2025-03-07,JPM,0.03469232,0.12274847945693503,-0.0415221942865153,5.0,4.0,0.6,cross_sectional_xgboost
2025-03-07,META,-0.38870984,0.06161785577740123,-0.0442252481399004,10.0,5.0,0.1,cross_sectional_xgboost
2025-03-07,MSFT,-0.15601067,0.3056593679557174,-0.0334343006544362,9.0,3.0,0.2,cross_sectional_xgboost
2025-03-07,NVDA,-0.07654015,-0.08413414087411633,-0.05067006208868,8.0,8.0,0.3,cross_sectional_xgboost
2025-03-07,TSLA,0.22886856,-2.426908013178006,-0.1542620682219511,2.0,10.0,0.9,cross_sectional_xgboost
2025-03-07,XOM,0.060664777,1.6384793084055858,0.0254998940102204,4.0,1.0,0.7,cross_sectional_xgboost
2025-03-10,AAPL,-0.015936185,-1.444406112324483,-0.0291893888868413,7.0,10.0,0.4,cross_sectional_xgboost
2025-03-10,AMZN,0.1358498,0.32572342557994793,0.0105376946772206,2.0,5.0,0.9,cross_sectional_xgboost
2025-03-10,AVGO,-0.0069185807,1.2186355262788198,0.0305773544197616,6.0,2.0,0.5,cross_sectional_xgboost
2025-03-10,GOOGL,-0.044164952,-0.635398131325424,-0.0110327924474694,8.0,7.0,0.3,cross_sectional_xgboost
2025-03-10,JPM,0.09809489,-0.7347812032106049,-0.0132632504546895,3.0,8.0,0.8,cross_sectional_xgboost
2025-03-10,META,-0.29900768,0.43142588756571565,0.0129099789933204,9.0,4.0,0.2,cross_sectional_xgboost
2025-03-10,MSFT,-0.45136902,-0.10981539858013765,0.0007628805224979,10.0,6.0,0.1,cross_sectional_xgboost
2025-03-10,NVDA,0.03528578,0.5975613674320933,0.0166385637947585,5.0,3.0,0.6,cross_sectional_xgboost
2025-03-10,TSLA,0.35114142,1.5470231266508532,0.0379473696429559,1.0,1.0,1.0,cross_sectional_xgboost
2025-03-10,XOM,0.053650416,-1.1959684880667802,-0.0236136939741249,4.0,9.0,0.7,cross_sectional_xgboost
2025-03-11,AAPL,0.033039812,-1.272170022784315,-0.0174787505574579,2.0,10.0,0.9,cross_sectional_xgboost
2025-03-11,AMZN,0.037726145,-0.28048434859406945,0.0116994918083452,1.0,6.0,1.0,cross_sectional_xgboost
2025-03-11,AVGO,-0.06477001,0.062099401539436966,0.0217792902284881,6.0,4.0,0.5,cross_sectional_xgboost
2025-03-11,GOOGL,0.019539712,-0.042045370846077255,0.018715051741553,3.0,5.0,0.8,cross_sectional_xgboost
2025-03-11,JPM,-0.005817639,-0.8620396123868788,-0.0054115352818776,4.0,9.0,0.7,cross_sectional_xgboost
2025-03-11,META,-0.7929465,0.09901974845682282,0.0228655929336922,10.0,3.0,0.1,cross_sectional_xgboost
2025-03-11,MSFT,-0.4707925,-0.4261962994943815,0.0074122274768977,9.0,7.0,0.2,cross_sectional_xgboost
2025-03-11,NVDA,-0.10841456,1.506441104399311,0.064275973766338,7.0,2.0,0.4,cross_sectional_xgboost
2025-03-11,TSLA,-0.039304417,1.902831290870407,0.0759389121683913,5.0,1.0,0.6,cross_sectional_xgboost
2025-03-11,XOM,-0.17747822,-0.6874558911602562,-0.0002747804979248,8.0,8.0,0.3,cross_sectional_xgboost
2025-03-12,AAPL,0.024945835,-0.923680828487743,-0.0336436409578894,2.0,9.0,0.9,cross_sectional_xgboost
2025-03-12,AMZN,0.074650146,-0.3243743856590904,-0.025139524437347,1.0,6.0,1.0,cross_sectional_xgboost
2025-03-12,AVGO,0.0013845563,0.4059414856091042,-0.0147763932873589,4.0,5.0,0.7,cross_sectional_xgboost
2025-03-12,GOOGL,-0.017716382,-0.38719119345813047,-0.0260308905478967,5.0,7.0,0.6,cross_sectional_xgboost
2025-03-12,JPM,0.018625576,0.6092668222390379,-0.0118912209769824,3.0,4.0,0.8,cross_sectional_xgboost
2025-03-12,META,-0.75412816,-1.8422597383459642,-0.0466782114622158,10.0,10.0,0.1,cross_sectional_xgboost
2025-03-12,MSFT,-0.43314493,0.6198487473285956,-0.0117410641998443,9.0,3.0,0.2,cross_sectional_xgboost
2025-03-12,NVDA,-0.08923814,1.3498480994068496,-0.0013824244350306,7.0,1.0,0.4,cross_sectional_xgboost
2025-03-12,TSLA,-0.105406016,-0.6576166026681299,-0.029868208196582,8.0,8.0,0.3,cross_sectional_xgboost
2025-03-12,XOM,-0.0233322,1.1502175940354702,-0.0042151673481889,6.0,2.0,0.5,cross_sectional_xgboost
2025-03-13,AAPL,0.12537411,-0.9665766146337338,0.0181705636955993,1.0,9.0,1.0,cross_sectional_xgboost
2025-03-13,AMZN,0.1248625,-0.7110502066701145,0.0209396955561107,2.0,8.0,0.9,cross_sectional_xgboost
2025-03-13,AVGO,0.058486387,-0.6276351907756653,0.0218436615297226,4.0,7.0,0.7,cross_sectional_xgboost
2025-03-13,GOOGL,0.028840244,-1.0955254447137088,0.0167731491716141,5.0,10.0,0.6,cross_sectional_xgboost
2025-03-13,JPM,-0.04903875,0.32756717255573686,0.0321951602989354,8.0,3.0,0.3,cross_sectional_xgboost
2025-03-13,META,-0.4007234,0.09084722550344895,0.0296298334795861,9.0,5.0,0.2,cross_sectional_xgboost
2025-03-13,MSFT,-0.41460285,-0.25824069385069215,0.0258467783843929,10.0,6.0,0.1,cross_sectional_xgboost
2025-03-13,NVDA,-0.031503923,2.218832740596536,0.0526907473612934,6.0,1.0,0.5,cross_sectional_xgboost
2025-03-13,TSLA,-0.047985967,0.9223249740878269,0.0386405323864447,7.0,2.0,0.4,cross_sectional_xgboost
2025-03-13,XOM,0.09991088,0.09945603790036472,0.0297231269159845,3.0,4.0,0.8,cross_sectional_xgboost
2025-03-14,AAPL,0.07850114,0.5307385816693496,0.0023888679143522,1.0,3.0,1.0,cross_sectional_xgboost
2025-03-14,AMZN,0.0103011625,-0.2532019641120977,-0.0111643924685481,2.0,8.0,0.9,cross_sectional_xgboost
2025-03-14,AVGO,-0.12188502,0.08492767648569502,-0.0053185932088221,6.0,6.0,0.5,cross_sectional_xgboost
2025-03-14,GOOGL,-0.013191358,-0.02685489741633893,-0.0072511611038209,3.0,7.0,0.8,cross_sectional_xgboost
2025-03-14,JPM,-0.19005568,0.7633358229399569,0.0064101562534346,7.0,2.0,0.4,cross_sectional_xgboost
2025-03-14,META,-0.6773482,0.13553429948765663,-0.0044436738768195,10.0,5.0,0.1,cross_sectional_xgboost
2025-03-14,MSFT,-0.29208806,0.41341594873463167,0.000360519971988,8.0,4.0,0.3,cross_sectional_xgboost
2025-03-14,NVDA,-0.06212073,-0.6247835670760719,-0.0175885304284569,4.0,9.0,0.7,cross_sectional_xgboost
2025-03-14,TSLA,-0.52271485,-2.3771086927870804,-0.0478838364080521,9.0,10.0,0.2,cross_sectional_xgboost
2025-03-14,XOM,-0.08560753,1.3539967920742988,0.0166218769709975,5.0,1.0,0.6,cross_sectional_xgboost
2025-03-17,AAPL,0.010102535,0.8126954411851086,-0.0061214713943332,6.0,3.0,0.5,cross_sectional_xgboost
2025-03-17,AMZN,0.10805173,0.3253662372545505,-0.0149177382599353,2.0,5.0,0.9,cross_sectional_xgboost
2025-03-17,AVGO,0.024270318,-0.5087921342540483,-0.0299742536191323,5.0,7.0,0.6,cross_sectional_xgboost
2025-03-17,GOOGL,0.074065335,-0.06890106477466483,-0.022034242620967,4.0,6.0,0.7,cross_sectional_xgboost
2025-03-17,JPM,-0.039358635,1.3981404261447152,0.0044457802320785,7.0,1.0,0.4,cross_sectional_xgboost
2025-03-17,META,-0.37024695,-0.9125665751366636,-0.0372623613435749,10.0,9.0,0.1,cross_sectional_xgboost
2025-03-17,MSFT,-0.08673038,0.413519983384423,-0.013326567712579,8.0,4.0,0.3,cross_sectional_xgboost
2025-03-17,NVDA,-0.12852016,-0.7485048448678798,-0.0343010556179236,9.0,8.0,0.2,cross_sectional_xgboost
2025-03-17,TSLA,0.50898266,-1.8043547113689242,-0.053359090968247,1.0,10.0,1.0,cross_sectional_xgboost
2025-03-17,XOM,0.09956059,1.0933972424333822,-0.0010548184346496,3.0,2.0,0.8,cross_sectional_xgboost
2025-03-18,AAPL,0.063521676,-0.5837816593366619,0.0119891938885094,2.0,8.0,0.9,cross_sectional_xgboost
2025-03-18,AMZN,0.056580342,-0.4191478701026406,0.0141063471558764,3.0,7.0,0.8,cross_sectional_xgboost
2025-03-18,AVGO,-0.049653158,1.3278071460013758,0.0365717932680982,7.0,2.0,0.4,cross_sectional_xgboost
2025-03-18,GOOGL,0.02575396,0.042361461318329637,0.0200412527028135,4.0,3.0,0.7,cross_sectional_xgboost
2025-03-18,JPM,-0.025476856,-0.14597919755722763,0.017619234457521,6.0,5.0,0.5,cross_sectional_xgboost
2025-03-18,META,-0.28840506,-1.2890885143567843,0.0029191073676944,10.0,10.0,0.1,cross_sectional_xgboost
2025-03-18,MSFT,-0.10948304,-0.6442200730599033,0.0112119695672812,9.0,9.0,0.2,cross_sectional_xgboost
2025-03-18,NVDA,-0.0025820986,-0.10811785512560837,0.0181061227518921,5.0,4.0,0.6,cross_sectional_xgboost
2025-03-18,TSLA,0.17696401,2.1250681519261936,0.04682438935722,1.0,1.0,1.0,cross_sectional_xgboost
2025-03-18,XOM,-0.062448498,-0.3049015897070728,0.0155755284639746,8.0,6.0,0.3,cross_sectional_xgboost
2025-03-19,AAPL,0.091608144,-0.35189925490591506,-0.0052963194171417,2.0,8.0,0.9,cross_sectional_xgboost
2025-03-19,AMZN,0.028956944,-0.08580465369830935,-0.0030172668413017,4.0,7.0,0.7,cross_sectional_xgboost
2025-03-19,AVGO,-0.15436551,-2.392260104288657,-0.0227716444644201,7.0,10.0,0.4,cross_sectional_xgboost
2025-03-19,GOOGL,-0.02440439,-0.5100637063854843,-0.0066509696013805,5.0,9.0,0.6,cross_sectional_xgboost
2025-03-19,JPM,0.12609515,0.21765606251591846,-0.0004181801863466,1.0,5.0,1.0,cross_sectional_xgboost
2025-03-19,META,-0.50565094,0.6543127306733253,0.0033217059286123,10.0,3.0,0.1,cross_sectional_xgboost
2025-03-19,MSFT,-0.119131655,-0.028555967994297122,-0.0025269421070716,6.0,6.0,0.5,cross_sectional_xgboost
2025-03-19,NVDA,-0.2739083,1.269931198321534,0.0085943677866922,9.0,1.0,0.2,cross_sectional_xgboost
2025-03-19,TSLA,-0.25402656,0.46448850212763976,0.001695895427157,8.0,4.0,0.3,cross_sectional_xgboost
2025-03-19,XOM,0.056061,0.7621951936342453,0.0042456998915985,3.0,2.0,0.8,cross_sectional_xgboost
2025-03-20,AAPL,0.1730636,0.4471002121070949,0.0194767725147992,1.0,2.0,1.0,cross_sectional_xgboost
2025-03-20,AMZN,0.034070157,-0.34431529981869685,0.0064632458853515,4.0,7.0,0.7,cross_sectional_xgboost
2025-03-20,AVGO,-0.16012995,-0.37989675748635326,0.0058781673268761,6.0,8.0,0.5,cross_sectional_xgboost
2025-03-20,GOOGL,0.054758143,-0.2928401193497295,0.0073096705784416,2.0,6.0,0.9,cross_sectional_xgboost
2025-03-20,JPM,0.015379816,-0.07073091430705761,0.0109618912020112,5.0,5.0,0.6,cross_sectional_xgboost
2025-03-20,META,-0.47823635,0.3263533205146779,0.0174912884479816,10.0,3.0,0.1,cross_sectional_xgboost
2025-03-20,MSFT,-0.18480511,-0.042516725224277664,0.011425827143908,7.0,4.0,0.4,cross_sectional_xgboost
2025-03-20,NVDA,-0.25109062,-1.1632288844599168,-0.0070024413299684,8.0,10.0,0.3,cross_sectional_xgboost
2025-03-20,TSLA,-0.47244206,2.4673364408262826,0.0526962350651836,9.0,1.0,0.2,cross_sectional_xgboost
2025-03-20,XOM,0.042355623,-0.9472612728020239,-0.0034512091099058,3.0,9.0,0.8,cross_sectional_xgboost
2025-03-21,AAPL,0.060146835,-0.5096062053152688,0.0112704451035572,3.0,7.0,0.8,cross_sectional_xgboost
2025-03-21,AMZN,-0.04989192,0.19848223446906335,0.0359308269289739,5.0,3.0,0.6,cross_sectional_xgboost
2025-03-21,AVGO,-0.2715479,-0.8946486302829602,-0.0021393109172863,7.0,10.0,0.4,cross_sectional_xgboost
2025-03-21,GOOGL,0.028839502,-0.1871248603760713,0.0225014053211773,4.0,6.0,0.7,cross_sectional_xgboost
2025-03-21,JPM,0.08149136,-0.06912653154671723,0.0266108974131245,2.0,5.0,0.9,cross_sectional_xgboost
2025-03-21,META,-0.57809937,0.25512367402745617,0.0379034612048232,10.0,2.0,0.1,cross_sectional_xgboost
2025-03-21,MSFT,-0.18360871,-0.6996555239331856,0.0046516549928112,6.0,8.0,0.5,cross_sectional_xgboost
2025-03-21,NVDA,-0.28007933,0.07185712535358707,0.0315208925704582,8.0,4.0,0.3,cross_sectional_xgboost
2025-03-21,TSLA,-0.57307637,2.593339644548074,0.1193358012680052,9.0,1.0,0.2,cross_sectional_xgboost
2025-03-21,XOM,0.12576805,-0.7586409269439779,0.0025973882110865,1.0,9.0,1.0,cross_sectional_xgboost
2025-03-24,AAPL,9.17835e-05,0.32490537957972715,0.0136818180901332,4.0,3.0,0.7,cross_sectional_xgboost
2025-03-24,AMZN,-0.010361988,0.20441124580042774,0.0120535878837133,5.0,6.0,0.6,cross_sectional_xgboost
2025-03-24,AVGO,0.07406444,-1.8445588095521692,-0.0156340250442789,1.0,10.0,1.0,cross_sectional_xgboost
2025-03-24,GOOGL,0.035030086,0.5834578015176481,0.0171756218973246,2.0,2.0,0.9,cross_sectional_xgboost
2025-03-24,JPM,-0.16826472,0.22827614683600356,0.0123760729003741,7.0,4.0,0.4,cross_sectional_xgboost
2025-03-24,META,-0.13834782,0.20449715565802404,0.0120547487786115,6.0,5.0,0.5,cross_sectional_xgboost
2025-03-24,MSFT,-0.18202148,-0.2959989680174474,0.0052915738322103,8.0,8.0,0.3,cross_sectional_xgboost
2025-03-24,NVDA,-0.33924124,-1.1264521059068897,-0.0059302910147909,9.0,9.0,0.2,cross_sectional_xgboost
2025-03-24,TSLA,-0.7316774,1.904205449759092,0.0350228078845167,10.0,1.0,0.1,cross_sectional_xgboost
2025-03-24,XOM,0.0010598886,-0.1827432956744168,0.006821991131156,3.0,7.0,0.8,cross_sectional_xgboost
2025-03-25,AAPL,-0.0349865,0.6289882231360787,-0.00992168470548,2.0,3.0,0.9,cross_sectional_xgboost
2025-03-25,AMZN,-0.1068231,0.11071882928508484,-0.0222643609040625,6.0,5.0,0.5,cross_sectional_xgboost
2025-03-25,AVGO,-0.03823515,-0.9595521379984276,-0.0477530510537302,3.0,8.0,0.8,cross_sectional_xgboost
2025-03-25,GOOGL,-0.059823386,-0.30844254408210253,-0.0322467622725519,4.0,7.0,0.7,cross_sectional_xgboost
2025-03-25,JPM,-0.071791954,1.0288759017770346,-0.0003982897455855,5.0,2.0,0.6,cross_sectional_xgboost
2025-03-25,META,-0.2244751,0.017821643938913622,-0.0244767236098123,8.0,6.0,0.3,cross_sectional_xgboost
2025-03-25,MSFT,-0.14869201,0.49410524689680047,-0.0131339463596983,7.0,4.0,0.4,cross_sectional_xgboost
2025-03-25,NVDA,-0.36988762,-1.3654633900365418,-0.0574198984668886,9.0,10.0,0.2,cross_sectional_xgboost
2025-03-25,TSLA,-0.6275105,-1.2977067310580346,-0.0558062617906894,10.0,9.0,0.1,cross_sectional_xgboost
2025-03-25,XOM,0.023474142,1.6506549581411947,0.0144094871573459,1.0,1.0,1.0,cross_sectional_xgboost
2025-03-26,AAPL,0.011679983,1.2972162106218095,0.0104726878482726,3.0,1.0,0.8,cross_sectional_xgboost
2025-03-26,AMZN,-0.011598911,0.6745037206985959,0.0011435177345771,4.0,4.0,0.7,cross_sectional_xgboost
2025-03-26,AVGO,0.04996949,-2.1124397799199754,-0.0406090895043346,2.0,10.0,0.9,cross_sectional_xgboost
2025-03-26,GOOGL,0.06586331,-0.5422123884961022,-0.0170847204113299,1.0,8.0,1.0,cross_sectional_xgboost
2025-03-26,JPM,-0.050982326,-0.1755969425620053,-0.0115922693736941,6.0,6.0,0.5,cross_sectional_xgboost
2025-03-26,META,-0.13478477,-0.31951316326876084,-0.0137483509150472,7.0,7.0,0.4,cross_sectional_xgboost
2025-03-26,MSFT,-0.22614671,0.7025824185007371,0.0015641788785338,8.0,3.0,0.3,cross_sectional_xgboost
2025-03-26,NVDA,-0.27594087,-0.7689561072281346,-0.0204816825061867,9.0,9.0,0.2,cross_sectional_xgboost
2025-03-26,TSLA,-0.33483478,0.8606976469948925,0.0039329829222261,10.0,2.0,0.1,cross_sectional_xgboost
2025-03-26,XOM,-0.021314748,0.38371838465894403,-0.0032128841529401,5.0,5.0,0.6,cross_sectional_xgboost
2025-03-27,AAPL,0.027664797,0.10585953768285372,-0.0265803361504877,3.0,5.0,0.8,cross_sectional_xgboost
2025-03-27,AMZN,-0.02492601,-0.999573108007889,-0.0429082209150742,5.0,9.0,0.6,cross_sectional_xgboost
2025-03-27,AVGO,0.02164189,0.7756569012394142,-0.0166870385258806,4.0,3.0,0.7,cross_sectional_xgboost
2025-03-27,GOOGL,0.027922537,-1.3954112686383928,-0.0487549813643842,2.0,10.0,0.9,cross_sectional_xgboost
2025-03-27,JPM,-0.20890233,0.4674430207424222,-0.0212395372631115,8.0,4.0,0.3,cross_sectional_xgboost
2025-03-27,META,-0.19052605,-0.9978157817212602,-0.0428822641811079,7.0,8.0,0.4,cross_sectional_xgboost
2025-03-27,MSFT,-0.11434382,-0.13650871706886772,-0.0301602566002834,6.0,6.0,0.5,cross_sectional_xgboost
2025-03-27,NVDA,-0.29121858,0.8360741016137935,-0.0157946412465372,9.0,2.0,0.2,cross_sectional_xgboost
2025-03-27,TSLA,-0.5808749,-0.46924291435647464,-0.0350749347145293,10.0,7.0,0.1,cross_sectional_xgboost
2025-03-27,XOM,0.081779554,1.8135182285144023,-0.0013572215357393,1.0,1.0,1.0,cross_sectional_xgboost
2025-03-28,AAPL,-0.04491039,1.767646963525423,0.0194126018627356,6.0,1.0,0.5,cross_sectional_xgboost
2025-03-28,AMZN,-0.015997866,-0.8994048184458898,-0.0127646673842117,4.0,9.0,0.7,cross_sectional_xgboost
2025-03-28,AVGO,-0.017730732,-0.6696635850077315,-0.0099929006058399,5.0,7.0,0.6,cross_sectional_xgboost
2025-03-28,GOOGL,0.10227286,0.3251031605627152,0.0020086951736282,2.0,4.0,0.9,cross_sectional_xgboost
2025-03-28,JPM,-0.17275172,0.9947997625786358,0.0100884062697901,8.0,3.0,0.3,cross_sectional_xgboost
2025-03-28,META,-0.2575426,0.10399665412530153,-0.0006588959237707,9.0,5.0,0.2,cross_sectional_xgboost
2025-03-28,MSFT,-0.41652116,-0.5875450373349334,-0.0090021622045469,10.0,6.0,0.1,cross_sectional_xgboost
2025-03-28,NVDA,0.05800551,-0.8163466145765736,-0.0117625922812321,3.0,8.0,0.8,cross_sectional_xgboost
2025-03-28,TSLA,0.1359318,-1.2220355622271675,-0.0166571213591097,1.0,10.0,1.0,cross_sectional_xgboost
2025-03-28,XOM,-0.09893547,1.0034490768002207,0.0101927579416964,7.0,2.0,0.4,cross_sectional_xgboost
2025-03-31,AAPL,-0.084710404,-0.6063468820558511,0.0047720153823609,8.0,8.0,0.3,cross_sectional_xgboost
2025-03-31,AMZN,0.007580749,-0.15407328594096859,0.0100389136826171,5.0,6.0,0.6,cross_sectional_xgboost
2025-03-31,AVGO,0.11353785,-0.4570817981700024,0.0065102641401024,3.0,7.0,0.8,cross_sectional_xgboost
2025-03-31,GOOGL,0.07912873,0.3332568210409851,0.015714058405138,4.0,5.0,0.7,cross_sectional_xgboost
2025-03-31,JPM,-0.07998329,-1.5902238263484976,-0.0066856063980623,7.0,10.0,0.4,cross_sectional_xgboost
2025-03-31,META,-0.3226326,0.4201351374838357,0.0167257894925432,9.0,3.0,0.2,cross_sectional_xgboost
2025-03-31,MSFT,-0.39292824,0.5393916116541211,0.0181145765597026,10.0,2.0,0.1,cross_sectional_xgboost
2025-03-31,NVDA,0.0016480675,0.386277893511496,0.016331508990075,6.0,4.0,0.5,cross_sectional_xgboost
2025-03-31,TSLA,0.19821744,2.0653651662544137,0.0358851198547365,1.0,1.0,1.0,cross_sectional_xgboost
2025-03-31,XOM,0.1849889,-0.9367008374295323,0.0009249177383972,2.0,9.0,0.9,cross_sectional_xgboost
2025-04-01,AAPL,-0.07236368,-0.40269415854103235,0.0031362200709832,6.0,5.0,0.5,cross_sectional_xgboost
2025-04-01,AMZN,-0.046414316,0.5587235734682182,0.019982288465834,3.0,3.0,0.8,cross_sectional_xgboost
2025-04-01,AVGO,-0.0077323387,0.6273236229785524,0.0211843061606045,2.0,2.0,0.9,cross_sectional_xgboost
2025-04-01,GOOGL,0.0010529982,-0.5925984597186971,-0.000191304208634,1.0,8.0,1.0,cross_sectional_xgboost
2025-04-01,JPM,-0.077118024,-0.07576388893218149,0.0088647286045919,7.0,4.0,0.4,cross_sectional_xgboost
2025-04-01,META,-0.42928493,-0.7832780186951963,-0.0035324126415989,9.0,10.0,0.2,cross_sectional_xgboost
2025-04-01,MSFT,-0.5934206,-0.5891450676656765,-0.0001307934891179,10.0,7.0,0.1,cross_sectional_xgboost
2025-04-01,NVDA,-0.23182121,-0.4417981820215321,0.0024510350238033,8.0,6.0,0.3,cross_sectional_xgboost
2025-04-01,TSLA,-0.047399666,2.4582984582407703,0.0532668507997762,4.0,1.0,0.7,cross_sectional_xgboost
2025-04-01,XOM,-0.06721269,-0.7590678791132255,-0.0031081998840555,5.0,9.0,0.6,cross_sectional_xgboost
2025-04-02,AAPL,-0.072145335,-0.875386336187541,-0.092456112212191,4.0,9.0,0.7,cross_sectional_xgboost
2025-04-02,AMZN,-0.012563117,-0.7733930933017061,-0.0897912929848726,3.0,8.0,0.8,cross_sectional_xgboost
2025-04-02,AVGO,-0.112754874,-1.3578369572234485,-0.1050612971714266,7.0,10.0,0.4,cross_sectional_xgboost
2025-04-02,GOOGL,0.07535459,1.1229660037808926,-0.0402443422181203,2.0,2.0,0.9,cross_sectional_xgboost
2025-04-02,JPM,-0.09280759,-0.0038470792413435235,-0.0696850491146809,5.0,5.0,0.6,cross_sectional_xgboost
2025-04-02,META,-0.37398407,-0.7654094231616652,-0.0895827003654815,9.0,7.0,0.2,cross_sectional_xgboost
2025-04-02,MSFT,-0.4599899,1.758856181250782,-0.0236301791281063,10.0,1.0,0.1,cross_sectional_xgboost
2025-04-02,NVDA,-0.0938125,-0.3245993695864786,-0.0780654755658222,6.0,6.0,0.5,cross_sectional_xgboost
2025-04-02,TSLA,-0.27311933,0.5679255535778356,-0.0547461113725354,8.0,4.0,0.3,cross_sectional_xgboost
2025-04-02,XOM,0.087989956,0.6507245200926689,-0.0525827888648101,1.0,3.0,1.0,cross_sectional_xgboost
2025-04-03,AAPL,-0.22140574,-0.5374344610491951,-0.0728874626884843,6.0,7.0,0.5,cross_sectional_xgboost
2025-04-03,AMZN,-0.24904495,0.870995789379421,-0.0415335659997136,8.0,3.0,0.3,cross_sectional_xgboost
2025-04-03,AVGO,-0.23514226,0.48498982737290236,-0.0501266724388282,7.0,4.0,0.4,cross_sectional_xgboost
2025-04-03,GOOGL,0.05458755,1.2107400515416853,-0.033970318552283,2.0,1.0,0.9,cross_sectional_xgboost
2025-04-03,JPM,0.03304927,-0.6250706341535712,-0.0748383832377111,3.0,9.0,0.8,cross_sectional_xgboost
2025-04-03,META,-0.30918372,0.464564861497371,-0.05058136465361,9.0,5.0,0.2,cross_sectional_xgboost
2025-04-03,MSFT,-0.47519568,1.1390651336461082,-0.0355659161831846,10.0,2.0,0.1,cross_sectional_xgboost
2025-04-03,NVDA,-0.20539995,-0.5683487240697458,-0.0735756633350274,5.0,8.0,0.6,cross_sectional_xgboost
2025-04-03,TSLA,0.12523803,-1.9439110725314082,-0.1041978682681468,1.0,10.0,1.0,cross_sectional_xgboost
2025-04-03,XOM,-0.08938277,-0.49559077163356735,-0.0719559556332962,4.0,6.0,0.7,cross_sectional_xgboost
2025-04-04,AAPL,-0.13909175,-1.5871832487668331,-0.0367342830597707,4.0,10.0,0.7,cross_sectional_xgboost
2025-04-04,AMZN,-0.19884901,0.5850508554343935,0.024912248577988,7.0,3.0,0.4,cross_sectional_xgboost
2025-04-04,AVGO,-0.119698815,1.5980548972425586,0.0536606167173732,2.0,1.0,0.9,cross_sectional_xgboost
2025-04-04,GOOGL,0.1186687,-0.014466229334818491,0.0078983600370969,1.0,6.0,1.0,cross_sectional_xgboost
2025-04-04,JPM,-0.18649432,0.4043184969437099,0.019783186736028,6.0,5.0,0.5,cross_sectional_xgboost
2025-04-04,META,-0.22206798,0.5114684673316935,0.0228240302743614,8.0,4.0,0.3,cross_sectional_xgboost
2025-04-04,MSFT,-0.37204972,-0.48666989083068857,-0.005502459838427,10.0,7.0,0.1,cross_sectional_xgboost
2025-04-04,NVDA,-0.12586525,0.9514040912103796,0.0353091051120881,3.0,2.0,0.8,cross_sectional_xgboost
2025-04-04,TSLA,-0.15451534,-1.1964041340060556,-0.0256442366348095,5.0,9.0,0.6,cross_sectional_xgboost
2025-04-04,XOM,-0.32123893,-0.7655733052243393,-0.0134175497111272,9.0,8.0,0.2,cross_sectional_xgboost
2025-04-07,AAPL,0.036075447,-1.5581963446952438,-0.0498179993456555,3.0,10.0,0.8,cross_sectional_xgboost
2025-04-07,AMZN,-0.04854453,-0.4366536920650472,-0.0262466677445156,5.0,8.0,0.6,cross_sectional_xgboost
2025-04-07,AVGO,-0.061367977,1.3956023992934217,0.0122616456097153,6.0,1.0,0.5,cross_sectional_xgboost
2025-04-07,GOOGL,0.06486464,0.14751491442284803,-0.0139692640254417,2.0,6.0,0.9,cross_sectional_xgboost
2025-04-07,JPM,-0.14900884,1.3513586260979424,0.0113317793698264,8.0,2.0,0.3,cross_sectional_xgboost
2025-04-07,META,-0.4870753,0.2776249757803435,-0.0112347559853686,10.0,4.0,0.1,cross_sectional_xgboost
2025-04-07,MSFT,-0.139251,0.3734210468234702,-0.0092214210922654,7.0,3.0,0.4,cross_sectional_xgboost
2025-04-07,NVDA,-0.01199624,0.15918901073589675,-0.0137239108998221,4.0,5.0,0.7,cross_sectional_xgboost
2025-04-07,TSLA,-0.1634867,-1.5190270740965124,-0.0489947833371584,9.0,9.0,0.2,cross_sectional_xgboost
2025-04-07,XOM,0.09339918,-0.19083386229711882,-0.0210803009478476,1.0,7.0,1.0,cross_sectional_xgboost
2025-04-08,AAPL,-0.12628771,0.33170741095594586,0.1532884009024953,8.0,4.0,0.3,cross_sectional_xgboost
2025-04-08,AMZN,-0.050410938,-0.27623482641470587,0.1197703152630624,6.0,6.0,0.5,cross_sectional_xgboost
2025-04-08,AVGO,-0.012539101,0.9364584263108622,0.1866305427659529,4.0,3.0,0.7,cross_sectional_xgboost
2025-04-08,GOOGL,0.06609352,-0.6924835672499243,0.0968209952701586,2.0,8.0,0.9,cross_sectional_xgboost
2025-04-08,JPM,-0.13062389,-0.987508412884656,0.0805551933010211,9.0,9.0,0.2,cross_sectional_xgboost
2025-04-08,META,-0.41968977,0.22773856200313855,0.1475562168744446,10.0,5.0,0.1,cross_sectional_xgboost
2025-04-08,MSFT,0.080783986,-0.6105750836409218,0.1013369104335408,1.0,7.0,1.0,cross_sectional_xgboost
2025-04-08,NVDA,-0.008276756,0.9472840338814157,0.1872273982225141,3.0,2.0,0.8,cross_sectional_xgboost
2025-04-08,TSLA,-0.028782295,1.6668534262732917,0.2268998983962451,5.0,1.0,0.6,cross_sectional_xgboost
2025-04-08,XOM,-0.10087637,-1.5432399692344472,0.0499156740288784,7.0,10.0,0.4,cross_sectional_xgboost
2025-04-09,AAPL,-0.10927862,0.5039791387111722,-0.0423938293573709,6.0,4.0,0.5,cross_sectional_xgboost
2025-04-09,AMZN,-0.046550445,-0.04347066107793928,-0.051700704171933,5.0,5.0,0.6,cross_sectional_xgboost
2025-04-09,AVGO,0.230374,-1.0847537260526692,-0.0694029503614038,1.0,9.0,1.0,cross_sectional_xgboost
2025-04-09,GOOGL,0.004946304,0.8146878470442632,-0.0371116517890088,4.0,3.0,0.7,cross_sectional_xgboost
2025-04-09,JPM,0.047966186,1.182856624608124,-0.030852629090056,3.0,2.0,0.8,cross_sectional_xgboost
2025-04-09,META,-0.39594957,-0.9668604976901067,-0.0673987163324981,10.0,8.0,0.1,cross_sectional_xgboost
2025-04-09,MSFT,-0.20042607,1.620851633987561,-0.0234065313414265,9.0,1.0,0.2,cross_sectional_xgboost
2025-04-09,NVDA,0.20801736,-0.48030701105833257,-0.0591271042277626,2.0,7.0,0.9,cross_sectional_xgboost
2025-04-09,TSLA,-0.1319982,-1.281086884119302,-0.0727406958949261,7.0,10.0,0.4,cross_sectional_xgboost
2025-04-09,XOM,-0.15423545,-0.26589646435276953,-0.0554820355513667,8.0,6.0,0.3,cross_sectional_xgboost
2025-04-10,AAPL,-0.0708044,0.7752111742061224,0.0405945267125671,6.0,2.0,0.5,cross_sectional_xgboost
2025-04-10,AMZN,-0.030051064,-0.32338038417886233,0.0201412309452484,4.0,7.0,0.7,cross_sectional_xgboost
2025-04-10,AVGO,0.05185856,1.5999247250784552,0.0559488320051591,3.0,1.0,0.8,cross_sectional_xgboost
2025-04-10,GOOGL,-0.035725337,0.11315748621490947,0.0282685810132983,5.0,6.0,0.6,cross_sectional_xgboost
2025-04-10,JPM,-0.12502928,0.7446024524457622,0.0400246613841419,8.0,3.0,0.3,cross_sectional_xgboost
2025-04-10,META,-0.09840746,-1.6726410227884816,-0.0049789574432855,7.0,10.0,0.4,cross_sectional_xgboost
2025-04-10,MSFT,-0.30168408,-0.40518568405378347,0.0186182008610416,10.0,8.0,0.1,cross_sectional_xgboost
2025-04-10,NVDA,0.23188844,0.27251576735808214,0.0312354726049144,1.0,5.0,1.0,cross_sectional_xgboost
2025-04-10,TSLA,0.1370335,-1.4243620034053126,-0.0003565623615965,2.0,9.0,0.9,cross_sectional_xgboost
2025-04-10,XOM,-0.2086067,0.3201574891231097,0.0321224539572533,9.0,4.0,0.2,cross_sectional_xgboost
2025-04-11,AAPL,-0.05949851,1.8193938518969037,0.0220541114980714,4.0,1.0,0.7,cross_sectional_xgboost
2025-04-11,AMZN,0.07224418,-0.8648105962388664,-0.014875318183769,1.0,8.0,1.0,cross_sectional_xgboost
2025-04-11,AVGO,-0.3379836,-1.2138036185279495,-0.0196767830218996,10.0,9.0,0.1,cross_sectional_xgboost
2025-04-11,GOOGL,-0.07964123,1.1091119846333348,0.012282015229617,5.0,2.0,0.6,cross_sectional_xgboost
2025-04-11,JPM,-0.08833074,-0.23903473103945905,-0.006265860053065,6.0,7.0,0.5,cross_sectional_xgboost
2025-04-11,META,-0.11491754,-1.4002472199772287,-0.0222418841542415,8.0,10.0,0.3,cross_sectional_xgboost
2025-04-11,MSFT,-0.19268252,0.0966335745275563,-0.0016477173868203,9.0,5.0,0.2,cross_sectional_xgboost
2025-04-11,NVDA,0.038242325,0.07224824787785165,-0.0019832120271054,2.0,6.0,0.9,cross_sectional_xgboost
2025-04-11,TSLA,0.020420665,0.2279229555350019,0.0001585690036423,3.0,4.0,0.8,cross_sectional_xgboost
2025-04-11,XOM,-0.09293524,0.39258555131285483,0.0024240058842908,7.0,3.0,0.4,cross_sectional_xgboost
2025-04-14,AAPL,-0.22773041,0.23206338667875914,-0.0018764001741765,10.0,4.0,0.1,cross_sectional_xgboost
2025-04-14,AMZN,0.022495529,-0.9155646134795578,-0.0138919330503436,2.0,8.0,0.9,cross_sectional_xgboost
2025-04-14,AVGO,-0.13960266,0.7272209600369487,0.0033078425427559,9.0,3.0,0.2,cross_sectional_xgboost
2025-04-14,GOOGL,-0.08452945,-1.2459510910461185,-0.0173510413872737,6.0,9.0,0.5,cross_sectional_xgboost
2025-04-14,JPM,-0.09508127,-0.23571926947171304,-0.0067740306634129,7.0,7.0,0.4,cross_sectional_xgboost
2025-04-14,META,-0.13772969,-1.378608690854594,-0.0187399511660106,8.0,10.0,0.3,cross_sectional_xgboost
2025-04-14,MSFT,-0.060494445,-0.100979672273614,-0.0053633226119956,5.0,6.0,0.6,cross_sectional_xgboost
2025-04-14,NVDA,0.026856774,1.6967391702254984,0.0134585864484084,1.0,1.0,1.0,cross_sectional_xgboost
2025-04-14,TSLA,0.017577251,1.0774230755454337,0.0069744183248168,3.0,2.0,0.8,cross_sectional_xgboost
2025-04-14,XOM,-0.0257218,0.14337674463895733,-0.0028049390935468,4.0,5.0,0.7,cross_sectional_xgboost
2025-04-15,AAPL,-0.1310179,-0.38449340008730065,-0.0389334600390811,7.0,8.0,0.4,cross_sectional_xgboost
2025-04-15,AMZN,0.1001556,0.06948445991490299,-0.0292889059195674,1.0,5.0,1.0,cross_sectional_xgboost
2025-04-15,AVGO,-0.26162067,0.30655007353844976,-0.0242525542779765,9.0,4.0,0.2,cross_sectional_xgboost
2025-04-15,GOOGL,-0.009888476,0.5507540139900701,-0.0190645521144509,4.0,3.0,0.7,cross_sectional_xgboost
2025-04-15,JPM,-0.040948104,0.7374255557194511,-0.0150987997168046,5.0,2.0,0.6,cross_sectional_xgboost
2025-04-15,META,-0.13460018,-0.28570659113521707,-0.0368347790037817,8.0,7.0,0.3,cross_sectional_xgboost
2025-04-15,MSFT,0.04356646,-0.2749385812189777,-0.0366060175078001,2.0,6.0,0.9,cross_sectional_xgboost
2025-04-15,NVDA,-0.05839172,-1.7864086388474751,-0.0687165146381046,6.0,10.0,0.5,cross_sectional_xgboost
2025-04-15,TSLA,-0.27965903,-0.8784527870193788,-0.0494274035985426,10.0,9.0,0.1,cross_sectional_xgboost
2025-04-15,XOM,0.0029227226,1.9457858951454763,0.0105722686683622,3.0,1.0,0.8,cross_sectional_xgboost
2025-04-16,AAPL,0.011648051,1.0476511687638825,0.0139496696973127,3.0,2.0,0.8,cross_sectional_xgboost
2025-04-16,AMZN,-0.005726573,-0.3758683271635136,-0.0098663523354401,4.0,6.0,0.7,cross_sectional_xgboost
2025-04-16,AVGO,-0.10206202,-1.0253160226714275,-0.020731859038782,7.0,9.0,0.4,cross_sectional_xgboost
2025-04-16,GOOGL,-0.07249711,-0.6320559520503586,-0.014152468638223,6.0,8.0,0.5,cross_sectional_xgboost
2025-04-16,JPM,-0.10538238,0.8256043602917763,0.0102347422249433,8.0,3.0,0.3,cross_sectional_xgboost
2025-04-16,META,0.053555857,0.11509672515707009,-0.0016523204680641,2.0,5.0,0.9,cross_sectional_xgboost
2025-04-16,MSFT,-0.4765679,-0.40218053766672324,-0.0103065656144768,10.0,7.0,0.1,cross_sectional_xgboost
2025-04-16,NVDA,-0.11956264,-1.5022392592463798,-0.0287109659935491,9.0,10.0,0.2,cross_sectional_xgboost
2025-04-16,TSLA,0.08257281,0.16931547570698458,-0.0007452201709629,1.0,4.0,1.0,cross_sectional_xgboost
2025-04-16,XOM,-0.05134574,1.7799923688786892,0.0262020162280949,5.0,1.0,0.6,cross_sectional_xgboost
2025-04-17,AAPL,-0.102691546,0.6825479355349593,-0.0193929011372629,6.0,3.0,0.5,cross_sectional_xgboost
2025-04-17,AMZN,0.047497474,-0.13186075259914504,-0.0306470845688391,2.0,7.0,0.9,cross_sectional_xgboost
2025-04-17,AVGO,-0.014606245,0.06296430024014728,-0.0279548283175663,3.0,6.0,0.8,cross_sectional_xgboost
2025-04-17,GOOGL,-0.031371083,0.41513573766967987,-0.0230882275384484,5.0,4.0,0.6,cross_sectional_xgboost
2025-04-17,JPM,-0.13433915,1.1593560198093302,-0.0128039664656836,8.0,1.0,0.3,cross_sectional_xgboost
2025-04-17,META,-0.29580322,-0.3412636028566096,-0.03354078907154,9.0,8.0,0.2,cross_sectional_xgboost
2025-04-17,MSFT,-0.4953332,0.3819673292173664,-0.0235465764709862,10.0,5.0,0.1,cross_sectional_xgboost
2025-04-17,NVDA,0.13652392,-1.17973407095089,-0.0451274783927359,1.0,9.0,1.0,cross_sectional_xgboost
2025-04-17,TSLA,-0.13001421,-2.0724390652593008,-0.0574636259591979,7.0,10.0,0.4,cross_sectional_xgboost
2025-04-17,XOM,-0.02991817,1.0233261691944637,-0.0146837412191886,4.0,2.0,0.7,cross_sectional_xgboost
2025-04-21,AAPL,-0.07267953,0.605447804243846,0.034064968322258,4.0,3.0,0.7,cross_sectional_xgboost
2025-04-21,AMZN,0.01844935,0.7247349944221486,0.0350226218924765,2.0,2.0,0.9,cross_sectional_xgboost
2025-04-21,AVGO,-0.058006816,-1.1122003228558461,0.0202754586621056,3.0,10.0,0.8,cross_sectional_xgboost
2025-04-21,GOOGL,-0.11444782,-0.43238878267322933,0.0257330769324204,5.0,7.0,0.6,cross_sectional_xgboost
2025-04-21,JPM,-0.1546716,-0.04760160977284971,0.0288221999920845,9.0,5.0,0.2,cross_sectional_xgboost
2025-04-21,META,-0.12136076,0.37673782603761335,0.0322288539260147,6.0,4.0,0.5,cross_sectional_xgboost
2025-04-21,MSFT,-0.42970124,-0.9669812139065092,0.0214412971560915,10.0,8.0,0.1,cross_sectional_xgboost
2025-04-21,NVDA,0.264896,-1.0928019146062677,0.0204311916866575,1.0,9.0,1.0,cross_sectional_xgboost
2025-04-21,TSLA,-0.1527241,2.0948368426531045,0.046021983387706,8.0,1.0,0.3,cross_sectional_xgboost
2025-04-21,XOM,-0.15093823,-0.1497836235420056,0.028001869073468,7.0,6.0,0.4,cross_sectional_xgboost
2025-04-22,AAPL,-0.09661207,-0.33964610948035473,0.0243317960448841,6.0,7.0,0.5,cross_sectional_xgboost
2025-04-22,AMZN,-0.050009347,0.7180342257964792,0.0428456735278059,4.0,3.0,0.7,cross_sectional_xgboost
2025-04-22,AVGO,0.08389593,0.7396783636919606,0.0432245374471351,1.0,2.0,1.0,cross_sectional_xgboost
2025-04-22,GOOGL,-0.08364864,-0.2662905273690342,0.0256158288614174,5.0,6.0,0.6,cross_sectional_xgboost
2025-04-22,JPM,-0.11930865,-0.4469062201710415,0.0224542906380995,7.0,8.0,0.4,cross_sectional_xgboost
2025-04-22,META,-0.38057613,0.5530444874628268,0.0399576555704246,9.0,4.0,0.2,cross_sectional_xgboost
2025-04-22,MSFT,-0.45583984,-0.5507345571459447,0.0206368557800469,10.0,9.0,0.1,cross_sectional_xgboost
2025-04-22,NVDA,-0.032246336,0.47712939926107883,0.0386288205763387,3.0,5.0,0.8,cross_sectional_xgboost
2025-04-22,TSLA,-0.25168464,1.335974681772915,0.0536622440095613,8.0,1.0,0.3,cross_sectional_xgboost
2025-04-22,XOM,-0.00913202,-2.220283743818886,-0.008587313435205,2.0,10.0,0.9,cross_sectional_xgboost
2025-04-23,AAPL,-0.16439724,-0.7741341298455109,0.0184261711660433,8.0,8.0,0.3,cross_sectional_xgboost
2025-04-23,AMZN,-0.022154214,0.21096147461844766,0.0328902933658405,3.0,5.0,0.8,cross_sectional_xgboost
2025-04-23,AVGO,-0.06565501,2.2980542646148954,0.0635349993416134,4.0,1.0,0.7,cross_sectional_xgboost
2025-04-23,GOOGL,-0.08745394,-0.3061434733255895,0.0252976606068584,6.0,6.0,0.5,cross_sectional_xgboost
2025-04-23,JPM,-0.08370155,-0.9659734833061703,0.0156094010590495,5.0,9.0,0.6,cross_sectional_xgboost
2025-04-23,META,-0.19149092,-0.3430068712634875,0.0247563967030735,9.0,7.0,0.2,cross_sectional_xgboost
2025-04-23,MSFT,-0.49367818,0.3194041993506643,0.0344825538683724,10.0,4.0,0.1,cross_sectional_xgboost
2025-04-23,NVDA,-0.09946942,0.4376300607945163,0.0362184598041528,7.0,2.0,0.4,cross_sectional_xgboost
2025-04-23,TSLA,0.119114615,0.3530440075036846,0.0349764859229853,1.0,3.0,1.0,cross_sectional_xgboost
2025-04-23,XOM,0.038993184,-1.2298360491414477,0.0117351167978074,2.0,10.0,0.9,cross_sectional_xgboost
2025-04-24,AAPL,-0.1167131,-0.6289084968243545,0.0043671439466554,7.0,8.0,0.4,cross_sectional_xgboost
2025-04-24,AMZN,-0.07209844,-0.3341518259333803,0.0131339782095585,6.0,6.0,0.5,cross_sectional_xgboost
2025-04-24,AVGO,-0.15414041,-0.03236174711479245,0.0221100044185451,8.0,4.0,0.3,cross_sectional_xgboost
2025-04-24,GOOGL,0.054112088,-0.21003139971554222,0.0168256442946839,2.0,5.0,0.9,cross_sectional_xgboost
2025-04-24,JPM,-0.060877047,-0.9255419696326534,-0.0044555113136275,5.0,10.0,0.6,cross_sectional_xgboost
2025-04-24,META,-0.20149577,0.11470696230425388,0.0264842124622122,10.0,3.0,0.1,cross_sectional_xgboost
2025-04-24,MSFT,-0.1565261,-0.3807441103353328,0.011748201819673,9.0,7.0,0.2,cross_sectional_xgboost
2025-04-24,NVDA,0.01758837,0.6711095190935982,0.0430330796484343,4.0,2.0,0.7,cross_sectional_xgboost
2025-04-24,TSLA,0.01827454,2.5202350903725046,0.098030910115499,3.0,1.0,0.8,cross_sectional_xgboost
2025-04-24,XOM,0.13314109,-0.794312022214302,-0.0005523894746252,1.0,9.0,1.0,cross_sectional_xgboost
2025-04-25,AAPL,-0.009540755,0.871262868347278,0.0041093702694683,4.0,2.0,0.7,cross_sectional_xgboost
2025-04-25,AMZN,-0.025658758,-0.5584520781234484,-0.0068258029918336,6.0,8.0,0.5,cross_sectional_xgboost
2025-04-25,AVGO,-0.33305308,0.44277307372257313,0.0008320665268675,10.0,4.0,0.1,cross_sectional_xgboost
2025-04-25,GOOGL,0.09535852,-0.7558145713012515,-0.0083353298129033,2.0,9.0,0.9,cross_sectional_xgboost
2025-04-25,JPM,-0.01956588,0.1568327950906802,-0.0013549473928955,5.0,6.0,0.6,cross_sectional_xgboost
2025-04-25,META,-0.19469991,0.9240427603071438,0.0045130572174985,9.0,1.0,0.2,cross_sectional_xgboost
2025-04-25,MSFT,-0.10138104,0.10375525753880425,-0.0017609108829225,8.0,7.0,0.3,cross_sectional_xgboost
2025-04-25,NVDA,0.023069175,-2.351343475479314,-0.0205387309549781,3.0,10.0,0.8,cross_sectional_xgboost
2025-04-25,TSLA,0.17004605,0.760696646172987,0.0032637046356942,1.0,3.0,1.0,cross_sectional_xgboost
2025-04-25,XOM,-0.037049975,0.40624672372454823,0.0005526947774028,7.0,5.0,0.4,cross_sectional_xgboost
2025-04-28,AAPL,-0.06686968,0.1703213674383811,0.0050918550337659,5.0,5.0,0.6,cross_sectional_xgboost
2025-04-28,AMZN,-0.019294785,-0.6697579510104872,-0.0016515586767922,3.0,7.0,0.8,cross_sectional_xgboost
2025-04-28,AVGO,-0.3083364,-1.305440958695433,-0.0067542595949703,10.0,10.0,0.1,cross_sectional_xgboost
2025-04-28,GOOGL,0.14856106,-0.8130679319815082,-0.0028019244450201,1.0,9.0,1.0,cross_sectional_xgboost
2025-04-28,JPM,-0.08818775,0.25306056848066794,0.0057560121561426,7.0,4.0,0.4,cross_sectional_xgboost
2025-04-28,META,-0.22881132,0.6010912249611179,0.0085496944300238,9.0,2.0,0.2,cross_sectional_xgboost
2025-04-28,MSFT,-0.07827901,0.45322152264946175,0.0073627272519891,6.0,3.0,0.5,cross_sectional_xgboost
2025-04-28,NVDA,-0.0977222,-0.13175308982260195,0.0026670684785341,8.0,6.0,0.3,cross_sectional_xgboost
2025-04-28,TSLA,0.064495064,2.215968524834761,0.0215125010194587,2.0,1.0,0.9,cross_sectional_xgboost
2025-04-28,XOM,-0.059126947,-0.7736432768543596,-0.0024854581851325,4.0,8.0,0.7,cross_sectional_xgboost
2025-04-29,AAPL,-0.008231702,1.0179730099584965,0.0061076926689007,4.0,2.0,0.7,cross_sectional_xgboost
2025-04-29,AMZN,0.04315073,-0.5885041549917962,-0.0158493048208376,2.0,8.0,0.9,cross_sectional_xgboost
2025-04-29,AVGO,-0.1894548,1.0686393588815588,0.0068001898424614,10.0,1.0,0.1,cross_sectional_xgboost
2025-04-29,GOOGL,0.16724715,-0.05016664545870183,-0.0084914191294989,1.0,6.0,1.0,cross_sectional_xgboost
2025-04-29,JPM,-0.07268591,0.571105499602907,0.0,6.0,4.0,0.5,cross_sectional_xgboost
2025-04-29,META,-0.1876717,-0.14676879242900978,-0.0098117572860615,9.0,7.0,0.2,cross_sectional_xgboost
2025-04-29,MSFT,-0.11356082,0.7976267147573814,0.0030960450985764,7.0,3.0,0.4,cross_sectional_xgboost
2025-04-29,NVDA,-4.374393e-06,0.5039953982477825,-0.0009172469793781,3.0,5.0,0.8,cross_sectional_xgboost
2025-04-29,TSLA,-0.1604765,-1.9017063641608496,-0.033797880897321,8.0,10.0,0.3,cross_sectional_xgboost
2025-04-29,XOM,-0.025605427,-1.2721940244077687,-0.0251938364917814,5.0,9.0,0.6,cross_sectional_xgboost
2025-04-30,AAPL,-0.13599345,-0.773764138782864,0.0038588233186183,7.0,8.0,0.4,cross_sectional_xgboost
2025-04-30,AMZN,-0.009900171,0.3712403028270779,0.0313414967828049,3.0,3.0,0.8,cross_sectional_xgboost
2025-04-30,AVGO,-0.20270716,0.11747777174665106,0.0252506271532313,9.0,4.0,0.2,cross_sectional_xgboost
2025-04-30,GOOGL,0.1216594,-0.27863566392760375,0.0157430166918204,1.0,6.0,1.0,cross_sectional_xgboost
2025-04-30,JPM,-0.019017847,-0.5479107185671085,0.0092798117209269,5.0,7.0,0.6,cross_sectional_xgboost
2025-04-30,META,-0.06698984,0.826838349568817,0.0422768712621555,6.0,2.0,0.5,cross_sectional_xgboost
2025-04-30,MSFT,-0.21613896,2.24240287593607,0.0762535933008374,10.0,1.0,0.1,cross_sectional_xgboost
2025-04-30,NVDA,0.01770365,0.09441404670115722,0.0246970460479896,2.0,5.0,0.9,cross_sectional_xgboost
2025-04-30,TSLA,-0.012792947,-1.1766923450797069,-0.0058123569150553,4.0,10.0,0.7,cross_sectional_xgboost
2025-04-30,XOM,-0.15936029,-0.8753704804224898,0.0014200433386506,8.0,9.0,0.3,cross_sectional_xgboost
2025-05-01,AAPL,-0.10605721,-2.34655272608498,-0.0373617177283072,8.0,10.0,0.3,cross_sectional_xgboost
2025-05-01,AMZN,0.10424924,-0.7349384266396004,-0.0011566836184704,2.0,9.0,0.9,cross_sectional_xgboost
2025-05-01,AVGO,-0.10097016,0.7399570717146785,0.0319769525404654,7.0,2.0,0.4,cross_sectional_xgboost
2025-05-01,GOOGL,0.033680853,0.06994421875158754,0.0169250643784493,3.0,7.0,0.8,cross_sectional_xgboost
2025-05-01,JPM,-0.094127364,0.32981697247405484,0.0227631249590591,5.0,6.0,0.6,cross_sectional_xgboost
2025-05-01,META,-0.13302788,1.246578770647289,0.0433582463754425,9.0,1.0,0.2,cross_sectional_xgboost
2025-05-01,MSFT,-0.14972843,0.3503874515545071,0.0232252422888816,10.0,5.0,0.1,cross_sectional_xgboost
2025-05-01,NVDA,0.0040681898,0.4691741499344657,0.0258937942297035,4.0,3.0,0.7,cross_sectional_xgboost
2025-05-01,TSLA,0.23421828,0.3781342687707814,0.0238485765842526,1.0,4.0,1.0,cross_sectional_xgboost
2025-05-01,XOM,-0.095249765,-0.5025017511227833,0.0040650234415622,6.0,8.0,0.5,cross_sectional_xgboost
2025-05-02,AAPL,-0.29135254,-1.4783295806144423,-0.0314585989299278,10.0,10.0,0.1,cross_sectional_xgboost
2025-05-02,AMZN,0.0015377146,-0.5606418527655117,-0.0191072202634924,2.0,7.0,0.9,cross_sectional_xgboost
2025-05-02,AVGO,0.09166285,-0.20637241956112926,-0.0143390232105499,1.0,6.0,1.0,cross_sectional_xgboost
2025-05-02,GOOGL,-0.029327374,0.940518225818316,0.0010972523548633,4.0,3.0,0.7,cross_sectional_xgboost
2025-05-02,JPM,-0.08519543,0.8737066818968524,0.0001980198019801,7.0,4.0,0.4,cross_sectional_xgboost
2025-05-02,META,-0.1813112,1.1390090040396437,0.0037687872236511,8.0,1.0,0.3,cross_sectional_xgboost
2025-05-02,MSFT,-0.2868477,1.0109137086104738,0.0020447219983885,9.0,2.0,0.2,cross_sectional_xgboost
2025-05-02,NVDA,-0.0703343,0.41774471973500343,-0.0059388813259807,6.0,5.0,0.5,cross_sectional_xgboost
2025-05-02,TSLA,-0.04640288,-0.9388978895437081,-0.0241982587522208,5.0,8.0,0.6,cross_sectional_xgboost
2025-05-02,XOM,-0.0106676975,-1.197650597615498,-0.027680873351254,3.0,9.0,0.8,cross_sectional_xgboost
2025-05-05,AAPL,-0.060566023,0.47079926880465844,-0.0019105700972583,4.0,2.0,0.7,cross_sectional_xgboost
2025-05-05,AMZN,-0.16801357,-0.08460866203354368,-0.0071908320514637,9.0,7.0,0.2,cross_sectional_xgboost
2025-05-05,AVGO,0.013334568,0.34161040041829116,-0.0031387683795873,1.0,4.0,1.0,cross_sectional_xgboost
2025-05-05,GOOGL,-0.0038600613,0.044009861896776886,-0.0059680560326006,2.0,5.0,0.9,cross_sectional_xgboost
2025-05-05,JPM,-0.0058294954,-0.7067807428117988,-0.0131058206295783,3.0,8.0,0.8,cross_sectional_xgboost
2025-05-05,META,-0.13797548,-1.427508975413374,-0.0199577823222831,7.0,10.0,0.4,cross_sectional_xgboost
2025-05-05,MSFT,-0.15103142,-0.01796076441916003,-0.0065572106381542,8.0,6.0,0.3,cross_sectional_xgboost
2025-05-05,NVDA,-0.082230374,0.4130104454473772,-0.0024599683114524,5.0,3.0,0.6,cross_sectional_xgboost
2025-05-05,TSLA,-0.17262504,-1.1710322517363494,-0.0175194586848672,10.0,9.0,0.1,cross_sectional_xgboost
2025-05-05,XOM,-0.110649295,2.138461419847122,0.0139438902366599,6.0,1.0,0.5,cross_sectional_xgboost
2025-05-06,AAPL,-0.09473247,-0.42549216428236897,-0.0113847456241563,7.0,9.0,0.4,cross_sectional_xgboost
2025-05-06,AMZN,-0.045598015,0.6558458945908633,0.0199989855515319,5.0,3.0,0.6,cross_sectional_xgboost
2025-05-06,AVGO,-0.04310028,0.7795548746137322,0.0235893977646208,4.0,2.0,0.7,cross_sectional_xgboost
2025-05-06,GOOGL,-0.0122566335,-2.534577466480797,-0.0725968389261921,2.0,10.0,0.9,cross_sectional_xgboost
2025-05-06,JPM,-0.08187471,-0.013870552342264818,0.0005617699999147,6.0,6.0,0.5,cross_sectional_xgboost
2025-05-06,META,-0.03848376,0.5241070649380476,0.0161755225916395,3.0,4.0,0.8,cross_sectional_xgboost
2025-05-06,MSFT,-0.0011950284,-0.030044679720955352,9.234745301656132e-05,1.0,7.0,1.0,cross_sectional_xgboost
2025-05-06,NVDA,-0.10717152,1.0349668604643572,0.0310022332208492,8.0,1.0,0.3,cross_sectional_xgboost
2025-05-06,TSLA,-0.15801556,0.0756385452531362,0.0031595972322602,10.0,5.0,0.1,cross_sectional_xgboost
2025-05-06,XOM,-0.11763473,-0.06612837703374988,-0.0009549115859094,9.0,8.0,0.2,cross_sectional_xgboost
2025-05-07,AAPL,0.013055488,-0.8274702483574159,0.0063184825628406,3.0,8.0,0.8,cross_sectional_xgboost
2025-05-07,AMZN,-0.045179747,0.5018023050596084,0.0178580626214341,4.0,3.0,0.7,cross_sectional_xgboost
2025-05-07,AVGO,-0.098035306,0.10949496960281706,0.014452393939387,5.0,5.0,0.6,cross_sectional_xgboost
2025-05-07,GOOGL,-0.35008588,0.6514282625350505,0.0191569841335748,10.0,2.0,0.1,cross_sectional_xgboost
2025-05-07,JPM,0.03802759,0.32921526883570934,0.0163598131341777,2.0,4.0,0.9,cross_sectional_xgboost
2025-05-07,META,-0.20986964,-1.323689589448493,0.0020107408597389,8.0,10.0,0.3,cross_sectional_xgboost
2025-05-07,MSFT,-0.3457283,-0.27406792292047705,0.0111226368520234,9.0,7.0,0.2,cross_sectional_xgboost
2025-05-07,NVDA,0.09467593,-1.250250696860742,0.0026482730033556,1.0,9.0,1.0,cross_sectional_xgboost
2025-05-07,TSLA,-0.108951494,2.0311620940422648,0.0311346248117785,7.0,1.0,0.4,cross_sectional_xgboost
2025-05-07,XOM,-0.10740141,0.05237555751167584,0.0139565332319413,6.0,6.0,0.5,cross_sectional_xgboost
2025-05-08,AAPL,0.112076364,0.04185395939773883,0.0052660285034091,1.0,3.0,1.0,cross_sectional_xgboost
2025-05-08,AMZN,0.034029882,0.03188708585253211,0.0051020185245571,3.0,4.0,0.8,cross_sectional_xgboost
2025-05-08,AVGO,-0.06668093,-0.15239662464450293,0.0020695362396863,8.0,5.0,0.3,cross_sectional_xgboost
2025-05-08,GOOGL,0.0073095523,-0.8808087242871576,-0.0099168557332897,5.0,10.0,0.6,cross_sectional_xgboost
2025-05-08,JPM,-0.110766694,-0.3716653920759097,-0.0015386429697935,10.0,7.0,0.1,cross_sectional_xgboost
2025-05-08,META,0.06112262,-0.8391125612549973,-0.0092307241408604,2.0,9.0,0.9,cross_sectional_xgboost
2025-05-08,MSFT,-0.09217829,-0.20049204526222275,0.0012781016054841,9.0,6.0,0.2,cross_sectional_xgboost
2025-05-08,NVDA,0.007568968,-0.6509542162606106,-0.0061344827725531,4.0,8.0,0.7,cross_sectional_xgboost
2025-05-08,TSLA,-0.029576963,2.5894309415346624,0.0471877048514612,6.0,1.0,0.5,cross_sectional_xgboost
2025-05-08,XOM,-0.061933894,0.4322575770004678,0.0116903188063157,7.0,2.0,0.4,cross_sectional_xgboost
2025-05-09,AAPL,0.057483375,0.49811727444674203,0.0631461248670286,4.0,5.0,0.7,cross_sectional_xgboost
2025-05-09,AMZN,-0.0049702884,1.2514764883704128,0.0807003109296433,6.0,1.0,0.5,cross_sectional_xgboost
2025-05-09,AVGO,-0.022922825,0.5461460086553105,0.0642652527957334,7.0,4.0,0.4,cross_sectional_xgboost
2025-05-09,GOOGL,0.094168626,-0.6076075423667029,0.0373813916432834,2.0,7.0,0.9,cross_sectional_xgboost
2025-05-09,JPM,-0.08865097,-1.029933680761731,0.0275406789056238,9.0,8.0,0.2,cross_sectional_xgboost
2025-05-09,META,0.05393188,1.188163765003859,0.0792250474622744,5.0,2.0,0.6,cross_sectional_xgboost
2025-05-09,MSFT,0.063798204,-1.1818407673489089,0.0240010590099664,3.0,9.0,0.8,cross_sectional_xgboost
2025-05-09,NVDA,-0.08473957,0.12432527366015501,0.0544363165720582,8.0,6.0,0.3,cross_sectional_xgboost
2025-05-09,TSLA,0.14678085,0.6831625141053924,0.0674579040381508,1.0,3.0,1.0,cross_sectional_xgboost
2025-05-09,XOM,-0.14105259,-1.4720093337645301,0.0172397784545021,10.0,10.0,0.1,cross_sectional_xgboost
2025-05-12,AAPL,0.19418311,-0.5759476814381927,0.0101523965100962,1.0,7.0,1.0,cross_sectional_xgboost
2025-05-12,AMZN,-0.09339147,-0.4384554705928267,0.013084718824412,9.0,5.0,0.2,cross_sectional_xgboost
2025-05-12,AVGO,-0.037466012,1.241869411124832,0.0489213245176778,8.0,3.0,0.3,cross_sectional_xgboost
2025-05-12,GOOGL,0.012097689,-0.7353715402044175,0.006752333803851,5.0,8.0,0.6,cross_sectional_xgboost
2025-05-12,JPM,0.0072904564,-0.5182691545596485,0.0113825173320898,6.0,6.0,0.5,cross_sectional_xgboost
2025-05-12,META,0.0024008458,0.16527855492068286,0.0259606682621298,7.0,4.0,0.4,cross_sectional_xgboost
2025-05-12,MSFT,-0.17074233,-1.0645008519442458,-0.0002670691076022,10.0,10.0,0.1,cross_sectional_xgboost
2025-05-12,NVDA,0.11801667,1.5897887054239759,0.0563414649313176,3.0,1.0,0.8,cross_sectional_xgboost
2025-05-12,TSLA,0.072860114,1.2587218953223447,0.0492807406268536,4.0,2.0,0.7,cross_sectional_xgboost
2025-05-12,XOM,0.12073582,-0.923113868052504,0.0027483177661011,2.0,9.0,0.9,cross_sectional_xgboost
2025-05-13,AAPL,0.076649666,-0.7717160987610945,-0.0028178656991367,3.0,8.0,0.8,cross_sectional_xgboost
2025-05-13,AMZN,-0.122760795,-0.8973913517223052,-0.0052987422200893,9.0,9.0,0.2,cross_sectional_xgboost
2025-05-13,AVGO,-0.22385488,-0.694353706110785,-0.0012907031193239,10.0,7.0,0.1,cross_sectional_xgboost
2025-05-13,GOOGL,-0.009847967,1.2254840607474724,0.03660761279898,6.0,3.0,0.5,cross_sectional_xgboost
2025-05-13,JPM,-0.0050609466,-0.12240502825905195,0.0099997778038392,5.0,4.0,0.6,cross_sectional_xgboost
2025-05-13,META,-0.046494253,-0.37184040542986324,0.0050758301201292,8.0,6.0,0.3,cross_sectional_xgboost
2025-05-13,MSFT,0.17350242,-0.20038106073650744,0.0084605017442154,1.0,5.0,1.0,cross_sectional_xgboost
2025-05-13,NVDA,-0.032319214,1.4802964102356,0.0416377039282891,7.0,1.0,0.4,cross_sectional_xgboost
2025-05-13,TSLA,0.15480219,1.434816826981751,0.0407399199364637,2.0,2.0,0.9,cross_sectional_xgboost
2025-05-13,XOM,0.03698543,-1.0825096469452165,-0.0089530466387885,4.0,10.0,0.7,cross_sectional_xgboost
2025-05-14,AAPL,0.107360624,0.12600727003561701,-0.0041444714481055,2.0,6.0,0.9,cross_sectional_xgboost
2025-05-14,AMZN,-0.035919745,-1.554361904800534,-0.0241617209562648,8.0,10.0,0.3,cross_sectional_xgboost
2025-05-14,AVGO,-0.026927888,0.6619803446430111,0.0022402605052866,7.0,4.0,0.4,cross_sectional_xgboost
2025-05-14,GOOGL,0.012767878,-0.24182999277149717,-0.0085263003808615,4.0,7.0,0.7,cross_sectional_xgboost
2025-05-14,JPM,-0.05647216,1.0585195545008392,0.0069639988494314,9.0,2.0,0.2,cross_sectional_xgboost
2025-05-14,META,0.0063666836,-1.4968974305653733,-0.0234771804779901,6.0,9.0,0.5,cross_sectional_xgboost
2025-05-14,MSFT,0.11992114,0.6633193290805173,0.0022562110392374,1.0,3.0,1.0,cross_sectional_xgboost
2025-05-14,NVDA,0.07534566,0.1575985674864742,-0.0037681429050507,3.0,5.0,0.8,cross_sectional_xgboost
2025-05-14,TSLA,-0.07939243,-0.6995063063809623,-0.0139783290782985,10.0,8.0,0.1,cross_sectional_xgboost
2025-05-14,XOM,0.012003977,1.325170568771908,0.0101404555258568,5.0,1.0,0.6,cross_sectional_xgboost
2025-05-15,AAPL,0.15817983,-0.24318719538238565,-0.0008984888188136,2.0,7.0,0.9,cross_sectional_xgboost
2025-05-15,AMZN,-0.08074015,0.04093188122875459,0.0020470740005538,9.0,5.0,0.2,cross_sectional_xgboost
2025-05-15,AVGO,0.080343,-1.8274414010287,-0.017323011734482,4.0,10.0,0.7,cross_sectional_xgboost
2025-05-15,GOOGL,0.04567584,1.1553562171331386,0.0136007047105779,5.0,2.0,0.6,cross_sectional_xgboost
2025-05-15,JPM,0.024506921,-0.13126778371155948,0.000261819252419,6.0,6.0,0.5,cross_sectional_xgboost
2025-05-15,META,-0.16763574,-0.6868378250764813,-0.0054979715962563,10.0,9.0,0.1,cross_sectional_xgboost
2025-05-15,MSFT,0.014865175,0.08614120513516214,0.0025157750296287,7.0,4.0,0.4,cross_sectional_xgboost
2025-05-15,NVDA,0.3160652,0.2512468269814592,0.0042274833273598,1.0,3.0,1.0,cross_sectional_xgboost
2025-05-15,TSLA,0.13295542,1.8580332959760255,0.0208856061756566,3.0,1.0,0.8,cross_sectional_xgboost
2025-05-15,XOM,-0.01674872,-0.5029752212554139,-0.0035918030413421,8.0,8.0,0.3,cross_sectional_xgboost
2025-05-16,AAPL,0.1197073,-0.7555568099395085,-0.0117391221989148,4.0,8.0,0.7,cross_sectional_xgboost
2025-05-16,AMZN,0.15825723,0.5745867034221412,0.0027725440652368,3.0,3.0,0.8,cross_sectional_xgboost
2025-05-16,AVGO,-0.013112317,1.1303644533400243,0.0088359959731187,7.0,2.0,0.4,cross_sectional_xgboost
2025-05-16,GOOGL,0.06343342,0.5134930560055683,0.0021060215334474,5.0,4.0,0.6,cross_sectional_xgboost
2025-05-16,JPM,0.04431339,-0.5976599479876163,-0.0100164911130316,6.0,7.0,0.5,cross_sectional_xgboost
2025-05-16,META,-0.08273326,0.3333320221758023,0.0001404916710834,9.0,6.0,0.2,cross_sectional_xgboost
2025-05-16,MSFT,0.1953776,1.2486168141320346,0.0101261114963864,2.0,1.0,0.9,cross_sectional_xgboost
2025-05-16,NVDA,0.29536074,0.43552627257681886,0.0012554156180391,1.0,5.0,1.0,cross_sectional_xgboost
2025-05-16,TSLA,-0.21538877,-1.7459521212701352,-0.0225441865271148,10.0,10.0,0.1,cross_sectional_xgboost
2025-05-16,XOM,-0.06969088,-1.1367504424551296,-0.0158978875663495,8.0,9.0,0.3,cross_sectional_xgboost
2025-05-19,AAPL,0.062406816,-0.5274724380382744,-0.0091963637552008,5.0,7.0,0.6,cross_sectional_xgboost
2025-05-19,AMZN,0.016500456,-0.6512716278888931,-0.0101377391383638,6.0,8.0,0.5,cross_sectional_xgboost
2025-05-19,AVGO,0.08512104,1.2806584825226066,0.0045527564143716,4.0,2.0,0.7,cross_sectional_xgboost
2025-05-19,GOOGL,0.0026924452,-1.3395660171684005,-0.01537156494303,8.0,10.0,0.3,cross_sectional_xgboost
2025-05-19,JPM,-0.021905998,1.0791341820086944,0.0030203553070473,9.0,3.0,0.2,cross_sectional_xgboost
2025-05-19,META,0.12667572,-0.001870868010706138,-0.0051996624845963,2.0,5.0,0.9,cross_sectional_xgboost
2025-05-19,MSFT,0.0096717365,0.4813341175636023,-0.0015253470145988,7.0,4.0,0.4,cross_sectional_xgboost
2025-05-19,NVDA,0.363574,-0.472397052424149,-0.0087775677008978,1.0,6.0,1.0,cross_sectional_xgboost
2025-05-19,TSLA,0.09462608,1.3469947607355275,0.0050571808730102,3.0,1.0,0.8,cross_sectional_xgboost
2025-05-19,XOM,-0.08398954,-1.1955435393000085,-0.0142764106415274,10.0,9.0,0.1,cross_sectional_xgboost
2025-05-20,AAPL,0.05390975,-0.7973443017472458,-0.0230590657721821,4.0,9.0,0.7,cross_sectional_xgboost
2025-05-20,AMZN,-0.023889182,-0.23572553097099128,-0.0144558832809976,6.0,6.0,0.5,cross_sectional_xgboost
2025-05-20,AVGO,0.1320855,0.15851232311980779,-0.0084167329175078,1.0,3.0,1.0,cross_sectional_xgboost
2025-05-20,GOOGL,-0.06843666,2.531254355621848,0.0279302230111635,8.0,1.0,0.3,cross_sectional_xgboost
2025-05-20,JPM,-0.104384966,-0.43213968664500657,-0.0174646623906771,9.0,7.0,0.2,cross_sectional_xgboost
2025-05-20,META,0.050970364,0.5440137963370327,-0.0025114111987835,5.0,2.0,0.6,cross_sectional_xgboost
2025-05-20,MSFT,0.07989798,-0.08993350443920978,-0.0122225615416282,3.0,4.0,0.8,cross_sectional_xgboost
2025-05-20,NVDA,0.124117784,-0.5453798786784624,-0.0191993373839186,2.0,8.0,0.9,cross_sectional_xgboost
2025-05-20,TSLA,-0.34560946,-1.0388265412132858,-0.0267582223577691,10.0,10.0,0.1,cross_sectional_xgboost
2025-05-20,XOM,-0.045077708,-0.0944310313844864,-0.0122914571111544,7.0,5.0,0.4,cross_sectional_xgboost
2025-05-21,AAPL,0.04904518,-1.0680759076839232,-0.0036121633626486,2.0,9.0,0.9,cross_sectional_xgboost
2025-05-21,AMZN,-0.12627155,0.6186843987268856,0.0098449235998359,9.0,3.0,0.2,cross_sectional_xgboost
2025-05-21,AVGO,0.1682617,-0.1788174032181328,0.0034824006849183,1.0,6.0,1.0,cross_sectional_xgboost
2025-05-21,GOOGL,-0.09252325,1.10242210829519,0.0137042155217246,6.0,2.0,0.5,cross_sectional_xgboost
2025-05-21,JPM,-0.12336283,-0.7929692097980368,-0.0014173436580695,8.0,8.0,0.3,cross_sectional_xgboost
2025-05-21,META,-0.05723725,-0.4042614115923558,0.001683793251288,5.0,7.0,0.6,cross_sectional_xgboost
2025-05-21,MSFT,-0.12948428,0.018913082522629375,0.0050599077744761,10.0,5.0,0.1,cross_sectional_xgboost
2025-05-21,NVDA,-0.0016159755,0.3642262517279333,0.00781483942044,3.0,4.0,0.8,cross_sectional_xgboost
2025-05-21,TSLA,-0.010524176,1.7895267738437453,0.0191859826711371,4.0,1.0,0.7,cross_sectional_xgboost
2025-05-21,XOM,-0.1070954,-1.449648682823935,-0.0066563765789899,7.0,10.0,0.4,cross_sectional_xgboost
2025-05-22,AAPL,0.086719446,-2.259614915405928,-0.0302442187560558,1.0,10.0,1.0,cross_sectional_xgboost
2025-05-22,AMZN,-0.039570477,-0.0032768047829918774,-0.0103889736432409,8.0,6.0,0.3,cross_sectional_xgboost
2025-05-22,AVGO,0.035745334,0.2850668126034615,-0.0078516175737008,4.0,4.0,0.7,cross_sectional_xgboost
2025-05-22,GOOGL,-0.008028288,-0.41882534912581315,-0.0140457031756434,5.0,8.0,0.6,cross_sectional_xgboost
2025-05-22,JPM,-0.026008222,1.1947450232215775,0.0001533368968076,6.0,2.0,0.5,cross_sectional_xgboost
2025-05-22,META,0.044741638,-0.5203844906260028,-0.0149393997534921,2.0,9.0,0.9,cross_sectional_xgboost
2025-05-22,MSFT,-0.043210678,0.008098914537562719,-0.010288869986621,9.0,5.0,0.2,cross_sectional_xgboost
2025-05-22,NVDA,0.04381485,-0.14019463248022115,-0.0115938183499999,3.0,7.0,0.8,cross_sectional_xgboost
2025-05-22,TSLA,-0.031571686,0.6108515791755772,-0.0049847881903489,7.0,3.0,0.4,cross_sectional_xgboost
2025-05-22,XOM,-0.11851629,1.243533862882778,0.0005826672199902,10.0,1.0,0.1,cross_sectional_xgboost
2025-05-23,AAPL,0.021893539,-0.1543444752145472,0.0252983275940694,4.0,5.0,0.7,cross_sectional_xgboost
2025-05-23,AMZN,-0.12643763,-0.17088113885460723,0.0250261139450931,9.0,6.0,0.2,cross_sectional_xgboost
2025-05-23,AVGO,0.078542605,0.14945117186186388,0.0302991744053604,1.0,3.0,1.0,cross_sectional_xgboost
2025-05-23,GOOGL,-0.07049611,-0.09376746988167695,0.0262954989718418,8.0,4.0,0.3,cross_sectional_xgboost
2025-05-23,JPM,-0.03678291,-0.6239864037324268,0.0175674487507446,6.0,9.0,0.5,cross_sectional_xgboost
2025-05-23,META,-0.045043085,-0.2128204475671331,0.0243357417812351,7.0,7.0,0.4,cross_sectional_xgboost
2025-05-23,MSFT,0.07690679,-0.272931446610968,0.0233462414352467,2.0,8.0,0.9,cross_sectional_xgboost
2025-05-23,NVDA,0.017076086,0.2568129264752162,0.032066479807461,5.0,2.0,0.6,cross_sectional_xgboost
2025-05-23,TSLA,0.061129842,2.5247492386170376,0.0693994771164476,3.0,1.0,0.8,cross_sectional_xgboost
2025-05-23,XOM,-0.14200485,-1.402281955092759,0.0047557548910122,10.0,10.0,0.1,cross_sectional_xgboost
2025-05-27,AAPL,0.0049075917,0.5536267839291714,0.001048717419515,3.0,3.0,0.8,cross_sectional_xgboost
2025-05-27,AMZN,-0.046554413,-0.2595202746576216,-0.006310081665849,4.0,6.0,0.7,cross_sectional_xgboost
2025-05-27,AVGO,-0.086688004,2.2102395338545215,0.0160406924383262,7.0,1.0,0.4,cross_sectional_xgboost
2025-05-27,GOOGL,0.028894434,0.09262557063397742,-0.0031232404950155,2.0,4.0,0.9,cross_sectional_xgboost
2025-05-27,JPM,-0.06283061,-0.31201845519424315,-0.0067851784627157,5.0,7.0,0.6,cross_sectional_xgboost
2025-05-27,META,-0.1219716,0.6545090185798164,0.0019616790889169,8.0,2.0,0.3,cross_sectional_xgboost
2025-05-27,MSFT,-0.21731299,-0.3609867771831895,-0.0072283308288945,10.0,8.0,0.1,cross_sectional_xgboost
2025-05-27,NVDA,0.068006895,-0.12494896682534089,-0.0050922414160011,1.0,5.0,1.0,cross_sectional_xgboost
2025-05-27,TSLA,-0.19317096,-1.386217080369338,-0.0165064358625468,9.0,10.0,0.2,cross_sectional_xgboost
2025-05-27,XOM,-0.07394898,-1.0673093527677533,-0.01362039222578,6.0,9.0,0.5,cross_sectional_xgboost
2025-05-28,AAPL,0.07855978,-0.8424996825895184,-0.0023450166464586,1.0,9.0,1.0,cross_sectional_xgboost
2025-05-28,AMZN,0.009277815,-0.13197556907987534,0.0047870052837806,5.0,4.0,0.6,cross_sectional_xgboost
2025-05-28,AVGO,-0.23133983,0.44799339230765084,0.0106085548594063,9.0,2.0,0.2,cross_sectional_xgboost
2025-05-28,GOOGL,0.074383594,-0.8978770155325254,-0.0029008772365191,2.0,10.0,0.9,cross_sectional_xgboost
2025-05-28,JPM,-0.0282417,-0.2761291101295048,0.0033400364947704,7.0,6.0,0.4,cross_sectional_xgboost
2025-05-28,META,-0.016567804,-0.3813202059974252,0.002284160714721,6.0,8.0,0.5,cross_sectional_xgboost
2025-05-28,MSFT,0.039392654,-0.3213384993569877,0.0028862385879964,4.0,7.0,0.7,cross_sectional_xgboost
2025-05-28,NVDA,0.04117515,2.6279432179637094,0.0324902189265177,3.0,1.0,0.8,cross_sectional_xgboost
2025-05-28,TSLA,-0.41118604,-0.18179713643904244,0.0042869117552875,10.0,5.0,0.1,cross_sectional_xgboost
2025-05-28,XOM,-0.080783844,-0.04299939114648088,0.005680120718182,8.0,3.0,0.3,cross_sectional_xgboost
2025-05-29,AAPL,0.12576175,0.7626013190120445,0.0045010710920478,1.0,1.0,1.0,cross_sectional_xgboost
2025-05-29,AMZN,0.026178401,0.18914987696646904,-0.0033544115296211,2.0,7.0,0.9,cross_sectional_xgboost
2025-05-29,AVGO,-0.20974113,0.4641931395987699,0.0004132964424925,9.0,4.0,0.2,cross_sectional_xgboost
2025-05-29,GOOGL,0.020687956,0.3830469298799163,-0.000698293124685,3.0,5.0,0.8,cross_sectional_xgboost
2025-05-29,JPM,-0.024043705,0.33185076922385365,-0.0013996089133336,6.0,6.0,0.5,cross_sectional_xgboost
2025-05-29,META,0.015837066,0.7101446449082095,0.00378248803235,4.0,2.0,0.7,cross_sectional_xgboost
2025-05-29,MSFT,0.010157802,0.7013921190604995,0.0036625906711242,5.0,3.0,0.6,cross_sectional_xgboost
2025-05-29,NVDA,-0.09888803,-1.6952950432134013,-0.0291686710058205,8.0,9.0,0.3,cross_sectional_xgboost
2025-05-29,TSLA,-0.41122943,-2.0038648833963078,-0.0333956461939574,10.0,10.0,0.1,cross_sectional_xgboost
2025-05-29,XOM,-0.09496707,0.1567811279599467,-0.0037978181141418,7.0,8.0,0.4,cross_sectional_xgboost
2025-05-30,AAPL,0.04765284,-0.23376888534874762,0.0042319632196232,4.0,6.0,0.7,cross_sectional_xgboost
2025-05-30,AMZN,0.020478165,0.005468986202732444,0.0079996070122998,6.0,4.0,0.5,cross_sectional_xgboost
2025-05-30,AVGO,-0.07350966,1.2392638403800023,0.0274300571063061,9.0,2.0,0.2,cross_sectional_xgboost
2025-05-30,GOOGL,0.024691993,-1.5044642682158809,-0.0157796158025216,5.0,10.0,0.6,cross_sectional_xgboost
2025-05-30,JPM,0.0992663,-0.3437463380667975,0.0024999804679777,3.0,8.0,0.8,cross_sectional_xgboost
2025-05-30,META,-0.012215468,1.7932892072930247,0.036155139891479,7.0,1.0,0.4,cross_sectional_xgboost
2025-05-30,MSFT,-0.04551463,-0.2804169710730096,0.0034973246380329,8.0,7.0,0.3,cross_sectional_xgboost
2025-05-30,NVDA,-0.0961489,0.5547841191358259,0.0166505105561116,10.0,3.0,0.1,cross_sectional_xgboost
2025-05-30,TSLA,0.29486206,-1.1934408577734477,-0.0108814555984906,1.0,9.0,1.0,cross_sectional_xgboost
2025-05-30,XOM,0.14081195,-0.03696883253370231,0.0073312739289959,2.0,5.0,0.9,cross_sectional_xgboost
2025-06-02,AAPL,0.05663538,0.11202471050897617,0.0077839421283005,3.0,3.0,0.8,cross_sectional_xgboost
2025-06-02,AMZN,0.030201612,-0.7160159456355377,-0.0045486920415205,4.0,8.0,0.7,cross_sectional_xgboost
2025-06-02,AVGO,-0.15572914,1.7868912813067575,0.0327289934946029,10.0,1.0,0.1,cross_sectional_xgboost
2025-06-02,GOOGL,-0.10491435,-1.5426823710515403,-0.0168608587563755,8.0,10.0,0.3,cross_sectional_xgboost
2025-06-02,JPM,-0.060945448,-0.002161474535367977,0.0060832811318269,6.0,5.0,0.5,cross_sectional_xgboost
2025-06-02,META,-0.15342751,-0.8159244710139211,-0.0060367050814537,9.0,9.0,0.2,cross_sectional_xgboost
2025-06-02,MSFT,0.027065426,-0.26526877435219365,0.0021646256262402,5.0,7.0,0.6,cross_sectional_xgboost
2025-06-02,NVDA,0.109636925,1.466122124134894,0.0279515364470446,2.0,2.0,0.9,cross_sectional_xgboost
2025-06-02,TSLA,0.12701741,-0.10104449062414884,0.0046105417753929,1.0,6.0,1.0,cross_sectional_xgboost
2025-06-02,XOM,-0.09969928,0.07805941126208214,0.0072780713030311,7.0,4.0,0.4,cross_sectional_xgboost
2025-06-03,AAPL,0.10125877,-0.19694536262602158,-0.0022138530781494,2.0,7.0,0.9,cross_sectional_xgboost
2025-06-03,AMZN,0.068170555,0.32938680186680935,0.0073889891792482,3.0,4.0,0.8,cross_sectional_xgboost
2025-06-03,AVGO,-0.18944725,0.8270437032527919,0.0164686560601803,10.0,2.0,0.1,cross_sectional_xgboost
2025-06-03,GOOGL,-0.035993326,0.5411679443540164,0.0112529006815136,8.0,3.0,0.3,cross_sectional_xgboost
2025-06-03,JPM,0.0028424705,-0.4975812540561311,-0.0076989046046836,7.0,8.0,0.4,cross_sectional_xgboost
2025-06-03,META,0.044708695,1.6586611499734674,0.0316413772011228,5.0,1.0,0.6,cross_sectional_xgboost
2025-06-03,MSFT,0.049455248,0.030943175283502423,0.0019439351579597,4.0,6.0,0.7,cross_sectional_xgboost
2025-06-03,NVDA,0.010968421,0.1960858672321087,0.0049569359352779,6.0,5.0,0.5,cross_sectional_xgboost
2025-06-03,TSLA,0.15920627,-2.021108307908134,-0.0354954007339217,1.0,10.0,1.0,cross_sectional_xgboost
2025-06-03,XOM,-0.048441876,-0.8676537173724094,-0.0144508147647954,9.0,9.0,0.2,cross_sectional_xgboost
2025-06-04,AAPL,0.060127668,0.1555073506729877,-0.0107977129559024,4.0,8.0,0.7,cross_sectional_xgboost
2025-06-04,AMZN,0.013970363,0.47279777697903946,0.0032814165352026,5.0,2.0,0.6,cross_sectional_xgboost
2025-06-04,AVGO,-0.06856677,0.2995779457529782,-0.0044048678026257,8.0,4.0,0.3,cross_sectional_xgboost
2025-06-04,GOOGL,-0.042378403,0.4203004703365108,0.0009519533151511,7.0,3.0,0.4,cross_sectional_xgboost
2025-06-04,JPM,0.001134166,0.20522734580604896,-0.0085914873917555,6.0,7.0,0.5,cross_sectional_xgboost
2025-06-04,META,-0.11835517,0.2897565090422135,-0.0048406744572714,9.0,6.0,0.2,cross_sectional_xgboost
2025-06-04,MSFT,0.12529999,0.5839484407527256,0.00821350543089,3.0,1.0,0.8,cross_sectional_xgboost
2025-06-04,NVDA,0.12717678,0.09237288813044955,-0.0135991787417951,2.0,9.0,0.9,cross_sectional_xgboost
2025-06-04,TSLA,0.40761575,-2.8147946750084327,-0.1425989378908212,1.0,10.0,1.0,cross_sectional_xgboost
2025-06-04,XOM,-0.17543462,0.2953059475354786,-0.0045944291984427,10.0,5.0,0.1,cross_sectional_xgboost
2025-06-05,AAPL,0.007876838,0.10495018165171882,0.016398316088211,4.0,6.0,0.7,cross_sectional_xgboost
2025-06-05,AMZN,-0.02439476,0.5497311732223676,0.0272233349161394,7.0,3.0,0.4,cross_sectional_xgboost
2025-06-05,AVGO,0.2474066,-2.6237934573971002,-0.0500134727002076,1.0,10.0,1.0,cross_sectional_xgboost
2025-06-05,GOOGL,0.006304215,0.7673134478112271,0.0325188225014576,5.0,2.0,0.6,cross_sectional_xgboost
2025-06-05,JPM,-0.0760685,0.02409644567043353,0.014430508940664,9.0,7.0,0.2,cross_sectional_xgboost
2025-06-05,META,0.086861,0.21678860209327117,0.019120224240559,3.0,5.0,0.8,cross_sectional_xgboost
2025-06-05,MSFT,-0.08001072,-0.3316169342137363,0.0057732054417114,10.0,9.0,0.1,cross_sectional_xgboost
2025-06-05,NVDA,-0.0006944351,-0.06106307237554875,0.0123579082592146,6.0,8.0,0.5,cross_sectional_xgboost
2025-06-05,TSLA,0.23360941,0.9378856809338901,0.0366701861389959,2.0,1.0,0.9,cross_sectional_xgboost
2025-06-05,XOM,-0.058203045,0.4157079326034769,0.0239614956501306,8.0,4.0,0.3,cross_sectional_xgboost
2025-06-06,AAPL,-0.034358658,-1.1555810716979256,-0.0121125681230921,5.0,10.0,0.6,cross_sectional_xgboost
2025-06-06,AMZN,0.051118225,0.53765602296561,0.0159666071376005,1.0,2.0,1.0,cross_sectional_xgboost
2025-06-06,AVGO,-0.04969182,-1.0723119506505476,-0.0107317052474428,7.0,9.0,0.4,cross_sectional_xgboost
2025-06-06,GOOGL,0.0061868513,0.48561327245940505,0.0151035753051904,3.0,3.0,0.8,cross_sectional_xgboost
2025-06-06,JPM,0.0007039814,-0.19597856923430665,0.0038006474166545,4.0,7.0,0.7,cross_sectional_xgboost
2025-06-06,META,-0.13838467,-0.7406343361452871,-0.0052314513863069,10.0,8.0,0.1,cross_sectional_xgboost
2025-06-06,MSFT,-0.041704986,-0.12133450487188038,0.0050384798336318,6.0,6.0,0.5,cross_sectional_xgboost
2025-06-06,NVDA,0.036238093,-0.037950430045671224,0.0064212490030381,2.0,5.0,0.9,cross_sectional_xgboost
2025-06-06,TSLA,-0.09807105,2.32085387270923,0.0455376135284042,9.0,1.0,0.2,cross_sectional_xgboost
2025-06-06,XOM,-0.066158935,-0.020332305488627463,0.006713412698696,8.0,4.0,0.3,cross_sectional_xgboost
2025-06-09,AAPL,-0.028853912,-0.39210631740856217,0.0060560661622697,8.0,7.0,0.3,cross_sectional_xgboost
2025-06-09,AMZN,0.06809684,-0.5774123529018717,0.002903515970217,2.0,8.0,0.9,cross_sectional_xgboost
2025-06-09,AVGO,-0.029531376,-0.6638590447845719,0.0014328270400285,9.0,9.0,0.2,cross_sectional_xgboost
2025-06-09,GOOGL,0.03238144,0.0897751873103658,0.0142541565601572,4.0,3.0,0.7,cross_sectional_xgboost
2025-06-09,JPM,0.0053583076,-0.3382018965193458,0.0069731242169326,7.0,6.0,0.4,cross_sectional_xgboost
2025-06-09,META,0.07536241,-0.04176540503215401,0.0120163000405453,1.0,4.0,1.0,cross_sectional_xgboost
2025-06-09,MSFT,0.029734135,-0.9756128177120684,-0.0038709366182859,5.0,10.0,0.6,cross_sectional_xgboost
2025-06-09,NVDA,0.019243576,-0.19997338534848225,0.0093247600839392,6.0,5.0,0.5,cross_sectional_xgboost
2025-06-09,TSLA,0.042413246,2.5873064348119845,0.0567438282700305,3.0,1.0,0.8,cross_sectional_xgboost
2025-06-09,XOM,-0.111909404,0.5118495975847063,0.0214347686736733,10.0,2.0,0.1,cross_sectional_xgboost
2025-06-10,AAPL,-0.041060414,-1.0806395896860417,-0.0191938507051134,8.0,9.0,0.3,cross_sectional_xgboost
2025-06-10,AMZN,0.0297693,-1.1441877265804967,-0.0202656295654622,2.0,10.0,0.9,cross_sectional_xgboost
2025-06-10,AVGO,0.0034006082,2.0642712309060323,0.0338470266504411,5.0,1.0,0.6,cross_sectional_xgboost
2025-06-10,GOOGL,0.082449846,-0.35757539499027335,-0.0069989232623598,1.0,6.0,1.0,cross_sectional_xgboost
2025-06-10,JPM,-0.014124249,-0.04193312109137438,-0.0016754199603018,6.0,5.0,0.5,cross_sectional_xgboost
2025-06-10,META,-0.06935653,-0.6398510867674206,-0.0117596784004617,10.0,8.0,0.1,cross_sectional_xgboost
2025-06-10,MSFT,0.0053983377,0.27144325416443077,0.0036098675515845,4.0,3.0,0.7,cross_sectional_xgboost
2025-06-10,NVDA,-0.019686904,-0.40391709008368426,-0.0077805047780593,7.0,7.0,0.4,cross_sectional_xgboost
2025-06-10,TSLA,0.011109886,0.11922699888366767,0.0010426457165473,3.0,4.0,0.8,cross_sectional_xgboost
2025-06-10,XOM,-0.04778139,1.2131625252451603,0.01949254887714,9.0,2.0,0.2,cross_sectional_xgboost
2025-06-11,AAPL,-0.0068068784,0.05829354281784849,0.0021129868705409,3.0,5.0,0.8,cross_sectional_xgboost
2025-06-11,AMZN,-0.08295834,-0.11197710053268371,0.0001876573428452,8.0,7.0,0.3,cross_sectional_xgboost
2025-06-11,AVGO,-0.13265368,0.9764069830289387,0.0124945234726763,10.0,3.0,0.1,cross_sectional_xgboost
2025-06-11,GOOGL,0.026085388,-0.9513636209788889,-0.0093036772828061,1.0,9.0,1.0,cross_sectional_xgboost
2025-06-11,JPM,-0.04400321,-0.09888937632721131,0.0003356463406389,6.0,6.0,0.5,cross_sectional_xgboost
2025-06-11,META,-0.0444711,-0.22794150405208363,-0.0011236062188827,7.0,8.0,0.4,cross_sectional_xgboost
2025-06-11,MSFT,0.001070729,1.0409315533100678,0.0132241328638171,2.0,2.0,0.9,cross_sectional_xgboost
2025-06-11,NVDA,-0.114968516,1.2150404310954432,0.0151928630972728,9.0,1.0,0.2,cross_sectional_xgboost
2025-06-11,TSLA,-0.009245237,-2.1117257270035954,-0.0224244324616615,4.0,10.0,0.7,cross_sectional_xgboost
2025-06-11,XOM,-0.017143745,0.21122481864216497,0.0038422520877197,5.0,4.0,0.6,cross_sectional_xgboost
2025-06-12,AAPL,-0.01671746,-0.42800963937936587,-0.0138052090597429,5.0,7.0,0.6,cross_sectional_xgboost
2025-06-12,AMZN,0.0069483863,0.09662811855394496,-0.0053460859139071,3.0,3.0,0.8,cross_sectional_xgboost
2025-06-12,AVGO,-0.078242615,-1.3568210521575088,-0.0287811233951857,9.0,10.0,0.2,cross_sectional_xgboost
2025-06-12,GOOGL,0.009646063,0.06461893181157072,-0.0058621937394636,2.0,4.0,0.9,cross_sectional_xgboost
2025-06-12,JPM,-0.03709449,-0.3324877579861643,-0.0122650390174454,7.0,6.0,0.4,cross_sectional_xgboost
2025-06-12,META,-0.013528662,-0.5101365213736938,-0.0151294016056821,4.0,8.0,0.7,cross_sectional_xgboost
2025-06-12,MSFT,-0.07406549,-0.07820630105320585,-0.0081650707529198,8.0,5.0,0.3,cross_sectional_xgboost
2025-06-12,NVDA,-0.1109226,-0.8678217702109197,-0.020896625793438,10.0,9.0,0.1,cross_sectional_xgboost
2025-06-12,TSLA,0.15927254,1.6331922819873423,0.0194290761544195,1.0,2.0,1.0,cross_sectional_xgboost
2025-06-12,XOM,-0.03271971,1.7790437098080003,0.0217807467505106,6.0,1.0,0.5,cross_sectional_xgboost
2025-06-13,AAPL,0.0010117125,-0.6386666662198393,0.0100280012921629,2.0,8.0,0.9,cross_sectional_xgboost
2025-06-13,AMZN,-0.033292446,0.5712867448881506,0.0188590282173202,4.0,4.0,0.7,cross_sectional_xgboost
2025-06-13,AVGO,-0.07968777,-0.13953161571106268,0.0136710135188042,6.0,5.0,0.5,cross_sectional_xgboost
2025-06-13,GOOGL,0.011244029,-0.36537311853458054,0.0120226753481418,1.0,6.0,1.0,cross_sectional_xgboost
2025-06-13,JPM,-0.10987492,0.7849950182859092,0.0204188101884097,8.0,2.0,0.3,cross_sectional_xgboost
2025-06-13,META,-0.13841324,1.9581170196003757,0.0289810175304392,10.0,1.0,0.1,cross_sectional_xgboost
2025-06-13,MSFT,-0.119217314,-0.8067934935441565,0.0088009023598307,9.0,9.0,0.2,cross_sectional_xgboost
2025-06-13,NVDA,-0.10431586,0.6124005981070262,0.0191591038577867,7.0,3.0,0.4,cross_sectional_xgboost
2025-06-13,TSLA,-0.05822001,-0.403737371401557,0.0117426680793317,5.0,7.0,0.6,cross_sectional_xgboost
2025-06-13,XOM,-0.030521812,-1.572697115470265,0.0032108395977354,3.0,10.0,0.8,cross_sectional_xgboost
2025-06-16,AAPL,-0.025269015,-0.481276435047516,-0.0140107014020747,4.0,9.0,0.7,cross_sectional_xgboost
2025-06-16,AMZN,-0.048899334,0.13575229543085846,-0.0059231778951626,6.0,6.0,0.5,cross_sectional_xgboost
2025-06-16,AVGO,0.07610129,-0.23853553959183185,-0.0108290461547336,1.0,8.0,1.0,cross_sectional_xgboost
2025-06-16,GOOGL,0.0009038347,0.23373769983429102,-0.004638862883068,3.0,5.0,0.8,cross_sectional_xgboost
2025-06-16,JPM,-0.07518338,0.3506025034583645,-0.0031070916708789,8.0,3.0,0.3,cross_sectional_xgboost
2025-06-16,META,-0.23802252,0.05629669644120776,-0.006964618905675,10.0,7.0,0.1,cross_sectional_xgboost
2025-06-16,MSFT,-0.039686706,0.4125005599492162,-0.0022957810103302,5.0,2.0,0.6,cross_sectional_xgboost
2025-06-16,NVDA,-0.09616931,0.28708309596767567,-0.0039396537151581,9.0,4.0,0.2,cross_sectional_xgboost
2025-06-16,TSLA,-0.053155273,-2.374809927465955,-0.0388296374979462,7.0,10.0,0.4,cross_sectional_xgboost
2025-06-16,XOM,0.0058184187,1.618649051023689,0.01351345734852,2.0,1.0,0.9,cross_sectional_xgboost
2025-06-17,AAPL,0.0139020085,0.19781705267144714,0.0048047797636858,3.0,5.0,0.8,cross_sectional_xgboost
2025-06-17,AMZN,-0.024359485,-1.1977792562935117,-0.0107066519567078,6.0,9.0,0.5,cross_sectional_xgboost
2025-06-17,AVGO,-0.060617447,0.4474265247696621,0.0075790779316757,9.0,4.0,0.2,cross_sectional_xgboost
2025-06-17,GOOGL,0.0051617594,-1.5793232725841053,-0.0149473438523503,4.0,10.0,0.7,cross_sectional_xgboost
2025-06-17,JPM,-0.06563228,1.247714493554195,0.0164739224542012,10.0,2.0,0.1,cross_sectional_xgboost
2025-06-17,META,0.021581907,-0.4228847855277303,-0.0020940448606713,2.0,7.0,0.9,cross_sectional_xgboost
2025-06-17,MSFT,-0.05348564,0.17957819930193106,0.0046020630275622,8.0,6.0,0.3,cross_sectional_xgboost
2025-06-17,NVDA,-0.0476761,0.6145604174409026,0.0094366967485786,7.0,3.0,0.4,cross_sectional_xgboost
2025-06-17,TSLA,0.10014011,1.3866347973151363,0.0180179597897272,1.0,1.0,1.0,cross_sectional_xgboost
2025-06-17,XOM,-0.013268207,-0.8737441706479266,-0.007105146224917,5.0,8.0,0.6,cross_sectional_xgboost
2025-06-18,AAPL,0.022852568,1.6105231459419789,0.0224844167061457,2.0,1.0,0.9,cross_sectional_xgboost
2025-06-18,AMZN,-0.04966877,-0.479609787675136,-0.0133164020993828,6.0,8.0,0.5,cross_sectional_xgboost
2025-06-18,AVGO,0.013756289,0.13946136866813783,-0.0027126486540842,3.0,5.0,0.8,cross_sectional_xgboost
2025-06-18,GOOGL,-0.051519226,-1.9523102638719454,-0.0385415358959664,7.0,10.0,0.4,cross_sectional_xgboost
2025-06-18,JPM,-0.15132804,0.5194566751020111,0.0037960967437731,9.0,3.0,0.2,cross_sectional_xgboost
2025-06-18,META,0.022964433,-0.8282443096186723,-0.0192879846474137,1.0,9.0,1.0,cross_sectional_xgboost
2025-06-18,MSFT,-0.22218138,-0.047426811816380365,-0.0059137607837526,10.0,6.0,0.1,cross_sectional_xgboost
2025-06-18,NVDA,-0.029863488,-0.35629771670669874,-0.011204252657464,4.0,7.0,0.7,cross_sectional_xgboost
2025-06-18,TSLA,-0.03782922,0.31777597803329294,0.0003416111576173,5.0,4.0,0.6,cross_sectional_xgboost
2025-06-18,XOM,-0.055589035,1.0766717219434119,0.0133403485025167,8.0,2.0,0.3,cross_sectional_xgboost
2025-06-20,AAPL,0.15258467,-0.31400329346470757,0.0024876086788869,4.0,6.0,0.7,cross_sectional_xgboost
2025-06-20,AMZN,-0.036778618,-0.601967374713885,-0.00581811820544,8.0,8.0,0.3,cross_sectional_xgboost
2025-06-20,AVGO,0.20045446,0.12398919364255385,0.0151205938745375,3.0,4.0,0.8,cross_sectional_xgboost
2025-06-20,GOOGL,-0.11970604,-0.7019288485833417,-0.0087012996679088,10.0,9.0,0.1,cross_sectional_xgboost
2025-06-20,JPM,0.015734253,0.012014851348249206,0.0118909261287749,6.0,5.0,0.5,cross_sectional_xgboost
2025-06-20,META,0.20124137,0.4218697931122368,0.0237123421669014,2.0,2.0,0.9,cross_sectional_xgboost
2025-06-20,MSFT,0.25355175,0.2243149957947875,0.0180142836309569,1.0,3.0,1.0,cross_sectional_xgboost
2025-06-20,NVDA,-0.06456901,-0.3231211579758355,0.0022246227812388,9.0,7.0,0.2,cross_sectional_xgboost
2025-06-20,TSLA,0.07699152,2.453805312478614,0.0823193093872907,5.0,1.0,0.6,cross_sectional_xgboost
2025-06-20,XOM,0.009643812,-1.2949734716386712,-0.0258064422535702,7.0,10.0,0.4,cross_sectional_xgboost
2025-06-23,AAPL,0.052235156,-0.6143887173449539,-0.005955339481363,2.0,8.0,0.9,cross_sectional_xgboost
2025-06-23,AMZN,0.017860802,0.60561602509774,0.0206264835543674,4.0,3.0,0.7,cross_sectional_xgboost
2025-06-23,AVGO,0.012944824,1.4675161801763643,0.0394058182567034,5.0,1.0,0.6,cross_sectional_xgboost
2025-06-23,GOOGL,0.036839366,0.09792414950772284,0.009564743280644,3.0,6.0,0.8,cross_sectional_xgboost
2025-06-23,JPM,0.010349028,0.1520956995957576,0.0107450489859548,6.0,5.0,0.5,cross_sectional_xgboost
2025-06-23,META,-0.12511407,0.5571056004416289,0.0195695241190991,8.0,4.0,0.3,cross_sectional_xgboost
2025-06-23,MSFT,-0.22608624,0.047072670295787926,0.0084567762584746,9.0,7.0,0.2,cross_sectional_xgboost
2025-06-23,NVDA,0.00668803,0.8463697682608523,0.0258720970944739,7.0,2.0,0.4,cross_sectional_xgboost
2025-06-23,TSLA,0.29718918,-1.4217296011029157,-0.0235459206938556,1.0,9.0,1.0,cross_sectional_xgboost
2025-06-23,XOM,-0.31675076,-1.7375817749279845,-0.0304278009833194,10.0,10.0,0.1,cross_sectional_xgboost
2025-06-24,AAPL,0.080957204,0.08869583499943236,0.0062905497919696,3.0,4.0,0.8,cross_sectional_xgboost
2025-06-24,AMZN,-0.011260773,-0.3909981365492954,-0.003665924536515,7.0,8.0,0.4,cross_sectional_xgboost
2025-06-24,AVGO,0.11419033,-0.053640695629943905,0.0033362287096314,1.0,6.0,1.0,cross_sectional_xgboost
2025-06-24,GOOGL,0.10750292,0.9152010313271033,0.023445399045187,2.0,2.0,0.9,cross_sectional_xgboost
2025-06-24,JPM,0.003952299,0.2652530194876411,0.0099551509317148,6.0,3.0,0.5,cross_sectional_xgboost
2025-06-24,META,-0.2784762,-0.4524938287843793,-0.0049423222345603,10.0,9.0,0.1,cross_sectional_xgboost
2025-06-24,MSFT,-0.051521093,-0.0020407032110486877,0.0044072323710075,8.0,5.0,0.3,cross_sectional_xgboost
2025-06-24,NVDA,0.008985109,1.8737142313975435,0.0433401916338938,5.0,1.0,0.6,cross_sectional_xgboost
2025-06-24,TSLA,0.045740273,-2.042657556504311,-0.037947582404945,4.0,10.0,0.7,cross_sectional_xgboost
2025-06-24,XOM,-0.2367324,-0.2010331965327413,0.0002769664747697,9.0,7.0,0.2,cross_sectional_xgboost
2025-06-25,AAPL,-0.005284352,-1.4381819572126382,-0.0027783565386656,8.0,9.0,0.3,cross_sectional_xgboost
2025-06-25,AMZN,0.025998201,1.1049120753609798,0.0241992051091712,4.0,2.0,0.7,cross_sectional_xgboost
2025-06-25,AVGO,0.16682148,0.7899142662037383,0.0208576563081333,1.0,3.0,1.0,cross_sectional_xgboost
2025-06-25,GOOGL,-0.0012467008,0.4033047912763494,0.016756439125481,6.0,4.0,0.5,cross_sectional_xgboost
2025-06-25,JPM,-0.041412644,0.3801293458547774,0.0165105901715814,9.0,5.0,0.2,cross_sectional_xgboost
2025-06-25,META,0.05463872,1.1395672783977269,0.0245668332284492,2.0,1.0,0.9,cross_sectional_xgboost
2025-06-25,MSFT,0.029933047,-0.1843317279113159,0.0105226938451847,3.0,7.0,0.8,cross_sectional_xgboost
2025-06-25,NVDA,0.003615502,-0.7425469030942906,0.0046010550428567,5.0,8.0,0.6,cross_sectional_xgboost
2025-06-25,TSLA,-0.0038390567,-1.6856672877250107,-0.00540372181235,7.0,10.0,0.4,cross_sectional_xgboost
2025-06-25,XOM,-0.08039629,0.23290011884968376,0.014948758207439,10.0,6.0,0.1,cross_sectional_xgboost
2025-06-26,AAPL,0.07883477,-0.40833964436979275,0.0003979594148522,3.0,5.0,0.8,cross_sectional_xgboost
2025-06-26,AMZN,-0.054328125,1.576622820370146,0.0284635596607982,6.0,2.0,0.5,cross_sectional_xgboost
2025-06-26,AVGO,0.14631246,-0.6511368346422759,-0.0030349764738973,1.0,6.0,1.0,cross_sectional_xgboost
2025-06-26,GOOGL,-0.023355046,1.5971840753383422,0.0287542774817863,4.0,1.0,0.7,cross_sectional_xgboost
2025-06-26,JPM,-0.10152918,-0.8381843895649352,-0.0056796622030699,9.0,9.0,0.2,cross_sectional_xgboost
2025-06-26,META,-0.17173663,0.29795382311763424,0.010384319593921,10.0,4.0,0.1,cross_sectional_xgboost
2025-06-26,MSFT,-0.05335738,-0.651175327052967,-0.0030355207222799,5.0,7.0,0.6,cross_sectional_xgboost
2025-06-26,NVDA,0.10637058,0.8090434413855809,0.0176106713113781,2.0,3.0,0.9,cross_sectional_xgboost
2025-06-26,TSLA,-0.08486904,-0.9032425771426965,-0.0065995269953356,8.0,10.0,0.3,cross_sectional_xgboost
2025-06-26,XOM,-0.08135388,-0.8287253874390363,-0.0055459203429054,7.0,8.0,0.4,cross_sectional_xgboost
2025-06-27,AAPL,0.014532915,1.3186370031652082,0.0203402408034898,5.0,2.0,0.6,cross_sectional_xgboost
2025-06-27,AMZN,-0.108928286,-1.1443848019644236,-0.0175100922914143,10.0,9.0,0.1,cross_sectional_xgboost
2025-06-27,AVGO,0.13440433,1.5170485629123651,0.0233893180023472,2.0,1.0,0.9,cross_sectional_xgboost
2025-06-27,GOOGL,0.14104132,-0.8432898411552546,-0.0128830343676521,1.0,7.0,1.0,cross_sectional_xgboost
2025-06-27,JPM,0.05240092,0.6296593264647685,0.0097524195735871,3.0,3.0,0.8,cross_sectional_xgboost
2025-06-27,META,-0.031274956,0.3906438858612389,0.0060793647825871,8.0,4.0,0.3,cross_sectional_xgboost
2025-06-27,MSFT,0.015424594,0.18792137295050904,0.0029640392813972,4.0,5.0,0.7,cross_sectional_xgboost
2025-06-27,NVDA,-0.024062406,0.09404993381406958,0.0015214758286448,7.0,6.0,0.4,cross_sectional_xgboost
2025-06-27,TSLA,0.0064070527,-1.2053515800095536,-0.0184469954288227,6.0,10.0,0.5,cross_sectional_xgboost
2025-06-27,XOM,-0.034569114,-0.9449338620389275,-0.0144450424828624,9.0,8.0,0.2,cross_sectional_xgboost
2025-06-30,AAPL,-0.053922318,1.1153830153660171,0.0129161127862453,7.0,2.0,0.4,cross_sectional_xgboost
2025-06-30,AMZN,0.021875821,0.767121380852769,0.0048771927945465,4.0,3.0,0.7,cross_sectional_xgboost
2025-06-30,AVGO,0.08793062,-1.1588127892887599,-0.0395791273071086,1.0,9.0,1.0,cross_sectional_xgboost
2025-06-30,GOOGL,0.038372673,0.4599595653232856,-0.0022130204670941,2.0,5.0,0.9,cross_sectional_xgboost
2025-06-30,JPM,-0.096611895,0.6305463911496274,0.0017246336083325,8.0,4.0,0.3,cross_sectional_xgboost
2025-06-30,META,0.022513483,-0.5517395705945254,-0.0255660619833703,3.0,7.0,0.8,cross_sectional_xgboost
2025-06-30,MSFT,-0.002459652,0.08899790392413187,-0.0107759249631448,6.0,6.0,0.5,cross_sectional_xgboost
2025-06-30,NVDA,-0.0017687327,-0.7301985153069223,-0.0296854281040487,5.0,8.0,0.6,cross_sectional_xgboost
2025-06-30,TSLA,-0.1170783,-1.755782568838094,-0.0533589750413172,9.0,10.0,0.2,cross_sectional_xgboost
2025-06-30,XOM,-0.12768531,1.1345251874124707,0.0133579713612326,10.0,1.0,0.1,cross_sectional_xgboost
2025-07-01,AAPL,-0.051259484,0.46780326915554904,0.0222307755472979,7.0,3.0,0.4,cross_sectional_xgboost
2025-07-01,AMZN,0.007715182,-0.9858190320812706,-0.0024494626166946,3.0,9.0,0.8,cross_sectional_xgboost
2025-07-01,AVGO,0.1489808,0.30642492470073296,0.0194908231041723,1.0,4.0,1.0,cross_sectional_xgboost
2025-07-01,GOOGL,0.052139,0.0963185301879498,0.0159235444156566,2.0,6.0,0.9,cross_sectional_xgboost
2025-07-01,JPM,-0.029790858,-0.5190810653338179,0.0054750196712447,5.0,7.0,0.6,cross_sectional_xgboost
2025-07-01,META,-0.08665642,-1.304232789162829,-0.0078556312980488,8.0,10.0,0.3,cross_sectional_xgboost
2025-07-01,MSFT,-0.048407737,-0.9564530072016639,-0.0019508733426158,6.0,8.0,0.5,cross_sectional_xgboost
2025-07-01,NVDA,-0.022453807,0.6760439258968057,0.0257663769201081,4.0,2.0,0.7,cross_sectional_xgboost
2025-07-01,TSLA,-0.2636184,2.0846569504617047,0.0496824278073184,10.0,1.0,0.1,cross_sectional_xgboost
2025-07-01,XOM,-0.10871299,0.13433829337683997,0.0165690606612742,9.0,5.0,0.2,cross_sectional_xgboost
2025-07-02,AAPL,-0.0035471125,-0.8637644322061705,0.0052249997708488,7.0,8.0,0.4,cross_sectional_xgboost
2025-07-02,AMZN,0.02087467,0.7194663943043581,0.015869432167251,6.0,3.0,0.5,cross_sectional_xgboost
2025-07-02,AVGO,0.12694547,1.2688351377674552,0.0195629671544252,1.0,1.0,1.0,cross_sectional_xgboost
2025-07-02,GOOGL,0.035887633,-0.8998789290669504,0.0049821935331684,4.0,9.0,0.7,cross_sectional_xgboost
2025-07-02,JPM,-0.041271634,1.122970575563268,0.0185822854714925,8.0,2.0,0.3,cross_sectional_xgboost
2025-07-02,META,0.023113072,-0.5070060156946999,0.007623570328481,5.0,7.0,0.6,cross_sectional_xgboost
2025-07-02,MSFT,0.0376997,0.7063532448314456,0.0157812693859742,3.0,4.0,0.8,cross_sectional_xgboost
2025-07-02,NVDA,0.041988585,0.3359441661097464,0.0132909222227897,2.0,5.0,0.9,cross_sectional_xgboost
2025-07-02,TSLA,-0.19814622,-1.7822777938316983,-0.0009503811144286,10.0,10.0,0.1,cross_sectional_xgboost
2025-07-02,XOM,-0.12816478,-0.10064234777675395,0.0103556486325904,9.0,6.0,0.2,cross_sectional_xgboost
2025-07-03,AAPL,-0.0745951,-0.15896586309886765,-0.0168578201821981,7.0,9.0,0.4,cross_sectional_xgboost
2025-07-03,AMZN,-0.031778615,0.6970690918964677,0.0002685535903061,6.0,1.0,0.5,cross_sectional_xgboost
2025-07-03,AVGO,0.06258339,0.5020048787626521,-0.0036340237568857,3.0,4.0,0.8,cross_sectional_xgboost
2025-07-03,GOOGL,0.023456678,-0.07920572853019309,-0.0152620887593197,5.0,8.0,0.6,cross_sectional_xgboost
2025-07-03,JPM,-0.094141744,0.0031289870305031063,-0.0136148486496527,8.0,7.0,0.3,cross_sectional_xgboost
2025-07-03,META,0.04322028,0.6377608588055729,-0.0009180042269585,4.0,2.0,0.7,cross_sectional_xgboost
2025-07-03,MSFT,0.08891425,0.5714193051025649,-0.0022452750804864,2.0,3.0,0.9,cross_sectional_xgboost
2025-07-03,NVDA,0.10211218,0.3385875515038548,-0.0069034535987466,1.0,5.0,1.0,cross_sectional_xgboost
2025-07-03,TSLA,-0.20662846,-2.709870744208623,-0.0678928278031534,10.0,10.0,0.1,cross_sectional_xgboost
2025-07-03,XOM,-0.10078736,0.19807166273606905,-0.0097147028566999,9.0,6.0,0.2,cross_sectional_xgboost
2025-07-07,AAPL,-0.005003794,0.12754171660739377,0.0002856912501358,5.0,5.0,0.6,cross_sectional_xgboost
2025-07-07,AMZN,0.001462406,-0.9633778826073449,-0.0183917330643965,4.0,9.0,0.7,cross_sectional_xgboost
2025-07-07,AVGO,0.09779436,-0.3961583620035774,-0.0086804769155217,2.0,7.0,0.9,cross_sectional_xgboost
2025-07-07,GOOGL,-0.06457106,-0.6919741194004888,-0.0137450815149843,6.0,8.0,0.5,cross_sectional_xgboost
2025-07-07,JPM,-0.12683803,-1.7275997178437095,-0.0314758278935797,7.0,10.0,0.4,cross_sectional_xgboost
2025-07-07,META,-0.22056068,0.2994987217725571,0.0032297340115252,9.0,4.0,0.2,cross_sectional_xgboost
2025-07-07,MSFT,0.13241255,-0.01823600560634636,-0.0022101410507523,1.0,6.0,1.0,cross_sectional_xgboost
2025-07-07,NVDA,0.04475754,0.7604985981917665,0.0111224240933849,3.0,3.0,0.8,cross_sectional_xgboost
2025-07-07,TSLA,-0.41655028,0.8798569541751573,0.0131659355142004,10.0,2.0,0.1,cross_sectional_xgboost
2025-07-07,XOM,-0.12742409,1.7299500967145927,0.0277202164543468,8.0,1.0,0.3,cross_sectional_xgboost
2025-07-08,AAPL,-0.030674247,-0.42684424873930293,0.0053807340226512,5.0,7.0,0.6,cross_sectional_xgboost
2025-07-08,AMZN,-0.065118656,0.5085105580172093,0.0144966842949176,7.0,4.0,0.4,cross_sectional_xgboost
2025-07-08,AVGO,-0.021701742,1.3238637210649735,0.0224431008151391,3.0,1.0,0.8,cross_sectional_xgboost
2025-07-08,GOOGL,0.013245985,0.3509905754096569,0.0129614975209082,1.0,6.0,1.0,cross_sectional_xgboost
2025-07-08,JPM,-0.14807628,-0.8410605352907393,0.0013437899209156,8.0,8.0,0.3,cross_sectional_xgboost
2025-07-08,META,-0.22182699,0.7452354757323362,0.0168038008698359,9.0,3.0,0.2,cross_sectional_xgboost
2025-07-08,MSFT,0.01278359,0.44460635704397017,0.0138738751597606,2.0,5.0,0.9,cross_sectional_xgboost
2025-07-08,NVDA,-0.023532439,0.8679637212461253,0.0179999080315511,4.0,2.0,0.7,cross_sectional_xgboost
2025-07-08,TSLA,-0.35663113,-1.6438947822446146,-0.0064806174796112,10.0,10.0,0.1,cross_sectional_xgboost
2025-07-08,XOM,-0.031376556,-1.3293708422396133,-0.0034152731035393,6.0,9.0,0.5,cross_sectional_xgboost
2025-07-09,AAPL,-0.0062881494,-0.07426421526814293,0.0060150830211007,3.0,5.0,0.8,cross_sectional_xgboost
2025-07-09,AMZN,-0.047757488,-0.5189761485516824,-0.0012581953255333,6.0,7.0,0.5,cross_sectional_xgboost
2025-07-09,AVGO,0.24723476,-0.9921058919479313,-0.0089962478944946,1.0,10.0,1.0,cross_sectional_xgboost
2025-07-09,GOOGL,-0.014201172,-0.09585844013817556,0.0056619087606308,5.0,6.0,0.6,cross_sectional_xgboost
2025-07-09,JPM,-0.05895034,0.6440840908648379,0.0177636932770954,7.0,2.0,0.4,cross_sectional_xgboost
2025-07-09,META,-0.1466834,-0.9043051047089701,-0.0075602631213237,8.0,9.0,0.3,cross_sectional_xgboost
2025-07-09,MSFT,-0.25850394,-0.6885611098191915,-0.0040317629642396,9.0,8.0,0.2,cross_sectional_xgboost
2025-07-09,NVDA,0.13538375,0.01593170711635901,0.0074902403086287,2.0,4.0,0.9,cross_sectional_xgboost
2025-07-09,TSLA,-0.28862917,2.4489691740327215,0.0472826483827995,10.0,1.0,0.1,cross_sectional_xgboost
2025-07-09,XOM,-0.008508058,0.16508593842017508,0.0099296626844596,4.0,3.0,0.7,cross_sectional_xgboost
2025-07-10,AAPL,-0.023184273,-0.9085283961616486,-0.0058849184338914,7.0,9.0,0.4,cross_sectional_xgboost
2025-07-10,AMZN,-0.0062447623,1.0969299415203355,0.0124179332036293,5.0,2.0,0.6,cross_sectional_xgboost
2025-07-10,AVGO,0.02921082,-0.6695157492881312,-0.0037035652075394,3.0,7.0,0.8,cross_sectional_xgboost
2025-07-10,GOOGL,-0.053211622,1.3216911319317042,0.0144692202559082,8.0,1.0,0.3,cross_sectional_xgboost
2025-07-10,JPM,-0.18424512,-0.769391379109093,-0.0046150819418785,9.0,8.0,0.2,cross_sectional_xgboost
2025-07-10,META,0.093408965,-1.7296946024670494,-0.013379306605089,1.0,10.0,1.0,cross_sectional_xgboost
2025-07-10,MSFT,-0.0079306085,0.1383245709805532,0.0036692040247425,6.0,6.0,0.5,cross_sectional_xgboost
2025-07-10,NVDA,0.0841761,0.2838065305958044,0.0049969477493274,2.0,4.0,0.9,cross_sectional_xgboost
2025-07-10,TSLA,-0.29132777,1.0234052787944192,0.0117469090450688,10.0,3.0,0.1,cross_sectional_xgboost
2025-07-10,XOM,0.013444323,0.21297267320310587,0.0043504812741024,4.0,5.0,0.7,cross_sectional_xgboost
2025-07-11,AAPL,-0.009262883,-1.54074359137645,-0.0120288082627815,3.0,9.0,0.8,cross_sectional_xgboost
2025-07-11,AMZN,-0.076682895,0.2879429013291252,0.0029775049161144,8.0,6.0,0.3,cross_sectional_xgboost
2025-07-11,AVGO,0.02591532,0.4669403009520297,0.0044463685226778,2.0,5.0,0.9,cross_sectional_xgboost
2025-07-11,GOOGL,-0.02485921,0.8516068724732425,0.0076029659300109,4.0,2.0,0.7,cross_sectional_xgboost
2025-07-11,JPM,-0.036399808,0.7067744069070717,0.0064144618614201,5.0,3.0,0.6,cross_sectional_xgboost
2025-07-11,META,0.03031431,0.5042419022717155,0.0047524677440098,1.0,4.0,1.0,cross_sectional_xgboost
2025-07-11,MSFT,-0.08418487,-0.14753979045263008,-0.0005960926813595,9.0,7.0,0.2,cross_sectional_xgboost
2025-07-11,NVDA,-0.053152926,-0.7029696065288528,-0.0051539837152702,7.0,8.0,0.4,cross_sectional_xgboost
2025-07-11,TSLA,-0.25903076,1.2427854504813627,0.010813001260769,10.0,1.0,0.1,cross_sectional_xgboost
2025-07-11,XOM,-0.04448732,-1.6690388460566143,-0.0130816069676313,6.0,10.0,0.5,cross_sectional_xgboost
2025-07-14,AAPL,-0.08583605,0.0038519061525333813,0.0023487545530178,9.0,6.0,0.2,cross_sectional_xgboost
2025-07-14,AMZN,0.022618186,0.03691727817271766,0.002924381474455,2.0,4.0,0.9,cross_sectional_xgboost
2025-07-14,AVGO,0.0037284049,0.9819296491560527,0.0193758691969323,3.0,2.0,0.8,cross_sectional_xgboost
2025-07-14,GOOGL,-0.0042538596,0.00814528858208357,0.0024234969907852,4.0,5.0,0.7,cross_sectional_xgboost
2025-07-14,JPM,-0.022371545,-0.5588575055364763,-0.0074473150667813,5.0,7.0,0.6,cross_sectional_xgboost
2025-07-14,META,-0.07575704,-0.9700841542599045,-0.0146062585582716,8.0,9.0,0.3,cross_sectional_xgboost
2025-07-14,MSFT,-0.02249761,0.1886822881906643,0.0055664211722146,6.0,3.0,0.5,cross_sectional_xgboost
2025-07-14,NVDA,0.10947938,2.1901517255472958,0.0404095098836605,1.0,1.0,1.0,cross_sectional_xgboost
2025-07-14,TSLA,-0.12666166,-1.2403971408188927,-0.0193120707953897,10.0,10.0,0.1,cross_sectional_xgboost
2025-07-14,XOM,-0.0690113,-0.6403393351860742,-0.0088658121798831,7.0,8.0,0.4,cross_sectional_xgboost
2025-07-15,AAPL,-0.04118675,0.25932308567262846,0.0050212936815228,5.0,3.0,0.6,cross_sectional_xgboost
2025-07-15,AMZN,0.021155216,-1.1546024915786468,-0.0139606961647891,2.0,10.0,0.9,cross_sectional_xgboost
2025-07-15,AVGO,0.015410811,-0.14917081322876388,-0.0004627481704541,3.0,6.0,0.8,cross_sectional_xgboost
2025-07-15,GOOGL,0.03677129,0.2822973417874242,0.0053297237030982,1.0,2.0,1.0,cross_sectional_xgboost
2025-07-15,JPM,-0.105742455,-0.30444987705176535,-0.0025473738821999,7.0,7.0,0.4,cross_sectional_xgboost
2025-07-15,META,-0.11429035,-0.8990280509681572,-0.0105296022552523,8.0,9.0,0.3,cross_sectional_xgboost
2025-07-15,MSFT,-0.033702005,-0.1441474329990732,-0.0003953091524122,4.0,5.0,0.7,cross_sectional_xgboost
2025-07-15,NVDA,-0.071327284,0.17766571495782718,0.0039250412289728,6.0,4.0,0.5,cross_sectional_xgboost
2025-07-15,TSLA,-0.16943869,2.4954167078787193,0.0350409121925865,10.0,1.0,0.1,cross_sectional_xgboost
2025-07-15,XOM,-0.13413294,-0.5633041844701927,-0.0060225000940355,9.0,8.0,0.2,cross_sectional_xgboost
2025-07-16,AAPL,-0.020697815,-0.6053572482092938,-0.0006661656987771,6.0,7.0,0.5,cross_sectional_xgboost
2025-07-16,AMZN,-0.062466267,-0.18471420290648258,0.0030915472640284,8.0,6.0,0.3,cross_sectional_xgboost
2025-07-16,AVGO,0.070477374,1.7175359961825556,0.0200848395850044,2.0,1.0,0.9,cross_sectional_xgboost
2025-07-16,GOOGL,0.018487453,-0.15758376278796735,0.0033339104925624,3.0,5.0,0.8,cross_sectional_xgboost
2025-07-16,JPM,-0.061317306,1.0671340182664795,0.0142746307375238,7.0,2.0,0.4,cross_sectional_xgboost
2025-07-16,META,-0.24126586,-0.7696599112483989,-0.0021339238220121,10.0,8.0,0.1,cross_sectional_xgboost
2025-07-16,MSFT,0.015949575,0.8152806445202242,0.0120247595038955,4.0,3.0,0.7,cross_sectional_xgboost
2025-07-16,NVDA,0.22482508,0.5339590038940631,0.0095116406314852,1.0,4.0,1.0,cross_sectional_xgboost
2025-07-16,TSLA,-0.14375171,-1.3172697559034934,-0.007025863995037,9.0,10.0,0.2,cross_sectional_xgboost
2025-07-16,XOM,0.0067207287,-1.0993247818076863,-0.0050789052529792,5.0,9.0,0.6,cross_sectional_xgboost
2025-07-17,AAPL,-0.046073064,0.25318666031044607,0.0055232755295808,7.0,4.0,0.4,cross_sectional_xgboost
2025-07-17,AMZN,0.0039544147,0.5194094149559608,0.0100500265808809,4.0,2.0,0.7,cross_sectional_xgboost
2025-07-17,AVGO,-0.011998001,-0.7101548674704401,-0.0108570195336633,5.0,9.0,0.6,cross_sectional_xgboost
2025-07-17,GOOGL,0.004516193,0.4024833410139867,0.0080618598336545,3.0,3.0,0.8,cross_sectional_xgboost
2025-07-17,JPM,-0.066413715,0.20628151263225392,0.0047257181350359,8.0,5.0,0.3,cross_sectional_xgboost
2025-07-17,META,-0.29428917,0.16900042984763347,0.0040918047007256,10.0,6.0,0.1,cross_sectional_xgboost
2025-07-17,MSFT,-0.027206857,-0.26128508596855277,-0.0032246075033089,6.0,7.0,0.5,cross_sectional_xgboost
2025-07-17,NVDA,0.21013106,-0.27220860782236594,-0.0034103469383226,1.0,8.0,1.0,cross_sectional_xgboost
2025-07-17,TSLA,-0.11683675,1.8137837333929698,0.0320590780406724,9.0,1.0,0.2,cross_sectional_xgboost
2025-07-17,XOM,0.011709916,-2.120496530891892,-0.0348379358760183,2.0,10.0,0.9,cross_sectional_xgboost
2025-07-18,AAPL,-0.06520323,-0.07077246067102447,0.0061558120497409,8.0,5.0,0.3,cross_sectional_xgboost
2025-07-18,AMZN,0.026488777,0.6739698075143283,0.0140184765422355,2.0,3.0,0.9,cross_sectional_xgboost
2025-07-18,AVGO,-0.10262479,0.9741527839531781,0.0171876776617692,9.0,2.0,0.2,cross_sectional_xgboost
2025-07-18,GOOGL,0.01688753,1.9257651302111412,0.0272343863355943,3.0,1.0,0.8,cross_sectional_xgboost
2025-07-18,JPM,-0.06414791,-0.7514027810541167,-0.0010299864220325,7.0,8.0,0.4,cross_sectional_xgboost
2025-07-18,META,-0.37315226,0.5148781710908638,0.0123388563377753,10.0,4.0,0.1,cross_sectional_xgboost
2025-07-18,MSFT,-0.034902412,-0.651983618666653,1.9637792102900065e-05,6.0,7.0,0.5,cross_sectional_xgboost
2025-07-18,NVDA,0.24014965,-1.2197151099395027,-0.0059742240153903,1.0,10.0,1.0,cross_sectional_xgboost
2025-07-18,TSLA,-0.023898577,-0.9871492384192331,-0.0035188948387289,5.0,9.0,0.6,cross_sectional_xgboost
2025-07-18,XOM,0.0106177125,-0.40774268401898073,0.0025982272001503,4.0,6.0,0.7,cross_sectional_xgboost
2025-07-21,AAPL,-0.046831038,0.972205506771073,0.0090362243454393,7.0,2.0,0.4,cross_sectional_xgboost
2025-07-21,AMZN,-0.01370362,-0.1668432040591923,-0.0079808190436073,4.0,6.0,0.7,cross_sectional_xgboost
2025-07-21,AVGO,0.09863604,-1.866850626517513,-0.0333784159985152,3.0,10.0,0.8,cross_sectional_xgboost
2025-07-21,GOOGL,0.14639774,0.8039762085545328,0.0065229294882132,2.0,3.0,0.9,cross_sectional_xgboost
2025-07-21,JPM,-0.045184873,0.47318378896232943,0.0015809907427972,6.0,5.0,0.5,cross_sectional_xgboost
2025-07-21,META,-0.23672664,-0.3987222950504045,-0.011445022562642,10.0,8.0,0.1,cross_sectional_xgboost
2025-07-21,MSFT,-0.032431893,-0.2612408378851848,-0.0093910911552094,5.0,7.0,0.6,cross_sectional_xgboost
2025-07-21,NVDA,0.19208021,-1.3316160438996414,-0.025382173143293,1.0,9.0,1.0,cross_sectional_xgboost
2025-07-21,TSLA,-0.12540956,1.1049982538302623,0.0110201078413521,8.0,1.0,0.3,cross_sectional_xgboost
2025-07-21,XOM,-0.13744184,0.6709092492937383,0.0045349493449067,9.0,4.0,0.2,cross_sectional_xgboost
2025-07-22,AAPL,-0.043759048,-0.9807219966936057,-0.0011661022806004,5.0,9.0,0.6,cross_sectional_xgboost
2025-07-22,AMZN,-0.05143969,-0.4889085358502454,0.0036048360708191,7.0,6.0,0.4,cross_sectional_xgboost
2025-07-22,AVGO,-0.013887298,1.0266225078770193,0.0183065588884223,3.0,2.0,0.8,cross_sectional_xgboost
2025-07-22,GOOGL,0.09525069,-1.4585443342065934,-0.0058013168420247,1.0,10.0,1.0,cross_sectional_xgboost
2025-07-22,JPM,-0.07104817,1.0248264430066265,0.0182891357891092,8.0,3.0,0.3,cross_sectional_xgboost
2025-07-22,META,-0.11521951,0.42218056365870554,0.0124430446040986,9.0,5.0,0.2,cross_sectional_xgboost
2025-07-22,MSFT,-0.045179483,-0.7381041469627364,0.0011874624267076,6.0,8.0,0.5,cross_sectional_xgboost
2025-07-22,NVDA,-0.030813161,1.4538515889273431,0.0224509830856158,4.0,1.0,0.7,cross_sectional_xgboost
2025-07-22,TSLA,-0.2376289,-0.720832505152397,0.0013550095657461,10.0,7.0,0.1,cross_sectional_xgboost
2025-07-22,XOM,0.023196803,0.45963041539588295,0.0128063346482578,2.0,4.0,0.9,cross_sectional_xgboost
2025-07-23,AAPL,-0.021747865,-0.052767676865863394,-0.0018211459415494,7.0,9.0,0.4,cross_sectional_xgboost
2025-07-23,AMZN,-0.01119911,0.5912346285442975,0.0172587610376242,3.0,3.0,0.8,cross_sectional_xgboost
2025-07-23,AVGO,-0.01675399,0.6059683858687861,0.0176952792252818,5.0,1.0,0.6,cross_sectional_xgboost
2025-07-23,GOOGL,0.05651229,0.3529202837111314,0.0101982031902054,1.0,4.0,1.0,cross_sectional_xgboost
2025-07-23,JPM,-0.13239959,-0.015183322222264165,-0.0007076313089963,10.0,8.0,0.1,cross_sectional_xgboost
2025-07-23,META,-0.06851791,0.06640484404511737,0.0017095877132113,9.0,7.0,0.2,cross_sectional_xgboost
2025-07-23,MSFT,-0.018626506,0.34298355834301464,0.0099038070457995,6.0,5.0,0.5,cross_sectional_xgboost
2025-07-23,NVDA,0.048145138,0.5937147618199065,0.0173322401413433,2.0,2.0,0.9,cross_sectional_xgboost
2025-07-23,TSLA,-0.016225291,-2.7580311845867675,-0.0819702007630127,4.0,10.0,0.7,cross_sectional_xgboost
2025-07-23,XOM,-0.037023388,0.2727557213426416,0.0078231613927342,8.0,6.0,0.3,cross_sectional_xgboost
2025-07-24,AAPL,-0.013949299,-0.36412520749296406,0.0005614852935755,4.0,6.0,0.7,cross_sectional_xgboost
2025-07-24,AMZN,-0.008952973,-0.7094641166160561,-0.0034017710918775,3.0,9.0,0.8,cross_sectional_xgboost
2025-07-24,AVGO,0.008314465,0.030602818463087947,0.0050915522164138,2.0,5.0,0.9,cross_sectional_xgboost
2025-07-24,GOOGL,-0.04246187,0.04491366343189469,0.005255789567623,7.0,4.0,0.4,cross_sectional_xgboost
2025-07-24,JPM,-0.079923294,0.1951723474889756,0.006980222214298,9.0,2.0,0.2,cross_sectional_xgboost
2025-07-24,META,-0.0745979,-0.6714767990027083,-0.0029658124578515,8.0,8.0,0.3,cross_sectional_xgboost
2025-07-24,MSFT,-0.02343252,0.06963284202064926,0.0055394773878973,5.0,3.0,0.6,cross_sectional_xgboost
2025-07-24,NVDA,0.031295788,-0.5334153240899066,-0.0013813601775607,1.0,7.0,1.0,cross_sectional_xgboost
2025-07-24,TSLA,-0.6478927,2.6579454975752816,0.0352440556693423,10.0,1.0,0.1,cross_sectional_xgboost
2025-07-24,XOM,-0.034812428,-0.719785721778254,-0.0035202262282277,6.0,10.0,0.5,cross_sectional_xgboost
2025-07-25,AAPL,-0.030988261,-0.6725087910372464,0.000794799956586,5.0,7.0,0.6,cross_sectional_xgboost
2025-07-25,AMZN,-0.02874781,-0.1988164199636712,0.0058330056623134,4.0,6.0,0.7,cross_sectional_xgboost
2025-07-25,AVGO,0.03686003,0.5876672344012421,0.014198068468586,1.0,3.0,1.0,cross_sectional_xgboost
2025-07-25,GOOGL,0.016227275,-1.0392497534093394,-0.0031058674849423,2.0,10.0,0.9,cross_sectional_xgboost
2025-07-25,JPM,-0.110477924,-0.8542845800650881,-0.0011385725724407,9.0,8.0,0.2,cross_sectional_xgboost
2025-07-25,META,-0.07626952,-0.09420780753002246,0.0069456258779123,7.0,5.0,0.4,cross_sectional_xgboost
2025-07-25,MSFT,-0.08319376,-0.9687023922334573,-0.0023555237190193,8.0,9.0,0.3,cross_sectional_xgboost
2025-07-25,NVDA,0.013153027,1.0139387537555238,0.0187319046292411,3.0,2.0,0.8,cross_sectional_xgboost
2025-07-25,TSLA,-0.27093226,2.087703655581132,0.0301524990600248,10.0,1.0,0.1,cross_sectional_xgboost
2025-07-25,XOM,-0.038706273,0.13846010050092608,0.0094202884508485,6.0,4.0,0.5,cross_sectional_xgboost
2025-07-28,AAPL,-0.05812612,-0.7653230709729136,-0.0129876353362187,7.0,8.0,0.4,cross_sectional_xgboost
2025-07-28,AMZN,-0.01622505,-0.35711715520709536,-0.0076463715392997,3.0,7.0,0.8,cross_sectional_xgboost
2025-07-28,AVGO,-0.044621136,1.0374902542943785,0.0106016885195814,5.0,3.0,0.6,cross_sectional_xgboost
2025-07-28,GOOGL,-0.021736111,1.4852638847318975,0.0164606851413819,4.0,1.0,0.7,cross_sectional_xgboost
2025-07-28,JPM,-0.08314185,-0.09045021790619286,-0.004157106923013,9.0,5.0,0.2,cross_sectional_xgboost
2025-07-28,META,-0.007511973,-1.65027193588981,-0.0245669514405371,2.0,10.0,0.9,cross_sectional_xgboost
2025-07-28,MSFT,-0.06694008,0.23769826042712966,0.0001366269981322,8.0,4.0,0.3,cross_sectional_xgboost
2025-07-28,NVDA,0.1058778,-0.308895179951889,-0.0070154000597136,1.0,6.0,1.0,cross_sectional_xgboost
2025-07-28,TSLA,-0.22265173,-0.8031940242842173,-0.013483166498468,10.0,9.0,0.1,cross_sectional_xgboost
2025-07-28,XOM,-0.049083836,1.2147991847587123,0.0129217278296018,6.0,2.0,0.5,cross_sectional_xgboost
2025-07-29,AAPL,-0.039441016,-1.0903301374434935,-0.0105079433159919,4.0,10.0,0.7,cross_sectional_xgboost
2025-07-29,AMZN,-0.030065969,-0.4668728650135274,-0.0035495956232554,3.0,6.0,0.8,cross_sectional_xgboost
2025-07-29,AVGO,-0.060367852,1.4176756092892129,0.0174836717839952,7.0,2.0,0.4,cross_sectional_xgboost
2025-07-29,GOOGL,-0.049516324,0.20818668206492533,0.003984680179744,5.0,4.0,0.6,cross_sectional_xgboost
2025-07-29,JPM,-0.08705795,0.6324165959853484,0.0087194701537427,9.0,3.0,0.2,cross_sectional_xgboost
2025-07-29,META,-0.06757248,-0.761944155658262,-0.0068428584100508,8.0,8.0,0.3,cross_sectional_xgboost
2025-07-29,MSFT,-0.059932172,-0.031715108585423195,0.0013071589681477,6.0,5.0,0.5,cross_sectional_xgboost
2025-07-29,NVDA,0.12305709,1.7706541078351647,0.0214232314451887,1.0,1.0,1.0,cross_sectional_xgboost
2025-07-29,TSLA,-0.26121446,-0.7513656952298898,-0.0067247932130124,10.0,7.0,0.1,cross_sectional_xgboost
2025-07-29,XOM,0.055079065,-0.9267050332440557,-0.0086817389927312,2.0,9.0,0.9,cross_sectional_xgboost
2025-07-30,AAPL,-0.07302633,-0.28622701806514567,-0.0070795907177169,5.0,5.0,0.6,cross_sectional_xgboost
2025-07-30,AMZN,-0.017876407,0.2680060053668683,0.0170294023518382,4.0,3.0,0.7,cross_sectional_xgboost
2025-07-30,AVGO,0.036912236,-0.8010891331820931,-0.0294759594657686,2.0,9.0,0.9,cross_sectional_xgboost
2025-07-30,GOOGL,-0.0145976655,-0.6650618678180368,-0.0235588086297812,3.0,8.0,0.8,cross_sectional_xgboost
2025-07-30,JPM,-0.10287947,-0.3835709139602067,-0.0113140249940523,8.0,7.0,0.3,cross_sectional_xgboost
2025-07-30,META,-0.08120569,2.4633691339506827,0.1125271302288861,6.0,1.0,0.5,cross_sectional_xgboost
2025-07-30,MSFT,-0.08778948,0.7839926274307093,0.0394746868610285,7.0,2.0,0.4,cross_sectional_xgboost
2025-07-30,NVDA,0.1573426,-0.30300753719734624,-0.0078095389567384,1.0,6.0,1.0,cross_sectional_xgboost
2025-07-30,TSLA,-0.18810329,-0.8995178433542206,-0.0337575828823786,10.0,10.0,0.1,cross_sectional_xgboost
2025-07-30,XOM,-0.12760693,-0.17689345317121113,-0.0023236089431647,9.0,4.0,0.2,cross_sectional_xgboost
2025-07-31,AAPL,0.06288172,0.09914886098577394,-0.0250036231675303,1.0,8.0,1.0,cross_sectional_xgboost
2025-07-31,AMZN,-0.08737995,-2.7676589207202813,-0.0826961708593304,6.0,10.0,0.5,cross_sectional_xgboost
2025-07-31,AVGO,-0.0027279078,0.48550549293342454,-0.017228459950477,4.0,2.0,0.7,cross_sectional_xgboost
2025-07-31,GOOGL,-0.109621055,0.6243395672276896,-0.014434519071852,7.0,1.0,0.4,cross_sectional_xgboost
2025-07-31,JPM,-0.12526056,0.1892339699557691,-0.0231907219054584,8.0,6.0,0.3,cross_sectional_xgboost
2025-07-31,META,-0.32724655,-0.16369765537184494,-0.0302932297038852,9.0,9.0,0.2,cross_sectional_xgboost
2025-07-31,MSFT,-0.41186988,0.4670051736177273,-0.0176007662352741,10.0,3.0,0.1,cross_sectional_xgboost
2025-07-31,NVDA,0.0499096,0.1822357186565185,-0.023331556930889,3.0,7.0,0.8,cross_sectional_xgboost
2025-07-31,TSLA,-0.04244083,0.4324781451157296,-0.0182955990912538,5.0,5.0,0.6,cross_sectional_xgboost
2025-07-31,XOM,0.05846861,0.4514096475994945,-0.0179146155398306,2.0,4.0,0.9,cross_sectional_xgboost
2025-08-01,AAPL,0.054897152,-0.5737333867378542,0.0047930274311329,1.0,8.0,1.0,cross_sectional_xgboost
2025-08-01,AMZN,-0.080266334,-1.520429284112709,-0.0144354184098514,5.0,9.0,0.6,cross_sectional_xgboost
2025-08-01,AVGO,-0.04780131,0.7390805958269221,0.0314577384888574,4.0,3.0,0.7,cross_sectional_xgboost
2025-08-01,GOOGL,-0.09916772,0.7287678184522035,0.0312482745186746,7.0,4.0,0.4,cross_sectional_xgboost
2025-08-01,JPM,-0.15347256,0.022290092967304005,0.0168989267291497,8.0,7.0,0.3,cross_sectional_xgboost
2025-08-01,META,-0.1670509,0.9206772171167127,0.0351461676951729,9.0,2.0,0.2,cross_sectional_xgboost
2025-08-01,MSFT,-0.09042416,0.27339515939082343,0.0219991497083664,6.0,5.0,0.5,cross_sectional_xgboost
2025-08-01,NVDA,-0.039483633,0.9701094505242945,0.0361501912950557,3.0,1.0,0.8,cross_sectional_xgboost
2025-08-01,TSLA,-0.19104758,0.26890532443488296,0.0219079561703732,10.0,6.0,0.1,cross_sectional_xgboost
2025-08-01,XOM,0.037382,-1.8290629878625795,-0.0207041119509484,2.0,10.0,0.9,cross_sectional_xgboost
2025-08-04,AAPL,0.07694859,0.5064331208949844,-0.0021145854217485,2.0,5.0,0.9,cross_sectional_xgboost
2025-08-04,AMZN,-0.06021989,1.9294749362500743,0.0099220702295068,5.0,1.0,0.6,cross_sectional_xgboost
2025-08-04,AVGO,-0.102118514,-1.145682365195079,-0.0160888376099811,7.0,9.0,0.4,cross_sectional_xgboost
2025-08-04,GOOGL,-0.020810723,0.5321500095317212,-0.0018970617133079,4.0,4.0,0.7,cross_sectional_xgboost
2025-08-04,JPM,-0.080870226,-0.4047062867189563,-0.0098213661933319,6.0,7.0,0.5,cross_sectional_xgboost
2025-08-04,META,-0.20520547,-1.2095001319072938,-0.0166286337523421,10.0,10.0,0.1,cross_sectional_xgboost
2025-08-04,MSFT,-0.16317251,-0.985018730443371,-0.0147298804617663,9.0,8.0,0.2,cross_sectional_xgboost
2025-08-04,NVDA,0.10831555,-0.38643000098981434,-0.0096667780740427,1.0,6.0,1.0,cross_sectional_xgboost
2025-08-04,TSLA,-0.111325674,0.5499938749938125,-0.0017461311772288,8.0,3.0,0.3,cross_sectional_xgboost
2025-08-04,XOM,0.036071565,0.6132855735839229,-0.0012107847290135,3.0,2.0,0.8,cross_sectional_xgboost
2025-08-05,AAPL,0.11125178,1.6487023857102543,0.0509066309663106,2.0,1.0,0.9,cross_sectional_xgboost
2025-08-05,AMZN,0.07477951,1.1209386751379289,0.0400467722039472,3.0,2.0,0.8,cross_sectional_xgboost
2025-08-05,AVGO,-0.012645783,0.6247466499337633,0.029836567893225,6.0,4.0,0.5,cross_sectional_xgboost
2025-08-05,GOOGL,-0.007302306,-0.4707493085903446,0.0072944128606058,5.0,6.0,0.6,cross_sectional_xgboost
2025-08-05,JPM,-0.025866266,-0.8285761997053349,-6.863507361143384e-05,7.0,8.0,0.4,cross_sectional_xgboost
2025-08-05,META,-0.02980151,-0.2822677551797118,0.0111728209594321,8.0,5.0,0.3,cross_sectional_xgboost
2025-08-05,MSFT,-0.08066833,-1.083996231150216,-0.0053244444652079,9.0,9.0,0.2,cross_sectional_xgboost
2025-08-05,NVDA,0.0169085,-0.5089978782807991,0.0065073673393245,4.0,7.0,0.7,cross_sectional_xgboost
2025-08-05,TSLA,-0.15863205,0.936251654162476,0.0362464446655872,10.0,3.0,0.1,cross_sectional_xgboost
2025-08-05,XOM,0.11896841,-1.1560519920380161,-0.0068071447164388,1.0,10.0,1.0,cross_sectional_xgboost
2025-08-06,AAPL,0.10563265,2.2166071176475777,0.0317936781918692,1.0,1.0,1.0,cross_sectional_xgboost
2025-08-06,AMZN,0.09259035,0.13860766503896224,0.0036885760119835,2.0,5.0,0.9,cross_sectional_xgboost
2025-08-06,AVGO,-0.0805227,0.37812013045971044,0.0069280005005492,9.0,4.0,0.2,cross_sectional_xgboost
2025-08-06,GOOGL,0.0072177486,0.02803010998158945,0.002193006087849,5.0,6.0,0.6,cross_sectional_xgboost
2025-08-06,JPM,0.06707813,-1.2532500810668845,-0.0151364068940818,3.0,10.0,0.8,cross_sectional_xgboost
2025-08-06,META,-0.10337769,-1.107181656121681,-0.0131608202291352,10.0,9.0,0.1,cross_sectional_xgboost
2025-08-06,MSFT,-0.053490955,-0.7115999956130259,-0.0078105478914174,8.0,8.0,0.3,cross_sectional_xgboost
2025-08-06,NVDA,0.05223551,0.42220345056907793,0.0075242307904788,4.0,2.0,0.7,cross_sectional_xgboost
2025-08-06,TSLA,-0.048222743,0.41131982572192866,0.0073770289285954,7.0,3.0,0.4,cross_sectional_xgboost
2025-08-06,XOM,-0.041911263,-0.5228565666172549,-0.0052577785193904,6.0,7.0,0.5,cross_sectional_xgboost
2025-08-07,AAPL,0.037579414,2.201992562521481,0.0423579536585692,3.0,1.0,0.8,cross_sectional_xgboost
2025-08-07,AMZN,0.060111348,-1.1156777469733132,-0.001971955504762,1.0,10.0,1.0,cross_sectional_xgboost
2025-08-07,AVGO,-0.065727085,-0.6699671774641826,0.0039835214463173,8.0,8.0,0.3,cross_sectional_xgboost
2025-08-07,GOOGL,0.024320275,0.8979516156913351,0.024933673568771,4.0,2.0,0.7,cross_sectional_xgboost
2025-08-07,JPM,0.020151073,-0.49340875949787705,0.0063426523726388,5.0,7.0,0.6,cross_sectional_xgboost
2025-08-07,META,-0.01405868,-0.2342518168307569,0.0098054448311304,6.0,5.0,0.5,cross_sectional_xgboost
2025-08-07,MSFT,-0.37205777,-0.795659790406698,0.0023040471181126,10.0,9.0,0.1,cross_sectional_xgboost
2025-08-07,NVDA,0.06003476,-0.16905824102584885,0.0106765456409949,2.0,4.0,0.9,cross_sectional_xgboost
2025-08-07,TSLA,-0.18372938,0.7457557127710086,0.022900068682782,9.0,3.0,0.2,cross_sectional_xgboost
2025-08-07,XOM,-0.049299728,-0.3676763587851491,0.0080226583354168,7.0,6.0,0.4,cross_sectional_xgboost
2025-08-08,AAPL,-0.066221364,-0.7105659835565986,-0.0083373962714026,7.0,9.0,0.4,cross_sectional_xgboost
2025-08-08,AMZN,0.19063662,-0.5168458544963035,-0.0062418580735978,1.0,8.0,1.0,cross_sectional_xgboost
2025-08-08,AVGO,0.07977982,-0.26417873430593797,-0.0035086697144085,4.0,6.0,0.7,cross_sectional_xgboost
2025-08-08,GOOGL,-0.0024834871,-0.13258559227764735,-0.0020851808027136,5.0,4.0,0.6,cross_sectional_xgboost
2025-08-08,JPM,0.12657833,0.31629721538803435,0.0027705410800058,3.0,2.0,0.8,cross_sectional_xgboost
2025-08-08,META,-0.12609103,-0.3520121567558052,-0.0044587944778002,9.0,7.0,0.2,cross_sectional_xgboost
2025-08-08,MSFT,-0.013724605,0.012368954413545899,-0.0005171569168616,6.0,3.0,0.5,cross_sectional_xgboost
2025-08-08,NVDA,0.13404281,-0.2636599554154352,-0.0035030579022208,2.0,5.0,0.9,cross_sectional_xgboost
2025-08-08,TSLA,-0.15213004,2.690621662686071,0.0284544366949328,10.0,1.0,0.1,cross_sectional_xgboost
2025-08-08,XOM,-0.06665639,-0.7794395556799235,-0.0090824257213818,8.0,10.0,0.3,cross_sectional_xgboost
2025-08-11,AAPL,-0.03102263,-0.1471751578389248,0.0108723577767961,7.0,6.0,0.4,cross_sectional_xgboost
2025-08-11,AMZN,0.18510391,-1.1163211542888236,0.0007681796954406,1.0,10.0,1.0,cross_sectional_xgboost
2025-08-11,AVGO,0.01510069,1.6284418511575316,0.0293846877342067,5.0,2.0,0.6,cross_sectional_xgboost
2025-08-11,GOOGL,0.035431225,-0.07338027238292057,0.0116417327387441,4.0,4.0,0.7,cross_sectional_xgboost
2025-08-11,JPM,0.053775094,-0.10019435693211727,0.0113621729135309,2.0,5.0,0.9,cross_sectional_xgboost
2025-08-11,META,0.008910464,1.8319834332647345,0.0315067832699729,6.0,1.0,0.5,cross_sectional_xgboost
2025-08-11,MSFT,-0.30029717,0.18316858248748621,0.0143164745482073,10.0,3.0,0.1,cross_sectional_xgboost
2025-08-11,NVDA,0.048321158,-0.6104780310534192,0.006042028029048,3.0,7.0,0.8,cross_sectional_xgboost
2025-08-11,TSLA,-0.20020033,-0.6779328785352954,0.0053387533997308,9.0,8.0,0.2,cross_sectional_xgboost
2025-08-11,XOM,-0.07865325,-0.9181120158782514,0.0028346799329577,8.0,9.0,0.3,cross_sectional_xgboost
2025-08-12,AAPL,-0.053193714,1.5083843249980022,0.0160244615687279,7.0,1.0,0.4,cross_sectional_xgboost
2025-08-12,AMZN,0.19797716,1.3392935476511656,0.013952211680404,1.0,2.0,1.0,cross_sectional_xgboost
2025-08-12,AVGO,-0.100932084,-0.7746981549161394,-0.0119552868733289,9.0,8.0,0.2,cross_sectional_xgboost
2025-08-12,GOOGL,0.02164538,-0.3529413872879609,-0.0067865518995424,4.0,5.0,0.7,cross_sectional_xgboost
2025-08-12,JPM,0.08115422,-0.4456055792677355,-0.0079221748146103,2.0,6.0,0.9,cross_sectional_xgboost
2025-08-12,META,-0.23890428,-0.8237913373653589,-0.0125569361379673,10.0,9.0,0.1,cross_sectional_xgboost
2025-08-12,MSFT,-0.045527432,-1.1343586409241868,-0.0163630163406548,6.0,10.0,0.5,cross_sectional_xgboost
2025-08-12,NVDA,0.017045565,-0.49861672427600584,-0.0085718396931269,5.0,7.0,0.6,cross_sectional_xgboost
2025-08-12,TSLA,-0.07401083,-0.14869896390798132,-0.0042835097722239,8.0,4.0,0.3,cross_sectional_xgboost
2025-08-12,XOM,0.040219527,1.3310329152962013,0.0138509755589333,3.0,3.0,0.8,cross_sectional_xgboost
2025-08-13,AAPL,-0.07601419,-0.6607357039410673,-0.002357167292978,9.0,9.0,0.2,cross_sectional_xgboost
2025-08-13,AMZN,0.0027185888,2.2822621847486526,0.0285892333396118,7.0,1.0,0.4,cross_sectional_xgboost
2025-08-13,AVGO,-0.023512386,0.22185468356212046,0.0069235038998602,8.0,3.0,0.3,cross_sectional_xgboost
2025-08-13,GOOGL,0.021264747,0.024901413448934134,0.0048524882099594,3.0,4.0,0.8,cross_sectional_xgboost
2025-08-13,JPM,0.050459616,0.7516466649577236,0.0124944066080172,1.0,2.0,1.0,cross_sectional_xgboost
2025-08-13,META,0.024032004,-0.1866642365368034,0.0026278194836533,2.0,6.0,0.9,cross_sectional_xgboost
2025-08-13,MSFT,0.01885553,-0.08948644869433921,0.0036496696068624,5.0,5.0,0.6,cross_sectional_xgboost
2025-08-13,NVDA,0.005500996,-0.211372011866561,0.002368010695807,6.0,7.0,0.5,cross_sectional_xgboost
2025-08-13,TSLA,-0.0863844,-1.501396926585929,-0.0111969422354715,10.0,10.0,0.1,cross_sectional_xgboost
2025-08-13,XOM,0.020273361,-0.6310096190927312,-0.0020445896542069,4.0,8.0,0.7,cross_sectional_xgboost
2025-08-14,AAPL,-0.02675024,0.004387983612195378,-0.0051122010426253,8.0,6.0,0.3,cross_sectional_xgboost
2025-08-14,AMZN,0.04661006,0.7050023249446566,0.0002164821745724,1.0,4.0,1.0,cross_sectional_xgboost
2025-08-14,AVGO,-0.022509025,-1.389265331544909,-0.0157119512803179,7.0,10.0,0.4,cross_sectional_xgboost
2025-08-14,GOOGL,0.008858642,1.2984867925957286,0.0047303645430452,5.0,1.0,0.6,cross_sectional_xgboost
2025-08-14,JPM,-0.104399644,-0.9638420386886005,-0.0124762967595483,9.0,8.0,0.2,cross_sectional_xgboost
2025-08-14,META,0.04167583,1.197659352220483,0.0039634982977172,2.0,2.0,0.9,cross_sectional_xgboost
2025-08-14,MSFT,0.017841699,0.0952467331376798,-0.0044211539641267,3.0,5.0,0.8,cross_sectional_xgboost
2025-08-14,NVDA,0.015621008,-0.4575212803339837,-0.0086253579928199,4.0,7.0,0.7,cross_sectional_xgboost
2025-08-14,TSLA,-0.13637939,-1.2902862325464164,-0.0149591430196655,10.0,9.0,0.1,cross_sectional_xgboost
2025-08-14,XOM,0.0030800644,0.8001316966031662,0.0009400104501358,6.0,3.0,0.5,cross_sectional_xgboost
2025-08-15,AAPL,-0.04381491,-0.2562960376199532,-0.0030224932219571,5.0,8.0,0.6,cross_sectional_xgboost
2025-08-15,AMZN,0.044323504,0.2578422365143097,0.0019911124801876,2.0,5.0,0.9,cross_sectional_xgboost
2025-08-15,AVGO,-0.0873036,-0.14048869732647282,-0.0018932010240104,8.0,6.0,0.3,cross_sectional_xgboost
2025-08-15,GOOGL,-0.047984194,-0.14751760104726933,-0.0019617431916476,6.0,7.0,0.5,cross_sectional_xgboost
2025-08-15,JPM,-0.06287836,0.4207965436743633,0.0035801570712412,7.0,3.0,0.4,cross_sectional_xgboost
2025-08-15,META,-0.15242755,-2.278793963522349,-0.0227448279400919,9.0,10.0,0.2,cross_sectional_xgboost
2025-08-15,MSFT,-0.028436465,-0.5515704027307647,-0.0059018533378899,4.0,9.0,0.7,cross_sectional_xgboost
2025-08-15,NVDA,-0.0068220193,0.9401854778301159,0.0086449644448975,3.0,2.0,0.8,cross_sectional_xgboost
2025-08-15,TSLA,-0.2888312,1.4807020943025102,0.0139157978505861,10.0,1.0,0.1,cross_sectional_xgboost
2025-08-15,XOM,0.13138977,0.2751403499255102,0.0021597945729199,1.0,4.0,1.0,cross_sectional_xgboost
2025-08-18,AAPL,-0.084636405,0.9579960249518202,-0.0014292331272455,9.0,2.0,0.2,cross_sectional_xgboost
2025-08-18,AMZN,-0.013162006,-0.03761331330060958,-0.0150330938863401,4.0,6.0,0.7,cross_sectional_xgboost
2025-08-18,AVGO,-0.0150767695,-1.534429620816911,-0.0354853735577378,5.0,10.0,0.6,cross_sectional_xgboost
2025-08-18,GOOGL,0.028776288,0.36850846745804405,-0.0094839051188122,2.0,4.0,0.9,cross_sectional_xgboost
2025-08-18,JPM,-0.023137648,0.8441983997215333,-0.002984147277675,7.0,3.0,0.4,cross_sectional_xgboost
2025-08-18,META,-0.021268275,-0.4528734757597217,-0.0207071481683224,6.0,8.0,0.5,cross_sectional_xgboost
2025-08-18,MSFT,0.0850517,0.025164710892386536,-0.0141753041217808,1.0,5.0,1.0,cross_sectional_xgboost
2025-08-18,NVDA,0.009569507,-1.4987662625062916,-0.034998074632327,3.0,9.0,0.8,cross_sectional_xgboost
2025-08-18,TSLA,-0.1880594,-0.21481619276822647,-0.0174543681811548,10.0,7.0,0.1,cross_sectional_xgboost
2025-08-18,XOM,-0.032553803,1.5426312621279765,0.0065591374673543,8.0,1.0,0.3,cross_sectional_xgboost
2025-08-19,AAPL,-0.024618605,-1.191910147119353,-0.0197346019793586,5.0,10.0,0.6,cross_sectional_xgboost
2025-08-19,AMZN,-0.059148,-1.0617638754894352,-0.018420231785569,7.0,9.0,0.4,cross_sectional_xgboost
2025-08-19,AVGO,0.13729821,-0.49356047900486116,-0.0126818452840101,2.0,7.0,0.9,cross_sectional_xgboost
2025-08-19,GOOGL,-0.027156118,-0.3431124112451606,-0.011162443663817,6.0,6.0,0.5,cross_sectional_xgboost
2025-08-19,JPM,0.015043323,1.3004057178321342,0.0054357363282671,4.0,2.0,0.7,cross_sectional_xgboost
2025-08-19,META,0.023056436,0.26674243369395867,-0.0050034118245838,3.0,4.0,0.8,cross_sectional_xgboost
2025-08-19,MSFT,-0.32800925,-0.02450160451662631,-0.007944736828741,10.0,5.0,0.1,cross_sectional_xgboost
2025-08-19,NVDA,0.2537331,0.626870257824727,-0.0013664172947845,1.0,3.0,1.0,cross_sectional_xgboost
2025-08-19,TSLA,-0.14620794,-0.8645268977574052,-0.0164283006960538,9.0,8.0,0.2,cross_sectional_xgboost
2025-08-19,XOM,-0.0942611,1.785357005782021,0.0103333450752447,8.0,1.0,0.3,cross_sectional_xgboost
2025-08-20,AAPL,-0.07620305,-0.1666423406867828,-0.0049113393404935,7.0,6.0,0.4,cross_sectional_xgboost
2025-08-20,AMZN,-0.045786295,-0.7591521462163806,-0.0083106234334531,5.0,8.0,0.6,cross_sectional_xgboost
2025-08-20,AVGO,0.098061234,-0.2504385485889363,-0.0053920860115423,2.0,7.0,0.9,cross_sectional_xgboost
2025-08-20,GOOGL,-0.045422785,1.065467747420605,0.0021573913103603,4.0,2.0,0.7,cross_sectional_xgboost
2025-08-20,JPM,-0.0020140572,0.23019660552573035,-0.0026346372425066,3.0,5.0,0.8,cross_sectional_xgboost
2025-08-20,META,-0.09486751,-1.3200250144633614,-0.0115284034624274,8.0,9.0,0.3,cross_sectional_xgboost
2025-08-20,MSFT,-0.2635442,0.4650177259532033,-0.0012874465430268,10.0,3.0,0.1,cross_sectional_xgboost
2025-08-20,NVDA,0.21735668,0.272045581491816,-0.0023945457588205,1.0,4.0,1.0,cross_sectional_xgboost
2025-08-20,TSLA,-0.19088845,-1.3501387768425557,-0.0117011689297318,9.0,10.0,0.2,cross_sectional_xgboost
2025-08-20,XOM,-0.07243456,1.8136691664066622,0.0064498927308487,6.0,1.0,0.5,cross_sectional_xgboost
2025-08-21,AAPL,0.05333434,-0.6680345385641352,0.0127167547395947,2.0,9.0,0.9,cross_sectional_xgboost
2025-08-21,AMZN,-0.014762214,0.4958744041166288,0.0310430253858267,5.0,3.0,0.6,cross_sectional_xgboost
2025-08-21,AVGO,0.013035297,-0.5107400764941695,0.0151934269064124,3.0,8.0,0.8,cross_sectional_xgboost
2025-08-21,GOOGL,0.008438382,0.5401179998018438,0.0317396607317346,4.0,2.0,0.7,cross_sectional_xgboost
2025-08-21,JPM,-0.022018783,-0.43631468895789083,0.0163652881619837,6.0,7.0,0.5,cross_sectional_xgboost
2025-08-21,META,-0.32017237,-0.1274496790363363,0.0212285068876139,9.0,4.0,0.2,cross_sectional_xgboost
2025-08-21,MSFT,-0.4277499,-1.0990735131633655,0.0059298519004553,10.0,10.0,0.1,cross_sectional_xgboost
2025-08-21,NVDA,0.14522165,-0.38316456734384974,0.0172021607710519,1.0,6.0,1.0,cross_sectional_xgboost
2025-08-21,TSLA,-0.21093093,2.472520554360672,0.0621662095051711,7.0,1.0,0.4,cross_sectional_xgboost
2025-08-21,XOM,-0.25022432,-0.2837358947193967,0.0187677100143754,8.0,5.0,0.3,cross_sectional_xgboost
2025-08-22,AAPL,-0.0141797215,-0.6353478992117085,-0.0026342256482733,4.0,7.0,0.7,cross_sectional_xgboost
2025-08-22,AMZN,-0.05332769,-0.7893073440871546,-0.0039328522587263,6.0,8.0,0.5,cross_sectional_xgboost
2025-08-22,AVGO,0.089571364,-0.23029592173444113,0.0007823317249631,2.0,5.0,0.9,cross_sectional_xgboost
2025-08-22,GOOGL,-0.013274655,1.0575791897312712,0.0116453800559215,3.0,2.0,0.8,cross_sectional_xgboost
2025-08-22,JPM,-0.06393211,-0.8593168085065435,-0.0045233724022104,7.0,9.0,0.4,cross_sectional_xgboost
2025-08-22,META,-0.36453435,-0.5570775168783302,-0.0019740258054466,10.0,6.0,0.1,cross_sectional_xgboost
2025-08-22,MSFT,-0.36112103,-1.0172296777259036,-0.0058553455998739,9.0,10.0,0.2,cross_sectional_xgboost
2025-08-22,NVDA,0.21669737,0.8892022176826414,0.0102251435990627,1.0,3.0,1.0,cross_sectional_xgboost
2025-08-22,TSLA,-0.115416266,1.9747716544058722,0.0193817715614703,8.0,1.0,0.3,cross_sectional_xgboost
2025-08-22,XOM,-0.03937969,0.16702210632429676,0.0041336543051868,5.0,4.0,0.6,cross_sectional_xgboost
2025-08-25,AAPL,0.04030182,0.5481455285630008,0.0094646384178171,3.0,5.0,0.8,cross_sectional_xgboost
2025-08-25,AMZN,-0.01567009,-0.2270798085688171,0.003378100659005,4.0,6.0,0.7,cross_sectional_xgboost
2025-08-25,AVGO,0.045009576,0.9789447422138199,0.012846978435306,2.0,2.0,0.9,cross_sectional_xgboost
2025-08-25,GOOGL,-0.03667413,-1.4820653571986504,-0.0064751852988044,5.0,10.0,0.6,cross_sectional_xgboost
2025-08-25,JPM,-0.06120549,0.9277177130931153,0.0124447789301034,6.0,3.0,0.5,cross_sectional_xgboost
2025-08-25,META,-0.2728531,-0.5220798143243083,0.0010619629015322,9.0,7.0,0.2,cross_sectional_xgboost
2025-08-25,MSFT,-0.3437803,-1.218069510591014,-0.0044024709387554,10.0,9.0,0.1,cross_sectional_xgboost
2025-08-25,NVDA,0.18709126,0.7310211716523518,0.0109004525656732,1.0,4.0,1.0,cross_sectional_xgboost
2025-08-25,TSLA,-0.15956327,1.205767337313412,0.0146278339149956,8.0,1.0,0.3,cross_sectional_xgboost
2025-08-25,XOM,-0.12929395,-0.9423020021529096,-0.0022373335620901,7.0,8.0,0.4,cross_sectional_xgboost
2025-08-26,AAPL,0.062128484,0.43751059660905484,0.0051459481293716,2.0,4.0,0.9,cross_sectional_xgboost
2025-08-26,AMZN,-0.05201376,-0.08544183225599523,0.0017926124405795,7.0,6.0,0.4,cross_sectional_xgboost
2025-08-26,AVGO,0.053364713,0.807211463161409,0.0075165865307993,3.0,3.0,0.8,cross_sectional_xgboost
2025-08-26,GOOGL,0.009879064,-0.10902980443665825,0.0016413589334272,5.0,7.0,0.6,cross_sectional_xgboost
2025-08-26,JPM,-0.05675859,0.005856885803083361,0.0023780485772333,8.0,5.0,0.3,cross_sectional_xgboost
2025-08-26,META,0.006563151,-1.7547036465554964,-0.0089112200819631,6.0,10.0,0.5,cross_sectional_xgboost
2025-08-26,MSFT,-0.32364807,1.0949556674432182,0.009361692999767,10.0,2.0,0.1,cross_sectional_xgboost
2025-08-26,NVDA,0.12710173,-0.5108663135511841,-0.0009353433299083,1.0,8.0,1.0,cross_sectional_xgboost
2025-08-26,TSLA,-0.1324569,-1.282955243276393,-0.0058862207330171,9.0,9.0,0.2,cross_sectional_xgboost
2025-08-26,XOM,0.018460212,1.3974622270589614,0.0113014603408514,4.0,1.0,0.7,cross_sectional_xgboost
2025-08-27,AAPL,-0.012137067,0.16017601699001421,0.0089807837977911,5.0,4.0,0.6,cross_sectional_xgboost
2025-08-27,AMZN,0.0029278335,0.322498911569075,0.0108240705271474,4.0,3.0,0.7,cross_sectional_xgboost
2025-08-27,AVGO,0.15890317,1.8329770560773035,0.0279765758836771,1.0,1.0,1.0,cross_sectional_xgboost
2025-08-27,GOOGL,-0.019868745,1.1349633744186942,0.0200501563872346,6.0,2.0,0.5,cross_sectional_xgboost
2025-08-27,JPM,-0.08420301,-0.10398508575829273,0.005981055038821,9.0,5.0,0.2,cross_sectional_xgboost
2025-08-27,META,0.026611973,-0.19119633547952175,0.004990712058069,3.0,8.0,0.8,cross_sectional_xgboost
2025-08-27,MSFT,-0.053071637,-0.12671570069636365,0.005722933465927,8.0,6.0,0.3,cross_sectional_xgboost
2025-08-27,NVDA,0.14931248,-1.3241148613494689,-0.0078743473631136,2.0,9.0,0.9,cross_sectional_xgboost
2025-08-27,TSLA,-0.041055296,-1.542536807350147,-0.010354676927882,7.0,10.0,0.4,cross_sectional_xgboost
2025-08-27,XOM,-0.13839498,-0.16206656842129266,0.0053215003500528,10.0,7.0,0.1,cross_sectional_xgboost
2025-08-28,AAPL,0.06345234,0.620941121740268,-0.0018059976322623,3.0,4.0,0.8,cross_sectional_xgboost
2025-08-28,AMZN,-0.023112424,0.07198959026437186,-0.011226278216735,5.0,6.0,0.6,cross_sectional_xgboost
2025-08-28,AVGO,0.16086826,-1.399703871434454,-0.0364812680448226,1.0,10.0,1.0,cross_sectional_xgboost
2025-08-28,GOOGL,-0.054649156,1.0758684983273452,0.0060007818141605,7.0,2.0,0.4,cross_sectional_xgboost
2025-08-28,JPM,-0.042730756,0.7939235973221276,0.0011624674557149,6.0,3.0,0.5,cross_sectional_xgboost
2025-08-28,META,-0.058870826,-0.23662144519933007,-0.0165221966700755,8.0,7.0,0.3,cross_sectional_xgboost
2025-08-28,MSFT,-0.013104554,0.3888722746976921,-0.0057884141639705,4.0,5.0,0.7,cross_sectional_xgboost
2025-08-28,NVDA,0.11886369,-1.2112042786393238,-0.0332465215282862,2.0,8.0,0.9,cross_sectional_xgboost
2025-08-28,TSLA,-0.062061936,-1.3135058940041964,-0.0350020679940933,9.0,9.0,0.2,cross_sectional_xgboost
2025-08-28,XOM,-0.08407909,1.2094404069254987,0.0082929420233053,10.0,1.0,0.1,cross_sectional_xgboost
2025-08-29,AAPL,0.08475836,-0.3974471868773797,-0.0104247161560241,3.0,7.0,0.8,cross_sectional_xgboost
2025-08-29,AMZN,-0.11189749,-1.1294211190864494,-0.0159825487428355,7.0,9.0,0.4,cross_sectional_xgboost
2025-08-29,AVGO,0.19670016,1.3519140417921418,0.0028580749584918,1.0,2.0,1.0,cross_sectional_xgboost
2025-08-29,GOOGL,0.0016135563,0.010528960247429515,-0.0073269786200863,5.0,6.0,0.6,cross_sectional_xgboost
2025-08-29,JPM,-0.091788895,0.22399817834967656,-0.0057061201107276,6.0,5.0,0.5,cross_sectional_xgboost
2025-08-29,META,-0.15268575,0.33544150626114294,-0.0048599378463131,9.0,4.0,0.2,cross_sectional_xgboost
2025-08-29,MSFT,0.020434573,0.5674112308960862,-0.0030986061403617,4.0,3.0,0.7,cross_sectional_xgboost
2025-08-29,NVDA,0.19046694,-1.5952982505900648,-0.0195199248555431,2.0,10.0,0.9,cross_sectional_xgboost
2025-08-29,TSLA,-0.12225542,-0.8035567929962203,-0.0135082811620792,8.0,8.0,0.3,cross_sectional_xgboost
2025-08-29,XOM,-0.20587303,1.4364294320036368,0.0034997950650903,10.0,1.0,0.1,cross_sectional_xgboost
2025-09-02,AAPL,0.0029140192,0.7726939099454693,0.0380898804641911,5.0,2.0,0.6,cross_sectional_xgboost
2025-09-02,AMZN,-0.05755226,-0.34677468247445564,0.0028845707190781,7.0,5.0,0.4,cross_sectional_xgboost
2025-09-02,AVGO,0.101614654,0.0039794565642324205,0.0139151688018204,2.0,4.0,0.9,cross_sectional_xgboost
2025-09-02,GOOGL,0.008298614,2.4667486254928654,0.0913649088033907,4.0,1.0,0.7,cross_sectional_xgboost
2025-09-02,JPM,-0.08596683,-0.4586613031060933,-0.0006340658575461,8.0,8.0,0.3,cross_sectional_xgboost
2025-09-02,META,-0.2939642,-0.3545818025095158,0.002639050584871,10.0,6.0,0.1,cross_sectional_xgboost
2025-09-02,MSFT,0.016920175,-0.4240184735129574,0.0004553899382946,3.0,7.0,0.8,cross_sectional_xgboost
2025-09-02,NVDA,0.1477229,-0.4682870500601637,-0.0009367785958406,1.0,9.0,1.0,cross_sectional_xgboost
2025-09-02,TSLA,-0.041278277,0.01816309972261853,0.01436121932444,6.0,3.0,0.5,cross_sectional_xgboost
2025-09-02,XOM,-0.17632514,-1.2092617800619994,-0.0242391249587932,9.0,10.0,0.2,cross_sectional_xgboost
2025-09-03,AAPL,0.03624101,-0.6289762785158215,0.0054933410194895,2.0,8.0,0.9,cross_sectional_xgboost
2025-09-03,AMZN,-0.028520597,2.641687220990184,0.0428779456926482,4.0,1.0,0.7,cross_sectional_xgboost
2025-09-03,AVGO,-0.039150022,-0.03620169399188655,0.0122689214196347,5.0,5.0,0.6,cross_sectional_xgboost
2025-09-03,GOOGL,-0.1914333,-0.4875337787922523,0.0071100686152656,8.0,6.0,0.3,cross_sectional_xgboost
2025-09-03,JPM,-0.081642844,0.14938012151314511,0.0143901738224669,6.0,3.0,0.5,cross_sectional_xgboost
2025-09-03,META,-0.35929444,0.26733723545153376,0.0157384568462752,10.0,2.0,0.1,cross_sectional_xgboost
2025-09-03,MSFT,-0.0028799647,-0.6559912461602029,0.0051845523330973,3.0,9.0,0.8,cross_sectional_xgboost
2025-09-03,NVDA,0.16410749,-0.576300263371794,0.0060954427038157,1.0,7.0,1.0,cross_sectional_xgboost
2025-09-03,TSLA,-0.095125265,0.05311527601242448,0.013289839534482,7.0,4.0,0.4,cross_sectional_xgboost
2025-09-03,XOM,-0.35008198,-0.7265165931353309,0.0043784277603613,9.0,10.0,0.2,cross_sectional_xgboost
2025-09-04,AAPL,0.046884146,-0.0628063911951256,-0.0003753739368236,4.0,5.0,0.7,cross_sectional_xgboost
2025-09-04,AMZN,0.14407286,-0.41838686362338656,-0.0142141503260102,2.0,6.0,0.9,cross_sectional_xgboost
2025-09-04,AVGO,-0.04409506,2.363515758808463,0.0940542482882957,6.0,1.0,0.5,cross_sectional_xgboost
2025-09-04,GOOGL,-0.052938547,0.24548585890733962,0.0116230001092876,7.0,3.0,0.4,cross_sectional_xgboost
2025-09-04,JPM,-0.074242115,-0.8515151505294443,-0.0310709970178197,8.0,10.0,0.3,cross_sectional_xgboost
2025-09-04,META,-0.121061385,0.07726139226988706,0.0050759004862745,10.0,4.0,0.1,cross_sectional_xgboost
2025-09-04,MSFT,0.08626071,-0.7092195839116006,-0.0255330198782167,3.0,7.0,0.8,cross_sectional_xgboost
2025-09-04,NVDA,0.20354271,-0.7476878605085031,-0.0270301602421587,1.0,8.0,1.0,cross_sectional_xgboost
2025-09-04,TSLA,-0.023913398,0.8811702132661806,0.036363092201525,5.0,2.0,0.6,cross_sectional_xgboost
2025-09-04,XOM,-0.1157988,-0.7778173734838105,-0.0282027656721841,9.0,9.0,0.2,cross_sectional_xgboost
2025-09-05,AAPL,0.020101164,-0.8837080947276482,-0.0075514467227301,2.0,9.0,0.9,cross_sectional_xgboost
2025-09-05,AMZN,-0.1106636,0.8724576238557747,0.0151077970093089,5.0,2.0,0.6,cross_sectional_xgboost
2025-09-05,AVGO,-0.36289287,2.1917226299214727,0.0321298507957281,10.0,1.0,0.1,cross_sectional_xgboost
2025-09-05,GOOGL,-0.15228459,-0.5460258607178429,-0.003194441023644,7.0,7.0,0.4,cross_sectional_xgboost
2025-09-05,JPM,-0.12627105,-0.6854643893991728,-0.0049935716942824,6.0,8.0,0.5,cross_sectional_xgboost
2025-09-05,META,-0.06642594,-0.3138990897159883,-0.0001993836522332,3.0,6.0,0.8,cross_sectional_xgboost
2025-09-05,MSFT,-0.18672372,0.20258555211752297,0.0064646522410312,8.0,4.0,0.3,cross_sectional_xgboost
2025-09-05,NVDA,0.13300799,0.3001485408886515,0.0077234762337774,1.0,3.0,1.0,cross_sectional_xgboost
2025-09-05,TSLA,-0.08345562,-1.279277229268284,-0.0126553485570388,4.0,10.0,0.7,cross_sectional_xgboost
2025-09-05,XOM,-0.19264486,0.14146031704551443,0.0056759729125268,9.0,5.0,0.2,cross_sectional_xgboost
2025-09-08,AAPL,-0.012946395,-1.28938188376978,-0.0148393090101696,4.0,9.0,0.7,cross_sectional_xgboost
2025-09-08,AMZN,-0.018195659,0.3216001658845432,0.0101764297512747,5.0,5.0,0.6,cross_sectional_xgboost
2025-09-08,AVGO,-0.09635415,-2.0068290734872587,-0.0259800113395071,9.0,10.0,0.2,cross_sectional_xgboost
2025-09-08,GOOGL,-0.09121173,1.2044024369157103,0.0238848078147448,8.0,1.0,0.3,cross_sectional_xgboost
2025-09-08,JPM,-0.0387089,0.7523565095467536,0.0168653237493183,6.0,3.0,0.5,cross_sectional_xgboost
2025-09-08,META,0.11124041,0.8133219724968294,0.0178120109547759,2.0,2.0,0.9,cross_sectional_xgboost
2025-09-08,MSFT,-0.34199545,-0.30660041233583324,0.0004215714907986,10.0,8.0,0.1,cross_sectional_xgboost
2025-09-08,NVDA,0.11318859,0.6036612146793828,0.0145563454138637,1.0,4.0,1.0,cross_sectional_xgboost
2025-09-08,TSLA,-0.010944208,-0.2277798184114131,0.0016455177086092,3.0,7.0,0.8,cross_sectional_xgboost
2025-09-08,XOM,-0.08662912,0.1352488884810655,0.0072827197472513,7.0,6.0,0.4,cross_sectional_xgboost
2025-09-09,AAPL,-0.019644056,-1.0592558646865373,-0.0322594579814528,5.0,9.0,0.6,cross_sectional_xgboost
2025-09-09,AMZN,0.028362272,-1.0838703029994456,-0.0332018279034852,3.0,10.0,0.8,cross_sectional_xgboost
2025-09-09,AVGO,-0.22822818,2.3358167359450777,0.0977217449726568,9.0,1.0,0.2,cross_sectional_xgboost
2025-09-09,GOOGL,-0.11225932,-0.26679068707558135,-0.0019197306171687,7.0,7.0,0.4,cross_sectional_xgboost
2025-09-09,JPM,-0.12150583,0.019246040592928837,0.009031256983065,8.0,4.0,0.3,cross_sectional_xgboost
2025-09-09,META,0.0038671102,-0.6846671005190352,-0.017918233534433,4.0,8.0,0.7,cross_sectional_xgboost
2025-09-09,MSFT,-0.26546988,-0.11393381258134898,0.003932433022239,10.0,5.0,0.1,cross_sectional_xgboost
2025-09-09,NVDA,0.09670136,0.7883140956553726,0.0384752196635675,1.0,2.0,1.0,cross_sectional_xgboost
2025-09-09,TSLA,0.07213656,-0.15491813976175844,0.0023633378140295,2.0,6.0,0.9,cross_sectional_xgboost
2025-09-09,XOM,-0.09584362,0.22005903543032804,0.0167194326741906,6.0,3.0,0.5,cross_sectional_xgboost
2025-09-10,AAPL,-0.0064809076,0.3541951078339532,0.0142863326685893,7.0,3.0,0.4,cross_sectional_xgboost
2025-09-10,AMZN,0.02512376,-0.3587955706675188,-0.0016498279850283,4.0,8.0,0.7,cross_sectional_xgboost
2025-09-10,AVGO,-0.5111723,-1.488326554668811,-0.0268961429328137,10.0,10.0,0.1,cross_sectional_xgboost
2025-09-10,GOOGL,0.12296158,-0.060500793907503375,0.0050174029170273,1.0,4.0,1.0,cross_sectional_xgboost
2025-09-10,JPM,-0.06666741,0.4623274239875725,0.0167032141426832,9.0,2.0,0.2,cross_sectional_xgboost
2025-09-10,META,0.0023606615,-0.3492420919303625,-0.0014362967614838,6.0,7.0,0.5,cross_sectional_xgboost
2025-09-10,MSFT,0.02204767,-0.22775445136040934,0.0012790915541402,5.0,5.0,0.6,cross_sectional_xgboost
2025-09-10,NVDA,0.102639325,-0.3228252599734421,-0.0008458502230944,3.0,6.0,0.8,cross_sectional_xgboost
2025-09-10,TSLA,0.11055738,2.419073538327271,0.0604387374485395,2.0,1.0,0.9,cross_sectional_xgboost
2025-09-10,XOM,-0.038790032,-0.42815134764074936,-0.0032000092670962,8.0,9.0,0.3,cross_sectional_xgboost
2025-09-11,AAPL,-0.028480796,0.25005710251573937,0.0175628591767484,4.0,3.0,0.7,cross_sectional_xgboost
2025-09-11,AMZN,-0.008919929,-0.8518170682551203,-0.0078278020249895,3.0,10.0,0.8,cross_sectional_xgboost
2025-09-11,AVGO,-0.21251151,-0.48315844369520033,0.0006672571057197,9.0,8.0,0.2,cross_sectional_xgboost
2025-09-11,GOOGL,0.099990696,-0.4344778473276952,0.0017890118053522,1.0,7.0,1.0,cross_sectional_xgboost
2025-09-11,JPM,-0.07855378,-0.3203803509081939,0.0044181785036943,7.0,5.0,0.4,cross_sectional_xgboost
2025-09-11,META,-0.0573368,-0.2410583844009809,0.0062460071531591,5.0,4.0,0.6,cross_sectional_xgboost
2025-09-11,MSFT,-0.17165536,0.2579240303202497,0.0177441380413243,8.0,2.0,0.3,cross_sectional_xgboost
2025-09-11,NVDA,0.06086032,-0.352907277856802,0.0036686553693894,2.0,6.0,0.9,cross_sectional_xgboost
2025-09-11,TSLA,-0.31832215,2.680195600647472,0.0735609258490948,10.0,1.0,0.1,cross_sectional_xgboost
2025-09-11,XOM,-0.061946,-0.5043773610394681,0.0001783062294331,6.0,9.0,0.5,cross_sectional_xgboost
2025-09-12,AAPL,-0.0022092804,-0.25083891977628947,0.0112359991661628,3.0,6.0,0.8,cross_sectional_xgboost
2025-09-12,AMZN,-0.038663976,-0.03220639280322603,0.014376501718361,6.0,3.0,0.5,cross_sectional_xgboost
2025-09-12,AVGO,-0.05128185,-0.21669542855835672,0.0117264464147741,8.0,5.0,0.3,cross_sectional_xgboost
2025-09-12,GOOGL,0.08221361,2.0921875695276158,0.0448919275470001,1.0,1.0,1.0,cross_sectional_xgboost
2025-09-12,JPM,-0.03537363,-0.5816618918766578,0.0064839597391337,5.0,8.0,0.6,cross_sectional_xgboost
2025-09-12,META,-0.025757756,-0.19370630065790861,0.0120566690758014,4.0,4.0,0.7,cross_sectional_xgboost
2025-09-12,MSFT,-0.08354613,-0.28759899301792113,0.0107079665562275,9.0,7.0,0.2,cross_sectional_xgboost
2025-09-12,NVDA,0.0071018725,-1.0604639172515122,-0.0003936947595158,2.0,10.0,0.9,cross_sectional_xgboost
2025-09-12,TSLA,-0.53466666,1.4461095841290854,0.0356114714769244,10.0,2.0,0.1,cross_sectional_xgboost
2025-09-12,XOM,-0.04688922,-0.9151253097148281,0.0016939921653036,7.0,9.0,0.4,cross_sectional_xgboost
2025-09-15,AAPL,0.027584754,0.10921704454210095,0.0061258676646427,3.0,5.0,0.8,cross_sectional_xgboost
2025-09-15,AMZN,-0.03188963,0.45052228302465813,0.0113209629645845,4.0,4.0,0.7,cross_sectional_xgboost
2025-09-15,AVGO,-0.1512484,-1.0312436418358792,-0.0112333793774253,8.0,8.0,0.3,cross_sectional_xgboost
2025-09-15,GOOGL,0.08164639,-0.4107378555333794,-0.0017885003350207,1.0,7.0,1.0,cross_sectional_xgboost
2025-09-15,JPM,-0.0385031,-0.23155542574733903,0.0009388817671476,6.0,6.0,0.5,cross_sectional_xgboost
2025-09-15,META,-0.19861583,0.9353229565996178,0.0187002393914437,9.0,3.0,0.2,cross_sectional_xgboost
2025-09-15,MSFT,-0.05499155,-1.0989060451482473,-0.0122632863164271,7.0,9.0,0.4,cross_sectional_xgboost
2025-09-15,NVDA,0.066986375,-1.354004608179142,-0.0161462075153979,2.0,10.0,0.9,cross_sectional_xgboost
2025-09-15,TSLA,-0.30086204,1.5621354116120423,0.0282411138692506,10.0,1.0,0.1,cross_sectional_xgboost
2025-09-15,XOM,-0.037606303,1.069249880665568,0.0207387757375134,5.0,2.0,0.6,cross_sectional_xgboost
2025-09-16,AAPL,-0.030755524,0.5844629357880072,0.003527276634913,3.0,4.0,0.8,cross_sectional_xgboost
2025-09-16,AMZN,-0.047529608,-0.3000536708019804,-0.0103824306895349,5.0,8.0,0.6,cross_sectional_xgboost
2025-09-16,AVGO,-0.20211752,-2.082746814569898,-0.0384166583053495,8.0,10.0,0.3,cross_sectional_xgboost
2025-09-16,GOOGL,0.078028455,-0.05252502594167788,-0.0064898514222018,1.0,7.0,1.0,cross_sectional_xgboost
2025-09-16,JPM,-0.08754278,0.8866598770303439,0.0082795571186335,6.0,2.0,0.5,cross_sectional_xgboost
2025-09-16,META,-0.23059222,0.09241181491188395,-0.0042106075710599,9.0,6.0,0.2,cross_sectional_xgboost
2025-09-16,MSFT,-0.13621524,0.482588202145604,0.0019252177044595,7.0,5.0,0.4,cross_sectional_xgboost
2025-09-16,NVDA,0.001394125,-1.3088563381942935,-0.0262466323868287,2.0,9.0,0.9,cross_sectional_xgboost
2025-09-16,TSLA,-0.31479764,0.9996507472760688,0.0100564258893758,10.0,1.0,0.1,cross_sectional_xgboost
2025-09-16,XOM,-0.037494298,0.6984082723559418,0.0053191551263254,4.0,3.0,0.7,cross_sectional_xgboost
2025-09-17,AAPL,0.089937255,-0.3848698088827319,-0.0046446588313883,3.0,8.0,0.8,cross_sectional_xgboost
2025-09-17,AMZN,-0.03647408,-0.1858718115668412,-0.0016837898189711,6.0,5.0,0.5,cross_sectional_xgboost
2025-09-17,AVGO,0.20361884,-0.23190754258326465,-0.0023687503274637,1.0,6.0,1.0,cross_sectional_xgboost
2025-09-17,GOOGL,0.12128386,0.6006536475374133,0.0100188347840406,2.0,2.0,0.9,cross_sectional_xgboost
2025-09-17,JPM,-0.108565815,0.2463752381311214,0.0047475658349647,9.0,4.0,0.2,cross_sectional_xgboost
2025-09-17,META,-0.07116845,0.31977894953836566,0.0058397314719742,8.0,3.0,0.3,cross_sectional_xgboost
2025-09-17,MSFT,-0.051063687,-0.2795928163648181,-0.0030782541988233,7.0,7.0,0.4,cross_sectional_xgboost
2025-09-17,NVDA,0.026370175,2.275625812914041,0.0349405588617581,5.0,1.0,0.6,cross_sectional_xgboost
2025-09-17,TSLA,0.03012169,-1.4946624511675977,-0.0211571398064291,4.0,10.0,0.7,cross_sectional_xgboost
2025-09-17,XOM,-0.16600306,-0.8655292175556885,-0.0117963365762019,10.0,9.0,0.1,cross_sectional_xgboost
2025-09-18,AAPL,0.038934693,1.8769883981395694,0.0320329980176183,4.0,1.0,0.7,cross_sectional_xgboost
2025-09-18,AMZN,-0.0042484705,-0.5264797010696063,0.0010811746080494,5.0,7.0,0.6,cross_sectional_xgboost
2025-09-18,AVGO,0.3242017,-0.7026292412375471,-0.0011872763286403,2.0,8.0,0.9,cross_sectional_xgboost
2025-09-18,GOOGL,0.38923544,0.21837176725414675,0.0106733598013959,1.0,4.0,1.0,cross_sectional_xgboost
2025-09-18,JPM,-0.10716188,-0.22618673627821909,0.0049483425643943,9.0,5.0,0.2,cross_sectional_xgboost
2025-09-18,META,-0.10661444,-0.7965408484292442,-0.0023966684911003,8.0,9.0,0.3,cross_sectional_xgboost
2025-09-18,MSFT,-0.043310225,0.8373646153810155,0.0186447397141615,7.0,3.0,0.4,cross_sectional_xgboost
2025-09-18,NVDA,-0.01675574,-0.4209899437544472,0.002439670001024,6.0,6.0,0.5,cross_sectional_xgboost
2025-09-18,TSLA,0.20430854,1.1070909085651004,0.0221182705666402,3.0,2.0,0.8,cross_sectional_xgboost
2025-09-18,XOM,-0.16085114,-1.3669892185707682,-0.009742893399476,10.0,10.0,0.1,cross_sectional_xgboost
2025-09-19,AAPL,-0.09296832,1.7791129330656172,0.0430955976322708,7.0,1.0,0.4,cross_sectional_xgboost
2025-09-19,AMZN,0.1532671,-0.822717600791704,-0.0166320672014272,3.0,10.0,0.8,cross_sectional_xgboost
2025-09-19,AVGO,0.25095975,-0.8015566357819393,-0.0161462957381386,2.0,8.0,0.9,cross_sectional_xgboost
2025-09-19,GOOGL,0.26982483,-0.4727254975882575,-0.0085976426827845,1.0,7.0,1.0,cross_sectional_xgboost
2025-09-19,JPM,-0.50569075,-0.4220261016276922,-0.0074337865092949,10.0,6.0,0.1,cross_sectional_xgboost
2025-09-19,META,-0.1701943,-0.8091451336697735,-0.0163204974213527,8.0,9.0,0.3,cross_sectional_xgboost
2025-09-19,MSFT,-0.3058417,-0.3908911032473226,-0.0067190509707341,9.0,4.0,0.2,cross_sectional_xgboost
2025-09-19,NVDA,0.02029737,1.613003511181482,0.0392823869919505,5.0,2.0,0.6,cross_sectional_xgboost
2025-09-19,TSLA,-0.078654304,0.7340364403256974,0.0191048043535839,6.0,3.0,0.5,cross_sectional_xgboost
2025-09-19,XOM,0.02767692,-0.40709081186610807,-0.0070909317501298,4.0,5.0,0.7,cross_sectional_xgboost
2025-09-22,AAPL,-0.15155089,0.19188288715543725,-0.0064432145776751,9.0,5.0,0.2,cross_sectional_xgboost
2025-09-22,AMZN,-0.0028731937,-1.4741662582244808,-0.030400202172415,4.0,10.0,0.7,cross_sectional_xgboost
2025-09-22,AVGO,0.21289906,0.6707509808688326,0.0004426789221787,1.0,3.0,1.0,cross_sectional_xgboost
2025-09-22,GOOGL,0.06333673,0.4003769507532942,-0.0034451699467337,2.0,4.0,0.9,cross_sectional_xgboost
2025-09-22,JPM,-0.11413226,0.7067409621194982,0.0009601975900692,6.0,2.0,0.5,cross_sectional_xgboost
2025-09-22,META,-0.18118444,-0.24709458556915148,-0.0127555000811349,10.0,7.0,0.1,cross_sectional_xgboost
2025-09-22,MSFT,-0.12562308,-0.065661099821764,-0.0101465735801526,7.0,6.0,0.4,cross_sectional_xgboost
2025-09-22,NVDA,0.057133526,-1.3219887288725272,-0.0282119622918612,3.0,9.0,0.8,cross_sectional_xgboost
2025-09-22,TSLA,-0.045612074,-0.6989749733175359,-0.0192533233137897,5.0,8.0,0.6,cross_sectional_xgboost
2025-09-22,XOM,-0.13183716,1.8381338649083971,0.017229084862725,8.0,1.0,0.3,cross_sectional_xgboost
2025-09-23,AAPL,0.017053818,-0.6806494843015705,-0.008332291977418,5.0,9.0,0.6,cross_sectional_xgboost
2025-09-23,AMZN,0.15265544,-0.2826342382171229,-0.0022654160880354,1.0,7.0,1.0,cross_sectional_xgboost
2025-09-23,AVGO,0.039155252,-0.06239343381540851,0.0010916754787522,4.0,6.0,0.7,cross_sectional_xgboost
2025-09-23,GOOGL,0.14747761,-1.3123230635063963,-0.0179607804469895,2.0,10.0,0.9,cross_sectional_xgboost
2025-09-23,JPM,-0.12886505,0.008640489215163902,0.0021744329841544,7.0,4.0,0.4,cross_sectional_xgboost
2025-09-23,META,-0.33789366,0.32280424320872764,0.0069631754335255,9.0,2.0,0.2,cross_sectional_xgboost
2025-09-23,MSFT,-0.13297014,-0.01549398043215032,0.0018065555386375,8.0,5.0,0.3,cross_sectional_xgboost
2025-09-23,NVDA,-0.048859216,-0.6708274999357219,-0.0081825772096515,6.0,8.0,0.5,cross_sectional_xgboost
2025-09-23,TSLA,-0.39592597,2.475692526593482,0.0397792701622938,10.0,1.0,0.1,cross_sectional_xgboost
2025-09-23,XOM,0.11542982,0.21718444119099675,0.0053532315014612,3.0,3.0,0.8,cross_sectional_xgboost
2025-09-24,AAPL,-5.7507394e-05,1.4392181906667751,0.0180729868381086,4.0,1.0,0.7,cross_sectional_xgboost
2025-09-24,AMZN,0.17270654,-0.2113622290945001,-0.009354764790773,1.0,7.0,1.0,cross_sectional_xgboost
2025-09-24,AVGO,0.10129986,-0.21771727662207757,-0.0094603668342053,3.0,8.0,0.8,cross_sectional_xgboost
2025-09-24,GOOGL,0.11977895,0.022868401018174767,-0.0054625463507069,2.0,5.0,0.9,cross_sectional_xgboost
2025-09-24,JPM,-0.123970695,0.35735686560002644,9.56599744377229e-05,8.0,4.0,0.3,cross_sectional_xgboost
2025-09-24,META,-0.32476258,-0.5779967725273495,-0.0154471436142774,10.0,9.0,0.1,cross_sectional_xgboost
2025-09-24,MSFT,-0.0897656,-0.016447303827009537,-0.0061158567709069,7.0,6.0,0.4,cross_sectional_xgboost
2025-09-24,NVDA,-0.008022772,0.5964480932203954,0.0040686471305342,5.0,3.0,0.6,cross_sectional_xgboost
2025-09-24,TSLA,-0.07486865,-2.285036386353292,-0.0438130796135979,6.0,10.0,0.5,cross_sectional_xgboost
2025-09-24,XOM,-0.19863197,0.8926684179188562,0.0089909504584939,9.0,2.0,0.2,cross_sectional_xgboost
2025-09-25,AAPL,-0.015385906,-0.8984271498656118,-0.0054891774974368,4.0,9.0,0.7,cross_sectional_xgboost
2025-09-25,AMZN,0.14722025,0.05200250896400232,0.0074719455806444,2.0,5.0,0.9,cross_sectional_xgboost
2025-09-25,AVGO,-0.033348624,-0.8384471722318625,-0.0046712233594221,5.0,8.0,0.6,cross_sectional_xgboost
2025-09-25,GOOGL,0.21815342,-0.2721470871973441,0.0030514787186031,1.0,6.0,1.0,cross_sectional_xgboost
2025-09-25,JPM,-0.14043352,0.11467243537765592,0.0083265828723109,9.0,4.0,0.2,cross_sectional_xgboost
2025-09-25,META,-0.15139137,-1.0011486605639763,-0.0068900030404522,10.0,10.0,0.1,cross_sectional_xgboost
2025-09-25,MSFT,-0.09504162,0.1447765903037377,0.0087371168382217,6.0,3.0,0.5,cross_sectional_xgboost
2025-09-25,NVDA,0.043213032,-0.2895736601921658,0.0028138304557183,3.0,7.0,0.8,cross_sectional_xgboost
2025-09-25,TSLA,-0.11931588,2.450142959996206,0.0401756741055197,7.0,1.0,0.4,cross_sectional_xgboost
2025-09-25,XOM,-0.12233714,0.5381492354093593,0.014101586708662,8.0,2.0,0.3,cross_sectional_xgboost
2025-09-26,AAPL,0.0057945116,-0.1651355077065773,-0.0040319636263573,5.0,7.0,0.6,cross_sectional_xgboost
2025-09-26,AMZN,0.096332654,0.9019058229482027,0.0108745081578076,3.0,2.0,0.8,cross_sectional_xgboost
2025-09-26,AVGO,0.10368785,-1.2952048119655934,-0.0198189305545745,2.0,9.0,0.9,cross_sectional_xgboost
2025-09-26,GOOGL,0.20967014,-0.5994829886505215,-0.0100997590183511,1.0,8.0,1.0,cross_sectional_xgboost
2025-09-26,JPM,-0.1317191,0.03969431031120815,-0.001170509421051,7.0,6.0,0.4,cross_sectional_xgboost
2025-09-26,META,-0.2991104,0.08979945045929373,-0.0004705451025173,10.0,5.0,0.1,cross_sectional_xgboost
2025-09-26,MSFT,-0.24335806,0.5629435383128353,0.0061392354118938,9.0,4.0,0.2,cross_sectional_xgboost
2025-09-26,NVDA,0.0019917763,1.5937792715016343,0.0205399182434187,6.0,1.0,0.5,cross_sectional_xgboost
2025-09-26,TSLA,-0.2112586,0.5802179696024178,0.0063805576692497,8.0,3.0,0.3,cross_sectional_xgboost
2025-09-26,XOM,0.08378174,-1.7085170548128994,-0.0255928655550797,4.0,10.0,0.7,cross_sectional_xgboost
2025-09-29,AAPL,0.0100534065,0.05499807210870304,0.0007861334250209,5.0,5.0,0.6,cross_sectional_xgboost
2025-09-29,AMZN,0.13906406,-1.0114948258433294,-0.0117027090343199,2.0,8.0,0.9,cross_sectional_xgboost
2025-09-29,AVGO,0.08208066,0.5113370273072495,0.0061299527139058,3.0,3.0,0.8,cross_sectional_xgboost
2025-09-29,GOOGL,0.15252773,-0.3445508482875681,-0.0038926633407248,1.0,7.0,1.0,cross_sectional_xgboost
2025-09-29,JPM,-0.06172552,-0.08247604887802895,-0.0008237156818382,7.0,6.0,0.4,cross_sectional_xgboost
2025-09-29,META,-0.2909243,-1.048275234308059,-0.0121334148812958,10.0,9.0,0.1,cross_sectional_xgboost
2025-09-29,MSFT,-0.09524184,0.5437940669939434,0.0065100310586581,9.0,2.0,0.2,cross_sectional_xgboost
2025-09-29,NVDA,0.02252752,2.209034865183302,0.026010329677983,4.0,1.0,0.7,cross_sectional_xgboost
2025-09-29,TSLA,-0.054881454,0.27880740713399677,0.0034069849388267,6.0,4.0,0.5,cross_sectional_xgboost
2025-09-29,XOM,-0.06978069,-1.1111744814102096,-0.01286997748699,8.0,10.0,0.3,cross_sectional_xgboost
2025-09-30,AAPL,-0.031873036,0.07246445242157538,0.0032203144758191,6.0,7.0,0.5,cross_sectional_xgboost
2025-09-30,AMZN,0.2184213,0.17805687402487466,0.0048276063361811,1.0,4.0,1.0,cross_sectional_xgboost
2025-09-30,AVGO,0.0063920696,0.5538839312625926,0.0105483177360143,5.0,2.0,0.6,cross_sectional_xgboost
2025-09-30,GOOGL,0.2155633,0.34733146100379264,0.0074042464177914,2.0,3.0,0.9,cross_sectional_xgboost
2025-09-30,JPM,-0.09313099,-1.1221459040539328,-0.0149636372994401,9.0,9.0,0.2,cross_sectional_xgboost
2025-09-30,META,-0.089240685,-1.6634588009009226,-0.0232033177594624,8.0,10.0,0.3,cross_sectional_xgboost
2025-09-30,MSFT,-0.15786234,0.0841421117177147,0.0033980678263889,10.0,6.0,0.1,cross_sectional_xgboost
2025-09-30,NVDA,0.064923234,0.09329616126923887,0.0035374076493621,3.0,5.0,0.8,cross_sectional_xgboost
2025-09-30,TSLA,-0.04647511,2.03835486133238,0.0331444283907076,7.0,1.0,0.4,cross_sectional_xgboost
2025-09-30,XOM,0.023599299,-0.581925148077314,-0.0067405810355927,4.0,8.0,0.7,cross_sectional_xgboost
2025-10-01,AAPL,-0.0069970284,0.44719052916997887,0.0065767334228361,5.0,5.0,0.6,cross_sectional_xgboost
2025-10-01,AMZN,0.15138514,0.5244541548618296,0.0080678001174059,1.0,4.0,1.0,cross_sectional_xgboost
2025-10-01,AVGO,0.05856066,0.8508882293522464,0.0143674653490974,3.0,1.0,0.8,cross_sectional_xgboost
2025-10-01,GOOGL,0.11943097,0.2735560357362192,0.0032258602549091,2.0,6.0,0.9,cross_sectional_xgboost
2025-10-01,JPM,-0.1318907,-0.4205989531804985,-0.0101702414109794,8.0,9.0,0.3,cross_sectional_xgboost
2025-10-01,META,-0.26693097,0.8078100650216006,0.0135361243976281,9.0,2.0,0.2,cross_sectional_xgboost
2025-10-01,MSFT,-0.12909916,-0.28943134604747134,-0.007638912488072,7.0,8.0,0.4,cross_sectional_xgboost
2025-10-01,NVDA,0.03965729,0.5630284638057498,0.0088122237296464,4.0,3.0,0.7,cross_sectional_xgboost
2025-10-01,TSLA,-0.315007,-2.539407594626094,-0.0510599222813328,10.0,10.0,0.1,cross_sectional_xgboost
2025-10-01,XOM,-0.03741482,-0.21748958409356098,-0.0062505494098757,6.0,7.0,0.5,cross_sectional_xgboost
2025-10-02,AAPL,-0.035980772,0.5025127851219507,0.003461023342669,6.0,3.0,0.5,cross_sectional_xgboost
2025-10-02,AMZN,-0.0020687217,-0.8868364451640444,-0.0130390230094107,4.0,8.0,0.7,cross_sectional_xgboost
2025-10-02,AVGO,-0.12751634,0.2583987617087028,0.0005619014993567,9.0,5.0,0.2,cross_sectional_xgboost
2025-10-02,GOOGL,0.04048953,0.09457328779416546,-0.0013837057348193,2.0,6.0,0.9,cross_sectional_xgboost
2025-10-02,JPM,-0.10611583,0.8900633000269155,0.0080636108853187,8.0,2.0,0.3,cross_sectional_xgboost
2025-10-02,META,-0.6076316,-1.6986896735832284,-0.0226806707736986,10.0,10.0,0.1,cross_sectional_xgboost
2025-10-02,MSFT,-0.10127016,0.47393333189265435,0.0031216109813123,7.0,4.0,0.4,cross_sectional_xgboost
2025-10-02,NVDA,0.045062907,-0.35505944230408326,-0.0067235876927242,1.0,7.0,1.0,cross_sectional_xgboost
2025-10-02,TSLA,0.009806467,-0.9805022283264379,-0.0141514069443449,3.0,9.0,0.8,cross_sectional_xgboost
2025-10-02,XOM,-0.032212533,1.7016063228334053,0.0177015746176321,5.0,1.0,0.6,cross_sectional_xgboost
2025-10-03,AAPL,-0.032082994,-0.7670137363170628,-0.0051545161788533,4.0,8.0,0.7,cross_sectional_xgboost
2025-10-03,AMZN,-0.0030295828,-0.1700466556620234,0.0063322829230225,3.0,6.0,0.8,cross_sectional_xgboost
2025-10-03,AVGO,-0.0550599,-0.9414704897570988,-0.0085114009111442,5.0,9.0,0.6,cross_sectional_xgboost
2025-10-03,GOOGL,0.08997509,0.5769027541425898,0.0207050315849346,1.0,3.0,1.0,cross_sectional_xgboost
2025-10-03,JPM,-0.055546597,-0.38964609277501244,0.0021067658070133,6.0,7.0,0.5,cross_sectional_xgboost
2025-10-03,META,-0.20075193,-0.1261225027340866,0.0071774684227818,9.0,5.0,0.2,cross_sectional_xgboost
2025-10-03,MSFT,-0.095562875,0.6279628003362302,0.0216875254472683,8.0,2.0,0.3,cross_sectional_xgboost
2025-10-03,NVDA,0.068746194,-1.0752798580640246,-0.0110861514819864,2.0,10.0,0.9,cross_sectional_xgboost
2025-10-03,TSLA,-0.33651283,2.3325300701608818,0.0544866904575465,10.0,1.0,0.1,cross_sectional_xgboost
2025-10-03,XOM,-0.07397516,-0.06781628933039224,0.0082993925312677,7.0,4.0,0.4,cross_sectional_xgboost
2025-10-06,AAPL,0.003336033,0.47215806034795155,-0.0008179339521765,3.0,4.0,0.8,cross_sectional_xgboost
2025-10-06,AMZN,-0.02441048,0.8040161698770535,0.0039837252472938,4.0,1.0,0.7,cross_sectional_xgboost
2025-10-06,AVGO,0.0033976613,0.7182171628679691,0.0027422983257243,2.0,2.0,0.9,cross_sectional_xgboost
2025-10-06,GOOGL,0.12700292,-0.7601331675615818,-0.018647971371827,1.0,9.0,1.0,cross_sectional_xgboost
2025-10-06,JPM,-0.046401676,0.1956296547715382,-0.0048190269627856,6.0,7.0,0.5,cross_sectional_xgboost
2025-10-06,META,-0.22252078,0.2795309438528964,-0.0036050581460025,9.0,6.0,0.2,cross_sectional_xgboost
2025-10-06,MSFT,-0.19950952,-0.0714788048811112,-0.0086838226562445,8.0,8.0,0.3,cross_sectional_xgboost
2025-10-06,NVDA,-0.03221104,0.3424374609547626,-0.0026948629515038,5.0,5.0,0.6,cross_sectional_xgboost
2025-10-06,TSLA,-0.37342033,-2.54538291005778,-0.0444787725584321,10.0,10.0,0.1,cross_sectional_xgboost
2025-10-06,XOM,-0.0648724,0.5650054298283015,0.0005254758154635,7.0,3.0,0.4,cross_sectional_xgboost
2025-10-07,AAPL,-0.058859505,-0.09613665035386156,0.0061601571594547,6.0,6.0,0.5,cross_sectional_xgboost
2025-10-07,AMZN,-0.07221367,0.6711009409226557,0.0155108777181911,7.0,3.0,0.4,cross_sectional_xgboost
2025-10-07,AVGO,-0.020553116,1.6154858971206585,0.0270205846534179,5.0,1.0,0.6,cross_sectional_xgboost
2025-10-07,GOOGL,0.054007325,-0.9821971027717668,-0.0046387189421743,2.0,9.0,0.9,cross_sectional_xgboost
2025-10-07,JPM,0.05689344,-1.5776095930342857,-0.011895318301915,1.0,10.0,1.0,cross_sectional_xgboost
2025-10-07,META,-0.5077432,-0.053867936183812706,0.0066753077973733,10.0,5.0,0.1,cross_sectional_xgboost
2025-10-07,MSFT,-0.13315208,-0.4653568849548108,0.001660279575719,8.0,7.0,0.3,cross_sectional_xgboost
2025-10-07,NVDA,-0.007366815,1.2031508224038538,0.0219952442581075,4.0,2.0,0.7,cross_sectional_xgboost
2025-10-07,TSLA,-0.30134967,0.45936577910621923,0.0129303520073611,9.0,4.0,0.2,cross_sectional_xgboost
2025-10-07,XOM,-0.0014779374,-0.7739352722548498,-0.0021005245127609,3.0,8.0,0.8,cross_sectional_xgboost
2025-10-08,AAPL,-0.01206919,-1.2334061346446779,-0.0155777669950389,2.0,10.0,0.9,cross_sectional_xgboost
2025-10-08,AMZN,-0.04521114,0.8191660992155907,0.0111890784957038,6.0,3.0,0.5,cross_sectional_xgboost
2025-10-08,AVGO,-0.034944568,-0.14538590193253884,-0.001389292173358,5.0,5.0,0.6,cross_sectional_xgboost
2025-10-08,GOOGL,0.17140487,-1.0074977574161041,-0.0126317782845859,1.0,9.0,1.0,cross_sectional_xgboost
2025-10-08,JPM,-0.016643291,0.3394936283475969,0.004933844842007,3.0,4.0,0.8,cross_sectional_xgboost
2025-10-08,META,-0.12983479,1.6350982315894411,0.0218293516894558,9.0,1.0,0.2,cross_sectional_xgboost
2025-10-08,MSFT,-0.071922086,-0.3967973136680209,-0.0046678566504176,8.0,6.0,0.3,cross_sectional_xgboost
2025-10-08,NVDA,-0.063809976,1.3641690335560093,0.0182962628835856,7.0,2.0,0.4,cross_sectional_xgboost
2025-10-08,TSLA,-0.49130434,-0.5894718654717975,-0.0071804551709727,10.0,7.0,0.1,cross_sectional_xgboost
2025-10-08,XOM,-0.019003242,-0.7853680195754986,-0.0097350654315154,4.0,8.0,0.7,cross_sectional_xgboost
2025-10-09,AAPL,-0.08443194,0.08324469901025078,-0.0345220383239393,7.0,5.0,0.4,cross_sectional_xgboost
2025-10-09,AMZN,-0.056999054,-0.8877837855120229,-0.0499253978296662,6.0,8.0,0.5,cross_sectional_xgboost
2025-10-09,AVGO,-0.024301358,-1.4660263572668053,-0.0590980208332406,5.0,10.0,0.6,cross_sectional_xgboost
2025-10-09,GOOGL,0.08681712,0.9649423938619764,-0.0205357271233431,2.0,3.0,0.9,cross_sectional_xgboost
2025-10-09,JPM,0.08999081,1.3021420601731415,-0.0151867515081145,1.0,1.0,1.0,cross_sectional_xgboost
2025-10-09,META,-0.13550732,-0.1649379274052032,-0.038458942625602,10.0,6.0,0.1,cross_sectional_xgboost
2025-10-09,MSFT,-0.11402447,0.879001811963272,-0.0218989967907292,9.0,4.0,0.2,cross_sectional_xgboost
2025-10-09,NVDA,0.016304508,-0.8209541236238383,-0.0488652834003595,3.0,7.0,0.8,cross_sectional_xgboost
2025-10-09,TSLA,-0.0003028695,-0.932003308558872,-0.0506268491480562,4.0,9.0,0.7,cross_sectional_xgboost
2025-10-09,XOM,-0.107306,1.0423745373581013,-0.0193074262417715,8.0,2.0,0.3,cross_sectional_xgboost
2025-10-10,AAPL,0.09232616,-0.7182611163383982,0.0097443267835608,2.0,9.0,0.9,cross_sectional_xgboost
2025-10-10,AMZN,-0.00676658,-0.4548214324072871,0.0171003941883314,5.0,6.0,0.6,cross_sectional_xgboost
2025-10-10,AVGO,0.057598673,2.470670378773401,0.0987893585615844,3.0,1.0,0.8,cross_sectional_xgboost
2025-10-10,GOOGL,-0.039964546,0.08024849683233204,0.0320412353213694,6.0,3.0,0.5,cross_sectional_xgboost
2025-10-10,JPM,0.038086075,-0.22455084168591788,0.0235302758272939,4.0,5.0,0.7,cross_sectional_xgboost
2025-10-10,META,-0.0806712,-0.53915812618219,0.0147454475271218,7.0,7.0,0.4,cross_sectional_xgboost
2025-10-10,MSFT,-0.22963257,-0.850655783119484,0.0060474498425435,9.0,10.0,0.2,cross_sectional_xgboost
2025-10-10,NVDA,0.13161118,-0.05831715234137825,0.028172045076007,1.0,4.0,1.0,cross_sectional_xgboost
2025-10-10,TSLA,-0.3212789,0.8737108913531665,0.054197209585187,10.0,2.0,0.1,cross_sectional_xgboost
2025-10-10,XOM,-0.0873425,-0.5788653148842435,0.0136366975005972,8.0,8.0,0.3,cross_sectional_xgboost
2025-10-13,AAPL,0.036989357,0.8601387386832228,0.0004441308223144,1.0,3.0,1.0,cross_sectional_xgboost
2025-10-13,AMZN,-0.029368598,-0.1990769188379508,-0.016721987604375,5.0,7.0,0.6,cross_sectional_xgboost
2025-10-13,AVGO,-0.13413188,-1.341689392936637,-0.0352396718048642,7.0,9.0,0.4,cross_sectional_xgboost
2025-10-13,GOOGL,0.029627105,1.1612829692603874,0.0053246077005544,2.0,1.0,0.9,cross_sectional_xgboost
2025-10-13,JPM,0.01861962,-0.3473714195186796,-0.0191253140116428,3.0,8.0,0.8,cross_sectional_xgboost
2025-10-13,META,-0.32271641,0.22492354476450865,-0.0098504481596085,8.0,5.0,0.3,cross_sectional_xgboost
2025-10-13,MSFT,-0.37949997,0.7751148464879217,-0.0009338040601233,9.0,4.0,0.2,cross_sectional_xgboost
2025-10-13,NVDA,-0.009762863,-1.8835251425428214,-0.0440209021232688,4.0,10.0,0.7,cross_sectional_xgboost
2025-10-13,TSLA,-0.574872,-0.11002312006230612,-0.0152787422697027,10.0,6.0,0.1,cross_sectional_xgboost
2025-10-13,XOM,-0.07349006,0.8602258947023543,0.000445543311391,6.0,2.0,0.5,cross_sectional_xgboost
2025-10-14,AAPL,0.05569181,-0.13356806140244246,0.0063365317531554,1.0,6.0,1.0,cross_sectional_xgboost
2025-10-14,AMZN,-0.030940566,-1.122478442358069,-0.0037894175689383,6.0,9.0,0.5,cross_sectional_xgboost
2025-10-14,AVGO,0.042511802,1.2908884337850464,0.0209222561621329,3.0,2.0,0.8,cross_sectional_xgboost
2025-10-14,GOOGL,0.010969741,1.4677992798804103,0.0227337350348284,5.0,1.0,0.6,cross_sectional_xgboost
2025-10-14,JPM,0.05037479,0.41470298254172666,0.0119505539261102,2.0,5.0,0.9,cross_sectional_xgboost
2025-10-14,META,-0.15563759,0.47413049842654625,0.0125590620637294,8.0,4.0,0.3,cross_sectional_xgboost
2025-10-14,MSFT,-0.30999115,-0.7790221754823303,-0.0002725966115342,10.0,7.0,0.1,cross_sectional_xgboost
2025-10-14,NVDA,0.027949331,-0.8608870277691165,-0.001110851888737,4.0,8.0,0.7,cross_sectional_xgboost
2025-10-14,TSLA,-0.24725582,0.5922483471369938,0.0137685299519327,9.0,3.0,0.2,cross_sectional_xgboost
2025-10-14,XOM,-0.036305588,-1.3438138347587654,-0.0060557816498466,7.0,10.0,0.4,cross_sectional_xgboost
2025-10-15,AAPL,0.05961683,-0.2543669522946241,-0.0075800004004763,2.0,6.0,0.9,cross_sectional_xgboost
2025-10-15,AMZN,0.014823009,-0.011049052266778917,-0.0051027789866018,5.0,5.0,0.6,cross_sectional_xgboost
2025-10-15,AVGO,-0.13005579,1.2785607073332594,0.0080267479066402,7.0,2.0,0.4,cross_sectional_xgboost
2025-10-15,GOOGL,0.029901434,0.6584091724275766,0.0017129803542337,3.0,3.0,0.8,cross_sectional_xgboost
2025-10-15,JPM,0.009969589,-1.807241035914699,-0.0233898234038565,6.0,10.0,0.5,cross_sectional_xgboost
2025-10-15,META,-0.20870097,-0.2599718104673177,-0.0076370635046932,8.0,7.0,0.3,cross_sectional_xgboost
2025-10-15,MSFT,-0.34651852,0.1419806748022568,-0.003544782156893,9.0,4.0,0.2,cross_sectional_xgboost
2025-10-15,NVDA,0.0601223,1.5716199946323204,0.0110103867673609,1.0,1.0,1.0,cross_sectional_xgboost
2025-10-15,TSLA,-0.36356694,-0.954450685729355,-0.014707558281632,10.0,9.0,0.1,cross_sectional_xgboost
2025-10-15,XOM,0.027009916,-0.3634910125226393,-0.0086909932979772,4.0,8.0,0.7,cross_sectional_xgboost
2025-10-16,AAPL,0.0820177,1.1464408324857192,0.0195595164731212,1.0,2.0,1.0,cross_sectional_xgboost
2025-10-16,AMZN,-0.020478688,-1.0846035197491704,-0.0066676361562507,6.0,9.0,0.5,cross_sectional_xgboost
2025-10-16,AVGO,0.007994573,-1.6751716965788377,-0.0136100896741496,3.0,10.0,0.8,cross_sectional_xgboost
2025-10-16,GOOGL,0.0062163547,0.10503679878193566,0.007317239660725,4.0,5.0,0.7,cross_sectional_xgboost
2025-10-16,JPM,-0.019779118,-0.7966458972651651,-0.0032825360312291,5.0,8.0,0.6,cross_sectional_xgboost
2025-10-16,META,-0.43353274,0.06198184515782099,0.0068111050161945,9.0,6.0,0.2,cross_sectional_xgboost
2025-10-16,MSFT,-0.3530834,-0.18984351624332996,0.0038507594798995,8.0,7.0,0.3,cross_sectional_xgboost
2025-10-16,NVDA,0.02046071,0.1423057988574898,0.0077553572411068,2.0,4.0,0.9,cross_sectional_xgboost
2025-10-16,TSLA,-0.5648404,1.5777448206184073,0.0246297319150874,10.0,1.0,0.1,cross_sectional_xgboost
2025-10-16,XOM,-0.0642844,0.7127545339351299,0.014461295662782,7.0,3.0,0.4,cross_sectional_xgboost
2025-10-17,AAPL,0.080695815,2.1259923457634384,0.0394386624696336,1.0,1.0,1.0,cross_sectional_xgboost
2025-10-17,AMZN,-0.026233742,0.24433567673062404,0.0161472143720262,6.0,4.0,0.5,cross_sectional_xgboost
2025-10-17,AVGO,-0.070515856,-1.080972572605495,-0.0002576637392446,7.0,9.0,0.4,cross_sectional_xgboost
2025-10-17,GOOGL,-0.017473182,-0.02359989544924987,0.0128306648783622,5.0,6.0,0.6,cross_sectional_xgboost
2025-10-17,JPM,0.04846812,0.24303173616279114,0.0161310739865043,2.0,5.0,0.9,cross_sectional_xgboost
2025-10-17,META,-0.2200035,0.6583187557503227,0.0212715633337479,9.0,2.0,0.2,cross_sectional_xgboost
2025-10-17,MSFT,-0.11039172,-0.5552295164312143,0.0062500681478137,8.0,7.0,0.3,cross_sectional_xgboost
2025-10-17,NVDA,0.03507362,-1.3158965726133083,-0.00316559069697,3.0,10.0,0.8,cross_sectional_xgboost
2025-10-17,TSLA,-0.32409993,0.4330798462339245,0.0184835199797712,10.0,3.0,0.1,cross_sectional_xgboost
2025-10-17,XOM,-0.0046444875,-0.7290598035418333,0.0040983689687545,4.0,8.0,0.7,cross_sectional_xgboost
2025-10-20,AAPL,0.09515708,0.4767639747845139,0.0020210352120098,1.0,2.0,1.0,cross_sectional_xgboost
2025-10-20,AMZN,-0.04584462,2.1280992876657376,0.0256374868869779,7.0,1.0,0.4,cross_sectional_xgboost
2025-10-20,AVGO,-0.012715893,-0.9819627123520083,-0.0188408382336917,5.0,9.0,0.6,cross_sectional_xgboost
2025-10-20,GOOGL,0.050656103,-1.3243918729332582,-0.0237380639272772,2.0,10.0,0.9,cross_sectional_xgboost
2025-10-20,JPM,0.002429584,-0.8832847757169208,-0.0174296029117376,4.0,8.0,0.7,cross_sectional_xgboost
2025-10-20,META,-0.22772805,0.44050028618272574,0.0015024127113343,9.0,4.0,0.2,cross_sectional_xgboost
2025-10-20,MSFT,-0.056897555,0.45316232063951045,0.0016834978746702,8.0,3.0,0.3,cross_sectional_xgboost
2025-10-20,NVDA,0.03846947,-0.231169102087362,-0.008103418112909,3.0,6.0,0.8,cross_sectional_xgboost
2025-10-20,TSLA,-0.24434464,-0.41936967223911054,-0.0107949548562463,10.0,7.0,0.1,cross_sectional_xgboost
2025-10-20,XOM,-0.025127903,0.3416522660561717,8.874495271782301e-05,6.0,5.0,0.5,cross_sectional_xgboost
2025-10-21,AAPL,0.06119697,-1.1662330741814477,-0.0164401439509244,2.0,9.0,0.9,cross_sectional_xgboost
2025-10-21,AMZN,0.009595757,-1.3425784125648428,-0.018375903497213,4.0,10.0,0.7,cross_sectional_xgboost
2025-10-21,AVGO,-0.08160676,-0.29598398307782403,-0.0068873369348959,8.0,6.0,0.3,cross_sectional_xgboost
2025-10-21,GOOGL,0.020998433,0.7788313729628906,0.0049110134214371,3.0,3.0,0.8,cross_sectional_xgboost
2025-10-21,JPM,0.064614594,-0.5823205885203782,-0.0100304810776247,1.0,8.0,1.0,cross_sectional_xgboost
2025-10-21,META,-0.2400526,0.3488309590743634,0.0001908579938914,10.0,4.0,0.1,cross_sectional_xgboost
2025-10-21,MSFT,-0.048434805,0.8382734089130031,0.0055635143017898,7.0,2.0,0.4,cross_sectional_xgboost
2025-10-21,NVDA,-0.014818351,-0.11107725284947023,-0.004857598176311,5.0,5.0,0.6,cross_sectional_xgboost
2025-10-21,TSLA,-0.09841281,-0.41570694717156403,-0.0082015472949711,9.0,7.0,0.2,cross_sectional_xgboost
2025-10-21,XOM,-0.034420863,1.94796451741527,0.0177446991088678,6.0,1.0,0.5,cross_sectional_xgboost
2025-10-22,AAPL,0.0033975241,-0.5408566142809027,0.0043720336332524,3.0,7.0,0.8,cross_sectional_xgboost
2025-10-22,AMZN,-0.07615334,0.8538626371230089,0.0144069714779309,6.0,2.0,0.5,cross_sectional_xgboost
2025-10-22,AVGO,0.016000655,0.48110196107820163,0.0117249763658073,2.0,3.0,0.9,cross_sectional_xgboost
2025-10-22,GOOGL,-0.021768166,-0.3809406954954998,0.0055226209674208,5.0,6.0,0.6,cross_sectional_xgboost
2025-10-22,JPM,-0.001127976,-0.9452910440122526,0.0014621473887506,4.0,8.0,0.7,cross_sectional_xgboost
2025-10-22,META,-0.36735255,-1.036694430660134,0.000804504423773,9.0,9.0,0.2,cross_sectional_xgboost
2025-10-22,MSFT,-0.17378171,-1.1431695684699315,3.8420935035476944e-05,8.0,10.0,0.3,cross_sectional_xgboost
2025-10-22,NVDA,0.032569695,0.30088040208067107,0.0104282909282249,1.0,5.0,1.0,cross_sectional_xgboost
2025-10-22,TSLA,-0.5039719,2.0208518724475635,0.0228034028243133,10.0,1.0,0.1,cross_sectional_xgboost
2025-10-22,XOM,-0.081323974,0.3902554801892749,0.011071340310945,7.0,4.0,0.4,cross_sectional_xgboost
2025-10-23,AAPL,0.03207275,0.147134204513974,0.0124818708492933,2.0,6.0,0.9,cross_sectional_xgboost
2025-10-23,AMZN,-0.048419766,0.234811937859121,0.0141119472959247,6.0,5.0,0.5,cross_sectional_xgboost
2025-10-23,AVGO,-0.09189527,1.0130412431026665,0.0285805382614556,8.0,1.0,0.3,cross_sectional_xgboost
2025-10-23,GOOGL,-0.008596336,0.9294866819941463,0.0270271185176369,4.0,2.0,0.7,cross_sectional_xgboost
2025-10-23,JPM,-0.00069667463,0.5531879064579086,0.0200310917330119,3.0,4.0,0.8,cross_sectional_xgboost
2025-10-23,META,-0.2348537,-0.20473343274064285,0.0059400599933636,9.0,7.0,0.2,cross_sectional_xgboost
2025-10-23,MSFT,-0.073302425,-0.2090920165998325,0.0058590265927673,7.0,8.0,0.4,cross_sectional_xgboost
2025-10-23,NVDA,-0.026886746,0.6863913970604114,0.0225075685345446,5.0,3.0,0.6,cross_sectional_xgboost
2025-10-23,TSLA,-0.33111,-2.352373115999118,-0.0339881718388788,10.0,10.0,0.1,cross_sectional_xgboost
2025-10-23,XOM,0.06845046,-0.797854805648635,-0.0050870633489452,1.0,9.0,1.0,cross_sectional_xgboost
2025-10-24,AAPL,-0.01868502,0.1211885896139555,0.022791271725411,4.0,4.0,0.7,cross_sectional_xgboost
2025-10-24,AMZN,0.015884647,-0.7744079950878101,0.0123098631826821,2.0,9.0,0.9,cross_sectional_xgboost
2025-10-24,AVGO,-0.15337728,0.08473500314487124,0.0223646455645292,8.0,5.0,0.3,cross_sectional_xgboost
2025-10-24,GOOGL,-0.035539526,1.2474725092287724,0.0359724764086781,5.0,2.0,0.6,cross_sectional_xgboost
2025-10-24,JPM,0.06318403,-0.7711033703213203,0.0123485380982073,1.0,8.0,1.0,cross_sectional_xgboost
2025-10-24,META,-0.17531882,-0.38432173289336347,0.0168751479892645,9.0,6.0,0.2,cross_sectional_xgboost
2025-10-24,MSFT,-0.0910302,-0.5354204760962435,0.0151067986176223,7.0,7.0,0.4,cross_sectional_xgboost
2025-10-24,NVDA,-0.015407756,0.5730141725148761,0.0280791084650053,3.0,3.0,0.8,cross_sectional_xgboost
2025-10-24,TSLA,-0.60634804,1.8578083945385147,0.0431154019976025,10.0,1.0,0.1,cross_sectional_xgboost
2025-10-24,XOM,-0.06921697,-1.4189650946422538,0.0047664374875113,6.0,10.0,0.5,cross_sectional_xgboost
2025-10-27,AAPL,0.009048813,-0.6203384291983846,0.0007067042785577,4.0,8.0,0.7,cross_sectional_xgboost
2025-10-27,AMZN,0.040145375,-0.10196359939575514,0.0100453750144708,2.0,5.0,0.9,cross_sectional_xgboost
2025-10-27,AVGO,-0.39507166,1.0146531372213732,0.0301615447086041,9.0,2.0,0.2,cross_sectional_xgboost
2025-10-27,GOOGL,-0.021229982,-1.0306295726969912,-0.0066848079529556,5.0,9.0,0.6,cross_sectional_xgboost
2025-10-27,JPM,0.009615623,-0.4387324798131977,0.0039783873686431,3.0,6.0,0.8,cross_sectional_xgboost
2025-10-27,META,-0.17765296,-0.6137238687016194,0.0008258674766736,8.0,7.0,0.3,cross_sectional_xgboost
2025-10-27,MSFT,-0.16049005,0.44220121851233146,0.0198486597581506,7.0,3.0,0.4,cross_sectional_xgboost
2025-10-27,NVDA,0.14095569,2.105857590924938,0.0498199048619694,1.0,1.0,1.0,cross_sectional_xgboost
2025-10-27,TSLA,-0.46754947,0.3379181603122324,0.0179699706554494,10.0,4.0,0.1,cross_sectional_xgboost
2025-10-27,XOM,-0.03671896,-1.0952421571649276,-0.0078488221315996,6.0,10.0,0.5,cross_sectional_xgboost
2025-10-28,AAPL,0.06006559,-0.6258536538614355,0.0026023240322698,2.0,6.0,0.9,cross_sectional_xgboost
2025-10-28,AMZN,0.033256333,-0.4831627120874758,0.0045801659836763,3.0,5.0,0.8,cross_sectional_xgboost
2025-10-28,AVGO,-0.26482514,1.70297444455509,0.0348822561246586,9.0,1.0,0.2,cross_sectional_xgboost
2025-10-28,GOOGL,0.07484605,1.1014932313359862,0.0265451131939451,1.0,3.0,1.0,cross_sectional_xgboost
2025-10-28,JPM,-0.0054391557,-0.7781539859412248,0.0004912861327672,4.0,8.0,0.7,cross_sectional_xgboost
2025-10-28,META,-0.109927684,-0.7915189118643298,0.000306034631589,6.0,9.0,0.5,cross_sectional_xgboost
2025-10-28,MSFT,-0.2781654,-0.8828038804205088,-0.0009592681136213,10.0,10.0,0.1,cross_sectional_xgboost
2025-10-28,NVDA,-0.11917755,1.3432447740279039,0.0298960360837159,7.0,2.0,0.4,cross_sectional_xgboost
2025-10-28,TSLA,-0.24527004,-0.6632110815253327,0.0020845119924044,8.0,7.0,0.3,cross_sectional_xgboost
2025-10-28,XOM,-0.09096543,0.07699177578132739,0.0123444783611963,5.0,4.0,0.6,cross_sectional_xgboost
2025-10-29,AAPL,0.032740753,0.7776158692700098,0.0063033475055775,2.0,3.0,0.9,cross_sectional_xgboost
2025-10-29,AMZN,0.086423784,-0.22415893025173017,-0.032305698405632,1.0,8.0,1.0,cross_sectional_xgboost
2025-10-29,AVGO,-0.5112441,-0.025222992660560124,-0.0246385792571828,10.0,6.0,0.1,cross_sectional_xgboost
2025-10-29,GOOGL,-0.103234366,1.267058613108028,0.025166786051618,6.0,1.0,0.5,cross_sectional_xgboost
2025-10-29,JPM,-0.0022233918,0.9478326880591308,0.012863613320436,3.0,2.0,0.8,cross_sectional_xgboost
2025-10-29,META,-0.12423464,-2.3269224743272363,-0.1133475595628381,7.0,10.0,0.4,cross_sectional_xgboost
2025-10-29,MSFT,-0.08723938,-0.1424644132334961,-0.0291571391089149,5.0,7.0,0.6,cross_sectional_xgboost
2025-10-29,NVDA,-0.27721614,0.09397835930734749,-0.0200444823873031,9.0,5.0,0.2,cross_sectional_xgboost
2025-10-29,TSLA,-0.1549513,-0.5896303186738913,-0.046391201077052,8.0,9.0,0.3,cross_sectional_xgboost
2025-10-29,XOM,-0.06938994,0.22191359940239866,-0.0151137758444258,4.0,4.0,0.7,cross_sectional_xgboost
2025-10-30,AAPL,-0.043110948,-0.29824425103549107,-0.0037951561451634,2.0,7.0,0.9,cross_sectional_xgboost
2025-10-30,AMZN,-0.21417022,2.492774826034213,0.0958449275412924,6.0,1.0,0.5,cross_sectional_xgboost
2025-10-30,AVGO,-0.25584853,-0.7008660447494921,-0.0181688555402149,7.0,9.0,0.4,cross_sectional_xgboost
2025-10-30,GOOGL,-0.29322648,-0.22079979112062836,-0.0010303694296706,8.0,4.0,0.3,cross_sectional_xgboost
2025-10-30,JPM,-0.022387883,-0.03986312683298623,0.0054291150359451,1.0,3.0,1.0,cross_sectional_xgboost
2025-10-30,META,-0.5144837,-0.9535045948719667,-0.0271881153809815,9.0,10.0,0.2,cross_sectional_xgboost
2025-10-30,MSFT,-0.15844212,-0.6154921011324529,-0.0151209842603182,5.0,8.0,0.6,cross_sectional_xgboost
2025-10-30,NVDA,-0.116300255,-0.24716055879134766,-0.0019714554718009,4.0,5.0,0.7,cross_sectional_xgboost
2025-10-30,TSLA,-0.55238146,0.8556895440415085,0.0374005708402707,10.0,2.0,0.1,cross_sectional_xgboost
2025-10-30,XOM,-0.049312532,-0.2725339015413559,-0.002877290195679,3.0,6.0,0.8,cross_sectional_xgboost
2025-10-31,AAPL,-0.02408927,-0.47921472489230305,-0.0048822471546562,4.0,6.0,0.7,cross_sectional_xgboost
2025-10-31,AMZN,-0.09436868,1.8477737267189973,0.0400458550913633,6.0,1.0,0.5,cross_sectional_xgboost
2025-10-31,AVGO,-0.11637947,-1.218417294561973,-0.0191543285685724,7.0,10.0,0.4,cross_sectional_xgboost
2025-10-31,GOOGL,0.0042767837,0.23966613853178112,0.0089974749008012,3.0,4.0,0.8,cross_sectional_xgboost
2025-10-31,JPM,-0.06198355,-0.5209990487739549,-0.0056889939068095,5.0,8.0,0.6,cross_sectional_xgboost
2025-10-31,META,-0.5545448,-1.0763171705337835,-0.0164107443032144,10.0,9.0,0.1,cross_sectional_xgboost
2025-10-31,MSFT,-0.21136142,-0.3043631031859258,-0.0015063165468069,8.0,5.0,0.3,cross_sectional_xgboost
2025-10-31,NVDA,0.022018198,0.8965385931193668,0.0216799756591825,2.0,3.0,0.9,cross_sectional_xgboost
2025-10-31,TSLA,-0.27612287,1.1134178469686258,0.0258673506696742,9.0,2.0,0.2,cross_sectional_xgboost
2025-10-31,XOM,0.061323423,-0.49808496339083125,-0.0052465824413576,1.0,7.0,1.0,cross_sectional_xgboost
2025-11-03,AAPL,-0.023571145,1.1376131368759295,0.0036797357129609,2.0,1.0,0.9,cross_sectional_xgboost
2025-11-03,AMZN,-0.18320718,-0.047708848127106566,-0.0184251680148868,6.0,6.0,0.5,cross_sectional_xgboost
2025-11-03,AVGO,-0.26760903,-0.6289606062967192,-0.0292648506652922,7.0,8.0,0.4,cross_sectional_xgboost
2025-11-03,GOOGL,-0.032122783,-0.22771310449144558,-0.0217820421873728,3.0,7.0,0.8,cross_sectional_xgboost
2025-11-03,JPM,-0.12033672,0.9229618371138104,-0.0003232663205219,4.0,3.0,0.7,cross_sectional_xgboost
2025-11-03,META,-0.28280485,0.0666368892448993,-0.0162927503694894,8.0,5.0,0.3,cross_sectional_xgboost
2025-11-03,MSFT,-0.39753398,0.6602802104606067,-0.0052219791949217,10.0,4.0,0.1,cross_sectional_xgboost
2025-11-03,NVDA,0.003910668,-1.1825236372914623,-0.0395881701196285,1.0,9.0,1.0,cross_sectional_xgboost
2025-11-03,TSLA,-0.29531384,-1.8199993876080385,-0.0514763661270191,9.0,10.0,0.2,cross_sectional_xgboost
2025-11-03,XOM,-0.12573327,1.1194135101195255,0.0033403334219184,5.0,2.0,0.6,cross_sectional_xgboost
2025-11-04,AAPL,-0.06232384,-0.39947137853819753,0.0003703449539222,3.0,7.0,0.8,cross_sectional_xgboost
2025-11-04,AMZN,-0.17713402,-0.22124889963481234,0.0035295587926045,7.0,6.0,0.4,cross_sectional_xgboost
2025-11-04,AVGO,-0.11732304,0.7081038850405028,0.020003486191829,5.0,3.0,0.6,cross_sectional_xgboost
2025-11-04,GOOGL,-0.08817456,0.9557193662012582,0.0243927768108822,4.0,2.0,0.7,cross_sectional_xgboost
2025-11-04,JPM,-0.12811121,0.022915887577907797,0.0078576815941031,6.0,5.0,0.5,cross_sectional_xgboost
2025-11-04,META,-0.19772455,0.35571295456076396,0.0137569211622783,8.0,4.0,0.3,cross_sectional_xgboost
2025-11-04,MSFT,-0.34484524,-1.2068008498805376,-0.0139405683154608,9.0,9.0,0.2,cross_sectional_xgboost
2025-11-04,NVDA,0.053340085,-1.4084264372788915,-0.0175146311938401,1.0,10.0,1.0,cross_sectional_xgboost
2025-11-04,TSLA,-0.61605245,1.8412064612795556,0.0400891306151767,10.0,1.0,0.1,cross_sectional_xgboost
2025-11-04,XOM,0.026117325,-0.6477109893275496,-0.0040300091346323,2.0,8.0,0.9,cross_sectional_xgboost
2025-11-05,AAPL,-0.012933157,0.7599905951091951,-0.0013698257358518,1.0,4.0,1.0,cross_sectional_xgboost
2025-11-05,AMZN,-0.03801705,-0.8394310821406733,-0.028617121300727,2.0,8.0,0.9,cross_sectional_xgboost
2025-11-05,AVGO,-0.51007146,0.28606114398860444,-0.0094435538935104,9.0,5.0,0.2,cross_sectional_xgboost
2025-11-05,GOOGL,-0.05080986,0.9312474772923066,0.0015476580976709,3.0,3.0,0.8,cross_sectional_xgboost
2025-11-05,JPM,-0.11739195,1.1681079066004687,0.0055827454150316,6.0,2.0,0.5,cross_sectional_xgboost
2025-11-05,META,-0.49596325,-0.7296778557085956,-0.0267473963605627,8.0,7.0,0.3,cross_sectional_xgboost
2025-11-05,MSFT,-0.2850629,-0.3239745650587164,-0.0198359497863315,7.0,6.0,0.4,cross_sectional_xgboost
2025-11-05,NVDA,-0.06427703,-1.3036120902605315,-0.0365247777391408,5.0,10.0,0.6,cross_sectional_xgboost
2025-11-05,TSLA,-0.5434215,-1.212526149547029,-0.0349730634015604,10.0,9.0,0.1,cross_sectional_xgboost
2025-11-05,XOM,-0.054208737,1.2638146197249704,0.0072131779251936,4.0,1.0,0.7,cross_sectional_xgboost
2025-11-06,AAPL,-0.05105498,-0.027963281211277884,-0.0048189630202891,5.0,7.0,0.6,cross_sectional_xgboost
2025-11-06,AMZN,0.047374174,0.5943889783237188,0.0056369750404148,2.0,2.0,0.9,cross_sectional_xgboost
2025-11-06,AVGO,-0.41734394,-0.7722405972510611,-0.0173233243321826,10.0,8.0,0.1,cross_sectional_xgboost
2025-11-06,GOOGL,-0.055990078,-0.9785959710904637,-0.0207902339067864,6.0,9.0,0.5,cross_sectional_xgboost
2025-11-06,JPM,-0.13709414,0.4088891713633404,0.0025204530673132,7.0,4.0,0.4,cross_sectional_xgboost
2025-11-06,META,0.010495395,0.5252502842860748,0.0044753983105485,3.0,3.0,0.8,cross_sectional_xgboost
2025-11-06,MSFT,-0.39986295,0.22534239767330483,-0.0005632566285092,9.0,6.0,0.2,cross_sectional_xgboost
2025-11-06,NVDA,0.12384962,0.28102318555295286,0.0003722181935406,1.0,5.0,1.0,cross_sectional_xgboost
2025-11-06,TSLA,-0.38202074,-1.9289205703173398,-0.0367563286623574,8.0,10.0,0.3,cross_sectional_xgboost
2025-11-06,XOM,0.0043899086,1.672826402670751,0.0237554517367841,4.0,1.0,0.7,cross_sectional_xgboost
2025-11-07,AAPL,-0.035062004,-1.1073089963500429,0.0045486247506658,4.0,10.0,0.7,cross_sectional_xgboost
2025-11-07,AMZN,-0.002171382,-0.4124299555603364,0.016324987417009,2.0,6.0,0.9,cross_sectional_xgboost
2025-11-07,AVGO,-0.0928098,0.13732797412001146,0.0256419309116007,6.0,4.0,0.5,cross_sectional_xgboost
2025-11-07,GOOGL,-0.079230696,1.0092649502066402,0.0404189574872206,5.0,2.0,0.6,cross_sectional_xgboost
2025-11-07,JPM,-0.12041515,-0.8724149898638079,0.0085294571634388,7.0,9.0,0.4,cross_sectional_xgboost
2025-11-07,META,-0.21416037,-0.4218592602276888,0.0161651856314666,8.0,7.0,0.3,cross_sectional_xgboost
2025-11-07,MSFT,-0.47518918,-0.2854226183096914,0.0184774260098472,9.0,5.0,0.2,cross_sectional_xgboost
2025-11-07,NVDA,0.06430441,2.042673009969662,0.057932492044632,1.0,1.0,1.0,cross_sectional_xgboost
2025-11-07,TSLA,-0.60049176,0.7824925314420655,0.0365757645150157,10.0,3.0,0.1,cross_sectional_xgboost
2025-11-07,XOM,-0.03412633,-0.8723226454268116,0.0085310221575118,3.0,8.0,0.8,cross_sectional_xgboost
2025-11-10,AAPL,-0.022517303,1.5889383574207123,0.021601267048394,4.0,1.0,0.7,cross_sectional_xgboost
2025-11-10,AMZN,-0.06215483,0.34785574537563757,0.0028180846386127,5.0,5.0,0.6,cross_sectional_xgboost
2025-11-10,AVGO,-0.27151015,-1.0238112767037586,-0.0179414293785437,8.0,9.0,0.3,cross_sectional_xgboost
2025-11-10,GOOGL,0.0073387963,0.4372438294204211,0.0041709298654968,2.0,4.0,0.9,cross_sectional_xgboost
2025-11-10,JPM,-0.074953265,-0.10316046252879595,-0.0040078265623164,6.0,6.0,0.5,cross_sectional_xgboost
2025-11-10,META,0.033941224,-0.3278144237636934,-0.0074078551277007,1.0,7.0,1.0,cross_sectional_xgboost
2025-11-10,MSFT,-0.43566376,0.5116167898859155,0.005296528491423,9.0,3.0,0.2,cross_sectional_xgboost
2025-11-10,NVDA,-0.111926265,-1.7935199182770716,-0.0295905957408321,7.0,10.0,0.4,cross_sectional_xgboost
2025-11-10,TSLA,-0.9341564,-0.670898399367432,-0.0126002644267232,10.0,8.0,0.1,cross_sectional_xgboost
2025-11-10,XOM,-0.0006293691,1.0335497585380644,0.0131957304145871,3.0,2.0,0.8,cross_sectional_xgboost
2025-11-11,AAPL,-0.063325495,0.05348781384725388,-0.0064667698657951,7.0,5.0,0.4,cross_sectional_xgboost
2025-11-11,AMZN,-0.037108153,-0.8444954947566914,-0.0196708512051869,6.0,8.0,0.5,cross_sectional_xgboost
2025-11-11,AVGO,0.17796169,1.1232022462604259,0.0092624716915605,1.0,2.0,1.0,cross_sectional_xgboost
2025-11-11,GOOGL,0.1383119,-0.580610994875772,-0.0157906539150509,2.0,7.0,0.9,cross_sectional_xgboost
2025-11-11,JPM,-0.09129023,1.5254012680101368,0.0151764664695517,9.0,1.0,0.2,cross_sectional_xgboost
2025-11-11,META,0.059703637,-1.4664529090832419,-0.0288162063690518,4.0,10.0,0.7,cross_sectional_xgboost
2025-11-11,MSFT,-0.084446914,0.8221720548635739,0.0048360785785346,8.0,3.0,0.3,cross_sectional_xgboost
2025-11-11,NVDA,-0.02295193,0.7186130730369766,0.0033133317675846,5.0,4.0,0.6,cross_sectional_xgboost
2025-11-11,TSLA,-0.3824137,-0.9020876627175486,-0.020517695086338,10.0,9.0,0.1,cross_sectional_xgboost
2025-11-11,XOM,0.10918048,-0.44922939458511385,-0.0138587991465761,3.0,6.0,0.8,cross_sectional_xgboost
2025-11-12,AAPL,0.0125345,1.008235578682743,-0.0019014763772919,3.0,3.0,0.8,cross_sectional_xgboost
2025-11-12,AMZN,-0.07531443,-0.11684447670074129,-0.0271089074525688,7.0,5.0,0.4,cross_sectional_xgboost
2025-11-12,AVGO,-0.097064935,-0.8217823046623286,-0.0429030472790368,8.0,9.0,0.3,cross_sectional_xgboost
2025-11-12,GOOGL,-0.01750048,-0.17406740346220226,-0.0283909877590884,5.0,6.0,0.6,cross_sectional_xgboost
2025-11-12,JPM,-0.10771891,-0.42943399025805035,-0.0341124789585666,9.0,7.0,0.2,cross_sectional_xgboost
2025-11-12,META,0.055368867,1.1575991650762536,0.0014450164266244,1.0,2.0,1.0,cross_sectional_xgboost
2025-11-12,MSFT,-0.02643604,0.40763643582187986,-0.0153579068109247,6.0,4.0,0.5,cross_sectional_xgboost
2025-11-12,NVDA,0.019796712,-0.5052085404746838,-0.0358102085936323,2.0,8.0,0.9,cross_sectional_xgboost
2025-11-12,TSLA,-0.6451835,-1.8724027345822893,-0.066442209622874,10.0,10.0,0.1,cross_sectional_xgboost
2025-11-12,XOM,-0.016802907,1.3462682705594193,0.0056721498201499,4.0,1.0,0.7,cross_sectional_xgboost
2025-11-13,AAPL,-0.011557112,-0.2971804738299167,-0.0019784193430598,5.0,7.0,0.6,cross_sectional_xgboost
2025-11-13,AMZN,-0.12145829,-1.1432763613591232,-0.0121643209334746,7.0,9.0,0.4,cross_sectional_xgboost
2025-11-13,AVGO,0.25935802,0.47307636597914315,0.0072944780735089,1.0,4.0,1.0,cross_sectional_xgboost
2025-11-13,GOOGL,-0.037466206,-0.77693742987471,-0.0077540733955333,6.0,8.0,0.5,cross_sectional_xgboost
2025-11-13,JPM,-0.12402738,-1.70837614708005,-0.0189673924185835,8.0,10.0,0.3,cross_sectional_xgboost
2025-11-13,META,-0.257931,-0.1914084461692426,-0.0007050607549257,9.0,6.0,0.2,cross_sectional_xgboost
2025-11-13,MSFT,-0.009795,1.00432087487809,0.0136899757562773,4.0,2.0,0.7,cross_sectional_xgboost
2025-11-13,NVDA,0.1859876,1.3385700972162253,0.0177139046461236,2.0,1.0,0.9,cross_sectional_xgboost
2025-11-13,TSLA,-0.7765413,0.35482068503412867,0.0058708324248686,10.0,5.0,0.1,cross_sectional_xgboost
2025-11-13,XOM,0.0381284,0.9463908352054559,0.0129925729063977,3.0,3.0,0.8,cross_sectional_xgboost
2025-11-14,AAPL,-0.015724292,-0.9001070065012934,-0.018171105694162,4.0,9.0,0.7,cross_sectional_xgboost
2025-11-14,AMZN,-0.088046245,-0.2224485734011679,-0.0077549418606919,8.0,5.0,0.3,cross_sectional_xgboost
2025-11-14,AVGO,-0.07773568,0.3181746568701678,0.0005548789334279,7.0,3.0,0.4,cross_sectional_xgboost
2025-11-14,GOOGL,0.0112257255,2.308605059283634,0.0311494206051246,3.0,1.0,0.8,cross_sectional_xgboost
2025-11-14,JPM,-0.06764308,-0.4122016566099088,-0.0106716017974189,5.0,6.0,0.6,cross_sectional_xgboost
2025-11-14,META,-0.23253675,-0.5131993911602285,-0.0122240195030066,9.0,7.0,0.2,cross_sectional_xgboost
2025-11-14,MSFT,-0.07199082,-0.06096016872899837,-0.0052727331282249,6.0,4.0,0.5,cross_sectional_xgboost
2025-11-14,NVDA,0.03488887,-0.9392477226009853,-0.0187727304826098,2.0,10.0,0.9,cross_sectional_xgboost
2025-11-14,TSLA,-0.7688044,1.017371629369701,0.0113021077166715,10.0,2.0,0.1,cross_sectional_xgboost
2025-11-14,XOM,0.05092988,-0.5959868265209208,-0.0134965300303601,1.0,8.0,1.0,cross_sectional_xgboost
2025-11-17,AAPL,-0.001990948,0.7537422093777025,-7.493988505480331e-05,2.0,2.0,0.9,cross_sectional_xgboost
2025-11-17,AMZN,-0.084377855,-1.9087429486115979,-0.044316538333916,6.0,10.0,0.5,cross_sectional_xgboost
2025-11-17,AVGO,-0.1073188,0.38063934605171945,-0.0062746616036368,7.0,5.0,0.4,cross_sectional_xgboost
2025-11-17,GOOGL,-0.003896479,0.6020074649709838,-0.0025962638491111,3.0,3.0,0.8,cross_sectional_xgboost
2025-11-17,JPM,-0.14232993,0.5659167027846952,-0.0031959716084456,8.0,4.0,0.3,cross_sectional_xgboost
2025-11-17,META,-0.5010755,0.32640641972150053,-0.0071758314532446,9.0,6.0,0.2,cross_sectional_xgboost
2025-11-17,MSFT,-0.071179904,-0.8663513877122222,-0.0269954769468098,5.0,8.0,0.6,cross_sectional_xgboost
2025-11-17,NVDA,0.0037322408,-0.9317070386044578,-0.0280814692778701,1.0,9.0,1.0,cross_sectional_xgboost
2025-11-17,TSLA,-0.7699227,-0.3705404388580884,-0.0187567572529434,10.0,7.0,0.1,cross_sectional_xgboost
2025-11-17,XOM,-0.047016762,1.4486296708797648,0.0114717656230201,4.0,1.0,0.7,cross_sectional_xgboost
2025-11-18,AAPL,0.010484567,-0.21500844139856445,0.0041880232740678,3.0,6.0,0.8,cross_sectional_xgboost
2025-11-18,AMZN,-0.057674393,-0.3970136944080095,0.0006290693674619,7.0,7.0,0.4,cross_sectional_xgboost
2025-11-18,AVGO,0.007005818,1.6614788828684082,0.0408810954957241,4.0,1.0,0.7,cross_sectional_xgboost
2025-11-18,GOOGL,-0.01520825,1.1053063474199907,0.0300056268757149,6.0,2.0,0.5,cross_sectional_xgboost
2025-11-18,JPM,0.028355645,0.23011191721594718,0.0128919634791273,1.0,4.0,1.0,cross_sectional_xgboost
2025-11-18,META,-0.3485508,-1.0597890479690157,-0.0123309243401683,9.0,8.0,0.2,cross_sectional_xgboost
2025-11-18,MSFT,-0.26349488,-1.1199761048246788,-0.0135078297183469,8.0,9.0,0.3,cross_sectional_xgboost
2025-11-18,NVDA,0.015944358,1.0258361067709176,0.0284516556647727,2.0,3.0,0.9,cross_sectional_xgboost
2025-11-18,TSLA,-0.773734,-0.07996724172146187,0.0068286360981308,10.0,5.0,0.1,cross_sectional_xgboost
2025-11-18,XOM,-0.0132957315,-1.1509787239535332,-0.0141140588828311,5.0,10.0,0.6,cross_sectional_xgboost
2025-11-19,AAPL,0.024596725,0.7360186072574764,-0.0086014744733704,3.0,3.0,0.8,cross_sectional_xgboost
2025-11-19,AMZN,0.035817105,-0.9665567360862419,-0.02492255148822,2.0,9.0,0.9,cross_sectional_xgboost
2025-11-19,AVGO,-0.07332276,-0.6036204060706161,-0.0214434033748457,7.0,7.0,0.4,cross_sectional_xgboost
2025-11-19,GOOGL,0.16018201,0.43625628094209506,-0.0114750295457324,1.0,4.0,1.0,cross_sectional_xgboost
2025-11-19,JPM,0.012232656,-0.048727704776125626,-0.0161241400904267,4.0,6.0,0.7,cross_sectional_xgboost
2025-11-19,META,-0.21479943,1.4265546907611357,-0.0019819186079237,8.0,1.0,0.3,cross_sectional_xgboost
2025-11-19,MSFT,-0.43235654,-0.03590922999909118,-0.0160012607624329,9.0,5.0,0.2,cross_sectional_xgboost
2025-11-19,NVDA,-0.038380016,-1.655278786372871,-0.0315247178290513,5.0,10.0,0.6,cross_sectional_xgboost
2025-11-19,TSLA,-0.7770393,-0.6286827918940987,-0.0216836541988695,10.0,8.0,0.1,cross_sectional_xgboost
2025-11-19,XOM,-0.06637987,1.339946076238336,-0.0028121584403648,6.0,2.0,0.5,cross_sectional_xgboost
2025-11-20,AAPL,0.012499757,0.991515871274575,0.0196806108681768,5.0,2.0,0.6,cross_sectional_xgboost
2025-11-20,AMZN,-0.12657188,0.7972363542341168,0.01634891342791,7.0,3.0,0.4,cross_sectional_xgboost
2025-11-20,AVGO,0.2515813,-1.2691645648000418,-0.0190877746871699,1.0,10.0,1.0,cross_sectional_xgboost
2025-11-20,GOOGL,0.1511609,1.9007963796780216,0.0352738529581362,2.0,1.0,0.9,cross_sectional_xgboost
2025-11-20,JPM,0.022372767,-0.22647428443296944,-0.0012066897894418,4.0,6.0,0.7,cross_sectional_xgboost
2025-11-20,META,-0.5215959,0.3486771407364021,0.0086565760874419,9.0,4.0,0.2,cross_sectional_xgboost
2025-11-20,MSFT,-0.49214554,-0.9251960574490746,-0.0131890622910764,8.0,9.0,0.3,cross_sectional_xgboost
2025-11-20,NVDA,0.029976483,-0.7242521999296051,-0.0097430781444536,3.0,7.0,0.8,cross_sectional_xgboost
2025-11-20,TSLA,-0.68698496,-0.7669294643660876,-0.010474950113494,10.0,8.0,0.1,cross_sectional_xgboost
2025-11-20,XOM,-0.10184566,-0.12620917494533718,0.0005127555422987,6.0,5.0,0.5,cross_sectional_xgboost
2025-11-21,AAPL,0.009530223,-0.4498467982802304,0.0163175659606353,6.0,7.0,0.5,cross_sectional_xgboost
2025-11-21,AMZN,-0.07946677,-0.20772126197114735,0.0253296310483062,7.0,5.0,0.4,cross_sectional_xgboost
2025-11-21,AVGO,0.03767211,2.093794824233398,0.1109935105604602,5.0,1.0,0.6,cross_sectional_xgboost
2025-11-21,GOOGL,0.08564073,0.808071463117847,0.0631380765911946,2.0,3.0,0.9,cross_sectional_xgboost
2025-11-21,JPM,0.03958546,-0.890047633465508,-6.69866099478611e-05,4.0,9.0,0.7,cross_sectional_xgboost
2025-11-21,META,-0.38278756,-0.038275819090954205,0.031636497243932,8.0,4.0,0.3,cross_sectional_xgboost
2025-11-21,MSFT,-0.46943527,-0.7812605380441863,0.0039821376566644,9.0,8.0,0.2,cross_sectional_xgboost
2025-11-21,NVDA,0.11662898,-0.33703414504367984,0.0205165240266809,1.0,6.0,1.0,cross_sectional_xgboost
2025-11-21,TSLA,-0.64707506,0.9452827677468167,0.0682451678419993,10.0,2.0,0.1,cross_sectional_xgboost
2025-11-21,XOM,0.040845256,-1.1429628592023553,-0.0094806507395085,3.0,10.0,0.8,cross_sectional_xgboost
2025-11-24,AAPL,0.028818654,-0.2325116510720567,0.0038053394528705,2.0,8.0,0.9,cross_sectional_xgboost
2025-11-24,AMZN,-0.037416555,0.40202223913965884,0.0149814363087164,5.0,5.0,0.6,cross_sectional_xgboost
2025-11-24,AVGO,-0.49404228,0.6134714516299232,0.018705708432456,8.0,2.0,0.3,cross_sectional_xgboost
2025-11-24,GOOGL,-0.25307477,0.41756854636889873,0.0152552546784283,6.0,4.0,0.5,cross_sectional_xgboost
2025-11-24,JPM,0.012557861,0.5040473979372019,0.0167784137027433,4.0,3.0,0.7,cross_sectional_xgboost
2025-11-24,META,-0.41021058,1.6972552497695248,0.037794480341492,7.0,1.0,0.4,cross_sectional_xgboost
2025-11-24,MSFT,-0.56034696,-0.09042580100528362,0.0063079090503141,10.0,6.0,0.1,cross_sectional_xgboost
2025-11-24,NVDA,0.015696913,-1.9196724299758967,-0.0259107601397334,3.0,10.0,0.8,cross_sectional_xgboost
2025-11-24,TSLA,-0.54480463,-0.22840743901840496,0.003877627272538,9.0,7.0,0.2,cross_sectional_xgboost
2025-11-24,XOM,0.096274644,-1.163347563773565,-0.0125895489490409,1.0,9.0,1.0,cross_sectional_xgboost
2025-11-25,AAPL,0.019460421,-0.4806493466729526,0.002094106406326,3.0,7.0,0.8,cross_sectional_xgboost
2025-11-25,AMZN,-0.022972196,-0.8104805796436595,-0.002220553450176,4.0,8.0,0.7,cross_sectional_xgboost
2025-11-25,AVGO,-0.44715002,1.8489701017803464,0.0325688295689456,9.0,1.0,0.2,cross_sectional_xgboost
2025-11-25,GOOGL,0.1376078,-1.4655734433834071,-0.0107900962918324,1.0,10.0,1.0,cross_sectional_xgboost
2025-11-25,JPM,0.059914634,0.5299105444034294,0.0153136616174771,2.0,4.0,0.9,cross_sectional_xgboost
2025-11-25,META,-0.25961715,-0.9543239766161038,-0.0041022288905216,8.0,9.0,0.3,cross_sectional_xgboost
2025-11-25,MSFT,-0.6327596,0.7231160787706374,0.0178410637548673,10.0,2.0,0.1,cross_sectional_xgboost
2025-11-25,NVDA,-0.053197946,0.4082196232507367,0.0137217719481173,6.0,5.0,0.5,cross_sectional_xgboost
2025-11-25,TSLA,-0.21885249,0.6679702047305099,0.0171196775876762,7.0,3.0,0.4,cross_sectional_xgboost
2025-11-25,XOM,-0.040348534,-0.4671592066195368,0.0022705765520512,5.0,6.0,0.6,cross_sectional_xgboost
2025-11-26,AAPL,-0.033232708,-0.3803695209790873,0.0046838668279296,5.0,8.0,0.6,cross_sectional_xgboost
2025-11-26,AMZN,0.059777085,0.74853114509684,0.0177168680996364,2.0,2.0,0.9,cross_sectional_xgboost
2025-11-26,AVGO,-0.67388666,0.3882388020695745,0.0135573430803246,10.0,4.0,0.1,cross_sectional_xgboost
2025-11-26,GOOGL,-0.07082176,-0.7238218060171031,0.0007187579373215,7.0,9.0,0.4,cross_sectional_xgboost
2025-11-26,JPM,0.04396271,0.7455970758533591,0.0176829946780585,3.0,3.0,0.8,cross_sectional_xgboost
2025-11-26,META,0.11317754,1.1742912833560128,0.0226322097148221,1.0,1.0,1.0,cross_sectional_xgboost
2025-11-26,MSFT,-0.26485243,0.37538334472548973,0.0134089286122065,9.0,5.0,0.2,cross_sectional_xgboost
2025-11-26,NVDA,-0.054603994,-2.3525785074775016,-0.0180850117824907,6.0,10.0,0.5,cross_sectional_xgboost
2025-11-26,TSLA,-0.22901672,-0.05711154964248759,0.0084158351738814,8.0,7.0,0.3,cross_sectional_xgboost
2025-11-26,XOM,-0.021271525,0.08183973301490305,0.0100200084178161,4.0,6.0,0.7,cross_sectional_xgboost
2025-11-28,AAPL,0.041717447,1.1819831509183412,0.0152410636185049,1.0,2.0,1.0,cross_sectional_xgboost
2025-11-28,AMZN,0.006082135,0.46682052993094364,0.0028299616613276,3.0,4.0,0.8,cross_sectional_xgboost
2025-11-28,AVGO,-0.31652787,-2.1100689495768727,-0.0418899903104249,10.0,10.0,0.1,cross_sectional_xgboost
2025-11-28,GOOGL,-0.036933552,-0.6482854587465674,-0.0165218524749141,5.0,9.0,0.6,cross_sectional_xgboost
2025-11-28,JPM,-0.12583351,-0.4618961493581124,-0.0132872081371632,7.0,8.0,0.4,cross_sectional_xgboost
2025-11-28,META,-0.19271745,-0.325882040659747,-0.0109267869949909,8.0,7.0,0.3,cross_sectional_xgboost
2025-11-28,MSFT,-0.041458044,-0.31346189013829445,-0.0107112447533782,6.0,6.0,0.5,cross_sectional_xgboost
2025-11-28,NVDA,-0.025726128,1.2543701266080507,0.0164972843846522,4.0,1.0,0.7,cross_sectional_xgboost
2025-11-28,TSLA,-0.19862185,0.2997317312413786,-6.973703038437584e-05,9.0,5.0,0.2,cross_sectional_xgboost
2025-11-28,XOM,0.01629432,0.6566889497808804,0.0061249833082255,2.0,3.0,0.9,cross_sectional_xgboost
2025-12-01,AAPL,-0.013344396,1.179199428060574,0.0109149518161395,4.0,1.0,0.7,cross_sectional_xgboost
2025-12-01,AMZN,0.20913045,0.12080749098822553,0.0023088475921804,1.0,6.0,1.0,cross_sectional_xgboost
2025-12-01,AVGO,-0.52325207,-1.5997383592579832,-0.0116814299134078,10.0,10.0,0.1,cross_sectional_xgboost
2025-12-01,GOOGL,0.13427676,0.19616713474730338,0.0029216195963446,2.0,5.0,0.9,cross_sectional_xgboost
2025-12-01,JPM,-0.06940228,-0.5771812151072403,-0.0033667092043122,8.0,8.0,0.3,cross_sectional_xgboost
2025-12-01,META,0.050815534,1.0323788368201152,0.0097211092837277,3.0,2.0,0.8,cross_sectional_xgboost
2025-12-01,MSFT,-0.06675294,0.6605514916792453,0.0066976689366178,7.0,4.0,0.4,cross_sectional_xgboost
2025-12-01,NVDA,-0.025207013,0.8894922526533452,0.0085592553499702,5.0,3.0,0.6,cross_sectional_xgboost
2025-12-01,TSLA,-0.3903813,-0.42046455077605704,-0.0020923987153301,9.0,7.0,0.2,cross_sectional_xgboost
2025-12-01,XOM,-0.02660597,-1.4812125098075284,-0.0107176604647993,6.0,9.0,0.5,cross_sectional_xgboost
2025-12-02,AAPL,-0.017274199,-0.48253779789464063,-0.0071281038901495,4.0,6.0,0.7,cross_sectional_xgboost
2025-12-02,AMZN,-0.032903794,-0.563656227459695,-0.0087023005804419,6.0,7.0,0.5,cross_sectional_xgboost
2025-12-02,AVGO,-0.38360894,-0.24488019733085525,-0.0025160840293568,9.0,5.0,0.2,cross_sectional_xgboost
2025-12-02,GOOGL,0.105407365,0.5080696205592304,0.0120957756631225,1.0,4.0,1.0,cross_sectional_xgboost
2025-12-02,JPM,-0.012660962,0.5960978296995783,0.0138040645960335,2.0,3.0,0.9,cross_sectional_xgboost
2025-12-02,META,-0.025808422,-0.7124672286252152,-0.0115901497014113,5.0,9.0,0.6,cross_sectional_xgboost
2025-12-02,MSFT,-0.10102139,-1.4055817514632842,-0.0250408364774695,8.0,10.0,0.3,cross_sectional_xgboost
2025-12-02,NVDA,-0.014567705,-0.6462571711574646,-0.0103052671674587,3.0,8.0,0.8,cross_sectional_xgboost
2025-12-02,TSLA,-0.437076,1.9856400167553927,0.0407697334781054,10.0,1.0,0.1,cross_sectional_xgboost
2025-12-02,XOM,-0.057342395,0.9655729069169531,0.0209741546337687,7.0,2.0,0.4,cross_sectional_xgboost
2025-12-03,AAPL,0.021375723,-1.11759043836694,-0.0121413968410959,4.0,9.0,0.7,cross_sectional_xgboost
2025-12-03,AMZN,-0.036761988,-1.239803622691491,-0.0140717970726867,5.0,10.0,0.6,cross_sectional_xgboost
2025-12-03,AVGO,-0.3902446,-0.2790538453204236,0.0011035835786572,9.0,6.0,0.2,cross_sectional_xgboost
2025-12-03,GOOGL,-0.040529646,-0.7470472560952369,-0.0062885369485647,6.0,8.0,0.5,cross_sectional_xgboost
2025-12-03,JPM,-0.06479286,0.45632190942512607,0.0127191022734098,7.0,4.0,0.4,cross_sectional_xgboost
2025-12-03,META,0.27313545,1.8217957125949371,0.0342872412629824,1.0,1.0,1.0,cross_sectional_xgboost
2025-12-03,MSFT,-0.19882523,0.06322203637956014,0.0065099515163991,8.0,5.0,0.3,cross_sectional_xgboost
2025-12-03,NVDA,0.07691659,0.990747036708833,0.0211605351284505,2.0,2.0,0.9,cross_sectional_xgboost
2025-12-03,TSLA,-0.44434577,0.7550397197466265,0.0174374551533542,10.0,3.0,0.1,cross_sectional_xgboost
2025-12-03,XOM,0.053505015,-0.7036312523809917,-0.0056027658994923,3.0,7.0,0.8,cross_sectional_xgboost
2025-12-04,AAPL,-0.039636306,-1.0283503322208236,-0.006840175689332,4.0,10.0,0.7,cross_sectional_xgboost
2025-12-04,AMZN,-0.041260257,-0.21101029594598758,0.0018331725713691,5.0,5.0,0.6,cross_sectional_xgboost
2025-12-04,AVGO,-0.6401263,1.8940405547356391,0.0241712917434826,10.0,1.0,0.1,cross_sectional_xgboost
2025-12-04,GOOGL,0.10250114,0.6991711521857901,0.0114917238838141,1.0,3.0,1.0,cross_sectional_xgboost
2025-12-04,JPM,-0.17981751,-0.6997612232433535,-0.003353294280923,8.0,7.0,0.3,cross_sectional_xgboost
2025-12-04,META,-0.05938704,1.309972667660244,0.0179733521251261,6.0,2.0,0.5,cross_sectional_xgboost
2025-12-04,MSFT,-0.16272083,0.07091960172345585,0.0048249215119149,7.0,4.0,0.4,cross_sectional_xgboost
2025-12-04,NVDA,-0.030633532,-0.8822308408892149,-0.0052896028802822,3.0,9.0,0.8,cross_sectional_xgboost
2025-12-04,TSLA,-0.3803645,-0.2863174075835336,0.0010340378456106,9.0,6.0,0.2,cross_sectional_xgboost
2025-12-04,XOM,0.07884043,-0.8664338764222155,-0.0051219705997094,2.0,8.0,0.9,cross_sectional_xgboost
2025-12-05,AAPL,-0.010807031,-0.04073233223637765,-0.0031924428103902,5.0,5.0,0.6,cross_sectional_xgboost
2025-12-05,AMZN,-0.10305663,-0.4806853567704764,-0.0115017618772651,7.0,8.0,0.4,cross_sectional_xgboost
2025-12-05,AVGO,-0.7622254,1.6017626128522164,0.027829084042217,10.0,1.0,0.1,cross_sectional_xgboost
2025-12-05,GOOGL,0.049744077,-1.0821623301359244,-0.0228617567048137,4.0,9.0,0.7,cross_sectional_xgboost
2025-12-05,JPM,-0.10129085,0.15686051106989252,0.0005394601174315,6.0,4.0,0.5,cross_sectional_xgboost
2025-12-05,META,0.05147127,-0.39219414747970777,-0.0098304432327592,3.0,7.0,0.8,cross_sectional_xgboost
2025-12-05,MSFT,-0.39545253,0.989634120467918,0.0162679157594609,9.0,3.0,0.2,cross_sectional_xgboost
2025-12-05,NVDA,0.07774833,1.0397263334667302,0.0172139989941739,1.0,2.0,1.0,cross_sectional_xgboost
2025-12-05,TSLA,-0.18417783,-1.6660814556535843,-0.033890139401614,8.0,10.0,0.3,cross_sectional_xgboost
2025-12-05,XOM,0.056028347,-0.1261279555806865,-0.0048052956417441,2.0,6.0,0.9,cross_sectional_xgboost
2025-12-08,AAPL,-0.0107164085,-0.11032336756958049,-0.0025550641485947,5.0,7.0,0.6,cross_sectional_xgboost
2025-12-08,AMZN,-0.05620054,0.2625350812753654,0.0045396393938368,6.0,5.0,0.5,cross_sectional_xgboost
2025-12-08,AVGO,-0.551578,0.7039803451757425,0.0129394042034738,10.0,2.0,0.1,cross_sectional_xgboost
2025-12-08,GOOGL,0.11152662,0.5868264745751262,0.0107102151282776,1.0,4.0,1.0,cross_sectional_xgboost
2025-12-08,JPM,-0.10720237,-2.4269445827701763,-0.0466354404760478,7.0,10.0,0.4,cross_sectional_xgboost
2025-12-08,META,0.07119759,-0.751585829604041,-0.0147569254048383,2.0,9.0,0.9,cross_sectional_xgboost
2025-12-08,MSFT,-0.1388708,0.13098325225551516,0.002036487781605,8.0,6.0,0.3,cross_sectional_xgboost
2025-12-08,NVDA,0.019305715,-0.14032401220338608,-0.0031259126312241,4.0,8.0,0.7,cross_sectional_xgboost
2025-12-08,TSLA,-0.2524314,0.6922786377065937,0.0127167455894849,9.0,3.0,0.2,cross_sectional_xgboost
2025-12-08,XOM,0.021865753,1.0525740011588411,0.0195724003274289,3.0,1.0,0.8,cross_sectional_xgboost
2025-12-09,AAPL,0.0060296864,-0.024222521313015374,0.005772480348263,5.0,7.0,0.6,cross_sectional_xgboost
2025-12-09,AMZN,-0.10264391,0.639964316571307,0.0169357697497449,7.0,2.0,0.4,cross_sectional_xgboost
2025-12-09,AVGO,-0.274153,0.6105523111239121,0.0164414288354728,9.0,3.0,0.2,cross_sectional_xgboost
2025-12-09,GOOGL,0.106555246,0.21964983804971888,0.0098713536912824,3.0,6.0,0.8,cross_sectional_xgboost
2025-12-09,JPM,0.029990174,1.5330008161246558,0.031945439201124,4.0,1.0,0.7,cross_sectional_xgboost
2025-12-09,META,0.20633769,-0.9862359630838585,-0.0103965158528842,2.0,9.0,0.9,cross_sectional_xgboost
2025-12-09,MSFT,-0.17412119,-1.9953150127424104,-0.0273565650706506,8.0,10.0,0.3,cross_sectional_xgboost
2025-12-09,NVDA,-0.0027140067,-0.750441523415591,-0.0064334117696088,6.0,8.0,0.5,cross_sectional_xgboost
2025-12-09,TSLA,-0.40434313,0.47165788369284956,0.0141069672032534,10.0,4.0,0.1,cross_sectional_xgboost
2025-12-09,XOM,0.21370082,0.2813898549924321,0.0109090461559198,1.0,5.0,1.0,cross_sectional_xgboost
2025-12-10,AAPL,0.0065282076,0.07471920426424276,-0.0026903717948929,5.0,5.0,0.6,cross_sectional_xgboost
2025-12-10,AMZN,-0.12770699,-0.19504531769575795,-0.0064716541888858,7.0,6.0,0.4,cross_sectional_xgboost
2025-12-10,AVGO,-0.59025973,-0.8735152307988522,-0.015981749581085,10.0,9.0,0.1,cross_sectional_xgboost
2025-12-10,GOOGL,0.100641035,-1.4667101077505602,-0.0242965469759658,4.0,10.0,0.7,cross_sectional_xgboost
2025-12-10,JPM,-0.023579413,1.9391567159854295,0.0234434010472475,6.0,1.0,0.5,cross_sectional_xgboost
2025-12-10,META,0.21296124,0.5497719957316485,0.0039684310140963,1.0,3.0,1.0,cross_sectional_xgboost
2025-12-10,MSFT,-0.21961866,0.9986236208278672,0.0102599727452328,8.0,2.0,0.3,cross_sectional_xgboost
2025-12-10,NVDA,0.10922621,-0.8397020621430276,-0.0155077912621985,3.0,8.0,0.8,cross_sectional_xgboost
2025-12-10,TSLA,-0.38450676,-0.4539547218053339,-0.0101007806740353,9.0,7.0,0.2,cross_sectional_xgboost
2025-12-10,XOM,0.11688196,0.26665590338434425,0.0,2.0,4.0,0.9,cross_sectional_xgboost
2025-12-11,AAPL,0.02593472,0.48463094107628163,0.0008993198694,2.0,3.0,0.9,cross_sectional_xgboost
2025-12-11,AMZN,-0.030035434,-0.01367511930785984,-0.0177609708162737,4.0,8.0,0.7,cross_sectional_xgboost
2025-12-11,AVGO,-0.3259378,-2.591131442312786,-0.1142801345202483,9.0,10.0,0.2,cross_sectional_xgboost
2025-12-11,GOOGL,0.008996109,0.19223199051073647,-0.0100502748626665,3.0,5.0,0.8,cross_sectional_xgboost
2025-12-11,JPM,-0.18048538,0.5565327739733369,0.0035918600758295,8.0,2.0,0.3,cross_sectional_xgboost
2025-12-11,META,-0.03331282,0.11367849713655037,-0.0129919027842845,5.0,7.0,0.6,cross_sectional_xgboost
2025-12-11,MSFT,-0.16859761,0.1877574181446538,-0.0102178361822716,7.0,6.0,0.4,cross_sectional_xgboost
2025-12-11,NVDA,0.06254392,-0.4116608777069313,-0.0326645221292156,1.0,9.0,1.0,cross_sectional_xgboost
2025-12-11,TSLA,-0.45960596,1.1818616416068974,0.0270088308330986,10.0,1.0,0.1,cross_sectional_xgboost
2025-12-11,XOM,-0.04615836,0.2997741768791196,-0.0060230943442118,6.0,4.0,0.5,cross_sectional_xgboost
2025-12-12,AAPL,0.02896509,-0.41428873842579383,-0.0149850570589643,2.0,8.0,0.9,cross_sectional_xgboost
2025-12-12,AMZN,-0.040808227,-0.4638958746632777,-0.0161369163794892,5.0,9.0,0.6,cross_sectional_xgboost
2025-12-12,AVGO,-0.55844337,-2.1763626828439557,-0.0558997610768611,9.0,10.0,0.2,cross_sectional_xgboost
2025-12-12,GOOGL,-0.019734833,0.08208389838109129,-0.0034594683730464,3.0,5.0,0.8,cross_sectional_xgboost
2025-12-12,JPM,-0.16088222,0.4338924501824906,0.0047093958301367,8.0,4.0,0.3,cross_sectional_xgboost
2025-12-12,META,-0.044050634,0.4856454659264416,0.0059110816776035,6.0,3.0,0.5,cross_sectional_xgboost
2025-12-12,MSFT,-0.13062742,-0.10281935488449737,-0.0077528533943009,7.0,6.0,0.4,cross_sectional_xgboost
2025-12-12,NVDA,0.03888144,0.5435790279709468,0.007256277519845,1.0,2.0,1.0,cross_sectional_xgboost
2025-12-12,TSLA,-0.5885531,1.7652934420501334,0.0356240334842257,10.0,1.0,0.1,cross_sectional_xgboost
2025-12-12,XOM,-0.033562247,-0.15312763369357912,-0.008920992985516,4.0,7.0,0.7,cross_sectional_xgboost
2025-12-15,AAPL,0.050814934,0.0029789125843018116,0.001824138532716,2.0,6.0,0.9,cross_sectional_xgboost
2025-12-15,AMZN,0.023806248,-0.10957201366428085,8.989068511011666e-05,3.0,7.0,0.8,cross_sectional_xgboost
2025-12-15,AVGO,0.25456744,0.16916213774964386,0.0043847829463805,1.0,4.0,1.0,cross_sectional_xgboost
2025-12-15,GOOGL,-0.011931492,-0.4628357473531255,-0.0053533952140569,5.0,8.0,0.6,cross_sectional_xgboost
2025-12-15,JPM,-0.13725367,-1.0219120418925014,-0.0139679565754708,7.0,9.0,0.4,cross_sectional_xgboost
2025-12-15,META,-0.16797218,0.850800222751957,0.0148878451704139,8.0,2.0,0.3,cross_sectional_xgboost
2025-12-15,MSFT,-0.39852086,0.09918607628984391,0.0033065525131403,10.0,5.0,0.1,cross_sectional_xgboost
2025-12-15,NVDA,-0.003568991,0.41103838559430983,0.0081117479407435,4.0,3.0,0.7,cross_sectional_xgboost
2025-12-15,TSLA,-0.18902422,1.8739878345582246,0.0306536942186297,9.0,1.0,0.2,cross_sectional_xgboost
2025-12-15,XOM,-0.051119074,-1.812833766618373,-0.0261549224623717,6.0,10.0,0.5,cross_sectional_xgboost
2025-12-16,AAPL,0.034557234,0.291830209239092,-0.0100869256305414,3.0,5.0,0.8,cross_sectional_xgboost
2025-12-16,AMZN,-0.00273938,0.4802777773451294,-0.0057961596885496,5.0,4.0,0.6,cross_sectional_xgboost
2025-12-16,AVGO,0.040904943,-1.2314283079875867,-0.0447700251910911,2.0,9.0,0.9,cross_sectional_xgboost
2025-12-16,GOOGL,-0.026716042,-0.6762727236707623,-0.0321296780768591,7.0,7.0,0.4,cross_sectional_xgboost
2025-12-16,JPM,-0.013912655,0.6555120591586748,-0.0018062472909968,6.0,3.0,0.5,cross_sectional_xgboost
2025-12-16,META,0.05419731,0.22356617114352065,-0.0116412306962268,1.0,6.0,1.0,cross_sectional_xgboost
2025-12-16,MSFT,-0.49435294,0.7099453945162776,-0.0005668537354907,10.0,2.0,0.1,cross_sectional_xgboost
2025-12-16,NVDA,0.0077167493,-0.9406775884104767,-0.0381499170214325,4.0,8.0,0.7,cross_sectional_xgboost
2025-12-16,TSLA,-0.09079689,-1.293114665660079,-0.0461745629373024,9.0,10.0,0.2,cross_sectional_xgboost
2025-12-16,XOM,-0.06294291,1.7803616743262103,0.0238054730783934,8.0,1.0,0.3,cross_sectional_xgboost
2025-12-17,AAPL,0.047367234,-0.8956326015148575,0.0012874469253183,3.0,8.0,0.8,cross_sectional_xgboost
2025-12-17,AMZN,0.021278571,0.811214185922042,0.02481127187766,5.0,2.0,0.6,cross_sectional_xgboost
2025-12-17,AVGO,0.25215194,-0.1299655871689325,0.0118398977661478,1.0,7.0,1.0,cross_sectional_xgboost
2025-12-17,GOOGL,-0.038564887,0.41457830250435646,0.0193448216022102,8.0,4.0,0.3,cross_sectional_xgboost
2025-12-17,JPM,-0.063501924,-1.4451620349783474,-0.0062861878578989,9.0,9.0,0.2,cross_sectional_xgboost
2025-12-17,META,0.012242745,0.6810717274419801,0.0230176437473053,6.0,3.0,0.5,cross_sectional_xgboost
2025-12-17,MSFT,-0.12968536,0.2087767330299774,0.0165084568324687,10.0,6.0,0.1,cross_sectional_xgboost
2025-12-17,NVDA,0.088789105,0.36923970531667993,0.0187199633948551,2.0,5.0,0.9,cross_sectional_xgboost
2025-12-17,TSLA,0.031095348,1.5125828648787119,0.0344775607046774,4.0,1.0,0.7,cross_sectional_xgboost
2025-12-17,XOM,0.000945438,-1.5267032954316095,-0.007409992496613,7.0,10.0,0.4,cross_sectional_xgboost
2025-12-18,AAPL,0.029460145,-0.2999346836020484,0.0054376042028532,1.0,5.0,1.0,cross_sectional_xgboost
2025-12-18,AMZN,-0.012779757,-0.4847648654050765,0.0026019210221044,3.0,7.0,0.8,cross_sectional_xgboost
2025-12-18,AVGO,-0.2265098,1.4163520253942994,0.0317690469713844,10.0,2.0,0.1,cross_sectional_xgboost
2025-12-18,GOOGL,-0.17771752,0.3584942135099222,0.015539286358039,9.0,3.0,0.2,cross_sectional_xgboost
2025-12-18,JPM,-0.006107302,0.22234049303650955,0.0134504023274304,2.0,4.0,0.9,cross_sectional_xgboost
2025-12-18,META,-0.17223816,-1.211543244026516,-0.0085483857312861,8.0,10.0,0.3,cross_sectional_xgboost
2025-12-18,MSFT,-0.1539129,-0.3930891016078223,0.0040084197819185,7.0,6.0,0.4,cross_sectional_xgboost
2025-12-18,NVDA,-0.013498301,1.9095802935081796,0.0393362045130618,4.0,1.0,0.7,cross_sectional_xgboost
2025-12-18,TSLA,-0.04884634,-0.9469701824250486,-0.0044892792934532,5.0,9.0,0.6,cross_sectional_xgboost
2025-12-18,XOM,-0.05662089,-0.5704649483823984,0.0012871017565661,6.0,8.0,0.5,cross_sectional_xgboost
2025-12-19,AAPL,-0.13018233,-1.957395977644466,-0.0098660703453554,7.0,10.0,0.4,cross_sectional_xgboost
2025-12-19,AMZN,0.09637656,-0.28329207831679165,0.0047503256796654,4.0,7.0,0.7,cross_sectional_xgboost
2025-12-19,AVGO,-0.4477551,-0.24071044329712166,0.0051221007176964,10.0,6.0,0.1,cross_sectional_xgboost
2025-12-19,GOOGL,0.02443,0.1495948187694482,0.0085298081385474,5.0,5.0,0.6,cross_sectional_xgboost
2025-12-19,JPM,-0.11164443,1.2957332017391172,0.0185366019293566,6.0,1.0,0.5,cross_sectional_xgboost
2025-12-19,META,-0.19717444,-0.3527248373550562,0.0041441167677689,8.0,8.0,0.3,cross_sectional_xgboost
2025-12-19,MSFT,-0.27507475,-1.0630748258429283,-0.0020578619459044,9.0,9.0,0.2,cross_sectional_xgboost
2025-12-19,NVDA,0.13611479,0.881266251699932,0.0149179417712337,2.0,3.0,0.9,cross_sectional_xgboost
2025-12-19,TSLA,0.18662357,0.9649272983120575,0.015648376118613,1.0,2.0,1.0,cross_sectional_xgboost
2025-12-19,XOM,0.10536002,0.6056765919358085,0.0125118022185268,3.0,4.0,0.8,cross_sectional_xgboost
2025-12-22,AAPL,-0.017773679,-0.5772369199746584,0.0051297328685735,3.0,8.0,0.8,cross_sectional_xgboost
2025-12-22,AMZN,-0.014102872,0.4889492634706441,0.0162413292160497,2.0,3.0,0.9,cross_sectional_xgboost
2025-12-22,AVGO,-0.20198779,1.1421339876105352,0.0230487002997066,9.0,2.0,0.2,cross_sectional_xgboost
2025-12-22,GOOGL,0.045566186,0.34607336685129025,0.0147523028943168,1.0,4.0,1.0,cross_sectional_xgboost
2025-12-22,JPM,-0.17412867,-0.2260055357292719,0.0087902017687506,8.0,6.0,0.3,cross_sectional_xgboost
2025-12-22,META,-0.09541249,-0.5704709597631811,0.0052002464617342,6.0,7.0,0.5,cross_sectional_xgboost
2025-12-22,MSFT,-0.07057911,-0.6875564611310439,0.0039800028968275,5.0,9.0,0.6,cross_sectional_xgboost
2025-12-22,NVDA,-0.027658239,1.8139855393661264,0.0300506136282117,4.0,1.0,0.7,cross_sectional_xgboost
2025-12-22,TSLA,-0.24937846,-1.6918180058295098,-0.0064862262526846,10.0,10.0,0.1,cross_sectional_xgboost
2025-12-22,XOM,-0.10979338,-0.03805427487093117,0.0107489952478674,7.0,5.0,0.4,cross_sectional_xgboost
2025-12-23,AAPL,0.11274292,0.8859553174499302,0.005323766193815,2.0,2.0,0.9,cross_sectional_xgboost
2025-12-23,AMZN,-0.009808451,-0.23066485294160619,0.0010338825441331,5.0,6.0,0.6,cross_sectional_xgboost
2025-12-23,AVGO,-0.23651002,0.17084907305217656,0.002576437543508,10.0,4.0,0.1,cross_sectional_xgboost
2025-12-23,GOOGL,0.07160146,-0.7150854808908395,-0.0008271873044255,3.0,8.0,0.8,cross_sectional_xgboost
2025-12-23,JPM,-0.093392275,2.0877298379685802,0.0099407998126592,8.0,1.0,0.3,cross_sectional_xgboost
2025-12-23,META,-0.09539077,0.5219093536566539,0.0039251573658356,9.0,3.0,0.2,cross_sectional_xgboost
2025-12-23,MSFT,-0.078499496,0.1257436789910424,0.0024031495288132,7.0,5.0,0.4,cross_sectional_xgboost
2025-12-23,NVDA,0.13817118,-1.3251848886030004,-0.0031710957732357,1.0,10.0,1.0,cross_sectional_xgboost
2025-12-23,TSLA,-0.048781868,-0.5855479564796677,-0.0003295239783216,6.0,7.0,0.5,cross_sectional_xgboost
2025-12-23,XOM,0.02874531,-0.9357040822032697,-0.0016747701760962,4.0,9.0,0.7,cross_sectional_xgboost
2025-12-24,AAPL,0.20798865,0.060507633160400885,-0.0014973429371301,1.0,6.0,1.0,cross_sectional_xgboost
2025-12-24,AMZN,0.057612244,0.3179341520757202,0.0006024588463151,3.0,3.0,0.8,cross_sectional_xgboost
2025-12-24,AVGO,-0.07507218,0.9126750460880133,0.0054536994846023,9.0,2.0,0.2,cross_sectional_xgboost
2025-12-24,GOOGL,0.12254799,0.017719998729392648,-0.0018463572945716,2.0,7.0,0.9,cross_sectional_xgboost
2025-12-24,JPM,-0.09973567,-0.22519037491936594,-0.0038277523658882,10.0,8.0,0.1,cross_sectional_xgboost
2025-12-24,META,-0.06647669,-0.5382678529457633,-0.0063814933304413,6.0,9.0,0.5,cross_sectional_xgboost
2025-12-24,MSFT,-0.04753566,0.1662081864596857,-0.0006351543356442,4.0,4.0,0.7,cross_sectional_xgboost
2025-12-24,NVDA,-0.07462068,1.492072782487419,0.0101797875556444,8.0,1.0,0.3,cross_sectional_xgboost
2025-12-24,TSLA,-0.054594208,-2.334623335697051,-0.0210341812597044,5.0,10.0,0.6,cross_sectional_xgboost
2025-12-24,XOM,-0.07114547,0.13096376456154854,-0.0009226394800265,7.0,5.0,0.4,cross_sectional_xgboost
2025-12-26,AAPL,0.14242987,0.6377056864629782,0.001316812715542,2.0,2.0,0.9,cross_sectional_xgboost
2025-12-26,AMZN,0.046015944,0.36194664085789513,-0.0019353042317806,3.0,5.0,0.8,cross_sectional_xgboost
2025-12-26,AVGO,-0.12493944,-0.1337441168689757,-0.0077811480564048,9.0,7.0,0.2,cross_sectional_xgboost
2025-12-26,GOOGL,0.23456892,0.5395697293254753,0.0001594631582562,1.0,3.0,1.0,cross_sectional_xgboost
2025-12-26,JPM,-0.066459954,-0.5496846673632975,-0.0126864715078011,7.0,9.0,0.4,cross_sectional_xgboost
2025-12-26,META,-0.039063554,-0.062005222016814514,-0.0069351077199256,5.0,6.0,0.6,cross_sectional_xgboost
2025-12-26,MSFT,-0.106708035,0.41999027009144796,-0.0012507766584408,8.0,4.0,0.3,cross_sectional_xgboost
2025-12-26,NVDA,-0.010709163,-0.5019987338075957,-0.0121240956396764,4.0,8.0,0.7,cross_sectional_xgboost
2025-12-26,TSLA,-0.35697502,-2.2487177805342555,-0.0327237267473576,10.0,10.0,0.1,cross_sectional_xgboost
2025-12-26,XOM,-0.045904286,1.5369381938531423,0.0119217568632492,6.0,1.0,0.5,cross_sectional_xgboost
2025-12-29,AAPL,0.02980678,-0.4607392360742861,-0.0024840667289872,2.0,8.0,0.9,cross_sectional_xgboost
2025-12-29,AMZN,-0.02695166,0.3237238137117705,0.0019821236719981,3.0,3.0,0.8,cross_sectional_xgboost
2025-12-29,AVGO,-0.0657641,0.2068098255078928,0.0013164962316751,9.0,4.0,0.2,cross_sectional_xgboost
2025-12-29,GOOGL,0.15699087,0.13799968576399646,0.0009247388561066,1.0,5.0,1.0,cross_sectional_xgboost
2025-12-29,JPM,-0.053047992,-0.20346081705947683,-0.0010193012365934,7.0,7.0,0.4,cross_sectional_xgboost
2025-12-29,META,-0.041339323,1.9115085761648114,0.0110218726656983,6.0,1.0,0.5,cross_sectional_xgboost
2025-12-29,MSFT,-0.039925292,0.11260671075443518,0.0007801688074968,5.0,6.0,0.6,cross_sectional_xgboost
2025-12-29,NVDA,-0.027387803,-0.6590021678036584,-0.0036128388270515,4.0,9.0,0.7,cross_sectional_xgboost
2025-12-29,TSLA,-0.22230265,-2.0153604212901453,-0.0113350052358717,10.0,10.0,0.1,cross_sectional_xgboost
2025-12-29,XOM,-0.058334928,0.6459140303246607,0.0038164520742349,8.0,2.0,0.3,cross_sectional_xgboost
2025-12-30,AAPL,0.08506084,0.8056700269009862,-0.0044675063654235,1.0,3.0,1.0,cross_sectional_xgboost
2025-12-30,AMZN,-0.10605843,-0.23788181077800322,-0.007353853111663,7.0,6.0,0.4,cross_sectional_xgboost
2025-12-30,AVGO,-0.04516088,-1.4544673262374792,-0.0107187915050241,3.0,10.0,0.8,cross_sectional_xgboost
2025-12-30,GOOGL,0.03479607,1.4416971497367372,-0.0027083270412798,2.0,1.0,0.9,cross_sectional_xgboost
2025-12-30,JPM,-0.060688745,1.079421519183549,-0.0037103405970364,5.0,2.0,0.6,cross_sectional_xgboost
2025-12-30,META,-0.18903062,-0.7605610572717052,-0.0087995249872446,9.0,8.0,0.2,cross_sectional_xgboost
2025-12-30,MSFT,-0.13880394,-0.441967083025984,-0.0079183299687193,8.0,7.0,0.3,cross_sectional_xgboost
2025-12-30,NVDA,-0.05973024,0.41596884721547966,-0.005545375898472,4.0,5.0,0.7,cross_sectional_xgboost
2025-12-30,TSLA,-0.28833255,-1.326415280013809,-0.0103646139801308,10.0,9.0,0.1,cross_sectional_xgboost
2025-12-30,XOM,-0.06331459,0.47853501429022893,-0.0053723249332583,6.0,4.0,0.5,cross_sectional_xgboost
2025-12-31,AAPL,0.106292024,0.0003518115844709404,-0.0031264752435974,1.0,6.0,1.0,cross_sectional_xgboost
2025-12-31,AMZN,-0.08045864,-0.968155264764274,-0.0187159136432687,6.0,8.0,0.5,cross_sectional_xgboost
2025-12-31,AVGO,-0.031611286,0.4674220953397056,0.0043916561100421,3.0,5.0,0.8,cross_sectional_xgboost
2025-12-31,GOOGL,0.008583354,0.6213272467958245,0.0068689688077072,2.0,4.0,0.9,cross_sectional_xgboost
2025-12-31,JPM,-0.04791314,0.8231331006348833,0.0101173084470804,5.0,3.0,0.6,cross_sectional_xgboost
2025-12-31,META,-0.102963164,-0.7164697730252669,-0.0146646934040235,7.0,7.0,0.4,cross_sectional_xgboost
2025-12-31,MSFT,-0.1359109,-1.1773665174794785,-0.0220834532476436,9.0,9.0,0.2,cross_sectional_xgboost
2025-12-31,NVDA,-0.045316625,0.9774053784430647,0.0126005305426117,4.0,2.0,0.7,cross_sectional_xgboost
2025-12-31,TSLA,-0.44332182,-1.4147829713011768,-0.0259049939181312,10.0,10.0,0.1,cross_sectional_xgboost
2025-12-31,XOM,-0.11974079,1.3871348937722467,0.0191956842546858,8.0,1.0,0.3,cross_sectional_xgboost
2026-01-02,AAPL,0.12903042,-1.3762005870725678,-0.0138370773512788,1.0,10.0,1.0,cross_sectional_xgboost
2026-01-02,AMZN,0.027634043,1.1399199534245885,0.0289624616273453,2.0,2.0,0.9,cross_sectional_xgboost
2026-01-02,AVGO,-0.27606225,-1.2730238944892955,-0.012082028336405,8.0,9.0,0.3,cross_sectional_xgboost
2026-01-02,GOOGL,0.0049375887,-0.303441974231924,0.0044106867466431,3.0,6.0,0.8,cross_sectional_xgboost
2026-01-02,JPM,-0.10102996,0.9833763002803494,0.0262996336440408,6.0,3.0,0.5,cross_sectional_xgboost
2026-01-02,META,-0.17887463,0.1947051082833923,0.0128842336741641,7.0,5.0,0.4,cross_sectional_xgboost
2026-01-02,MSFT,-0.35711956,-0.5739249904560573,-0.0001902646821995,9.0,7.0,0.2,cross_sectional_xgboost
2026-01-02,NVDA,-0.06697892,-0.7899885750273021,-0.0038655344718937,5.0,8.0,0.6,cross_sectional_xgboost
2026-01-02,TSLA,-0.41527432,1.262365722626024,0.0310452801518779,10.0,1.0,0.1,cross_sectional_xgboost
2026-01-02,XOM,-0.056187723,0.7362129366627924,0.022095352551392,4.0,4.0,0.7,cross_sectional_xgboost
2026-01-05,AAPL,0.079165064,-0.6040470987670514,-0.0183345080791829,2.0,8.0,0.9,cross_sectional_xgboost
2026-01-05,AMZN,-0.08175292,1.756317840026162,0.0337681077818123,7.0,1.0,0.4,cross_sectional_xgboost
2026-01-05,AVGO,-0.21658887,0.2727144657404046,0.0010190970546795,8.0,5.0,0.3,cross_sectional_xgboost
2026-01-05,GOOGL,-0.05402602,-0.08831174289790286,-0.006950183269426,4.0,7.0,0.7,cross_sectional_xgboost
2026-01-05,JPM,-0.07931459,0.50854199369335,0.0062247459339848,5.0,3.0,0.6,cross_sectional_xgboost
2026-01-05,META,-0.08141316,0.35238714674040916,0.0027777891215432,6.0,4.0,0.5,cross_sectional_xgboost
2026-01-05,MSFT,-0.34056345,0.7688144308947195,0.0119699909136197,9.0,2.0,0.2,cross_sectional_xgboost
2026-01-05,NVDA,0.009222951,0.014629509470531845,-0.0046778615448267,3.0,6.0,0.8,cross_sectional_xgboost
2026-01-05,TSLA,-0.5177506,-1.650057030398997,-0.0414240959470951,10.0,10.0,0.1,cross_sectional_xgboost
2026-01-05,XOM,0.23774302,-1.3309895145016257,-0.0343810103880365,1.0,9.0,1.0,cross_sectional_xgboost
2026-01-06,AAPL,0.11113755,-0.3311582283995122,-0.0077372897546605,1.0,7.0,1.0,cross_sectional_xgboost
2026-01-06,AMZN,-0.005632615,0.3468498619532201,0.0026148877348792,3.0,4.0,0.8,cross_sectional_xgboost
2026-01-06,AVGO,-0.24144876,0.12414934044717753,-0.0007854187783428,8.0,5.0,0.3,cross_sectional_xgboost
2026-01-06,GOOGL,-0.0047223447,1.767430215445613,0.024305041830025,2.0,1.0,0.9,cross_sectional_xgboost
2026-01-06,JPM,-0.043143865,-1.3158921634004066,-0.0227727157623334,5.0,10.0,0.6,cross_sectional_xgboost
2026-01-06,META,-0.054389194,-1.007156915837714,-0.0180587866433118,6.0,8.0,0.5,cross_sectional_xgboost
2026-01-06,MSFT,-0.4167153,0.8544681898693981,0.0103654663818062,10.0,2.0,0.1,cross_sectional_xgboost
2026-01-06,NVDA,-0.023725677,0.8296915720041974,0.0099871641913447,4.0,3.0,0.7,cross_sectional_xgboost
2026-01-06,TSLA,-0.36691278,-0.0588783001038701,-0.003579979267275,9.0,6.0,0.2,cross_sectional_xgboost
2026-01-06,XOM,-0.14089163,-1.2095035719781033,-0.0211483198341184,7.0,9.0,0.4,cross_sectional_xgboost
2026-01-07,AAPL,0.16877,-0.3065580561295599,-0.0049551346091029,1.0,7.0,1.0,cross_sectional_xgboost
2026-01-07,AMZN,-0.03464296,0.9023290763189579,0.0195810389772495,5.0,2.0,0.6,cross_sectional_xgboost
2026-01-07,AVGO,0.02511653,-1.64306337134854,-0.0320815102095083,2.0,10.0,0.9,cross_sectional_xgboost
2026-01-07,GOOGL,-0.010638993,0.4670253139579227,0.0107458976399026,3.0,3.0,0.8,cross_sectional_xgboost
2026-01-07,JPM,-0.12339458,0.3594731874443507,0.0085629662686559,8.0,5.0,0.3,cross_sectional_xgboost
2026-01-07,META,-0.20954481,-0.26217464061823686,-0.00405430676661,9.0,6.0,0.2,cross_sectional_xgboost
2026-01-07,MSFT,-0.10321964,-0.6086512881667695,-0.0110865688692346,7.0,8.0,0.4,cross_sectional_xgboost
2026-01-07,NVDA,-0.04164095,-1.1227947270071212,-0.0215218794330256,6.0,9.0,0.5,cross_sectional_xgboost
2026-01-07,TSLA,-0.43976375,0.4389416601180128,0.0101758978549273,10.0,4.0,0.1,cross_sectional_xgboost
2026-01-07,XOM,-0.021929389,1.7754728454309832,0.0373027985276077,4.0,1.0,0.7,cross_sectional_xgboost
2026-01-08,AAPL,0.16479538,-0.705896253170699,0.001273806044572,1.0,8.0,1.0,cross_sectional_xgboost
2026-01-08,AMZN,0.01662431,-0.44597542475107316,0.0044257242534955,4.0,6.0,0.7,cross_sectional_xgboost
2026-01-08,AVGO,0.10901623,2.286927617611212,0.0375661498008377,2.0,1.0,0.9,cross_sectional_xgboost
2026-01-08,GOOGL,-0.055345926,-0.017816424829319447,0.0096177750651724,6.0,5.0,0.5,cross_sectional_xgboost
2026-01-08,JPM,-0.09740799,-0.9609706702651952,-0.0018193423758875,7.0,10.0,0.4,cross_sectional_xgboost
2026-01-08,META,-0.11309705,0.08255523628633826,0.010834927489062,8.0,4.0,0.3,cross_sectional_xgboost
2026-01-08,MSFT,-0.1570571,-0.6091377009697362,0.002447144266082,9.0,7.0,0.2,cross_sectional_xgboost
2026-01-08,NVDA,-0.034671754,-0.8911584431269842,-0.0009727675505442,5.0,9.0,0.6,cross_sectional_xgboost
2026-01-08,TSLA,-0.3868505,0.9318282585973252,0.0211335985099465,10.0,2.0,0.1,cross_sectional_xgboost
2026-01-08,XOM,0.04994386,0.3296438046181319,0.0138312358744927,3.0,3.0,0.8,cross_sectional_xgboost
2026-01-09,AAPL,0.14768215,0.2989506819163533,0.0033927700267757,1.0,4.0,1.0,cross_sectional_xgboost
2026-01-09,AMZN,-0.04046236,-0.3191820305203549,-0.0036785659477226,6.0,6.0,0.5,cross_sectional_xgboost
2026-01-09,AVGO,-0.37929487,1.8369622458761945,0.020987367889993,10.0,1.0,0.1,cross_sectional_xgboost
2026-01-09,GOOGL,-0.027994923,0.8776546803283339,0.010013048035401,5.0,2.0,0.6,cross_sectional_xgboost
2026-01-09,JPM,-0.10115922,-1.2456789747044272,-0.0142775377216722,7.0,9.0,0.4,cross_sectional_xgboost
2026-01-09,META,0.13301016,-1.4820589499198058,-0.0169816855345299,2.0,10.0,0.9,cross_sectional_xgboost
2026-01-09,MSFT,0.0027224612,-0.3806345894900971,-0.0043815730564302,3.0,7.0,0.8,cross_sectional_xgboost
2026-01-09,NVDA,-0.019439515,0.04020740037416443,0.0004327896890317,4.0,5.0,0.7,cross_sectional_xgboost
2026-01-09,TSLA,-0.21676297,0.7782752408624448,0.0088761636879437,9.0,3.0,0.2,cross_sectional_xgboost
2026-01-09,XOM,-0.1047958,-0.4044957047228063,-0.0046545402674221,8.0,8.0,0.3,cross_sectional_xgboost
2026-01-12,AAPL,0.15018053,0.4191914147571399,0.0030740569768183,1.0,5.0,1.0,cross_sectional_xgboost
2026-01-12,AMZN,0.02823696,-0.6216244534536283,-0.0157016882298877,2.0,8.0,0.9,cross_sectional_xgboost
2026-01-12,AVGO,-0.2695164,0.6265153920650489,0.0068140673783372,10.0,3.0,0.1,cross_sectional_xgboost
2026-01-12,GOOGL,-0.09994848,0.9353153019264141,0.0123846477321685,6.0,2.0,0.5,cross_sectional_xgboost
2026-01-12,JPM,-0.10064102,-2.0728573363350313,-0.0418811304125052,7.0,10.0,0.4,cross_sectional_xgboost
2026-01-12,META,-0.11212655,-0.6906953944473895,-0.0169476899761098,8.0,9.0,0.3,cross_sectional_xgboost
2026-01-12,MSFT,-0.047816787,-0.5074805374482042,-0.0136425948308817,4.0,7.0,0.7,cross_sectional_xgboost
2026-01-12,NVDA,0.026540624,0.5095574584049145,0.0047042106501913,3.0,4.0,0.8,cross_sectional_xgboost
2026-01-12,TSLA,-0.14945556,0.031475485651204525,-0.0039201249143442,9.0,6.0,0.2,cross_sectional_xgboost
2026-01-12,XOM,-0.05164622,1.3706026688795314,0.0202369921700558,5.0,1.0,0.6,cross_sectional_xgboost
2026-01-13,AAPL,0.12545078,0.47793621658282226,-0.0041754260352937,1.0,3.0,1.0,cross_sectional_xgboost
2026-01-13,AMZN,-0.093711264,-0.5957949739672512,-0.0245260183731914,5.0,8.0,0.6,cross_sectional_xgboost
2026-01-13,AVGO,-0.26236212,-1.4919113322606643,-0.0415102494875061,9.0,10.0,0.2,cross_sectional_xgboost
2026-01-13,GOOGL,-0.12723579,0.6778258274641709,-0.0003868875077472,6.0,2.0,0.5,cross_sectional_xgboost
2026-01-13,JPM,0.09006951,0.18403133087977286,-0.009745850521142,2.0,4.0,0.9,cross_sectional_xgboost
2026-01-13,META,-0.1840209,-0.6034778273750546,-0.0246716326750484,8.0,9.0,0.3,cross_sectional_xgboost
2026-01-13,MSFT,-0.28119218,-0.5673581162666684,-0.0239870502370987,10.0,7.0,0.1,cross_sectional_xgboost
2026-01-13,NVDA,-0.0023030424,-0.05992702523191093,-0.014369630752495,4.0,5.0,0.7,cross_sectional_xgboost
2026-01-13,TSLA,-0.15957312,-0.2456194151436568,-0.0178890871682185,7.0,6.0,0.4,cross_sectional_xgboost
2026-01-13,XOM,0.07329597,2.2242953153184413,0.0289235864612513,3.0,1.0,0.8,cross_sectional_xgboost
2026-01-14,AAPL,0.20102254,-0.8726875625539094,-0.0067318827494811,1.0,8.0,1.0,cross_sectional_xgboost
2026-01-14,AMZN,-0.08128281,0.4661995167240134,0.006465239039753,6.0,4.0,0.5,cross_sectional_xgboost
2026-01-14,AVGO,-0.26689392,0.7445351479755816,0.009208733454451,9.0,2.0,0.2,cross_sectional_xgboost
2026-01-14,GOOGL,-0.07974144,-1.1141011949074966,-0.0091114449672821,5.0,10.0,0.6,cross_sectional_xgboost
2026-01-14,JPM,-0.018165343,0.2683374119174797,0.0045149548559559,3.0,5.0,0.8,cross_sectional_xgboost
2026-01-14,META,-0.27167735,0.6805519233614638,0.0085780645797048,10.0,3.0,0.1,cross_sectional_xgboost
2026-01-14,MSFT,-0.25301316,-0.7904230016125573,-0.005921018677011,8.0,7.0,0.3,cross_sectional_xgboost
2026-01-14,NVDA,-0.026096364,1.976293548905468,0.0213499109171171,4.0,1.0,0.7,cross_sectional_xgboost
2026-01-14,TSLA,-0.16373162,-0.3352460378650301,-0.0014344373071545,7.0,6.0,0.4,cross_sectional_xgboost
2026-01-14,XOM,0.04301117,-1.0234597519450133,-0.0082180117715768,2.0,9.0,0.9,cross_sectional_xgboost
2026-01-15,AAPL,0.22990759,-1.2422322318208086,-0.0103790481623911,1.0,10.0,1.0,cross_sectional_xgboost
2026-01-15,AMZN,-0.016373297,0.1277198397043267,0.0039466053837939,4.0,5.0,0.7,cross_sectional_xgboost
2026-01-15,AVGO,-0.27841035,2.172963620286148,0.0253338162410952,8.0,1.0,0.3,cross_sectional_xgboost
2026-01-15,GOOGL,-0.13121597,-1.0485640550534012,-0.0083538508865459,6.0,9.0,0.5,cross_sectional_xgboost
2026-01-15,JPM,-0.036007997,0.7429003340548446,0.0103795768822969,5.0,2.0,0.6,cross_sectional_xgboost
2026-01-15,META,-0.42221662,-0.3344128901298963,-0.0008859384092072,10.0,6.0,0.1,cross_sectional_xgboost
2026-01-15,MSFT,-0.3107518,0.420417973154739,0.0070073635961287,9.0,3.0,0.2,cross_sectional_xgboost
2026-01-15,NVDA,0.04162779,-0.6689234500136089,-0.0043839311405146,2.0,8.0,0.9,cross_sectional_xgboost
2026-01-15,TSLA,-0.26202077,-0.4830041294571565,-0.0024397640202235,7.0,7.0,0.4,cross_sectional_xgboost
2026-01-15,XOM,0.020561667,0.31313498927481337,0.0058855003642612,3.0,4.0,0.8,cross_sectional_xgboost
2026-01-16,AAPL,0.31878266,-0.2898470679532903,-0.0345556865127959,1.0,7.0,1.0,cross_sectional_xgboost
2026-01-16,AMZN,-0.04009283,-0.2541667603589666,-0.0339578257067464,5.0,6.0,0.6,cross_sectional_xgboost
2026-01-16,AVGO,-0.3293994,-1.4702468696313031,-0.0543345175956354,8.0,10.0,0.3,cross_sectional_xgboost
2026-01-16,GOOGL,-0.10379502,0.32564828935073464,-0.0242424191883839,6.0,3.0,0.5,cross_sectional_xgboost
2026-01-16,JPM,-0.024236124,-0.08594074728157992,-0.0311390232199388,3.0,5.0,0.8,cross_sectional_xgboost
2026-01-16,META,-0.27076924,0.22042122045627632,-0.0260056085908619,7.0,4.0,0.4,cross_sectional_xgboost
2026-01-16,MSFT,-0.39846495,1.0794135136191982,-0.0116122958812374,9.0,2.0,0.2,cross_sectional_xgboost
2026-01-16,NVDA,0.002711877,-0.8425477220366198,-0.0438167630234399,2.0,9.0,0.9,cross_sectional_xgboost
2026-01-16,TSLA,-0.41326156,-0.7170719652356343,-0.0417142857142857,10.0,8.0,0.1,cross_sectional_xgboost
2026-01-16,XOM,-0.032318328,2.0343381090711827,0.0043884627121173,4.0,1.0,0.7,cross_sectional_xgboost
2026-01-20,AAPL,0.13726105,-0.26535093730826204,0.0038508809593345,1.0,6.0,1.0,cross_sectional_xgboost
2026-01-20,AMZN,0.055422653,-0.40641532198629443,0.0013419807731329,3.0,7.0,0.8,cross_sectional_xgboost
2026-01-20,AVGO,-0.12310935,-1.1242570351623207,-0.0114251908411709,7.0,9.0,0.4,cross_sectional_xgboost
2026-01-20,GOOGL,-0.10948301,0.6321661655235024,0.0198136686718619,6.0,4.0,0.5,cross_sectional_xgboost
2026-01-20,JPM,-0.06399686,-0.6118662526390285,-0.0023120661313811,5.0,8.0,0.6,cross_sectional_xgboost
2026-01-20,META,-0.27596632,0.34087372535745697,0.0146328878600379,8.0,5.0,0.3,cross_sectional_xgboost
2026-01-20,MSFT,-0.31244183,-1.7696217032392174,-0.0229033221895027,9.0,10.0,0.2,cross_sectional_xgboost
2026-01-20,NVDA,0.11146609,1.1758240624197696,0.0294828945495786,2.0,1.0,0.9,cross_sectional_xgboost
2026-01-20,TSLA,-0.44220024,1.152931350682462,0.0290757362943501,10.0,2.0,0.1,cross_sectional_xgboost
2026-01-20,XOM,-0.011916273,0.8757159463519317,0.0241453225607188,4.0,3.0,0.7,cross_sectional_xgboost
2026-01-21,AAPL,0.048195735,-0.5569448425216804,0.0028265282683099,3.0,8.0,0.8,cross_sectional_xgboost
2026-01-21,AMZN,0.05840321,-0.045549634475298466,0.0130992988252891,2.0,4.0,0.9,cross_sectional_xgboost
2026-01-21,AVGO,0.09433935,-1.198801145005595,-0.0100669099615029,1.0,10.0,1.0,cross_sectional_xgboost
2026-01-21,GOOGL,-0.16016354,-0.37020532168850456,0.0065777019618762,7.0,6.0,0.4,cross_sectional_xgboost
2026-01-21,JPM,0.0017150035,-0.43560039725579275,0.0052640631238718,6.0,7.0,0.5,cross_sectional_xgboost
2026-01-21,META,-0.5130947,2.118070165119422,0.0565615163511092,9.0,1.0,0.2,cross_sectional_xgboost
2026-01-21,MSFT,-0.3491507,0.090363965839426,0.0158294949820734,8.0,3.0,0.3,cross_sectional_xgboost
2026-01-21,NVDA,0.0084031075,-0.2848939355930045,0.0082914143343579,5.0,5.0,0.6,cross_sectional_xgboost
2026-01-21,TSLA,-0.68018657,1.3700398923500563,0.0415352837213789,10.0,2.0,0.1,cross_sectional_xgboost
2026-01-21,XOM,0.029879907,-0.6864787467690292,0.0002244857447475,4.0,9.0,0.7,cross_sectional_xgboost
2026-01-22,AAPL,0.04607762,-0.36651149956484613,-0.0012482377059583,3.0,7.0,0.8,cross_sectional_xgboost
2026-01-22,AMZN,-0.008141484,0.91619524093242,0.0205684364578926,6.0,2.0,0.5,cross_sectional_xgboost
2026-01-22,AVGO,0.16050115,-1.2757706646930842,-0.0167131996569711,1.0,9.0,1.0,cross_sectional_xgboost
2026-01-22,GOOGL,-0.085859604,-0.7573783465476444,-0.0078962222942124,8.0,8.0,0.3,cross_sectional_xgboost
2026-01-22,JPM,-0.073712945,-1.4375331172995163,-0.0194645056328731,7.0,10.0,0.4,cross_sectional_xgboost
2026-01-22,META,0.12523434,0.7173146091587483,0.0171858129759072,2.0,3.0,0.9,cross_sectional_xgboost
2026-01-22,MSFT,-0.45024586,1.636991787367722,0.0328279677252747,10.0,1.0,0.1,cross_sectional_xgboost
2026-01-22,NVDA,0.020098168,0.6070587777413691,0.0153105475915802,4.0,4.0,0.7,cross_sectional_xgboost
2026-01-22,TSLA,-0.19841509,-0.3323723830483327,-0.0006675890216037,9.0,6.0,0.2,cross_sectional_xgboost
2026-01-22,XOM,0.010690997,0.29200559595316455,0.0099520253398821,5.0,5.0,0.6,cross_sectional_xgboost
2026-01-23,AAPL,0.0710344,1.379194285811948,0.0297129375996174,2.0,1.0,0.9,cross_sectional_xgboost
2026-01-23,AMZN,-0.028882068,-0.5348859787670857,-0.0030941858246896,4.0,8.0,0.7,cross_sectional_xgboost
2026-01-23,AVGO,0.11413923,0.520653500724484,0.0149976437729186,1.0,4.0,1.0,cross_sectional_xgboost
2026-01-23,GOOGL,-0.051981393,0.5939262325962249,0.0162535302697584,7.0,3.0,0.4,cross_sectional_xgboost
2026-01-23,JPM,-0.033129472,0.2962549112831651,0.0111514768402791,5.0,5.0,0.6,cross_sectional_xgboost
2026-01-23,META,-0.13849175,0.8501218474508788,0.0206446946910432,9.0,2.0,0.2,cross_sectional_xgboost
2026-01-23,MSFT,-0.028497064,0.18781207276508619,0.0092927786166039,3.0,6.0,0.8,cross_sectional_xgboost
2026-01-23,NVDA,-0.04512857,-0.7274174268037864,-0.0063941534883705,6.0,9.0,0.5,cross_sectional_xgboost
2026-01-23,TSLA,-0.21334718,-2.155097991080177,-0.0308644400011469,10.0,10.0,0.1,cross_sectional_xgboost
2026-01-23,XOM,-0.08294109,-0.41056145398073757,-0.0009632772599795,8.0,7.0,0.3,cross_sectional_xgboost
2026-01-26,AAPL,-0.10295699,0.08253858754341976,0.0111976724292031,6.0,5.0,0.5,cross_sectional_xgboost
2026-01-26,AMZN,0.010911389,1.3311632710247152,0.0262561637233134,2.0,1.0,0.9,cross_sectional_xgboost
2026-01-26,AVGO,0.00058831694,1.1807398586719022,0.0244420480204028,4.0,2.0,0.7,cross_sectional_xgboost
2026-01-26,GOOGL,-0.12255782,-0.5249939870638765,0.0038707918167637,7.0,7.0,0.4,cross_sectional_xgboost
2026-01-26,JPM,-0.14771082,-1.0470233990520703,-0.0024249153398308,8.0,9.0,0.3,cross_sectional_xgboost
2026-01-26,META,-0.18942937,-0.7707215023036317,0.0009073027091766,9.0,8.0,0.2,cross_sectional_xgboost
2026-01-26,MSFT,-0.069471,0.9701178439293214,0.02190193343088,5.0,3.0,0.6,cross_sectional_xgboost
2026-01-26,NVDA,0.0021325236,0.06562656087512335,0.010993712336375,3.0,6.0,0.8,cross_sectional_xgboost
2026-01-26,TSLA,-0.30536133,-1.665232581180619,-0.0098805565026072,10.0,10.0,0.1,cross_sectional_xgboost
2026-01-26,XOM,0.045917336,0.37778534755571536,0.014758366706737,1.0,4.0,1.0,cross_sectional_xgboost
2026-01-27,AAPL,-0.021193407,-1.1902347820367445,-0.0070855891539566,6.0,10.0,0.5,cross_sectional_xgboost
2026-01-27,AMZN,0.03483273,-1.1527963003465664,-0.006825233852112,2.0,9.0,0.9,cross_sectional_xgboost
2026-01-27,AVGO,0.11163175,0.023093726695285727,0.0013521598109129,1.0,6.0,1.0,cross_sectional_xgboost
2026-01-27,GOOGL,-0.03275285,0.4562074836672299,0.0043641265851708,7.0,3.0,0.4,cross_sectional_xgboost
2026-01-27,JPM,-0.018340383,0.04889961033709937,0.0015316195091061,5.0,5.0,0.6,cross_sectional_xgboost
2026-01-27,META,-0.056589525,-1.0773377035579004,-0.0063004784438595,8.0,8.0,0.3,cross_sectional_xgboost
2026-01-27,MSFT,-0.10919744,0.1428202979996063,0.002184764291744,9.0,4.0,0.2,cross_sectional_xgboost
2026-01-27,NVDA,0.012645174,2.116970202141916,0.0159134298512317,3.0,1.0,0.8,cross_sectional_xgboost
2026-01-27,TSLA,-0.22705854,0.015535724656103467,0.0012995998294869,10.0,7.0,0.1,cross_sectional_xgboost
2026-01-27,XOM,0.012600492,0.6168417404439706,0.0054812119615434,4.0,2.0,0.7,cross_sectional_xgboost
2026-01-28,AAPL,-0.0054250034,0.11054372525768724,0.0071750541498603,4.0,4.0,0.7,cross_sectional_xgboost
2026-01-28,AMZN,0.09515022,-0.13561923982961116,-0.0052672680475326,1.0,7.0,1.0,cross_sectional_xgboost
2026-01-28,AVGO,-0.02539018,-0.18042611367205644,-0.0075320342393435,5.0,8.0,0.6,cross_sectional_xgboost
2026-01-28,GOOGL,-0.053372014,0.10048203253991424,0.0066664852731355,7.0,5.0,0.4,cross_sectional_xgboost
2026-01-28,JPM,0.0077004875,0.3402441793077124,0.0187852777152301,3.0,3.0,0.8,cross_sectional_xgboost
2026-01-28,META,-0.15071185,2.027111486259634,0.1040480894054491,9.0,1.0,0.2,cross_sectional_xgboost
2026-01-28,MSFT,-0.24994218,-2.0084853662392663,-0.099931401497128,10.0,10.0,0.1,cross_sectional_xgboost
2026-01-28,NVDA,0.011328882,0.07085844082780762,0.0051691590096363,2.0,6.0,0.9,cross_sectional_xgboost
2026-01-28,TSLA,-0.139946,-0.7146397370992636,-0.0345338946636393,8.0,9.0,0.3,cross_sectional_xgboost
2026-01-28,XOM,-0.029291322,0.38993059264744195,0.0212966805307857,6.0,2.0,0.5,cross_sectional_xgboost
2026-01-29,AAPL,-0.07301611,0.36204888186725903,0.004646256124158,6.0,3.0,0.5,cross_sectional_xgboost
2026-01-29,AMZN,0.018606884,-0.5692026028192979,-0.0100525078340717,3.0,9.0,0.8,cross_sectional_xgboost
2026-01-29,AVGO,0.0064082714,0.1768658021207205,0.0017233481631913,5.0,4.0,0.6,cross_sectional_xgboost
2026-01-29,GOOGL,-0.1479564,0.020856160419015852,-0.0007390896812468,7.0,5.0,0.4,cross_sectional_xgboost
2026-01-29,JPM,0.019415157,-0.041900894250116935,-0.0017296396545505,2.0,6.0,0.9,cross_sectional_xgboost
2026-01-29,META,-0.28363946,-1.803876546242613,-0.0295404562112647,9.0,10.0,0.2,cross_sectional_xgboost
2026-01-29,MSFT,-0.6804064,-0.40146154222651037,-0.0074049026529789,10.0,8.0,0.1,cross_sectional_xgboost
2026-01-29,NVDA,0.015549021,-0.3864787168112858,-0.007168415497976,4.0,7.0,0.7,cross_sectional_xgboost
2026-01-29,TSLA,-0.27323928,2.1741676965489445,0.0332485264660284,8.0,1.0,0.3,cross_sectional_xgboost
2026-01-29,XOM,0.17500673,0.46898176139388426,0.0063340721237907,1.0,2.0,1.0,cross_sectional_xgboost
2026-01-30,AAPL,-0.049406134,1.9478962724195548,0.040581232988504,5.0,1.0,0.6,cross_sectional_xgboost
2026-01-30,AMZN,-0.08516076,0.793184900459237,0.0152946243854319,7.0,3.0,0.4,cross_sectional_xgboost
2026-01-30,AVGO,-0.019603077,0.06856837905874452,-0.0005734919325596,2.0,5.0,0.9,cross_sectional_xgboost
2026-01-30,GOOGL,-0.067674376,0.8634911324590623,0.0168342352475976,6.0,2.0,0.5,cross_sectional_xgboost
2026-01-30,JPM,-0.02615573,0.43065084371157997,0.0073556216000874,3.0,4.0,0.8,cross_sectional_xgboost
2026-01-30,META,-0.20577885,-0.5483156541446497,-0.0140824132785207,8.0,6.0,0.3,cross_sectional_xgboost
2026-01-30,MSFT,-0.37108725,-0.6396313148499909,-0.0160821020558702,9.0,7.0,0.2,cross_sectional_xgboost
2026-01-30,NVDA,-0.03578422,-1.2240853625987629,-0.0288808508261493,4.0,10.0,0.7,cross_sectional_xgboost
2026-01-30,TSLA,-0.41648334,-0.8176725246383992,-0.0199809624087339,10.0,8.0,0.1,cross_sectional_xgboost
2026-01-30,XOM,0.1372103,-0.8740866718763759,-0.0212163555082762,1.0,9.0,1.0,cross_sectional_xgboost
2026-02-02,AAPL,0.048207782,0.2646985566146474,-0.0019629018353019,2.0,4.0,0.9,cross_sectional_xgboost
2026-02-02,AMZN,-0.06305801,-0.4182088956575724,-0.0178630699569863,4.0,6.0,0.7,cross_sectional_xgboost
2026-02-02,AVGO,-0.17209247,-1.0493172192548212,-0.0325571963935955,8.0,10.0,0.3,cross_sectional_xgboost
2026-02-02,GOOGL,-0.13293377,-0.14836001177646718,-0.0115801649939751,7.0,5.0,0.4,cross_sectional_xgboost
2026-02-02,JPM,-0.043744408,1.2842662416407002,0.0217757432027796,3.0,2.0,0.8,cross_sectional_xgboost
2026-02-02,META,-0.11807601,-0.5453610429626445,-0.0208235597165532,6.0,7.0,0.5,cross_sectional_xgboost
2026-02-02,MSFT,-0.39686096,-0.8845966177309131,-0.0287219984489535,10.0,9.0,0.1,cross_sectional_xgboost
2026-02-02,NVDA,-0.072375625,-0.8704660000728061,-0.0283929945763503,5.0,8.0,0.6,cross_sectional_xgboost
2026-02-02,TSLA,-0.2316618,0.36427733807526924,0.0003555958781265,9.0,3.0,0.2,cross_sectional_xgboost
2026-02-02,XOM,0.07622601,2.0030676511246077,0.0385116321125729,1.0,1.0,1.0,cross_sectional_xgboost
2026-02-03,AAPL,0.004054302,1.4440917809143583,0.026012930894987,5.0,2.0,0.6,cross_sectional_xgboost
2026-02-03,AMZN,-0.06976715,-0.4479352987792185,-0.023593955826118,6.0,6.0,0.5,cross_sectional_xgboost
2026-02-03,AVGO,0.034060102,-1.0101783945524643,-0.0383353566554676,2.0,10.0,0.9,cross_sectional_xgboost
2026-02-03,GOOGL,-0.10414865,-0.2969118079924701,-0.0196342845930311,7.0,5.0,0.4,cross_sectional_xgboost
2026-02-03,JPM,0.009171202,0.7450990581847273,0.0076861039761348,4.0,3.0,0.7,cross_sectional_xgboost
2026-02-03,META,-0.13462861,-0.8002802416263146,-0.0328320559855517,8.0,7.0,0.3,cross_sectional_xgboost
2026-02-03,MSFT,-0.19679129,0.7283505744373447,0.0072469769969685,9.0,4.0,0.2,cross_sectional_xgboost
2026-02-03,NVDA,0.027083749,-0.8487245825714195,-0.0341022137752233,3.0,8.0,0.8,cross_sectional_xgboost
2026-02-03,TSLA,-0.20174046,-0.9897500912631269,-0.0377997488208574,10.0,9.0,0.1,cross_sectional_xgboost
2026-02-03,XOM,0.22689737,1.4762390032485837,0.0268557960071451,1.0,1.0,1.0,cross_sectional_xgboost
2026-02-04,AAPL,-0.06938082,0.7280745475036685,-0.0020977418894285,6.0,3.0,0.5,cross_sectional_xgboost
2026-02-04,AMZN,-0.038084738,-1.4934118444001854,-0.0442079179746619,5.0,9.0,0.6,cross_sectional_xgboost
2026-02-04,AVGO,0.10147675,1.2600217826741669,0.00798577328434,4.0,1.0,0.7,cross_sectional_xgboost
2026-02-04,GOOGL,0.10408624,0.5551991091501116,-0.0053747437996861,3.0,4.0,0.8,cross_sectional_xgboost
2026-02-04,JPM,-0.10337538,-0.3434744027601567,-0.0224098694559113,8.0,8.0,0.3,cross_sectional_xgboost
2026-02-04,META,-0.2050245,0.9349444771537463,0.0018236547016345,9.0,2.0,0.2,cross_sectional_xgboost
2026-02-04,MSFT,-0.52007204,-1.7748342498621539,-0.0495425205594552,10.0,10.0,0.1,cross_sectional_xgboost
2026-02-04,NVDA,0.11278798,0.13914504637877054,-0.0132614046894982,2.0,6.0,0.9,cross_sectional_xgboost
2026-02-04,TSLA,-0.095707454,-0.3046746839213598,-0.0216743875739093,7.0,7.0,0.4,cross_sectional_xgboost
2026-02-04,XOM,0.17045116,0.2990102180833924,-0.0102310235199749,1.0,5.0,1.0,cross_sectional_xgboost
2026-02-05,AAPL,-0.07839964,-0.2359405639503421,0.008010003021136,6.0,7.0,0.5,cross_sectional_xgboost
2026-02-05,AMZN,-0.02938259,-1.7563390005989534,-0.0555480487744045,3.0,10.0,0.8,cross_sectional_xgboost
2026-02-05,AVGO,-0.05391365,1.2988957289279066,0.0721716084588932,4.0,2.0,0.7,cross_sectional_xgboost
2026-02-05,GOOGL,0.04757666,-1.0334426414191782,-0.025328414807381,2.0,9.0,0.9,cross_sectional_xgboost
2026-02-05,JPM,-0.16992372,0.5164726137549075,0.0394635447819724,7.0,3.0,0.4,cross_sectional_xgboost
2026-02-05,META,-0.59512943,-0.7398603539418575,-0.0130556330260029,10.0,8.0,0.1,cross_sectional_xgboost
2026-02-05,MSFT,-0.5186399,0.026364749122699184,0.0189752962447273,9.0,6.0,0.2,cross_sectional_xgboost
2026-02-05,NVDA,0.054489918,1.4554877592524271,0.0787177112002728,1.0,1.0,1.0,cross_sectional_xgboost
2026-02-05,TSLA,-0.2741054,0.40955643845080086,0.0349940691208829,8.0,4.0,0.3,cross_sectional_xgboost
2026-02-05,XOM,-0.07212565,0.058805270401590067,0.020331425192257,5.0,5.0,0.6,cross_sectional_xgboost
2026-02-06,AAPL,-0.0456287,-1.5247030786260818,-0.0116606360999124,2.0,10.0,0.9,cross_sectional_xgboost
2026-02-06,AMZN,-0.32716697,-1.2708971158068072,-0.0076074840614147,6.0,9.0,0.5,cross_sectional_xgboost
2026-02-06,AVGO,-0.4207297,1.2782405158283057,0.0331009463998117,9.0,1.0,0.2,cross_sectional_xgboost
2026-02-06,GOOGL,0.013455697,-0.5113472147527277,0.0045221412460498,1.0,7.0,1.0,cross_sectional_xgboost
2026-02-06,JPM,-0.08796649,-0.8527867744820069,-0.0009304747294303,3.0,8.0,0.8,cross_sectional_xgboost
2026-02-06,META,-0.3809317,0.6974477886904048,0.0238259821720412,7.0,4.0,0.4,cross_sectional_xgboost
2026-02-06,MSFT,-0.42289704,1.150528319994,0.0310614476380926,10.0,2.0,0.1,cross_sectional_xgboost
2026-02-06,NVDA,-0.13601932,0.7691946485657827,0.0249717430049605,5.0,3.0,0.6,cross_sectional_xgboost
2026-02-06,TSLA,-0.39154965,0.15137641066181318,0.0151055002163125,8.0,5.0,0.3,cross_sectional_xgboost
2026-02-06,XOM,-0.11255476,0.11294649992731627,0.0144917941027815,4.0,6.0,0.7,cross_sectional_xgboost
2026-02-09,AAPL,-0.020749455,0.14041567545200553,-0.0034230173985199,3.0,4.0,0.8,cross_sectional_xgboost
2026-02-09,AMZN,-0.24276267,-0.35389614108732775,-0.0084323231915608,7.0,6.0,0.4,cross_sectional_xgboost
2026-02-09,AVGO,-0.3598231,-0.5259783704753285,-0.0101761870437091,8.0,8.0,0.3,cross_sectional_xgboost
2026-02-09,GOOGL,0.051974144,-1.2682852343869544,-0.0176986494837925,2.0,10.0,0.9,cross_sectional_xgboost
2026-02-09,JPM,-0.045531962,-0.6921126117515993,-0.0118597745878508,4.0,9.0,0.7,cross_sectional_xgboost
2026-02-09,META,-0.39781794,-0.4689354492062737,-0.009598119867477,9.0,7.0,0.2,cross_sectional_xgboost
2026-02-09,MSFT,-0.5128184,0.39946357234026153,-0.0007978522959694,10.0,3.0,0.1,cross_sectional_xgboost
2026-02-09,NVDA,-0.049756184,-0.30068776926165347,-0.0078931149503121,5.0,5.0,0.6,cross_sectional_xgboost
2026-02-09,TSLA,-0.1616931,2.3438454612112665,0.018906316477488,6.0,1.0,0.5,cross_sectional_xgboost
2026-02-09,XOM,0.13352458,0.7261708671656039,0.0025129662801572,1.0,2.0,1.0,cross_sectional_xgboost
2026-02-10,AAPL,-0.0038512892,0.5752138741563423,0.0066501563343037,6.0,5.0,0.5,cross_sectional_xgboost
2026-02-10,AMZN,0.08797594,-0.6383836072352835,-0.0139157556502897,2.0,7.0,0.9,cross_sectional_xgboost
2026-02-10,AVGO,-0.5712318,0.5849255815133619,0.0068147332403925,10.0,4.0,0.1,cross_sectional_xgboost
2026-02-10,GOOGL,0.048848733,-1.2286588058560202,-0.0239186997628649,4.0,10.0,0.7,cross_sectional_xgboost
2026-02-10,JPM,-0.13960604,-1.2003158452774352,-0.0234383932019337,8.0,9.0,0.3,cross_sectional_xgboost
2026-02-10,META,-0.32179016,0.00419412692990744,-0.0030264803125171,9.0,6.0,0.2,cross_sectional_xgboost
2026-02-10,MSFT,0.0734662,-1.0880350410963537,-0.0215356559502878,3.0,8.0,0.8,cross_sectional_xgboost
2026-02-10,NVDA,0.045620322,0.6553973615184623,0.0080089648099246,5.0,2.0,0.6,cross_sectional_xgboost
2026-02-10,TSLA,-0.06692154,0.6074500656083596,0.0071964385129388,7.0,3.0,0.4,cross_sectional_xgboost
2026-02-10,XOM,0.10412237,1.7282122897386591,0.0261891421156936,1.0,1.0,1.0,cross_sectional_xgboost
2026-02-11,AAPL,-0.04102421,-1.9594073453909577,-0.0499817899391242,6.0,10.0,0.5,cross_sectional_xgboost
2026-02-11,AMZN,0.09645724,0.1971219886001236,-0.021952154485219,2.0,4.0,0.9,cross_sectional_xgboost
2026-02-11,AVGO,-0.58138174,-0.7154771970898127,-0.0338137239464974,10.0,9.0,0.1,cross_sectional_xgboost
2026-02-11,GOOGL,-0.09616329,1.4011356075253545,-0.0063029062751082,7.0,2.0,0.4,cross_sectional_xgboost
2026-02-11,JPM,-0.16718501,-0.13873913539727312,-0.0263175320946964,9.0,6.0,0.2,cross_sectional_xgboost
2026-02-11,META,0.004683817,-0.28621020983738094,-0.0282342973301138,3.0,7.0,0.8,cross_sectional_xgboost
2026-02-11,MSFT,-0.16012003,1.4046970611769636,-0.0062566160410886,8.0,1.0,0.3,cross_sectional_xgboost
2026-02-11,NVDA,-0.036237046,0.6270525418239125,-0.0163641031253721,4.0,3.0,0.7,cross_sectional_xgboost
2026-02-11,TSLA,-0.037105076,-0.12597925053203163,-0.0261516846306396,5.0,5.0,0.6,cross_sectional_xgboost
2026-02-11,XOM,0.1272164,-0.4041940608788981,-0.0297678003908031,1.0,8.0,1.0,cross_sectional_xgboost
2026-02-12,AAPL,-0.10290748,-1.3764063818370462,-0.0227333759213631,6.0,10.0,0.5,cross_sectional_xgboost
2026-02-12,AMZN,0.11954031,0.7017338835164322,-0.0040581803237155,1.0,4.0,1.0,cross_sectional_xgboost
2026-02-12,AVGO,-0.20017682,-0.8627756931767292,-0.0181176366781536,9.0,8.0,0.2,cross_sectional_xgboost
2026-02-12,GOOGL,-0.05167485,-0.02789085058305121,-0.0106149488197399,4.0,6.0,0.7,cross_sectional_xgboost
2026-02-12,JPM,-0.11013629,1.12021631036049,-0.0002974903906124,7.0,2.0,0.4,cross_sectional_xgboost
2026-02-12,META,-0.5525957,-0.566006376266999,-0.0154507209106913,10.0,7.0,0.1,cross_sectional_xgboost
2026-02-12,MSFT,-0.12623632,1.0093293343343386,-0.0012939755658649,8.0,3.0,0.3,cross_sectional_xgboost
2026-02-12,NVDA,0.030339312,-1.30510933942977,-0.0220926654579319,2.0,9.0,0.9,cross_sectional_xgboost
2026-02-12,TSLA,-0.08949674,1.2520385625772286,0.0008871295242764,5.0,1.0,0.6,cross_sectional_xgboost
2026-02-12,XOM,0.011184323,0.054870550505106426,-0.0098712139626542,3.0,5.0,0.8,cross_sectional_xgboost
2026-02-13,AAPL,-0.05856877,1.625176738453769,0.031667901456869,6.0,1.0,0.5,cross_sectional_xgboost
2026-02-13,AMZN,0.094715156,0.47215560570503406,0.0118718280097462,1.0,4.0,1.0,cross_sectional_xgboost
2026-02-13,AVGO,-0.4568663,1.1008082626355575,0.0226650856664014,9.0,2.0,0.2,cross_sectional_xgboost
2026-02-13,GOOGL,-0.058295578,-0.9242368625500309,-0.0121026569996368,5.0,8.0,0.6,cross_sectional_xgboost
2026-02-13,JPM,0.011993925,0.6623952875856445,0.0151380289562006,3.0,3.0,0.8,cross_sectional_xgboost
2026-02-13,META,-0.5242174,-0.2630159667031772,-0.0007502393837065,10.0,6.0,0.1,cross_sectional_xgboost
2026-02-13,MSFT,-0.08773687,-0.8666135404707608,-0.0111133294983888,7.0,7.0,0.4,cross_sectional_xgboost
2026-02-13,NVDA,-0.04781717,0.4688760659825627,0.0118155220086029,4.0,5.0,0.7,cross_sectional_xgboost
2026-02-13,TSLA,-0.19609115,-1.1695097338502116,-0.0163137157885334,8.0,10.0,0.3,cross_sectional_xgboost
2026-02-13,XOM,0.04638768,-1.1060358567883877,-0.0152239408515433,2.0,9.0,0.9,cross_sectional_xgboost
2026-02-17,AAPL,-0.0067473506,-0.812775028146916,0.0017811675649548,4.0,9.0,0.7,cross_sectional_xgboost
2026-02-17,AMZN,0.066588566,0.9226215026779502,0.018095945812067,2.0,2.0,0.9,cross_sectional_xgboost
2026-02-17,AVGO,-0.30133137,-0.691966088880811,0.0029169143636755,7.0,8.0,0.4,cross_sectional_xgboost
2026-02-17,GOOGL,0.050185017,-0.5408494607796426,0.0043375892544741,3.0,7.0,0.8,cross_sectional_xgboost
2026-02-17,JPM,-0.12412539,-0.4307821878050639,0.0053723516957653,6.0,6.0,0.5,cross_sectional_xgboost
2026-02-17,META,-0.60270405,-0.34834059818750834,0.0061474000660133,10.0,5.0,0.1,cross_sectional_xgboost
2026-02-17,MSFT,-0.3721023,-0.2678428045271883,0.0069041744571236,9.0,4.0,0.2,cross_sectional_xgboost
2026-02-17,NVDA,-0.03392527,0.7286984381872611,0.0162728398314055,5.0,3.0,0.6,cross_sectional_xgboost
2026-02-17,TSLA,-0.3376534,-0.8234988717864593,0.0016803507615164,8.0,10.0,0.3,cross_sectional_xgboost
2026-02-17,XOM,0.12201046,2.264735099248378,0.0307133997031803,1.0,1.0,1.0,cross_sectional_xgboost
2026-02-18,AAPL,-0.054851197,-2.701566478584277,-0.0142615913811262,4.0,10.0,0.7,cross_sectional_xgboost
2026-02-18,AMZN,-0.10154445,0.32194792658557736,0.000341849340856,6.0,5.0,0.5,cross_sectional_xgboost
2026-02-18,AVGO,-0.35401437,0.5491351112129967,0.0014391533847288,8.0,3.0,0.3,cross_sectional_xgboost
2026-02-18,GOOGL,-0.08213827,-0.0764561235297217,-0.0015824245833258,5.0,8.0,0.6,cross_sectional_xgboost
2026-02-18,JPM,-0.042903412,-0.23830169706739238,-0.0023641315383948,3.0,9.0,0.8,cross_sectional_xgboost
2026-02-18,META,-0.5216833,0.7533169397214942,0.0024253425770248,10.0,1.0,0.1,cross_sectional_xgboost
2026-02-18,MSFT,-0.3231762,0.13173466152364482,-0.0005768723083999,7.0,7.0,0.4,cross_sectional_xgboost
2026-02-18,NVDA,-0.03660749,0.16306976850494878,-0.0004255251289269,2.0,6.0,0.9,cross_sectional_xgboost
2026-02-18,TSLA,-0.41599393,0.4474726669103902,0.0009481282794783,9.0,4.0,0.2,cross_sectional_xgboost
2026-02-18,XOM,0.034340587,0.6496472247223386,0.0019246224431745,1.0,2.0,1.0,cross_sectional_xgboost
2026-02-19,AAPL,-0.01478315,0.38059344274166274,0.0153504310566325,3.0,4.0,0.8,cross_sectional_xgboost
2026-02-19,AMZN,-0.09547499,0.9578187219269655,0.0256272575630107,6.0,2.0,0.5,cross_sectional_xgboost
2026-02-19,AVGO,-0.5649765,-0.7069494201957841,-0.0040120080528128,10.0,9.0,0.1,cross_sectional_xgboost
2026-02-19,GOOGL,0.022415137,1.76807424499075,0.0400529172432551,2.0,1.0,0.9,cross_sectional_xgboost
2026-02-19,JPM,-0.02672146,0.01799037031611647,0.0088947039768059,4.0,6.0,0.7,cross_sectional_xgboost
2026-02-19,META,-0.42861164,0.4661697991774115,0.016874018813183,9.0,3.0,0.2,cross_sectional_xgboost
2026-02-19,MSFT,-0.2725535,-0.6549875416473829,-0.0030868870817751,7.0,8.0,0.4,cross_sectional_xgboost
2026-02-19,NVDA,-0.03907773,0.09233559228145898,0.0102183344123862,5.0,5.0,0.6,cross_sectional_xgboost
2026-02-19,TSLA,-0.39969495,-0.46659537522974753,0.0002672169037041,8.0,7.0,0.3,cross_sectional_xgboost
2026-02-19,XOM,0.12601376,-1.854449834361452,-0.0244419218102662,1.0,10.0,1.0,cross_sectional_xgboost
2026-02-20,AAPL,-0.011472882,0.9170261468829197,0.0060472737697376,5.0,3.0,0.6,cross_sectional_xgboost
2026-02-20,AMZN,0.059449486,-0.45576264784738013,-0.0230355353092709,3.0,6.0,0.8,cross_sectional_xgboost
2026-02-20,AVGO,-0.41160217,0.3037922347278674,-0.0069442110503892,10.0,4.0,0.1,cross_sectional_xgboost
2026-02-20,GOOGL,0.23990588,0.10856057082679056,-0.0110802334518014,1.0,5.0,1.0,cross_sectional_xgboost
2026-02-20,JPM,-0.026808817,-1.3610818629027068,-0.0422149065192352,6.0,10.0,0.5,cross_sectional_xgboost
2026-02-20,META,-0.342812,-0.6938065153546248,-0.0280785429282995,9.0,7.0,0.2,cross_sectional_xgboost
2026-02-20,MSFT,-0.17899258,-0.8846932377970821,-0.0321225168635634,7.0,9.0,0.4,cross_sectional_xgboost
2026-02-20,NVDA,-0.0047194394,1.0617769272342743,0.0091138484133797,4.0,2.0,0.7,cross_sectional_xgboost
2026-02-20,TSLA,-0.34119415,-0.74271653513389,-0.0291147116184514,8.0,8.0,0.3,cross_sectional_xgboost
2026-02-20,XOM,0.11825415,1.7469049193638317,0.0236284239010846,2.0,1.0,0.9,cross_sectional_xgboost
2026-02-23,AAPL,0.002123476,1.2868399786077833,0.0223910510681033,4.0,2.0,0.7,cross_sectional_xgboost
2026-02-23,AMZN,0.016871864,0.798222661713523,0.0160276378314188,3.0,3.0,0.8,cross_sectional_xgboost
2026-02-23,AVGO,-0.29498568,-1.559820951461385,-0.0146818876437165,9.0,10.0,0.2,cross_sectional_xgboost
2026-02-23,GOOGL,-0.030585079,-0.5779026642832368,-0.0018940645152043,5.0,8.0,0.6,cross_sectional_xgboost
2026-02-23,JPM,0.043583218,-0.5279226746097996,-0.0012431597747034,2.0,7.0,0.9,cross_sectional_xgboost
2026-02-23,META,-0.24957351,-0.18545439279338743,0.0032169097363548,8.0,6.0,0.3,cross_sectional_xgboost
2026-02-23,MSFT,-0.18072847,0.4722610907670448,0.0117825402806495,7.0,4.0,0.4,cross_sectional_xgboost
2026-02-23,NVDA,0.0474716,0.08865703834938989,0.0067867470076727,1.0,5.0,1.0,cross_sectional_xgboost
2026-02-23,TSLA,-0.36435553,1.4015686523234332,0.0238851977872369,10.0,1.0,0.1,cross_sectional_xgboost
2026-02-23,XOM,-0.10993452,-1.1964487386133662,-0.009949579825038,6.0,9.0,0.5,cross_sectional_xgboost
2026-02-24,AAPL,-0.032665182,-0.7849690061933352,0.0076798561696611,6.0,8.0,0.5,cross_sectional_xgboost
2026-02-24,AMZN,-0.08090248,-0.5385521246932009,0.009973158109912,7.0,7.0,0.4,cross_sectional_xgboost
2026-02-24,AVGO,-0.0103558265,0.6412467194428523,0.0209530672861488,5.0,3.0,0.6,cross_sectional_xgboost
2026-02-24,GOOGL,0.062237833,-0.9189488548521141,0.006432960076288,3.0,9.0,0.8,cross_sectional_xgboost
2026-02-24,JPM,0.010181013,0.5583481026465863,0.0201815634931228,4.0,4.0,0.7,cross_sectional_xgboost
2026-02-24,META,-0.26592427,0.8084222510209103,0.0225089021323512,9.0,2.0,0.2,cross_sectional_xgboost
2026-02-24,MSFT,-0.5249804,1.594004821016282,0.0298200003859694,10.0,1.0,0.1,cross_sectional_xgboost
2026-02-24,NVDA,0.07980312,-0.10024583298092729,0.0140522969379366,2.0,6.0,0.9,cross_sectional_xgboost
2026-02-24,TSLA,-0.2114773,0.4948458025287664,0.0195905733499799,8.0,5.0,0.3,cross_sectional_xgboost
2026-02-24,XOM,0.24853449,-1.7541518779358212,-0.0013399356022909,1.0,10.0,1.0,cross_sectional_xgboost
2026-02-25,AAPL,-0.045366693,0.42368884441509613,-0.0046676897850849,5.0,5.0,0.6,cross_sectional_xgboost
2026-02-25,AMZN,-0.03585457,-2.526580047016967e-05,-0.0129130327980659,4.0,6.0,0.7,cross_sectional_xgboost
2026-02-25,AVGO,-0.09872298,-0.9771754572321724,-0.0319280674860904,7.0,9.0,0.4,cross_sectional_xgboost
2026-02-25,GOOGL,-0.015840566,-0.24301305061775996,-0.0176414984910391,3.0,7.0,0.8,cross_sectional_xgboost
2026-02-25,JPM,-0.046250623,1.143049842515473,0.0093308484662855,6.0,1.0,0.5,cross_sectional_xgboost
2026-02-25,META,-0.24554226,0.9245521144723802,0.0050789515578824,9.0,2.0,0.2,cross_sectional_xgboost
2026-02-25,MSFT,-0.26279438,0.8072250441144975,0.0027958037549529,10.0,3.0,0.1,cross_sectional_xgboost
2026-02-25,NVDA,0.028693557,-2.140258058382778,-0.0545612882538339,2.0,10.0,0.9,cross_sectional_xgboost
2026-02-25,TSLA,-0.23390141,-0.42232372204428664,-0.021130827631028,8.0,8.0,0.3,cross_sectional_xgboost
2026-02-25,XOM,0.25120872,0.48427970856002117,-0.0034886106695141,1.0,4.0,1.0,cross_sectional_xgboost
2026-02-26,AAPL,-0.041931175,-1.0398863923059602,-0.0321303776741574,6.0,9.0,0.5,cross_sectional_xgboost
2026-02-26,AMZN,0.009163597,0.9331959531054136,0.0100038565283393,2.0,3.0,0.9,cross_sectional_xgboost
2026-02-26,AVGO,0.007947464,0.15176706053932962,-0.0066831854740118,3.0,4.0,0.8,cross_sectional_xgboost
2026-02-26,GOOGL,-0.0319917,1.1320151016396036,0.0142495447976416,5.0,2.0,0.6,cross_sectional_xgboost
2026-02-26,JPM,-0.081933364,-0.42708338496963383,-0.0190442611767135,7.0,7.0,0.4,cross_sectional_xgboost
2026-02-26,META,-0.194842,-0.16463286229354523,-0.0134397552042593,8.0,5.0,0.3,cross_sectional_xgboost
2026-02-26,MSFT,-0.32928962,-0.5820678149674395,-0.0223538798991427,10.0,8.0,0.1,cross_sectional_xgboost
2026-02-26,NVDA,-0.007980938,-1.4855022834434577,-0.0416462928944251,4.0,10.0,0.7,cross_sectional_xgboost
2026-02-26,TSLA,-0.19581172,-0.23096635709803257,-0.0148562754078191,9.0,6.0,0.2,cross_sectional_xgboost
2026-02-26,XOM,0.31110737,1.713160979793722,0.0266596383717423,1.0,1.0,1.0,cross_sectional_xgboost
2026-02-27,AAPL,0.030675665,-0.0886278032170626,0.0020439219879579,3.0,5.0,0.8,cross_sectional_xgboost
2026-02-27,AMZN,-0.02962164,-0.808147594301358,-0.0076666695731026,7.0,8.0,0.4,cross_sectional_xgboost
2026-02-27,AVGO,0.04358962,-0.4093465606896397,-0.0022844771726736,2.0,7.0,0.9,cross_sectional_xgboost
2026-02-27,GOOGL,-0.027410975,-1.485472729706376,-0.0168078048489599,6.0,10.0,0.5,cross_sectional_xgboost
2026-02-27,JPM,0.029232763,-0.916141768461134,-0.0091241518122767,4.0,9.0,0.7,cross_sectional_xgboost
2026-02-27,META,-0.2451126,0.37493737711157404,0.0083001670334446,9.0,4.0,0.2,cross_sectional_xgboost
2026-02-27,MSFT,-0.1950056,0.8560661895450603,0.0147934496973711,8.0,2.0,0.3,cross_sectional_xgboost
2026-02-27,NVDA,0.022247016,1.9720689148663768,0.0298549487428589,5.0,1.0,0.6,cross_sectional_xgboost
2026-02-27,TSLA,-0.36383325,-0.090965969585013,0.0020123662491411,10.0,6.0,0.1,cross_sectional_xgboost
2026-02-27,XOM,0.2794743,0.5956299444375718,0.0112786193406912,1.0,3.0,1.0,cross_sectional_xgboost
2026-03-02,AAPL,-0.011108447,0.17070231518999224,-0.0036640946670775,3.0,5.0,0.8,cross_sectional_xgboost
2026-03-02,AMZN,-0.047831565,0.5907728346598955,0.0016315386481424,4.0,4.0,0.7,cross_sectional_xgboost
2026-03-02,AVGO,0.0042443136,-0.7776896052406271,-0.0156200297230666,2.0,9.0,0.9,cross_sectional_xgboost
2026-03-02,GOOGL,-0.069490686,-0.29949517635693307,-0.0095916553635789,6.0,6.0,0.5,cross_sectional_xgboost
2026-03-02,JPM,-0.0641576,1.1811193711738246,0.0090737623734182,5.0,2.0,0.6,cross_sectional_xgboost
2026-03-02,META,-0.2308729,0.6458432655750687,0.0023257859116874,10.0,3.0,0.1,cross_sectional_xgboost
2026-03-02,MSFT,-0.1656174,1.5321457234763578,0.0134989880429539,8.0,1.0,0.3,cross_sectional_xgboost
2026-03-02,NVDA,-0.15805314,-0.5949753580682793,-0.0133166363411358,7.0,7.0,0.4,cross_sectional_xgboost
2026-03-02,TSLA,-0.19835022,-1.6804673739072629,-0.0270009284207993,9.0,10.0,0.2,cross_sectional_xgboost
2026-03-02,XOM,0.37011936,-0.7679559965020367,-0.015497322652886,1.0,8.0,1.0,cross_sectional_xgboost
2026-03-03,AAPL,-0.0017489527,-0.8634424291869486,-0.0046636409527347,4.0,9.0,0.7,cross_sectional_xgboost
2026-03-03,AMZN,-0.092016496,1.6637024002853211,0.038758260730479,7.0,1.0,0.4,cross_sectional_xgboost
2026-03-03,AVGO,0.044868708,0.09226256423835313,0.0117574710384351,2.0,5.0,0.9,cross_sectional_xgboost
2026-03-03,GOOGL,-0.06208124,-0.6782782046014468,-0.0014821126677574,6.0,7.0,0.5,cross_sectional_xgboost
2026-03-03,JPM,-0.05724779,-0.7606479652727316,-0.0028974061672935,5.0,8.0,0.6,cross_sectional_xgboost
2026-03-03,META,-0.18210793,0.5318509932869576,0.0193105662645654,8.0,3.0,0.3,cross_sectional_xgboost
2026-03-03,MSFT,-0.2209704,-0.4090304727937159,0.0031441550485353,9.0,6.0,0.2,cross_sectional_xgboost
2026-03-03,NVDA,0.034549788,0.3744789606348214,0.0166065689115781,3.0,4.0,0.8,cross_sectional_xgboost
2026-03-03,TSLA,-0.2821944,1.4115976701262878,0.0344265474550176,10.0,2.0,0.1,cross_sectional_xgboost
2026-03-03,XOM,0.0954611,-1.3624935167168986,-0.0132384353234046,1.0,10.0,1.0,cross_sectional_xgboost
2026-03-04,AAPL,0.056417335,-0.6261766335205079,-0.0084945366394583,1.0,8.0,1.0,cross_sectional_xgboost
2026-03-04,AMZN,-0.020807259,0.35133519968043575,0.0097776729341096,6.0,3.0,0.5,cross_sectional_xgboost
2026-03-04,AVGO,-0.020136127,2.3958772003748434,0.0479954199217007,5.0,1.0,0.6,cross_sectional_xgboost
2026-03-04,GOOGL,-0.08343259,-0.5688295201837245,-0.0074225716383825,7.0,7.0,0.4,cross_sectional_xgboost
2026-03-04,JPM,-0.0055327388,-1.215282546284507,-0.0195064408777971,4.0,10.0,0.7,cross_sectional_xgboost
2026-03-04,META,-0.26215944,-0.745384929331015,-0.0107228462005045,9.0,9.0,0.2,cross_sectional_xgboost
2026-03-04,MSFT,-0.11658056,0.5517595145248443,0.0135241187162375,8.0,2.0,0.3,cross_sectional_xgboost
2026-03-04,NVDA,0.009324687,-0.08406122362709632,0.0016389942766803,3.0,5.0,0.8,cross_sectional_xgboost
2026-03-04,TSLA,-0.34274134,-0.22314125905621923,-0.0009607691927178,10.0,6.0,0.1,cross_sectional_xgboost
2026-03-04,XOM,0.055078488,0.16390419742294696,0.0062741055730701,2.0,4.0,0.9,cross_sectional_xgboost
2026-03-05,AAPL,0.034056384,0.31308237008353224,-0.010872576884936,2.0,5.0,0.9,cross_sectional_xgboost
2026-03-05,AMZN,-0.07927349,-1.1061216564471712,-0.02617153404423,6.0,9.0,0.5,cross_sectional_xgboost
2026-03-05,AVGO,-0.2037059,0.6833127547624297,-0.0068815095765113,8.0,3.0,0.3,cross_sectional_xgboost
2026-03-05,GOOGL,-0.05884673,0.5940530678948621,-0.0078437250859875,5.0,4.0,0.6,cross_sectional_xgboost
2026-03-05,JPM,-0.0007481762,0.03551954556161127,-0.013864691959295,3.0,6.0,0.8,cross_sectional_xgboost
2026-03-05,META,-0.219902,-0.8845083993065782,-0.0237825528522772,9.0,8.0,0.2,cross_sectional_xgboost
2026-03-05,MSFT,-0.24854429,0.9331625235687112,-0.0041881400272641,10.0,2.0,0.1,cross_sectional_xgboost
2026-03-05,NVDA,-0.0055558514,-1.4712851757693146,-0.0301079807663431,4.0,10.0,0.7,cross_sectional_xgboost
2026-03-05,TSLA,-0.15430559,-0.6957909096838207,-0.0217481865913486,7.0,7.0,0.4,cross_sectional_xgboost
2026-03-05,XOM,0.26629663,1.5985758793357376,0.0029849867626785,1.0,1.0,1.0,cross_sectional_xgboost
2026-03-06,AAPL,-0.026266709,-0.14408945756168975,0.0093996024423435,2.0,4.0,0.9,cross_sectional_xgboost
2026-03-06,AMZN,-0.1955287,-0.6412487120632443,0.0013132534612818,8.0,8.0,0.3,cross_sectional_xgboost
2026-03-06,AVGO,-0.18195453,2.11878653825831,0.0462055249659296,7.0,1.0,0.4,cross_sectional_xgboost
2026-03-06,GOOGL,-0.12400664,0.937095119604327,0.0269851863870123,6.0,3.0,0.5,cross_sectional_xgboost
2026-03-06,JPM,-0.051166676,-0.6285343263801704,0.0015200543179132,3.0,7.0,0.8,cross_sectional_xgboost
2026-03-06,META,-0.2626871,-0.4807759821203656,0.003923359749181,9.0,6.0,0.2,cross_sectional_xgboost
2026-03-06,MSFT,-0.11017038,-0.654338555235797,0.0011003457480245,5.0,9.0,0.6,cross_sectional_xgboost
2026-03-06,NVDA,-0.07373945,0.9479793892155499,0.0271622202080332,4.0,2.0,0.7,cross_sectional_xgboost
2026-03-06,TSLA,-0.2745558,-0.41980032988056504,0.0049151353198746,10.0,5.0,0.1,cross_sectional_xgboost
2026-03-06,XOM,0.096815124,-1.0350736838363546,-0.0050923522483152,1.0,10.0,1.0,cross_sectional_xgboost
2026-03-09,AAPL,0.01771517,0.4673865629277486,0.0036555161307854,2.0,4.0,0.9,cross_sectional_xgboost
2026-03-09,AMZN,-0.079825,0.4992326643180467,0.00393459326562,7.0,3.0,0.4,cross_sectional_xgboost
2026-03-09,AVGO,-0.007973172,-0.9959938146005299,-0.0091685340701659,3.0,9.0,0.8,cross_sectional_xgboost
2026-03-09,GOOGL,-0.11234509,0.3035478587792429,0.0022197474139682,8.0,5.0,0.3,cross_sectional_xgboost
2026-03-09,JPM,-0.053439062,-0.41814236806777516,-0.0041046449591578,5.0,7.0,0.6,cross_sectional_xgboost
2026-03-09,META,-0.17939849,1.227705880402981,0.0103184270497662,10.0,2.0,0.1,cross_sectional_xgboost
2026-03-09,MSFT,-0.067313746,-0.9670891257288367,-0.0089152334336222,6.0,8.0,0.5,cross_sectional_xgboost
2026-03-09,NVDA,-0.014115445,1.374746096899804,0.0116069854771376,4.0,1.0,0.7,cross_sectional_xgboost
2026-03-09,TSLA,-0.17219584,0.210532938913493,0.0014046291985589,9.0,6.0,0.2,cross_sectional_xgboost
2026-03-09,XOM,0.3395137,-1.7019266938441746,-0.0153548399827909,1.0,10.0,1.0,cross_sectional_xgboost
2026-03-10,AAPL,-0.044036046,-0.39545553626031626,-7.665572857407099e-05,5.0,6.0,0.6,cross_sectional_xgboost
2026-03-10,AMZN,-0.12082972,-1.1295448777577584,-0.0078384170214982,7.0,10.0,0.4,cross_sectional_xgboost
2026-03-10,AVGO,-0.021333713,-0.6670392826811213,-0.0029481975036615,3.0,8.0,0.8,cross_sectional_xgboost
2026-03-10,GOOGL,-0.10950246,0.12312976537377861,0.0054065124551407,6.0,4.0,0.5,cross_sectional_xgboost
2026-03-10,JPM,-0.022089148,-0.7845637066267364,-0.004190820810102,4.0,9.0,0.7,cross_sectional_xgboost
2026-03-10,META,-0.22098076,-0.2739754114622503,0.0012077924676003,10.0,5.0,0.1,cross_sectional_xgboost
2026-03-10,MSFT,-0.19557102,-0.5933267007228591,-0.0021688108090147,9.0,7.0,0.2,cross_sectional_xgboost
2026-03-10,NVDA,0.0018601152,0.26189358958970105,0.006873706730786,2.0,3.0,0.9,cross_sectional_xgboost
2026-03-10,TSLA,-0.1438575,1.6443514744637853,0.0214908759135248,8.0,2.0,0.3,cross_sectional_xgboost
2026-03-10,XOM,0.06751996,1.8145306860837764,0.0232902351235604,1.0,1.0,1.0,cross_sectional_xgboost
2026-03-11,AAPL,-0.015905455,-0.37009210897624467,-0.0193627404437324,4.0,8.0,0.7,cross_sectional_xgboost
2026-03-11,AMZN,-0.102446936,0.029909612126150804,-0.0146719736973343,6.0,3.0,0.5,cross_sectional_xgboost
2026-03-11,AVGO,0.068994775,-0.11700774250185425,-0.0163948538880958,1.0,6.0,1.0,cross_sectional_xgboost
2026-03-11,GOOGL,-0.11089572,-0.14158328745147475,-0.0166830480206275,8.0,7.0,0.3,cross_sectional_xgboost
2026-03-11,JPM,0.009382782,-0.0921265932934942,-0.0161030759752481,3.0,5.0,0.8,cross_sectional_xgboost
2026-03-11,META,-0.37410432,-0.8909733399938258,-0.0254710450543886,10.0,9.0,0.1,cross_sectional_xgboost
2026-03-11,MSFT,-0.11075201,0.6449903345668558,-0.0074590042350434,7.0,2.0,0.4,cross_sectional_xgboost
2026-03-11,NVDA,-0.08088624,-0.04368759452516223,-0.0155350383077473,5.0,4.0,0.6,cross_sectional_xgboost
2026-03-11,TSLA,-0.28124365,-1.397491003717298,-0.0314109100302423,9.0,10.0,0.2,cross_sectional_xgboost
2026-03-11,XOM,0.018852785,2.378061723766348,0.012864492421887,2.0,1.0,0.9,cross_sectional_xgboost
2026-03-12,AAPL,-0.024538988,-0.47886631095814236,-0.0220519472431525,3.0,8.0,0.8,cross_sectional_xgboost
2026-03-12,AMZN,-0.10250359,0.27540182337656094,-0.008877013416636,6.0,4.0,0.5,cross_sectional_xgboost
2026-03-12,AVGO,-0.12704922,-1.5696489348618998,-0.0411048386949727,7.0,10.0,0.4,cross_sectional_xgboost
2026-03-12,GOOGL,-0.09102297,0.5440925975137193,-0.0041837445273504,5.0,3.0,0.6,cross_sectional_xgboost
2026-03-12,JPM,-0.026749585,0.8949123248199868,0.0019440851951308,4.0,2.0,0.7,cross_sectional_xgboost
2026-03-12,META,-0.35309526,-1.4115641922863997,-0.0383435447630062,9.0,9.0,0.2,cross_sectional_xgboost
2026-03-12,MSFT,-0.4241832,-0.1153314807206888,-0.015702020587114,10.0,6.0,0.1,cross_sectional_xgboost
2026-03-12,NVDA,0.019703286,-0.1198159207556197,-0.0157803510879263,2.0,7.0,0.9,cross_sectional_xgboost
2026-03-12,TSLA,-0.30285233,0.23141614280664477,-0.0096453190157239,8.0,5.0,0.3,cross_sectional_xgboost
2026-03-12,XOM,0.30670783,1.7494039510658381,0.016869640337443,1.0,1.0,1.0,cross_sectional_xgboost
2026-03-13,AAPL,0.02576308,-0.39593543633049133,0.0107948803446675,2.0,7.0,0.9,cross_sectional_xgboost
2026-03-13,AMZN,-0.17404974,1.2978594588896388,0.0195984367511175,6.0,2.0,0.5,cross_sectional_xgboost
2026-03-13,AVGO,-0.30615196,-0.8245397422629406,0.008567194930116,8.0,9.0,0.3,cross_sectional_xgboost
2026-03-13,GOOGL,-0.0707697,-0.38516133425190724,0.0108508791055832,5.0,6.0,0.6,cross_sectional_xgboost
2026-03-13,JPM,-0.014592713,-0.6265339343086925,0.0095963368315641,4.0,8.0,0.7,cross_sectional_xgboost
2026-03-13,META,-0.36994377,2.00308003471443,0.023263844608812,9.0,1.0,0.2,cross_sectional_xgboost
2026-03-13,MSFT,-0.48865098,-0.33265001401432853,0.0111238084732376,10.0,5.0,0.1,cross_sectional_xgboost
2026-03-13,NVDA,-0.00044990616,0.6973363859021776,0.0164771977148334,3.0,3.0,0.8,cross_sectional_xgboost
2026-03-13,TSLA,-0.23513053,-0.3285426799400523,0.0111451564813731,7.0,4.0,0.4,cross_sectional_xgboost
2026-03-13,XOM,0.32273236,-1.1049127383978352,0.0071099467749324,1.0,10.0,1.0,cross_sectional_xgboost
2026-03-16,AAPL,0.022205839,0.212704618032788,0.0055770205952527,4.0,5.0,0.7,cross_sectional_xgboost
2026-03-16,AMZN,-0.05956701,1.2792066505829407,0.0163407545353531,6.0,2.0,0.5,cross_sectional_xgboost
2026-03-16,AVGO,-0.010503061,-1.440742415006482,-0.0111104899809132,5.0,10.0,0.6,cross_sectional_xgboost
2026-03-16,GOOGL,-0.060175054,1.3981874788189397,0.0175415754808536,7.0,1.0,0.4,cross_sectional_xgboost
2026-03-16,JPM,0.02948713,-0.08711080133761895,0.002551115996153,3.0,6.0,0.8,cross_sectional_xgboost
2026-03-16,META,-0.6407088,-1.0962920252991775,-0.0076341043414897,10.0,9.0,0.1,cross_sectional_xgboost
2026-03-16,MSFT,-0.41098252,-0.4736667295914258,-0.001350222245785,9.0,7.0,0.2,cross_sectional_xgboost
2026-03-16,NVDA,0.080538556,-1.0375086018739113,-0.0070408292135231,2.0,8.0,0.9,cross_sectional_xgboost
2026-03-16,TSLA,-0.08294689,0.5894243602042086,0.009379086555709,8.0,4.0,0.3,cross_sectional_xgboost
2026-03-16,XOM,0.40532276,0.6557974654697392,0.0100489609901235,1.0,3.0,1.0,cross_sectional_xgboost
2026-03-17,AAPL,0.029709334,-0.525635040559399,-0.0168744476232112,4.0,8.0,0.7,cross_sectional_xgboost
2026-03-17,AMZN,-0.06977651,-1.555205338944982,-0.0247676668524144,6.0,10.0,0.5,cross_sectional_xgboost
2026-03-17,AVGO,0.042858377,-0.5086161135142464,-0.0167439717126067,3.0,7.0,0.8,cross_sectional_xgboost
2026-03-17,GOOGL,-0.07908407,0.320365074271306,-0.010388572511273,7.0,4.0,0.4,cross_sectional_xgboost
2026-03-17,JPM,0.006926547,2.0618593273376797,0.0029626245341398,5.0,1.0,0.6,cross_sectional_xgboost
2026-03-17,META,-0.57155806,0.2132296250018057,-0.0112099283619899,10.0,5.0,0.1,cross_sectional_xgboost
2026-03-17,MSFT,-0.38898578,-0.8130651795526643,-0.0190780359587641,9.0,9.0,0.2,cross_sectional_xgboost
2026-03-17,NVDA,0.070059806,0.5784716284942639,-0.0084097939663105,2.0,3.0,0.9,cross_sectional_xgboost
2026-03-17,TSLA,-0.15675186,-0.4447890983582643,-0.0162546407517565,8.0,6.0,0.3,cross_sectional_xgboost
2026-03-17,XOM,0.23952387,0.6733851158244997,-0.0076821380068481,1.0,2.0,1.0,cross_sectional_xgboost
2026-03-18,AAPL,0.0436656,0.15799388156338426,-0.0039208877266552,3.0,5.0,0.8,cross_sectional_xgboost
2026-03-18,AMZN,-0.10130378,0.04213867747840356,-0.005288991452693,7.0,6.0,0.4,cross_sectional_xgboost
2026-03-18,AVGO,0.005784491,1.5380805369859132,0.0123761937074569,4.0,1.0,0.7,cross_sectional_xgboost
2026-03-18,GOOGL,-0.087819844,0.3359052154603241,-0.0018199794357318,6.0,4.0,0.5,cross_sectional_xgboost
2026-03-18,JPM,-0.08365928,0.5577289293705984,0.0007994786362732,5.0,3.0,0.6,cross_sectional_xgboost
2026-03-18,META,-0.5885279,-0.7451172323150632,-0.0145854900609359,10.0,9.0,0.1,cross_sectional_xgboost
2026-03-18,MSFT,-0.4382407,-0.10869874091391912,-0.007070190974616,9.0,7.0,0.2,cross_sectional_xgboost
2026-03-18,NVDA,0.047979567,-0.3737012890754746,-0.0101995365781454,2.0,8.0,0.9,cross_sectional_xgboost
2026-03-18,TSLA,-0.31492755,-2.2006538198335432,-0.031773539959046,8.0,10.0,0.3,cross_sectional_xgboost
2026-03-18,XOM,0.14077392,0.7963238412793772,0.0036169833877786,1.0,2.0,1.0,cross_sectional_xgboost
2026-03-19,AAPL,0.051934857,0.9540618279733364,-0.0038962891312026,3.0,2.0,0.8,cross_sectional_xgboost
2026-03-19,AMZN,-0.017818224,0.05372889487126343,-0.0162387405578201,5.0,4.0,0.6,cross_sectional_xgboost
2026-03-19,AVGO,0.0038740183,-0.8896135338277804,-0.0291707989962126,4.0,8.0,0.7,cross_sectional_xgboost
2026-03-19,GOOGL,-0.049231328,-0.21764765413768544,-0.0199589775405167,6.0,6.0,0.5,cross_sectional_xgboost
2026-03-19,JPM,-0.050773658,0.8811077726906136,-0.0048963990356569,7.0,3.0,0.4,cross_sectional_xgboost
2026-03-19,META,-0.51059437,-0.3295755699013003,-0.0214933708885809,10.0,7.0,0.1,cross_sectional_xgboost
2026-03-19,MSFT,-0.38293386,-0.10242906198054309,-0.0183794730873773,9.0,5.0,0.2,cross_sectional_xgboost
2026-03-19,NVDA,0.059751593,-1.1556751032533559,-0.0328181741797576,2.0,10.0,0.9,cross_sectional_xgboost
2026-03-19,TSLA,-0.21424657,-1.1286766473229903,-0.0324480587272815,8.0,9.0,0.3,cross_sectional_xgboost
2026-03-19,XOM,0.29174438,1.9347190748884409,0.0095473093324314,1.0,1.0,1.0,cross_sectional_xgboost
2026-03-20,AAPL,-0.014809456,-0.27134259671212213,0.0141135098048048,5.0,6.0,0.6,cross_sectional_xgboost
2026-03-20,AMZN,-0.06346482,0.4576811202774949,0.0232263932700542,7.0,3.0,0.4,cross_sectional_xgboost
2026-03-20,AVGO,0.011915963,1.8655455209471554,0.0408248662952583,4.0,1.0,0.7,cross_sectional_xgboost
2026-03-20,GOOGL,-0.0419421,-1.1186799699753978,0.00352169151639,6.0,9.0,0.5,cross_sectional_xgboost
2026-03-20,JPM,0.26392978,-0.46519047843178557,0.0116903881491867,1.0,7.0,1.0,cross_sectional_xgboost
2026-03-20,META,-0.4260913,0.001051082529912597,0.0175184633032361,10.0,4.0,0.1,cross_sectional_xgboost
2026-03-20,MSFT,-0.29070538,-1.163681181739214,0.0029591709988243,9.0,10.0,0.2,cross_sectional_xgboost
2026-03-20,NVDA,0.077237435,-0.03852224625401652,0.0170237919706914,2.0,5.0,0.9,cross_sectional_xgboost
2026-03-20,TSLA,-0.12745202,1.4020424226882808,0.0350310222518068,8.0,2.0,0.3,cross_sectional_xgboost
2026-03-20,XOM,0.074373946,-0.6689036733303081,0.0091439489014903,3.0,8.0,0.8,cross_sectional_xgboost
2026-03-23,AAPL,-0.033677705,0.41291035747740673,0.0005963911769359,5.0,4.0,0.6,cross_sectional_xgboost
2026-03-23,AMZN,-0.050917886,-0.35147881423491,-0.0138002945888806,6.0,7.0,0.5,cross_sectional_xgboost
2026-03-23,AVGO,-0.16574667,-0.3134959706073159,-0.0130849167624605,7.0,6.0,0.4,cross_sectional_xgboost
2026-03-23,GOOGL,0.008803671,-1.661271261882536,-0.0384692341618752,3.0,10.0,0.8,cross_sectional_xgboost
2026-03-23,JPM,-0.026040867,0.837270572831176,0.0085888914608904,4.0,2.0,0.7,cross_sectional_xgboost
2026-03-23,META,-0.85226136,-0.5979239911854246,-0.0184419011191114,10.0,8.0,0.1,cross_sectional_xgboost
2026-03-23,MSFT,-0.38011533,-1.041090885838718,-0.026788610832233,9.0,9.0,0.2,cross_sectional_xgboost
2026-03-23,NVDA,0.018028917,0.2482363789287379,-0.0025051173356209,2.0,5.0,0.9,cross_sectional_xgboost
2026-03-23,TSLA,-0.29520983,0.6851607391068917,0.0057240190123266,8.0,3.0,0.3,cross_sectional_xgboost
2026-03-23,XOM,0.2437137,1.7816828754046918,0.0263761752904934,1.0,1.0,1.0,cross_sectional_xgboost
2026-03-24,AAPL,-0.009226104,-0.13129264049014297,0.00389446037295,4.0,5.0,0.7,cross_sectional_xgboost
2026-03-24,AMZN,-0.103728294,1.5753138934255007,0.0215692004546417,7.0,1.0,0.4,cross_sectional_xgboost
2026-03-24,AVGO,0.0038587472,-0.34958428558481336,0.001633688477157,3.0,8.0,0.8,cross_sectional_xgboost
2026-03-24,GOOGL,-0.04368306,-0.3444318531875661,0.001687050456969,6.0,7.0,0.5,cross_sectional_xgboost
2026-03-24,JPM,-0.042979117,0.4899471660011229,0.0103284285372113,5.0,3.0,0.6,cross_sectional_xgboost
2026-03-24,META,-0.48837483,-0.18651114119745502,0.0033225812500785,10.0,6.0,0.1,cross_sectional_xgboost
2026-03-24,MSFT,-0.3072704,-0.9476966890858032,-0.0045607570856762,9.0,9.0,0.2,cross_sectional_xgboost
2026-03-24,NVDA,0.034505673,1.4105695329845631,0.0198629994687371,2.0,2.0,0.9,cross_sectional_xgboost
2026-03-24,TSLA,-0.25582334,0.22876544854099767,0.0076234588336172,8.0,4.0,0.3,cross_sectional_xgboost
2026-03-24,XOM,0.14240232,-1.7450794314064033,-0.0128189773819544,1.0,10.0,1.0,cross_sectional_xgboost
2026-03-25,AAPL,-0.03607204,1.0255100065947966,0.0010688474769657,5.0,2.0,0.6,cross_sectional_xgboost
2026-03-25,AMZN,-0.082072936,0.21693627794195572,-0.0196968177955342,6.0,5.0,0.5,cross_sectional_xgboost
2026-03-25,AVGO,-0.007496256,-0.162959811997196,-0.0294532503414585,3.0,6.0,0.8,cross_sectional_xgboost
2026-03-25,GOOGL,-0.025741028,-0.35584396766778886,-0.034406871354718,4.0,7.0,0.7,cross_sectional_xgboost
2026-03-25,JPM,-0.09129219,0.4882965281144594,-0.0127277858771556,7.0,3.0,0.4,cross_sectional_xgboost
2026-03-25,META,-0.51485914,-2.11536591655564,-0.0795946415424743,10.0,10.0,0.1,cross_sectional_xgboost
2026-03-25,MSFT,-0.40830806,0.45183146430215015,-0.0136642759985059,9.0,4.0,0.2,cross_sectional_xgboost
2026-03-25,NVDA,0.0056766365,-0.6374335017920377,-0.0416386101592988,2.0,9.0,0.9,cross_sectional_xgboost
2026-03-25,TSLA,-0.23564956,-0.4124117254818208,-0.035859635750043,8.0,8.0,0.3,cross_sectional_xgboost
2026-03-25,XOM,0.058279682,1.5014406465411212,0.0132916244629532,1.0,1.0,1.0,cross_sectional_xgboost
2026-03-26,AAPL,-0.04640488,0.271801453767511,-0.0161730540049985,5.0,2.0,0.6,cross_sectional_xgboost
2026-03-26,AMZN,-0.08704065,-0.8490202299738415,-0.0395104423894672,6.0,9.0,0.5,cross_sectional_xgboost
2026-03-26,AVGO,0.039342914,-0.30804447568891,-0.0282464193361429,3.0,7.0,0.8,cross_sectional_xgboost
2026-03-26,GOOGL,0.08111512,-0.0763909803407154,-0.0234230048091198,2.0,4.0,0.9,cross_sectional_xgboost
2026-03-26,JPM,-0.15133432,-0.4038198754933157,-0.0302406238874433,7.0,8.0,0.4,cross_sectional_xgboost
2026-03-26,META,-0.19629647,-0.8653756397743536,-0.0398509894686668,9.0,10.0,0.2,cross_sectional_xgboost
2026-03-26,MSFT,-0.37073594,-0.15879369778596472,-0.0251387676720724,10.0,5.0,0.1,cross_sectional_xgboost
2026-03-26,NVDA,0.13805309,0.0052073695446229395,-0.0217239902286298,1.0,3.0,1.0,cross_sectional_xgboost
2026-03-26,TSLA,-0.1555562,-0.2782590774502466,-0.0276262373598615,8.0,6.0,0.3,cross_sectional_xgboost
2026-03-26,XOM,0.011654963,2.662695153195212,0.0336093651424165,4.0,1.0,0.7,cross_sectional_xgboost
2026-03-27,AAPL,-0.01327169,-0.44079268172757086,-0.008721878071757,6.0,7.0,0.5,cross_sectional_xgboost
2026-03-27,AMZN,0.02933658,0.7992440867196268,0.00807665616499,5.0,2.0,0.6,cross_sectional_xgboost
2026-03-27,AVGO,0.15016735,-1.5817746886755784,-0.024178536934566,1.0,10.0,1.0,cross_sectional_xgboost
2026-03-27,GOOGL,0.06051404,-0.02298295339521656,-0.0030618918484244,4.0,6.0,0.7,cross_sectional_xgboost
2026-03-27,JPM,-0.090773925,0.4457592657119327,0.0032880668110599,8.0,4.0,0.3,cross_sectional_xgboost
2026-03-27,META,0.082059465,1.699858641915608,0.020277104429534,2.0,1.0,0.9,cross_sectional_xgboost
2026-03-27,MSFT,-0.36569262,0.6561644680994461,0.0061383847095544,10.0,3.0,0.1,cross_sectional_xgboost
2026-03-27,NVDA,0.06648537,-0.8324913045727844,-0.0140281422840606,3.0,8.0,0.8,cross_sectional_xgboost
2026-03-27,TSLA,-0.19826764,-1.1332447988602083,-0.0181023907250444,9.0,9.0,0.2,cross_sectional_xgboost
2026-03-27,XOM,-0.08493648,0.4102599647847446,0.0028071647626854,7.0,5.0,0.4,cross_sectional_xgboost
2026-03-30,AAPL,-0.036711864,-0.5022367396410865,0.0290313505637751,5.0,9.0,0.6,cross_sectional_xgboost
2026-03-30,AMZN,-0.051843148,-0.15704243408934276,0.0364270088847231,7.0,7.0,0.4,cross_sectional_xgboost
2026-03-30,AVGO,0.120252885,0.7038876302599202,0.0548721120969037,1.0,3.0,1.0,cross_sectional_xgboost
2026-03-30,GOOGL,0.006817793,0.5421826979284583,0.0514076446676858,4.0,4.0,0.7,cross_sectional_xgboost
2026-03-30,JPM,-0.041958224,-0.14830675428818288,0.0366141675428224,6.0,6.0,0.5,cross_sectional_xgboost
2026-03-30,META,-0.4100724,1.25364385267158,0.0666504326409611,9.0,1.0,0.2,cross_sectional_xgboost
2026-03-30,MSFT,-0.53018117,-0.3996506085099848,0.0312292198858108,10.0,8.0,0.1,cross_sectional_xgboost
2026-03-30,NVDA,0.05962114,0.7510169277918001,0.0558818395919589,3.0,2.0,0.8,cross_sectional_xgboost
2026-03-30,TSLA,-0.2670852,0.30648013925282996,0.0463578058919507,8.0,5.0,0.3,cross_sectional_xgboost
2026-03-30,XOM,0.11955501,-2.349974711375991,-0.010555741360441,2.0,10.0,0.9,cross_sectional_xgboost
2026-03-31,AAPL,0.0026550894,0.05119731806487137,0.0072501229163621,2.0,7.0,0.9,cross_sectional_xgboost
2026-03-31,AMZN,-0.0034713265,0.21597433393637033,0.0110433716069306,3.0,5.0,0.8,cross_sectional_xgboost
2026-03-31,AVGO,-0.029150382,0.2948435206525846,0.0128589794309659,5.0,3.0,0.6,cross_sectional_xgboost
2026-03-31,GOOGL,-0.04265925,1.2212031144527749,0.0341842370683445,6.0,1.0,0.5,cross_sectional_xgboost
2026-03-31,JPM,-0.08707824,-0.08358362417991158,0.0041473987288922,7.0,8.0,0.4,cross_sectional_xgboost
2026-03-31,META,-0.7110605,0.27533140006105916,0.0124098007303288,10.0,4.0,0.1,cross_sectional_xgboost
2026-03-31,MSFT,-0.20362547,-0.35762642591962723,-0.0021612025851986,8.0,9.0,0.3,cross_sectional_xgboost
2026-03-31,NVDA,-0.011428798,0.07251386451044348,0.0077408403957657,4.0,6.0,0.7,cross_sectional_xgboost
2026-03-31,TSLA,-0.36719432,0.8475142705955325,0.0255817344065232,9.0,2.0,0.2,cross_sectional_xgboost
2026-03-31,XOM,0.2224012,-2.5373677721740977,-0.0523399302659196,1.0,10.0,1.0,cross_sectional_xgboost
2026-04-01,AAPL,-0.017443184,0.33414334652604427,0.0011344171618641,3.0,4.0,0.8,cross_sectional_xgboost
2026-04-01,AMZN,-0.018023314,0.06530683176148244,-0.0037992260242745,4.0,7.0,0.7,cross_sectional_xgboost
2026-04-01,AVGO,-0.025986342,0.4565753592576581,0.0033812691786281,5.0,3.0,0.6,cross_sectional_xgboost
2026-04-01,GOOGL,-0.043463677,-0.024505897047753012,-0.0054474543458857,6.0,8.0,0.5,cross_sectional_xgboost
2026-04-01,JPM,-0.043484062,0.1284365007746568,-0.0026406807959866,7.0,6.0,0.4,cross_sectional_xgboost
2026-04-01,META,-0.56111646,-0.17640259526481505,-0.0082350373898478,10.0,9.0,0.1,cross_sectional_xgboost
2026-04-01,MSFT,-0.082985334,0.8756954522524611,0.0110728916979443,8.0,1.0,0.3,cross_sectional_xgboost
2026-04-01,NVDA,0.035493173,0.7807983431550839,0.0093313556715137,1.0,2.0,1.0,cross_sectional_xgboost
2026-04-01,TSLA,-0.1829338,-2.681872455933971,-0.0542150052412814,9.0,10.0,0.2,cross_sectional_xgboost
2026-04-01,XOM,0.020717945,0.2418251145191525,-0.0005597917393934,2.0,5.0,0.9,cross_sectional_xgboost
2026-04-02,AAPL,-0.029263113,0.6466244724102711,0.011487928393195,7.0,4.0,0.4,cross_sectional_xgboost
2026-04-02,AMZN,-0.0064421375,0.8987137893647945,0.0143966675509497,3.0,2.0,0.8,cross_sectional_xgboost
2026-04-02,AVGO,-0.008100963,-0.3820537918954358,-0.0003815025857343,4.0,7.0,0.7,cross_sectional_xgboost
2026-04-02,GOOGL,-0.010324404,0.8875433417266796,0.0142677770495704,5.0,3.0,0.6,cross_sectional_xgboost
2026-04-02,JPM,-0.068370655,0.34588156824146177,0.0080177985505627,8.0,5.0,0.3,cross_sectional_xgboost
2026-04-02,META,-0.02378291,-0.5662356463815774,-0.0025066897168826,6.0,9.0,0.5,cross_sectional_xgboost
2026-04-02,MSFT,-0.23920992,-0.48358876535732637,-0.0015530665248895,9.0,8.0,0.2,cross_sectional_xgboost
2026-04-02,NVDA,0.070645116,-0.22684695088626133,0.0014093555967893,2.0,6.0,0.9,cross_sectional_xgboost
2026-04-02,TSLA,-0.39090458,-2.2164722910101977,-0.0215479882763885,10.0,10.0,0.1,cross_sectional_xgboost
2026-04-02,XOM,0.13172594,1.096434273787591,0.0166780705166873,1.0,1.0,1.0,cross_sectional_xgboost
2026-04-06,AAPL,-0.053006038,-1.180227306788341,-0.0207061614363353,8.0,10.0,0.3,cross_sectional_xgboost
2026-04-06,AMZN,-0.038044453,-0.06681729095462335,0.0046055313560271,6.0,4.0,0.5,cross_sectional_xgboost
2026-04-06,AVGO,0.15871646,2.464192176828728,0.0621442037157524,2.0,1.0,0.9,cross_sectional_xgboost
2026-04-06,GOOGL,-0.120679654,0.5326693311847488,0.0182339530487856,10.0,2.0,0.1,cross_sectional_xgboost
2026-04-06,JPM,-0.04730281,0.02091962506602571,0.0066000974487356,7.0,3.0,0.4,cross_sectional_xgboost
2026-04-06,META,-0.11717289,-0.11357539980352713,0.0035425564681561,9.0,5.0,0.2,cross_sectional_xgboost
2026-04-06,MSFT,-0.030223923,-0.3390025574284111,-0.0015821890251597,5.0,8.0,0.6,cross_sectional_xgboost
2026-04-06,NVDA,0.011045142,-0.1554973929925324,0.0025895233556876,4.0,7.0,0.7,cross_sectional_xgboost
2026-04-06,TSLA,0.31825492,-1.0386540897682914,-0.0174877084622486,1.0,9.0,1.0,cross_sectional_xgboost
2026-04-06,XOM,0.03627675,-0.12400709534377591,0.0033054076469103,3.0,6.0,0.8,cross_sectional_xgboost
2026-04-07,AAPL,0.053430397,-0.011250097311653759,0.0213018370177464,2.0,7.0,0.9,cross_sectional_xgboost
2026-04-07,AMZN,-0.039768968,0.4147289691013508,0.0349908573609114,7.0,5.0,0.4,cross_sectional_xgboost
2026-04-07,AVGO,-0.022622101,0.8782028931622554,0.0498847910662005,5.0,2.0,0.6,cross_sectional_xgboost
2026-04-07,GOOGL,-0.17982072,0.5340966697154091,0.0388267897126632,10.0,3.0,0.1,cross_sectional_xgboost
2026-04-07,JPM,-0.033963576,0.43185817362202694,0.0355413117086338,6.0,4.0,0.5,cross_sectional_xgboost
2026-04-07,META,-0.10090141,1.348115648485128,0.0649856393808705,8.0,1.0,0.3,cross_sectional_xgboost
2026-04-07,MSFT,-0.16793814,-0.5036136304622204,0.0054795233104432,9.0,8.0,0.2,cross_sectional_xgboost
2026-04-07,NVDA,0.04922088,0.02127498927318744,0.0223470446512394,3.0,6.0,0.8,cross_sectional_xgboost
2026-04-07,TSLA,0.019058738,-0.9793399509712395,-0.0098081464195832,4.0,9.0,0.7,cross_sectional_xgboost
2026-04-07,XOM,0.16668032,-2.1340736646142444,-0.0469160104986876,1.0,10.0,1.0,cross_sectional_xgboost
2026-04-08,AAPL,-0.040878452,-0.313990830486105,0.0061413306665165,7.0,7.0,0.4,cross_sectional_xgboost
2026-04-08,AMZN,0.063677974,2.4621731323304408,0.0560451701536017,4.0,1.0,0.7,cross_sectional_xgboost
2026-04-08,AVGO,-0.2852666,0.02341961189276349,0.0122065619652682,10.0,3.0,0.1,cross_sectional_xgboost
2026-04-08,GOOGL,-0.14135003,-0.45052438298160824,0.0036870273257929,8.0,8.0,0.3,cross_sectional_xgboost
2026-04-08,JPM,-0.038612258,-0.22933896037611184,0.0076630179280876,6.0,5.0,0.5,cross_sectional_xgboost
2026-04-08,META,0.13768792,0.7950333433847852,0.0260769559038676,2.0,2.0,0.9,cross_sectional_xgboost
2026-04-08,MSFT,-0.24103321,-0.8428822354068553,-0.0033659290381612,9.0,9.0,0.2,cross_sectional_xgboost
2026-04-08,NVDA,0.098939784,-0.09652293543685142,0.0100504956414562,3.0,4.0,0.8,cross_sectional_xgboost
2026-04-08,TSLA,0.16700564,-0.2715313844672776,0.0069045742671158,1.0,6.0,1.0,cross_sectional_xgboost
2026-04-08,XOM,-0.02724893,-1.075835358453179,-0.007553453772372,5.0,10.0,0.6,cross_sectional_xgboost
2026-04-09,AAPL,-0.032925136,-0.41826665307260863,-3.837788982874457e-05,4.0,6.0,0.7,cross_sectional_xgboost
2026-04-09,AMZN,-0.038338397,0.6765009490218487,0.0202440021822711,7.0,3.0,0.4,cross_sectional_xgboost
2026-04-09,AVGO,-0.238906,2.114485662922591,0.0468850467742065,10.0,1.0,0.1,cross_sectional_xgboost
2026-04-09,GOOGL,0.028746383,-0.6280383738303086,-0.0039247458830414,3.0,8.0,0.8,cross_sectional_xgboost
2026-04-09,JPM,-0.037542213,-0.4962002118710741,-0.0014822259329182,6.0,7.0,0.5,cross_sectional_xgboost
2026-04-09,META,-0.17353283,-0.2899339917559667,0.0023391968644008,9.0,5.0,0.2,cross_sectional_xgboost
2026-04-09,MSFT,-0.11807779,-0.7344958142593264,-0.0058970459987494,8.0,9.0,0.3,cross_sectional_xgboost
2026-04-09,NVDA,0.07072043,0.9690939085101491,0.025664770571296,2.0,2.0,0.9,cross_sectional_xgboost
2026-04-09,TSLA,-0.03363973,0.10386145523214826,0.0096349086768392,5.0,4.0,0.6,cross_sectional_xgboost
2026-04-09,XOM,0.2916244,-1.2970069308974526,-0.0163184945697598,1.0,10.0,1.0,cross_sectional_xgboost
2026-04-10,AAPL,-0.045272574,-1.3405067947799392,-0.004913966848681,5.0,10.0,0.6,cross_sectional_xgboost
2026-04-10,AMZN,-0.21897073,-0.3737598548241267,0.0063344008553831,9.0,7.0,0.2,cross_sectional_xgboost
2026-04-10,AVGO,-0.3258753,0.9786266046162811,0.0220697908991089,10.0,2.0,0.1,cross_sectional_xgboost
2026-04-10,GOOGL,-0.0012685906,0.18446053188547054,0.0128294492595719,3.0,3.0,0.8,cross_sectional_xgboost
2026-04-10,JPM,-0.030054424,0.13856663221549764,0.0122954610590146,4.0,4.0,0.7,cross_sectional_xgboost
2026-04-10,META,-0.13217697,-0.28093027668169296,0.0074144986406494,7.0,6.0,0.4,cross_sectional_xgboost
2026-04-10,MSFT,-0.1613007,2.210316955165742,0.036400848374358,8.0,1.0,0.3,cross_sectional_xgboost
2026-04-10,NVDA,0.058702882,-0.6083506696982937,0.0036048719201053,2.0,8.0,0.9,cross_sectional_xgboost
2026-04-10,TSLA,-0.07986647,-0.06352051990184887,0.009944121218842,6.0,5.0,0.5,cross_sectional_xgboost
2026-04-10,XOM,0.23922291,-0.8449026079970897,0.0008525247720341,1.0,9.0,1.0,cross_sectional_xgboost
2026-04-13,AAPL,0.0018405737,-0.8391575682370127,-0.0014275206833038,2.0,8.0,0.9,cross_sectional_xgboost
2026-04-13,AMZN,-0.0357978,0.8381928993881069,0.0380591308768265,5.0,2.0,0.6,cross_sectional_xgboost
2026-04-13,AVGO,-0.044306662,-0.6633044047026124,0.0027122537575505,6.0,7.0,0.5,cross_sectional_xgboost
2026-04-13,GOOGL,-0.001665351,0.7550653465964295,0.0361022180100845,3.0,4.0,0.8,cross_sectional_xgboost
2026-04-13,JPM,-0.086525336,-1.1251968447913825,-0.0081611958834579,7.0,9.0,0.4,cross_sectional_xgboost
2026-04-13,META,-0.17121696,1.0932718347638126,0.0440639660236341,10.0,1.0,0.1,cross_sectional_xgboost
2026-04-13,MSFT,-0.15763402,0.18738792111250158,0.0227384749335568,9.0,6.0,0.2,cross_sectional_xgboost
2026-04-13,NVDA,-0.00420808,0.8370764610820396,0.0380328487066832,4.0,3.0,0.7,cross_sectional_xgboost
2026-04-13,TSLA,-0.10171648,0.6413833785622698,0.0334260210273571,8.0,5.0,0.3,cross_sectional_xgboost
2026-04-13,XOM,0.3677388,-1.7247190237741523,-0.0222745990397943,1.0,10.0,1.0,cross_sectional_xgboost
2026-04-14,AAPL,0.06902855,0.2976238581324241,0.0293628819334408,1.0,4.0,1.0,cross_sectional_xgboost
2026-04-14,AMZN,0.046482828,-0.842857703194093,-0.0020882028091685,4.0,9.0,0.7,cross_sectional_xgboost
2026-04-14,AVGO,0.062171794,0.7508489285818492,0.0418614795272505,3.0,3.0,0.8,cross_sectional_xgboost
2026-04-14,GOOGL,-0.21958481,-0.30856398880105296,0.0126460265362615,9.0,6.0,0.2,cross_sectional_xgboost
2026-04-14,JPM,0.06672699,-1.3720461857955284,-0.0166816450667988,2.0,10.0,0.9,cross_sectional_xgboost
2026-04-14,META,-0.48728323,-0.2695800862363634,0.0137210864624681,10.0,5.0,0.1,cross_sectional_xgboost
2026-04-14,MSFT,-0.16389565,0.9034072731688341,0.0460685843034265,8.0,2.0,0.3,cross_sectional_xgboost
2026-04-14,NVDA,-0.031769145,-0.3316411738421855,0.0120096265040634,6.0,7.0,0.5,cross_sectional_xgboost
2026-04-14,TSLA,-0.04680024,1.9958316899205306,0.0761943961282058,7.0,1.0,0.4,cross_sectional_xgboost
2026-04-14,XOM,-0.028183473,-0.8230226119344141,-0.0015412100674709,5.0,8.0,0.6,cross_sectional_xgboost
2026-04-15,AAPL,-0.0020318583,-1.4273431704928954,-0.011372573588962,3.0,10.0,0.8,cross_sectional_xgboost
2026-04-15,AMZN,0.11719084,0.010198327962402769,0.0048289615623429,2.0,5.0,0.9,cross_sectional_xgboost
2026-04-15,AVGO,-0.17312212,-0.026867442361656457,0.0044112189222447,8.0,6.0,0.3,cross_sectional_xgboost
2026-04-15,GOOGL,-0.009114651,-0.7077920295099364,-0.0032630107580289,4.0,8.0,0.7,cross_sectional_xgboost
2026-04-15,JPM,-0.12825225,0.7476528693005379,0.0131403012258015,7.0,3.0,0.4,cross_sectional_xgboost
2026-04-15,META,-0.32307976,0.2806331955419569,0.0078768457576421,10.0,4.0,0.1,cross_sectional_xgboost
2026-04-15,MSFT,-0.09061338,1.5322858675586668,0.0219833566198981,5.0,1.0,0.6,cross_sectional_xgboost
2026-04-15,NVDA,-0.1279371,-0.6502747442407791,-0.0026147732496876,6.0,7.0,0.5,cross_sectional_xgboost
2026-04-15,TSLA,-0.31422845,-1.1087252246005155,-0.0077816512707132,9.0,9.0,0.2,cross_sectional_xgboost
2026-04-15,XOM,0.19659552,1.3502323508422178,0.0199315574518952,1.0,2.0,1.0,cross_sectional_xgboost
2026-04-16,AAPL,-0.02236456,0.8371047007580464,0.0259301722573028,5.0,2.0,0.6,cross_sectional_xgboost
2026-04-16,AMZN,0.24573222,-0.35434691323600015,0.0034441354459839,1.0,8.0,1.0,cross_sectional_xgboost
2026-04-16,AVGO,-0.09715645,0.5362644650025876,0.0202524724362869,8.0,3.0,0.3,cross_sectional_xgboost
2026-04-16,GOOGL,0.00832522,0.3556790496753081,0.0168443186775084,3.0,5.0,0.8,cross_sectional_xgboost
2026-04-16,JPM,-0.07125778,-0.47871631141657167,0.0010969357503831,6.0,9.0,0.5,cross_sectional_xgboost
2026-04-16,META,-0.24741276,0.3774875282622294,0.0172559058930903,9.0,4.0,0.2,cross_sectional_xgboost
2026-04-16,MSFT,-0.26210618,-0.21785483770571742,0.0060201240961135,10.0,7.0,0.1,cross_sectional_xgboost
2026-04-16,NVDA,-0.018896054,0.352716831223327,0.0167884132992521,4.0,6.0,0.7,cross_sectional_xgboost
2026-04-16,TSLA,-0.07550974,1.059971023227446,0.0301362854323488,7.0,1.0,0.4,cross_sectional_xgboost
2026-04-16,XOM,0.12018674,-2.4683055357906554,-0.0364521984429108,2.0,10.0,0.9,cross_sectional_xgboost
2026-04-17,AAPL,-0.0018320698,1.035147878514383,0.0104354244193682,4.0,2.0,0.7,cross_sectional_xgboost
2026-04-17,AMZN,0.21350512,-0.24802967397791545,-0.0090996120750027,2.0,5.0,0.9,cross_sectional_xgboost
2026-04-17,AVGO,-0.114367425,-0.7667880184498957,-0.0169971654348916,8.0,8.0,0.3,cross_sectional_xgboost
2026-04-17,GOOGL,0.062152907,-0.46926839785850544,-0.0124677403099309,3.0,7.0,0.8,cross_sectional_xgboost
2026-04-17,JPM,-0.01256589,1.7680244283216167,0.0215927035648346,5.0,1.0,0.6,cross_sectional_xgboost
2026-04-17,META,-0.41801435,-1.3331242430375343,-0.0256190422701865,10.0,10.0,0.1,cross_sectional_xgboost
2026-04-17,MSFT,-0.24402158,-0.383628017435807,-0.0111639550670393,9.0,6.0,0.2,cross_sectional_xgboost
2026-04-17,NVDA,-0.012734212,0.47345132390105615,0.0018841817080057,6.0,4.0,0.5,cross_sectional_xgboost
2026-04-17,TSLA,-0.10131948,-0.9816734708107125,-0.0202685717541688,7.0,9.0,0.4,cross_sectional_xgboost
2026-04-17,XOM,0.23847567,0.9058881908333147,0.008467580833579,1.0,3.0,1.0,cross_sectional_xgboost
2026-04-20,AAPL,0.018099375,-1.5866014812322862,-0.0251967140961575,4.0,10.0,0.7,cross_sectional_xgboost
2026-04-20,AMZN,0.020035917,0.9117383335523244,0.0065651880571395,3.0,2.0,0.8,cross_sectional_xgboost
2026-04-20,AVGO,0.1442136,0.8952792568476596,0.0063559404677069,1.0,3.0,1.0,cross_sectional_xgboost
2026-04-20,GOOGL,0.07274748,-0.8005625377898516,-0.0152036411512539,2.0,8.0,0.9,cross_sectional_xgboost
2026-04-20,JPM,-0.09795033,-0.5947536472700604,-0.0125871508706746,8.0,7.0,0.3,cross_sectional_xgboost
2026-04-20,META,-0.10782049,0.15264511992225957,-0.0030853183447002,9.0,5.0,0.2,cross_sectional_xgboost
2026-04-20,MSFT,-0.3355499,1.5411448728628543,0.0145669613939463,10.0,1.0,0.1,cross_sectional_xgboost
2026-04-20,NVDA,-0.010980997,-0.45329429705407254,-0.0107887493827583,6.0,6.0,0.5,cross_sectional_xgboost
2026-04-20,TSLA,0.013057278,-0.8231194409934879,-0.0154904116490843,5.0,9.0,0.6,cross_sectional_xgboost
2026-04-20,XOM,-0.014404831,0.7575238211546605,0.0046046275983873,7.0,4.0,0.4,cross_sectional_xgboost
2026-04-21,AAPL,-0.05631224,0.6097282397831169,0.0262990502763393,7.0,2.0,0.4,cross_sectional_xgboost
2026-04-21,AMZN,0.08716656,0.3043854674184469,0.0218078382953046,3.0,3.0,0.8,cross_sectional_xgboost
2026-04-21,AVGO,0.09412045,2.283873705757575,0.0509236455027151,2.0,1.0,0.9,cross_sectional_xgboost
2026-04-21,GOOGL,0.034263935,0.2600862036204078,0.021156251284484,4.0,4.0,0.7,cross_sectional_xgboost
2026-04-21,JPM,-0.18194646,-1.1739165363671025,6.385654138285624e-05,9.0,10.0,0.2,cross_sectional_xgboost
2026-04-21,META,-0.051173307,-0.5805680041885851,0.0087912746361753,6.0,7.0,0.5,cross_sectional_xgboost
2026-04-21,MSFT,-0.21050791,0.22584285168546517,0.0206525742159555,10.0,5.0,0.1,cross_sectional_xgboost
2026-04-21,NVDA,-0.05721015,-0.2871011187907959,0.0131078071073005,8.0,6.0,0.3,cross_sectional_xgboost
2026-04-21,TSLA,-0.0070980783,-0.9864840253061413,0.0028207553957204,5.0,9.0,0.6,cross_sectional_xgboost
2026-04-21,XOM,0.11663357,-0.6558467836123865,0.0076840175249375,1.0,8.0,1.0,cross_sectional_xgboost
2026-04-22,AAPL,0.0086702965,0.7956972843320181,0.0009516199250387,2.0,2.0,0.9,cross_sectional_xgboost
2026-04-22,AMZN,-0.0041510332,0.6675241660984513,-0.0010964864451271,4.0,3.0,0.7,cross_sectional_xgboost
2026-04-22,AVGO,-0.47775495,0.33488154903919387,-0.0064118557860383,10.0,6.0,0.1,cross_sectional_xgboost
2026-04-22,GOOGL,-0.01644697,0.656836950488268,-0.0012672598075311,6.0,4.0,0.5,cross_sectional_xgboost
2026-04-22,JPM,-0.078855336,0.47024628040811445,-0.0042488330521507,7.0,5.0,0.4,cross_sectional_xgboost
2026-04-22,META,-0.120253995,-0.7079931421819203,-0.0230761792246116,8.0,8.0,0.3,cross_sectional_xgboost
2026-04-22,MSFT,0.0046946406,-1.745892180855781,-0.0396609956197564,3.0,10.0,0.8,cross_sectional_xgboost
2026-04-22,NVDA,-0.010268077,-0.14772261170985945,-0.014123493526625,5.0,7.0,0.6,cross_sectional_xgboost
2026-04-22,TSLA,-0.2127614,-1.4908862286261186,-0.0355861995752377,9.0,9.0,0.2,cross_sectional_xgboost
2026-04-22,XOM,0.012134049,1.167307933007634,0.0068896679905234,1.0,1.0,1.0,cross_sectional_xgboost
2026-04-23,AAPL,-0.016195524,-1.0993338681046636,-0.0086676871881985,4.0,8.0,0.7,cross_sectional_xgboost
2026-04-23,AMZN,0.016006336,1.1854923336116159,0.034930172257179,2.0,2.0,0.9,cross_sectional_xgboost
2026-04-23,AVGO,0.011673688,-0.2931619692473295,0.0067152636501601,3.0,7.0,0.8,cross_sectional_xgboost
2026-04-23,GOOGL,-0.023048073,0.20698848357054342,0.0162588731934663,6.0,5.0,0.5,cross_sectional_xgboost
2026-04-23,JPM,-0.065721884,-1.2184385327616243,-0.0109403801506227,7.0,10.0,0.4,cross_sectional_xgboost
2026-04-23,META,-0.14527722,0.6174786457574949,0.0240916319307802,8.0,3.0,0.3,cross_sectional_xgboost
2026-04-23,MSFT,-0.27969787,0.47301267726722884,0.0213350078233764,9.0,4.0,0.2,cross_sectional_xgboost
2026-04-23,NVDA,-0.019867782,1.6203459549351618,0.0432278217884809,5.0,1.0,0.6,cross_sectional_xgboost
2026-04-23,TSLA,-0.58019847,-0.283295617734462,0.0069035282132037,10.0,6.0,0.1,cross_sectional_xgboost
2026-04-23,XOM,0.09358723,-1.2090881072939659,-0.0107619602187315,1.0,9.0,1.0,cross_sectional_xgboost
2026-04-24,AAPL,0.003707705,-1.0440215529508294,-0.0127277860106013,4.0,10.0,0.7,cross_sectional_xgboost
2026-04-24,AMZN,0.10723407,-0.9288784314125547,-0.010871605831113,2.0,9.0,0.9,cross_sectional_xgboost
2026-04-24,AVGO,-0.009702219,-0.9235844641654445,-0.0107862637199763,5.0,8.0,0.6,cross_sectional_xgboost
2026-04-24,GOOGL,-0.17121722,0.8154085899990603,0.0172474077341626,8.0,2.0,0.3,cross_sectional_xgboost
2026-04-24,JPM,-0.087931395,0.4195982842198393,0.0108666944565538,7.0,3.0,0.4,cross_sectional_xgboost
2026-04-24,META,-0.23043226,0.07541696978606303,0.0053182732789167,9.0,5.0,0.2,cross_sectional_xgboost
2026-04-24,MSFT,0.050760426,-0.2252706148936195,0.0004709986224353,3.0,6.0,0.8,cross_sectional_xgboost
2026-04-24,NVDA,-0.062618576,2.229545457519242,0.0400441913327564,6.0,1.0,0.5,cross_sectional_xgboost
2026-04-24,TSLA,-0.5390407,0.13620622744181482,0.0062982346841571,10.0,4.0,0.1,cross_sectional_xgboost
2026-04-24,XOM,0.12733923,-0.5544204655435708,-0.0048351058212842,1.0,7.0,1.0,cross_sectional_xgboost
2026-04-27,AAPL,-0.023197254,0.948973096976527,0.0115840397522204,4.0,2.0,0.7,cross_sectional_xgboost
2026-04-27,AMZN,0.0129823685,-0.04214312443235057,-0.0054380473985493,3.0,6.0,0.8,cross_sectional_xgboost
2026-04-27,AVGO,-0.17361456,-2.28314062533327,-0.0439264243830034,9.0,10.0,0.2,cross_sectional_xgboost
2026-04-27,GOOGL,-0.117886364,0.1814205205402569,-0.0015984171248586,8.0,5.0,0.3,cross_sectional_xgboost
2026-04-27,JPM,-0.051775683,0.24086195306231964,-0.000577530549802,6.0,4.0,0.5,cross_sectional_xgboost
2026-04-27,META,0.06605106,-0.3501316273548141,-0.0107276461609718,2.0,8.0,0.9,cross_sectional_xgboost
2026-04-27,MSFT,-0.050347593,0.8816577195930485,0.0104279208272575,5.0,3.0,0.6,cross_sectional_xgboost
2026-04-27,NVDA,-0.055922244,-0.6501928933549297,-0.015881097300298,7.0,9.0,0.4,cross_sectional_xgboost
2026-04-27,TSLA,-0.5559353,-0.1329859348240611,-0.0069982420579712,10.0,7.0,0.1,cross_sectional_xgboost
2026-04-27,XOM,0.104994036,1.2056809151272738,0.0159929100324731,1.0,1.0,1.0,cross_sectional_xgboost
2026-04-28,AAPL,-0.023395747,-0.17528355258023848,-0.0019947321363735,6.0,5.0,0.5,cross_sectional_xgboost
2026-04-28,AMZN,0.15271744,0.9032715230231048,0.0128609787481566,1.0,3.0,1.0,cross_sectional_xgboost
2026-04-28,AVGO,-0.038569666,0.990035314711175,0.0140560385403907,7.0,2.0,0.4,cross_sectional_xgboost
2026-04-28,GOOGL,0.13546687,0.002752379071148978,0.0004574841551232,2.0,4.0,0.9,cross_sectional_xgboost
2026-04-28,JPM,0.015276739,-0.5433084761501181,-0.0070638027721934,5.0,7.0,0.6,cross_sectional_xgboost
2026-04-28,META,0.05607924,-0.270545075411237,-0.0033068372607277,3.0,6.0,0.8,cross_sectional_xgboost
2026-04-28,MSFT,-0.15715225,-0.8406321474922045,-0.0111590544663308,9.0,9.0,0.2,cross_sectional_xgboost
2026-04-28,NVDA,-0.1530966,-1.3655455065746573,-0.0183890617959002,8.0,10.0,0.3,cross_sectional_xgboost
2026-04-28,TSLA,-0.35003567,-0.6521806973501237,-0.0085633777851793,10.0,8.0,0.1,cross_sectional_xgboost
2026-04-28,XOM,0.02267981,1.9514362387531508,0.0272981014584092,4.0,1.0,0.7,cross_sectional_xgboost
2026-04-29,AAPL,-0.052565143,0.07816061205991828,0.0043676927881806,6.0,6.0,0.5,cross_sectional_xgboost
2026-04-29,AMZN,0.12146167,0.14424997591539937,0.0076793983730685,2.0,5.0,0.9,cross_sectional_xgboost
2026-04-29,AVGO,-0.27195725,0.5806540298391085,0.0295473913198187,8.0,2.0,0.3,cross_sectional_xgboost
2026-04-29,GOOGL,0.1851322,1.9789828321495146,0.0996169612773592,1.0,1.0,1.0,cross_sectional_xgboost
2026-04-29,JPM,-0.036802717,0.24783255347717853,0.0128698704944003,5.0,4.0,0.6,cross_sectional_xgboost
2026-04-29,META,-0.10172774,-1.7152729815020886,-0.0855003843340703,7.0,10.0,0.4,cross_sectional_xgboost
2026-04-29,MSFT,-0.33561563,-0.7932228403591836,-0.0392969043210547,9.0,8.0,0.2,cross_sectional_xgboost
2026-04-29,NVDA,0.018928956,-0.9321884059742758,-0.046260400607098,4.0,9.0,0.7,cross_sectional_xgboost
2026-04-29,TSLA,-0.41190642,0.4636757859769167,0.0236856689350197,10.0,3.0,0.1,cross_sectional_xgboost
2026-04-29,XOM,0.025978805,-0.05287156158248809,-0.0021982651199703,3.0,7.0,0.8,cross_sectional_xgboost
2026-04-30,AAPL,0.00568031,1.7903092950584683,0.0323936276766447,3.0,1.0,0.8,cross_sectional_xgboost
2026-04-30,AMZN,0.2800813,0.34065740506805103,0.0120727844129853,1.0,4.0,1.0,cross_sectional_xgboost
2026-04-30,AVGO,-0.06374856,0.13736400221222142,0.0092230703509448,5.0,5.0,0.6,cross_sectional_xgboost
2026-04-30,GOOGL,-0.5924954,-0.3555865356026504,0.0023130178860466,10.0,6.0,0.1,cross_sectional_xgboost
2026-04-30,JPM,-0.023104183,-0.6936831566720819,-0.0024263326381473,4.0,7.0,0.7,cross_sectional_xgboost
2026-04-30,META,-0.40877146,-0.8889910799621241,-0.0051641083239735,9.0,8.0,0.2,cross_sectional_xgboost
2026-04-30,MSFT,-0.35440066,0.6445257273956468,0.0163323315452634,8.0,3.0,0.3,cross_sectional_xgboost
2026-04-30,NVDA,-0.08535091,-0.9209534000527855,-0.005612147816344,6.0,9.0,0.5,cross_sectional_xgboost
2026-04-30,TSLA,-0.29715905,1.1972960471753376,0.0240809221597455,7.0,2.0,0.4,cross_sectional_xgboost
2026-04-30,XOM,0.1892042,-1.250938304620083,-0.0102377904077733,2.0,10.0,0.9,cross_sectional_xgboost
2026-05-01,AAPL,0.01386307,-1.0633301779146587,-0.0118157523575629,4.0,9.0,0.7,cross_sectional_xgboost
2026-05-01,AMZN,0.00924322,1.7302966275188296,0.0141280022715835,5.0,1.0,0.6,cross_sectional_xgboost
2026-05-01,AVGO,0.11691579,-1.012783205493795,-0.0113463345215146,1.0,8.0,1.0,cross_sectional_xgboost
2026-05-01,GOOGL,-0.018126026,-0.47223750571006007,-0.0063264138314089,7.0,7.0,0.4,cross_sectional_xgboost
2026-05-01,JPM,0.006708051,-1.4520321390696147,-0.0154255359852323,6.0,10.0,0.5,cross_sectional_xgboost
2026-05-01,META,-0.4576206,0.5026216371788463,0.0027268735840393,9.0,4.0,0.2,cross_sectional_xgboost
2026-05-01,MSFT,-0.47002134,-0.004066992842323992,-0.0019786244678409,10.0,6.0,0.1,cross_sectional_xgboost
2026-05-01,NVDA,0.033568777,0.22526476934210288,0.0001511256316393,3.0,5.0,0.8,cross_sectional_xgboost
2026-05-01,TSLA,-0.2593861,0.6746270645532694,0.0043242475045659,8.0,3.0,0.3,cross_sectional_xgboost
2026-05-01,XOM,0.044567414,0.8716399224374042,0.0061538595464434,2.0,2.0,0.9,cross_sectional_xgboost
2026-05-04,AAPL,-0.05915034,1.5550978011190286,0.0265507307836934,6.0,1.0,0.5,cross_sectional_xgboost
2026-05-04,AMZN,0.18360777,0.017327695780098764,0.00551369258337,1.0,6.0,1.0,cross_sectional_xgboost
2026-05-04,AVGO,-0.020007994,1.5202801915050372,0.0260744181144911,5.0,2.0,0.6,cross_sectional_xgboost
2026-05-04,GOOGL,-0.0902545,0.6022811325437253,0.0135159861328955,7.0,3.0,0.4,cross_sectional_xgboost
2026-05-04,JPM,-0.0072600883,0.03009114981163857,0.0056882994827351,4.0,5.0,0.7,cross_sectional_xgboost
2026-05-04,META,-0.349273,-1.0383645749164472,-0.008928413261531,10.0,9.0,0.1,cross_sectional_xgboost
2026-05-04,MSFT,-0.32982862,-0.7815783221750353,-0.005415520021193,9.0,7.0,0.2,cross_sectional_xgboost
2026-05-04,NVDA,0.049454354,-1.114925927430376,-0.0099757896488805,3.0,10.0,0.8,cross_sectional_xgboost
2026-05-04,TSLA,-0.17690594,-0.9704870303267807,-0.0079998333044104,8.0,8.0,0.3,cross_sectional_xgboost
2026-05-04,XOM,0.094700724,0.18027788408911,0.0077428875223957,2.0,4.0,0.9,cross_sectional_xgboost
2026-05-05,AAPL,0.031772476,0.004374481401976002,0.0117180263574909,3.0,6.0,0.8,cross_sectional_xgboost
2026-05-05,AMZN,0.13176827,-0.25727389067502404,0.0052641290647619,1.0,8.0,1.0,cross_sectional_xgboost
2026-05-05,AVGO,-0.29012132,-0.6528264499590383,-0.0044926891077733,9.0,9.0,0.2,cross_sectional_xgboost
2026-05-05,GOOGL,-0.25020787,0.5323275195416057,0.0247406744882221,7.0,2.0,0.4,cross_sectional_xgboost
2026-05-05,JPM,-0.019948937,0.24998653044321292,0.0177763668921011,5.0,4.0,0.6,cross_sectional_xgboost
2026-05-05,META,-0.31499666,0.0600672819900179,0.0130917616958246,10.0,5.0,0.1,cross_sectional_xgboost
2026-05-05,MSFT,-0.27968776,-0.21643462723169668,0.0062714825968388,8.0,7.0,0.3,cross_sectional_xgboost
2026-05-05,NVDA,0.025225513,1.8668770008768867,0.0576590726277983,4.0,1.0,0.7,cross_sectional_xgboost
2026-05-05,TSLA,-0.08256723,0.5038756858335902,0.024038873016714,6.0,3.0,0.5,cross_sectional_xgboost
2026-05-05,XOM,0.11353243,-2.090973532221531,-0.0399664567719135,2.0,10.0,0.9,cross_sectional_xgboost
2026-05-06,AAPL,-0.03846715,0.05110384087876395,-0.0002435044393305,3.0,6.0,0.8,cross_sectional_xgboost
2026-05-06,AMZN,0.22181132,-0.6182229853118798,-0.0138913303840072,2.0,7.0,0.9,cross_sectional_xgboost
2026-05-06,AVGO,0.2769407,-1.4217007624596736,-0.0302745447179348,1.0,10.0,1.0,cross_sectional_xgboost
2026-05-06,GOOGL,-0.5500411,0.056883066109088665,-0.0001256638613763,10.0,5.0,0.1,cross_sectional_xgboost
2026-05-06,JPM,-0.065674454,-1.280998023492433,-0.0274055629048299,4.0,9.0,0.7,cross_sectional_xgboost
2026-05-06,META,-0.3201512,0.3775226800510498,0.0064122985671635,9.0,4.0,0.2,cross_sectional_xgboost
2026-05-06,MSFT,-0.23673992,0.8698436617808072,0.0164509087119275,8.0,3.0,0.3,cross_sectional_xgboost
2026-05-06,NVDA,-0.15279974,0.9290766737778022,0.0176586921239787,7.0,2.0,0.4,cross_sectional_xgboost
2026-05-06,TSLA,-0.10980653,1.6693913427475178,0.0327539869052935,6.0,1.0,0.5,cross_sectional_xgboost
2026-05-06,XOM,-0.07045437,-0.6328994940810433,-0.0141905899225753,5.0,8.0,0.6,cross_sectional_xgboost
2026-05-07,AAPL,0.031537566,0.5702649585542452,0.0204563767754626,3.0,3.0,0.8,cross_sectional_xgboost
2026-05-07,AMZN,0.023095,-0.11500972550156158,0.0055683857848436,4.0,6.0,0.7,cross_sectional_xgboost
2026-05-07,AVGO,0.08454587,1.5744392600752368,0.0422726473920467,2.0,1.0,0.9,cross_sectional_xgboost
2026-05-07,GOOGL,-0.13274229,-0.04633064315317305,0.0070604787849748,9.0,5.0,0.2,cross_sectional_xgboost
2026-05-07,JPM,-0.09049028,-0.9980124628856646,-0.0136153621409675,8.0,9.0,0.3,cross_sectional_xgboost
2026-05-07,META,-0.31831422,-0.9071130272802922,-0.0116405190454433,10.0,7.0,0.1,cross_sectional_xgboost
2026-05-07,MSFT,-0.08078603,-0.9893776940928521,-0.0134277667679229,7.0,8.0,0.4,cross_sectional_xgboost
2026-05-07,NVDA,-0.019468747,0.43391407380053204,0.0174940745176852,6.0,4.0,0.5,cross_sectional_xgboost
2026-05-07,TSLA,-0.010876797,1.4797130669419465,0.0402146657640121,5.0,2.0,0.6,cross_sectional_xgboost
2026-05-07,XOM,0.15929976,-1.002487806458417,-0.0137125915824474,1.0,10.0,1.0,cross_sectional_xgboost
2026-05-08,AAPL,-0.013499313,-0.11984627222943499,-0.0012626131025762,7.0,4.0,0.4,cross_sectional_xgboost
2026-05-08,AMZN,0.099411964,-0.6601540353987863,-0.0135323549234274,2.0,8.0,0.9,cross_sectional_xgboost
2026-05-08,AVGO,-0.009522001,-0.22502961139868688,-0.0036512006880876,6.0,5.0,0.5,cross_sectional_xgboost
2026-05-08,GOOGL,-0.030717464,-1.400261337028252,-0.0303393048318523,8.0,10.0,0.3,cross_sectional_xgboost
2026-05-08,JPM,0.026955822,-0.3703574671098415,-0.0069514221368675,4.0,7.0,0.7,cross_sectional_xgboost
2026-05-08,META,0.0014578584,-0.8422010700785159,-0.0176664249239573,5.0,9.0,0.6,cross_sectional_xgboost
2026-05-08,MSFT,0.042098567,-0.3252023030382067,-0.0059260024727353,3.0,6.0,0.8,cross_sectional_xgboost
2026-05-08,NVDA,-0.032801192,0.8033737124874675,0.0197026064046921,9.0,3.0,0.2,cross_sectional_xgboost
2026-05-08,TSLA,-0.0579288,1.6474280121674774,0.0388700680733986,10.0,1.0,0.1,cross_sectional_xgboost
2026-05-08,XOM,0.33059183,1.4922503716267796,0.0353461698146826,1.0,2.0,1.0,cross_sectional_xgboost
2026-05-11,AAPL,0.034306556,0.7416155367539895,0.007243374589372,4.0,2.0,0.7,cross_sectional_xgboost
2026-05-11,AMZN,0.063839935,-0.6181873685472917,-0.0117847616091372,3.0,7.0,0.8,cross_sectional_xgboost
2026-05-11,AVGO,0.24094588,-1.2989127816254575,-0.0213103596376014,1.0,9.0,1.0,cross_sectional_xgboost
2026-05-11,GOOGL,0.1503674,-0.01321790502903975,-0.0033192396552671,2.0,6.0,0.9,cross_sectional_xgboost
2026-05-11,JPM,-0.0068084183,1.3864470391472055,0.0162666981936916,6.0,1.0,0.5,cross_sectional_xgboost
2026-05-11,META,-0.24720737,0.7180160512395064,0.0069131398010555,10.0,3.0,0.1,cross_sectional_xgboost
2026-05-11,MSFT,0.0208694,-0.6228469781286421,-0.0118499649451502,5.0,8.0,0.6,cross_sectional_xgboost
2026-05-11,NVDA,-0.08993438,0.6603681415844147,0.0061064550438749,8.0,5.0,0.3,cross_sectional_xgboost
2026-05-11,TSLA,-0.15443565,-1.6308336006129749,-0.0259550287482442,9.0,10.0,0.2,cross_sectional_xgboost
2026-05-11,XOM,-0.06491763,0.67755186521829,0.0063469121221972,7.0,4.0,0.4,cross_sectional_xgboost
2026-05-12,AAPL,-0.03039005,0.09923701408584891,0.0138059873916276,5.0,6.0,0.6,cross_sectional_xgboost
2026-05-12,AMZN,-0.05137409,0.23913120979158092,0.0162139697533634,6.0,5.0,0.5,cross_sectional_xgboost
2026-05-12,AVGO,-0.11426986,-1.0506054277718087,-0.0059861155244408,8.0,8.0,0.3,cross_sectional_xgboost
2026-05-12,GOOGL,0.107794166,1.5874065722521706,0.0394216752281304,1.0,1.0,1.0,cross_sectional_xgboost
2026-05-12,JPM,-0.13862202,-1.5850971655658854,-0.0151862590372493,9.0,10.0,0.2,cross_sectional_xgboost
2026-05-12,META,-0.26626474,0.6103452862062312,0.022603634055911,10.0,4.0,0.1,cross_sectional_xgboost
2026-05-12,MSFT,-0.008972676,-1.0675634015640982,-0.0062780111358106,4.0,9.0,0.7,cross_sectional_xgboost
2026-05-12,NVDA,-0.09753036,0.6260202696102847,0.0228734457044004,7.0,3.0,0.4,cross_sectional_xgboost
2026-05-12,TSLA,0.00010570898,0.8814151036675091,0.0272695269898732,3.0,2.0,0.8,cross_sectional_xgboost
2026-05-12,XOM,0.03239259,-0.3402894607118337,0.0062404697982099,2.0,7.0,0.9,cross_sectional_xgboost
2026-05-13,AAPL,-0.028780477,-0.5463175690764706,-0.0022082930971525,4.0,7.0,0.7,cross_sectional_xgboost
2026-05-13,AMZN,0.022761408,-0.9359660365805629,-0.0107726043368332,1.0,10.0,1.0,cross_sectional_xgboost
2026-05-13,AVGO,-0.05923884,2.0648306454308503,0.0551836585386957,6.0,1.0,0.5,cross_sectional_xgboost
2026-05-13,GOOGL,-0.15460622,-0.6209984543789839,-0.0038497478922465,8.0,8.0,0.3,cross_sectional_xgboost
2026-05-13,JPM,-0.08972051,-0.4973667198179644,-0.0011323737917798,7.0,6.0,0.4,cross_sectional_xgboost
2026-05-13,META,-0.2672023,-0.313037618879943,0.0029191031743067,10.0,5.0,0.1,cross_sectional_xgboost
2026-05-13,MSFT,-0.265488,0.02797255892754842,0.0104143650377748,9.0,3.0,0.2,cross_sectional_xgboost
2026-05-13,NVDA,-0.043930817,1.5506686093034856,0.0438825908526629,5.0,2.0,0.6,cross_sectional_xgboost
2026-05-13,TSLA,-0.02324804,-0.6471380234261088,-0.0044242847470292,3.0,9.0,0.8,cross_sectional_xgboost
2026-05-13,XOM,-0.006138165,-0.08264739150185055,0.0079829845402101,2.0,4.0,0.9,cross_sectional_xgboost
2026-05-14,AAPL,-0.04930004,0.5187986394786127,0.006773819369938,5.0,3.0,0.6,cross_sectional_xgboost
2026-05-14,AMZN,-0.088542596,-0.11109961323788015,-0.0115260330746043,6.0,7.0,0.5,cross_sectional_xgboost
2026-05-14,AVGO,-0.107593,-0.857058025327438,-0.0331976741882812,7.0,8.0,0.4,cross_sectional_xgboost
2026-05-14,GOOGL,-0.046857927,-0.08254355862699052,-0.0106964203815639,4.0,6.0,0.7,cross_sectional_xgboost
2026-05-14,JPM,0.040737726,0.04461560177190797,-0.0070021826816872,2.0,5.0,0.9,cross_sectional_xgboost
2026-05-14,META,-0.2243666,0.05187152756462414,-0.0067913829679515,9.0,4.0,0.2,cross_sectional_xgboost
2026-05-14,MSFT,-0.3257952,1.3356755891774434,0.03050579128821,10.0,2.0,0.1,cross_sectional_xgboost
2026-05-14,NVDA,-0.22333306,-1.2358093632232052,-0.0442011871632332,8.0,9.0,0.3,cross_sectional_xgboost
2026-05-14,TSLA,0.15023178,-1.3496098337774451,-0.04750732717915,1.0,10.0,1.0,cross_sectional_xgboost
2026-05-14,XOM,-0.040072594,1.6851590362003708,0.040659011248336,3.0,1.0,0.8,cross_sectional_xgboost
2026-05-15,AAPL,-0.062605195,-0.3641277468982673,-0.0079606611146492,8.0,7.0,0.3,cross_sectional_xgboost
2026-05-15,AMZN,-0.03782007,0.4653048427632496,0.002725716147488,6.0,4.0,0.5,cross_sectional_xgboost
2026-05-15,AVGO,0.22755606,-0.5640529584214449,-0.0105364897729144,2.0,8.0,0.9,cross_sectional_xgboost
2026-05-15,GOOGL,-0.008502756,0.2850479644707609,0.0004032935304616,5.0,5.0,0.6,cross_sectional_xgboost
2026-05-15,JPM,0.020596284,1.0147670636972113,0.0098049660556551,4.0,2.0,0.7,cross_sectional_xgboost
2026-05-15,META,-0.11504282,-0.1278710099169096,-0.0049167384938433,9.0,6.0,0.2,cross_sectional_xgboost
2026-05-15,MSFT,-0.15027739,0.5517653509631595,0.003839669976186,10.0,3.0,0.1,cross_sectional_xgboost
2026-05-15,NVDA,0.054203544,-0.7796645747306726,-0.0133144214610337,3.0,9.0,0.8,cross_sectional_xgboost
2026-05-15,TSLA,-0.044892564,-1.9980410791414815,-0.0290119370105146,7.0,10.0,0.4,cross_sectional_xgboost
2026-05-15,XOM,0.3076449,1.5168721472143942,0.0162740684451467,1.0,1.0,1.0,cross_sectional_xgboost
2026-05-18,AAPL,-0.08191293,1.3217841651968973,0.0037939903054091,6.0,2.0,0.5,cross_sectional_xgboost
2026-05-18,AMZN,-0.048564374,-0.7692526089852652,-0.0208411587969579,4.0,8.0,0.7,cross_sectional_xgboost
2026-05-18,AVGO,-0.18005513,-0.9451635316262901,-0.0229136196266779,9.0,9.0,0.2,cross_sectional_xgboost
2026-05-18,GOOGL,-0.15844968,-0.9846567073757712,-0.0233789009096888,8.0,10.0,0.3,cross_sectional_xgboost
2026-05-18,JPM,-0.06637515,-0.4199554481240892,-0.0167259812232808,5.0,7.0,0.6,cross_sectional_xgboost
2026-05-18,META,-0.037974708,-0.19455401583800502,-0.0140704574367962,3.0,4.0,0.8,cross_sectional_xgboost
2026-05-18,MSFT,-0.0061082286,-0.22674043585463444,-0.0144496555771499,2.0,6.0,0.9,cross_sectional_xgboost
2026-05-18,NVDA,-0.10436044,0.3468775769622715,-0.0076916848671059,7.0,3.0,0.4,cross_sectional_xgboost
2026-05-18,TSLA,-0.18466723,-0.217587792754524,-0.0143418254661562,10.0,5.0,0.1,cross_sectional_xgboost
2026-05-18,XOM,0.17802207,2.0892487983994097,0.0128357278315853,1.0,1.0,1.0,cross_sectional_xgboost
2026-05-19,AAPL,-0.030557666,0.08625932976314224,0.0109710593574492,5.0,6.0,0.6,cross_sectional_xgboost
2026-05-19,AMZN,-0.078667775,0.6584075000936602,0.021863243262898,6.0,2.0,0.5,cross_sectional_xgboost
2026-05-19,AVGO,-0.018628966,0.3648473347705829,0.0162746361960157,4.0,4.0,0.7,cross_sectional_xgboost
2026-05-19,GOOGL,0.07615972,-0.3206526736357689,0.0032245338869663,2.0,9.0,0.9,cross_sectional_xgboost
2026-05-19,JPM,0.034471918,0.6255554727228051,0.02123782778078,3.0,3.0,0.8,cross_sectional_xgboost
2026-05-19,META,-0.10688986,-0.27646840521326205,0.0040656851871752,9.0,8.0,0.2,cross_sectional_xgboost
2026-05-19,MSFT,-0.09119895,-0.03197706235854764,0.0087201519979758,8.0,7.0,0.3,cross_sectional_xgboost
2026-05-19,NVDA,-0.084247455,0.1909497955537829,0.0129640882014985,7.0,5.0,0.4,cross_sectional_xgboost
2026-05-19,TSLA,-0.17602637,1.2192767518001992,0.0325407064678751,10.0,1.0,0.1,cross_sectional_xgboost
2026-05-19,XOM,0.1523802,-2.5161980434965945,-0.0385728276731798,1.0,10.0,1.0,cross_sectional_xgboost
2026-05-20,AAPL,-0.06864427,1.1006335302232977,0.0090652466137959,3.0,2.0,0.8,cross_sectional_xgboost
2026-05-20,AMZN,-0.11279427,1.5474662106645047,0.0130183070915106,5.0,1.0,0.6,cross_sectional_xgboost
2026-05-20,AVGO,-0.13726664,-0.7871834188876664,-0.0076359816028193,8.0,9.0,0.3,cross_sectional_xgboost
2026-05-20,GOOGL,-0.11863937,-0.2873655988736103,-0.0032141696878892,6.0,7.0,0.5,cross_sectional_xgboost
2026-05-20,JPM,-0.05015348,0.45773930029596616,0.0033776595528693,2.0,4.0,0.9,cross_sectional_xgboost
2026-05-20,META,-0.27613842,0.5093511115562213,0.0038342613642559,10.0,3.0,0.1,cross_sectional_xgboost
2026-05-20,MSFT,0.052606024,-0.2092306798697411,-0.0025229219932518,1.0,6.0,1.0,cross_sectional_xgboost
2026-05-20,NVDA,-0.10821341,-1.927085242727743,-0.0177205189375723,4.0,10.0,0.7,cross_sectional_xgboost
2026-05-20,TSLA,-0.22324239,0.2357752694902936,0.0014139776735901,9.0,5.0,0.2,cross_sectional_xgboost
2026-05-20,XOM,-0.12594286,-0.6401004818715225,-0.0063347613234731,7.0,8.0,0.4,cross_sectional_xgboost
2026-05-21,AAPL,-0.03254262,1.023705499788234,0.0125578600542797,3.0,2.0,0.8,cross_sectional_xgboost
2026-05-21,AMZN,-0.0929847,-0.7078779825108463,-0.0079713335281748,5.0,8.0,0.6,cross_sectional_xgboost
2026-05-21,AVGO,-0.38777015,-0.12300383818845607,-0.0010372211085849,10.0,5.0,0.1,cross_sectional_xgboost
2026-05-21,GOOGL,-0.21588704,-1.0559674258778258,-0.0120981894608738,8.0,9.0,0.3,cross_sectional_xgboost
2026-05-21,JPM,-0.06495878,0.9053865251109015,0.0111551017348232,4.0,3.0,0.7,cross_sectional_xgboost
2026-05-21,META,-0.26315787,0.364437616558229,0.0047417552369977,9.0,4.0,0.2,cross_sectional_xgboost
2026-05-21,MSFT,0.021102678,-0.14016553684498265,-0.0012406856469829,2.0,6.0,0.9,cross_sectional_xgboost
2026-05-21,NVDA,-0.122214794,-1.641695863431239,-0.0190424301539747,6.0,10.0,0.5,cross_sectional_xgboost
2026-05-21,TSLA,-0.1932962,1.6116646453167782,0.0195285474283033,7.0,1.0,0.4,cross_sectional_xgboost
2026-05-21,XOM,0.06895342,-0.23648363992079263,-0.0023826074796587,1.0,7.0,1.0,cross_sectional_xgboost
2026-05-22,AAPL,0.016496796,-0.17154441869832335,-0.0015867357868807,2.0,6.0,0.9,cross_sectional_xgboost
2026-05-22,AMZN,-0.041686505,-0.32209246369737704,-0.0038675230961635,6.0,8.0,0.5,cross_sectional_xgboost
2026-05-22,AVGO,-0.39431968,1.1875405190847153,0.0190032604389251,10.0,1.0,0.1,cross_sectional_xgboost
2026-05-22,GOOGL,-0.16243449,0.9518082969299894,0.0154319416570511,9.0,3.0,0.2,cross_sectional_xgboost
2026-05-22,JPM,0.0060689696,0.010746563944342124,0.0011749537442633,3.0,5.0,0.8,cross_sectional_xgboost
2026-05-22,META,-0.10252151,0.1581675689378581,0.0034083667209183,7.0,4.0,0.4,cross_sectional_xgboost
2026-05-22,MSFT,0.022343855,-0.46736114642991433,-0.0060683286131975,1.0,9.0,1.0,cross_sectional_xgboost
2026-05-22,NVDA,-0.10779283,-0.21087885428940048,-0.0021826484173934,8.0,7.0,0.3,cross_sectional_xgboost
2026-05-22,TSLA,-0.02644784,1.1076533193352087,0.0177929776261263,5.0,2.0,0.6,cross_sectional_xgboost
2026-05-22,XOM,-0.020895071,-2.244039385117098,-0.0329848201525072,4.0,10.0,0.7,cross_sectional_xgboost
2026-05-26,AAPL,-0.0062851156,0.27697682382651295,0.0081731404087175,3.0,4.0,0.8,cross_sectional_xgboost
2026-05-26,AMZN,0.029882392,1.1598477569911103,0.0247276465275658,1.0,2.0,1.0,cross_sectional_xgboost
2026-05-26,AVGO,-0.3200383,-0.17786836888818752,-0.0003555552851529,10.0,6.0,0.1,cross_sectional_xgboost
2026-05-26,GOOGL,-0.19837695,-0.1657658539345606,-0.0001286238613998,7.0,5.0,0.4,cross_sectional_xgboost
2026-05-26,JPM,-0.011226543,-1.4559344194123027,-0.02432027250362,4.0,10.0,0.7,cross_sectional_xgboost
2026-05-26,META,-0.19094297,1.8372911389459647,0.0374302287402867,6.0,1.0,0.5,cross_sectional_xgboost
2026-05-26,MSFT,-0.21143797,-0.5896244023070871,-0.0080762962435995,8.0,7.0,0.3,cross_sectional_xgboost
2026-05-26,NVDA,0.015929976,-0.719870283147528,-0.0105185062545229,2.0,8.0,0.9,cross_sectional_xgboost
2026-05-26,TSLA,-0.03081501,0.6737959824642764,0.01561380352603,5.0,3.0,0.6,cross_sectional_xgboost
2026-05-26,XOM,-0.255389,-0.8388483745381988,-0.0127494365841417,9.0,9.0,0.2,cross_sectional_xgboost
2026-05-27,AAPL,-0.05978878,-0.05024023308021752,0.0053401952372549,7.0,5.0,0.4,cross_sectional_xgboost
2026-05-27,AMZN,0.13404469,0.16615745643348168,0.0079087505911834,2.0,3.0,0.9,cross_sectional_xgboost
2026-05-27,AVGO,-0.11986019,0.442478993838611,0.0111885784206888,9.0,2.0,0.2,cross_sectional_xgboost
2026-05-27,GOOGL,0.17811385,-0.21846176909015885,0.0033434718529368,1.0,7.0,1.0,cross_sectional_xgboost
2026-05-27,JPM,-0.08033279,-1.2179770823195915,-0.0085203812912367,8.0,10.0,0.3,cross_sectional_xgboost
2026-05-27,META,-0.28035045,-0.49617523765279364,4.712234875481336e-05,10.0,8.0,0.1,cross_sectional_xgboost
2026-05-27,MSFT,-0.0146150105,2.4233527113976705,0.0347007693508534,5.0,1.0,0.6,cross_sectional_xgboost
2026-05-27,NVDA,-0.019557688,0.15370934303793,0.0077609963874287,6.0,4.0,0.5,cross_sectional_xgboost
2026-05-27,TSLA,0.05105738,-0.1672479413996816,0.0039513598188627,3.0,6.0,0.8,cross_sectional_xgboost
2026-05-27,XOM,0.021810802,-1.0355962411652502,-0.0063555925309976,4.0,9.0,0.7,cross_sectional_xgboost
2026-05-28,AAPL,0.057424378,-0.15317398274155616,-0.0014399642515899,4.0,4.0,0.7,cross_sectional_xgboost
2026-05-28,AMZN,0.18279652,-0.5541216242577457,-0.012262720261177,1.0,7.0,1.0,cross_sectional_xgboost
2026-05-28,AVGO,-0.1856337,1.6535920271306748,0.0473299639547912,10.0,2.0,0.1,cross_sectional_xgboost
2026-05-28,GOOGL,0.12519643,-1.0294879565956878,-0.0250942555973391,2.0,10.0,0.9,cross_sectional_xgboost
2026-05-28,JPM,-0.055696435,0.22228367573567276,0.0086947421511309,7.0,3.0,0.4,cross_sectional_xgboost
2026-05-28,META,-0.0883543,-0.2619415698324635,-0.004375921306693,8.0,5.0,0.3,cross_sectional_xgboost
2026-05-28,MSFT,-0.11103408,1.917401668272034,0.0544509620189097,9.0,1.0,0.2,cross_sectional_xgboost
2026-05-28,NVDA,0.048479717,-0.6375860840154722,-0.0145156714944452,5.0,9.0,0.6,cross_sectional_xgboost
2026-05-28,TSLA,0.04621682,-0.6285878702785965,-0.0142727832424329,6.0,8.0,0.5,cross_sectional_xgboost
2026-05-28,XOM,0.06932201,-0.5283782834168594,-0.0115678317821253,3.0,6.0,0.8,cross_sectional_xgboost
2026-05-29,AAPL,-0.1041541,-0.42667444156241513,-0.0184259782273675,7.0,7.0,0.4,cross_sectional_xgboost
2026-05-29,AMZN,-0.06393371,-0.8632996516599077,-0.0346586032187338,6.0,8.0,0.5,cross_sectional_xgboost
2026-05-29,AVGO,-0.2215155,0.8636597626493543,0.0295453957705422,9.0,2.0,0.2,cross_sectional_xgboost
2026-05-29,GOOGL,-0.2104095,-0.21181285913416723,-0.0104379660559436,8.0,6.0,0.3,cross_sectional_xgboost
2026-05-29,JPM,-0.05313472,-0.17639002280908525,-0.0091210342689146,5.0,5.0,0.6,cross_sectional_xgboost
2026-05-29,META,-0.03506524,-1.2935814242166428,-0.0506553951881537,4.0,10.0,0.7,cross_sectional_xgboost
2026-05-29,MSFT,-0.3260542,0.6830898236313041,0.0228322604842416,10.0,4.0,0.1,cross_sectional_xgboost
2026-05-29,NVDA,0.20755069,1.7530982169122868,0.0626124760651658,2.0,1.0,0.9,cross_sectional_xgboost
2026-05-29,TSLA,-0.009068238,-1.159945556530482,-0.0456871503974763,3.0,9.0,0.8,cross_sectional_xgboost
2026-05-29,XOM,0.28992882,0.8318561527197548,0.0283630177002434,1.0,3.0,1.0,cross_sectional_xgboost
2026-06-01,AAPL,-0.098842196,1.0195725067692014,0.0290229352954181,5.0,2.0,0.6,cross_sectional_xgboost
2026-06-01,AMZN,-0.029495563,-0.6420888479454431,-0.0181429249589532,1.0,8.0,1.0,cross_sectional_xgboost
2026-06-01,AVGO,-0.100027904,1.6514852170236765,0.0469596264871934,6.0,1.0,0.5,cross_sectional_xgboost
2026-06-01,GOOGL,-0.37434998,-1.3620575915381994,-0.0385790656030514,10.0,9.0,0.1,cross_sectional_xgboost
2026-06-01,JPM,-0.086700775,0.5173807303174949,0.0147683417936734,4.0,4.0,0.7,cross_sectional_xgboost
2026-06-01,META,-0.31231657,-0.1695344217180496,-0.004729580557107,9.0,6.0,0.2,cross_sectional_xgboost
2026-06-01,MSFT,-0.12840563,-1.4724929615877294,-0.0417137471770779,7.0,10.0,0.4,cross_sectional_xgboost
2026-06-01,NVDA,-0.055410754,-0.24473101434236538,-0.0068640178594251,2.0,7.0,0.9,cross_sectional_xgboost
2026-06-01,TSLA,-0.17758797,0.6629273275436971,0.0188996471561004,8.0,3.0,0.3,cross_sectional_xgboost
2026-06-01,XOM,-0.07095498,0.03953905547771699,0.001204920104133,3.0,5.0,0.8,cross_sectional_xgboost
2026-06-02,AAPL,-0.022158908,-0.40611064221430365,-0.015672643076158,5.0,7.0,0.6,cross_sectional_xgboost
2026-06-02,AMZN,-0.01562142,-0.811257017445115,-0.0253390964431412,4.0,8.0,0.7,cross_sectional_xgboost
2026-06-02,AVGO,-0.36659747,0.0471128789397609,-0.0048591092525867,10.0,5.0,0.1,cross_sectional_xgboost
2026-06-02,GOOGL,-0.13401745,-0.08050145285216495,-0.007903880383817,6.0,6.0,0.5,cross_sectional_xgboost
2026-06-02,JPM,-0.16378339,0.23545754576314318,-0.0003653631645685,7.0,4.0,0.4,cross_sectional_xgboost
2026-06-02,META,-0.3328808,2.0286022903790624,0.0424175694093833,9.0,1.0,0.2,cross_sectional_xgboost
2026-06-02,MSFT,0.047763165,-1.0760022575809447,-0.0316556962558529,1.0,9.0,1.0,cross_sectional_xgboost
2026-06-02,NVDA,0.0374021,-1.2672014276660684,-0.0362175484022057,3.0,10.0,0.8,cross_sectional_xgboost
2026-06-02,TSLA,-0.23415829,0.24681659929188315,-9.434565598021027e-05,8.0,3.0,0.3,cross_sectional_xgboost
2026-06-02,XOM,0.040745564,1.0830834833847474,0.019858282163609,2.0,2.0,0.9,cross_sectional_xgboost
2026-06-03,AAPL,-0.059528764,0.12154510628845112,0.0031264523881506,7.0,6.0,0.4,cross_sectional_xgboost
2026-06-03,AMZN,-0.054432873,0.3811202949587462,0.0150787494970343,6.0,4.0,0.5,cross_sectional_xgboost
2026-06-03,AVGO,-0.52368903,-2.67991791157604,-0.1258686125893295,10.0,10.0,0.1,cross_sectional_xgboost
2026-06-03,GOOGL,0.061246745,0.8522007876366187,0.036769936699972,4.0,1.0,0.7,cross_sectional_xgboost
2026-06-03,JPM,0.0057721664,0.7784075120004773,0.0333720805352166,5.0,2.0,0.6,cross_sectional_xgboost
2026-06-03,META,-0.36161375,0.2136574286990066,0.0073678201801958,9.0,5.0,0.2,cross_sectional_xgboost
2026-06-03,MSFT,0.062719025,0.08972768837861525,0.0016614000692292,3.0,7.0,0.8,cross_sectional_xgboost
2026-06-03,NVDA,0.12381865,0.47483579058113967,0.0193939363726485,1.0,3.0,1.0,cross_sectional_xgboost
2026-06-03,TSLA,-0.13607648,-0.21545326640506673,-0.0123908422203082,8.0,9.0,0.3,cross_sectional_xgboost
2026-06-03,XOM,0.114554204,-0.016123430561947854,-0.0032125789476651,2.0,8.0,0.9,cross_sectional_xgboost
2026-06-04,AAPL,-0.023345394,0.7933160490923635,-0.0124988260085261,3.0,3.0,0.8,cross_sectional_xgboost
2026-06-04,AMZN,-0.210969,0.15760466377356744,-0.0305764400178182,6.0,6.0,0.5,cross_sectional_xgboost
2026-06-04,AVGO,-0.3955817,-1.5524702458215291,-0.0792055425580102,9.0,10.0,0.2,cross_sectional_xgboost
2026-06-04,GOOGL,-0.42060238,0.8870354307178133,-0.009833744266495,10.0,2.0,0.1,cross_sectional_xgboost
2026-06-04,JPM,-0.043556456,1.4002521984881737,0.0047605116255817,5.0,1.0,0.6,cross_sectional_xgboost
2026-06-04,META,-0.27569306,-0.7042709847377934,-0.0550854478122646,8.0,7.0,0.3,cross_sectional_xgboost
2026-06-04,MSFT,-0.04226887,0.2979428464908506,-0.0265856675438341,4.0,5.0,0.7,cross_sectional_xgboost
2026-06-04,NVDA,0.10372374,-0.9479214299501061,-0.0620140931117845,1.0,8.0,1.0,cross_sectional_xgboost
2026-06-04,TSLA,-0.27258018,-1.073996310029235,-0.0655992625313873,7.0,9.0,0.4,cross_sectional_xgboost
2026-06-04,XOM,0.07336007,0.742507781975895,-0.0139436518565828,2.0,4.0,0.9,cross_sectional_xgboost
2026-06-05,AAPL,-0.10825877,-1.0716599341399744,-0.0188715453886555,6.0,10.0,0.5,cross_sectional_xgboost
2026-06-05,AMZN,-0.054872777,-0.3388530807146012,-0.0032922715222234,3.0,5.0,0.8,cross_sectional_xgboost
2026-06-05,AVGO,0.00013234915,1.1415318166156723,0.0281803076921125,1.0,2.0,1.0,cross_sectional_xgboost
2026-06-05,GOOGL,-0.4569043,-0.8225502011322252,-0.0135755403974621,9.0,9.0,0.2,cross_sectional_xgboost
2026-06-05,JPM,-0.099699885,-0.3737290618786918,-0.0040337253710461,4.0,6.0,0.7,cross_sectional_xgboost
2026-06-05,META,-0.14360578,-0.787626569525588,-0.0128330735132252,7.0,8.0,0.4,cross_sectional_xgboost
2026-06-05,MSFT,-0.25299677,-0.7405353735799162,-0.0118319275292512,8.0,7.0,0.3,cross_sectional_xgboost
2026-06-05,NVDA,-0.049694758,0.6278636811410601,0.0172598632098974,2.0,3.0,0.9,cross_sectional_xgboost
2026-06-05,TSLA,-0.5822295,1.9753925556364507,0.0459079596087756,10.0,1.0,0.1,cross_sectional_xgboost
2026-06-05,XOM,-0.101208985,0.3901661675778137,0.0122064788919669,5.0,4.0,0.6,cross_sectional_xgboost
2026-06-08,AAPL,0.06557421,-1.747282300471439,-0.0364463411899235,1.0,10.0,1.0,cross_sectional_xgboost
2026-06-08,AMZN,-0.20157443,0.5257642236774132,-0.0042003049268801,5.0,5.0,0.6,cross_sectional_xgboost
2026-06-08,AVGO,-0.42802438,0.03269198886515246,-0.0111951574277587,9.0,6.0,0.2,cross_sectional_xgboost
2026-06-08,GOOGL,-0.48067933,1.0061715680717607,0.0026148801050995,10.0,2.0,0.1,cross_sectional_xgboost
2026-06-08,JPM,0.004241978,1.1821097703719547,0.0051107857503001,2.0,1.0,0.9,cross_sectional_xgboost
2026-06-08,META,-0.2883753,0.7255138839918078,-0.0013666036710554,7.0,3.0,0.4,cross_sectional_xgboost
2026-06-08,MSFT,-0.27563748,-0.6042633054164114,-0.020231172880646,6.0,8.0,0.5,cross_sectional_xgboost
2026-06-08,NVDA,-0.028462349,0.6698118215515864,-0.002156807789753,3.0,4.0,0.8,cross_sectional_xgboost
2026-06-08,TSLA,-0.4143108,-1.2931368850084772,-0.0300037147939692,8.0,9.0,0.3,cross_sectional_xgboost
2026-06-08,XOM,-0.04057999,-0.4973807656333476,-0.0187149090395346,4.0,7.0,0.7,cross_sectional_xgboost
2026-06-09,AAPL,-0.007949157,1.2766681763048722,0.0035450055495178,3.0,2.0,0.8,cross_sectional_xgboost
2026-06-09,AMZN,-0.108722515,-0.23773862597419065,-0.0253491231398449,4.0,7.0,0.7,cross_sectional_xgboost
2026-06-09,AVGO,-0.25803536,-1.5901553155171129,-0.0511525610341329,7.0,10.0,0.4,cross_sectional_xgboost
2026-06-09,GOOGL,-0.18230505,-0.04296297749563973,-0.0216329006266973,6.0,5.0,0.5,cross_sectional_xgboost
2026-06-09,JPM,-0.11918516,0.49416733616106767,-0.0113847213512223,5.0,3.0,0.6,cross_sectional_xgboost
2026-06-09,META,-0.29243916,-0.12935923389714823,-0.0232812982349143,8.0,6.0,0.3,cross_sectional_xgboost
2026-06-09,MSFT,-0.3683664,0.3048274367484452,-0.0149972324753312,10.0,4.0,0.1,cross_sectional_xgboost
2026-06-09,NVDA,0.06093643,-0.8652489902591717,-0.0373217088362858,1.0,8.0,1.0,cross_sectional_xgboost
2026-06-09,TSLA,-0.3238745,-0.9029344987097804,-0.0380407295969277,9.0,9.0,0.2,cross_sectional_xgboost
2026-06-09,XOM,0.04166,1.6927366926386596,0.0114833859347938,2.0,1.0,0.9,cross_sectional_xgboost
2026-06-10,AAPL,-0.06950544,0.16327888452916242,0.013889837486094,2.0,6.0,0.9,cross_sectional_xgboost
2026-06-10,AMZN,-0.08517389,0.2014634166060051,0.0147478760791426,5.0,4.0,0.6,cross_sectional_xgboost
2026-06-10,AVGO,-0.19084005,1.1561240704377782,0.0361999049426688,7.0,2.0,0.4,cross_sectional_xgboost
2026-06-10,GOOGL,-0.07634606,-0.28128009725129427,0.0039002227780653,3.0,7.0,0.8,cross_sectional_xgboost
2026-06-10,JPM,-0.14043005,0.17135169045262946,0.0140712402337455,6.0,5.0,0.5,cross_sectional_xgboost
2026-06-10,META,-0.27203506,-0.6535972775031486,-0.0044660578108453,8.0,8.0,0.3,cross_sectional_xgboost
2026-06-10,MSFT,-0.4176816,-1.2410454665117532,-0.0176665133401034,10.0,9.0,0.1,cross_sectional_xgboost
2026-06-10,NVDA,0.07190182,0.5332480148474524,0.0222033554155762,1.0,3.0,1.0,cross_sectional_xgboost
2026-06-10,TSLA,-0.3288525,1.5930487946520602,0.0460179714539599,9.0,1.0,0.2,cross_sectional_xgboost
2026-06-10,XOM,-0.084537,-1.6425920302588917,-0.0266896027918148,4.0,10.0,0.7,cross_sectional_xgboost
2026-06-11,AAPL,-0.08872353,-1.344088942135078,-0.0152216336310819,2.0,10.0,0.9,cross_sectional_xgboost
2026-06-11,AMZN,-0.11039886,-1.102719800729961,-0.0122561861720151,3.0,9.0,0.8,cross_sectional_xgboost
2026-06-11,AVGO,-0.609466,-0.8439869065085774,-0.0090774086394803,10.0,8.0,0.1,cross_sectional_xgboost
2026-06-11,GOOGL,-0.2274665,0.32939166093113453,0.0053386532940431,6.0,3.0,0.5,cross_sectional_xgboost
2026-06-11,JPM,-0.041526373,1.7720458501459548,0.0230630201075237,1.0,1.0,1.0,cross_sectional_xgboost
2026-06-11,META,-0.3020876,-0.3127699227856511,-0.0025509071761044,7.0,7.0,0.4,cross_sectional_xgboost
2026-06-11,MSFT,-0.37613723,-0.021737310645678524,0.0010247028424419,8.0,6.0,0.3,cross_sectional_xgboost
2026-06-11,NVDA,-0.13768168,0.021998197474526627,0.0015620347924627,4.0,5.0,0.7,cross_sectional_xgboost
2026-06-11,TSLA,-0.5055424,1.3793803774456526,0.0182387545800262,9.0,2.0,0.2,cross_sectional_xgboost
2026-06-11,XOM,-0.21267016,0.12248679680767804,0.0027966319734566,5.0,4.0,0.6,cross_sectional_xgboost
2026-06-12,AAPL,-0.1592647,0.008030672158039829,0.0181705388684794,4.0,7.0,0.7,cross_sectional_xgboost
2026-06-12,AMZN,-0.035131454,0.530356571815535,0.0313141946138744,2.0,3.0,0.9,cross_sectional_xgboost
2026-06-12,AVGO,-0.27047262,0.5205554019808032,0.03106756085075,7.0,4.0,0.4,cross_sectional_xgboost
2026-06-12,GOOGL,-0.40274075,0.3543450853537271,0.0268850931911683,9.0,5.0,0.2,cross_sectional_xgboost
2026-06-12,JPM,-0.17809892,-0.8776218122558004,-0.0041157604952368,6.0,9.0,0.5,cross_sectional_xgboost
2026-06-12,META,-0.3707833,1.1818841691235205,0.0477090439852263,8.0,1.0,0.3,cross_sectional_xgboost
2026-06-12,MSFT,-0.4302858,0.2033097034274857,0.0230844831377237,10.0,6.0,0.1,cross_sectional_xgboost
2026-06-12,NVDA,-0.08406526,0.6920022199738995,0.0353817982948865,3.0,2.0,0.8,cross_sectional_xgboost
2026-06-12,TSLA,-0.16182755,-0.2525517525791008,0.0116133191589242,5.0,8.0,0.6,cross_sectional_xgboost
2026-06-12,XOM,0.09793637,-2.36031025899811,-0.041425697709597,1.0,10.0,1.0,cross_sectional_xgboost
2026-06-15,AAPL,-0.08953043,0.5230155129807967,0.0095135140927802,4.0,4.0,0.7,cross_sectional_xgboost
2026-06-15,AMZN,-0.030066146,0.09938103624165154,-8.131156862656308e-05,2.0,6.0,0.9,cross_sectional_xgboost
2026-06-15,AVGO,-0.36742672,-1.8281512751696034,-0.0437376651002759,9.0,10.0,0.2,cross_sectional_xgboost
2026-06-15,GOOGL,-0.09675879,0.5691797778101522,0.0105590807242643,5.0,3.0,0.6,cross_sectional_xgboost
2026-06-15,JPM,0.019999841,1.7258544965147942,0.0367564109282492,1.0,1.0,1.0,cross_sectional_xgboost
2026-06-15,META,-0.1521192,0.6036576319727205,0.0113399638157813,8.0,2.0,0.3,cross_sectional_xgboost
2026-06-15,MSFT,-0.5025329,-0.5519839157020043,-0.0148339662721725,10.0,7.0,0.1,cross_sectional_xgboost
2026-06-15,NVDA,-0.0376726,-0.9444652954510053,-0.0237232107053135,3.0,9.0,0.8,cross_sectional_xgboost
2026-06-15,TSLA,-0.12709895,-0.5939729933024536,-0.0157849697937949,6.0,8.0,0.5,cross_sectional_xgboost
2026-06-15,XOM,-0.13635299,0.39748502410495157,0.0066703952672637,7.0,5.0,0.4,cross_sectional_xgboost
2026-06-16,AAPL,0.09774925,0.16691971273514716,-0.010994537435617,2.0,4.0,0.9,cross_sectional_xgboost
2026-06-16,AMZN,0.06482676,-0.7093503306523506,-0.0345528455284552,3.0,8.0,0.8,cross_sectional_xgboost
2026-06-16,AVGO,-0.27045903,2.174448554128786,0.0429773897205141,9.0,1.0,0.2,cross_sectional_xgboost
2026-06-16,GOOGL,-0.028058201,-0.36685454302155046,-0.0253449291488037,6.0,7.0,0.5,cross_sectional_xgboost
2026-06-16,JPM,-0.04270377,0.8364649296784549,0.0070060237177231,7.0,2.0,0.4,cross_sectional_xgboost
2026-06-16,META,-0.085015506,-1.4462536129684838,-0.0543643119712836,8.0,10.0,0.3,cross_sectional_xgboost
2026-06-16,MSFT,-0.28875667,-0.8332691243013108,-0.0378843723121274,10.0,9.0,0.1,cross_sectional_xgboost
2026-06-16,NVDA,0.101881206,0.08090448001803908,-0.0133070361548397,1.0,5.0,1.0,cross_sectional_xgboost
2026-06-16,TSLA,0.013011755,-0.1852159267804119,-0.020461618900717,5.0,6.0,0.6,cross_sectional_xgboost
2026-06-16,XOM,0.017671974,0.2822058611636801,-0.007895097229928,4.0,3.0,0.7,cross_sectional_xgboost
2026-06-17,AAPL,0.09764554,-0.17020636048856425,0.0069606442466163,3.0,7.0,0.8,cross_sectional_xgboost
2026-06-17,AMZN,0.12905823,0.8276917330184214,0.0290105237458881,1.0,3.0,1.0,cross_sectional_xgboost
2026-06-17,AVGO,-0.09908176,1.6399556644259439,0.0469585706713984,6.0,1.0,0.5,cross_sectional_xgboost
2026-06-17,GOOGL,-0.10081585,0.042242588823053484,0.011654985044087,8.0,5.0,0.3,cross_sectional_xgboost
2026-06-17,JPM,-0.07858039,-1.6035315641247465,-0.024710573715507,5.0,10.0,0.6,cross_sectional_xgboost
2026-06-17,META,-0.19211265,0.2834285257124369,0.0169843076271576,9.0,4.0,0.2,cross_sectional_xgboost
2026-06-17,MSFT,-0.37235105,-0.4266957798337043,0.0012931709583141,10.0,8.0,0.1,cross_sectional_xgboost
2026-06-17,NVDA,0.01609923,0.8504718092089997,0.0295138796879976,4.0,2.0,0.7,cross_sectional_xgboost
2026-06-17,TSLA,-0.100255914,-0.015965470991664926,0.0103688009004834,7.0,6.0,0.4,cross_sectional_xgboost
2026-06-17,XOM,0.10790722,-1.4273911457501751,-0.0208185179781709,2.0,9.0,0.9,cross_sectional_xgboost
2026-06-18,AAPL,0.1915036,0.5532080477897199,-0.0033555138136291,2.0,4.0,0.9,cross_sectional_xgboost
2026-06-18,AMZN,0.12827949,-1.1706981472243878,-0.0474651423236877,4.0,9.0,0.7,cross_sectional_xgboost
2026-06-18,AVGO,-0.048286676,-1.0827770153049248,-0.0452155022456093,7.0,8.0,0.4,cross_sectional_xgboost
2026-06-18,GOOGL,0.20130664,-1.2642955628367671,-0.0498600216066233,1.0,10.0,1.0,cross_sectional_xgboost
2026-06-18,JPM,-0.26951474,1.436626442648557,0.0192485335114962,10.0,1.0,0.1,cross_sectional_xgboost
2026-06-18,META,-0.09368909,-0.22090404823830817,-0.0231627382900512,8.0,6.0,0.3,cross_sectional_xgboost
2026-06-18,MSFT,-0.21483284,-0.5579597137048091,-0.0317869895596026,9.0,7.0,0.2,cross_sectional_xgboost
2026-06-18,NVDA,0.08107336,0.30593310881444963,-0.0096825435148927,6.0,5.0,0.5,cross_sectional_xgboost
2026-06-18,TSLA,0.16890772,1.1293422753253073,0.0113860462677861,3.0,2.0,0.8,cross_sectional_xgboost
2026-06-18,XOM,0.107128166,0.8715246127311634,0.0047892596483922,5.0,3.0,0.6,cross_sectional_xgboost
2026-06-22,AAPL,0.12807393,0.08082106951217934,-0.0091243987322962,1.0,6.0,1.0,cross_sectional_xgboost
2026-06-22,AMZN,0.030810162,0.6821942355751189,0.0056703782906866,4.0,4.0,0.7,cross_sectional_xgboost
2026-06-22,AVGO,-0.20591104,-0.7901251718210036,-0.0305511203864859,9.0,8.0,0.2,cross_sectional_xgboost
2026-06-22,GOOGL,0.079194956,0.03904467794810112,-0.010152167234276,2.0,7.0,0.9,cross_sectional_xgboost
2026-06-22,JPM,-0.177307,0.7778886169940693,0.0080246187446038,8.0,3.0,0.3,cross_sectional_xgboost
2026-06-22,META,-0.08446831,0.3327615419549719,-0.0029262453672923,6.0,5.0,0.5,cross_sectional_xgboost
2026-06-22,MSFT,-0.27608928,1.1820219805165775,0.0179669695814514,10.0,1.0,0.1,cross_sectional_xgboost
2026-06-22,NVDA,-0.02556972,-1.2256299012635905,-0.0412652588418808,5.0,9.0,0.6,cross_sectional_xgboost
2026-06-22,TSLA,-0.08932764,-1.9005497664451756,-0.0578694066110849,7.0,10.0,0.4,cross_sectional_xgboost
2026-06-22,XOM,0.070211865,0.8215727170287512,0.009099320038135,3.0,2.0,0.8,cross_sectional_xgboost
2026-06-23,AAPL,0.028227404,0.3651170557097369,-0.0041454807068002,2.0,5.0,0.9,cross_sectional_xgboost
2026-06-23,AMZN,0.0064996793,0.8903566950012115,0.0006834550497294,3.0,2.0,0.8,cross_sectional_xgboost
2026-06-23,AVGO,-0.24654552,1.3653756762135876,0.0050506733093813,7.0,1.0,0.4,cross_sectional_xgboost
2026-06-23,GOOGL,-0.08733826,0.552057164260175,-0.0024267951640897,5.0,4.0,0.6,cross_sectional_xgboost
2026-06-23,JPM,-0.1516815,0.5914142538158652,-0.0020649548862219,6.0,3.0,0.5,cross_sectional_xgboost
2026-06-23,META,-0.52265775,-0.060410152133898914,-0.0080576826725624,10.0,7.0,0.1,cross_sectional_xgboost
2026-06-23,MSFT,-0.4219692,-1.6505847952853938,-0.0226773926468503,9.0,10.0,0.2,cross_sectional_xgboost
2026-06-23,NVDA,0.15426286,0.25053303575464597,-0.0051989405557835,1.0,6.0,1.0,cross_sectional_xgboost
2026-06-23,TSLA,-0.38696328,-0.916943855826993,-0.0159324619523894,8.0,8.0,0.3,cross_sectional_xgboost
2026-06-23,XOM,-0.024540892,-1.3869150775089365,-0.0202532722400159,4.0,9.0,0.7,cross_sectional_xgboost
2026-06-24,AAPL,0.064321235,-2.0808585663237635,-0.0611777410540438,4.0,10.0,0.7,cross_sectional_xgboost
2026-06-24,AMZN,0.029409474,-0.6465174708983296,-0.0309899245879613,5.0,8.0,0.6,cross_sectional_xgboost
2026-06-24,AVGO,-0.27494073,0.4329595012452642,-0.0082707451554235,7.0,5.0,0.4,cross_sectional_xgboost
2026-06-24,GOOGL,0.027840458,0.6085143215481401,-0.0045759359416727,6.0,4.0,0.5,cross_sectional_xgboost
2026-06-24,JPM,0.09764136,1.0638912871064155,0.0050081415856308,3.0,1.0,0.8,cross_sectional_xgboost
2026-06-24,META,-0.34382856,-0.4350353019563715,-0.0265389715181301,9.0,7.0,0.2,cross_sectional_xgboost
2026-06-24,MSFT,-0.31657434,-0.8161101337216573,-0.0345592514347155,8.0,9.0,0.3,cross_sectional_xgboost
2026-06-24,NVDA,0.12655483,0.047568438774740936,-0.0163818664909507,1.0,6.0,1.0,cross_sectional_xgboost
2026-06-24,TSLA,-0.42964065,0.7740592304600007,-0.0010918000251435,10.0,3.0,0.1,cross_sectional_xgboost
2026-06-24,XOM,0.11959498,1.0515286937655612,0.0047479526389369,2.0,2.0,0.9,cross_sectional_xgboost
2026-06-25,AAPL,-0.09452895,0.9488100393847237,0.0313646922531616,7.0,2.0,0.4,cross_sectional_xgboost
2026-06-25,AMZN,0.1339875,0.7269114376633623,0.0250209597463306,2.0,3.0,0.9,cross_sectional_xgboost
2026-06-25,AVGO,-0.40349814,-1.4305620892452582,-0.036657819836353,9.0,10.0,0.2,cross_sectional_xgboost
2026-06-25,GOOGL,-0.0071384576,-0.7914822217251823,-0.018387530169818,5.0,9.0,0.6,cross_sectional_xgboost
2026-06-25,JPM,-0.061170597,-0.7818772553530925,-0.0181129392669057,6.0,8.0,0.5,cross_sectional_xgboost
2026-06-25,META,-0.33923796,0.3272205135832116,0.0135944239858374,8.0,4.0,0.3,cross_sectional_xgboost
2026-06-25,MSFT,0.008869682,1.8483581783282612,0.0570813607053635,4.0,1.0,0.7,cross_sectional_xgboost
2026-06-25,NVDA,0.14479567,-0.7219372786883306,-0.0163993494764463,1.0,7.0,1.0,cross_sectional_xgboost
2026-06-25,TSLA,-0.5712833,0.27970656597849575,0.0122360748497469,10.0,5.0,0.1,cross_sectional_xgboost
2026-06-25,XOM,0.11334949,-0.4051478899261907,-0.0073428384046325,3.0,6.0,0.8,cross_sectional_xgboost
2026-06-26,AAPL,0.10343502,-0.9173961652824854,-0.0071886546929303,3.0,9.0,0.8,cross_sectional_xgboost
2026-06-26,AMZN,0.01775032,0.41117577721624643,0.0320168329970178,4.0,3.0,0.7,cross_sectional_xgboost
2026-06-26,AVGO,-0.5279583,0.015990443518736006,0.0203551131910235,9.0,5.0,0.2,cross_sectional_xgboost
2026-06-26,GOOGL,-0.0017784102,0.9593590941591595,0.0481934460931963,5.0,2.0,0.6,cross_sectional_xgboost
2026-06-26,JPM,-0.022572488,-0.638773607962326,0.0010333563941116,6.0,7.0,0.5,cross_sectional_xgboost
2026-06-26,META,-0.62973374,0.08678751708557605,0.0224442991111994,10.0,4.0,0.1,cross_sectional_xgboost
2026-06-26,MSFT,-0.05150259,-1.07356681392369,-0.011797171738171,7.0,10.0,0.4,cross_sectional_xgboost
2026-06-26,NVDA,0.14388673,-0.24432481891597882,0.0126733411390749,2.0,6.0,0.9,cross_sectional_xgboost
2026-06-26,TSLA,-0.50889426,2.1936660853874987,0.0846172226326935,8.0,1.0,0.3,cross_sectional_xgboost
2026-06-26,XOM,0.23118412,-0.7929175112827365,-0.0035153524193102,1.0,8.0,1.0,cross_sectional_xgboost
2026-06-29,AAPL,0.06976927,1.3480445106014867,0.0270462129588564,4.0,1.0,0.7,cross_sectional_xgboost
2026-06-29,AMZN,-0.13849299,-1.4446487433942448,-0.007495640277891,8.0,10.0,0.3,cross_sectional_xgboost
2026-06-29,AVGO,-0.7908122,0.31186470935159183,0.0142300647583886,10.0,4.0,0.1,cross_sectional_xgboost
2026-06-29,GOOGL,-0.11466692,0.011819064246331674,0.0105189043498037,7.0,6.0,0.4,cross_sectional_xgboost
2026-06-29,JPM,0.019095968,-1.3442663160891082,-0.0062540448872904,5.0,9.0,0.6,cross_sectional_xgboost
2026-06-29,META,-0.23979576,-0.7394714340531932,0.0012264530240826,9.0,8.0,0.2,cross_sectional_xgboost
2026-06-29,MSFT,-0.043461546,0.13751867720644712,0.0120736392196545,6.0,5.0,0.5,cross_sectional_xgboost
2026-06-29,NVDA,0.09493863,1.2845142435901158,0.0262604291438748,3.0,2.0,0.8,cross_sectional_xgboost
2026-06-29,TSLA,0.17624955,0.8810742689479871,0.0212704201717162,1.0,3.0,1.0,cross_sectional_xgboost
2026-06-29,XOM,0.14833666,-0.44644898040741454,0.0048507460159543,2.0,7.0,0.9,cross_sectional_xgboost
2026-06-30,AAPL,0.020337854,0.06418652740109435,0.0173486722756703,4.0,4.0,0.7,cross_sectional_xgboost
2026-06-30,AMZN,0.015327214,-0.044049171424220136,0.0140975105394736,5.0,5.0,0.6,cross_sectional_xgboost
2026-06-30,AVGO,-0.23652974,-1.2545548666301942,-0.0222634114152465,10.0,10.0,0.1,cross_sectional_xgboost
2026-06-30,GOOGL,0.119470894,-0.15565421802248458,0.0107451410254897,2.0,7.0,0.9,cross_sectional_xgboost
2026-06-30,JPM,-0.02256305,0.1721264866399825,0.0205909506467878,6.0,3.0,0.5,cross_sectional_xgboost
2026-06-30,META,-0.062265623,2.4192508316722066,0.0880896111288149,8.0,1.0,0.3,cross_sectional_xgboost
2026-06-30,MSFT,-0.041867476,0.4915623395212329,0.0301860993207296,7.0,2.0,0.4,cross_sectional_xgboost
2026-06-30,NVDA,0.04261199,-0.9309926974136336,-0.0125443172969975,3.0,9.0,0.8,cross_sectional_xgboost
2026-06-30,TSLA,-0.1258941,-0.1413612954351906,0.0111744689045403,9.0,6.0,0.2,cross_sectional_xgboost
2026-06-30,XOM,0.394289,-0.6205139363087925,-0.0032182199098965,1.0,8.0,1.0,cross_sectional_xgboost
2026-07-01,AAPL,0.041462358,1.6684718659975595,0.0484067536479817,3.0,1.0,0.8,cross_sectional_xgboost
2026-07-01,AMZN,0.012079995,0.37758262944899484,0.0040132446543259,5.0,4.0,0.6,cross_sectional_xgboost
2026-07-01,AVGO,-0.55625176,-0.43902898076539143,-0.0240699199085016,10.0,8.0,0.1,cross_sectional_xgboost
2026-07-01,GOOGL,0.059547003,0.15623091299415065,-0.0035990114068312,2.0,6.0,0.9,cross_sectional_xgboost
2026-07-01,JPM,0.02803218,0.2957001020193436,0.0011973154367344,4.0,5.0,0.7,cross_sectional_xgboost
2026-07-01,META,-0.2937217,-1.162880041830903,-0.0489630615349638,9.0,9.0,0.2,cross_sectional_xgboost
2026-07-01,MSFT,-0.09283606,0.7307905342363811,0.0161600174787186,7.0,2.0,0.4,cross_sectional_xgboost
2026-07-01,NVDA,0.10725987,-0.1438388166246532,-0.0139183694612626,1.0,7.0,1.0,cross_sectional_xgboost
2026-07-01,TSLA,-0.14937589,-1.9167415626253654,-0.0748882588763245,8.0,10.0,0.3,cross_sectional_xgboost
2026-07-01,XOM,-0.035372343,0.4337133571498833,0.0059435729074859,6.0,3.0,0.5,cross_sectional_xgboost
2026-07-02,AAPL,-0.17476094,-0.19751072847195508,0.0130577814399623,8.0,6.0,0.3,cross_sectional_xgboost
2026-07-02,AMZN,0.044389784,-0.5046979629153677,0.006140048231783,5.0,7.0,0.6,cross_sectional_xgboost
2026-07-02,AVGO,-0.54375887,0.8796236812945645,0.0373144159632536,10.0,2.0,0.1,cross_sectional_xgboost
2026-07-02,GOOGL,0.0805945,0.030786772232850663,0.0181989495123644,2.0,4.0,0.9,cross_sectional_xgboost
2026-07-02,JPM,0.0791112,-0.14387886854271317,0.0142655493966001,3.0,5.0,0.8,cross_sectional_xgboost
2026-07-02,META,-0.040243328,0.547428322727712,0.0298335098386071,6.0,3.0,0.5,cross_sectional_xgboost
2026-07-02,MSFT,-0.09546833,-1.2037938599743223,-0.0096033107380296,7.0,10.0,0.4,cross_sectional_xgboost
2026-07-02,NVDA,0.10197429,-0.6132493219188794,0.0036955152018471,1.0,8.0,1.0,cross_sectional_xgboost
2026-07-02,TSLA,-0.36972758,2.1931877435866234,0.0668953513535313,9.0,1.0,0.2,cross_sectional_xgboost
2026-07-02,XOM,0.04932837,-0.9878957780185121,-0.0047413725984646,4.0,9.0,0.7,cross_sectional_xgboost
2026-07-06,AAPL,-0.0028386598,-0.4758429210134276,-0.0063967707444452,4.0,8.0,0.7,cross_sectional_xgboost
2026-07-06,AMZN,0.029223012,0.19039944532159475,0.0074540958311433,2.0,3.0,0.9,cross_sectional_xgboost
2026-07-06,AVGO,-0.24517117,-0.5695291821800595,-0.0083444642099974,9.0,9.0,0.2,cross_sectional_xgboost
2026-07-06,GOOGL,-0.10212461,-0.0933324804301373,0.0015554420597831,7.0,7.0,0.4,cross_sectional_xgboost
2026-07-06,JPM,-0.09402926,0.045492540924531616,0.004441549196311,6.0,6.0,0.5,cross_sectional_xgboost
2026-07-06,META,-0.12702197,1.0570371867699109,0.0254710883442461,8.0,2.0,0.3,cross_sectional_xgboost
2026-07-06,MSFT,-0.041982006,0.09304027296543302,0.0054300442631936,5.0,5.0,0.6,cross_sectional_xgboost
2026-07-06,NVDA,0.009766911,0.17129734198165067,0.0070569720545061,3.0,4.0,0.8,cross_sectional_xgboost
2026-07-06,TSLA,-0.30244356,-2.1012712590913245,-0.0401886641701726,10.0,10.0,0.1,cross_sectional_xgboost
2026-07-06,XOM,0.0333494,1.6827090547518282,0.038478513271587,1.0,1.0,1.0,cross_sectional_xgboost
2026-07-07,AAPL,-0.03224085,0.40900675066330255,0.0087877859803449,3.0,3.0,0.8,cross_sectional_xgboost
2026-07-07,AMZN,-0.076750666,-0.31794103480169794,-0.0095942786053447,7.0,5.0,0.4,cross_sectional_xgboost
2026-07-07,AVGO,-0.13691401,1.971721503685028,0.048303586280473,8.0,1.0,0.3,cross_sectional_xgboost
2026-07-07,GOOGL,-0.07020113,-0.48910705644233043,-0.0139224916181418,6.0,6.0,0.5,cross_sectional_xgboost
2026-07-07,JPM,-0.05105217,-0.9411167544719519,-0.0253522966587111,5.0,10.0,0.6,cross_sectional_xgboost
2026-07-07,META,-0.019314826,-0.7389867472981886,-0.0202411085914728,2.0,8.0,0.9,cross_sectional_xgboost
2026-07-07,MSFT,-0.21396413,-0.4978909559172458,-0.0141446068933934,9.0,7.0,0.2,cross_sectional_xgboost
2026-07-07,NVDA,0.048514955,1.5053422225486832,0.0365104228116663,1.0,2.0,1.0,cross_sectional_xgboost
2026-07-07,TSLA,-0.23351496,-0.8062084556862003,-0.0219409195130487,10.0,9.0,0.1,cross_sectional_xgboost
2026-07-07,XOM,-0.038365483,-0.09481947227939876,-0.0039522847032361,4.0,4.0,0.7,cross_sectional_xgboost
2026-07-08,AAPL,-0.06749535,-0.09055583540134723,0.0090302295787214,7.0,6.0,0.4,cross_sectional_xgboost
2026-07-08,AMZN,-0.04589466,0.1381818263772444,0.0140382490661334,6.0,5.0,0.5,cross_sectional_xgboost
2026-07-08,AVGO,-0.37179253,0.9564452207609284,0.0319534406137149,10.0,2.0,0.1,cross_sectional_xgboost
2026-07-08,GOOGL,-0.01750016,-0.8853897665866715,-0.0083719934993714,5.0,9.0,0.6,cross_sectional_xgboost
2026-07-08,JPM,0.03694889,0.16701045166651565,0.0146694276666374,2.0,4.0,0.9,cross_sectional_xgboost
2026-07-08,META,0.069465786,1.64469658031572,0.0470221275718973,1.0,1.0,1.0,cross_sectional_xgboost
2026-07-08,MSFT,-0.089190826,-0.38147588916135744,0.0026607787100694,8.0,7.0,0.3,cross_sectional_xgboost
2026-07-08,NVDA,0.0146820955,-0.8028456732008761,-0.0065647597232084,3.0,8.0,0.8,cross_sectional_xgboost
2026-07-08,TSLA,-0.3474053,0.944671107858354,0.0316956562750774,9.0,3.0,0.2,cross_sectional_xgboost
2026-07-08,XOM,-0.011474291,-1.6907380226285107,-0.026004418912178,4.0,10.0,0.7,cross_sectional_xgboost
2026-07-09,AAPL,0.01678114,-0.5858789196515961,-0.0028460437625229,2.0,8.0,0.9,cross_sectional_xgboost
2026-07-09,AMZN,-0.07620955,-0.7685510037274798,-0.0068814645176626,5.0,10.0,0.6,cross_sectional_xgboost
2026-07-09,AVGO,-0.16063286,-0.585699205098518,-0.0028420736767752,6.0,7.0,0.5,cross_sectional_xgboost
2026-07-09,GOOGL,-0.048828747,-0.6727333948797694,-0.0047647515595333,4.0,9.0,0.7,cross_sectional_xgboost
2026-07-09,JPM,0.0038649943,-0.32210999698914106,0.0029808924683614,3.0,4.0,0.8,cross_sectional_xgboost
2026-07-09,META,-0.32618052,2.247603331564632,0.059748594842071,8.0,1.0,0.3,cross_sectional_xgboost
2026-07-09,MSFT,-0.21581377,-0.36989378720885735,0.0019252976861188,7.0,6.0,0.4,cross_sectional_xgboost
2026-07-09,NVDA,0.05429675,1.3690011889096227,0.0403393384145405,1.0,2.0,1.0,cross_sectional_xgboost
2026-07-09,TSLA,-0.5559667,-0.3223170784634364,0.0029763178181974,10.0,5.0,0.1,cross_sectional_xgboost
2026-07-09,XOM,-0.3271751,0.010578865544543157,0.0103303435224948,9.0,3.0,0.2,cross_sectional_xgboost
2026-07-10,AAPL,-0.0122812055,0.5398569732604916,0.0063109392228586,4.0,4.0,0.7,cross_sectional_xgboost
2026-07-10,AMZN,-0.030529436,0.6074225166388373,0.008029678202122,5.0,3.0,0.6,cross_sectional_xgboost
2026-07-10,AVGO,-0.13405873,-1.2729340672852656,-0.0398030186742671,6.0,10.0,0.5,cross_sectional_xgboost
2026-07-10,GOOGL,0.025520142,-0.22221086480249028,-0.0130746178618731,3.0,6.0,0.8,cross_sectional_xgboost
2026-07-10,JPM,0.080887295,0.06510880835509163,-0.0057657515807292,1.0,5.0,1.0,cross_sectional_xgboost
2026-07-10,META,-0.2360596,-0.44134273357059467,-0.0186489160265687,9.0,7.0,0.2,cross_sectional_xgboost
2026-07-10,MSFT,-0.44455728,0.893020146806589,0.015294738983264,10.0,2.0,0.1,cross_sectional_xgboost
2026-07-10,NVDA,0.06447446,-1.0927705708610722,-0.0352200018218653,2.0,9.0,0.9,cross_sectional_xgboost
2026-07-10,TSLA,-0.23471363,-0.9615302738279744,-0.0318814981573897,8.0,8.0,0.3,cross_sectional_xgboost
2026-07-10,XOM,-0.15074271,1.885380065286388,0.0405384888011115,7.0,1.0,0.4,cross_sectional_xgboost
2026-07-13,AAPL,-0.057524778,-1.0260483806446214,-0.0077211157480072,7.0,9.0,0.4,cross_sectional_xgboost
2026-07-13,AMZN,-0.040583577,-0.5086420806613212,0.0007278635572656,5.0,8.0,0.6,cross_sectional_xgboost
2026-07-13,AVGO,-0.24920307,0.2536291717880833,0.0131753618524299,8.0,4.0,0.3,cross_sectional_xgboost
2026-07-13,GOOGL,-0.055118665,0.6628435057126723,0.0198576218845583,6.0,3.0,0.5,cross_sectional_xgboost
2026-07-13,JPM,0.051896535,0.9771651135217709,0.0249903324056031,2.0,2.0,0.9,cross_sectional_xgboost
2026-07-13,META,-0.26082483,-0.1513159849739929,0.0065628152920891,9.0,5.0,0.2,cross_sectional_xgboost
2026-07-13,MSFT,-0.019676292,-1.5023649215809451,-0.0154991203785268,4.0,10.0,0.7,cross_sectional_xgboost
2026-07-13,NVDA,0.08109153,1.9350996352830305,0.040632911458909,1.0,1.0,1.0,cross_sectional_xgboost
2026-07-13,TSLA,-0.3478057,-0.3329344535273037,0.0035970789214423,10.0,7.0,0.1,cross_sectional_xgboost
2026-07-13,XOM,0.0065522976,-0.3074316049173723,0.0040135273491823,3.0,6.0,0.8,cross_sectional_xgboost
2026-07-14,AAPL,-0.09337946,1.3689413035827336,0.0401448637922199,6.0,1.0,0.5,cross_sectional_xgboost
2026-07-14,AMZN,0.003945524,0.7517231063970741,0.0301830419608981,3.0,4.0,0.8,cross_sectional_xgboost
2026-07-14,AVGO,-0.2546602,-0.2951425170989353,0.0132867662675457,9.0,6.0,0.2,cross_sectional_xgboost
2026-07-14,GOOGL,-0.2512237,0.8480450531542377,0.0317376657169963,8.0,2.0,0.3,cross_sectional_xgboost
2026-07-14,JPM,-0.0149406735,-0.39197863097998425,0.0117238439206039,5.0,7.0,0.6,cross_sectional_xgboost
2026-07-14,META,-0.014517414,0.7815121369110553,0.0306638330585378,4.0,3.0,0.7,cross_sectional_xgboost
2026-07-14,MSFT,-0.17624468,0.603905062881188,0.0277972778669777,7.0,5.0,0.4,cross_sectional_xgboost
2026-07-14,NVDA,0.08864392,-0.9136002880761636,0.0033049378756353,1.0,8.0,1.0,cross_sectional_xgboost
2026-07-14,TSLA,-0.29298437,-1.3873588566017194,-0.0043414641135368,10.0,10.0,0.1,cross_sectional_xgboost
2026-07-14,XOM,0.019679248,-1.366046370169487,-0.0039974833404675,2.0,9.0,0.9,cross_sectional_xgboost
2026-07-15,AAPL,0.037553087,1.3629531224702374,0.0175877819936127,2.0,1.0,0.9,cross_sectional_xgboost
2026-07-15,AMZN,0.03150199,-0.24757669943722777,-0.0198855004342255,3.0,6.0,0.8,cross_sectional_xgboost
2026-07-15,AVGO,-0.23281293,-1.554483147457455,-0.0502941732617931,10.0,10.0,0.1,cross_sectional_xgboost
2026-07-15,GOOGL,-0.16179892,-1.3001417267625286,-0.0443762400691557,8.0,9.0,0.3,cross_sectional_xgboost
2026-07-15,JPM,-0.07447562,0.1412428483571482,-0.0108385740564784,7.0,5.0,0.4,cross_sectional_xgboost
2026-07-15,META,-0.21524617,-0.45081464529365467,-0.0246143746478749,9.0,8.0,0.2,cross_sectional_xgboost
2026-07-15,MSFT,-0.031406373,1.201280500976264,0.0138260361856914,5.0,2.0,0.6,cross_sectional_xgboost
2026-07-15,NVDA,0.055196363,-0.4244099515885987,-0.0239999988498172,1.0,7.0,1.0,cross_sectional_xgboost
2026-07-15,TSLA,-0.03303311,0.23662027963535476,-0.0086193631043354,6.0,4.0,0.5,cross_sectional_xgboost
2026-07-15,XOM,-0.0024417806,1.0353294191004603,0.0099647405575409,4.0,3.0,0.7,cross_sectional_xgboost
2026-07-16,AAPL,0.14783657,1.1810611159551012,0.0014402172368908,1.0,2.0,1.0,cross_sectional_xgboost
2026-07-16,AMZN,-0.08342443,0.20064757329252383,-0.010644698341696,6.0,5.0,0.5,cross_sectional_xgboost
2026-07-16,AVGO,-0.3157798,0.27991826098577854,-0.0096675804960695,9.0,4.0,0.2,cross_sectional_xgboost
2026-07-16,GOOGL,-0.13752306,-0.6958282410755183,-0.0216949685220328,8.0,7.0,0.3,cross_sectional_xgboost
2026-07-16,JPM,-0.025472786,0.5795652479889974,-0.0059740283532896,3.0,3.0,0.8,cross_sectional_xgboost
2026-07-16,META,-0.10524643,-1.197918230880429,-0.0278839029620522,7.0,10.0,0.4,cross_sectional_xgboost
2026-07-16,MSFT,0.081607245,-0.4082436646641807,-0.0181501018138515,2.0,6.0,0.9,cross_sectional_xgboost
2026-07-16,NVDA,-0.05548569,-0.7312140697152292,-0.0221311464542836,5.0,8.0,0.6,cross_sectional_xgboost
2026-07-16,TSLA,-0.3886686,-1.0559619083405918,-0.0261341003541837,10.0,9.0,0.1,cross_sectional_xgboost
2026-07-16,XOM,-0.03903762,1.8479739164535474,0.0096608145069108,4.0,1.0,0.7,cross_sectional_xgboost
2026-07-17,AAPL,0.11486073,-1.3715328267362334,-0.0214238359199339,1.0,9.0,1.0,cross_sectional_xgboost
2026-07-17,AMZN,-0.14793031,0.5464484189222814,0.0111637334195755,7.0,4.0,0.4,cross_sectional_xgboost
2026-07-17,AVGO,-0.4787792,1.0527757442841756,0.0197665166120952,10.0,2.0,0.1,cross_sectional_xgboost
2026-07-17,GOOGL,0.07129618,0.7753676216192851,0.015053198140839,3.0,3.0,0.8,cross_sectional_xgboost
2026-07-17,JPM,0.0018146336,-0.4953913472823908,-0.0065377043284231,5.0,8.0,0.6,cross_sectional_xgboost
2026-07-17,META,-0.29955626,-0.12518704472609715,-0.0002477270897792,8.0,7.0,0.3,cross_sectional_xgboost
2026-07-17,MSFT,0.085847825,1.155233432918435,0.0215073297927728,2.0,1.0,0.9,cross_sectional_xgboost
2026-07-17,NVDA,-0.06923321,0.025791252664098333,0.0023174782510451,6.0,6.0,0.5,cross_sectional_xgboost
2026-07-17,TSLA,-0.38348624,-1.8523066697426487,-0.0295924512184713,9.0,10.0,0.2,cross_sectional_xgboost
2026-07-17,XOM,0.033512957,0.2888014180790948,0.0067861674115141,4.0,5.0,0.7,cross_sectional_xgboost
2026-07-20,AAPL,0.1104586,-0.2446275820487498,0.003521260130602,1.0,6.0,1.0,cross_sectional_xgboost
2026-07-20,AMZN,-0.099570826,-1.0818067501289925,-0.0097603999671619,6.0,8.0,0.5,cross_sectional_xgboost
2026-07-20,AVGO,-0.49908602,0.923550699759156,0.0220541470730006,9.0,3.0,0.2,cross_sectional_xgboost
2026-07-20,GOOGL,0.063290626,-1.3333054098510169,-0.0137503699052946,3.0,10.0,0.8,cross_sectional_xgboost
2026-07-20,JPM,0.06556462,0.7164352177767404,0.018768306314465,2.0,5.0,0.9,cross_sectional_xgboost
2026-07-20,META,-0.19907433,-0.6656769766710765,-0.0031585942625343,8.0,7.0,0.3,cross_sectional_xgboost
2026-07-20,MSFT,-0.042730115,-1.1779349471463894,-0.0112854522943999,4.0,9.0,0.7,cross_sectional_xgboost
2026-07-20,NVDA,-0.08974088,0.7768288779603091,0.0197264382140647,5.0,4.0,0.6,cross_sectional_xgboost
2026-07-20,TSLA,-0.5279986,1.1298280417045514,0.0253266909274678,10.0,1.0,0.1,cross_sectional_xgboost
2026-07-20,XOM,-0.16571936,0.9567088286454681,0.0225801933652844,7.0,2.0,0.4,cross_sectional_xgboost
2026-07-21,AAPL,0.12848867,-0.23557585825341867,-0.0056446660012506,2.0,5.0,0.9,cross_sectional_xgboost
2026-07-21,AMZN,-0.040417567,-0.5157945257600275,-0.0109068750351729,5.0,6.0,0.6,cross_sectional_xgboost
2026-07-21,AVGO,-0.32246175,1.4854985948864976,0.0266752847570341,9.0,1.0,0.2,cross_sectional_xgboost
2026-07-21,GOOGL,0.09337429,-0.7111726881178907,-0.014575869467767,3.0,8.0,0.8,cross_sectional_xgboost
2026-07-21,JPM,-0.12992303,0.5246660445110658,0.0086318696924294,7.0,4.0,0.4,cross_sectional_xgboost
2026-07-21,META,-0.18043807,-1.3113284586030332,-0.0258461575799358,8.0,10.0,0.3,cross_sectional_xgboost
2026-07-21,MSFT,0.14320618,-0.927046139440172,-0.0186297436648003,1.0,9.0,1.0,cross_sectional_xgboost
2026-07-21,NVDA,-0.08024726,1.2903867426553588,0.0230112913458464,6.0,2.0,0.5,cross_sectional_xgboost
2026-07-21,TSLA,-0.46070206,-0.626397613415645,-0.0129838835807487,10.0,7.0,0.1,cross_sectional_xgboost
2026-07-21,XOM,0.0057209344,1.0267639015372645,0.0180607343097161,4.0,3.0,0.7,cross_sectional_xgboost
2026-07-22,AAPL,0.07341535,0.44725877578912476,-0.0129798205399621,2.0,4.0,0.9,cross_sectional_xgboost
2026-07-22,AMZN,-0.097209044,-0.25861932080549693,-0.0457014586990675,6.0,8.0,0.5,cross_sectional_xgboost
2026-07-22,AVGO,-0.2923018,0.4913222899852391,-0.0109372152027237,8.0,3.0,0.3,cross_sectional_xgboost
2026-07-22,GOOGL,0.19339134,-0.8114018347088879,-0.0713262081960265,1.0,9.0,1.0,cross_sectional_xgboost
2026-07-22,JPM,-0.08022764,0.8319607839624196,0.0048534001978064,5.0,2.0,0.6,cross_sectional_xgboost
2026-07-22,META,-0.33485708,0.0025357946356377174,-0.0335953695144193,9.0,7.0,0.2,cross_sectional_xgboost
2026-07-22,MSFT,-0.2459113,0.24313807483250374,-0.0224420261951707,7.0,6.0,0.4,cross_sectional_xgboost
2026-07-22,NVDA,-0.03233964,0.39156192901593084,-0.0155616998694212,3.0,5.0,0.8,cross_sectional_xgboost
2026-07-22,TSLA,-0.45462075,-2.4058161904804196,-0.1452367741661744,10.0,10.0,0.1,cross_sectional_xgboost
2026-07-22,XOM,-0.051096365,1.068059697773948,0.015797985764024,4.0,1.0,0.7,cross_sectional_xgboost
2026-07-23,AAPL,-0.0041550025,2.1329144560170548,0.0353167241362775,1.0,1.0,1.0,cross_sectional_xgboost
2026-07-23,AMZN,-0.07742424,-0.2042042210044371,-0.0066335831013646,2.0,6.0,0.9,cross_sectional_xgboost
2026-07-23,AVGO,-0.3157165,-1.332220423409753,-0.0268810043064565,7.0,10.0,0.4,cross_sectional_xgboost
2026-07-23,GOOGL,-0.21400838,0.5248595080996623,0.006452807304242,5.0,3.0,0.6,cross_sectional_xgboost
2026-07-23,JPM,-0.12527616,0.692386042919072,0.0094598388577651,4.0,2.0,0.7,cross_sectional_xgboost
2026-07-23,META,-0.324492,-0.8374614320460227,-0.01800028639497,8.0,8.0,0.3,cross_sectional_xgboost
2026-07-23,MSFT,-0.4046015,0.18288907114157418,0.0003145803337292,9.0,5.0,0.2,cross_sectional_xgboost
2026-07-23,NVDA,-0.08566755,-0.34702349159686835,-0.0091971295484128,3.0,7.0,0.8,cross_sectional_xgboost
2026-07-23,TSLA,-0.65797305,-0.9952593294072877,-0.0208326929564525,10.0,9.0,0.1,cross_sectional_xgboost
2026-07-23,XOM,-0.2250156,0.18311981928700594,0.0003187221668721,6.0,4.0,0.5,cross_sectional_xgboost
2026-07-24,AAPL,0.0015493417,0.6452820983238624,0.0116810095133483,3.0,3.0,0.8,cross_sectional_xgboost
2026-07-24,AMZN,0.035277613,-0.06764511869623951,-0.003101982761664,1.0,7.0,1.0,cross_sectional_xgboost
2026-07-24,AVGO,-0.273803,0.2461049860481287,0.0034038221283596,8.0,5.0,0.3,cross_sectional_xgboost
2026-07-24,GOOGL,-0.10694559,1.1106069193166859,0.0213298110598243,6.0,1.0,0.5,cross_sectional_xgboost
2026-07-24,JPM,-0.10126896,0.49019965544879956,0.008465277948779,5.0,4.0,0.6,cross_sectional_xgboost
2026-07-24,META,-0.49344364,-0.025003953183006054,-0.0022177914931437,10.0,6.0,0.1,cross_sectional_xgboost
2026-07-24,MSFT,-0.3255129,1.0169080073272327,0.0193869054461113,9.0,2.0,0.2,cross_sectional_xgboost
2026-07-24,NVDA,-0.053967714,-2.3265586617182414,-0.0499419695922879,4.0,10.0,0.7,cross_sectional_xgboost
2026-07-24,TSLA,-0.158441,-0.5050260195650325,-0.0121713496260784,7.0,8.0,0.4,cross_sectional_xgboost
2026-07-24,XOM,0.0066450923,-0.5848679133021897,-0.0138269212891609,2.0,9.0,0.9,cross_sectional_xgboost
2026-07-27,AAPL,-0.05387838,0.7406788297894652,0.009408945533389,5.0,3.0,0.6,cross_sectional_xgboost
2026-07-27,AMZN,0.09660793,-0.4590399665030873,-0.0022904999381773,1.0,7.0,1.0,cross_sectional_xgboost
2026-07-27,AVGO,-0.30835167,-0.8422875646737168,-0.0060278627191574,8.0,9.0,0.3,cross_sectional_xgboost
2026-07-27,GOOGL,-0.09337006,2.021053538728741,0.0218949331970805,6.0,1.0,0.5,cross_sectional_xgboost
2026-07-27,JPM,-0.107469864,0.09538821481541475,0.0031161856078694,7.0,4.0,0.4,cross_sectional_xgboost
2026-07-27,META,-0.4920012,-0.3035938902399083,-0.0007746173008209,10.0,6.0,0.1,cross_sectional_xgboost
2026-07-27,MSFT,-0.37209755,0.8958980781437963,0.0109226161851041,9.0,2.0,0.2,cross_sectional_xgboost
2026-07-27,NVDA,-0.038261775,0.0367514885000447,0.0025443706256604,4.0,5.0,0.7,cross_sectional_xgboost
2026-07-27,TSLA,0.078389175,-0.8144520195674007,-0.0057564154073798,2.0,8.0,0.9,cross_sectional_xgboost
2026-07-27,XOM,0.0391832,-1.3703967089933482,-0.0111778896722205,3.0,10.0,0.8,cross_sectional_xgboost
2026-07-28,AAPL,-0.13391227,0.42485636485962486,-0.0055574127067582,7.0,3.0,0.4,cross_sectional_xgboost
2026-07-28,AMZN,0.13586482,-0.21997014248705393,-0.0182361894773313,2.0,6.0,0.9,cross_sectional_xgboost
2026-07-28,AVGO,-0.34059712,-0.7064666446608167,-0.0278018330736321,9.0,7.0,0.2,cross_sectional_xgboost
2026-07-28,GOOGL,-0.023470718,1.164711948847446,0.0089898549458111,6.0,2.0,0.5,cross_sectional_xgboost
2026-07-28,JPM,-0.020195905,-1.0859582740067621,-0.0352635140063477,5.0,9.0,0.6,cross_sectional_xgboost
2026-07-28,META,-0.4274149,0.03899440622232341,-0.0131443490099028,10.0,5.0,0.1,cross_sectional_xgboost
2026-07-28,MSFT,-0.30204117,0.34417675743288434,-0.0071437599192979,8.0,4.0,0.3,cross_sectional_xgboost
2026-07-28,NVDA,0.019430667,-1.0995710692236684,-0.0355311729654821,3.0,10.0,0.8,cross_sectional_xgboost
2026-07-28,TSLA,0.21188088,-0.8011897893959545,-0.0296643086285612,1.0,8.0,1.0,cross_sectional_xgboost
2026-07-28,XOM,-0.011683511,1.940416442411977,0.0242419948652818,4.0,1.0,0.7,cross_sectional_xgboost
2026-07-29,AAPL,0.051485054,-0.6059443385347026,-0.0140749933550157,4.0,9.0,0.7,cross_sectional_xgboost
2026-07-29,AMZN,0.09139059,0.28698802025124764,0.0390470167299346,3.0,3.0,0.8,cross_sectional_xgboost
2026-07-29,AVGO,-0.33418438,0.42588798906145636,0.0473104036162239,9.0,2.0,0.2,cross_sectional_xgboost
2026-07-29,GOOGL,0.044728067,-0.5216170002119761,-0.0090582217342543,5.0,8.0,0.6,cross_sectional_xgboost
2026-07-29,JPM,-0.03493593,-0.06995120709995928,0.017812116853705,6.0,6.0,0.5,cross_sectional_xgboost
2026-07-29,META,-0.40629807,-1.7063666073899757,-0.0795409183925097,10.0,10.0,0.1,cross_sectional_xgboost
2026-07-29,MSFT,-0.17030215,2.2371843114590475,0.155067391655117,7.0,1.0,0.4,cross_sectional_xgboost
2026-07-29,NVDA,0.15829983,0.07561754098991808,0.0264722403535386,2.0,5.0,0.9,cross_sectional_xgboost
2026-07-29,TSLA,0.35744834,0.2239647992033855,0.0352976619762974,1.0,4.0,1.0,cross_sectional_xgboost
2026-07-29,XOM,-0.2203128,-0.3457635077284416,0.001403590864726,8.0,7.0,0.3,cross_sectional_xgboost
2026-07-30,AAPL,0.25058746,-1.6815943716350021,-0.0735385844020827,1.0,10.0,1.0,cross_sectional_xgboost
2026-07-30,AMZN,0.08085649,2.213308107526721,0.153205887780321,5.0,1.0,0.6,cross_sectional_xgboost
2026-07-30,AVGO,-0.29737002,-0.35460761847964317,0.0037128776170669,9.0,7.0,0.2,cross_sectional_xgboost
2026-07-30,GOOGL,0.21473059,0.7384158240226171,0.0673440018567961,2.0,2.0,0.9,cross_sectional_xgboost
2026-07-30,JPM,0.047897313,-0.3723633626515753,0.0026792145505305,6.0,8.0,0.5,cross_sectional_xgboost
2026-07-30,META,-0.77708626,0.14503020988220985,0.0327996432756139,10.0,3.0,0.1,cross_sectional_xgboost
2026-07-30,MSFT,-0.18324381,0.10025154430913687,0.0301928219380527,7.0,4.0,0.4,cross_sectional_xgboost
2026-07-30,NVDA,0.085471466,0.08450459571766723,0.0292761023113203,4.0,5.0,0.7,cross_sectional_xgboost
2026-07-30,TSLA,-0.26230684,-0.2871288346374806,0.0076412022176599,8.0,6.0,0.3,cross_sectional_xgboost
2026-07-30,XOM,0.12371301,-0.5858160940546506,-0.0097470855113646,3.0,9.0,0.8,cross_sectional_xgboost
2026-07-31,AAPL,0.18515004,-1.6425296932025135,-0.0177721356729985,1.0,10.0,1.0,cross_sectional_xgboost
2026-07-31,AMZN,-0.023806317,0.7529296445000243,0.0458060352620868,5.0,4.0,0.6,cross_sectional_xgboost
2026-07-31,AVGO,-0.13218506,-0.687398144066692,0.0075781242711721,8.0,7.0,0.3,cross_sectional_xgboost
2026-07-31,GOOGL,-0.16806194,0.8658248932206721,0.0488024014737564,9.0,3.0,0.2,cross_sectional_xgboost
2026-07-31,JPM,0.10146993,-0.8818847741999233,0.0024162315099038,2.0,8.0,0.9,cross_sectional_xgboost
2026-07-31,META,-0.6682912,1.2963411677199732,0.0602287850736151,10.0,1.0,0.1,cross_sectional_xgboost
2026-07-31,MSFT,-0.04972854,0.8861371138356333,0.0493415105348051,7.0,2.0,0.4,cross_sectional_xgboost
2026-07-31,NVDA,0.019277206,0.1325326858556317,0.0293400058607569,4.0,6.0,0.7,cross_sectional_xgboost
2026-07-31,TSLA,-0.041603662,0.3430800627727158,0.0349281688109186,6.0,5.0,0.5,cross_sectional_xgboost
2026-07-31,XOM,0.044690456,-1.0650329564355216,-0.0024447261583624,3.0,9.0,0.8,cross_sectional_xgboost
2026-08-03,AAPL,0.16488104,0.2845256979641459,0.0196426378360965,2.0,3.0,0.9,cross_sectional_xgboost
2026-08-03,AMZN,-0.10071349,-1.525962491640621,-0.0232377150948336,8.0,10.0,0.3,cross_sectional_xgboost
2026-08-03,AVGO,-0.19969042,2.246428199746831,0.0661091501146888,10.0,1.0,0.1,cross_sectional_xgboost
2026-08-03,GOOGL,-0.05993958,-0.07683549772298447,0.0110840094531134,6.0,6.0,0.5,cross_sectional_xgboost
2026-08-03,JPM,0.07239031,0.03946008409785044,0.0138384022303863,3.0,5.0,0.8,cross_sectional_xgboost
2026-08-03,META,-0.08401049,-0.7093488640219452,-0.0038966993613147,7.0,8.0,0.4,cross_sectional_xgboost
2026-08-03,MSFT,0.25354183,-0.09805611898043498,0.0105814114609488,1.0,7.0,1.0,cross_sectional_xgboost
2026-08-03,NVDA,0.040772673,0.5381013037549762,0.0256484276188837,5.0,2.0,0.6,cross_sectional_xgboost
2026-08-03,TSLA,-0.18341906,0.14603031479113604,0.0163624557593167,9.0,4.0,0.2,cross_sectional_xgboost
2026-08-03,XOM,0.061663866,-0.8443426279889538,-0.0070939476370097,4.0,9.0,0.7,cross_sectional_xgboost
2026-08-04,AAPL,0.1946999,0.5442438927587727,0.0052363365961669,2.0,2.0,0.9,cross_sectional_xgboost
2026-08-04,AMZN,-0.09342923,-0.5916484011678327,-0.0171942156310671,9.0,8.0,0.2,cross_sectional_xgboost
2026-08-04,AVGO,-0.3758442,0.2936054381725911,0.0002869598147519,10.0,5.0,0.1,cross_sectional_xgboost
2026-08-04,GOOGL,0.014267383,-1.7618309305329216,-0.0403018997668452,7.0,10.0,0.4,cross_sectional_xgboost
2026-08-04,JPM,0.014280185,0.5227007868067518,0.0048109232310289,6.0,3.0,0.5,cross_sectional_xgboost
2026-08-04,META,0.0761208,0.35056465004750315,0.0014117377392202,4.0,4.0,0.7,cross_sectional_xgboost
2026-08-04,MSFT,0.38890606,-0.27068607233936726,-0.0108561479126266,1.0,6.0,1.0,cross_sectional_xgboost
2026-08-04,NVDA,-0.009958566,2.018539130816809,0.0343493577095577,8.0,1.0,0.3,cross_sectional_xgboost
2026-08-04,TSLA,0.019714605,-0.618177835330307,-0.0177180944017235,5.0,9.0,0.6,cross_sectional_xgboost
2026-08-04,XOM,0.13625611,-0.48731065923199884,-0.0151338502405483,3.0,7.0,0.8,cross_sectional_xgboost
2026-08-05,AAPL,0.120333426,0.1363549504993576,0.0045337552777839,1.0,4.0,1.0,cross_sectional_xgboost
2026-08-05,AMZN,-0.021431167,-0.351778558168325,-0.001430347110176,5.0,7.0,0.6,cross_sectional_xgboost
2026-08-05,AVGO,-0.265248,0.21337680181557844,0.0054748220130178,10.0,3.0,0.1,cross_sectional_xgboost
2026-08-05,GOOGL,-0.09617488,-1.291561036050864,-0.012912777267041,7.0,10.0,0.4,cross_sectional_xgboost
2026-08-05,JPM,-0.012919631,-0.9045290140875818,-0.0081839509000324,4.0,9.0,0.7,cross_sectional_xgboost
2026-08-05,META,-0.22311252,-0.07762879762330228,0.0019192636264193,9.0,5.0,0.2,cross_sectional_xgboost
2026-08-05,MSFT,0.050058313,1.8472633224250439,0.0254379393286465,2.0,1.0,0.9,cross_sectional_xgboost
2026-08-05,NVDA,-0.090345845,-0.3205789079471125,-0.0010491442116171,6.0,6.0,0.5,cross_sectional_xgboost
2026-08-05,TSLA,0.020726101,-0.748866400734318,-0.0062820372892454,3.0,8.0,0.8,cross_sectional_xgboost
2026-08-05,XOM,-0.14786005,1.4979476398715232,0.021169937932562,8.0,2.0,0.3,cross_sectional_xgboost
2026-08-06,AAPL,0.0619131,-0.2771071415489995,0.0029447910342257,1.0,7.0,1.0,cross_sectional_xgboost
2026-08-06,AMZN,0.050942913,0.12487562495759064,0.0081539746605248,2.0,4.0,0.9,cross_sectional_xgboost
2026-08-06,AVGO,-0.19944032,0.8149032177913262,0.0170958516208774,9.0,3.0,0.2,cross_sectional_xgboost
2026-08-06,GOOGL,-0.049970213,-1.2485364192297934,-0.0096436926248602,5.0,9.0,0.6,cross_sectional_xgboost
2026-08-06,JPM,0.04597853,-0.2401209885233156,0.0034240843741257,4.0,6.0,0.7,cross_sectional_xgboost
2026-08-06,META,-0.1753887,-0.21656323913050574,0.0037293627408476,8.0,5.0,0.3,cross_sectional_xgboost
2026-08-06,MSFT,0.046745613,-0.4842809504143433,0.0002600828754204,3.0,8.0,0.8,cross_sectional_xgboost
2026-08-06,NVDA,-0.07361757,1.2469872225109373,0.0226951088779276,6.0,2.0,0.5,cross_sectional_xgboost
2026-08-06,TSLA,-0.35933915,1.6812662701540442,0.0283228110898585,10.0,1.0,0.1,cross_sectional_xgboost
2026-08-06,XOM,-0.082046725,-1.4014235965669406,-0.0116249153219847,7.0,10.0,0.4,cross_sectional_xgboost
2026-08-07,AAPL,0.16601053,-0.979427038146842,-0.0153324852437281,2.0,9.0,0.9,cross_sectional_xgboost
2026-08-07,AMZN,0.07826165,0.46280950889073047,0.0131520883382008,4.0,2.0,0.7,cross_sectional_xgboost
2026-08-07,AVGO,-0.25768736,-0.8375527072681975,-0.0125304276855553,9.0,8.0,0.2,cross_sectional_xgboost
2026-08-07,GOOGL,-0.051052373,0.25705676236286285,0.009088414275721,8.0,4.0,0.3,cross_sectional_xgboost
2026-08-07,JPM,0.07915894,0.11837191822723084,0.0063493499692492,3.0,6.0,0.8,cross_sectional_xgboost
2026-08-07,META,0.0001623765,0.03803743612361953,0.0047627215681407,6.0,7.0,0.5,cross_sectional_xgboost
2026-08-07,MSFT,0.29088154,0.411580584499914,0.0121403028101398,1.0,3.0,1.0,cross_sectional_xgboost
2026-08-07,NVDA,-0.014361399,-1.6522655883294737,-0.0286212340490489,7.0,10.0,0.4,cross_sectional_xgboost
2026-08-07,TSLA,-0.71911055,0.151309349289032,0.006999873408422,10.0,5.0,0.1,cross_sectional_xgboost
2026-08-07,XOM,0.005068761,2.030079774351123,0.0441061126908459,5.0,1.0,0.6,cross_sectional_xgboost
2026-08-10,AAPL,0.27020162,-0.2622500469577361,-0.0108674690111854,1.0,7.0,1.0,cross_sectional_xgboost
2026-08-10,AMZN,0.054956485,-0.9552446948937148,-0.0209285030057219,3.0,9.0,0.8,cross_sectional_xgboost
2026-08-10,AVGO,-0.06570528,-0.5442870848979413,-0.0149621387678513,8.0,8.0,0.3,cross_sectional_xgboost
2026-08-10,GOOGL,-0.29605308,-2.1569807840343347,-0.0383755463289513,9.0,10.0,0.2,cross_sectional_xgboost
2026-08-10,JPM,-0.046985608,0.9170365285715094,0.0062536478127881,7.0,2.0,0.4,cross_sectional_xgboost
2026-08-10,META,0.009285489,0.9725630899708824,0.0070597934641329,5.0,1.0,0.6,cross_sectional_xgboost
2026-08-10,MSFT,-0.02034967,0.18004474958662386,-0.0044461452724045,6.0,6.0,0.5,cross_sectional_xgboost
2026-08-10,NVDA,0.030240914,0.47046112896586856,-0.0002298225717785,4.0,5.0,0.7,cross_sectional_xgboost
2026-08-10,TSLA,-0.52445465,0.8880563723054674,0.0058329081458541,10.0,3.0,0.1,cross_sectional_xgboost
2026-08-10,XOM,0.12256321,0.4906007413833753,6.256832297490966e-05,2.0,4.0,0.9,cross_sectional_xgboost
2026-08-11,AAPL,0.16973162,-0.1421543452198082,-0.0087238976424568,2.0,6.0,0.9,cross_sectional_xgboost
2026-08-11,AMZN,0.07894974,-0.6739178789057582,-0.0183273604720513,3.0,8.0,0.8,cross_sectional_xgboost
2026-08-11,AVGO,-0.13297457,0.33691360348459315,-7.209858744694486e-05,8.0,3.0,0.3,cross_sectional_xgboost
2026-08-11,GOOGL,-0.04928895,0.29903646297048575,-0.0007561464545453,7.0,5.0,0.4,cross_sectional_xgboost
2026-08-11,JPM,0.053185087,0.8211494429355357,0.0086730307611011,4.0,2.0,0.7,cross_sectional_xgboost
2026-08-11,META,-0.14593713,-1.5324964319556962,-0.0338329878763021,9.0,10.0,0.2,cross_sectional_xgboost
2026-08-11,MSFT,0.39798436,-0.9098311025120694,-0.0225878705115589,1.0,9.0,1.0,cross_sectional_xgboost
2026-08-11,NVDA,0.033588603,2.018613648734939,0.0302988141435247,6.0,1.0,0.5,cross_sectional_xgboost
2026-08-11,TSLA,-0.5630508,-0.5408923275617055,-0.01592496569168,10.0,7.0,0.1,cross_sectional_xgboost
2026-08-11,XOM,0.0468686,0.32357892802948357,-0.0003129181472054,5.0,4.0,0.6,cross_sectional_xgboost
2026-08-12,AAPL,0.17697309,0.1190269448411406,0.0099586758167906,1.0,3.0,1.0,cross_sectional_xgboost
2026-08-12,AMZN,-0.18988536,-1.0905849969796286,-0.00804397600383,8.0,10.0,0.3,cross_sectional_xgboost
2026-08-12,AVGO,-0.24173653,-0.26425151026949795,0.0042543434279123,9.0,7.0,0.2,cross_sectional_xgboost
2026-08-12,GOOGL,-0.12757835,0.0014390240235735736,0.0082086150546565,7.0,5.0,0.4,cross_sectional_xgboost
2026-08-12,JPM,-0.03358984,-0.9309721025146518,-0.0056684576530363,5.0,8.0,0.6,cross_sectional_xgboost
2026-08-12,META,-0.40420762,1.3210453255172163,0.0278483126839041,10.0,2.0,0.1,cross_sectional_xgboost
2026-08-12,MSFT,0.11081148,0.057088198638479165,0.0090368415957975,3.0,4.0,0.8,cross_sectional_xgboost
2026-08-12,NVDA,-0.038909372,-0.18729482686775897,0.0053996895745995,6.0,6.0,0.5,cross_sectional_xgboost
2026-08-12,TSLA,0.012353861,2.004088948693886,0.0380140493976433,4.0,1.0,0.7,cross_sectional_xgboost
2026-08-12,XOM,0.12811626,-1.029585005082758,-0.0071361132610672,2.0,9.0,0.9,cross_sectional_xgboost
2026-08-13,AAPL,0.16035943,0.4439944817271002,0.0021947942367905,1.0,3.0,1.0,cross_sectional_xgboost
2026-08-13,AMZN,-0.060178038,-0.1479489552652681,-0.0093539431247108,7.0,9.0,0.4,cross_sectional_xgboost
2026-08-13,AVGO,-0.22084644,-2.7145273429519903,-0.0594275445277475,8.0,10.0,0.3,cross_sectional_xgboost
2026-08-13,GOOGL,-0.015927443,0.263422888621794,-0.0013281334171028,6.0,6.0,0.5,cross_sectional_xgboost
2026-08-13,JPM,0.020300053,0.2933865646984062,-0.0007435461005306,4.0,5.0,0.7,cross_sectional_xgboost
2026-08-13,META,-0.28054744,-0.10958503278714328,-0.0086054681232681,9.0,8.0,0.2,cross_sectional_xgboost
2026-08-13,MSFT,0.043351654,0.17882555329719366,-0.0029786161255702,2.0,7.0,0.9,cross_sectional_xgboost
2026-08-13,NVDA,0.002003806,0.2996468763403996,-0.0006214082568848,5.0,4.0,0.6,cross_sectional_xgboost
2026-08-13,TSLA,-0.65797037,0.6797785568977074,0.0067949100384037,10.0,2.0,0.1,cross_sectional_xgboost
2026-08-13,XOM,0.021184294,0.8130064094218007,0.0093941676395272,3.0,1.0,0.8,cross_sectional_xgboost
2026-08-14,AAPL,0.18277857,0.45730511972137433,-0.0011113534012042,2.0,3.0,0.9,cross_sectional_xgboost
2026-08-14,AMZN,-0.20468958,0.1861346969272319,-0.0051018327395004,7.0,5.0,0.4,cross_sectional_xgboost
2026-08-14,AVGO,-0.42920318,0.43599374810915076,-0.0014249664686363,9.0,4.0,0.2,cross_sectional_xgboost
2026-08-14,GOOGL,-0.028407326,0.15956004865160733,-0.00549289893239,5.0,7.0,0.6,cross_sectional_xgboost
2026-08-14,JPM,0.020158773,0.18073042893524144,-0.0051813606597597,3.0,6.0,0.8,cross_sectional_xgboost
2026-08-14,META,-0.2639719,-1.8726786834576246,-0.0353988399542968,8.0,10.0,0.3,cross_sectional_xgboost
2026-08-14,MSFT,0.18811285,-1.5315889362881367,-0.0303794444960473,1.0,9.0,1.0,cross_sectional_xgboost
2026-08-14,NVDA,-0.04922446,0.4875530015395591,-0.0006662327786121,6.0,2.0,0.5,cross_sectional_xgboost
2026-08-14,TSLA,-0.5465029,-0.056838187705563446,-0.0086773638239854,10.0,8.0,0.1,cross_sectional_xgboost
2026-08-14,XOM,0.000587139,1.5538287635671597,0.0150248273062383,4.0,1.0,0.7,cross_sectional_xgboost
2026-08-17,AAPL,0.25955933,0.9796379892711898,0.0145292794090581,1.0,2.0,1.0,cross_sectional_xgboost
2026-08-17,AMZN,-0.054328606,-0.032015302877265915,-0.0071179264817273,6.0,6.0,0.5,cross_sectional_xgboost
2026-08-17,AVGO,-0.3519878,-1.1796303034212818,-0.0316744206808136,10.0,9.0,0.1,cross_sectional_xgboost
2026-08-17,GOOGL,0.047021665,0.3278047629244243,0.0005814494887728,2.0,5.0,0.9,cross_sectional_xgboost
2026-08-17,JPM,-0.006103179,0.5971200196088287,0.0063442170853631,4.0,3.0,0.7,cross_sectional_xgboost
2026-08-17,META,-0.25378048,-1.7774415876684662,-0.0444662971609967,7.0,10.0,0.4,cross_sectional_xgboost
2026-08-17,MSFT,-0.30562985,0.42516311332686274,0.0026647089144136,8.0,4.0,0.3,cross_sectional_xgboost
2026-08-17,NVDA,0.03618862,-0.7939239999726458,-0.023421134867455,3.0,8.0,0.8,cross_sectional_xgboost
2026-08-17,TSLA,-0.33796167,-0.03406485001396563,-0.0071617823849259,9.0,7.0,0.2,cross_sectional_xgboost
2026-08-17,XOM,-0.034448218,1.4873501588223195,0.0253932285039006,5.0,1.0,0.6,cross_sectional_xgboost
2026-08-18,AAPL,0.21388246,0.8019258959665356,0.021933322000267,1.0,3.0,1.0,cross_sectional_xgboost
2026-08-18,AMZN,-0.07364924,0.9120250805042781,0.0246289606098011,5.0,2.0,0.6,cross_sectional_xgboost
2026-08-18,AVGO,-0.12192797,-1.9770035693558263,-0.0461052342465049,6.0,10.0,0.5,cross_sectional_xgboost
2026-08-18,GOOGL,0.0044694627,-0.03220395337411722,0.0015107127258384,2.0,6.0,0.9,cross_sectional_xgboost
2026-08-18,JPM,-0.15358134,-0.7674149339945334,-0.0164899937629043,7.0,9.0,0.4,cross_sectional_xgboost
2026-08-18,META,-0.3132518,0.08339286853384612,0.004340953999494,10.0,5.0,0.1,cross_sectional_xgboost
2026-08-18,MSFT,-0.17885019,0.1333635503207285,0.0055644226358424,8.0,4.0,0.3,cross_sectional_xgboost
2026-08-18,NVDA,-0.04606141,-0.49910759445342595,-0.0099208295431598,4.0,8.0,0.7,cross_sectional_xgboost
2026-08-18,TSLA,-0.21546966,1.6338197203886309,0.0423011850463048,9.0,1.0,0.2,cross_sectional_xgboost
2026-08-18,XOM,-0.02491026,-0.2887970645361159,-0.0047716434995308,3.0,7.0,0.8,cross_sectional_xgboost
2026-08-19,AAPL,0.27034757,-0.9288189582527866,-0.0174541521120682,1.0,9.0,1.0,cross_sectional_xgboost
2026-08-19,AMZN,-0.112025745,-1.329238895358126,-0.0215543600107679,5.0,10.0,0.6,cross_sectional_xgboost
2026-08-19,AVGO,-0.4121239,1.1933202254580615,0.0042760641855841,9.0,2.0,0.2,cross_sectional_xgboost
2026-08-19,GOOGL,0.021910714,-0.3716286863532644,-0.0117486521051591,3.0,6.0,0.8,cross_sectional_xgboost
2026-08-19,JPM,-0.33896342,-0.7851308238651651,-0.0159828187218665,8.0,7.0,0.3,cross_sectional_xgboost
2026-08-19,META,-0.48657757,0.7399538954688886,-0.0003663025773303,10.0,3.0,0.1,cross_sectional_xgboost
2026-08-19,MSFT,-0.15069845,0.3211722178453857,-0.0046545304683678,6.0,5.0,0.5,cross_sectional_xgboost
2026-08-19,NVDA,-0.04702321,0.45702505364211027,-0.0032634287304742,4.0,4.0,0.7,cross_sectional_xgboost
2026-08-19,TSLA,-0.2039006,-0.8902941660162864,-0.0170596671157272,7.0,8.0,0.4,cross_sectional_xgboost
2026-08-19,XOM,0.058828574,1.5936401374311822,0.0083752478499758,2.0,1.0,0.9,cross_sectional_xgboost
2026-08-20,AAPL,0.1635134,-0.6851738226494982,-0.0062639953932474,1.0,9.0,1.0,cross_sectional_xgboost
2026-08-20,AMZN,0.03044913,-0.6529764037579469,-0.0056898256587484,4.0,7.0,0.7,cross_sectional_xgboost
2026-08-20,AVGO,-0.3096374,0.3469636706596145,0.0121418933674588,9.0,3.0,0.2,cross_sectional_xgboost
2026-08-20,GOOGL,0.036551956,0.3492065643422535,0.0121818904142596,3.0,2.0,0.8,cross_sectional_xgboost
2026-08-20,JPM,-0.09088459,-0.32912582778971206,8.533289813272837e-05,8.0,6.0,0.3,cross_sectional_xgboost
2026-08-20,META,-0.46304995,0.08422594370572928,0.007456547270739,10.0,4.0,0.1,cross_sectional_xgboost
2026-08-20,MSFT,0.026610477,-0.09032865441683874,0.0043437521862264,5.0,5.0,0.6,cross_sectional_xgboost
2026-08-20,NVDA,-0.01613399,-0.8847212104350639,-0.0098224815890111,6.0,10.0,0.5,cross_sectional_xgboost
2026-08-20,TSLA,0.12815727,2.546843849311196,0.0513718894848627,2.0,1.0,0.9,cross_sectional_xgboost
2026-08-20,XOM,-0.025935931,-0.6849141089697336,-0.0062593639743421,7.0,8.0,0.4,cross_sectional_xgboost
2026-08-21,AAPL,0.18411045,0.33175098413901694,0.0032002269754076,1.0,6.0,1.0,cross_sectional_xgboost
2026-08-21,AMZN,0.0914208,0.8279494330698289,0.0133008636912215,2.0,3.0,0.9,cross_sectional_xgboost
2026-08-21,AVGO,-0.44609484,-1.1174302562939338,-0.0262993679478059,10.0,8.0,0.1,cross_sectional_xgboost
2026-08-21,GOOGL,0.0025712347,0.6361308117593905,0.0093961956831698,5.0,4.0,0.6,cross_sectional_xgboost
2026-08-21,JPM,-0.08583247,0.8466325072273498,0.0136811771428382,8.0,2.0,0.3,cross_sectional_xgboost
2026-08-21,META,-0.43745348,0.9892755011798416,0.0165848239903338,9.0,1.0,0.2,cross_sectional_xgboost
2026-08-21,MSFT,-0.009590473,0.5882892766009203,0.0084223313601277,7.0,5.0,0.4,cross_sectional_xgboost
2026-08-21,NVDA,-0.0039894516,-1.253103264685807,-0.0290611334729919,6.0,9.0,0.5,cross_sectional_xgboost
2026-08-21,TSLA,0.05986642,-1.708650451089316,-0.038334271361044,3.0,10.0,0.8,cross_sectional_xgboost
2026-08-21,XOM,0.059820425,-0.14084454190729104,-0.0064199476390002,4.0,7.0,0.7,cross_sectional_xgboost
2026-08-24,AAPL,0.108459376,-0.27576239749800485,-0.0014178077160482,4.0,6.0,0.7,cross_sectional_xgboost
2026-08-24,AMZN,0.08900792,-0.4700552147337497,-0.0038539693112441,5.0,8.0,0.6,cross_sectional_xgboost
2026-08-24,AVGO,-0.08336913,-0.6117447834688131,-0.0056305593607538,8.0,9.0,0.3,cross_sectional_xgboost
2026-08-24,GOOGL,-0.047600307,-0.41474096901773233,-0.0031604056324742,7.0,7.0,0.4,cross_sectional_xgboost
2026-08-24,JPM,-0.27873647,-0.09555517063881232,0.000841740174075,9.0,5.0,0.2,cross_sectional_xgboost
2026-08-24,META,-0.46192232,1.4109245883674983,0.0197309002832628,10.0,2.0,0.1,cross_sectional_xgboost
2026-08-24,MSFT,0.33951932,0.5574205836804474,0.0090291476032262,1.0,3.0,1.0,cross_sectional_xgboost
2026-08-24,NVDA,0.11340514,1.5855599829249645,0.0219205851487953,3.0,1.0,0.8,cross_sectional_xgboost
2026-08-24,TSLA,0.31019136,0.1344294232504025,0.0037254269880853,2.0,4.0,0.9,cross_sectional_xgboost
2026-08-24,XOM,0.027427487,-1.8204760428662004,-0.0207863675627821,6.0,10.0,0.5,cross_sectional_xgboost
2026-08-25,AAPL,0.22075658,1.3401861938436828,0.0114553674748787,1.0,1.0,1.0,cross_sectional_xgboost
2026-08-25,AMZN,0.09512898,0.03044295328386238,-0.0029878142442016,4.0,5.0,0.7,cross_sectional_xgboost
2026-08-25,AVGO,-0.059852466,0.009059576241361405,-0.0032236192408057,8.0,6.0,0.3,cross_sectional_xgboost
2026-08-25,GOOGL,0.00728244,-0.9949755059335038,-0.014295607012993,5.0,8.0,0.6,cross_sectional_xgboost
2026-08-25,JPM,-0.27413452,0.25308035866713013,-0.0005326822734188,10.0,4.0,0.1,cross_sectional_xgboost
2026-08-25,META,-0.21683465,1.2701750968037888,0.0106833207365675,9.0,2.0,0.2,cross_sectional_xgboost
2026-08-25,MSFT,0.20422247,1.1607955197466742,0.0094771384415424,2.0,3.0,0.9,cross_sectional_xgboost
2026-08-25,NVDA,0.12900385,-1.1415338271106308,-0.0159117775719644,3.0,10.0,0.8,cross_sectional_xgboost
2026-08-25,TSLA,-0.011595455,-0.8455743919885849,-0.0126480875825303,6.0,7.0,0.5,cross_sectional_xgboost
2026-08-25,XOM,-0.053824853,-1.0816559735537805,-0.0152514750843559,7.0,9.0,0.4,cross_sectional_xgboost
2026-08-26,AAPL,0.061284408,-0.3031394969433648,0.0036049587533211,6.0,5.0,0.5,cross_sectional_xgboost
2026-08-26,AMZN,0.16085579,-0.8942401365608713,-0.0154448633491834,3.0,10.0,0.8,cross_sectional_xgboost
2026-08-26,AVGO,-0.022009399,0.9768180657176627,0.0448550644598988,8.0,2.0,0.3,cross_sectional_xgboost
2026-08-26,GOOGL,-0.02557878,-0.5374810666649504,-0.003947334232365,9.0,6.0,0.2,cross_sectional_xgboost
2026-08-26,JPM,-0.050197084,-0.6134459426688837,-0.0063955084973263,10.0,7.0,0.1,cross_sectional_xgboost
2026-08-26,META,0.17105027,-0.6864400400146085,-0.0087479413586217,2.0,8.0,0.9,cross_sectional_xgboost
2026-08-26,MSFT,0.2408678,0.12823295726701933,0.0175071066480452,1.0,4.0,1.0,cross_sectional_xgboost
2026-08-26,NVDA,0.068439946,2.2963178546783496,0.0873795257094394,5.0,1.0,0.6,cross_sectional_xgboost
2026-08-26,TSLA,0.15401563,0.3916412667089541,0.0259961541957476,4.0,3.0,0.7,cross_sectional_xgboost
2026-08-26,XOM,-0.012447691,-0.7582634615193066,-0.0110626460142334,7.0,9.0,0.4,cross_sectional_xgboost
2026-08-27,AAPL,-0.01996046,0.5106554046875683,0.0162757513297477,7.0,4.0,0.4,cross_sectional_xgboost
2026-08-27,AMZN,-0.0034842102,1.512074658186102,0.0396861879442589,6.0,1.0,0.5,cross_sectional_xgboost
2026-08-27,AVGO,0.02988591,-0.5021826476734429,-0.0074016254959188,4.0,8.0,0.7,cross_sectional_xgboost
2026-08-27,GOOGL,0.027673192,0.5603409023751662,0.0174372620458762,5.0,2.0,0.6,cross_sectional_xgboost
2026-08-27,JPM,0.057085786,0.22502678559982342,0.0095985373066664,3.0,6.0,0.8,cross_sectional_xgboost
2026-08-27,META,-0.08333646,0.33276000980376086,0.0121170447227083,9.0,5.0,0.2,cross_sectional_xgboost
2026-08-27,MSFT,0.05956644,0.5318125610568066,0.0167703476403289,2.0,3.0,0.9,cross_sectional_xgboost
2026-08-27,NVDA,0.07901678,-2.1425790974842003,-0.0457495971140021,1.0,10.0,1.0,cross_sectional_xgboost
2026-08-27,TSLA,-0.23540837,-0.9161718033877556,-0.0170795569467935,10.0,9.0,0.1,cross_sectional_xgboost
2026-08-27,XOM,-0.04101324,-0.11173677316382863,0.0017259285876198,8.0,7.0,0.3,cross_sectional_xgboost
2026-08-28,AAPL,0.09643237,-0.44660213117490427,-0.0089146261954785,4.0,6.0,0.7,cross_sectional_xgboost
2026-08-28,AMZN,0.22262862,-1.1052251352399207,-0.0249971994339763,1.0,10.0,1.0,cross_sectional_xgboost
2026-08-28,AVGO,0.03558748,0.09059455096023958,0.0042029007214277,5.0,4.0,0.6,cross_sectional_xgboost
2026-08-28,GOOGL,-0.06046686,-0.9369936137242417,-0.0208892412407445,7.0,9.0,0.4,cross_sectional_xgboost
2026-08-28,JPM,0.12423275,-0.26474862514878966,-0.0044740398337943,3.0,5.0,0.8,cross_sectional_xgboost
2026-08-28,META,-0.09951543,-0.48395131773023814,-0.0098266365936382,9.0,7.0,0.2,cross_sectional_xgboost
2026-08-28,MSFT,0.15904656,-0.5791493754741711,-0.0121512285474267,2.0,8.0,0.9,cross_sectional_xgboost
2026-08-28,NVDA,-0.100784004,0.5265055098093495,0.0148471841398407,10.0,3.0,0.1,cross_sectional_xgboost
2026-08-28,TSLA,-0.08914836,2.1730704408682238,0.0550537984431005,8.0,1.0,0.3,cross_sectional_xgboost
2026-08-28,XOM,-0.020517023,1.0264996968544529,0.0270562826413292,6.0,2.0,0.5,cross_sectional_xgboost
2026-08-31,AAPL,-0.0043194047,1.6025218645895765,0.0261322348739099,5.0,1.0,0.6,cross_sectional_xgboost
2026-08-31,AMZN,0.038450547,-0.8073543828040851,-0.018670327789371,4.0,9.0,0.7,cross_sectional_xgboost
2026-08-31,AVGO,-0.037360583,0.10104017179981047,-0.001782156042112,7.0,4.0,0.4,cross_sectional_xgboost
2026-08-31,GOOGL,-0.036014013,-0.4894315078117892,-0.0127597506199675,6.0,7.0,0.5,cross_sectional_xgboost
2026-08-31,JPM,0.16506669,0.035244199091657685,-0.0030053840785876,2.0,5.0,0.9,cross_sectional_xgboost
2026-08-31,META,-0.10958462,0.7795747437151889,0.0108326359872794,9.0,3.0,0.2,cross_sectional_xgboost
2026-08-31,MSFT,0.20113035,-0.467920390220622,-0.0123598324935169,1.0,6.0,1.0,cross_sectional_xgboost
2026-08-31,NVDA,-0.051834114,-0.6168244127146525,-0.0151281413665632,8.0,8.0,0.3,cross_sectional_xgboost
2026-08-31,TSLA,-0.37464938,-1.536857210415277,-0.0322326823635692,10.0,10.0,0.1,cross_sectional_xgboost
2026-08-31,XOM,0.04084072,1.4000069247701918,0.0223672331269026,3.0,2.0,0.8,cross_sectional_xgboost
2026-09-01,AAPL,0.12740934,-0.4320281536738476,-0.0005229090676993,2.0,7.0,0.9,cross_sectional_xgboost
2026-09-01,AMZN,0.068993255,-0.37429929760000563,0.0002353583831189,3.0,6.0,0.8,cross_sectional_xgboost
2026-09-01,AVGO,-0.06872403,-0.8947163331592534,-0.0066003096996007,7.0,9.0,0.4,cross_sectional_xgboost
2026-09-01,GOOGL,-0.06323226,0.08500558813094064,0.0062683195144821,6.0,3.0,0.5,cross_sectional_xgboost
2026-09-01,JPM,-0.020587854,-0.11982011958901155,0.003577937653179,4.0,4.0,0.7,cross_sectional_xgboost
2026-09-01,META,-0.25664273,1.4908967414524674,0.024734673664881,9.0,2.0,0.2,cross_sectional_xgboost
2026-09-01,MSFT,0.1565507,-1.0304266756074958,-0.0083828625235518,1.0,10.0,1.0,cross_sectional_xgboost
2026-09-01,NVDA,-0.040567316,2.048196258888716,0.0320547924610696,5.0,1.0,0.6,cross_sectional_xgboost
2026-09-01,TSLA,-0.520216,-0.19551747963864838,0.0025836542368389,10.0,5.0,0.1,cross_sectional_xgboost
2026-09-01,XOM,-0.14026742,-0.5772905292038615,-0.0024309276685191,8.0,8.0,0.3,cross_sectional_xgboost
2026-09-02,AAPL,0.034264255,-0.21317864631645192,0.010001231183714,5.0,8.0,0.6,cross_sectional_xgboost
2026-09-02,AMZN,0.09728522,0.028109652665772884,0.015373747880732,2.0,7.0,0.9,cross_sectional_xgboost
2026-09-02,AVGO,-0.008033753,-1.8950813449982753,-0.0274479545809608,7.0,10.0,0.4,cross_sectional_xgboost
2026-09-02,GOOGL,0.015977843,0.051718166914819556,0.0158994142206656,6.0,6.0,0.5,cross_sectional_xgboost
2026-09-02,JPM,0.057464283,0.07394664378959268,0.0163943526974286,4.0,5.0,0.7,cross_sectional_xgboost
2026-09-02,META,-0.09911966,0.6883704438036713,0.0300750912104224,9.0,2.0,0.2,cross_sectional_xgboost
2026-09-02,MSFT,0.22726545,0.5399440268564251,0.0267702338812803,1.0,3.0,1.0,cross_sectional_xgboost
2026-09-02,NVDA,-0.03043305,0.14618133424074653,0.0180027277499683,8.0,4.0,0.3,cross_sectional_xgboost
2026-09-02,TSLA,-0.40994135,1.7731219786573793,0.0542281303660707,10.0,1.0,0.1,cross_sectional_xgboost
2026-09-02,XOM,0.078017846,-1.1931322556136796,-0.0118183810828562,3.0,9.0,0.8,cross_sectional_xgboost
2026-09-03,AAPL,0.08407489,-0.6293903870315464,-0.0251058482340651,2.0,9.0,0.9,cross_sectional_xgboost
2026-09-03,AMZN,0.13174781,0.5331970505026018,-0.0015063118580656,1.0,4.0,1.0,cross_sectional_xgboost
2026-09-03,AVGO,-0.21793714,0.7094697074764308,0.0020718731850923,9.0,3.0,0.2,cross_sectional_xgboost
2026-09-03,GOOGL,-0.03945181,0.06044760169041492,-0.0111027236665746,4.0,6.0,0.7,cross_sectional_xgboost
2026-09-03,JPM,-0.07333921,0.14206789848772808,-0.0094459010473886,7.0,5.0,0.4,cross_sectional_xgboost
2026-09-03,META,-0.058099855,1.0986811143880493,0.0099725337795733,6.0,1.0,0.5,cross_sectional_xgboost
2026-09-03,MSFT,-0.1051172,-0.3988725908352249,-0.0204265329920315,8.0,8.0,0.3,cross_sectional_xgboost
2026-09-03,NVDA,-0.0575324,1.0192771888935193,0.008360701613143,5.0,2.0,0.6,cross_sectional_xgboost
2026-09-03,TSLA,-0.69348466,-2.3101411643283587,-0.0592236597871772,10.0,10.0,0.1,cross_sectional_xgboost
2026-09-03,XOM,0.03195302,-0.22473641924361387,-0.0168917167853728,3.0,7.0,0.8,cross_sectional_xgboost
2026-09-04,AAPL,-0.051027168,-0.6374527941398873,-0.011719848691107,6.0,8.0,0.5,cross_sectional_xgboost
2026-09-04,AMZN,0.16007733,-0.3435674635872339,-0.005957249184734,1.0,6.0,1.0,cross_sectional_xgboost
2026-09-04,AVGO,-0.3697485,1.479235521852857,0.0297848668452131,9.0,2.0,0.2,cross_sectional_xgboost
2026-09-04,GOOGL,0.0049652094,-0.054824043073781664,-0.0002954739290917,4.0,4.0,0.7,cross_sectional_xgboost
2026-09-04,JPM,-0.042301778,-0.7692438380234463,-0.0143040505054664,5.0,9.0,0.6,cross_sectional_xgboost
2026-09-04,META,-0.16972652,-0.3117980654536107,-0.005334304454358,7.0,5.0,0.4,cross_sectional_xgboost
2026-09-04,MSFT,-0.19493501,-0.6265928755210978,-0.0115069038613865,8.0,7.0,0.3,cross_sectional_xgboost
2026-09-04,NVDA,0.02757472,-1.0647793158272763,-0.0200990066378649,3.0,10.0,0.8,cross_sectional_xgboost
2026-09-04,TSLA,-0.49466476,1.9882135723981582,0.039765074626634,10.0,1.0,0.1,cross_sectional_xgboost
2026-09-04,XOM,0.06650117,0.3408093013753189,0.0074622338514898,2.0,3.0,0.9,cross_sectional_xgboost
2026-09-08,AAPL,-0.00996958,-0.19469456008266714,-0.00278288811402,2.0,5.0,0.9,cross_sectional_xgboost
2026-09-08,AMZN,0.14597921,-0.7840104718212,-0.0177842055590515,1.0,9.0,1.0,cross_sectional_xgboost
2026-09-08,AVGO,-0.21148247,-0.5309101863653488,-0.0113414171463811,9.0,8.0,0.2,cross_sectional_xgboost
2026-09-08,GOOGL,-0.020958835,-0.980516379231825,-0.0227863571014973,3.0,10.0,0.8,cross_sectional_xgboost
2026-09-08,JPM,-0.21119978,0.04797877318117601,0.0033944772603431,8.0,3.0,0.3,cross_sectional_xgboost
2026-09-08,META,-0.09093429,2.4894836192892447,0.065544146920544,6.0,1.0,0.5,cross_sectional_xgboost
2026-09-08,MSFT,-0.15690807,-0.26829328304158956,-0.0046563786895563,7.0,6.0,0.4,cross_sectional_xgboost
2026-09-08,NVDA,-0.036628067,-0.4438763493615224,-0.0091259293386587,4.0,7.0,0.7,cross_sectional_xgboost
2026-09-08,TSLA,-0.77439934,-0.12271798905535052,-0.0009506901891408,10.0,4.0,0.1,cross_sectional_xgboost
2026-09-08,XOM,-0.067361906,0.7875568264890823,0.0222207891451184,5.0,2.0,0.6,cross_sectional_xgboost
2026-09-09,AAPL,0.16957112,2.3263482755808305,0.0356123901717022,1.0,1.0,1.0,cross_sectional_xgboost
2026-09-09,AMZN,0.1042558,-0.037443884364997196,-0.0020205805038375,2.0,5.0,0.9,cross_sectional_xgboost
2026-09-09,AVGO,-0.3234596,-0.5224789900038037,-0.0097426265518838,8.0,7.0,0.3,cross_sectional_xgboost
2026-09-09,GOOGL,-0.0008726866,0.45990522023787184,0.0058975116982513,3.0,3.0,0.8,cross_sectional_xgboost
2026-09-09,JPM,-0.056581173,-0.11416762973590537,-0.0032420679546323,4.0,6.0,0.7,cross_sectional_xgboost
2026-09-09,META,-0.5940983,-0.8051063290558003,-0.0142422211198315,9.0,9.0,0.2,cross_sectional_xgboost
2026-09-09,MSFT,-0.13272719,0.19040141321385592,0.0016068515300098,7.0,4.0,0.4,cross_sectional_xgboost
2026-09-09,NVDA,-0.060212255,-1.3330826618743352,-0.0226479169280426,5.0,10.0,0.6,cross_sectional_xgboost
2026-09-09,TSLA,-0.66252273,-0.6363097066324401,-0.011554878954379,10.0,8.0,0.1,cross_sectional_xgboost
2026-09-09,XOM,-0.092694096,0.47193429263472364,0.0060890216526523,6.0,2.0,0.5,cross_sectional_xgboost
2026-09-10,AAPL,0.07847912,1.2680020170683801,0.0174540881330667,2.0,3.0,0.9,cross_sectional_xgboost
2026-09-10,AMZN,0.087570965,1.5516662457270551,0.0194132335602736,1.0,1.0,1.0,cross_sectional_xgboost
2026-09-10,AVGO,-0.30412945,-0.7936983522009602,0.0032148205672397,9.0,9.0,0.2,cross_sectional_xgboost
2026-09-10,GOOGL,0.0061304057,1.309255382275808,0.017739007180439,4.0,2.0,0.7,cross_sectional_xgboost
2026-09-10,JPM,-0.05442134,-0.16574846306329133,0.0075517972795888,6.0,4.0,0.5,cross_sectional_xgboost
2026-09-10,META,-0.14280614,-0.43902467220663327,0.0056643973841588,8.0,6.0,0.3,cross_sectional_xgboost
2026-09-10,MSFT,-0.11016696,-0.32123035680710593,0.0064779514775219,7.0,5.0,0.4,cross_sectional_xgboost
2026-09-10,NVDA,-0.033545732,-1.3055918408920313,-0.0003206050742952,5.0,10.0,0.6,cross_sectional_xgboost
2026-09-10,TSLA,-0.6769057,-0.5104491780781609,0.0051710993933251,10.0,7.0,0.1,cross_sectional_xgboost
2026-09-10,XOM,0.05976303,-0.5931807818230599,0.0045997081963147,3.0,8.0,0.8,cross_sectional_xgboost
