Date,Ticker,actual_cross_sectional_target,predicted_cross_sectional_target,actual_return,prediction_rank,actual_rank,prediction_percentile
2025-01-22,AAPL,-0.47482568,0.024855032563209534,-0.0007595152,1.0,7.0,1.0
2025-01-23,AAPL,-0.07204842,0.025376707315444946,-0.003934463,1.0,5.0,1.0
2025-01-24,AAPL,0.9036679,0.024180740118026733,0.031780235,1.0,1.0,1.0
2025-01-27,AAPL,0.509089,0.023143768310546875,0.036543835,1.0,2.0,1.0
2025-01-28,AAPL,0.80960345,0.008808925747871399,0.004616856,1.0,2.0,1.0
2025-01-29,AAPL,-0.45895192,-0.0009819567203521729,-0.0073946565,1.0,8.0,1.0
2025-01-30,AAPL,-0.33582088,-0.008136063814163208,-0.0066922335,2.0,8.0,0.9
2025-01-31,AAPL,-1.0253202,-0.011265084147453308,-0.03385593,2.0,9.0,0.9
2025-02-03,AAPL,0.4609646,-0.0118941068649292,0.021007868,3.0,5.0,0.8
2025-02-04,AAPL,0.03711188,-0.017646566033363342,-0.0014175215,3.0,7.0,0.8
2025-02-05,AAPL,-0.2061881,-0.023655802011489868,0.003226165,3.0,6.0,0.8
2025-02-06,AAPL,-0.31926098,-0.027731597423553467,-0.023968797,3.0,5.0,0.7777777777777778
2025-02-07,AAPL,-0.3198536,-0.02745264768600464,0.0011874025,3.0,7.0,0.7777777777777778
2025-02-10,AAPL,1.0687387,-0.027454793453216553,0.021831844,3.0,1.0,0.7777777777777778
2025-02-11,AAPL,1.2232683,-0.023811638355255127,0.01827012,3.0,2.0,0.7777777777777778
2025-02-12,AAPL,0.21374291,-0.02576547861099243,0.01967325,3.0,3.0,0.7777777777777778
2025-02-13,AAPL,0.9814422,-0.02948474884033203,0.0127106635,3.0,2.0,0.7777777777777778
2025-02-14,AAPL,0.0009488568,-0.03345946967601776,-0.0005315052,3.0,5.0,0.7777777777777778
2025-02-18,AAPL,-0.053109065,-0.03609198331832886,0.0016361834,2.0,4.0,0.9
2025-02-19,AAPL,0.65714943,-0.03920380771160126,0.003920388,4.0,4.0,0.7
2025-02-20,AAPL,1.5348364,-0.04191535711288452,-0.0011388798,4.0,1.0,0.7
2025-02-21,AAPL,1.2811345,-0.04274694621562958,0.0063124336,5.0,1.0,0.6
2025-02-24,AAPL,0.91329193,-0.046976879239082336,-0.00024293333,6.0,2.0,0.5
2025-02-25,AAPL,-1.1302999,-0.05046212673187256,-0.027040077,8.0,9.0,0.3
2025-02-26,AAPL,0.5413416,-0.05164673924446106,-0.012730952,8.0,3.0,0.3
2025-02-27,AAPL,-0.010692928,-0.046199217438697815,0.019131863,9.0,4.0,0.2
2025-02-28,AAPL,0.7613212,-0.043536484241485596,-0.015754234,9.0,2.0,0.2
2025-03-03,AAPL,-0.02537331,-0.03643670678138733,-0.008822464,7.0,7.0,0.4
2025-03-04,AAPL,-0.9301722,-0.030913665890693665,-0.0008052118,7.0,9.0,0.4
2025-03-05,AAPL,0.8986242,-0.027248919010162354,-0.0017392366,6.0,2.0,0.5
2025-03-06,AAPL,0.19030736,-0.01911918818950653,0.015892623,5.0,3.0,0.6
2025-03-07,AAPL,-0.034594364,-0.018774479627609253,-0.048479527,4.0,7.0,0.7
2025-03-10,AAPL,-1.4444062,-0.01035994291305542,-0.02918939,4.0,10.0,0.7
2025-03-11,AAPL,-1.2721701,-0.005206942558288574,-0.017478751,4.0,10.0,0.7
2025-03-12,AAPL,-0.92368084,-0.0010052472352981567,-0.03364364,2.0,9.0,0.9
2025-03-13,AAPL,-0.96657664,0.006425529718399048,0.018170564,2.0,9.0,0.9
2025-03-14,AAPL,0.5307386,0.00815427303314209,0.002388868,1.0,3.0,1.0
2025-03-17,AAPL,0.81269544,0.009543806314468384,-0.0061214715,1.0,3.0,1.0
2025-03-18,AAPL,-0.58378166,0.012230157852172852,0.011989194,1.0,8.0,1.0
2025-03-19,AAPL,-0.35189927,0.009883016347885132,-0.0052963193,1.0,8.0,1.0
2025-03-20,AAPL,0.44710022,0.009594082832336426,0.019476773,1.0,2.0,1.0
2025-03-21,AAPL,-0.5096062,0.008354932069778442,0.011270445,1.0,7.0,1.0
2025-03-24,AAPL,0.32490537,0.0006929636001586914,0.013681818,1.0,3.0,1.0
2025-03-25,AAPL,0.6289882,-0.006410032510757446,-0.009921685,1.0,3.0,1.0
2025-03-26,AAPL,1.2972162,-0.011628285050392151,0.010472688,1.0,1.0,1.0
2025-03-27,AAPL,0.10585954,-0.01796795427799225,-0.026580336,3.0,5.0,0.8
2025-03-28,AAPL,1.7676469,-0.01937580108642578,0.019412601,4.0,1.0,0.7
2025-03-31,AAPL,-0.6063469,-0.022595271468162537,0.0047720154,4.0,8.0,0.7
2025-04-01,AAPL,-0.40269417,-0.030796825885772705,0.0031362202,4.0,5.0,0.7
2025-04-02,AAPL,-0.87538636,-0.03584027290344238,-0.09245611,4.0,9.0,0.7
2025-04-03,AAPL,-0.53743446,-0.01901249587535858,-0.072887465,4.0,7.0,0.7
2025-04-04,AAPL,-1.5871832,0.005858764052391052,-0.036734283,4.0,10.0,0.7
2025-04-07,AAPL,-1.5581963,0.019311293959617615,-0.049817998,2.0,10.0,0.9
2025-04-08,AAPL,0.33170742,0.02970735728740692,0.1532884,2.0,4.0,0.9
2025-04-09,AAPL,0.50397915,0.009700343012809753,-0.04239383,2.0,4.0,0.9
2025-04-10,AAPL,0.77521116,0.011991798877716064,0.040594526,2.0,2.0,0.9
2025-04-11,AAPL,1.8193939,-0.0032705962657928467,0.022054112,2.0,1.0,0.9
2025-04-14,AAPL,0.23206338,-0.017380937933921814,-0.0018764002,2.0,4.0,0.9
2025-04-15,AAPL,-0.3844934,-0.019371137022972107,-0.03893346,2.0,8.0,0.9
2025-04-16,AAPL,1.0476512,-0.013889819383621216,0.01394967,2.0,2.0,0.9
2025-04-17,AAPL,0.6825479,-0.020212173461914062,-0.019392902,3.0,3.0,0.8
2025-04-21,AAPL,0.6054478,-0.022028610110282898,0.034064967,3.0,3.0,0.8
2025-04-22,AAPL,-0.3396461,-0.034588247537612915,0.024331797,5.0,7.0,0.6
2025-04-23,AAPL,-0.77413416,-0.04618218541145325,0.01842617,5.0,8.0,0.6
2025-04-24,AAPL,-0.6289085,-0.04817500710487366,0.004367144,5.0,8.0,0.6
2025-04-25,AAPL,0.87126285,-0.04807272553443909,0.00410937,5.0,2.0,0.6
2025-04-28,AAPL,0.17032136,-0.04534591734409332,0.005091855,5.0,5.0,0.6
2025-04-29,AAPL,1.0179731,-0.04440067708492279,0.0061076926,5.0,2.0,0.6
2025-04-30,AAPL,-0.77376413,-0.042975082993507385,0.0038588233,5.0,8.0,0.6
2025-05-01,AAPL,-2.3465526,-0.0447462797164917,-0.03736172,4.0,10.0,0.7
2025-05-02,AAPL,-1.4783295,-0.042078226804733276,-0.031458598,3.0,10.0,0.8
2025-05-05,AAPL,0.47079927,-0.038968443870544434,-0.0019105701,3.0,2.0,0.8
2025-05-06,AAPL,-0.42549217,-0.03607231378555298,-0.011384746,2.0,9.0,0.9
2025-05-07,AAPL,-0.82747024,-0.03602002561092377,0.0063184826,3.0,8.0,0.8
2025-05-08,AAPL,0.04185396,-0.036433249711990356,0.0052660285,2.0,3.0,0.9
2025-05-09,AAPL,0.49811727,-0.03579568862915039,0.06314612,2.0,5.0,0.9
2025-05-12,AAPL,-0.5759477,-0.041686803102493286,0.010152397,3.0,7.0,0.8
2025-05-13,AAPL,-0.7717161,-0.043510302901268005,-0.0028178657,3.0,8.0,0.8
2025-05-14,AAPL,0.12600727,-0.042214930057525635,-0.0041444716,3.0,6.0,0.8
2025-05-15,AAPL,-0.24318719,-0.041685670614242554,-0.0008984888,3.0,7.0,0.8
2025-05-16,AAPL,-0.7555568,-0.04183652997016907,-0.011739122,3.0,8.0,0.8
2025-05-19,AAPL,-0.52747244,-0.042534857988357544,-0.009196363,3.0,7.0,0.8
2025-05-20,AAPL,-0.7973443,-0.04273790121078491,-0.023059066,3.0,9.0,0.8
2025-05-21,AAPL,-1.0680759,-0.035059794783592224,-0.0036121635,2.0,9.0,0.9
2025-05-22,AAPL,-2.259615,-0.03513161838054657,-0.030244218,2.0,10.0,0.9
2025-05-23,AAPL,-0.15434447,-0.026583373546600342,0.025298327,1.0,5.0,1.0
2025-05-27,AAPL,0.5536268,-0.028079450130462646,0.0010487174,1.0,3.0,1.0
2025-05-28,AAPL,-0.8424997,-0.022993966937065125,-0.0023450167,1.0,9.0,1.0
2025-05-29,AAPL,0.7626013,-0.018420100212097168,0.0045010713,1.0,1.0,1.0
2025-05-30,AAPL,-0.23376888,-0.015254691243171692,0.0042319633,1.0,6.0,1.0
2025-06-02,AAPL,0.11202471,-0.014170035719871521,0.007783942,1.0,3.0,1.0
2025-06-03,AAPL,-0.19694537,-0.013763904571533203,-0.0022138532,1.0,7.0,1.0
2025-06-04,AAPL,0.15550736,-0.015017911791801453,-0.010797713,1.0,8.0,1.0
2025-06-05,AAPL,0.10495018,-0.01484687626361847,0.016398316,1.0,6.0,1.0
2025-06-06,AAPL,-1.1555811,-0.020346373319625854,-0.012112568,1.0,10.0,1.0
2025-06-09,AAPL,-0.39210632,-0.020879805088043213,0.006056066,2.0,7.0,0.9
2025-06-10,AAPL,-1.0806396,-0.023298025131225586,-0.01919385,2.0,9.0,0.9
2025-06-11,AAPL,0.058293544,-0.02132616937160492,0.002112987,2.0,5.0,0.9
2025-06-12,AAPL,-0.42800963,-0.02038922905921936,-0.013805209,2.0,7.0,0.9
2025-06-13,AAPL,-0.6386667,-0.015321969985961914,0.010028001,2.0,8.0,0.9
2025-06-16,AAPL,-0.48127642,-0.017702966928482056,-0.014010701,2.0,9.0,0.9
2025-06-17,AAPL,0.19781706,-0.013282179832458496,0.00480478,2.0,5.0,0.9
2025-06-18,AAPL,1.6105231,-0.013881132006645203,0.022484416,2.0,1.0,0.9
2025-06-20,AAPL,-0.3140033,-0.014827817678451538,0.0024876087,3.0,6.0,0.8
2025-06-23,AAPL,-0.6143887,-0.01994672417640686,-0.0059553394,3.0,8.0,0.8
2025-06-24,AAPL,0.08869583,-0.02352243661880493,0.00629055,5.0,4.0,0.6
2025-06-25,AAPL,-1.438182,-0.02522975206375122,-0.0027783564,5.0,9.0,0.6
2025-06-26,AAPL,-0.40833965,-0.026170998811721802,0.0003979594,5.0,5.0,0.6
2025-06-27,AAPL,1.318637,-0.02609752118587494,0.020340241,5.0,2.0,0.6
2025-06-30,AAPL,1.115383,-0.02811110019683838,0.012916113,5.0,2.0,0.6
2025-07-01,AAPL,0.46780327,-0.03115697205066681,0.022230776,5.0,3.0,0.6
2025-07-02,AAPL,-0.8637644,-0.03547993302345276,0.005225,5.0,8.0,0.6
2025-07-03,AAPL,-0.15896586,-0.040120601654052734,-0.01685782,6.0,9.0,0.5
2025-07-07,AAPL,0.12754172,-0.04023844003677368,0.00028569126,6.0,5.0,0.5
2025-07-08,AAPL,-0.42684424,-0.04235479235649109,0.005380734,6.0,7.0,0.5
2025-07-09,AAPL,-0.07426421,-0.04446248710155487,0.006015083,6.0,5.0,0.5
2025-07-10,AAPL,-0.9085284,-0.04604718089103699,-0.0058849184,7.0,9.0,0.4
2025-07-11,AAPL,-1.5407436,-0.04567262530326843,-0.012028809,7.0,9.0,0.4
2025-07-14,AAPL,0.0038519062,-0.04371720552444458,0.0023487546,7.0,6.0,0.4
2025-07-15,AAPL,0.2593231,-0.04086241126060486,0.0050212936,6.0,3.0,0.5
2025-07-16,AAPL,-0.6053572,-0.03868946433067322,-0.0006661657,5.0,7.0,0.6
2025-07-17,AAPL,0.25318667,-0.036972954869270325,0.0055232756,5.0,4.0,0.6
2025-07-18,AAPL,-0.07077246,-0.03463210165500641,0.006155812,5.0,5.0,0.6
2025-07-21,AAPL,0.9722055,-0.031912028789520264,0.009036224,5.0,2.0,0.6
2025-07-22,AAPL,-0.980722,-0.030740827322006226,-0.0011661022,5.0,9.0,0.6
2025-07-23,AAPL,-0.052767675,-0.030213534832000732,-0.001821146,5.0,9.0,0.6
2025-07-24,AAPL,-0.36412522,-0.028208717703819275,0.0005614853,5.0,6.0,0.6
2025-07-25,AAPL,-0.6725088,-0.028421014547348022,0.00079479994,5.0,7.0,0.6
2025-07-28,AAPL,-0.76532304,-0.02828836441040039,-0.012987635,5.0,8.0,0.6
2025-07-29,AAPL,-1.0903301,-0.024850308895111084,-0.010507943,4.0,10.0,0.7
2025-07-30,AAPL,-0.28622702,-0.022224456071853638,-0.0070795906,4.0,5.0,0.7
2025-07-31,AAPL,0.09914886,-0.013187378644943237,-0.025003623,3.0,8.0,0.8
2025-08-01,AAPL,-0.5737334,-0.00017057359218597412,0.0047930274,2.0,8.0,0.9
2025-08-04,AAPL,0.5064331,0.000317305326461792,-0.0021145854,2.0,5.0,0.9
2025-08-05,AAPL,1.6487024,0.004910409450531006,0.050906632,2.0,1.0,0.9
2025-08-06,AAPL,2.216607,0.0021920204162597656,0.03179368,2.0,1.0,0.9
2025-08-07,AAPL,2.2019925,-0.006560817360877991,0.042357955,2.0,1.0,0.9
2025-08-08,AAPL,-0.710566,-0.01637345552444458,-0.008337396,2.0,9.0,0.9
2025-08-11,AAPL,-0.14717516,-0.021705523133277893,0.0108723575,4.0,6.0,0.7
2025-08-12,AAPL,1.5083843,-0.028330042958259583,0.016024461,5.0,1.0,0.6
2025-08-13,AAPL,-0.6607357,-0.035225361585617065,-0.0023571672,5.0,9.0,0.6
2025-08-14,AAPL,0.0043879836,-0.04224228858947754,-0.005112201,6.0,6.0,0.5
2025-08-15,AAPL,-0.25629604,-0.04812049865722656,-0.0030224933,7.0,8.0,0.4
2025-08-18,AAPL,0.957996,-0.05260641872882843,-0.0014292331,7.0,2.0,0.4
2025-08-19,AAPL,-1.1919101,-0.05491238832473755,-0.019734602,7.0,10.0,0.4
2025-08-20,AAPL,-0.16664234,-0.05507439374923706,-0.0049113394,7.0,6.0,0.4
2025-08-21,AAPL,-0.66803455,-0.05190211534500122,0.012716754,6.0,9.0,0.5
2025-08-22,AAPL,-0.6353479,-0.04787641763687134,-0.0026342256,5.0,7.0,0.6
2025-08-25,AAPL,0.54814553,-0.041618019342422485,0.009464638,5.0,5.0,0.6
2025-08-26,AAPL,0.4375106,-0.035821497440338135,0.005145948,5.0,4.0,0.6
2025-08-27,AAPL,0.16017602,-0.03192877769470215,0.008980784,5.0,4.0,0.6
2025-08-28,AAPL,0.6209411,-0.029114916920661926,-0.0018059977,5.0,4.0,0.6
2025-08-29,AAPL,-0.3974472,-0.027247533202171326,-0.010424716,5.0,7.0,0.6
2025-09-02,AAPL,0.77269393,-0.025051400065422058,0.03808988,5.0,2.0,0.6
2025-09-03,AAPL,-0.6289763,-0.02869442105293274,0.005493341,5.0,8.0,0.6
2025-09-04,AAPL,-0.06280639,-0.030500203371047974,-0.00037537393,5.0,5.0,0.6
2025-09-05,AAPL,-0.8837081,-0.030805081129074097,-0.0075514466,5.0,9.0,0.6
2025-09-08,AAPL,-1.2893819,-0.03022819757461548,-0.014839309,4.0,9.0,0.7
2025-09-09,AAPL,-1.0592558,-0.027347996830940247,-0.032259457,2.0,9.0,0.9
2025-09-10,AAPL,0.35419512,-0.021832868456840515,0.014286333,2.0,3.0,0.9
2025-09-11,AAPL,0.2500571,-0.019135892391204834,0.017562859,2.0,3.0,0.9
2025-09-12,AAPL,-0.2508389,-0.0141468346118927,0.011235999,2.0,6.0,0.9
2025-09-15,AAPL,0.10921705,-0.010558590292930603,0.006125868,2.0,5.0,0.9
2025-09-16,AAPL,0.58446294,-0.007550746202468872,0.0035272767,2.0,4.0,0.9
2025-09-17,AAPL,-0.3848698,-0.007818073034286499,-0.004644659,2.0,8.0,0.9
2025-09-18,AAPL,1.8769884,-0.006705373525619507,0.032032996,2.0,1.0,0.9
2025-09-19,AAPL,1.7791129,-0.005858123302459717,0.043095596,2.0,1.0,0.9
2025-09-22,AAPL,0.1918829,-0.012319624423980713,-0.0064432146,2.0,5.0,0.9
2025-09-23,AAPL,-0.68064946,-0.016666918992996216,-0.008332292,2.0,9.0,0.9
2025-09-24,AAPL,1.4392182,-0.023557037115097046,0.018072987,2.0,1.0,0.9
2025-09-25,AAPL,-0.8984271,-0.02947983145713806,-0.0054891775,2.0,9.0,0.9
2025-09-26,AAPL,-0.1651355,-0.03653702139854431,-0.0040319636,3.0,7.0,0.8
2025-09-29,AAPL,0.054998074,-0.04122993350028992,0.0007861334,5.0,5.0,0.6
2025-09-30,AAPL,0.07246445,-0.04500925540924072,0.0032203144,5.0,7.0,0.6
2025-10-01,AAPL,0.44719052,-0.045917853713035583,0.006576733,5.0,5.0,0.6
2025-10-02,AAPL,0.5025128,-0.04540832340717316,0.0034610233,5.0,3.0,0.6
2025-10-03,AAPL,-0.7670137,-0.04321989417076111,-0.005154516,5.0,8.0,0.6
2025-10-06,AAPL,0.47215807,-0.03948183357715607,-0.00081793393,4.0,4.0,0.7
2025-10-07,AAPL,-0.09613665,-0.03498202562332153,0.0061601573,4.0,6.0,0.7
2025-10-08,AAPL,-1.2334062,-0.03341898322105408,-0.015577767,4.0,10.0,0.7
2025-10-09,AAPL,0.083244696,-0.03004559874534607,-0.034522038,3.0,5.0,0.8
2025-10-10,AAPL,-0.7182611,-0.018632084131240845,0.009744327,3.0,9.0,0.8
2025-10-13,AAPL,0.8601387,-0.017579391598701477,0.00044413083,2.0,3.0,0.9
2025-10-14,AAPL,-0.13356806,-0.010902270674705505,0.0063365316,2.0,6.0,0.9
2025-10-15,AAPL,-0.25436696,-0.00825759768486023,-0.0075800004,2.0,6.0,0.9
2025-10-16,AAPL,1.1464409,-0.001897275447845459,0.019559516,2.0,2.0,0.9
2025-10-17,AAPL,2.1259923,-0.006999760866165161,0.03943866,2.0,1.0,0.9
2025-10-20,AAPL,0.47676396,-0.012203022837638855,0.0020210352,2.0,2.0,0.9
2025-10-21,AAPL,-1.1662331,-0.01529569923877716,-0.016440144,2.0,9.0,0.9
2025-10-22,AAPL,-0.5408566,-0.016457855701446533,0.0043720338,3.0,7.0,0.8
2025-10-23,AAPL,0.1471342,-0.020568817853927612,0.012481871,3.0,6.0,0.8
2025-10-24,AAPL,0.12118859,-0.02343297004699707,0.022791272,3.0,4.0,0.8
2025-10-27,AAPL,-0.62033844,-0.02654018998146057,0.0007067043,3.0,8.0,0.8
2025-10-28,AAPL,-0.62585366,-0.02872544527053833,0.0026023241,3.0,6.0,0.8
2025-10-29,AAPL,0.77761585,-0.030317962169647217,0.0063033476,3.0,3.0,0.8
2025-10-30,AAPL,-0.29824424,-0.031874462962150574,-0.0037951563,3.0,7.0,0.8
2025-10-31,AAPL,-0.47921473,-0.032653287053108215,-0.004882247,3.0,6.0,0.8
2025-11-03,AAPL,1.1376132,-0.03478313982486725,0.0036797358,2.0,1.0,0.9
2025-11-04,AAPL,-0.39947137,-0.03236788511276245,0.00037034496,1.0,7.0,1.0
2025-11-05,AAPL,0.7599906,-0.033124566078186035,-0.0013698257,1.0,4.0,1.0
2025-11-06,AAPL,-0.02796328,-0.03042645752429962,-0.004818963,1.0,7.0,1.0
2025-11-07,AAPL,-1.107309,-0.02957361936569214,0.0045486246,1.0,10.0,1.0
2025-11-10,AAPL,1.5889384,-0.027932345867156982,0.021601267,1.0,1.0,1.0
2025-11-11,AAPL,0.053487815,-0.026957854628562927,-0.00646677,1.0,5.0,1.0
2025-11-12,AAPL,1.0082356,-0.025896906852722168,-0.0019014764,1.0,3.0,1.0
2025-11-13,AAPL,-0.29718047,-0.0231478214263916,-0.0019784193,2.0,7.0,0.9
2025-11-14,AAPL,-0.900107,-0.022333234548568726,-0.018171106,2.0,9.0,0.9
2025-11-17,AAPL,0.7537422,-0.01787334680557251,-7.493988e-05,2.0,2.0,0.9
2025-11-18,AAPL,-0.21500844,-0.01454836130142212,0.004188023,2.0,6.0,0.9
2025-11-19,AAPL,0.7360186,-0.014983326196670532,-0.008601475,2.0,3.0,0.9
2025-11-20,AAPL,0.9915159,-0.0117264986038208,0.019680612,2.0,2.0,0.9
2025-11-21,AAPL,-0.4498468,-0.01584741473197937,0.016317567,2.0,7.0,0.9
2025-11-24,AAPL,-0.23251165,-0.019406646490097046,0.0038053396,2.0,8.0,0.9
2025-11-25,AAPL,-0.48064935,-0.021072685718536377,0.0020941065,2.0,7.0,0.9
2025-11-26,AAPL,-0.3803695,-0.02237054705619812,0.0046838666,2.0,8.0,0.9
2025-11-28,AAPL,1.1819831,-0.023914366960525513,0.015241063,2.0,2.0,0.9
2025-12-01,AAPL,1.1791995,-0.023305371403694153,0.010914952,2.0,1.0,0.9
2025-12-02,AAPL,-0.4825378,-0.026373133063316345,-0.007128104,2.0,6.0,0.9
2025-12-03,AAPL,-1.1175904,-0.028396636247634888,-0.012141397,2.0,9.0,0.9
2025-12-04,AAPL,-1.0283504,-0.029011651873588562,-0.0068401755,2.0,10.0,0.9
2025-12-05,AAPL,-0.04073233,-0.02836427092552185,-0.0031924427,2.0,5.0,0.9
2025-12-08,AAPL,-0.11032337,-0.026232600212097168,-0.0025550642,2.0,7.0,0.9
2025-12-09,AAPL,-0.024222521,-0.024590730667114258,0.0057724803,2.0,7.0,0.9
2025-12-10,AAPL,0.074719205,-0.022993028163909912,-0.0026903718,2.0,5.0,0.9
2025-12-11,AAPL,0.48463094,-0.020927727222442627,0.0008993199,2.0,3.0,0.9
2025-12-12,AAPL,-0.41428873,-0.015927940607070923,-0.014985057,1.0,8.0,1.0
2025-12-15,AAPL,0.0029789126,-0.01007707417011261,0.0018241386,1.0,6.0,1.0
2025-12-16,AAPL,0.2918302,-0.005859285593032837,-0.010086926,1.0,5.0,1.0
2025-12-17,AAPL,-0.8956326,0.0009062439203262329,0.0012874469,1.0,8.0,1.0
2025-12-18,AAPL,-0.2999347,0.0034305155277252197,0.005437604,1.0,5.0,1.0
2025-12-19,AAPL,-1.957396,0.006426364183425903,-0.00986607,1.0,10.0,1.0
2025-12-22,AAPL,-0.5772369,0.006437450647354126,0.0051297327,1.0,8.0,1.0
2025-12-23,AAPL,0.88595533,0.0071228742599487305,0.0053237663,1.0,2.0,1.0
2025-12-24,AAPL,0.060507633,0.0052918195724487305,-0.001497343,1.0,6.0,1.0
2025-12-26,AAPL,0.6377057,0.00474923849105835,0.0013168127,1.0,2.0,1.0
2025-12-29,AAPL,-0.46073923,0.003635406494140625,-0.0024840666,1.0,8.0,1.0
2025-12-30,AAPL,0.80567,0.0016497969627380371,-0.0044675064,1.0,3.0,1.0
2025-12-31,AAPL,0.00035181158,0.0016223341226577759,-0.0031264753,1.0,6.0,1.0
2026-01-02,AAPL,-1.3762006,0.0004640519618988037,-0.013837078,1.0,10.0,1.0
2026-01-05,AAPL,-0.6040471,0.0011942088603973389,-0.018334508,1.0,8.0,1.0
2026-01-06,AAPL,-0.33115822,0.0026351213455200195,-0.0077372896,1.0,7.0,1.0
2026-01-07,AAPL,-0.30655804,0.006078630685806274,-0.004955135,1.0,7.0,1.0
2026-01-08,AAPL,-0.70589626,0.009297177195549011,0.0012738061,1.0,8.0,1.0
2026-01-09,AAPL,0.29895067,0.010229095816612244,0.00339277,1.0,4.0,1.0
2026-01-12,AAPL,0.41919142,0.012922272086143494,0.003074057,1.0,5.0,1.0
2026-01-13,AAPL,0.4779362,0.013911247253417969,-0.004175426,1.0,3.0,1.0
2026-01-14,AAPL,-0.8726876,0.013602182269096375,-0.0067318827,1.0,8.0,1.0
2026-01-15,AAPL,-1.2422322,0.011290758848190308,-0.010379048,1.0,10.0,1.0
2026-01-16,AAPL,-0.28984708,0.011939063668251038,-0.034555685,1.0,7.0,1.0
2026-01-20,AAPL,-0.26535094,0.0194377601146698,0.003850881,1.0,6.0,1.0
2026-01-21,AAPL,-0.55694485,0.015253126621246338,0.0028265282,1.0,8.0,1.0
2026-01-22,AAPL,-0.3665115,0.0119762122631073,-0.0012482377,1.0,7.0,1.0
2026-01-23,AAPL,1.3791943,0.01036679744720459,0.029712938,1.0,1.0,1.0
2026-01-26,AAPL,0.08253859,0.005678504705429077,0.011197672,1.0,5.0,1.0
2026-01-27,AAPL,-1.1902348,-0.001408904790878296,-0.007085589,1.0,10.0,1.0
2026-01-28,AAPL,0.11054373,-0.007568418979644775,0.007175054,1.0,4.0,1.0
2026-01-29,AAPL,0.3620489,-0.010840371251106262,0.004646256,1.0,3.0,1.0
2026-01-30,AAPL,1.9478962,-0.014537572860717773,0.040581234,1.0,1.0,1.0
2026-02-02,AAPL,0.26469857,-0.024797528982162476,-0.0019629018,1.0,4.0,1.0
2026-02-03,AAPL,1.4440918,-0.032941192388534546,0.026012931,4.0,2.0,0.7
2026-02-04,AAPL,0.72807455,-0.039759039878845215,-0.002097742,4.0,3.0,0.7
2026-02-05,AAPL,-0.23594056,-0.045218199491500854,0.008010003,5.0,7.0,0.6
2026-02-06,AAPL,-1.524703,-0.05102270841598511,-0.011660636,6.0,10.0,0.5
2026-02-09,AAPL,0.14041567,-0.05687645077705383,-0.0034230174,6.0,4.0,0.5
2026-02-10,AAPL,0.57521385,-0.05921211838722229,0.0066501563,6.0,5.0,0.5
2026-02-11,AAPL,-1.9594073,-0.05983859300613403,-0.04998179,6.0,10.0,0.5
2026-02-12,AAPL,-1.3764064,-0.05537313222885132,-0.022733375,6.0,10.0,0.5
2026-02-13,AAPL,1.6251768,-0.05211040377616882,0.031667903,6.0,1.0,0.5
2026-02-17,AAPL,-0.812775,-0.04680761694908142,0.0017811676,4.0,9.0,0.7
2026-02-18,AAPL,-2.7015665,-0.044432446360588074,-0.014261591,4.0,10.0,0.7
2026-02-19,AAPL,0.38059345,-0.03992415964603424,0.015350431,4.0,4.0,0.7
2026-02-20,AAPL,0.91702616,-0.03717729449272156,0.006047274,3.0,3.0,0.8
2026-02-23,AAPL,1.28684,-0.03309506177902222,0.022391051,3.0,2.0,0.8
2026-02-24,AAPL,-0.78496903,-0.0344814658164978,0.0076798564,2.0,8.0,0.9
2026-02-25,AAPL,0.42368886,-0.036497294902801514,-0.0046676896,2.0,5.0,0.9
2026-02-26,AAPL,-1.0398864,-0.03662043809890747,-0.03213038,3.0,9.0,0.8
2026-02-27,AAPL,-0.0886278,-0.03325247764587402,0.002043922,3.0,5.0,0.8
2026-03-02,AAPL,0.17070231,-0.03352256119251251,-0.0036640947,3.0,5.0,0.8
2026-03-03,AAPL,-0.8634424,-0.0318322628736496,-0.004663641,3.0,9.0,0.8
2026-03-04,AAPL,-0.62617666,-0.032707542181015015,-0.008494536,3.0,8.0,0.8
2026-03-05,AAPL,0.31308237,-0.027575746178627014,-0.010872577,3.0,5.0,0.8
2026-03-06,AAPL,-0.14408946,-0.020998671650886536,0.009399602,2.0,4.0,0.9
2026-03-09,AAPL,0.46738657,-0.0224306583404541,0.003655516,2.0,4.0,0.9
2026-03-10,AAPL,-0.39545554,-0.020862087607383728,-7.665573e-05,1.0,6.0,1.0
2026-03-11,AAPL,-0.37009212,-0.02020186185836792,-0.01936274,1.0,8.0,1.0
2026-03-12,AAPL,-0.4788663,-0.014781743288040161,-0.022051947,1.0,8.0,1.0
2026-03-13,AAPL,-0.39593545,-0.01332324743270874,0.010794881,1.0,7.0,1.0
2026-03-16,AAPL,0.21270461,-0.014636188745498657,0.005577021,1.0,5.0,1.0
2026-03-17,AAPL,-0.52563506,-0.014579564332962036,-0.016874447,1.0,8.0,1.0
2026-03-18,AAPL,0.15799388,-0.010912925004959106,-0.0039208876,1.0,5.0,1.0
2026-03-19,AAPL,0.9540618,-0.012063294649124146,-0.003896289,1.0,2.0,1.0
2026-03-20,AAPL,-0.2713426,-0.005433499813079834,0.01411351,1.0,6.0,1.0
2026-03-23,AAPL,0.41291037,-0.010414272546768188,0.00059639115,1.0,4.0,1.0
2026-03-24,AAPL,-0.13129264,-0.011758357286453247,0.0038944604,1.0,5.0,1.0
2026-03-25,AAPL,1.02551,-0.01680159568786621,0.0010688475,2.0,2.0,0.9
2026-03-26,AAPL,0.27180144,-0.01756301522254944,-0.016173054,2.0,2.0,0.9
2026-03-27,AAPL,-0.44079268,-0.017497509717941284,-0.008721878,2.0,7.0,0.9
2026-03-30,AAPL,-0.5022367,-0.019688278436660767,0.029031351,3.0,9.0,0.8
2026-03-31,AAPL,0.051197316,-0.025543123483657837,0.0072501227,3.0,7.0,0.8
2026-04-01,AAPL,0.33414334,-0.030669480562210083,0.0011344171,4.0,4.0,0.7
2026-04-02,AAPL,0.64662445,-0.03592929244041443,0.011487928,4.0,4.0,0.7
2026-04-06,AAPL,-1.1802273,-0.03960861265659332,-0.020706162,4.0,10.0,0.7
2026-04-07,AAPL,-0.011250097,-0.0355372428894043,0.021301838,2.0,7.0,0.9
2026-04-08,AAPL,-0.31399083,-0.04145282506942749,0.0061413306,3.0,7.0,0.8
2026-04-09,AAPL,-0.41826665,-0.04559864103794098,-3.837789e-05,3.0,6.0,0.8
2026-04-10,AAPL,-1.3405068,-0.0472663938999176,-0.0049139666,3.0,10.0,0.8
2026-04-13,AAPL,-0.8391576,-0.048501208424568176,-0.0014275206,2.0,8.0,0.9
2026-04-14,AAPL,0.29762387,-0.04813721776008606,0.029362882,2.0,4.0,0.9
2026-04-15,AAPL,-1.4273431,-0.04930923879146576,-0.011372574,2.0,10.0,0.9
2026-04-16,AAPL,0.8371047,-0.05046573281288147,0.025930172,2.0,2.0,0.9
2026-04-17,AAPL,1.0351479,-0.05062258243560791,0.010435425,2.0,2.0,0.9
2026-04-20,AAPL,-1.5866015,-0.0520080029964447,-0.025196714,2.0,10.0,0.9
2026-04-21,AAPL,0.6097282,-0.05146831274032593,0.02629905,2.0,2.0,0.9
2026-04-22,AAPL,0.7956973,-0.053438037633895874,0.00095161994,1.0,2.0,1.0
2026-04-23,AAPL,-1.0993339,-0.054589539766311646,-0.008667687,1.0,8.0,1.0
2026-04-24,AAPL,-1.0440216,-0.055506378412246704,-0.012727786,2.0,10.0,0.9
2026-04-27,AAPL,0.9489731,-0.055288657546043396,0.01158404,2.0,2.0,0.9
2026-04-28,AAPL,-0.17528355,-0.05367721617221832,-0.001994732,1.0,5.0,1.0
2026-04-29,AAPL,0.078160614,-0.05078020691871643,0.004367693,1.0,6.0,1.0
2026-04-30,AAPL,1.7903093,-0.044271498918533325,0.032393627,1.0,1.0,1.0
2026-05-01,AAPL,-1.0633302,-0.04377543926239014,-0.011815752,1.0,9.0,1.0
2026-05-04,AAPL,1.5550978,-0.04105539619922638,0.02655073,1.0,1.0,1.0
2026-05-05,AAPL,0.0043744813,-0.04215589165687561,0.011718026,1.0,6.0,1.0
2026-05-06,AAPL,0.05110384,-0.042901426553726196,-0.00024350444,1.0,6.0,1.0
2026-05-07,AAPL,0.57026494,-0.04443664848804474,0.020456377,2.0,3.0,0.9
2026-05-08,AAPL,-0.11984627,-0.046627774834632874,-0.0012626131,2.0,4.0,0.9
2026-05-11,AAPL,0.74161553,-0.04898451268672943,0.0072433744,4.0,2.0,0.7
2026-05-12,AAPL,0.09923702,-0.05157157778739929,0.013805987,4.0,6.0,0.7
2026-05-13,AAPL,-0.5463176,-0.05365937948226929,-0.0022082932,5.0,7.0,0.6
2026-05-14,AAPL,0.51879865,-0.05617460608482361,0.006773819,5.0,3.0,0.6
2026-05-15,AAPL,-0.36412776,-0.055766284465789795,-0.007960661,6.0,7.0,0.5
2026-05-18,AAPL,1.3217841,-0.05634969472885132,0.0037939902,6.0,2.0,0.5
2026-05-19,AAPL,0.08625933,-0.05465760827064514,0.010971059,6.0,6.0,0.5
2026-05-20,AAPL,1.1006335,-0.0532047301530838,0.009065246,5.0,2.0,0.6
2026-05-21,AAPL,1.0237055,-0.05055910348892212,0.01255786,5.0,2.0,0.6
2026-05-22,AAPL,-0.17154442,-0.048302099108695984,-0.0015867358,5.0,6.0,0.6
2026-05-26,AAPL,0.27697682,-0.04578670859336853,0.008173141,6.0,4.0,0.5
2026-05-27,AAPL,-0.050240234,-0.043535470962524414,0.0053401953,6.0,5.0,0.5
2026-05-28,AAPL,-0.15317398,-0.04145589470863342,-0.0014399643,6.0,4.0,0.5
2026-05-29,AAPL,-0.42667446,-0.038015514612197876,-0.018425979,6.0,7.0,0.5
2026-06-01,AAPL,1.0195725,-0.032843828201293945,0.029022936,5.0,2.0,0.6
2026-06-02,AAPL,-0.40611064,-0.030100882053375244,-0.015672643,5.0,7.0,0.6
2026-06-03,AAPL,0.121545106,-0.02503746747970581,0.0031264524,4.0,6.0,0.7
2026-06-04,AAPL,0.79331607,-0.022339850664138794,-0.012498826,4.0,3.0,0.7
2026-06-05,AAPL,-1.0716599,-0.012149065732955933,-0.018871546,3.0,10.0,0.8
2026-06-08,AAPL,-1.7472823,-0.010144338011741638,-0.03644634,3.0,10.0,0.8
2026-06-09,AAPL,1.2766682,-0.002614736557006836,0.0035450056,2.0,2.0,0.9
2026-06-10,AAPL,0.16327888,0.005814582109451294,0.013889837,2.0,6.0,0.9
2026-06-11,AAPL,-1.3440889,0.007614597678184509,-0.015221634,2.0,10.0,0.9
2026-06-12,AAPL,0.008030673,0.010783374309539795,0.01817054,1.0,7.0,1.0
2026-06-15,AAPL,0.5230155,0.011574894189834595,0.009513514,1.0,4.0,1.0
2026-06-16,AAPL,0.16691971,0.012921631336212158,-0.010994538,1.0,4.0,1.0
2026-06-17,AAPL,-0.17020635,0.016158804297447205,0.0069606444,1.0,7.0,1.0
2026-06-18,AAPL,0.55320805,0.0144214928150177,-0.0033555138,1.0,4.0,1.0
2026-06-22,AAPL,0.08082107,0.014078378677368164,-0.009124399,2.0,6.0,0.9
2026-06-23,AAPL,0.36511704,0.015536889433860779,-0.0041454807,1.0,5.0,1.0
2026-06-24,AAPL,-2.0808585,0.011658310890197754,-0.06117774,1.0,10.0,1.0
2026-06-25,AAPL,0.94881004,0.011432141065597534,0.03136469,1.0,2.0,1.0
2026-06-26,AAPL,-0.9173962,0.013081908226013184,-0.0071886545,1.0,9.0,1.0
2026-06-29,AAPL,1.3480445,0.009168416261672974,0.027046213,1.0,1.0,1.0
2026-06-30,AAPL,0.06418653,0.0042510926723480225,0.017348673,1.0,4.0,1.0
2026-07-01,AAPL,1.6684718,-0.0011740624904632568,0.048406754,1.0,1.0,1.0
2026-07-02,AAPL,-0.19751073,-0.010383844375610352,0.013057781,2.0,6.0,0.9
2026-07-06,AAPL,-0.47584292,-0.020109087228775024,-0.006396771,2.0,8.0,0.9
2026-07-07,AAPL,0.40900674,-0.027761995792388916,0.008787786,2.0,3.0,0.9
2026-07-08,AAPL,-0.09055583,-0.03414013981819153,0.009030229,2.0,6.0,0.9
2026-07-09,AAPL,-0.5858789,-0.04119269549846649,-0.0028460438,2.0,8.0,0.9
2026-07-10,AAPL,0.539857,-0.04848010838031769,0.0063109393,2.0,4.0,0.9
2026-07-13,AAPL,-1.0260484,-0.05131211876869202,-0.007721116,2.0,9.0,0.9
2026-07-14,AAPL,1.3689413,-0.05559895932674408,0.040144864,3.0,1.0,0.8
2026-07-15,AAPL,1.3629531,-0.05785617232322693,0.017587783,3.0,1.0,0.8
2026-07-16,AAPL,1.1810611,-0.06051322817802429,0.0014402173,4.0,2.0,0.7
2026-07-17,AAPL,-1.3715328,-0.06213287264108658,-0.021423835,4.0,9.0,0.7
2026-07-20,AAPL,-0.24462758,-0.06474623084068298,0.00352126,4.0,6.0,0.7
2026-07-21,AAPL,-0.23557585,-0.06577681005001068,-0.005644666,4.0,5.0,0.7
2026-07-22,AAPL,0.44725877,-0.06633388996124268,-0.01297982,4.0,4.0,0.7
2026-07-23,AAPL,2.1329145,-0.06350716203451157,0.035316724,4.0,1.0,0.7
2026-07-24,AAPL,0.6452821,-0.06257651746273041,0.011681009,4.0,3.0,0.7
2026-07-27,AAPL,0.74067885,-0.06225404143333435,0.009408945,6.0,3.0,0.5
2026-07-28,AAPL,0.42485636,-0.06347179412841797,-0.0055574127,6.0,3.0,0.5
2026-07-29,AAPL,-0.60594434,-0.060722798109054565,-0.014074993,6.0,9.0,0.5
2026-07-30,AAPL,-1.6815944,-0.056072115898132324,-0.07353859,4.0,10.0,0.7
2026-07-31,AAPL,-1.6425297,-0.044908612966537476,-0.017772136,3.0,10.0,0.8
2026-08-03,AAPL,0.2845257,-0.03138957917690277,0.019642638,1.0,3.0,1.0
2026-08-04,AAPL,0.5442439,-0.01755143702030182,0.0052363365,1.0,2.0,1.0
2026-08-05,AAPL,0.13635495,-0.00832831859588623,0.004533755,1.0,4.0,1.0
2026-08-06,AAPL,-0.27710715,-0.0021379590034484863,0.002944791,1.0,7.0,1.0
2026-08-07,AAPL,-0.97942704,0.0020198076963424683,-0.015332486,1.0,9.0,1.0
2026-08-10,AAPL,-0.26225004,0.007781237363815308,-0.010867469,1.0,7.0,1.0
2026-08-11,AAPL,-0.14215435,0.012533009052276611,-0.008723898,1.0,6.0,1.0
2026-08-12,AAPL,0.119026944,0.01650962233543396,0.009958676,1.0,3.0,1.0
2026-08-13,AAPL,0.4439945,0.018690019845962524,0.0021947941,1.0,3.0,1.0
2026-08-14,AAPL,0.45730513,0.017931103706359863,-0.0011113534,1.0,3.0,1.0
2026-08-17,AAPL,0.979638,0.017818719148635864,0.014529279,1.0,2.0,1.0
2026-08-18,AAPL,0.8019259,0.014818400144577026,0.021933323,1.0,3.0,1.0
2026-08-19,AAPL,-0.92881894,0.006775796413421631,-0.017454153,1.0,9.0,1.0
2026-08-20,AAPL,-0.6851738,0.0019906610250473022,-0.0062639955,1.0,9.0,1.0
2026-08-21,AAPL,0.331751,-0.003513619303703308,0.003200227,1.0,6.0,1.0
2026-08-24,AAPL,-0.2757624,-0.007168799638748169,-0.0014178078,1.0,6.0,1.0
2026-08-25,AAPL,1.3401862,-0.012113779783248901,0.011455367,1.0,1.0,1.0
2026-08-26,AAPL,-0.3031395,-0.01573486626148224,0.0036049588,1.0,5.0,1.0
2026-08-27,AAPL,0.5106554,-0.02092568576335907,0.01627575,1.0,4.0,1.0
2026-08-28,AAPL,-0.44660214,-0.02516065537929535,-0.008914626,1.0,6.0,1.0
2026-08-31,AAPL,1.6025219,-0.02944004535675049,0.026132235,3.0,1.0,0.8
2026-09-01,AAPL,-0.43202814,-0.032499268651008606,-0.00052290905,4.0,7.0,0.7
2026-09-02,AAPL,-0.21317865,-0.03828182816505432,0.010001231,5.0,8.0,0.6
2026-09-03,AAPL,-0.62939036,-0.042299479246139526,-0.025105849,6.0,9.0,0.5
2026-09-04,AAPL,-0.6374528,-0.04467368125915527,-0.011719849,6.0,8.0,0.5
2026-09-08,AAPL,-0.19469456,-0.04365567862987518,-0.002782888,5.0,5.0,0.6
2026-09-09,AAPL,2.3263483,-0.039521023631095886,0.03561239,4.0,1.0,0.7
2026-09-10,AAPL,1.268002,-0.03898060321807861,0.017454088,4.0,3.0,0.7
2025-01-22,AMZN,-0.16066968,-0.04174274206161499,0.0017446222,5.0,4.0,0.6
2025-01-23,AMZN,0.026617942,-0.04325525462627411,-0.002421171,5.0,4.0,0.6
2025-01-24,AMZN,0.5118245,-0.045211195945739746,0.0024270474,5.0,5.0,0.6
2025-01-27,AMZN,-0.3662086,-0.0446912944316864,0.011596278,5.0,7.0,0.6
2025-01-28,AMZN,0.1813786,-0.04636618494987488,-0.0045349007,5.0,6.0,0.6
2025-01-29,AMZN,-0.55677426,-0.04845534265041351,-0.01025017,5.0,9.0,0.6
2025-01-30,AMZN,0.698415,-0.05056753754615784,0.012955989,5.0,3.0,0.6
2025-01-31,AMZN,0.6844297,-0.05041372776031494,-0.0010938847,5.0,3.0,0.6
2025-02-03,AMZN,0.28718287,-0.04858769476413727,0.019543422,5.0,6.0,0.6
2025-02-04,AMZN,-0.5964403,-0.04654702544212341,-0.024332808,5.0,8.0,0.6
2025-02-05,AMZN,0.37540123,-0.04759807884693146,0.011263089,5.0,3.0,0.6
2025-02-06,AMZN,-1.2477543,-0.04679349064826965,-0.040530954,5.0,9.0,0.5555555555555556
2025-02-07,AMZN,0.39081758,-0.044022172689437866,0.0174122,6.0,4.0,0.4444444444444444
2025-02-10,AMZN,0.09856986,-0.043613895773887634,-0.0016299429,5.0,5.0,0.5555555555555556
2025-02-11,AMZN,-0.8034206,-0.042814940214157104,-0.016454726,5.0,8.0,0.5555555555555556
2025-02-12,AMZN,-0.49809116,-0.04362808167934418,0.0062901434,5.0,6.0,0.5555555555555556
2025-02-13,AMZN,-0.7422642,-0.04443898797035217,-0.0073360354,5.0,8.0,0.5555555555555556
2025-02-14,AMZN,-0.739264,-0.042787835001945496,-0.008877029,5.0,8.0,0.5555555555555556
2025-02-18,AMZN,-0.23247632,-0.0393998920917511,-8.8193316e-05,5.0,7.0,0.6
2025-02-19,AMZN,-0.5470063,-0.036058127880096436,-0.016546793,2.0,8.0,0.9
2025-02-20,AMZN,-0.3226535,-0.032431259751319885,-0.028266344,2.0,7.0,0.9
2025-02-21,AMZN,-0.14625607,-0.025999873876571655,-0.017868664,2.0,6.0,0.9
2025-02-24,AMZN,0.9413857,-0.0248490571975708,0.00042309405,3.0,1.0,0.8
2025-02-25,AMZN,0.097718135,-0.021452084183692932,0.0072838487,2.0,4.0,0.9
2025-02-26,AMZN,0.07505686,-0.02225048840045929,-0.02617215,3.0,7.0,0.8
2025-02-27,AMZN,-0.20106278,-0.02157469093799591,0.016958864,3.0,5.0,0.8
2025-02-28,AMZN,-0.037311427,-0.02316853404045105,-0.034200087,4.0,8.0,0.7
2025-03-03,AMZN,0.105363116,-0.021148547530174255,-0.0059506446,5.0,6.0,0.6
2025-03-04,AMZN,0.5642529,-0.021035179495811462,0.022374865,5.0,4.0,0.6
2025-03-05,AMZN,-0.3371676,-0.025644749402999878,-0.03676331,5.0,6.0,0.6
2025-03-06,AMZN,-0.5986964,-0.025820165872573853,-0.0072246986,7.0,8.0,0.4
2025-03-07,AMZN,0.5271912,-0.02849540114402771,-0.023638679,7.0,2.0,0.4
2025-03-10,AMZN,0.32572344,-0.026025712490081787,0.010537695,7.0,5.0,0.4
2025-03-11,AMZN,-0.28048435,-0.02827318012714386,0.011699492,7.0,6.0,0.4
2025-03-12,AMZN,-0.32437438,-0.03166434168815613,-0.025139524,7.0,6.0,0.4
2025-03-13,AMZN,-0.7110502,-0.03311680257320404,0.020939695,7.0,8.0,0.4
2025-03-14,AMZN,-0.25320196,-0.03437739610671997,-0.011164392,7.0,8.0,0.4
2025-03-17,AMZN,0.32536623,-0.03573022782802582,-0.014917738,6.0,5.0,0.5
2025-03-18,AMZN,-0.41914788,-0.03559252619743347,0.014106347,6.0,7.0,0.5
2025-03-19,AMZN,-0.085804656,-0.03566768765449524,-0.0030172667,6.0,7.0,0.5
2025-03-20,AMZN,-0.3443153,-0.037447184324264526,0.006463246,6.0,7.0,0.5
2025-03-21,AMZN,0.19848223,-0.038410037755966187,0.035930827,6.0,3.0,0.5
2025-03-24,AMZN,0.20441124,-0.04295778274536133,0.0120535875,5.0,6.0,0.6
2025-03-25,AMZN,0.11071883,-0.045808255672454834,-0.022264361,5.0,5.0,0.6
2025-03-26,AMZN,0.67450374,-0.04724381864070892,0.0011435178,5.0,4.0,0.6
2025-03-27,AMZN,-0.9995731,-0.048981428146362305,-0.04290822,5.0,9.0,0.6
2025-03-28,AMZN,-0.8994048,-0.045837149024009705,-0.012764667,5.0,9.0,0.6
2025-03-31,AMZN,-0.15407328,-0.044176459312438965,0.010038913,5.0,6.0,0.6
2025-04-01,AMZN,0.55872357,-0.04633241891860962,0.019982288,5.0,3.0,0.6
2025-04-02,AMZN,-0.7733931,-0.04677915573120117,-0.08979129,5.0,8.0,0.6
2025-04-03,AMZN,0.87099576,-0.0316721647977829,-0.041533567,5.0,3.0,0.6
2025-04-04,AMZN,0.5850509,-0.010791704058647156,0.02491225,5.0,3.0,0.6
2025-04-07,AMZN,-0.4366537,-0.009820014238357544,-0.026246667,5.0,8.0,0.6
2025-04-08,AMZN,-0.27623484,-0.004568740725517273,0.11977032,5.0,6.0,0.6
2025-04-09,AMZN,-0.043470662,-0.019087374210357666,-0.051700704,5.0,5.0,0.6
2025-04-10,AMZN,-0.32338038,-0.017681151628494263,0.02014123,5.0,7.0,0.6
2025-04-11,AMZN,-0.8648106,-0.02368748188018799,-0.014875318,4.0,8.0,0.7
2025-04-14,AMZN,-0.9155646,-0.03030705451965332,-0.0138919335,4.0,8.0,0.7
2025-04-15,AMZN,0.06948446,-0.030883312225341797,-0.029288907,4.0,5.0,0.7
2025-04-16,AMZN,-0.37586832,-0.025097250938415527,-0.009866352,5.0,6.0,0.6
2025-04-17,AMZN,-0.13186075,-0.027085840702056885,-0.030647084,5.0,7.0,0.6
2025-04-21,AMZN,0.724735,-0.02375224232673645,0.03502262,4.0,2.0,0.7
2025-04-22,AMZN,0.7180342,-0.028667449951171875,0.042845674,3.0,3.0,0.8
2025-04-23,AMZN,0.21096148,-0.03794202208518982,0.032890294,3.0,5.0,0.8
2025-04-24,AMZN,-0.33415183,-0.0413234680891037,0.0131339785,3.0,6.0,0.8
2025-04-25,AMZN,-0.55845207,-0.04311749339103699,-0.006825803,3.0,8.0,0.8
2025-04-28,AMZN,-0.66975796,-0.04141451418399811,-0.0016515587,3.0,7.0,0.8
2025-04-29,AMZN,-0.58850414,-0.040936872363090515,-0.015849305,4.0,8.0,0.7
2025-04-30,AMZN,0.3712403,-0.04046851396560669,0.031341497,4.0,3.0,0.7
2025-05-01,AMZN,-0.73493844,-0.04290771484375,-0.0011566837,3.0,9.0,0.8
2025-05-02,AMZN,-0.5606418,-0.045291900634765625,-0.01910722,4.0,7.0,0.7
2025-05-05,AMZN,-0.08460866,-0.0466269850730896,-0.007190832,4.0,7.0,0.7
2025-05-06,AMZN,0.6558459,-0.045514315366744995,0.019998986,4.0,3.0,0.7
2025-05-07,AMZN,0.5018023,-0.04558691382408142,0.017858062,4.0,3.0,0.7
2025-05-08,AMZN,0.031887084,-0.04770508408546448,0.0051020184,4.0,4.0,0.7
2025-05-09,AMZN,1.2514765,-0.049722135066986084,0.08070031,4.0,1.0,0.7
2025-05-12,AMZN,-0.43845546,-0.05170336365699768,0.013084719,4.0,5.0,0.7
2025-05-13,AMZN,-0.8973914,-0.052886441349983215,-0.005298742,4.0,9.0,0.7
2025-05-14,AMZN,-1.5543619,-0.05359697341918945,-0.02416172,4.0,10.0,0.7
2025-05-15,AMZN,0.04093188,-0.05344122648239136,0.002047074,4.0,5.0,0.7
2025-05-16,AMZN,0.5745867,-0.05390739440917969,0.002772544,4.0,3.0,0.7
2025-05-19,AMZN,-0.65127164,-0.05844816565513611,-0.01013774,4.0,8.0,0.7
2025-05-20,AMZN,-0.23572554,-0.06311342120170593,-0.014455883,4.0,6.0,0.7
2025-05-21,AMZN,0.6186844,-0.06848802417516708,0.009844923,4.0,3.0,0.7
2025-05-22,AMZN,-0.0032768047,-0.06908392906188965,-0.010388974,4.0,6.0,0.7
2025-05-23,AMZN,-0.17088114,-0.06846991181373596,0.025026115,4.0,6.0,0.7
2025-05-27,AMZN,-0.25952026,-0.06354902684688568,-0.0063100816,4.0,6.0,0.7
2025-05-28,AMZN,-0.13197558,-0.060225844383239746,0.0047870055,4.0,4.0,0.7
2025-05-29,AMZN,0.18914987,-0.05896858870983124,-0.0033544116,4.0,7.0,0.7
2025-05-30,AMZN,0.005468986,-0.05840940773487091,0.007999607,4.0,4.0,0.7
2025-06-02,AMZN,-0.71601593,-0.055893927812576294,-0.004548692,5.0,8.0,0.6
2025-06-03,AMZN,0.3293868,-0.05549903213977814,0.007388989,5.0,4.0,0.6
2025-06-04,AMZN,0.47279778,-0.05552172660827637,0.0032814166,5.0,2.0,0.6
2025-06-05,AMZN,0.5497312,-0.055949628353118896,0.027223336,5.0,3.0,0.6
2025-06-06,AMZN,0.537656,-0.053988099098205566,0.015966607,5.0,2.0,0.6
2025-06-09,AMZN,-0.57741237,-0.05200010538101196,0.002903516,5.0,8.0,0.6
2025-06-10,AMZN,-1.1441877,-0.04996687173843384,-0.02026563,5.0,10.0,0.6
2025-06-11,AMZN,-0.1119771,-0.05065673589706421,0.00018765734,5.0,7.0,0.6
2025-06-12,AMZN,0.09662812,-0.04946836829185486,-0.005346086,5.0,3.0,0.6
2025-06-13,AMZN,0.57128674,-0.04942430555820465,0.018859029,6.0,4.0,0.5
2025-06-16,AMZN,0.13575229,-0.04888544976711273,-0.005923178,6.0,6.0,0.5
2025-06-17,AMZN,-1.1977793,-0.04977869987487793,-0.010706652,6.0,9.0,0.5
2025-06-18,AMZN,-0.4796098,-0.051067501306533813,-0.013316402,6.0,8.0,0.5
2025-06-20,AMZN,-0.6019674,-0.05070012807846069,-0.0058181183,6.0,8.0,0.5
2025-06-23,AMZN,0.60561603,-0.047134190797805786,0.020626483,6.0,3.0,0.5
2025-06-24,AMZN,-0.39099813,-0.04439319670200348,-0.0036659245,6.0,8.0,0.5
2025-06-25,AMZN,1.104912,-0.04202014207839966,0.024199205,6.0,2.0,0.5
2025-06-26,AMZN,1.5766228,-0.041574910283088684,0.02846356,6.0,2.0,0.5
2025-06-27,AMZN,-1.1443849,-0.04197625815868378,-0.017510092,6.0,9.0,0.5
2025-06-30,AMZN,0.7671214,-0.03975418210029602,0.004877193,6.0,3.0,0.5
2025-07-01,AMZN,-0.98581904,-0.03731468319892883,-0.0024494627,6.0,9.0,0.5
2025-07-02,AMZN,0.7194664,-0.03743268549442291,0.015869433,6.0,3.0,0.5
2025-07-03,AMZN,0.6970691,-0.03863498568534851,0.0002685536,5.0,1.0,0.6
2025-07-07,AMZN,-0.9633779,-0.04130735993385315,-0.018391734,7.0,9.0,0.4
2025-07-08,AMZN,0.50851053,-0.044822633266448975,0.014496684,7.0,4.0,0.4
2025-07-09,AMZN,-0.51897615,-0.044973671436309814,-0.0012581954,7.0,7.0,0.4
2025-07-10,AMZN,1.0969299,-0.04457119107246399,0.012417933,5.0,2.0,0.6
2025-07-11,AMZN,0.28794292,-0.042584508657455444,0.0029775049,5.0,6.0,0.6
2025-07-14,AMZN,0.036917277,-0.04031309485435486,0.0029243815,5.0,4.0,0.6
2025-07-15,AMZN,-1.1546025,-0.038999855518341064,-0.013960696,5.0,10.0,0.6
2025-07-16,AMZN,-0.1847142,-0.0398903489112854,0.0030915472,6.0,6.0,0.5
2025-07-17,AMZN,0.5194094,-0.040455400943756104,0.010050027,6.0,2.0,0.5
2025-07-18,AMZN,0.6739698,-0.04010725021362305,0.014018477,6.0,3.0,0.5
2025-07-21,AMZN,-0.1668432,-0.03925761580467224,-0.007980819,6.0,6.0,0.5
2025-07-22,AMZN,-0.48890853,-0.04011806845664978,0.003604836,6.0,6.0,0.5
2025-07-23,AMZN,0.5912346,-0.040127456188201904,0.017258761,6.0,3.0,0.5
2025-07-24,AMZN,-0.70946413,-0.04027670621871948,-0.0034017712,6.0,9.0,0.5
2025-07-25,AMZN,-0.19881642,-0.040041208267211914,0.0058330055,6.0,6.0,0.5
2025-07-28,AMZN,-0.35711715,-0.03950151801109314,-0.0076463716,6.0,7.0,0.5
2025-07-29,AMZN,-0.46687287,-0.03966623544692993,-0.0035495956,6.0,6.0,0.5
2025-07-30,AMZN,0.268006,-0.04000572860240936,0.017029403,6.0,3.0,0.5
2025-07-31,AMZN,-2.767659,-0.03799760341644287,-0.08269617,6.0,10.0,0.5
2025-08-01,AMZN,-1.5204293,-0.034627750515937805,-0.014435418,6.0,9.0,0.5
2025-08-04,AMZN,1.929475,-0.03346291184425354,0.00992207,6.0,1.0,0.5
2025-08-05,AMZN,1.1209387,-0.03302079439163208,0.040046774,6.0,2.0,0.5
2025-08-06,AMZN,0.13860767,-0.035310253500938416,0.003688576,6.0,5.0,0.5
2025-08-07,AMZN,-1.1156777,-0.03645786643028259,-0.0019719554,6.0,10.0,0.5
2025-08-08,AMZN,-0.5168459,-0.03676381707191467,-0.006241858,6.0,8.0,0.5
2025-08-11,AMZN,-1.1163212,-0.03366492688655853,0.0007681797,6.0,10.0,0.5
2025-08-12,AMZN,1.3392936,-0.033526092767715454,0.0139522115,6.0,2.0,0.5
2025-08-13,AMZN,2.282262,-0.03545409440994263,0.028589234,6.0,1.0,0.5
2025-08-14,AMZN,0.7050023,-0.037900179624557495,0.00021648218,5.0,4.0,0.6
2025-08-15,AMZN,0.25784224,-0.043228983879089355,0.0019911125,6.0,5.0,0.5
2025-08-18,AMZN,-0.037613314,-0.04755978286266327,-0.015033094,6.0,6.0,0.5
2025-08-19,AMZN,-1.0617639,-0.05138406157493591,-0.018420232,6.0,9.0,0.5
2025-08-20,AMZN,-0.7591522,-0.05324667692184448,-0.0083106235,6.0,8.0,0.5
2025-08-21,AMZN,0.4958744,-0.05309540033340454,0.031043025,7.0,3.0,0.4
2025-08-22,AMZN,-0.78930736,-0.05234655737876892,-0.0039328523,6.0,8.0,0.5
2025-08-25,AMZN,-0.22707981,-0.05314570665359497,0.0033781007,6.0,6.0,0.5
2025-08-26,AMZN,-0.085441835,-0.05256971716880798,0.0017926125,6.0,6.0,0.5
2025-08-27,AMZN,0.32249892,-0.051635682582855225,0.01082407,6.0,3.0,0.5
2025-08-28,AMZN,0.07198959,-0.049021124839782715,-0.011226278,6.0,6.0,0.5
2025-08-29,AMZN,-1.1294211,-0.050039902329444885,-0.01598255,6.0,9.0,0.5
2025-09-02,AMZN,-0.3467747,-0.051201239228248596,0.0028845707,6.0,5.0,0.5
2025-09-03,AMZN,2.6416872,-0.05325663089752197,0.042877946,6.0,1.0,0.5
2025-09-04,AMZN,-0.41838688,-0.05614788830280304,-0.014214151,6.0,6.0,0.5
2025-09-05,AMZN,0.8724576,-0.0595209002494812,0.015107797,6.0,2.0,0.5
2025-09-08,AMZN,0.32160017,-0.0601443350315094,0.0101764295,6.0,5.0,0.5
2025-09-09,AMZN,-1.0838703,-0.06065410375595093,-0.03320183,6.0,10.0,0.5
2025-09-10,AMZN,-0.35879558,-0.06362226605415344,-0.0016498279,6.0,8.0,0.5
2025-09-11,AMZN,-0.8518171,-0.06466604769229889,-0.007827802,6.0,10.0,0.5
2025-09-12,AMZN,-0.032206394,-0.06300017982721329,0.014376502,5.0,3.0,0.6
2025-09-15,AMZN,0.45052227,-0.06099359691143036,0.011320963,5.0,4.0,0.6
2025-09-16,AMZN,-0.30005366,-0.060611873865127563,-0.010382431,5.0,8.0,0.6
2025-09-17,AMZN,-0.18587181,-0.06103847920894623,-0.0016837898,5.0,5.0,0.6
2025-09-18,AMZN,-0.5264797,-0.05835959315299988,0.0010811746,4.0,7.0,0.7
2025-09-19,AMZN,-0.8227176,-0.053332239389419556,-0.016632067,4.0,10.0,0.7
2025-09-22,AMZN,-1.4741663,-0.05126219987869263,-0.030400202,4.0,10.0,0.7
2025-09-23,AMZN,-0.28263423,-0.045801207423210144,-0.002265416,3.0,7.0,0.8
2025-09-24,AMZN,-0.21136223,-0.04400262236595154,-0.009354765,3.0,7.0,0.8
2025-09-25,AMZN,0.05200251,-0.04027363657951355,0.0074719456,3.0,5.0,0.8
2025-09-26,AMZN,0.90190583,-0.04001426696777344,0.010874508,4.0,2.0,0.7
2025-09-29,AMZN,-1.0114949,-0.03790891170501709,-0.011702709,4.0,8.0,0.7
2025-09-30,AMZN,0.17805688,-0.03584200143814087,0.0048276065,4.0,4.0,0.7
2025-10-01,AMZN,0.5244542,-0.03580208122730255,0.0080678,4.0,4.0,0.7
2025-10-02,AMZN,-0.88683647,-0.036560818552970886,-0.013039023,4.0,8.0,0.7
2025-10-03,AMZN,-0.17004666,-0.03853321075439453,0.006332283,4.0,6.0,0.7
2025-10-06,AMZN,0.8040162,-0.04189576208591461,0.0039837253,5.0,1.0,0.6
2025-10-07,AMZN,0.6711009,-0.04627242684364319,0.015510878,5.0,3.0,0.6
2025-10-08,AMZN,0.8191661,-0.049519121646881104,0.011189079,5.0,3.0,0.6
2025-10-09,AMZN,-0.88778377,-0.054234281182289124,-0.049925398,6.0,8.0,0.5
2025-10-10,AMZN,-0.45482144,-0.0545676052570343,0.017100394,6.0,6.0,0.5
2025-10-13,AMZN,-0.19907692,-0.05758298933506012,-0.016721988,6.0,7.0,0.5
2025-10-14,AMZN,-1.1224785,-0.05919818580150604,-0.0037894177,6.0,9.0,0.5
2025-10-15,AMZN,-0.011049053,-0.060409486293792725,-0.005102779,6.0,5.0,0.5
2025-10-16,AMZN,-1.0846035,-0.05929872393608093,-0.0066676363,6.0,9.0,0.5
2025-10-17,AMZN,0.24433568,-0.059894680976867676,0.016147215,6.0,4.0,0.5
2025-10-20,AMZN,2.1280992,-0.059392184019088745,0.025637487,5.0,1.0,0.6
2025-10-21,AMZN,-1.3425784,-0.05853287875652313,-0.018375903,5.0,10.0,0.6
2025-10-22,AMZN,0.85386264,-0.058453142642974854,0.014406972,5.0,2.0,0.6
2025-10-23,AMZN,0.23481193,-0.0583111047744751,0.014111947,5.0,5.0,0.6
2025-10-24,AMZN,-0.774408,-0.059898242354393005,0.012309863,5.0,9.0,0.6
2025-10-27,AMZN,-0.1019636,-0.06035125255584717,0.010045375,5.0,5.0,0.6
2025-10-28,AMZN,-0.4831627,-0.06149521470069885,0.004580166,5.0,5.0,0.6
2025-10-29,AMZN,-0.22415893,-0.06225571781396866,-0.0323057,5.0,8.0,0.6
2025-10-30,AMZN,2.4927747,-0.061749741435050964,0.095844924,5.0,1.0,0.6
2025-10-31,AMZN,1.8477737,-0.06265421956777573,0.040045854,6.0,1.0,0.5
2025-11-03,AMZN,-0.047708847,-0.0639658272266388,-0.018425168,6.0,6.0,0.5
2025-11-04,AMZN,-0.2212489,-0.0663873627781868,0.003529559,7.0,6.0,0.4
2025-11-05,AMZN,-0.8394311,-0.06751716881990433,-0.028617121,7.0,8.0,0.4
2025-11-06,AMZN,0.59438896,-0.07141517102718353,0.005636975,7.0,2.0,0.4
2025-11-07,AMZN,-0.41242996,-0.07567012310028076,0.016324988,7.0,6.0,0.4
2025-11-10,AMZN,0.34785575,-0.08242140710353851,0.0028180846,7.0,5.0,0.4
2025-11-11,AMZN,-0.8444955,-0.0896562784910202,-0.019670852,8.0,8.0,0.3
2025-11-12,AMZN,-0.116844475,-0.09937265515327454,-0.027108908,8.0,5.0,0.3
2025-11-13,AMZN,-1.1432763,-0.10691975057125092,-0.012164321,10.0,9.0,0.1
2025-11-14,AMZN,-0.22244857,-0.10332086682319641,-0.007754942,9.0,5.0,0.2
2025-11-17,AMZN,-1.9087429,-0.09373129159212112,-0.044316538,9.0,10.0,0.2
2025-11-18,AMZN,-0.3970137,-0.0808664858341217,0.00062906934,8.0,7.0,0.3
2025-11-19,AMZN,-0.9665567,-0.07013161480426788,-0.024922552,8.0,9.0,0.3
2025-11-20,AMZN,0.7972364,-0.05785202980041504,0.016348913,6.0,3.0,0.5
2025-11-21,AMZN,-0.20772126,-0.050942763686180115,0.02532963,6.0,5.0,0.5
2025-11-24,AMZN,0.40202224,-0.04578700661659241,0.014981437,4.0,5.0,0.7
2025-11-25,AMZN,-0.8104806,-0.043169379234313965,-0.0022205533,4.0,8.0,0.7
2025-11-26,AMZN,0.74853116,-0.04191923141479492,0.017716868,4.0,2.0,0.7
2025-11-28,AMZN,0.46682054,-0.043373316526412964,0.0028299617,4.0,4.0,0.7
2025-12-01,AMZN,0.12080749,-0.044135212898254395,0.0023088476,4.0,6.0,0.7
2025-12-02,AMZN,-0.5636562,-0.048850491642951965,-0.0087023005,4.0,7.0,0.7
2025-12-03,AMZN,-1.2398037,-0.05405320227146149,-0.014071797,5.0,10.0,0.6
2025-12-04,AMZN,-0.21101029,-0.05514109134674072,0.0018331725,5.0,5.0,0.6
2025-12-05,AMZN,-0.48068535,-0.05745337903499603,-0.011501762,4.0,8.0,0.7
2025-12-08,AMZN,0.2625351,-0.055703386664390564,0.004539639,4.0,5.0,0.7
2025-12-09,AMZN,0.63996434,-0.053562045097351074,0.01693577,4.0,2.0,0.7
2025-12-10,AMZN,-0.19504532,-0.05004186928272247,-0.0064716544,4.0,6.0,0.7
2025-12-11,AMZN,-0.01367512,-0.050252050161361694,-0.017760972,4.0,8.0,0.7
2025-12-12,AMZN,-0.4638959,-0.04775303602218628,-0.016136916,4.0,9.0,0.7
2025-12-15,AMZN,-0.109572016,-0.0443897545337677,8.989069e-05,4.0,7.0,0.7
2025-12-16,AMZN,0.48027778,-0.0433884859085083,-0.0057961596,4.0,4.0,0.7
2025-12-17,AMZN,0.8112142,-0.04166671633720398,0.024811272,4.0,2.0,0.7
2025-12-18,AMZN,-0.48476487,-0.04432235658168793,0.002601921,4.0,7.0,0.7
2025-12-19,AMZN,-0.28329208,-0.04683089256286621,0.004750326,4.0,7.0,0.7
2025-12-22,AMZN,0.48894927,-0.04980584979057312,0.016241329,4.0,3.0,0.7
2025-12-23,AMZN,-0.23066485,-0.05089542269706726,0.0010338825,5.0,6.0,0.6
2025-12-24,AMZN,0.31793416,-0.0524771511554718,0.00060245884,5.0,3.0,0.6
2025-12-26,AMZN,0.36194664,-0.05441361665725708,-0.0019353043,5.0,5.0,0.6
2025-12-29,AMZN,0.32372382,-0.05728024244308472,0.0019821236,5.0,3.0,0.6
2025-12-30,AMZN,-0.23788181,-0.060214221477508545,-0.007353853,5.0,6.0,0.6
2025-12-31,AMZN,-0.96815526,-0.06307286024093628,-0.018715914,5.0,8.0,0.6
2026-01-02,AMZN,1.13992,-0.06343105435371399,0.028962461,5.0,2.0,0.6
2026-01-05,AMZN,1.7563179,-0.06219225376844406,0.033768106,4.0,1.0,0.7
2026-01-06,AMZN,0.34684986,-0.061620041728019714,0.0026148877,4.0,4.0,0.7
2026-01-07,AMZN,0.9023291,-0.06281778216362,0.019581039,5.0,2.0,0.6
2026-01-08,AMZN,-0.44597542,-0.06423300504684448,0.004425724,6.0,6.0,0.5
2026-01-09,AMZN,-0.31918204,-0.06550411880016327,-0.0036785658,6.0,6.0,0.5
2026-01-12,AMZN,-0.62162447,-0.06775634735822678,-0.015701689,6.0,8.0,0.5
2026-01-13,AMZN,-0.595795,-0.072479248046875,-0.024526019,7.0,8.0,0.4
2026-01-14,AMZN,0.46619952,-0.07696440815925598,0.006465239,9.0,4.0,0.2
2026-01-15,AMZN,0.12771983,-0.07827427983283997,0.0039466056,9.0,5.0,0.2
2026-01-16,AMZN,-0.25416675,-0.07925738394260406,-0.033957824,9.0,6.0,0.2
2026-01-20,AMZN,-0.4064153,-0.07629566639661789,0.0013419808,9.0,7.0,0.2
2026-01-21,AMZN,-0.045549635,-0.07055474817752838,0.013099299,8.0,4.0,0.3
2026-01-22,AMZN,0.9161952,-0.06531848013401031,0.020568436,6.0,2.0,0.5
2026-01-23,AMZN,-0.534886,-0.06046222150325775,-0.0030941858,6.0,8.0,0.5
2026-01-26,AMZN,1.3311633,-0.05812658369541168,0.026256165,6.0,1.0,0.5
2026-01-27,AMZN,-1.1527963,-0.05854472517967224,-0.006825234,6.0,9.0,0.5
2026-01-28,AMZN,-0.13561924,-0.06017550826072693,-0.005267268,7.0,7.0,0.4
2026-01-29,AMZN,-0.5692026,-0.06167854368686676,-0.010052508,7.0,9.0,0.4
2026-01-30,AMZN,0.7931849,-0.06274475902318954,0.0152946245,7.0,3.0,0.4
2026-02-02,AMZN,-0.4182089,-0.06397879123687744,-0.01786307,7.0,6.0,0.4
2026-02-03,AMZN,-0.4479353,-0.06565789133310318,-0.023593957,7.0,6.0,0.4
2026-02-04,AMZN,-1.4934119,-0.06563134491443634,-0.04420792,8.0,9.0,0.3
2026-02-05,AMZN,-1.756339,-0.057378143072128296,-0.05554805,7.0,10.0,0.4
2026-02-06,AMZN,-1.2708972,-0.039566099643707275,-0.0076074842,4.0,9.0,0.7
2026-02-09,AMZN,-0.35389614,-0.029917895793914795,-0.008432323,3.0,6.0,0.8
2026-02-10,AMZN,-0.6383836,-0.02008494734764099,-0.013915756,2.0,7.0,0.9
2026-02-11,AMZN,0.197122,-0.013187259435653687,-0.021952154,1.0,4.0,1.0
2026-02-12,AMZN,0.7017339,-0.005639433860778809,-0.0040581804,2.0,4.0,0.9
2026-02-13,AMZN,0.4721556,-0.004368379712104797,0.011871828,2.0,4.0,0.9
2026-02-17,AMZN,0.9226215,-0.003511682152748108,0.018095946,2.0,2.0,0.9
2026-02-18,AMZN,0.32194793,-0.006863728165626526,0.00034184934,2.0,5.0,0.9
2026-02-19,AMZN,0.95781875,-0.0116967111825943,0.025627257,2.0,2.0,0.9
2026-02-20,AMZN,-0.45576265,-0.01946273446083069,-0.023035536,2.0,6.0,0.9
2026-02-23,AMZN,0.79822266,-0.027983322739601135,0.016027639,2.0,3.0,0.9
2026-02-24,AMZN,-0.5385521,-0.034922122955322266,0.009973158,3.0,7.0,0.8
2026-02-25,AMZN,-2.5265801e-05,-0.041516661643981934,-0.012913032,4.0,6.0,0.7
2026-02-26,AMZN,0.93319595,-0.046435654163360596,0.010003856,4.0,3.0,0.7
2026-02-27,AMZN,-0.8081476,-0.049617916345596313,-0.00766667,5.0,8.0,0.6
2026-03-02,AMZN,0.5907728,-0.053342923521995544,0.0016315386,5.0,4.0,0.6
2026-03-03,AMZN,1.6637024,-0.055520087480545044,0.03875826,5.0,1.0,0.6
2026-03-04,AMZN,0.3513352,-0.05757984519004822,0.009777673,6.0,3.0,0.5
2026-03-05,AMZN,-1.1061217,-0.05939003825187683,-0.026171533,6.0,9.0,0.5
2026-03-06,AMZN,-0.6412487,-0.05915243923664093,0.0013132534,7.0,8.0,0.4
2026-03-09,AMZN,0.49923265,-0.06107845902442932,0.0039345934,6.0,3.0,0.5
2026-03-10,AMZN,-1.1295449,-0.061910226941108704,-0.007838417,6.0,10.0,0.5
2026-03-11,AMZN,0.029909613,-0.06259779632091522,-0.014671974,7.0,3.0,0.4
2026-03-12,AMZN,0.27540183,-0.06079958379268646,-0.008877014,6.0,4.0,0.5
2026-03-13,AMZN,1.2978594,-0.05959729850292206,0.019598437,6.0,2.0,0.5
2026-03-16,AMZN,1.2792066,-0.06034262478351593,0.016340755,6.0,2.0,0.5
2026-03-17,AMZN,-1.5552053,-0.06141304969787598,-0.024767667,6.0,10.0,0.5
2026-03-18,AMZN,0.042138677,-0.05720406770706177,-0.0052889916,6.0,6.0,0.5
2026-03-19,AMZN,0.053728893,-0.05351752042770386,-0.01623874,6.0,4.0,0.5
2026-03-20,AMZN,0.45768112,-0.04719211161136627,0.023226393,5.0,3.0,0.6
2026-03-23,AMZN,-0.35147882,-0.04772648215293884,-0.013800294,5.0,7.0,0.6
2026-03-24,AMZN,1.5753139,-0.047828301787376404,0.0215692,6.0,1.0,0.5
2026-03-25,AMZN,0.21693628,-0.0497729629278183,-0.019696819,6.0,5.0,0.5
2026-03-26,AMZN,-0.84902024,-0.049078479409217834,-0.039510444,8.0,9.0,0.3
2026-03-27,AMZN,0.7992441,-0.04416118562221527,0.008076657,8.0,2.0,0.3
2026-03-30,AMZN,-0.15704243,-0.04271674156188965,0.03642701,8.0,7.0,0.3
2026-03-31,AMZN,0.21597433,-0.04536178708076477,0.011043372,7.0,5.0,0.4
2026-04-01,AMZN,0.065306835,-0.04752832651138306,-0.0037992261,7.0,7.0,0.4
2026-04-02,AMZN,0.89871377,-0.04790756106376648,0.0143966675,6.0,2.0,0.5
2026-04-06,AMZN,-0.06681729,-0.047880664467811584,0.004605531,6.0,4.0,0.5
2026-04-07,AMZN,0.41472897,-0.04792511463165283,0.03499086,6.0,5.0,0.5
2026-04-08,AMZN,2.4621732,-0.051598697900772095,0.05604517,6.0,1.0,0.5
2026-04-09,AMZN,0.676501,-0.056604236364364624,0.020244002,6.0,3.0,0.5
2026-04-10,AMZN,-0.37375987,-0.058990225195884705,0.0063344007,6.0,7.0,0.5
2026-04-13,AMZN,0.8381929,-0.06008727848529816,0.03805913,6.0,2.0,0.5
2026-04-14,AMZN,-0.8428577,-0.05963169038295746,-0.0020882029,6.0,9.0,0.5
2026-04-15,AMZN,0.010198328,-0.059606269001960754,0.0048289616,5.0,5.0,0.6
2026-04-16,AMZN,-0.3543469,-0.06020641326904297,0.0034441354,3.0,8.0,0.8
2026-04-17,AMZN,-0.24802968,-0.061958178877830505,-0.009099612,3.0,5.0,0.8
2026-04-20,AMZN,0.91173834,-0.06518784165382385,0.006565188,3.0,2.0,0.8
2026-04-21,AMZN,0.30438545,-0.0695052519440651,0.021807838,5.0,3.0,0.6
2026-04-22,AMZN,0.66752416,-0.07099255174398422,-0.0010964865,5.0,3.0,0.6
2026-04-23,AMZN,1.1854923,-0.07221544533967972,0.034930173,4.0,2.0,0.7
2026-04-24,AMZN,-0.9288784,-0.07422342896461487,-0.010871606,3.0,9.0,0.8
2026-04-27,AMZN,-0.042143125,-0.07741676270961761,-0.0054380475,4.0,6.0,0.7
2026-04-28,AMZN,0.9032715,-0.08040060102939606,0.012860979,4.0,3.0,0.7
2026-04-29,AMZN,0.14424998,-0.08506238460540771,0.007679398,6.0,5.0,0.5
2026-04-30,AMZN,0.3406574,-0.08157604932785034,0.012072785,5.0,4.0,0.6
2026-05-01,AMZN,1.7302966,-0.07872876524925232,0.014128002,5.0,1.0,0.6
2026-05-04,AMZN,0.017327696,-0.07775108516216278,0.0055136927,5.0,6.0,0.6
2026-05-05,AMZN,-0.25727388,-0.07602691650390625,0.005264129,4.0,8.0,0.7
2026-05-06,AMZN,-0.618223,-0.07481814175844193,-0.01389133,5.0,7.0,0.6
2026-05-07,AMZN,-0.115009725,-0.07128149271011353,0.0055683856,5.0,6.0,0.6
2026-05-08,AMZN,-0.66015404,-0.06460101902484894,-0.0135323545,6.0,8.0,0.5
2026-05-11,AMZN,-0.61818737,-0.05984950065612793,-0.011784761,6.0,7.0,0.5
2026-05-12,AMZN,0.23913121,-0.0537402480840683,0.01621397,6.0,5.0,0.5
2026-05-13,AMZN,-0.935966,-0.0487896203994751,-0.0107726045,4.0,10.0,0.7
2026-05-14,AMZN,-0.111099616,-0.04273232817649841,-0.011526033,3.0,7.0,0.8
2026-05-15,AMZN,0.46530485,-0.0380568653345108,0.0027257162,3.0,4.0,0.8
2026-05-18,AMZN,-0.7692526,-0.03311419486999512,-0.020841159,2.0,8.0,0.9
2026-05-19,AMZN,0.6584075,-0.026950910687446594,0.021863243,2.0,2.0,0.9
2026-05-20,AMZN,1.5474662,-0.02402321994304657,0.013018307,2.0,1.0,0.9
2026-05-21,AMZN,-0.707878,-0.02221226692199707,-0.007971333,2.0,8.0,0.9
2026-05-22,AMZN,-0.32209247,-0.01921221613883972,-0.003867523,1.0,8.0,1.0
2026-05-26,AMZN,1.1598477,-0.01779276132583618,0.024727646,2.0,2.0,0.9
2026-05-27,AMZN,0.16615745,-0.019774988293647766,0.00790875,2.0,3.0,0.9
2026-05-28,AMZN,-0.5541216,-0.018832474946975708,-0.012262721,2.0,7.0,0.9
2026-05-29,AMZN,-0.86329967,-0.01847285032272339,-0.034658603,3.0,8.0,0.8
2026-06-01,AMZN,-0.64208883,-0.018826603889465332,-0.018142926,3.0,8.0,0.8
2026-06-02,AMZN,-0.811257,-0.018467843532562256,-0.025339097,3.0,8.0,0.8
2026-06-03,AMZN,0.3811203,-0.01761716604232788,0.0150787495,3.0,4.0,0.8
2026-06-04,AMZN,0.15760466,-0.019748330116271973,-0.03057644,3.0,6.0,0.8
2026-06-05,AMZN,-0.3388531,-0.01291567087173462,-0.0032922716,4.0,5.0,0.7
2026-06-08,AMZN,0.5257642,-0.017223119735717773,-0.004200305,4.0,5.0,0.7
2026-06-09,AMZN,-0.23773862,-0.016635164618492126,-0.025349123,4.0,7.0,0.7
2026-06-10,AMZN,0.20146342,-0.013876557350158691,0.014747876,4.0,4.0,0.7
2026-06-11,AMZN,-1.1027198,-0.015235960483551025,-0.012256186,4.0,9.0,0.7
2026-06-12,AMZN,0.5303566,-0.015366211533546448,0.031314194,4.0,3.0,0.7
2026-06-15,AMZN,0.09938104,-0.01941317319869995,-8.131157e-05,5.0,6.0,0.6
2026-06-16,AMZN,-0.70935035,-0.023557841777801514,-0.034552846,5.0,8.0,0.6
2026-06-17,AMZN,0.82769173,-0.02502337098121643,0.029010523,5.0,3.0,0.6
2026-06-18,AMZN,-1.1706982,-0.028968781232833862,-0.04746514,5.0,9.0,0.6
2026-06-22,AMZN,0.68219423,-0.030909597873687744,0.0056703785,5.0,4.0,0.6
2026-06-23,AMZN,0.8903567,-0.031454458832740784,0.00068345503,5.0,2.0,0.6
2026-06-24,AMZN,-0.64651746,-0.03349997103214264,-0.030989924,5.0,8.0,0.6
2026-06-25,AMZN,0.7269114,-0.034083396196365356,0.025020959,5.0,3.0,0.6
2026-06-26,AMZN,0.4111758,-0.029667064547538757,0.032016832,5.0,3.0,0.6
2026-06-29,AMZN,-1.4446487,-0.03641432523727417,-0.0074956403,5.0,10.0,0.6
2026-06-30,AMZN,-0.04404917,-0.0408397912979126,0.014097511,5.0,5.0,0.6
2026-07-01,AMZN,0.37758264,-0.04423801600933075,0.0040132445,5.0,4.0,0.6
2026-07-02,AMZN,-0.504698,-0.048739999532699585,0.006140048,6.0,7.0,0.5
2026-07-06,AMZN,0.19039944,-0.05166195333003998,0.007454096,6.0,3.0,0.5
2026-07-07,AMZN,-0.31794104,-0.05587303638458252,-0.009594278,6.0,5.0,0.5
2026-07-08,AMZN,0.13818182,-0.05932120978832245,0.014038249,6.0,5.0,0.5
2026-07-09,AMZN,-0.768551,-0.06065744161605835,-0.0068814647,5.0,10.0,0.6
2026-07-10,AMZN,0.60742253,-0.06499306857585907,0.008029678,5.0,3.0,0.6
2026-07-13,AMZN,-0.5086421,-0.06418086588382721,0.0007278636,5.0,8.0,0.6
2026-07-14,AMZN,0.7517231,-0.06440196931362152,0.030183041,5.0,4.0,0.6
2026-07-15,AMZN,-0.2475767,-0.0637555941939354,-0.0198855,4.0,6.0,0.7
2026-07-16,AMZN,0.20064758,-0.06568072736263275,-0.0106446985,5.0,5.0,0.6
2026-07-17,AMZN,0.5464484,-0.06678812950849533,0.011163733,5.0,4.0,0.6
2026-07-20,AMZN,-1.0818068,-0.06674827635288239,-0.0097604,5.0,8.0,0.6
2026-07-21,AMZN,-0.5157945,-0.06813794374465942,-0.010906875,5.0,6.0,0.6
2026-07-22,AMZN,-0.2586193,-0.06981677561998367,-0.04570146,5.0,8.0,0.6
2026-07-23,AMZN,-0.20420422,-0.06790907680988312,-0.006633583,6.0,6.0,0.5
2026-07-24,AMZN,-0.06764512,-0.06407417356967926,-0.0031019829,5.0,7.0,0.6
2026-07-27,AMZN,-0.45903996,-0.05802085995674133,-0.0022904999,4.0,7.0,0.7
2026-07-28,AMZN,-0.21997014,-0.05115385353565216,-0.01823619,3.0,6.0,0.8
2026-07-29,AMZN,0.28698802,-0.03984783589839935,0.039047018,3.0,3.0,0.8
2026-07-30,AMZN,2.213308,-0.038016706705093384,0.15320589,3.0,1.0,0.8
2026-07-31,AMZN,0.7529296,-0.05401976406574249,0.045806035,4.0,4.0,0.7
2026-08-03,AMZN,-1.5259625,-0.05841231346130371,-0.023237715,5.0,10.0,0.6
2026-08-04,AMZN,-0.5916484,-0.06249420344829559,-0.017194215,6.0,8.0,0.5
2026-08-05,AMZN,-0.35177857,-0.06255944818258286,-0.0014303471,6.0,7.0,0.5
2026-08-06,AMZN,0.12487563,-0.06345024704933167,0.008153975,6.0,4.0,0.5
2026-08-07,AMZN,0.4628095,-0.06757866591215134,0.013152088,6.0,2.0,0.5
2026-08-10,AMZN,-0.9552447,-0.07195457071065903,-0.020928502,6.0,9.0,0.5
2026-08-11,AMZN,-0.6739179,-0.07904212176799774,-0.018327361,7.0,8.0,0.4
2026-08-12,AMZN,-1.090585,-0.08468984812498093,-0.008043976,7.0,10.0,0.4
2026-08-13,AMZN,-0.14794895,-0.08995309472084045,-0.009353943,7.0,9.0,0.4
2026-08-14,AMZN,0.1861347,-0.08445940166711807,-0.0051018326,7.0,5.0,0.4
2026-08-17,AMZN,-0.0320153,-0.07417137920856476,-0.0071179266,6.0,6.0,0.5
2026-08-18,AMZN,0.9120251,-0.06665366888046265,0.024628961,6.0,2.0,0.5
2026-08-19,AMZN,-1.3292389,-0.06133991479873657,-0.02155436,6.0,10.0,0.5
2026-08-20,AMZN,-0.6529764,-0.05745416879653931,-0.005689826,6.0,7.0,0.5
2026-08-21,AMZN,0.8279494,-0.05401274561882019,0.013300864,6.0,3.0,0.5
2026-08-24,AMZN,-0.47005522,-0.050901055335998535,-0.0038539693,6.0,8.0,0.5
2026-08-25,AMZN,0.030442953,-0.04979702830314636,-0.0029878141,6.0,5.0,0.5
2026-08-26,AMZN,-0.89424014,-0.05124944448471069,-0.015444864,6.0,10.0,0.5
2026-08-27,AMZN,1.5120747,-0.0522591769695282,0.039686188,6.0,1.0,0.5
2026-08-28,AMZN,-1.1052251,-0.054071247577667236,-0.024997199,6.0,10.0,0.5
2026-08-31,AMZN,-0.8073544,-0.05237528681755066,-0.018670328,7.0,9.0,0.4
2026-09-01,AMZN,-0.3742993,-0.051161497831344604,0.00023535838,7.0,6.0,0.4
2026-09-02,AMZN,0.028109653,-0.048886850476264954,0.015373748,7.0,7.0,0.4
2026-09-03,AMZN,0.53319705,-0.04705822467803955,-0.0015063118,7.0,4.0,0.4
2026-09-04,AMZN,-0.34356746,-0.04684087634086609,-0.005957249,7.0,6.0,0.4
2026-09-08,AMZN,-0.78401047,-0.047111958265304565,-0.017784206,7.0,9.0,0.4
2026-09-09,AMZN,-0.037443884,-0.04670695960521698,-0.0020205805,6.0,5.0,0.5
2026-09-10,AMZN,1.5516663,-0.04644131660461426,0.019413233,6.0,1.0,0.5
2025-01-22,AVGO,-0.7076257,-0.03219468891620636,-0.0026151643,4.0,9.0,0.7
2025-01-23,AVGO,1.3838443,-0.02943374216556549,0.018395245,4.0,1.0,0.7
2025-01-24,AVGO,-1.8429207,-0.02768242359161377,-0.17396809,4.0,10.0,0.7
2025-01-27,AVGO,0.13474752,-0.02490854263305664,0.02587443,4.0,4.0,0.7
2025-01-28,AVGO,0.15832286,-0.033814072608947754,-0.0048707686,4.0,7.0,0.7
2025-01-29,AVGO,1.3399761,-0.03583283722400665,0.04511753,4.0,1.0,0.7
2025-01-30,AVGO,1.3857133,-0.041725486516952515,0.026013156,4.0,1.0,0.7
2025-01-31,AVGO,-0.09340629,-0.04497198760509491,-0.015998695,4.0,7.0,0.7
2025-02-03,AVGO,0.52962756,-0.035755082964897156,0.021586485,4.0,4.0,0.7
2025-02-04,AVGO,1.2658306,-0.03645896911621094,0.04302466,4.0,2.0,0.7
2025-02-05,AVGO,-0.639271,-0.040252864360809326,-0.0027585635,4.0,8.0,0.7
2025-02-06,AVGO,-0.5481447,-0.039160147309303284,-0.02805155,4.0,6.0,0.6666666666666666
2025-02-07,AVGO,1.6091107,-0.03264310956001282,0.04522613,4.0,1.0,0.6666666666666666
2025-02-10,AVGO,0.16596965,-0.04365156590938568,0.0,6.0,4.0,0.4444444444444444
2025-02-11,AVGO,0.48224467,-0.05090305209159851,0.0055735824,6.0,3.0,0.4444444444444444
2025-02-12,AVGO,-0.9564352,-0.05709734559059143,-0.0023271295,6.0,9.0,0.4444444444444444
2025-02-13,AVGO,-1.1179045,-0.061800092458724976,-0.011704731,6.0,9.0,0.4444444444444444
2025-02-14,AVGO,-1.6684278,-0.06586088240146637,-0.019352878,8.0,9.0,0.2222222222222222
2025-02-18,AVGO,-0.13227786,-0.06490969657897949,0.00087508117,7.0,6.0,0.4
2025-02-19,AVGO,-0.0853633,-0.06584813445806503,-0.008700192,7.0,6.0,0.4
2025-02-20,AVGO,-0.8272383,-0.06141446530818939,-0.035635486,7.0,8.0,0.4
2025-02-21,AVGO,-1.9881451,-0.051768675446510315,-0.049071684,7.0,10.0,0.4
2025-02-24,AVGO,-0.16988347,-0.04784971475601196,-0.025922127,7.0,8.0,0.4
2025-02-25,AVGO,1.6742096,-0.04124073684215546,0.05134784,5.0,1.0,0.6
2025-02-26,AVGO,-1.483516,-0.040940821170806885,-0.07109982,5.0,9.0,0.6
2025-02-27,AVGO,-0.9648423,-0.03271278738975525,0.008240609,5.0,10.0,0.6
2025-02-28,AVGO,-1.1747955,-0.03244955837726593,-0.060472324,6.0,9.0,0.5
2025-03-03,AVGO,0.40298486,-0.018099620938301086,0.0005870589,4.0,3.0,0.7
2025-03-04,AVGO,0.5316399,-0.01344287395477295,0.021869004,4.0,5.0,0.7
2025-03-05,AVGO,-1.2740396,-0.015607893466949463,-0.063315585,4.0,10.0,0.7
2025-03-06,AVGO,2.5978053,-0.005039215087890625,0.08643082,4.0,1.0,0.7
2025-03-07,AVGO,-0.15737484,-0.019118130207061768,-0.053908594,5.0,9.0,0.6
2025-03-10,AVGO,1.2186356,-0.012848854064941406,0.030577354,5.0,2.0,0.6
2025-03-11,AVGO,0.0620994,-0.021000057458877563,0.02177929,5.0,4.0,0.6
2025-03-12,AVGO,0.4059415,-0.027681052684783936,-0.014776393,6.0,5.0,0.5
2025-03-13,AVGO,-0.6276352,-0.026911407709121704,0.02184366,6.0,7.0,0.5
2025-03-14,AVGO,0.08492768,-0.031517624855041504,-0.0053185932,5.0,6.0,0.6
2025-03-17,AVGO,-0.50879216,-0.03355330228805542,-0.029974254,5.0,7.0,0.6
2025-03-18,AVGO,1.3278072,-0.029395848512649536,0.036571793,5.0,2.0,0.6
2025-03-19,AVGO,-2.39226,-0.034045442938804626,-0.022771645,5.0,10.0,0.6
2025-03-20,AVGO,-0.37989676,-0.0350879430770874,0.005878167,5.0,8.0,0.6
2025-03-21,AVGO,-0.8946486,-0.03319565951824188,-0.0021393108,4.0,10.0,0.7
2025-03-24,AVGO,-1.8445588,-0.03583937883377075,-0.015634025,4.0,10.0,0.7
2025-03-25,AVGO,-0.9595521,-0.033458560705184937,-0.04775305,4.0,8.0,0.7
2025-03-26,AVGO,-2.1124399,-0.023602545261383057,-0.040609088,4.0,10.0,0.7
2025-03-27,AVGO,0.7756569,-0.017158150672912598,-0.01668704,2.0,3.0,0.9
2025-03-28,AVGO,-0.6696636,-0.006065011024475098,-0.0099929,2.0,7.0,0.9
2025-03-31,AVGO,-0.4570818,-0.0010593980550765991,0.0065102642,2.0,7.0,0.9
2025-04-01,AVGO,0.6273236,-0.0028464794158935547,0.021184307,2.0,2.0,0.9
2025-04-02,AVGO,-1.357837,-0.004225373268127441,-0.1050613,2.0,10.0,0.9
2025-04-03,AVGO,0.48498982,0.010820254683494568,-0.05012667,2.0,4.0,0.9
2025-04-04,AVGO,1.5980549,0.027874156832695007,0.053660616,2.0,1.0,0.9
2025-04-07,AVGO,1.3956023,0.01645839214324951,0.012261646,4.0,1.0,0.7
2025-04-08,AVGO,0.9364584,0.013168781995773315,0.18663055,4.0,3.0,0.7
2025-04-09,AVGO,-1.0847538,-0.015458166599273682,-0.06940295,4.0,9.0,0.7
2025-04-10,AVGO,1.5999247,-0.013419389724731445,0.05594883,4.0,1.0,0.7
2025-04-11,AVGO,-1.2138036,-0.0271473228931427,-0.019676782,5.0,9.0,0.6
2025-04-14,AVGO,0.72722095,-0.031142935156822205,0.0033078426,5.0,3.0,0.6
2025-04-15,AVGO,0.3065501,-0.030988574028015137,-0.024252554,5.0,4.0,0.6
2025-04-16,AVGO,-1.025316,-0.023885279893875122,-0.020731859,4.0,9.0,0.7
2025-04-17,AVGO,0.0629643,-0.0269966721534729,-0.027954828,4.0,6.0,0.7
2025-04-21,AVGO,-1.1122004,-0.024765968322753906,0.020275459,5.0,10.0,0.6
2025-04-22,AVGO,0.7396784,-0.03210398554801941,0.043224536,4.0,2.0,0.7
2025-04-23,AVGO,2.2980542,-0.041104331612586975,0.063535,4.0,1.0,0.7
2025-04-24,AVGO,-0.032361746,-0.04481852054595947,0.022110004,4.0,4.0,0.7
2025-04-25,AVGO,0.44277307,-0.04538038372993469,0.0008320665,4.0,4.0,0.7
2025-04-28,AVGO,-1.3054409,-0.041462600231170654,-0.0067542596,4.0,10.0,0.7
2025-04-29,AVGO,1.0686394,-0.039696723222732544,0.0068001896,3.0,1.0,0.8
2025-04-30,AVGO,0.117477775,-0.04019729793071747,0.025250627,3.0,4.0,0.8
2025-05-01,AVGO,0.7399571,-0.0459943562746048,0.031976953,5.0,2.0,0.6
2025-05-02,AVGO,-0.20637242,-0.05171400308609009,-0.014339023,5.0,6.0,0.6
2025-05-05,AVGO,0.3416104,-0.05348682403564453,-0.0031387685,5.0,4.0,0.6
2025-05-06,AVGO,0.7795549,-0.05478319525718689,0.023589397,5.0,2.0,0.6
2025-05-07,AVGO,0.10949497,-0.05705118179321289,0.014452394,5.0,5.0,0.6
2025-05-08,AVGO,-0.15239662,-0.059237316250801086,0.0020695361,5.0,5.0,0.6
2025-05-09,AVGO,0.54614604,-0.06291863322257996,0.06426525,5.0,4.0,0.6
2025-05-12,AVGO,1.2418694,-0.06323251873254776,0.048921324,5.0,3.0,0.6
2025-05-13,AVGO,-0.6943537,-0.060222893953323364,-0.0012907031,5.0,7.0,0.6
2025-05-14,AVGO,0.66198033,-0.058608680963516235,0.0022402606,5.0,4.0,0.6
2025-05-15,AVGO,-1.8274415,-0.05845227837562561,-0.017323012,5.0,10.0,0.6
2025-05-16,AVGO,1.1303644,-0.06310662627220154,0.008835996,5.0,2.0,0.6
2025-05-19,AVGO,1.2806585,-0.06848965585231781,0.0045527564,5.0,2.0,0.6
2025-05-20,AVGO,0.15851232,-0.07139480859041214,-0.008416733,5.0,3.0,0.6
2025-05-21,AVGO,-0.1788174,-0.07400476932525635,0.0034824007,5.0,6.0,0.6
2025-05-22,AVGO,0.2850668,-0.07660380005836487,-0.007851617,5.0,4.0,0.6
2025-05-23,AVGO,0.14945117,-0.08024175465106964,0.030299174,6.0,3.0,0.5
2025-05-27,AVGO,2.2102396,-0.0834825336933136,0.016040692,6.0,1.0,0.5
2025-05-28,AVGO,0.4479934,-0.08124184608459473,0.010608555,6.0,2.0,0.5
2025-05-29,AVGO,0.46419314,-0.0803428590297699,0.00041329645,7.0,4.0,0.4
2025-05-30,AVGO,1.2392639,-0.07915602624416351,0.027430058,7.0,2.0,0.4
2025-06-02,AVGO,1.7868912,-0.07533176243305206,0.032728992,7.0,1.0,0.4
2025-06-03,AVGO,0.8270437,-0.07492775470018387,0.016468655,7.0,2.0,0.4
2025-06-04,AVGO,0.29957795,-0.07278204709291458,-0.004404868,7.0,4.0,0.4
2025-06-05,AVGO,-2.6237934,-0.0711623877286911,-0.05001347,7.0,10.0,0.4
2025-06-06,AVGO,-1.072312,-0.06936885416507721,-0.010731705,7.0,9.0,0.4
2025-06-09,AVGO,-0.66385907,-0.07030844688415527,0.0014328271,7.0,9.0,0.4
2025-06-10,AVGO,2.0642712,-0.06919737160205841,0.033847027,7.0,1.0,0.4
2025-06-11,AVGO,0.976407,-0.06074443459510803,0.012494523,7.0,3.0,0.4
2025-06-12,AVGO,-1.3568211,-0.0500277578830719,-0.028781123,6.0,10.0,0.5
2025-06-13,AVGO,-0.13953161,-0.041742607951164246,0.0136710135,5.0,5.0,0.6
2025-06-16,AVGO,-0.23853554,-0.03805771470069885,-0.010829046,5.0,8.0,0.6
2025-06-17,AVGO,0.44742653,-0.030667245388031006,0.007579078,5.0,4.0,0.6
2025-06-18,AVGO,0.13946137,-0.028253376483917236,-0.0027126486,4.0,5.0,0.7
2025-06-20,AVGO,0.123989195,-0.023833483457565308,0.015120594,4.0,4.0,0.7
2025-06-23,AVGO,1.4675162,-0.020888805389404297,0.03940582,4.0,1.0,0.7
2025-06-24,AVGO,-0.053640697,-0.02252960205078125,0.0033362287,4.0,6.0,0.7
2025-06-25,AVGO,0.78991425,-0.022309213876724243,0.020857656,4.0,3.0,0.7
2025-06-26,AVGO,-0.6511368,-0.023252159357070923,-0.0030349765,4.0,6.0,0.7
2025-06-27,AVGO,1.5170486,-0.024465441703796387,0.023389317,4.0,1.0,0.7
2025-06-30,AVGO,-1.1588128,-0.024895846843719482,-0.039579127,4.0,9.0,0.7
2025-07-01,AVGO,0.30642492,-0.02577337622642517,0.019490823,4.0,4.0,0.7
2025-07-02,AVGO,1.2688352,-0.023622989654541016,0.019562967,4.0,1.0,0.7
2025-07-03,AVGO,0.50200486,-0.02199786901473999,-0.0036340237,4.0,4.0,0.7
2025-07-07,AVGO,-0.39615837,-0.022687092423439026,-0.008680477,4.0,7.0,0.7
2025-07-08,AVGO,1.3238637,-0.02351592481136322,0.0224431,4.0,1.0,0.7
2025-07-09,AVGO,-0.9921059,-0.02308902144432068,-0.008996248,4.0,10.0,0.7
2025-07-10,AVGO,-0.6695157,-0.02284449338912964,-0.003703565,4.0,7.0,0.7
2025-07-11,AVGO,0.4669403,-0.022218629717826843,0.0044463687,4.0,5.0,0.7
2025-07-14,AVGO,0.98192966,-0.02127671241760254,0.01937587,4.0,2.0,0.7
2025-07-15,AVGO,-0.14917082,-0.019194290041923523,-0.00046274817,4.0,6.0,0.7
2025-07-16,AVGO,1.717536,-0.017697766423225403,0.02008484,4.0,1.0,0.7
2025-07-17,AVGO,-0.7101549,-0.016246706247329712,-0.01085702,3.0,9.0,0.8
2025-07-18,AVGO,0.9741528,-0.015391185879707336,0.017187677,3.0,2.0,0.8
2025-07-21,AVGO,-1.8668506,-0.014403194189071655,-0.033378415,3.0,10.0,0.8
2025-07-22,AVGO,1.0266225,-0.01633206009864807,0.018306559,3.0,2.0,0.8
2025-07-23,AVGO,0.60596836,-0.017464667558670044,0.01769528,3.0,1.0,0.8
2025-07-24,AVGO,0.030602818,-0.017026305198669434,0.005091552,3.0,5.0,0.8
2025-07-25,AVGO,0.5876672,-0.017053276300430298,0.0141980685,3.0,3.0,0.8
2025-07-28,AVGO,1.0374902,-0.016681969165802002,0.010601688,3.0,3.0,0.8
2025-07-29,AVGO,1.4176756,-0.01452726125717163,0.017483672,3.0,2.0,0.8
2025-07-30,AVGO,-0.8010891,-0.014979764819145203,-0.029475959,3.0,9.0,0.8
2025-07-31,AVGO,0.4855055,-0.01484006643295288,-0.01722846,4.0,2.0,0.7
2025-08-01,AVGO,0.7390806,-0.013046860694885254,0.031457737,4.0,3.0,0.7
2025-08-04,AVGO,-1.1456823,-0.017077535390853882,-0.016088838,4.0,9.0,0.7
2025-08-05,AVGO,0.6247466,-0.01801931858062744,0.029836567,4.0,4.0,0.7
2025-08-06,AVGO,0.37812012,-0.02050882577896118,0.0069280006,4.0,4.0,0.7
2025-08-07,AVGO,-0.6699672,-0.02059677243232727,0.0039835214,4.0,8.0,0.7
2025-08-08,AVGO,-0.26417872,-0.021085664629936218,-0.0035086698,4.0,6.0,0.7
2025-08-11,AVGO,1.6284418,-0.02008284628391266,0.029384688,3.0,2.0,0.8
2025-08-12,AVGO,-0.77469814,-0.021341875195503235,-0.011955287,2.0,8.0,0.9
2025-08-13,AVGO,0.22185469,-0.020719259977340698,0.0069235037,2.0,3.0,0.9
2025-08-14,AVGO,-1.3892653,-0.019791975617408752,-0.015711952,3.0,10.0,0.8
2025-08-15,AVGO,-0.1404887,-0.019171088933944702,-0.001893201,3.0,6.0,0.8
2025-08-18,AVGO,-1.5344297,-0.019528567790985107,-0.035485372,4.0,10.0,0.7
2025-08-19,AVGO,-0.4935605,-0.01941944658756256,-0.012681846,4.0,7.0,0.7
2025-08-20,AVGO,-0.25043854,-0.017833620309829712,-0.005392086,4.0,7.0,0.7
2025-08-21,AVGO,-0.5107401,-0.014208182692527771,0.015193427,4.0,8.0,0.7
2025-08-22,AVGO,-0.23029593,-0.01300784945487976,0.00078233174,3.0,5.0,0.8
2025-08-25,AVGO,0.9789447,-0.007516950368881226,0.012846978,3.0,2.0,0.8
2025-08-26,AVGO,0.80721146,-0.003102824091911316,0.0075165867,3.0,3.0,0.8
2025-08-27,AVGO,1.832977,-0.0009507685899734497,0.027976576,3.0,1.0,0.8
2025-08-28,AVGO,-1.3997039,-0.0014367997646331787,-0.03648127,2.0,10.0,0.9
2025-08-29,AVGO,1.351914,-0.0005107074975967407,0.0028580748,2.0,2.0,0.9
2025-09-02,AVGO,0.0039794566,-0.000713154673576355,0.013915169,2.0,4.0,0.9
2025-09-03,AVGO,-0.036201693,-0.006434977054595947,0.012268921,2.0,5.0,0.9
2025-09-04,AVGO,2.3635159,-0.011384427547454834,0.09405425,2.0,1.0,0.9
2025-09-05,AVGO,2.1917226,-0.02278895676136017,0.03212985,3.0,1.0,0.8
2025-09-08,AVGO,-2.006829,-0.030127719044685364,-0.02598001,3.0,10.0,0.8
2025-09-09,AVGO,2.3358166,-0.03898140788078308,0.09772175,5.0,1.0,0.6
2025-09-10,AVGO,-1.4883265,-0.04425090551376343,-0.026896143,5.0,10.0,0.6
2025-09-11,AVGO,-0.48315844,-0.05482298135757446,0.0006672571,5.0,8.0,0.6
2025-09-12,AVGO,-0.21669543,-0.06460175663232803,0.011726446,6.0,5.0,0.5
2025-09-15,AVGO,-1.0312437,-0.07296884804964066,-0.011233379,7.0,8.0,0.4
2025-09-16,AVGO,-2.0827467,-0.08236654847860336,-0.038416658,7.0,10.0,0.4
2025-09-17,AVGO,-0.23190755,-0.09710323810577393,-0.0023687503,9.0,6.0,0.2
2025-09-18,AVGO,-0.70262927,-0.10691532492637634,-0.0011872763,9.0,8.0,0.2
2025-09-19,AVGO,-0.80155665,-0.11129407584667206,-0.016146297,8.0,8.0,0.3
2025-09-22,AVGO,0.670751,-0.10846656560897827,0.00044267892,8.0,3.0,0.3
2025-09-23,AVGO,-0.062393434,-0.10277548432350159,0.0010916755,8.0,6.0,0.3
2025-09-24,AVGO,-0.21771728,-0.08121222257614136,-0.009460367,7.0,8.0,0.4
2025-09-25,AVGO,-0.83844715,-0.0547519326210022,-0.0046712235,5.0,8.0,0.6
2025-09-26,AVGO,-1.2952048,-0.035151541233062744,-0.01981893,2.0,9.0,0.9
2025-09-29,AVGO,0.51133704,-0.019919514656066895,0.0061299526,2.0,3.0,0.9
2025-09-30,AVGO,0.5538839,-0.009439736604690552,0.010548318,1.0,2.0,1.0
2025-10-01,AVGO,0.85088825,-0.0005255043506622314,0.014367465,1.0,1.0,1.0
2025-10-02,AVGO,0.25839877,0.004227399826049805,0.0005619015,1.0,5.0,1.0
2025-10-03,AVGO,-0.9414705,0.007685348391532898,-0.008511401,1.0,9.0,1.0
2025-10-06,AVGO,0.71821713,0.009890973567962646,0.0027422984,1.0,2.0,1.0
2025-10-07,AVGO,1.6154859,0.010429531335830688,0.027020585,1.0,1.0,1.0
2025-10-08,AVGO,-0.1453859,0.004711136221885681,-0.0013892922,2.0,5.0,0.9
2025-10-09,AVGO,-1.4660263,-0.0006649196147918701,-0.05909802,2.0,10.0,0.9
2025-10-10,AVGO,2.4706705,2.8431415557861328e-05,0.09878936,2.0,1.0,0.9
2025-10-13,AVGO,-1.3416893,-0.01817592978477478,-0.03523967,3.0,9.0,0.8
2025-10-14,AVGO,1.2908884,-0.02921697497367859,0.020922257,4.0,2.0,0.7
2025-10-15,AVGO,1.2785608,-0.03844591975212097,0.008026748,4.0,2.0,0.7
2025-10-16,AVGO,-1.6751717,-0.04404066503047943,-0.01361009,4.0,10.0,0.7
2025-10-17,AVGO,-1.0809726,-0.052311867475509644,-0.00025766375,5.0,9.0,0.6
2025-10-20,AVGO,-0.98196274,-0.05985419452190399,-0.018840838,6.0,9.0,0.5
2025-10-21,AVGO,-0.29598397,-0.064295195043087,-0.0068873367,6.0,6.0,0.5
2025-10-22,AVGO,0.48110196,-0.06466265022754669,0.011724977,7.0,3.0,0.4
2025-10-23,AVGO,1.0130413,-0.06920991837978363,0.028580539,8.0,1.0,0.3
2025-10-24,AVGO,0.084735006,-0.07157205045223236,0.022364646,8.0,5.0,0.3
2025-10-27,AVGO,1.0146531,-0.0695868581533432,0.030161545,8.0,2.0,0.3
2025-10-28,AVGO,1.7029744,-0.06748204678297043,0.034882255,6.0,1.0,0.5
2025-10-29,AVGO,-0.025222993,-0.06582486629486084,-0.02463858,6.0,6.0,0.5
2025-10-30,AVGO,-0.70086604,-0.06881237775087357,-0.018168855,8.0,9.0,0.3
2025-10-31,AVGO,-1.2184173,-0.07594596594572067,-0.019154329,8.0,10.0,0.3
2025-11-03,AVGO,-0.6289606,-0.08467230200767517,-0.02926485,9.0,8.0,0.2
2025-11-04,AVGO,0.7081039,-0.08979347348213196,0.020003486,9.0,3.0,0.2
2025-11-05,AVGO,0.28606114,-0.09519578516483307,-0.009443554,9.0,5.0,0.2
2025-11-06,AVGO,-0.7722406,-0.09524541348218918,-0.017323324,8.0,8.0,0.3
2025-11-07,AVGO,0.13732797,-0.0950985848903656,0.025641931,8.0,4.0,0.3
2025-11-10,AVGO,-1.0238112,-0.08933669328689575,-0.01794143,8.0,9.0,0.3
2025-11-11,AVGO,1.1232022,-0.07593371719121933,0.009262471,7.0,2.0,0.4
2025-11-12,AVGO,-0.8217823,-0.06465274840593338,-0.042903047,7.0,9.0,0.4
2025-11-13,AVGO,0.47307637,-0.04894295334815979,0.007294478,5.0,4.0,0.6
2025-11-14,AVGO,0.31817466,-0.04453139007091522,0.0005548789,4.0,3.0,0.7
2025-11-17,AVGO,0.38063934,-0.03750535845756531,-0.0062746615,4.0,5.0,0.7
2025-11-18,AVGO,1.6614789,-0.0335811972618103,0.040881097,4.0,1.0,0.7
2025-11-19,AVGO,-0.6036204,-0.04032912850379944,-0.021443404,4.0,7.0,0.7
2025-11-20,AVGO,-1.2691646,-0.04015427827835083,-0.019087775,4.0,10.0,0.7
2025-11-21,AVGO,2.0937948,-0.045443326234817505,0.11099351,4.0,1.0,0.7
2025-11-24,AVGO,0.61347145,-0.056495681405067444,0.018705709,6.0,2.0,0.5
2025-11-25,AVGO,1.84897,-0.06255045533180237,0.03256883,7.0,1.0,0.4
2025-11-26,AVGO,0.3882388,-0.06582633405923843,0.013557343,7.0,4.0,0.4
2025-11-28,AVGO,-2.110069,-0.06930863112211227,-0.04188999,7.0,10.0,0.4
2025-12-01,AVGO,-1.5997384,-0.07377778738737106,-0.01168143,8.0,10.0,0.3
2025-12-02,AVGO,-0.2448802,-0.08220916986465454,-0.0025160841,8.0,5.0,0.3
2025-12-03,AVGO,-0.27905384,-0.09500625729560852,0.0011035836,9.0,6.0,0.2
2025-12-04,AVGO,1.8940406,-0.10278843343257904,0.02417129,9.0,1.0,0.2
2025-12-05,AVGO,1.6017627,-0.11266151815652847,0.027829085,10.0,1.0,0.1
2025-12-08,AVGO,0.7039803,-0.1190599799156189,0.012939404,10.0,2.0,0.1
2025-12-09,AVGO,0.6105523,-0.11357936263084412,0.016441429,9.0,3.0,0.2
2025-12-10,AVGO,-0.87351525,-0.10626207292079926,-0.015981749,9.0,9.0,0.2
2025-12-11,AVGO,-2.5911314,-0.10157003998756409,-0.114280134,8.0,10.0,0.3
2025-12-12,AVGO,-2.1763628,-0.0951879471540451,-0.05589976,8.0,10.0,0.3
2025-12-15,AVGO,0.16916214,-0.09355266392230988,0.004384783,8.0,4.0,0.3
2025-12-16,AVGO,-1.2314283,-0.09248647093772888,-0.044770025,8.0,9.0,0.3
2025-12-17,AVGO,-0.12996559,-0.08016903698444366,0.011839897,7.0,7.0,0.4
2025-12-18,AVGO,1.416352,-0.07848072797060013,0.03176905,7.0,2.0,0.4
2025-12-19,AVGO,-0.24071044,-0.0714951753616333,0.005122101,7.0,6.0,0.4
2025-12-22,AVGO,1.142134,-0.06536134332418442,0.0230487,5.0,2.0,0.6
2025-12-23,AVGO,0.17084907,-0.0477919727563858,0.0025764375,4.0,4.0,0.7
2025-12-24,AVGO,0.912675,-0.041538774967193604,0.0054536993,4.0,2.0,0.7
2025-12-26,AVGO,-0.13374412,-0.03694465756416321,-0.007781148,4.0,7.0,0.7
2025-12-29,AVGO,0.20680982,-0.03695113956928253,0.0013164963,4.0,4.0,0.7
2025-12-30,AVGO,-1.4544673,-0.046052753925323486,-0.010718792,4.0,10.0,0.7
2025-12-31,AVGO,0.4674221,-0.05247896909713745,0.0043916563,4.0,5.0,0.7
2026-01-02,AVGO,-1.2730238,-0.0599152147769928,-0.012082028,4.0,9.0,0.7
2026-01-05,AVGO,0.27271447,-0.06422878056764603,0.001019097,6.0,5.0,0.5
2026-01-06,AVGO,0.12414934,-0.06575150042772293,-0.0007854188,6.0,5.0,0.5
2026-01-07,AVGO,-1.6430634,-0.06284325569868088,-0.03208151,6.0,10.0,0.5
2026-01-08,AVGO,2.2869277,-0.053469136357307434,0.03756615,4.0,1.0,0.7
2026-01-09,AVGO,1.8369622,-0.0529547780752182,0.020987367,4.0,1.0,0.7
2026-01-12,AVGO,0.6265154,-0.05254918336868286,0.0068140673,4.0,3.0,0.7
2026-01-13,AVGO,-1.4919113,-0.055062562227249146,-0.04151025,4.0,10.0,0.7
2026-01-14,AVGO,0.74453515,-0.05676008760929108,0.009208733,6.0,2.0,0.5
2026-01-15,AVGO,2.1729636,-0.06332016736268997,0.025333816,6.0,1.0,0.5
2026-01-16,AVGO,-1.4702469,-0.0667487233877182,-0.054334518,7.0,10.0,0.4
2026-01-20,AVGO,-1.1242571,-0.06532350182533264,-0.011425191,7.0,9.0,0.4
2026-01-21,AVGO,-1.1988012,-0.06972154974937439,-0.01006691,7.0,10.0,0.4
2026-01-22,AVGO,-1.2757707,-0.07256481051445007,-0.0167132,8.0,9.0,0.3
2026-01-23,AVGO,0.5206535,-0.06826072931289673,0.014997643,7.0,4.0,0.4
2026-01-26,AVGO,1.1807399,-0.06524605304002762,0.024442049,7.0,2.0,0.4
2026-01-27,AVGO,0.023093726,-0.062125563621520996,0.0013521598,7.0,6.0,0.4
2026-01-28,AVGO,-0.18042612,-0.05942806601524353,-0.007532034,6.0,8.0,0.5
2026-01-29,AVGO,0.1768658,-0.05755835771560669,0.0017233482,6.0,4.0,0.5
2026-01-30,AVGO,0.06856838,-0.05429378151893616,-0.0005734919,6.0,5.0,0.5
2026-02-02,AVGO,-1.0493172,-0.05614054203033447,-0.032557197,6.0,10.0,0.5
2026-02-03,AVGO,-1.0101784,-0.04901859164237976,-0.038335357,5.0,10.0,0.6
2026-02-04,AVGO,1.2600218,-0.04537093639373779,0.0079857735,5.0,1.0,0.6
2026-02-05,AVGO,1.2988957,-0.040637463331222534,0.072171606,4.0,2.0,0.7
2026-02-06,AVGO,1.2782406,-0.051875799894332886,0.033100948,7.0,1.0,0.4
2026-02-09,AVGO,-0.5259784,-0.06175140291452408,-0.010176187,7.0,8.0,0.4
2026-02-10,AVGO,0.5849256,-0.06447277963161469,0.006814733,7.0,4.0,0.4
2026-02-11,AVGO,-0.71547717,-0.06452462822198868,-0.033813722,7.0,9.0,0.4
2026-02-12,AVGO,-0.8627757,-0.06180129200220108,-0.018117636,7.0,8.0,0.4
2026-02-13,AVGO,1.1008083,-0.06542447209358215,0.022665085,7.0,2.0,0.4
2026-02-17,AVGO,-0.6919661,-0.06872691214084625,0.0029169144,7.0,8.0,0.4
2026-02-18,AVGO,0.5491351,-0.07658975571393967,0.0014391533,9.0,3.0,0.2
2026-02-19,AVGO,-0.7069494,-0.08308352530002594,-0.004012008,9.0,9.0,0.2
2026-02-20,AVGO,0.30379224,-0.08963263034820557,-0.006944211,10.0,4.0,0.1
2026-02-23,AVGO,-1.559821,-0.08746396005153656,-0.014681888,10.0,10.0,0.1
2026-02-24,AVGO,0.64124674,-0.08220884203910828,0.020953067,10.0,3.0,0.1
2026-02-25,AVGO,-0.9771755,-0.07976578176021576,-0.031928066,10.0,9.0,0.1
2026-02-26,AVGO,0.15176706,-0.07090120017528534,-0.0066831857,8.0,4.0,0.3
2026-02-27,AVGO,-0.40934655,-0.06692616641521454,-0.0022844772,7.0,7.0,0.4
2026-03-02,AVGO,-0.7776896,-0.06443671137094498,-0.0156200295,7.0,9.0,0.4
2026-03-03,AVGO,0.092262566,-0.05820438265800476,0.011757471,6.0,5.0,0.5
2026-03-04,AVGO,2.3958771,-0.05646282434463501,0.04799542,4.0,1.0,0.7
2026-03-05,AVGO,0.6833128,-0.05639973282814026,-0.0068815094,4.0,3.0,0.7
2026-03-06,AVGO,2.1187866,-0.056197017431259155,0.046205524,5.0,1.0,0.6
2026-03-09,AVGO,-0.9959938,-0.0634232759475708,-0.009168534,8.0,9.0,0.3
2026-03-10,AVGO,-0.6670393,-0.06496435403823853,-0.0029481975,8.0,8.0,0.3
2026-03-11,AVGO,-0.11700774,-0.06559345126152039,-0.016394854,8.0,6.0,0.3
2026-03-12,AVGO,-1.569649,-0.06580041348934174,-0.04110484,9.0,10.0,0.2
2026-03-13,AVGO,-0.8245397,-0.06494460999965668,0.008567195,9.0,9.0,0.2
2026-03-16,AVGO,-1.4407424,-0.06995642930269241,-0.01111049,9.0,10.0,0.2
2026-03-17,AVGO,-0.5086161,-0.07002366334199905,-0.016743971,9.0,7.0,0.2
2026-03-18,AVGO,1.5380806,-0.0663515254855156,0.012376194,9.0,1.0,0.2
2026-03-19,AVGO,-0.8896135,-0.06465643644332886,-0.029170798,9.0,8.0,0.2
2026-03-20,AVGO,1.8655455,-0.05436156690120697,0.040824868,8.0,1.0,0.3
2026-03-23,AVGO,-0.31349596,-0.054510220885276794,-0.013084916,8.0,6.0,0.3
2026-03-24,AVGO,-0.34958428,-0.052534863352775574,0.0016336885,8.0,8.0,0.3
2026-03-25,AVGO,-0.16295981,-0.05205667018890381,-0.02945325,7.0,6.0,0.4
2026-03-26,AVGO,-0.30804446,-0.048434168100357056,-0.02824642,6.0,7.0,0.5
2026-03-27,AVGO,-1.5817747,-0.0434858500957489,-0.024178537,7.0,10.0,0.4
2026-03-30,AVGO,0.70388764,-0.04074057936668396,0.05487211,7.0,3.0,0.4
2026-03-31,AVGO,0.29484352,-0.047999054193496704,0.012858979,8.0,3.0,0.3
2026-04-01,AVGO,0.45657536,-0.05299839377403259,0.0033812693,8.0,3.0,0.3
2026-04-02,AVGO,-0.3820538,-0.054987773299217224,-0.00038150258,8.0,7.0,0.3
2026-04-06,AVGO,2.4641922,-0.056207627058029175,0.062144205,8.0,1.0,0.3
2026-04-07,AVGO,0.8782029,-0.05498784780502319,0.049884792,8.0,2.0,0.3
2026-04-08,AVGO,0.023419611,-0.06018191576004028,0.012206562,9.0,3.0,0.2
2026-04-09,AVGO,2.1144857,-0.06193387508392334,0.046885047,8.0,1.0,0.3
2026-04-10,AVGO,0.9786266,-0.06119842827320099,0.022069791,8.0,2.0,0.3
2026-04-13,AVGO,-0.6633044,-0.06148061901330948,0.0027122537,7.0,7.0,0.4
2026-04-14,AVGO,0.75084895,-0.06442894041538239,0.04186148,7.0,3.0,0.4
2026-04-15,AVGO,-0.026867442,-0.0647883489727974,0.004411219,7.0,6.0,0.4
2026-04-16,AVGO,0.5362645,-0.0645199716091156,0.020252472,6.0,3.0,0.5
2026-04-17,AVGO,-0.766788,-0.06487330794334412,-0.016997166,6.0,8.0,0.5
2026-04-20,AVGO,0.8952792,-0.07092499732971191,0.0063559404,6.0,3.0,0.5
2026-04-21,AVGO,2.2838738,-0.07529143244028091,0.050923645,8.0,1.0,0.3
2026-04-22,AVGO,0.33488154,-0.07901289314031601,-0.0064118556,9.0,6.0,0.2
2026-04-23,AVGO,-0.29316196,-0.09176363050937653,0.0067152637,9.0,7.0,0.2
2026-04-24,AVGO,-0.92358446,-0.10255648195743561,-0.010786263,9.0,8.0,0.2
2026-04-27,AVGO,-2.2831407,-0.11163080483675003,-0.043926425,9.0,10.0,0.2
2026-04-28,AVGO,0.9900353,-0.12339280545711517,0.014056038,9.0,2.0,0.2
2026-04-29,AVGO,0.580654,-0.12951603531837463,0.029547391,10.0,2.0,0.1
2026-04-30,AVGO,0.137364,-0.13918399810791016,0.00922307,10.0,5.0,0.1
2026-05-01,AVGO,-1.0127832,-0.14193372428417206,-0.011346335,10.0,8.0,0.1
2026-05-04,AVGO,1.5202802,-0.14222225546836853,0.026074419,10.0,2.0,0.1
2026-05-05,AVGO,-0.6528264,-0.1397172063589096,-0.004492689,10.0,9.0,0.1
2026-05-06,AVGO,-1.4217007,-0.12650570273399353,-0.030274544,10.0,10.0,0.1
2026-05-07,AVGO,1.5744393,-0.11367185413837433,0.042272646,10.0,1.0,0.1
2026-05-08,AVGO,-0.22502962,-0.10493791103363037,-0.0036512008,9.0,5.0,0.2
2026-05-11,AVGO,-1.2989128,-0.09452919661998749,-0.02131036,8.0,9.0,0.3
2026-05-12,AVGO,-1.0506054,-0.08419094234704971,-0.0059861154,7.0,8.0,0.4
2026-05-13,AVGO,2.0648305,-0.07233013212680817,0.05518366,7.0,1.0,0.4
2026-05-14,AVGO,-0.85705805,-0.06391765177249908,-0.033197675,7.0,8.0,0.4
2026-05-15,AVGO,-0.56405294,-0.05043455958366394,-0.01053649,5.0,8.0,0.6
2026-05-18,AVGO,-0.94516355,-0.044996291399002075,-0.02291362,4.0,9.0,0.7
2026-05-19,AVGO,0.36484733,-0.03765939176082611,0.016274637,4.0,4.0,0.7
2026-05-20,AVGO,-0.7871834,-0.033150166273117065,-0.007635982,3.0,9.0,0.8
2026-05-21,AVGO,-0.12300384,-0.02698194980621338,-0.001037221,3.0,5.0,0.8
2026-05-22,AVGO,1.1875405,-0.021748900413513184,0.01900326,2.0,1.0,0.9
2026-05-26,AVGO,-0.17786837,-0.015867024660110474,-0.0003555553,1.0,6.0,1.0
2026-05-27,AVGO,0.44247898,-0.01654115319252014,0.011188579,1.0,2.0,1.0
2026-05-28,AVGO,1.653592,-0.017902567982673645,0.047329962,1.0,2.0,1.0
2026-05-29,AVGO,0.86365974,-0.02029578387737274,0.029545397,4.0,2.0,0.7
2026-06-01,AVGO,1.6514852,-0.024742871522903442,0.046959627,4.0,1.0,0.7
2026-06-02,AVGO,0.04711288,-0.027400493621826172,-0.0048591094,4.0,5.0,0.7
2026-06-03,AVGO,-2.6799178,-0.02870170772075653,-0.12586862,5.0,10.0,0.6
2026-06-04,AVGO,-1.5524702,-0.03354400396347046,-0.07920554,5.0,10.0,0.6
2026-06-05,AVGO,1.1415318,-0.03028091788291931,0.028180307,5.0,2.0,0.6
2026-06-08,AVGO,0.03269199,-0.04550671577453613,-0.011195158,5.0,6.0,0.6
2026-06-09,AVGO,-1.5901554,-0.0518798828125,-0.05115256,6.0,10.0,0.5
2026-06-10,AVGO,1.1561241,-0.05092255771160126,0.036199905,7.0,2.0,0.4
2026-06-11,AVGO,-0.8439869,-0.06121593713760376,-0.009077408,7.0,8.0,0.4
2026-06-12,AVGO,0.5205554,-0.0561080276966095,0.031067561,7.0,4.0,0.4
2026-06-15,AVGO,-1.8281512,-0.04922884702682495,-0.043737665,6.0,10.0,0.5
2026-06-16,AVGO,2.1744485,-0.03848038613796234,0.04297739,6.0,1.0,0.5
2026-06-17,AVGO,1.6399556,-0.033882543444633484,0.04695857,6.0,1.0,0.5
2026-06-18,AVGO,-1.082777,-0.04597058892250061,-0.045215502,6.0,8.0,0.5
2026-06-22,AVGO,-0.7901252,-0.053628504276275635,-0.03055112,6.0,8.0,0.5
2026-06-23,AVGO,1.3653756,-0.05299028754234314,0.005050673,6.0,1.0,0.5
2026-06-24,AVGO,0.4329595,-0.05765652656555176,-0.008270745,6.0,5.0,0.5
2026-06-25,AVGO,-1.4305621,-0.06059335172176361,-0.03665782,6.0,10.0,0.5
2026-06-26,AVGO,0.015990444,-0.05749732255935669,0.020355113,6.0,5.0,0.5
2026-06-29,AVGO,0.3118647,-0.05941063165664673,0.014230065,6.0,4.0,0.5
2026-06-30,AVGO,-1.2545549,-0.0575752854347229,-0.022263411,6.0,10.0,0.5
2026-07-01,AVGO,-0.43902898,-0.05310283601284027,-0.02406992,6.0,8.0,0.5
2026-07-02,AVGO,0.87962365,-0.045972347259521484,0.037314415,5.0,2.0,0.6
2026-07-06,AVGO,-0.5695292,-0.044559210538864136,-0.008344464,3.0,9.0,0.8
2026-07-07,AVGO,1.9717215,-0.044943079352378845,0.048303585,3.0,1.0,0.8
2026-07-08,AVGO,0.9564452,-0.05055832862854004,0.03195344,3.0,2.0,0.8
2026-07-09,AVGO,-0.5856992,-0.05930262804031372,-0.0028420736,4.0,7.0,0.7
2026-07-10,AVGO,-1.2729341,-0.06751401722431183,-0.039803017,7.0,10.0,0.4
2026-07-13,AVGO,0.25362918,-0.06780355423688889,0.013175362,7.0,4.0,0.4
2026-07-14,AVGO,-0.29514253,-0.07048825919628143,0.013286767,7.0,6.0,0.4
2026-07-15,AVGO,-1.5544832,-0.07481523603200912,-0.050294172,7.0,10.0,0.4
2026-07-16,AVGO,0.27991825,-0.07526952773332596,-0.009667581,7.0,4.0,0.4
2026-07-17,AVGO,1.0527757,-0.07450954616069794,0.019766517,7.0,2.0,0.4
2026-07-20,AVGO,0.9235507,-0.07641826570034027,0.022054147,7.0,3.0,0.4
2026-07-21,AVGO,1.4854985,-0.07969532907009125,0.026675284,8.0,1.0,0.3
2026-07-22,AVGO,0.49132228,-0.0815514475107193,-0.010937215,8.0,3.0,0.3
2026-07-23,AVGO,-1.3322204,-0.07876099646091461,-0.026881004,9.0,10.0,0.2
2026-07-24,AVGO,0.24610499,-0.07737267017364502,0.0034038222,9.0,5.0,0.2
2026-07-27,AVGO,-0.84228754,-0.07801240682601929,-0.006027863,9.0,9.0,0.2
2026-07-28,AVGO,-0.7064666,-0.07890509068965912,-0.027801832,9.0,7.0,0.2
2026-07-29,AVGO,0.425888,-0.07582162320613861,0.047310404,9.0,2.0,0.2
2026-07-30,AVGO,-0.3546076,-0.08242762088775635,0.0037128776,10.0,7.0,0.1
2026-07-31,AVGO,-0.68739814,-0.0867486298084259,0.0075781243,10.0,7.0,0.1
2026-08-03,AVGO,2.2464283,-0.08738888800144196,0.06610915,10.0,1.0,0.1
2026-08-04,AVGO,0.29360545,-0.08629138767719269,0.0002869598,10.0,5.0,0.1
2026-08-05,AVGO,0.2133768,-0.08357686549425125,0.005474822,9.0,3.0,0.2
2026-08-06,AVGO,0.8149032,-0.08285164088010788,0.01709585,9.0,3.0,0.2
2026-08-07,AVGO,-0.8375527,-0.0831356793642044,-0.012530427,9.0,8.0,0.2
2026-08-10,AVGO,-0.5442871,-0.08673712611198425,-0.014962139,9.0,8.0,0.2
2026-08-11,AVGO,0.33691362,-0.09372157603502274,-7.2098584e-05,8.0,3.0,0.3
2026-08-12,AVGO,-0.2642515,-0.10041927546262741,0.0042543435,9.0,7.0,0.2
2026-08-13,AVGO,-2.7145274,-0.10655057430267334,-0.059427544,9.0,10.0,0.2
2026-08-14,AVGO,0.43599376,-0.10695274919271469,-0.0014249665,9.0,4.0,0.2
2026-08-17,AVGO,-1.1796303,-0.10986632853746414,-0.031674422,9.0,9.0,0.2
2026-08-18,AVGO,-1.9770036,-0.1019865944981575,-0.046105236,9.0,10.0,0.2
2026-08-19,AVGO,1.1933203,-0.09311914443969727,0.004276064,9.0,2.0,0.2
2026-08-20,AVGO,0.34696367,-0.07620055228471756,0.012141894,7.0,3.0,0.4
2026-08-21,AVGO,-1.1174302,-0.06087169051170349,-0.026299369,7.0,8.0,0.4
2026-08-24,AVGO,-0.61174476,-0.04241111874580383,-0.0056305593,3.0,9.0,0.8
2026-08-25,AVGO,0.009059576,-0.031974270939826965,-0.0032236192,3.0,6.0,0.8
2026-08-26,AVGO,0.9768181,-0.02245180308818817,0.044855066,2.0,2.0,0.9
2026-08-27,AVGO,-0.50218266,-0.022930800914764404,-0.0074016256,2.0,8.0,0.9
2026-08-28,AVGO,0.09059455,-0.02644592523574829,0.004202901,4.0,4.0,0.7
2026-08-31,AVGO,0.10104017,-0.030613720417022705,-0.0017821561,4.0,4.0,0.7
2026-09-01,AVGO,-0.8947163,-0.035869479179382324,-0.0066003096,6.0,9.0,0.5
2026-09-02,AVGO,-1.8950814,-0.0395309180021286,-0.027447954,6.0,10.0,0.5
2026-09-03,AVGO,0.70946974,-0.03866274654865265,0.0020718733,5.0,3.0,0.6
2026-09-04,AVGO,1.4792355,-0.03818923234939575,0.029784868,4.0,2.0,0.7
2026-09-08,AVGO,-0.5309102,-0.04033958911895752,-0.011341417,4.0,8.0,0.7
2026-09-09,AVGO,-0.522479,-0.042317211627960205,-0.009742627,5.0,7.0,0.6
2026-09-10,AVGO,-0.7936984,-0.04281491041183472,0.0032148205,5.0,9.0,0.6
2025-01-22,GOOGL,-0.6261694,-0.01160314679145813,-0.0019658762,2.0,8.0,0.9
2025-01-23,GOOGL,0.91887045,-0.011182993650436401,0.0112637235,2.0,3.0,0.9
2025-01-24,GOOGL,-0.08065762,-0.01178404688835144,-0.041956086,2.0,8.0,0.9
2025-01-27,GOOGL,-0.13468322,-0.005404055118560791,0.018195169,3.0,6.0,0.8
2025-01-28,GOOGL,0.53134215,-0.010043233633041382,0.00056324434,3.0,4.0,0.8
2025-01-29,GOOGL,0.75156075,-0.009599104523658752,0.027941205,3.0,3.0,0.8
2025-01-30,GOOGL,0.8419032,-0.010774791240692139,0.015681952,3.0,2.0,0.8
2025-01-31,GOOGL,0.027847694,-0.011450707912445068,-0.01367524,3.0,6.0,0.8
2025-02-03,GOOGL,1.0050322,-0.01114511489868164,0.025592683,2.0,2.0,0.9
2025-02-04,GOOGL,-1.9398646,-0.015348106622695923,-0.07292384,2.0,10.0,0.9
2025-02-05,GOOGL,-0.3375204,-0.018148809671401978,0.0014112972,2.0,7.0,0.9
2025-02-06,GOOGL,-0.8071877,-0.018136009573936462,-0.03267227,2.0,7.0,0.8888888888888888
2025-02-07,GOOGL,-0.1048083,-0.010790720582008362,0.0060969396,2.0,5.0,0.8888888888888888
2025-02-10,GOOGL,-0.08905207,-0.010182112455368042,-0.006167242,1.0,8.0,1.0
2025-02-11,GOOGL,-0.38159332,-0.005325451493263245,-0.009227229,1.0,6.0,1.0
2025-02-12,GOOGL,-0.0997581,-0.0016056150197982788,0.013779156,1.0,4.0,1.0
2025-02-13,GOOGL,-0.53184086,0.0012513399124145508,-0.004888812,1.0,6.0,1.0
2025-02-14,GOOGL,-0.6510229,0.003886401653289795,-0.0078821555,1.0,7.0,1.0
2025-02-18,GOOGL,0.6257332,0.007522076368331909,0.008162345,1.0,3.0,1.0
2025-02-19,GOOGL,0.2010401,0.007938653230667114,-0.0038321582,1.0,5.0,1.0
2025-02-20,GOOGL,-0.20510215,0.009384393692016602,-0.026549581,1.0,6.0,1.0
2025-02-21,GOOGL,0.7738067,0.013800084590911865,-0.0022820905,1.0,3.0,1.0
2025-02-24,GOOGL,0.022265743,0.01142379641532898,-0.021366782,1.0,7.0,1.0
2025-02-25,GOOGL,-0.71151906,0.012719005346298218,-0.0153348725,1.0,8.0,1.0
2025-02-26,GOOGL,0.13345169,0.01232081651687622,-0.024488851,1.0,6.0,1.0
2025-02-27,GOOGL,-0.7613261,0.015676021575927734,0.010563671,1.0,9.0,1.0
2025-02-28,GOOGL,0.6119754,0.014958560466766357,-0.019203644,1.0,3.0,1.0
2025-03-03,GOOGL,1.4420608,0.01846468448638916,0.023411907,1.0,1.0,1.0
2025-03-04,GOOGL,-0.08615865,0.014491766691207886,0.01228631,1.0,6.0,1.0
2025-03-05,GOOGL,0.82335776,0.0078497976064682,-0.0038723932,2.0,3.0,0.9
2025-03-06,GOOGL,-0.053089406,0.007525086402893066,0.008761249,3.0,5.0,0.8
2025-03-07,GOOGL,0.047315143,0.001270204782485962,-0.04485768,3.0,6.0,0.8
2025-03-10,GOOGL,-0.63539815,0.005348950624465942,-0.011032793,3.0,7.0,0.8
2025-03-11,GOOGL,-0.04204537,0.0036884546279907227,0.018715052,2.0,5.0,0.9
2025-03-12,GOOGL,-0.3871912,-0.002923935651779175,-0.02603089,3.0,7.0,0.8
2025-03-13,GOOGL,-1.0955255,-0.004110544919967651,0.01677315,3.0,10.0,0.8
2025-03-14,GOOGL,-0.026854897,-0.009489864110946655,-0.007251161,3.0,7.0,0.8
2025-03-17,GOOGL,-0.06890106,-0.012067258358001709,-0.022034243,3.0,6.0,0.8
2025-03-18,GOOGL,0.04236146,-0.007196947932243347,0.020041253,3.0,3.0,0.8
2025-03-19,GOOGL,-0.5100637,-0.00975191593170166,-0.0066509694,3.0,9.0,0.8
2025-03-20,GOOGL,-0.29284012,-0.009386837482452393,0.0073096706,2.0,6.0,0.9
2025-03-21,GOOGL,-0.18712486,-0.009819090366363525,0.022501405,2.0,6.0,0.9
2025-03-24,GOOGL,0.5834578,-0.016284868121147156,0.017175622,2.0,2.0,0.9
2025-03-25,GOOGL,-0.30844253,-0.02108009159564972,-0.03224676,2.0,7.0,0.9
2025-03-26,GOOGL,-0.54221237,-0.02046993374824524,-0.01708472,3.0,8.0,0.8
2025-03-27,GOOGL,-1.3954113,-0.020674049854278564,-0.048754983,4.0,10.0,0.7
2025-03-28,GOOGL,0.32510316,-0.01098683476448059,0.0020086952,3.0,4.0,0.8
2025-03-31,GOOGL,0.3332568,-0.008138716220855713,0.015714059,3.0,5.0,0.8
2025-04-01,GOOGL,-0.59259844,-0.01147376000881195,-0.0001913042,3.0,8.0,0.8
2025-04-02,GOOGL,1.122966,-0.011782616376876831,-0.04024434,3.0,2.0,0.8
2025-04-03,GOOGL,1.2107401,0.003566920757293701,-0.03397032,3.0,1.0,0.8
2025-04-04,GOOGL,-0.014466229,0.018728673458099365,0.0078983605,3.0,6.0,0.8
2025-04-07,GOOGL,0.14751491,0.017842888832092285,-0.013969264,3.0,6.0,0.8
2025-04-08,GOOGL,-0.69248354,0.02108582854270935,0.096820995,3.0,8.0,0.8
2025-04-09,GOOGL,0.81468785,-0.00016307830810546875,-0.03711165,3.0,3.0,0.8
2025-04-10,GOOGL,0.11315749,0.003303050994873047,0.028268581,3.0,6.0,0.8
2025-04-11,GOOGL,1.109112,-0.007928848266601562,0.012282015,3.0,2.0,0.8
2025-04-14,GOOGL,-1.245951,-0.018421754240989685,-0.01735104,3.0,9.0,0.8
2025-04-15,GOOGL,0.550754,-0.019636541604995728,-0.019064551,3.0,3.0,0.8
2025-04-16,GOOGL,-0.63205594,-0.017007187008857727,-0.014152468,3.0,8.0,0.8
2025-04-17,GOOGL,0.41513574,-0.019210726022720337,-0.023088228,2.0,4.0,0.9
2025-04-21,GOOGL,-0.43238878,-0.016294583678245544,0.025733076,2.0,7.0,0.9
2025-04-22,GOOGL,-0.26629052,-0.02366921305656433,0.025615828,2.0,6.0,0.9
2025-04-23,GOOGL,-0.30614346,-0.031072616577148438,0.02529766,2.0,6.0,0.9
2025-04-24,GOOGL,-0.2100314,-0.03422442078590393,0.016825644,2.0,5.0,0.9
2025-04-25,GOOGL,-0.75581455,-0.03600403666496277,-0.00833533,2.0,9.0,0.9
2025-04-28,GOOGL,-0.8130679,-0.033208951354026794,-0.0028019245,2.0,9.0,0.9
2025-04-29,GOOGL,-0.050166644,-0.03170236945152283,-0.008491419,2.0,6.0,0.9
2025-04-30,GOOGL,-0.27863565,-0.02983693778514862,0.015743017,2.0,6.0,0.9
2025-05-01,GOOGL,0.06994422,-0.03300964832305908,0.016925065,2.0,7.0,0.9
2025-05-02,GOOGL,0.9405182,-0.03747791051864624,0.0010972524,2.0,3.0,0.9
2025-05-05,GOOGL,0.04400986,-0.03783582150936127,-0.005968056,2.0,5.0,0.9
2025-05-06,GOOGL,-2.5345774,-0.03705236315727234,-0.07259684,3.0,10.0,0.8
2025-05-07,GOOGL,0.6514283,-0.03271475434303284,0.019156985,2.0,2.0,0.9
2025-05-08,GOOGL,-0.8808087,-0.03951428830623627,-0.009916856,3.0,10.0,0.8
2025-05-09,GOOGL,-0.60760754,-0.03789666295051575,0.037381392,3.0,7.0,0.8
2025-05-12,GOOGL,-0.73537153,-0.039596423506736755,0.0067523336,2.0,8.0,0.9
2025-05-13,GOOGL,1.225484,-0.0364396870136261,0.036607612,2.0,3.0,0.9
2025-05-14,GOOGL,-0.24182999,-0.034791842103004456,-0.0085263,2.0,7.0,0.9
2025-05-15,GOOGL,1.1553562,-0.03205662965774536,0.013600704,2.0,2.0,0.9
2025-05-16,GOOGL,0.51349306,-0.030259236693382263,0.0021060216,2.0,4.0,0.9
2025-05-19,GOOGL,-1.339566,-0.030027911067008972,-0.015371565,2.0,10.0,0.9
2025-05-20,GOOGL,2.5312543,-0.030319541692733765,0.027930222,1.0,1.0,1.0
2025-05-21,GOOGL,1.1024221,-0.02867276966571808,0.013704215,1.0,2.0,1.0
2025-05-22,GOOGL,-0.41882536,-0.031057819724082947,-0.014045703,1.0,8.0,1.0
2025-05-23,GOOGL,-0.09376747,-0.03102976083755493,0.0262955,2.0,4.0,0.9
2025-05-27,GOOGL,0.09262557,-0.03375658392906189,-0.0031232405,2.0,4.0,0.9
2025-05-28,GOOGL,-0.89787704,-0.0357230007648468,-0.0029008773,2.0,10.0,0.9
2025-05-29,GOOGL,0.38304693,-0.037676408886909485,-0.00069829315,2.0,5.0,0.9
2025-05-30,GOOGL,-1.5044643,-0.03794679045677185,-0.015779616,3.0,10.0,0.8
2025-06-02,GOOGL,-1.5426824,-0.03800681233406067,-0.01686086,3.0,10.0,0.8
2025-06-03,GOOGL,0.5411679,-0.03451916575431824,0.011252901,3.0,3.0,0.8
2025-06-04,GOOGL,0.42030048,-0.030176520347595215,0.0009519533,2.0,3.0,0.9
2025-06-05,GOOGL,0.7673134,-0.024613678455352783,0.032518823,2.0,2.0,0.9
2025-06-06,GOOGL,0.4856133,-0.02516336739063263,0.015103575,3.0,3.0,0.8
2025-06-09,GOOGL,0.08977519,-0.024920910596847534,0.0142541565,3.0,3.0,0.8
2025-06-10,GOOGL,-0.3575754,-0.02763800323009491,-0.006998923,3.0,6.0,0.8
2025-06-11,GOOGL,-0.9513636,-0.029195889830589294,-0.009303677,3.0,9.0,0.8
2025-06-12,GOOGL,0.06461893,-0.02987733483314514,-0.0058621936,3.0,4.0,0.8
2025-06-13,GOOGL,-0.3653731,-0.02884480357170105,0.012022675,4.0,6.0,0.7
2025-06-16,GOOGL,0.2337377,-0.031583622097969055,-0.004638863,4.0,5.0,0.7
2025-06-17,GOOGL,-1.5793233,-0.029663190245628357,-0.014947344,4.0,10.0,0.7
2025-06-18,GOOGL,-1.9523102,-0.030469775199890137,-0.038541537,5.0,10.0,0.6
2025-06-20,GOOGL,-0.70192885,-0.02606777846813202,-0.008701299,5.0,9.0,0.6
2025-06-23,GOOGL,0.09792415,-0.02096259593963623,0.009564743,5.0,6.0,0.6
2025-06-24,GOOGL,0.915201,-0.016013801097869873,0.0234454,3.0,2.0,0.8
2025-06-25,GOOGL,0.4033048,-0.011145293712615967,0.01675644,1.0,4.0,1.0
2025-06-26,GOOGL,1.5971841,-0.00870339572429657,0.028754277,1.0,1.0,1.0
2025-06-27,GOOGL,-0.84328985,-0.010028943419456482,-0.012883035,1.0,7.0,1.0
2025-06-30,GOOGL,0.45995957,-0.010972395539283752,-0.0022130206,1.0,5.0,1.0
2025-07-01,GOOGL,0.09631853,-0.009671330451965332,0.015923545,1.0,6.0,1.0
2025-07-02,GOOGL,-0.8998789,-0.010758191347122192,0.0049821935,1.0,9.0,1.0
2025-07-03,GOOGL,-0.07920573,-0.014117240905761719,-0.015262089,1.0,8.0,1.0
2025-07-07,GOOGL,-0.6919741,-0.01440991461277008,-0.013745082,3.0,8.0,0.8
2025-07-08,GOOGL,0.35099056,-0.016973093152046204,0.0129614975,3.0,6.0,0.8
2025-07-09,GOOGL,-0.09585844,-0.017791301012039185,0.0056619085,3.0,6.0,0.8
2025-07-10,GOOGL,1.3216912,-0.01783086359500885,0.01446922,3.0,1.0,0.8
2025-07-11,GOOGL,0.85160685,-0.016501665115356445,0.007602966,3.0,2.0,0.8
2025-07-14,GOOGL,0.008145289,-0.01630556583404541,0.002423497,3.0,5.0,0.8
2025-07-15,GOOGL,0.28229734,-0.016537606716156006,0.005329724,3.0,2.0,0.8
2025-07-16,GOOGL,-0.15758376,-0.01752576231956482,0.0033339106,3.0,5.0,0.8
2025-07-17,GOOGL,0.40248334,-0.018557891249656677,0.00806186,4.0,3.0,0.7
2025-07-18,GOOGL,1.9257652,-0.01818498969078064,0.027234387,4.0,1.0,0.7
2025-07-21,GOOGL,0.80397624,-0.018753573298454285,0.0065229293,4.0,3.0,0.7
2025-07-22,GOOGL,-1.4585444,-0.020760446786880493,-0.005801317,4.0,10.0,0.7
2025-07-23,GOOGL,0.3529203,-0.023406982421875,0.010198203,4.0,4.0,0.7
2025-07-24,GOOGL,0.044913664,-0.02316698431968689,0.0052557895,4.0,4.0,0.7
2025-07-25,GOOGL,-1.0392498,-0.02524101734161377,-0.0031058674,4.0,10.0,0.7
2025-07-28,GOOGL,1.485264,-0.027044638991355896,0.016460685,4.0,1.0,0.7
2025-07-29,GOOGL,0.20818669,-0.02650691568851471,0.0039846804,5.0,4.0,0.6
2025-07-30,GOOGL,-0.6650619,-0.02724844217300415,-0.023558808,5.0,8.0,0.6
2025-07-31,GOOGL,0.6243396,-0.025492042303085327,-0.014434519,5.0,1.0,0.6
2025-08-01,GOOGL,0.7287678,-0.019594982266426086,0.031248275,5.0,4.0,0.6
2025-08-04,GOOGL,0.53215003,-0.020235329866409302,-0.0018970617,5.0,4.0,0.6
2025-08-05,GOOGL,-0.47074932,-0.018231943249702454,0.0072944127,5.0,6.0,0.6
2025-08-06,GOOGL,0.02803011,-0.018932625651359558,0.002193006,3.0,6.0,0.8
2025-08-07,GOOGL,0.8979516,-0.018723607063293457,0.024933673,3.0,2.0,0.8
2025-08-08,GOOGL,-0.13258559,-0.02074575424194336,-0.0020851807,3.0,4.0,0.8
2025-08-11,GOOGL,-0.07338027,-0.019664645195007324,0.011641732,2.0,4.0,0.9
2025-08-12,GOOGL,-0.3529414,-0.0215035080909729,-0.006786552,3.0,5.0,0.8
2025-08-13,GOOGL,0.024901414,-0.02190709114074707,0.004852488,3.0,4.0,0.8
2025-08-14,GOOGL,1.2984868,-0.02105271816253662,0.004730365,4.0,1.0,0.7
2025-08-15,GOOGL,-0.1475176,-0.019622892141342163,-0.0019617432,4.0,7.0,0.7
2025-08-18,GOOGL,0.36850846,-0.019158393144607544,-0.0094839055,3.0,4.0,0.8
2025-08-19,GOOGL,-0.3431124,-0.01673746109008789,-0.011162444,3.0,6.0,0.8
2025-08-20,GOOGL,1.0654677,-0.015453696250915527,0.0021573913,3.0,2.0,0.8
2025-08-21,GOOGL,0.540118,-0.013411611318588257,0.03173966,3.0,2.0,0.8
2025-08-22,GOOGL,1.0575792,-0.014005810022354126,0.01164538,4.0,2.0,0.7
2025-08-25,GOOGL,-1.4820653,-0.012654870748519897,-0.0064751855,4.0,10.0,0.7
2025-08-26,GOOGL,-0.10902981,-0.01159358024597168,0.001641359,4.0,7.0,0.7
2025-08-27,GOOGL,1.1349634,-0.010671883821487427,0.020050157,4.0,2.0,0.7
2025-08-28,GOOGL,1.0758685,-0.010927841067314148,0.006000782,4.0,2.0,0.7
2025-08-29,GOOGL,0.01052896,-0.009653419256210327,-0.0073269787,4.0,6.0,0.7
2025-09-02,GOOGL,2.4667487,-0.006638973951339722,0.091364905,3.0,1.0,0.8
2025-09-03,GOOGL,-0.48753378,-0.011166945099830627,0.0071100686,3.0,6.0,0.8
2025-09-04,GOOGL,0.24548586,-0.013193637132644653,0.011623,3.0,3.0,0.8
2025-09-05,GOOGL,-0.5460259,-0.017522692680358887,-0.003194441,2.0,7.0,0.9
2025-09-08,GOOGL,1.2044024,-0.0231315940618515,0.023884809,2.0,1.0,0.9
2025-09-09,GOOGL,-0.2667907,-0.028221935033798218,-0.0019197306,3.0,7.0,0.8
2025-09-10,GOOGL,-0.060500793,-0.035163283348083496,0.005017403,3.0,4.0,0.8
2025-09-11,GOOGL,-0.43447784,-0.04017692804336548,0.0017890118,3.0,7.0,0.8
2025-09-12,GOOGL,2.0921876,-0.04312711954116821,0.044891927,3.0,1.0,0.8
2025-09-15,GOOGL,-0.41073784,-0.04386052489280701,-0.0017885003,3.0,7.0,0.8
2025-09-16,GOOGL,-0.052525025,-0.04422450065612793,-0.0064898515,3.0,7.0,0.8
2025-09-17,GOOGL,0.60065365,-0.04488542675971985,0.010018835,3.0,2.0,0.8
2025-09-18,GOOGL,0.21837176,-0.04679517447948456,0.01067336,3.0,4.0,0.8
2025-09-19,GOOGL,-0.4727255,-0.04953913390636444,-0.008597643,3.0,7.0,0.8
2025-09-22,GOOGL,0.40037695,-0.04928812384605408,-0.00344517,3.0,4.0,0.8
2025-09-23,GOOGL,-1.3123231,-0.04752108454704285,-0.017960781,4.0,10.0,0.7
2025-09-24,GOOGL,0.0228684,-0.04634431004524231,-0.0054625464,4.0,5.0,0.7
2025-09-25,GOOGL,-0.2721471,-0.04271690547466278,0.0030514786,4.0,6.0,0.7
2025-09-26,GOOGL,-0.599483,-0.04095014929771423,-0.010099759,5.0,8.0,0.6
2025-09-29,GOOGL,-0.34455085,-0.03156852722167969,-0.0038926634,3.0,7.0,0.8
2025-09-30,GOOGL,0.34733146,-0.02468240261077881,0.0074042464,3.0,3.0,0.8
2025-10-01,GOOGL,0.27355602,-0.016702622175216675,0.0032258602,2.0,6.0,0.9
2025-10-02,GOOGL,0.09457329,-0.009249091148376465,-0.0013837058,2.0,6.0,0.9
2025-10-03,GOOGL,0.57690275,-0.0017613470554351807,0.020705031,2.0,3.0,0.9
2025-10-06,GOOGL,-0.76013315,0.0015095323324203491,-0.01864797,2.0,9.0,0.9
2025-10-07,GOOGL,-0.9821971,0.0063343346118927,-0.004638719,2.0,9.0,0.9
2025-10-08,GOOGL,-1.0074978,0.007788345217704773,-0.012631779,1.0,9.0,1.0
2025-10-09,GOOGL,0.9649424,0.01115339994430542,-0.020535728,1.0,3.0,1.0
2025-10-10,GOOGL,0.0802485,0.019519567489624023,0.032041237,1.0,3.0,1.0
2025-10-13,GOOGL,1.161283,0.012728512287139893,0.0053246077,1.0,1.0,1.0
2025-10-14,GOOGL,1.4677993,0.012020781636238098,0.022733735,1.0,1.0,1.0
2025-10-15,GOOGL,0.6584092,0.006387859582901001,0.0017129803,1.0,3.0,1.0
2025-10-16,GOOGL,0.105036795,0.0051133036613464355,0.00731724,1.0,5.0,1.0
2025-10-17,GOOGL,-0.023599895,-0.00444483757019043,0.012830665,1.0,6.0,1.0
2025-10-20,GOOGL,-1.3243918,-0.009699225425720215,-0.023738064,1.0,10.0,1.0
2025-10-21,GOOGL,0.77883136,-0.011133164167404175,0.0049110134,1.0,3.0,1.0
2025-10-22,GOOGL,-0.3809407,-0.013005807995796204,0.005522621,2.0,6.0,0.9
2025-10-23,GOOGL,0.9294867,-0.016391783952713013,0.027027119,2.0,2.0,0.9
2025-10-24,GOOGL,1.2474725,-0.017149120569229126,0.035972476,2.0,2.0,0.9
2025-10-27,GOOGL,-1.0306295,-0.018785804510116577,-0.006684808,1.0,9.0,1.0
2025-10-28,GOOGL,1.1014932,-0.02005094289779663,0.026545113,1.0,3.0,1.0
2025-10-29,GOOGL,1.2670586,-0.020960092544555664,0.025166785,1.0,1.0,1.0
2025-10-30,GOOGL,-0.22079979,-0.023116081953048706,-0.0010303694,1.0,4.0,1.0
2025-10-31,GOOGL,0.23966613,-0.02722346782684326,0.008997475,1.0,4.0,1.0
2025-11-03,GOOGL,-0.22771311,-0.03153762221336365,-0.021782042,1.0,7.0,1.0
2025-11-04,GOOGL,0.95571935,-0.03586722910404205,0.024392776,2.0,2.0,0.9
2025-11-05,GOOGL,0.9312475,-0.03949457406997681,0.0015476581,3.0,3.0,0.8
2025-11-06,GOOGL,-0.978596,-0.04237240552902222,-0.020790234,4.0,9.0,0.7
2025-11-07,GOOGL,1.009265,-0.045033425092697144,0.040418956,4.0,2.0,0.7
2025-11-10,GOOGL,0.43724382,-0.046001315116882324,0.00417093,4.0,4.0,0.7
2025-11-11,GOOGL,-0.580611,-0.046431586146354675,-0.015790654,3.0,7.0,0.8
2025-11-12,GOOGL,-0.17406741,-0.046530336141586304,-0.028390987,3.0,6.0,0.8
2025-11-13,GOOGL,-0.7769374,-0.043310731649398804,-0.0077540735,3.0,8.0,0.8
2025-11-14,GOOGL,2.308605,-0.040278807282447815,0.03114942,3.0,1.0,0.8
2025-11-17,GOOGL,0.60200745,-0.03394465148448944,-0.0025962638,3.0,3.0,0.8
2025-11-18,GOOGL,1.1053064,-0.028494656085968018,0.030005626,3.0,2.0,0.8
2025-11-19,GOOGL,0.4362563,-0.02738824486732483,-0.011475029,3.0,4.0,0.8
2025-11-20,GOOGL,1.9007964,-0.02260565757751465,0.035273854,3.0,1.0,0.8
2025-11-21,GOOGL,0.80807143,-0.02461118996143341,0.063138075,3.0,3.0,0.8
2025-11-24,GOOGL,0.41756853,-0.02779996395111084,0.015255255,3.0,4.0,0.8
2025-11-25,GOOGL,-1.4655734,-0.028399229049682617,-0.010790097,3.0,10.0,0.8
2025-11-26,GOOGL,-0.7238218,-0.02908077836036682,0.0007187579,3.0,9.0,0.8
2025-11-28,GOOGL,-0.64828545,-0.030987858772277832,-0.016521852,3.0,9.0,0.8
2025-12-01,GOOGL,0.19616714,-0.034596145153045654,0.0029216197,3.0,5.0,0.8
2025-12-02,GOOGL,0.50806963,-0.03711017966270447,0.012095775,3.0,4.0,0.8
2025-12-03,GOOGL,-0.74704725,-0.039614737033843994,-0.006288537,3.0,8.0,0.8
2025-12-04,GOOGL,0.6991711,-0.04056695103645325,0.011491724,3.0,3.0,0.8
2025-12-05,GOOGL,-1.0821624,-0.03989565372467041,-0.022861756,3.0,9.0,0.8
2025-12-08,GOOGL,0.5868265,-0.03904646635055542,0.010710215,3.0,4.0,0.8
2025-12-09,GOOGL,0.21964984,-0.035096675157547,0.009871353,3.0,6.0,0.8
2025-12-10,GOOGL,-1.4667101,-0.030663371086120605,-0.024296546,3.0,10.0,0.8
2025-12-11,GOOGL,0.192232,-0.026138126850128174,-0.010050274,3.0,5.0,0.8
2025-12-12,GOOGL,0.082083896,-0.021871313452720642,-0.0034594685,3.0,5.0,0.8
2025-12-15,GOOGL,-0.46283576,-0.017405301332473755,-0.0053533954,3.0,8.0,0.8
2025-12-16,GOOGL,-0.67627275,-0.012146025896072388,-0.03212968,2.0,7.0,0.9
2025-12-17,GOOGL,0.4145783,-0.005547016859054565,0.019344822,2.0,4.0,0.9
2025-12-18,GOOGL,0.35849422,-0.002786487340927124,0.015539287,2.0,3.0,0.9
2025-12-19,GOOGL,0.14959481,0.0007002353668212891,0.008529808,2.0,5.0,0.9
2025-12-22,GOOGL,0.34607336,0.0018655061721801758,0.014752303,2.0,4.0,0.9
2025-12-23,GOOGL,-0.7150855,0.0026137977838516235,-0.0008271873,2.0,8.0,0.9
2025-12-24,GOOGL,0.017719999,0.0008707046508789062,-0.0018463572,2.0,7.0,0.9
2025-12-26,GOOGL,0.53956974,0.0013027787208557129,0.00015946316,2.0,3.0,0.9
2025-12-29,GOOGL,0.13799968,0.0012961924076080322,0.0009247389,2.0,5.0,0.9
2025-12-30,GOOGL,1.4416971,-0.0023269057273864746,-0.002708327,2.0,1.0,0.9
2025-12-31,GOOGL,0.6213272,-0.004600971937179565,0.0068689687,2.0,4.0,0.9
2026-01-02,GOOGL,-0.30344197,-0.006519421935081482,0.004410687,2.0,6.0,0.9
2026-01-05,GOOGL,-0.08831174,-0.009812235832214355,-0.0069501833,2.0,7.0,0.9
2026-01-06,GOOGL,1.7674302,-0.01214677095413208,0.024305042,2.0,1.0,0.9
2026-01-07,GOOGL,0.4670253,-0.012882038950920105,0.010745898,2.0,3.0,0.9
2026-01-08,GOOGL,-0.017816424,-0.015475541353225708,0.009617775,2.0,5.0,0.9
2026-01-09,GOOGL,0.8776547,-0.019740402698516846,0.010013048,2.0,2.0,0.9
2026-01-12,GOOGL,0.9353153,-0.021355554461479187,0.0123846475,2.0,2.0,0.9
2026-01-13,GOOGL,0.6778258,-0.023994415998458862,-0.00038688752,3.0,2.0,0.8
2026-01-14,GOOGL,-1.1141012,-0.028357595205307007,-0.009111445,3.0,10.0,0.8
2026-01-15,GOOGL,-1.0485641,-0.033622026443481445,-0.008353851,3.0,9.0,0.8
2026-01-16,GOOGL,0.32564828,-0.03560684621334076,-0.02424242,3.0,3.0,0.8
2026-01-20,GOOGL,0.63216615,-0.03356979787349701,0.019813668,3.0,4.0,0.8
2026-01-21,GOOGL,-0.3702053,-0.03665180504322052,0.006577702,3.0,6.0,0.8
2026-01-22,GOOGL,-0.75737834,-0.0379251092672348,-0.007896222,4.0,8.0,0.7
2026-01-23,GOOGL,0.59392625,-0.03533777594566345,0.016253531,4.0,3.0,0.7
2026-01-26,GOOGL,-0.524994,-0.033546239137649536,0.0038707918,4.0,7.0,0.7
2026-01-27,GOOGL,0.45620748,-0.031735196709632874,0.0043641264,4.0,3.0,0.7
2026-01-28,GOOGL,0.10048203,-0.03021012246608734,0.006666485,3.0,5.0,0.8
2026-01-29,GOOGL,0.02085616,-0.028737276792526245,-0.0007390897,3.0,5.0,0.8
2026-01-30,GOOGL,0.8634911,-0.029027283191680908,0.016834235,3.0,2.0,0.8
2026-02-02,GOOGL,-0.14836001,-0.03117731213569641,-0.011580165,3.0,5.0,0.8
2026-02-03,GOOGL,-0.2969118,-0.03094559907913208,-0.019634284,2.0,5.0,0.9
2026-02-04,GOOGL,0.5551991,-0.02994297444820404,-0.0053747436,2.0,4.0,0.9
2026-02-05,GOOGL,-1.0334426,-0.02562287449836731,-0.025328415,2.0,9.0,0.9
2026-02-06,GOOGL,-0.51134723,-0.026126965880393982,0.004522141,2.0,7.0,0.9
2026-02-09,GOOGL,-1.2682853,-0.026292338967323303,-0.01769865,2.0,10.0,0.9
2026-02-10,GOOGL,-1.2286588,-0.020927295088768005,-0.0239187,3.0,10.0,0.8
2026-02-11,GOOGL,1.4011356,-0.014701604843139648,-0.006302906,2.0,2.0,0.9
2026-02-12,GOOGL,-0.02789085,-0.002340272068977356,-0.010614949,1.0,6.0,1.0
2026-02-13,GOOGL,-0.92423683,0.0035262703895568848,-0.012102657,1.0,8.0,1.0
2026-02-17,GOOGL,-0.54084945,0.010112911462783813,0.0043375893,1.0,7.0,1.0
2026-02-18,GOOGL,-0.07645612,0.012818515300750732,-0.0015824246,1.0,8.0,1.0
2026-02-19,GOOGL,1.7680743,0.014614477753639221,0.040052917,1.0,1.0,1.0
2026-02-20,GOOGL,0.10856057,0.008651047945022583,-0.011080233,1.0,5.0,1.0
2026-02-23,GOOGL,-0.5779027,0.0033890455961227417,-0.0018940645,1.0,8.0,1.0
2026-02-24,GOOGL,-0.9189488,-0.003638356924057007,0.0064329603,1.0,9.0,1.0
2026-02-25,GOOGL,-0.24301305,-0.009470686316490173,-0.017641498,1.0,7.0,1.0
2026-02-26,GOOGL,1.1320151,-0.011990606784820557,0.014249545,1.0,2.0,1.0
2026-02-27,GOOGL,-1.4854727,-0.015737414360046387,-0.016807806,1.0,10.0,1.0
2026-03-02,GOOGL,-0.2994952,-0.02019105851650238,-0.009591656,2.0,6.0,0.9
2026-03-03,GOOGL,-0.6782782,-0.022053048014640808,-0.0014821127,2.0,7.0,0.9
2026-03-04,GOOGL,-0.56882954,-0.02709728479385376,-0.0074225715,2.0,7.0,0.9
2026-03-05,GOOGL,0.5940531,-0.025833040475845337,-0.007843725,2.0,4.0,0.9
2026-03-06,GOOGL,0.9370951,-0.021765857934951782,0.026985187,3.0,3.0,0.8
2026-03-09,GOOGL,0.30354786,-0.02668192982673645,0.0022197475,3.0,5.0,0.8
2026-03-10,GOOGL,0.12312976,-0.03190210461616516,0.0054065124,3.0,4.0,0.8
2026-03-11,GOOGL,-0.1415833,-0.03573766350746155,-0.016683048,3.0,7.0,0.8
2026-03-12,GOOGL,0.5440926,-0.03609669208526611,-0.0041837445,3.0,3.0,0.8
2026-03-13,GOOGL,-0.38516134,-0.03666993975639343,0.010850879,3.0,6.0,0.8
2026-03-16,GOOGL,1.3981875,-0.04000332951545715,0.017541576,3.0,1.0,0.8
2026-03-17,GOOGL,0.32036507,-0.04397869110107422,-0.010388573,3.0,4.0,0.8
2026-03-18,GOOGL,0.33590522,-0.0455600768327713,-0.0018199794,3.0,4.0,0.8
2026-03-19,GOOGL,-0.21764766,-0.04675644636154175,-0.019958977,3.0,6.0,0.8
2026-03-20,GOOGL,-1.11868,-0.04166238009929657,0.0035216915,3.0,9.0,0.8
2026-03-23,GOOGL,-1.6612712,-0.042537108063697815,-0.038469233,3.0,10.0,0.8
2026-03-24,GOOGL,-0.34443185,-0.03880804777145386,0.0016870504,3.0,7.0,0.8
2026-03-25,GOOGL,-0.35584396,-0.036660075187683105,-0.03440687,3.0,7.0,0.8
2026-03-26,GOOGL,-0.07639098,-0.029734402894973755,-0.023423005,3.0,4.0,0.8
2026-03-27,GOOGL,-0.022982953,-0.020529240369796753,-0.0030618918,3.0,6.0,0.8
2026-03-30,GOOGL,0.5421827,-0.015450388193130493,0.051407646,2.0,4.0,0.9
2026-03-31,GOOGL,1.2212031,-0.02019554376602173,0.034184236,2.0,1.0,0.9
2026-04-01,GOOGL,-0.024505896,-0.02766120433807373,-0.0054474543,2.0,8.0,0.9
2026-04-02,GOOGL,0.8875433,-0.03292682766914368,0.014267777,2.0,3.0,0.9
2026-04-06,GOOGL,0.5326693,-0.036232590675354004,0.018233953,2.0,2.0,0.9
2026-04-07,GOOGL,0.53409666,-0.03765428066253662,0.03882679,4.0,3.0,0.7
2026-04-08,GOOGL,-0.4505244,-0.043721601366996765,0.0036870274,4.0,8.0,0.7
2026-04-09,GOOGL,-0.62803835,-0.04954001307487488,-0.003924746,5.0,8.0,0.6
2026-04-10,GOOGL,0.18446054,-0.05375558137893677,0.012829449,5.0,3.0,0.6
2026-04-13,GOOGL,0.7550653,-0.05747291445732117,0.036102217,5.0,4.0,0.6
2026-04-14,GOOGL,-0.30856398,-0.05956164002418518,0.012646027,5.0,6.0,0.6
2026-04-15,GOOGL,-0.70779204,-0.06306494772434235,-0.0032630106,6.0,8.0,0.5
2026-04-16,GOOGL,0.35567904,-0.06590882688760757,0.01684432,7.0,5.0,0.4
2026-04-17,GOOGL,-0.4692684,-0.06683769822120667,-0.01246774,7.0,7.0,0.4
2026-04-20,GOOGL,-0.80056256,-0.07094071060419083,-0.015203641,7.0,8.0,0.4
2026-04-21,GOOGL,0.2600862,-0.07420675456523895,0.021156251,7.0,4.0,0.4
2026-04-22,GOOGL,0.6568369,-0.0763649195432663,-0.0012672598,7.0,4.0,0.4
2026-04-23,GOOGL,0.20698848,-0.07865329086780548,0.016258873,8.0,5.0,0.3
2026-04-24,GOOGL,0.8154086,-0.08109868317842484,0.017247409,7.0,2.0,0.4
2026-04-27,GOOGL,0.18142052,-0.0842915028333664,-0.0015984172,7.0,5.0,0.4
2026-04-28,GOOGL,0.002752379,-0.08604271709918976,0.00045748416,7.0,4.0,0.4
2026-04-29,GOOGL,1.9789828,-0.08619086444377899,0.09961696,7.0,1.0,0.4
2026-04-30,GOOGL,-0.35558653,-0.08796009421348572,0.0023130178,8.0,6.0,0.3
2026-05-01,GOOGL,-0.4722375,-0.08415169268846512,-0.0063264137,6.0,7.0,0.5
2026-05-04,GOOGL,0.60228115,-0.08807960152626038,0.0135159865,7.0,3.0,0.4
2026-05-05,GOOGL,0.53232753,-0.09161870181560516,0.024740674,8.0,2.0,0.3
2026-05-06,GOOGL,0.056883067,-0.09433673322200775,-0.00012566386,9.0,5.0,0.2
2026-05-07,GOOGL,-0.046330642,-0.10171059519052505,0.007060479,9.0,5.0,0.2
2026-05-08,GOOGL,-1.4002613,-0.11033350974321365,-0.030339304,10.0,10.0,0.1
2026-05-11,GOOGL,-0.013217905,-0.11972831189632416,-0.0033192397,10.0,6.0,0.1
2026-05-12,GOOGL,1.5874065,-0.12365610897541046,0.039421674,10.0,1.0,0.1
2026-05-13,GOOGL,-0.62099844,-0.12638333439826965,-0.0038497478,10.0,8.0,0.1
2026-05-14,GOOGL,-0.08254356,-0.11852338910102844,-0.01069642,10.0,6.0,0.1
2026-05-15,GOOGL,0.28504798,-0.1111309602856636,0.00040329352,10.0,5.0,0.1
2026-05-18,GOOGL,-0.9846567,-0.1016976535320282,-0.023378901,9.0,10.0,0.2
2026-05-19,GOOGL,-0.32065266,-0.08923842012882233,0.003224534,9.0,9.0,0.2
2026-05-20,GOOGL,-0.2873656,-0.07836879044771194,-0.0032141698,9.0,7.0,0.2
2026-05-21,GOOGL,-1.0559675,-0.06558503955602646,-0.012098189,8.0,9.0,0.3
2026-05-22,GOOGL,0.9518083,-0.04968731105327606,0.0154319415,7.0,3.0,0.4
2026-05-26,GOOGL,-0.16576585,-0.0363505482673645,-0.00012862385,4.0,5.0,0.7
2026-05-27,GOOGL,-0.21846177,-0.028342917561531067,0.0033434718,4.0,7.0,0.7
2026-05-28,GOOGL,-1.029488,-0.02030499279499054,-0.025094256,3.0,10.0,0.8
2026-05-29,GOOGL,-0.21181285,-0.010749995708465576,-0.010437966,2.0,6.0,0.9
2026-06-01,GOOGL,-1.3620576,-0.00289347767829895,-0.038579065,1.0,9.0,1.0
2026-06-02,GOOGL,-0.08050145,0.007057130336761475,-0.00790388,1.0,6.0,1.0
2026-06-03,GOOGL,0.8522008,0.01695297658443451,0.036769938,1.0,1.0,1.0
2026-06-04,GOOGL,0.8870354,0.01828894019126892,-0.009833745,1.0,2.0,1.0
2026-06-05,GOOGL,-0.8225502,0.02556590735912323,-0.013575541,1.0,9.0,1.0
2026-06-08,GOOGL,1.0061716,0.019627243280410767,0.0026148802,1.0,2.0,1.0
2026-06-09,GOOGL,-0.042962976,0.019157379865646362,-0.0216329,1.0,5.0,1.0
2026-06-10,GOOGL,-0.2812801,0.019214093685150146,0.0039002227,1.0,7.0,1.0
2026-06-11,GOOGL,0.32939166,0.014516115188598633,0.0053386535,1.0,3.0,1.0
2026-06-12,GOOGL,0.35434508,0.00781618058681488,0.026885094,2.0,5.0,0.9
2026-06-15,GOOGL,0.5691798,-0.0009838640689849854,0.010559081,2.0,3.0,0.9
2026-06-16,GOOGL,-0.36685455,-0.01075783371925354,-0.025344929,4.0,7.0,0.7
2026-06-17,GOOGL,0.04224259,-0.017627939581871033,0.011654985,4.0,5.0,0.7
2026-06-18,GOOGL,-1.2642956,-0.024858534336090088,-0.049860023,4.0,10.0,0.7
2026-06-22,GOOGL,0.03904468,-0.026549726724624634,-0.010152168,4.0,7.0,0.7
2026-06-23,GOOGL,0.55205715,-0.026340067386627197,-0.0024267952,4.0,4.0,0.7
2026-06-24,GOOGL,0.6085143,-0.026872456073760986,-0.004575936,4.0,4.0,0.7
2026-06-25,GOOGL,-0.7914822,-0.02699466049671173,-0.01838753,4.0,9.0,0.7
2026-06-26,GOOGL,0.9593591,-0.022393852472305298,0.048193447,4.0,2.0,0.7
2026-06-29,GOOGL,0.011819065,-0.02980867028236389,0.010518905,4.0,6.0,0.7
2026-06-30,GOOGL,-0.15565422,-0.03414541482925415,0.010745141,4.0,7.0,0.7
2026-07-01,GOOGL,0.15623091,-0.03933839499950409,-0.0035990113,4.0,6.0,0.7
2026-07-02,GOOGL,0.030786771,-0.044844672083854675,0.01819895,4.0,4.0,0.7
2026-07-06,GOOGL,-0.09333248,-0.04883943498134613,0.0015554421,5.0,7.0,0.6
2026-07-07,GOOGL,-0.48910704,-0.05372098088264465,-0.013922492,5.0,6.0,0.6
2026-07-08,GOOGL,-0.88538975,-0.05846357345581055,-0.008371994,5.0,9.0,0.6
2026-07-09,GOOGL,-0.67273337,-0.06195388734340668,-0.0047647515,7.0,9.0,0.4
2026-07-10,GOOGL,-0.22221087,-0.0658588856458664,-0.013074618,6.0,6.0,0.5
2026-07-13,GOOGL,0.6628435,-0.06550800800323486,0.019857623,6.0,3.0,0.5
2026-07-14,GOOGL,0.84804505,-0.06550750136375427,0.031737667,6.0,2.0,0.5
2026-07-15,GOOGL,-1.3001417,-0.06468883901834488,-0.04437624,5.0,9.0,0.6
2026-07-16,GOOGL,-0.69582826,-0.0602390319108963,-0.02169497,3.0,7.0,0.8
2026-07-17,GOOGL,0.7753676,-0.057702720165252686,0.015053198,3.0,3.0,0.8
2026-07-20,GOOGL,-1.3333054,-0.057319194078445435,-0.01375037,3.0,10.0,0.8
2026-07-21,GOOGL,-0.7111727,-0.05842101573944092,-0.01457587,3.0,8.0,0.8
2026-07-22,GOOGL,-0.81140184,-0.05507346987724304,-0.07132621,3.0,9.0,0.8
2026-07-23,GOOGL,0.5248595,-0.04531779885292053,0.006452807,1.0,3.0,1.0
2026-07-24,GOOGL,1.1106069,-0.0403972864151001,0.02132981,1.0,1.0,1.0
2026-07-27,GOOGL,2.0210536,-0.03703780472278595,0.021894934,1.0,1.0,1.0
2026-07-28,GOOGL,1.164712,-0.0361727774143219,0.008989855,1.0,2.0,1.0
2026-07-29,GOOGL,-0.521617,-0.031721413135528564,-0.009058222,2.0,8.0,0.9
2026-07-30,GOOGL,0.73841584,-0.0352502316236496,0.067344,2.0,2.0,0.9
2026-07-31,GOOGL,0.8658249,-0.040506333112716675,0.048802402,2.0,3.0,0.9
2026-08-03,GOOGL,-0.0768355,-0.048491835594177246,0.01108401,3.0,6.0,0.8
2026-08-04,GOOGL,-1.7618309,-0.05431020259857178,-0.0403019,4.0,10.0,0.7
2026-08-05,GOOGL,-1.291561,-0.056925565004348755,-0.012912777,4.0,10.0,0.7
2026-08-06,GOOGL,-1.2485365,-0.06128847599029541,-0.0096436925,5.0,9.0,0.6
2026-08-07,GOOGL,0.25705677,-0.06539733707904816,0.009088415,5.0,4.0,0.6
2026-08-10,GOOGL,-2.1569808,-0.06828328967094421,-0.038375545,5.0,10.0,0.6
2026-08-11,GOOGL,0.29903647,-0.06675450503826141,-0.00075614644,5.0,5.0,0.6
2026-08-12,GOOGL,0.001439024,-0.06626902520656586,0.008208615,5.0,5.0,0.6
2026-08-13,GOOGL,0.26342288,-0.06742526590824127,-0.0013281334,5.0,6.0,0.6
2026-08-14,GOOGL,0.15956005,-0.0654674768447876,-0.005492899,4.0,7.0,0.7
2026-08-17,GOOGL,0.32780477,-0.05855366587638855,0.0005814495,3.0,5.0,0.8
2026-08-18,GOOGL,-0.032203954,-0.05094918608665466,0.0015107128,3.0,6.0,0.8
2026-08-19,GOOGL,-0.37162867,-0.04770819842815399,-0.011748652,3.0,6.0,0.8
2026-08-20,GOOGL,0.34920657,-0.04468238353729248,0.01218189,3.0,2.0,0.8
2026-08-21,GOOGL,0.6361308,-0.04506790637969971,0.009396195,3.0,4.0,0.8
2026-08-24,GOOGL,-0.41474098,-0.04280725121498108,-0.0031604057,4.0,7.0,0.7
2026-08-25,GOOGL,-0.9949755,-0.04408623278141022,-0.014295607,5.0,8.0,0.6
2026-08-26,GOOGL,-0.53748107,-0.04401281476020813,-0.0039473344,5.0,6.0,0.6
2026-08-27,GOOGL,0.5603409,-0.04294532537460327,0.017437262,5.0,2.0,0.6
2026-08-28,GOOGL,-0.9369936,-0.04186159372329712,-0.020889241,5.0,9.0,0.6
2026-08-31,GOOGL,-0.4894315,-0.03739488124847412,-0.012759751,5.0,7.0,0.6
2026-09-01,GOOGL,0.08500559,-0.03509162366390228,0.0062683197,5.0,3.0,0.6
2026-09-02,GOOGL,0.051718168,-0.03489848971366882,0.015899414,4.0,6.0,0.7
2026-09-03,GOOGL,0.060447603,-0.0372566282749176,-0.011102724,3.0,6.0,0.8
2026-09-04,GOOGL,-0.054824043,-0.03704240918159485,-0.00029547393,3.0,4.0,0.8
2026-09-08,GOOGL,-0.9805164,-0.036784201860427856,-0.022786357,3.0,10.0,0.8
2026-09-09,GOOGL,0.4599052,-0.03338664770126343,0.0058975117,2.0,3.0,0.9
2026-09-10,GOOGL,1.3092554,-0.03362661600112915,0.017739007,2.0,2.0,0.9
2025-01-22,JPM,1.104879,-0.07556192576885223,0.011832312,7.0,2.0,0.4
2025-01-23,JPM,-0.0876619,-0.07679075002670288,-0.0041739345,7.0,6.0,0.4
2025-01-24,JPM,0.530336,-0.077751025557518,0.0038137578,7.0,4.0,0.4
2025-01-27,JPM,-0.60282093,-0.07983167469501495,0.0048523997,7.0,8.0,0.4
2025-01-28,JPM,0.34877515,-0.07942484319210052,-0.002096327,7.0,5.0,0.4
2025-01-29,JPM,0.0064027854,-0.0801006630063057,0.00618943,7.0,7.0,0.4
2025-01-30,JPM,-0.16605741,-0.08007581532001495,-0.0034670983,7.0,7.0,0.4
2025-01-31,JPM,0.6458523,-0.08039312064647675,-0.0018331,7.0,4.0,0.4
2025-02-03,JPM,-1.5294029,-0.08030881732702255,0.0042351983,7.0,9.0,0.4
2025-02-04,JPM,0.33323184,-0.07870516180992126,0.009292998,7.0,3.0,0.4
2025-02-05,JPM,1.291663,-0.07559338957071304,0.023924816,7.0,2.0,0.4
2025-02-06,JPM,0.8017584,-0.07291404902935028,-0.0039724256,7.0,3.0,0.3333333333333333
2025-02-07,JPM,-1.1278268,-0.07088269293308258,-0.017258823,7.0,8.0,0.3333333333333333
2025-02-10,JPM,0.76859736,-0.06953506916761398,0.014573467,7.0,2.0,0.3333333333333333
2025-02-11,JPM,0.25458243,-0.06725293397903442,0.0016728672,7.0,4.0,0.3333333333333333
2025-02-12,JPM,-0.6646586,-0.0650780200958252,0.0031585277,7.0,8.0,0.3333333333333333
2025-02-13,JPM,-0.027477913,-0.06336670368909836,0.0009769266,7.0,4.0,0.3333333333333333
2025-02-14,JPM,1.1255774,-0.0609230101108551,0.012148109,6.0,2.0,0.4444444444444444
2025-02-18,JPM,-0.48340732,-0.0585114061832428,-0.0025005597,6.0,9.0,0.5
2025-02-19,JPM,-2.1965263,-0.056201472878456116,-0.044583887,6.0,10.0,0.5
2025-02-20,JPM,0.9558196,-0.05328744649887085,-0.009595053,6.0,2.0,0.5
2025-02-21,JPM,0.26067707,-0.045701056718826294,-0.010974902,6.0,5.0,0.5
2025-02-24,JPM,0.2876124,-0.03951767086982727,-0.015076122,4.0,4.0,0.7
2025-02-25,JPM,0.030329224,-0.03459596633911133,0.0054002837,4.0,5.0,0.7
2025-02-26,JPM,1.0178372,-0.030777812004089355,0.0010045856,4.0,2.0,0.7
2025-02-27,JPM,0.20705707,-0.026667505502700806,0.021617398,4.0,3.0,0.7
2025-02-28,JPM,0.78411955,-0.03070332109928131,-0.015227665,5.0,1.0,0.6
2025-03-03,JPM,-1.4351214,-0.028565526008605957,-0.039789677,6.0,9.0,0.5
2025-03-04,JPM,-0.5485033,-0.02804248034954071,0.005114868,6.0,8.0,0.5
2025-03-05,JPM,0.2600063,-0.028206437826156616,-0.019838564,7.0,5.0,0.4
2025-03-06,JPM,-0.94186044,-0.025759831070899963,-0.017279193,6.0,10.0,0.5
2025-03-07,JPM,0.12274848,-0.026770249009132385,-0.041522194,6.0,4.0,0.5
2025-03-10,JPM,-0.7347812,-0.021696940064430237,-0.013263251,6.0,8.0,0.5
2025-03-11,JPM,-0.8620396,-0.02119903266429901,-0.0054115355,6.0,9.0,0.5
2025-03-12,JPM,0.6092668,-0.02119755744934082,-0.011891221,5.0,4.0,0.6
2025-03-13,JPM,0.32756716,-0.0193718820810318,0.032195162,4.0,3.0,0.7
2025-03-14,JPM,0.7633358,-0.021219611167907715,0.0064101564,4.0,2.0,0.7
2025-03-17,JPM,1.3981404,-0.023372694849967957,0.00444578,4.0,1.0,0.7
2025-03-18,JPM,-0.1459792,-0.025326907634735107,0.017619234,4.0,5.0,0.7
2025-03-19,JPM,0.21765606,-0.030051320791244507,-0.0004181802,4.0,5.0,0.7
2025-03-20,JPM,-0.07073092,-0.033688366413116455,0.010961891,4.0,5.0,0.7
2025-03-21,JPM,-0.06912653,-0.035798877477645874,0.026610898,5.0,5.0,0.6
2025-03-24,JPM,0.22827615,-0.043708011507987976,0.012376073,6.0,4.0,0.5
2025-03-25,JPM,1.028876,-0.04902723431587219,-0.00039828973,6.0,2.0,0.5
2025-03-26,JPM,-0.17559694,-0.052115872502326965,-0.011592269,6.0,6.0,0.5
2025-03-27,JPM,0.46744302,-0.05645108222961426,-0.021239538,6.0,4.0,0.5
2025-03-28,JPM,0.99479973,-0.05589953064918518,0.0100884065,7.0,3.0,0.4
2025-03-31,JPM,-1.5902238,-0.05717045068740845,-0.006685606,7.0,10.0,0.4
2025-04-01,JPM,-0.07576389,-0.06074140965938568,0.008864729,7.0,4.0,0.4
2025-04-02,JPM,-0.0038470794,-0.061999283730983734,-0.06968505,7.0,5.0,0.4
2025-04-03,JPM,-0.62507063,-0.05529497563838959,-0.074838385,8.0,9.0,0.3
2025-04-04,JPM,0.4043185,-0.036343008279800415,0.019783188,7.0,5.0,0.4
2025-04-07,JPM,1.3513587,-0.03464853763580322,0.011331779,7.0,2.0,0.4
2025-04-08,JPM,-0.9875084,-0.036259010434150696,0.08055519,8.0,9.0,0.3
2025-04-09,JPM,1.1828567,-0.04738190770149231,-0.030852629,7.0,2.0,0.4
2025-04-10,JPM,0.74460244,-0.049366846680641174,0.04002466,8.0,3.0,0.3
2025-04-11,JPM,-0.23903473,-0.057938724756240845,-0.00626586,10.0,7.0,0.1
2025-04-14,JPM,-0.23571926,-0.06168201565742493,-0.0067740306,10.0,7.0,0.1
2025-04-15,JPM,0.73742557,-0.06025667488574982,-0.0150988,10.0,2.0,0.1
2025-04-16,JPM,0.8256044,-0.05630958080291748,0.010234742,10.0,3.0,0.1
2025-04-17,JPM,1.159356,-0.05811631679534912,-0.012803966,10.0,1.0,0.1
2025-04-21,JPM,-0.04760161,-0.061422497034072876,0.0288222,10.0,5.0,0.1
2025-04-22,JPM,-0.4469062,-0.06669491529464722,0.02245429,10.0,8.0,0.1
2025-04-23,JPM,-0.9659735,-0.07018950581550598,0.015609401,10.0,9.0,0.1
2025-04-24,JPM,-0.925542,-0.06889542937278748,-0.0044555115,10.0,10.0,0.1
2025-04-25,JPM,0.1568328,-0.06672532111406326,-0.0013549473,9.0,6.0,0.2
2025-04-28,JPM,0.25306058,-0.06351982057094574,0.005756012,9.0,4.0,0.2
2025-04-29,JPM,0.5711055,-0.06152607500553131,0.0,8.0,4.0,0.3
2025-04-30,JPM,-0.5479107,-0.05964922904968262,0.009279812,9.0,7.0,0.2
2025-05-01,JPM,0.32981697,-0.0614495575428009,0.022763126,7.0,6.0,0.4
2025-05-02,JPM,0.8737067,-0.06316056102514267,0.0001980198,6.0,4.0,0.5
2025-05-05,JPM,-0.70678073,-0.06704237312078476,-0.013105821,7.0,8.0,0.4
2025-05-06,JPM,-0.013870552,-0.07003973424434662,0.00056177,7.0,6.0,0.4
2025-05-07,JPM,0.32921526,-0.07168586552143097,0.016359814,8.0,4.0,0.3
2025-05-08,JPM,-0.3716654,-0.07250789552927017,-0.0015386429,8.0,7.0,0.3
2025-05-09,JPM,-1.0299337,-0.07502929121255875,0.027540678,7.0,8.0,0.4
2025-05-12,JPM,-0.5182692,-0.07645919919013977,0.011382517,8.0,6.0,0.3
2025-05-13,JPM,-0.12240503,-0.07778804004192352,0.009999778,8.0,4.0,0.3
2025-05-14,JPM,1.0585196,-0.07892626523971558,0.006963999,8.0,2.0,0.3
2025-05-15,JPM,-0.13126779,-0.07983948290348053,0.00026181925,7.0,6.0,0.4
2025-05-16,JPM,-0.59765995,-0.08007937669754028,-0.010016491,7.0,7.0,0.4
2025-05-19,JPM,1.0791342,-0.08213070034980774,0.0030203552,7.0,3.0,0.4
2025-05-20,JPM,-0.4321397,-0.082090362906456,-0.017464662,6.0,7.0,0.5
2025-05-21,JPM,-0.7929692,-0.08241226524114609,-0.0014173436,6.0,8.0,0.5
2025-05-22,JPM,1.1947451,-0.08082243800163269,0.00015333689,6.0,2.0,0.5
2025-05-23,JPM,-0.6239864,-0.07955591380596161,0.017567448,5.0,9.0,0.6
2025-05-27,JPM,-0.31201845,-0.0788954421877861,-0.0067851786,5.0,7.0,0.6
2025-05-28,JPM,-0.2761291,-0.07664313167333603,0.0033400366,5.0,6.0,0.6
2025-05-29,JPM,0.33185077,-0.07402272522449493,-0.0013996089,5.0,6.0,0.6
2025-05-30,JPM,-0.34374633,-0.07222454249858856,0.0024999804,6.0,8.0,0.5
2025-06-02,JPM,-0.0021614744,-0.06919455528259277,0.0060832812,6.0,5.0,0.5
2025-06-03,JPM,-0.49758124,-0.06660440564155579,-0.0076989047,6.0,8.0,0.5
2025-06-04,JPM,0.20522735,-0.06296062469482422,-0.008591487,6.0,7.0,0.5
2025-06-05,JPM,0.024096446,-0.05981850624084473,0.014430509,6.0,7.0,0.5
2025-06-06,JPM,-0.19597857,-0.059324800968170166,0.0038006473,6.0,7.0,0.5
2025-06-09,JPM,-0.3382019,-0.05738094449043274,0.006973124,6.0,6.0,0.5
2025-06-10,JPM,-0.04193312,-0.0558648556470871,-0.00167542,6.0,5.0,0.5
2025-06-11,JPM,-0.09888937,-0.05489291250705719,0.00033564633,6.0,6.0,0.5
2025-06-12,JPM,-0.33248776,-0.054736360907554626,-0.012265039,7.0,6.0,0.4
2025-06-13,JPM,0.784995,-0.05407997965812683,0.02041881,7.0,2.0,0.4
2025-06-16,JPM,0.3506025,-0.05599173903465271,-0.0031070916,7.0,3.0,0.4
2025-06-17,JPM,1.2477145,-0.05707164108753204,0.016473923,7.0,2.0,0.4
2025-06-18,JPM,0.5194567,-0.060326144099235535,0.0037960967,7.0,3.0,0.4
2025-06-20,JPM,0.012014851,-0.06356737017631531,0.011890926,7.0,5.0,0.4
2025-06-23,JPM,0.1520957,-0.06606341898441315,0.0107450485,7.0,5.0,0.4
2025-06-24,JPM,0.265253,-0.06831458956003189,0.009955151,8.0,3.0,0.3
2025-06-25,JPM,0.38012934,-0.06819357722997665,0.01651059,8.0,5.0,0.3
2025-06-26,JPM,-0.8381844,-0.06959936767816544,-0.0056796623,8.0,9.0,0.3
2025-06-27,JPM,0.62965935,-0.07102643698453903,0.00975242,8.0,3.0,0.3
2025-06-30,JPM,0.6305464,-0.07115765661001205,0.0017246336,8.0,4.0,0.3
2025-07-01,JPM,-0.51908106,-0.07025349140167236,0.0054750196,8.0,7.0,0.3
2025-07-02,JPM,1.1229706,-0.06849681586027145,0.018582286,8.0,2.0,0.3
2025-07-03,JPM,0.003128987,-0.06745223701000214,-0.013614848,8.0,7.0,0.3
2025-07-07,JPM,-1.7275997,-0.0691700130701065,-0.031475827,8.0,10.0,0.3
2025-07-08,JPM,-0.8410605,-0.07005053758621216,0.00134379,8.0,8.0,0.3
2025-07-09,JPM,0.6440841,-0.06726998090744019,0.017763693,8.0,2.0,0.3
2025-07-10,JPM,-0.76939136,-0.06352731585502625,-0.004615082,8.0,8.0,0.3
2025-07-11,JPM,0.7067744,-0.058488622307777405,0.006414462,8.0,3.0,0.3
2025-07-14,JPM,-0.5588575,-0.05533771216869354,-0.007447315,8.0,7.0,0.3
2025-07-15,JPM,-0.3044499,-0.05332173407077789,-0.002547374,8.0,7.0,0.3
2025-07-16,JPM,1.067134,-0.05078640580177307,0.014274631,8.0,2.0,0.3
2025-07-17,JPM,0.20628151,-0.049881547689437866,0.004725718,8.0,5.0,0.3
2025-07-18,JPM,-0.7514028,-0.048713892698287964,-0.0010299864,8.0,8.0,0.3
2025-07-21,JPM,0.47318378,-0.047221362590789795,0.0015809907,8.0,5.0,0.3
2025-07-22,JPM,1.0248264,-0.046751946210861206,0.018289136,8.0,3.0,0.3
2025-07-23,JPM,-0.015183322,-0.04837590456008911,-0.0007076313,7.0,8.0,0.4
2025-07-24,JPM,0.19517235,-0.04857923090457916,0.006980222,7.0,2.0,0.4
2025-07-25,JPM,-0.8542846,-0.04952794313430786,-0.0011385726,8.0,8.0,0.3
2025-07-28,JPM,-0.09045022,-0.05006009340286255,-0.004157107,8.0,5.0,0.3
2025-07-29,JPM,0.6324166,-0.05066746473312378,0.00871947,8.0,3.0,0.3
2025-07-30,JPM,-0.3835709,-0.05174258351325989,-0.011314025,8.0,7.0,0.3
2025-07-31,JPM,0.18923397,-0.05082520842552185,-0.023190722,7.0,6.0,0.4
2025-08-01,JPM,0.022290094,-0.04843631386756897,0.016898926,7.0,7.0,0.4
2025-08-04,JPM,-0.4047063,-0.050928995013237,-0.0098213665,7.0,7.0,0.4
2025-08-05,JPM,-0.8285762,-0.051073506474494934,-6.8635076e-05,7.0,8.0,0.4
2025-08-06,JPM,-1.2532501,-0.05115792155265808,-0.015136407,7.0,10.0,0.4
2025-08-07,JPM,-0.49340877,-0.04891964793205261,0.0063426523,7.0,7.0,0.4
2025-08-08,JPM,0.3162972,-0.04774582386016846,0.002770541,7.0,2.0,0.4
2025-08-11,JPM,-0.10019436,-0.0433734655380249,0.011362173,7.0,5.0,0.4
2025-08-12,JPM,-0.44560558,-0.044303104281425476,-0.007922174,7.0,6.0,0.4
2025-08-13,JPM,0.75164664,-0.04285325109958649,0.012494407,7.0,2.0,0.4
2025-08-14,JPM,-0.96384203,-0.04306711256504059,-0.012476297,7.0,8.0,0.4
2025-08-15,JPM,0.42079654,-0.04273851215839386,0.0035801572,5.0,3.0,0.6
2025-08-18,JPM,0.8441984,-0.04413217306137085,-0.0029841473,5.0,3.0,0.6
2025-08-19,JPM,1.3004057,-0.04514840245246887,0.0054357364,5.0,2.0,0.6
2025-08-20,JPM,0.23019661,-0.047170668840408325,-0.0026346373,5.0,5.0,0.6
2025-08-21,JPM,-0.4363147,-0.049412310123443604,0.016365288,5.0,7.0,0.6
2025-08-22,JPM,-0.8593168,-0.05334088206291199,-0.0045233723,7.0,9.0,0.4
2025-08-25,JPM,0.9277177,-0.054336220026016235,0.012444779,7.0,3.0,0.4
2025-08-26,JPM,0.0058568856,-0.05537670850753784,0.0023780486,7.0,5.0,0.4
2025-08-27,JPM,-0.103985086,-0.056606799364089966,0.005981055,7.0,5.0,0.4
2025-08-28,JPM,0.7939236,-0.05808919668197632,0.0011624674,7.0,3.0,0.4
2025-08-29,JPM,0.22399817,-0.0597044974565506,-0.0057061203,7.0,5.0,0.4
2025-09-02,JPM,-0.45866132,-0.06139199435710907,-0.00063406583,7.0,8.0,0.4
2025-09-03,JPM,0.14938012,-0.06460963189601898,0.014390173,8.0,3.0,0.3
2025-09-04,JPM,-0.8515152,-0.06704875826835632,-0.031070998,8.0,10.0,0.3
2025-09-05,JPM,-0.6854644,-0.06839076429605484,-0.004993572,8.0,8.0,0.3
2025-09-08,JPM,0.7523565,-0.06723291426897049,0.016865324,8.0,3.0,0.3
2025-09-09,JPM,0.01924604,-0.06645216792821884,0.009031257,7.0,4.0,0.4
2025-09-10,JPM,0.46232742,-0.06531329452991486,0.016703214,7.0,2.0,0.4
2025-09-11,JPM,-0.32038036,-0.0665644109249115,0.0044181785,7.0,5.0,0.4
2025-09-12,JPM,-0.5816619,-0.06728709489107132,0.00648396,7.0,8.0,0.4
2025-09-15,JPM,-0.23155543,-0.06852351874113083,0.00093888177,6.0,6.0,0.5
2025-09-16,JPM,0.88665986,-0.07122576981782913,0.008279557,6.0,2.0,0.5
2025-09-17,JPM,0.24637523,-0.07427050173282623,0.004747566,6.0,4.0,0.5
2025-09-18,JPM,-0.22618674,-0.07654662430286407,0.0049483427,6.0,5.0,0.5
2025-09-19,JPM,-0.4220261,-0.07758601009845734,-0.0074337865,6.0,6.0,0.5
2025-09-22,JPM,0.706741,-0.0782126933336258,0.0009601976,6.0,2.0,0.5
2025-09-23,JPM,0.00864049,-0.07833528518676758,0.002174433,6.0,4.0,0.5
2025-09-24,JPM,0.35735688,-0.07785375416278839,9.5659976e-05,6.0,4.0,0.5
2025-09-25,JPM,0.11467244,-0.0766219049692154,0.008326583,7.0,4.0,0.4
2025-09-26,JPM,0.03969431,-0.07526325434446335,-0.0011705094,7.0,6.0,0.4
2025-09-29,JPM,-0.08247605,-0.07328910380601883,-0.0008237157,7.0,6.0,0.4
2025-09-30,JPM,-1.1221459,-0.07128515839576721,-0.014963637,6.0,9.0,0.5
2025-10-01,JPM,-0.42059895,-0.06835512816905975,-0.010170242,6.0,9.0,0.5
2025-10-02,JPM,0.8900633,-0.06383779644966125,0.008063611,6.0,2.0,0.5
2025-10-03,JPM,-0.38964608,-0.06066372990608215,0.0021067658,6.0,7.0,0.5
2025-10-06,JPM,0.19562966,-0.05862434208393097,-0.004819027,6.0,7.0,0.5
2025-10-07,JPM,-1.5776095,-0.056333333253860474,-0.0118953185,6.0,10.0,0.5
2025-10-08,JPM,0.33949363,-0.053967252373695374,0.004933845,6.0,4.0,0.5
2025-10-09,JPM,1.302142,-0.05078795552253723,-0.015186751,5.0,1.0,0.6
2025-10-10,JPM,-0.22455084,-0.04300543665885925,0.023530276,5.0,5.0,0.6
2025-10-13,JPM,-0.34737143,-0.04662102460861206,-0.019125314,5.0,8.0,0.6
2025-10-14,JPM,0.41470298,-0.045315057039260864,0.011950554,5.0,5.0,0.6
2025-10-15,JPM,-1.8072411,-0.048699408769607544,-0.023389824,5.0,10.0,0.6
2025-10-16,JPM,-0.7966459,-0.04710574448108673,-0.003282536,5.0,8.0,0.6
2025-10-17,JPM,0.24303174,-0.04987171292304993,0.016131073,4.0,5.0,0.7
2025-10-20,JPM,-0.88328475,-0.051962316036224365,-0.017429603,4.0,8.0,0.7
2025-10-21,JPM,-0.5823206,-0.04998832941055298,-0.010030481,4.0,8.0,0.7
2025-10-22,JPM,-0.94529104,-0.04660671949386597,0.0014621473,4.0,8.0,0.7
2025-10-23,JPM,0.5531879,-0.04630899429321289,0.02003109,4.0,4.0,0.7
2025-10-24,JPM,-0.7711034,-0.04644764959812164,0.012348538,4.0,8.0,0.7
2025-10-27,JPM,-0.43873248,-0.04776851832866669,0.0039783875,4.0,6.0,0.7
2025-10-28,JPM,-0.778154,-0.048224061727523804,0.0004912861,4.0,8.0,0.7
2025-10-29,JPM,0.9478327,-0.04885268211364746,0.012863614,4.0,2.0,0.7
2025-10-30,JPM,-0.03986313,-0.05168968439102173,0.005429115,4.0,3.0,0.7
2025-10-31,JPM,-0.5209991,-0.05441376566886902,-0.0056889937,5.0,8.0,0.6
2025-11-03,JPM,0.92296183,-0.056831181049346924,-0.00032326631,5.0,3.0,0.6
2025-11-04,JPM,0.022915887,-0.05781286954879761,0.007857681,5.0,5.0,0.6
2025-11-05,JPM,1.1681079,-0.06019824743270874,0.005582745,6.0,2.0,0.5
2025-11-06,JPM,0.40888917,-0.06181859225034714,0.002520453,6.0,4.0,0.5
2025-11-07,JPM,-0.872415,-0.06392750144004822,0.008529457,6.0,9.0,0.5
2025-11-10,JPM,-0.10316046,-0.06509789079427719,-0.0040078266,6.0,6.0,0.5
2025-11-11,JPM,1.5254012,-0.06577250361442566,0.015176467,6.0,1.0,0.5
2025-11-12,JPM,-0.429434,-0.06446801126003265,-0.03411248,6.0,7.0,0.5
2025-11-13,JPM,-1.7083762,-0.06500136852264404,-0.018967392,7.0,10.0,0.4
2025-11-14,JPM,-0.41220164,-0.0639198049902916,-0.010671602,7.0,6.0,0.4
2025-11-17,JPM,0.5659167,-0.060523778200149536,-0.0031959717,7.0,4.0,0.4
2025-11-18,JPM,0.23011191,-0.05808824300765991,0.012891963,7.0,4.0,0.4
2025-11-19,JPM,-0.048727706,-0.06021690368652344,-0.01612414,7.0,6.0,0.4
2025-11-20,JPM,-0.22647429,-0.05958858132362366,-0.0012066897,7.0,6.0,0.4
2025-11-21,JPM,-0.8900476,-0.06017342209815979,-6.698661e-05,7.0,9.0,0.4
2025-11-24,JPM,0.5040474,-0.058845847845077515,0.016778413,7.0,3.0,0.4
2025-11-25,JPM,0.52991056,-0.05719920992851257,0.015313662,6.0,4.0,0.5
2025-11-26,JPM,0.74559706,-0.0554938018321991,0.017682994,6.0,3.0,0.5
2025-11-28,JPM,-0.46189615,-0.0554206520318985,-0.013287208,6.0,8.0,0.5
2025-12-01,JPM,-0.5771812,-0.05223730206489563,-0.0033667092,6.0,8.0,0.5
2025-12-02,JPM,0.5960978,-0.052822619676589966,0.013804064,5.0,3.0,0.6
2025-12-03,JPM,0.4563219,-0.05424538254737854,0.012719102,6.0,4.0,0.5
2025-12-04,JPM,-0.6997612,-0.05584028363227844,-0.0033532942,6.0,7.0,0.5
2025-12-05,JPM,0.15686052,-0.05809691548347473,0.0005394601,6.0,4.0,0.5
2025-12-08,JPM,-2.4269445,-0.05857135355472565,-0.04663544,5.0,10.0,0.6
2025-12-09,JPM,1.5330008,-0.05462610721588135,0.03194544,5.0,1.0,0.6
2025-12-10,JPM,1.9391568,-0.05649927258491516,0.0234434,5.0,1.0,0.6
2025-12-11,JPM,0.5565328,-0.059057146310806274,0.0035918602,5.0,2.0,0.6
2025-12-12,JPM,0.43389246,-0.05915558338165283,0.004709396,5.0,4.0,0.6
2025-12-15,JPM,-1.0219121,-0.060812994837760925,-0.013967956,6.0,9.0,0.5
2025-12-16,JPM,0.65551203,-0.06267572939395905,-0.0018062473,6.0,3.0,0.5
2025-12-17,JPM,-1.445162,-0.06325776875019073,-0.006286188,6.0,9.0,0.5
2025-12-18,JPM,0.2223405,-0.06427506357431412,0.013450403,6.0,4.0,0.5
2025-12-19,JPM,1.2957332,-0.0658310055732727,0.018536601,6.0,1.0,0.5
2025-12-22,JPM,-0.22600554,-0.06915319710969925,0.0087902015,7.0,6.0,0.4
2025-12-23,JPM,2.08773,-0.07081638276576996,0.0099408,7.0,1.0,0.4
2025-12-24,JPM,-0.22519037,-0.07041463255882263,-0.0038277523,6.0,8.0,0.5
2025-12-26,JPM,-0.54968464,-0.06911053508520126,-0.012686471,6.0,9.0,0.5
2025-12-29,JPM,-0.20346081,-0.0687502771615982,-0.0010193012,6.0,7.0,0.5
2025-12-30,JPM,1.0794215,-0.06875306367874146,-0.0037103407,6.0,2.0,0.5
2025-12-31,JPM,0.8231331,-0.0690264105796814,0.010117308,7.0,3.0,0.4
2026-01-02,JPM,0.9833763,-0.06938569247722626,0.026299633,7.0,3.0,0.4
2026-01-05,JPM,0.508542,-0.0713164359331131,0.006224746,7.0,3.0,0.4
2026-01-06,JPM,-1.3158922,-0.07239316403865814,-0.022772716,7.0,10.0,0.4
2026-01-07,JPM,0.3594732,-0.0739172026515007,0.008562966,7.0,5.0,0.4
2026-01-08,JPM,-0.9609707,-0.07560281455516815,-0.0018193424,8.0,10.0,0.3
2026-01-09,JPM,-1.245679,-0.07527487725019455,-0.014277537,8.0,9.0,0.3
2026-01-12,JPM,-2.0728574,-0.07377862930297852,-0.04188113,8.0,10.0,0.3
2026-01-13,JPM,0.18403134,-0.06677331030368805,-0.00974585,6.0,4.0,0.5
2026-01-14,JPM,0.2683374,-0.05661800503730774,0.004514955,5.0,5.0,0.6
2026-01-15,JPM,0.7429003,-0.053034305572509766,0.010379577,5.0,2.0,0.6
2026-01-16,JPM,-0.08594075,-0.04941128194332123,-0.031139024,5.0,5.0,0.6
2026-01-20,JPM,-0.61186624,-0.037977635860443115,-0.002312066,4.0,8.0,0.7
2026-01-21,JPM,-0.4356004,-0.037703633308410645,0.005264063,4.0,7.0,0.7
2026-01-22,JPM,-1.4375331,-0.036672234535217285,-0.019464506,3.0,10.0,0.8
2026-01-23,JPM,0.2962549,-0.03070005774497986,0.011151477,3.0,5.0,0.8
2026-01-26,JPM,-1.0470234,-0.028926700353622437,-0.0024249153,3.0,9.0,0.8
2026-01-27,JPM,0.04889961,-0.02876785397529602,0.0015316195,3.0,5.0,0.8
2026-01-28,JPM,0.34024417,-0.03167472779750824,0.018785277,4.0,3.0,0.7
2026-01-29,JPM,-0.041900896,-0.03610840439796448,-0.0017296397,4.0,6.0,0.7
2026-01-30,JPM,0.43065083,-0.040824711322784424,0.0073556216,4.0,4.0,0.7
2026-02-02,JPM,1.2842662,-0.04690098762512207,0.021775743,5.0,2.0,0.6
2026-02-03,JPM,0.74509907,-0.05019637942314148,0.007686104,6.0,3.0,0.5
2026-02-04,JPM,-0.3434744,-0.05576223134994507,-0.02240987,6.0,8.0,0.5
2026-02-05,JPM,0.51647264,-0.0594833642244339,0.039463546,8.0,3.0,0.3
2026-02-06,JPM,-0.8527868,-0.06483091413974762,-0.0009304747,9.0,8.0,0.2
2026-02-09,JPM,-0.6921126,-0.06999131292104721,-0.011859775,9.0,9.0,0.2
2026-02-10,JPM,-1.2003158,-0.07332014292478561,-0.023438394,9.0,9.0,0.2
2026-02-11,JPM,-0.13873914,-0.07626868784427643,-0.026317531,9.0,6.0,0.2
2026-02-12,JPM,1.1202164,-0.07478620111942291,-0.0002974904,9.0,2.0,0.2
2026-02-13,JPM,0.6623953,-0.07362095266580582,0.015138029,9.0,3.0,0.2
2026-02-17,JPM,-0.4307822,-0.07335992157459259,0.0053723515,9.0,6.0,0.2
2026-02-18,JPM,-0.2383017,-0.07381010800600052,-0.0023641316,8.0,9.0,0.3
2026-02-19,JPM,0.017990371,-0.07375936955213547,0.008894704,8.0,6.0,0.3
2026-02-20,JPM,-1.3610818,-0.07568088173866272,-0.042214908,8.0,10.0,0.3
2026-02-23,JPM,-0.5279227,-0.07160259783267975,-0.0012431598,8.0,7.0,0.3
2026-02-24,JPM,0.5583481,-0.06923465430736542,0.020181563,8.0,4.0,0.3
2026-02-25,JPM,1.1430498,-0.07031739503145218,0.009330848,8.0,1.0,0.3
2026-02-26,JPM,-0.42708337,-0.06984373927116394,-0.019044261,7.0,7.0,0.4
2026-02-27,JPM,-0.91614175,-0.06714099645614624,-0.009124151,8.0,9.0,0.3
2026-03-02,JPM,1.1811193,-0.06684257090091705,0.009073762,8.0,2.0,0.3
2026-03-03,JPM,-0.76064795,-0.06450416892766953,-0.0028974062,8.0,8.0,0.3
2026-03-04,JPM,-1.2152826,-0.06530337035655975,-0.019506441,9.0,10.0,0.2
2026-03-05,JPM,0.035519544,-0.06054355204105377,-0.013864692,7.0,6.0,0.4
2026-03-06,JPM,-0.6285343,-0.05330917239189148,0.0015200543,4.0,7.0,0.7
2026-03-09,JPM,-0.41814238,-0.05522702634334564,-0.004104645,4.0,7.0,0.7
2026-03-10,JPM,-0.7845637,-0.05534863471984863,-0.0041908207,4.0,9.0,0.7
2026-03-11,JPM,-0.09212659,-0.05302754044532776,-0.016103076,4.0,5.0,0.7
2026-03-12,JPM,0.8949123,-0.04632106423377991,0.0019440852,4.0,2.0,0.7
2026-03-13,JPM,-0.6265339,-0.045997440814971924,0.009596337,4.0,8.0,0.7
2026-03-16,JPM,-0.0871108,-0.04923248291015625,0.002551116,4.0,6.0,0.7
2026-03-17,JPM,2.0618594,-0.04930180311203003,0.0029626244,5.0,1.0,0.6
2026-03-18,JPM,0.55772895,-0.04608453810214996,0.0007994786,4.0,3.0,0.7
2026-03-19,JPM,0.88110775,-0.046959877014160156,-0.004896399,4.0,3.0,0.7
2026-03-20,JPM,-0.46519047,-0.04294341802597046,0.011690388,4.0,7.0,0.7
2026-03-23,JPM,0.83727056,-0.04779846966266632,0.0085888915,6.0,2.0,0.5
2026-03-24,JPM,0.48994717,-0.050643980503082275,0.010328429,7.0,3.0,0.4
2026-03-25,JPM,0.48829654,-0.05395808815956116,-0.012727786,8.0,3.0,0.3
2026-03-26,JPM,-0.4038199,-0.055916354060173035,-0.030240623,9.0,8.0,0.2
2026-03-27,JPM,0.44575927,-0.05407699942588806,0.0032880667,10.0,4.0,0.1
2026-03-30,JPM,-0.14830676,-0.053380757570266724,0.03661417,10.0,6.0,0.1
2026-03-31,JPM,-0.08358362,-0.05739094316959381,0.0041473988,10.0,8.0,0.1
2026-04-01,JPM,0.1284365,-0.06086263060569763,-0.0026406809,10.0,6.0,0.1
2026-04-02,JPM,0.34588158,-0.0630367249250412,0.008017799,10.0,5.0,0.1
2026-04-06,JPM,0.020919625,-0.06334827840328217,0.0066000973,10.0,3.0,0.1
2026-04-07,JPM,0.43185818,-0.06381535530090332,0.03554131,10.0,4.0,0.1
2026-04-08,JPM,-0.22933896,-0.06600848585367203,0.007663018,10.0,5.0,0.1
2026-04-09,JPM,-0.4962002,-0.06868718564510345,-0.001482226,10.0,7.0,0.1
2026-04-10,JPM,0.13856663,-0.070977583527565,0.012295461,9.0,4.0,0.2
2026-04-13,JPM,-1.1251968,-0.07338632643222809,-0.008161196,9.0,9.0,0.2
2026-04-14,JPM,-1.3720462,-0.07523910701274872,-0.016681645,9.0,10.0,0.2
2026-04-15,JPM,0.7476529,-0.07669651508331299,0.013140301,9.0,3.0,0.2
2026-04-16,JPM,-0.4787163,-0.07714809477329254,0.0010969357,9.0,9.0,0.2
2026-04-17,JPM,1.7680244,-0.07770982384681702,0.021592703,9.0,1.0,0.2
2026-04-20,JPM,-0.5947536,-0.07953141629695892,-0.012587151,9.0,7.0,0.2
2026-04-21,JPM,-1.1739166,-0.08039175719022751,6.385654e-05,9.0,10.0,0.2
2026-04-22,JPM,0.4702463,-0.07851731777191162,-0.0042488333,8.0,5.0,0.3
2026-04-23,JPM,-1.2184385,-0.07667582482099533,-0.01094038,6.0,10.0,0.5
2026-04-24,JPM,0.41959828,-0.07490448653697968,0.010866694,5.0,3.0,0.6
2026-04-27,JPM,0.24086195,-0.07426371425390244,-0.00057753053,3.0,4.0,0.8
2026-04-28,JPM,-0.5433085,-0.07352802157402039,-0.007063803,3.0,7.0,0.8
2026-04-29,JPM,0.24783255,-0.07112690061330795,0.01286987,3.0,4.0,0.8
2026-04-30,JPM,-0.69368315,-0.07033029198646545,-0.0024263326,3.0,7.0,0.8
2026-05-01,JPM,-1.4520321,-0.06802626699209213,-0.015425536,3.0,10.0,0.8
2026-05-04,JPM,0.03009115,-0.06293413788080215,0.0056882994,3.0,5.0,0.8
2026-05-05,JPM,0.24998653,-0.0608525425195694,0.017776366,3.0,4.0,0.8
2026-05-06,JPM,-1.280998,-0.058907702565193176,-0.027405564,3.0,9.0,0.8
2026-05-07,JPM,-0.9980125,-0.05536937713623047,-0.013615362,3.0,9.0,0.8
2026-05-08,JPM,-0.37035745,-0.050821006298065186,-0.006951422,4.0,7.0,0.7
2026-05-11,JPM,1.3864471,-0.04446694254875183,0.016266698,3.0,1.0,0.8
2026-05-12,JPM,-1.5850972,-0.0434117317199707,-0.015186259,3.0,10.0,0.8
2026-05-13,JPM,-0.49736673,-0.042093828320503235,-0.0011323738,3.0,6.0,0.8
2026-05-14,JPM,0.0446156,-0.04099401831626892,-0.007002183,2.0,5.0,0.9
2026-05-15,JPM,1.014767,-0.037050992250442505,0.009804966,2.0,2.0,0.9
2026-05-18,JPM,-0.41995546,-0.037877440452575684,-0.016725982,3.0,7.0,0.8
2026-05-19,JPM,0.62555546,-0.036232173442840576,0.021237828,3.0,3.0,0.8
2026-05-20,JPM,0.4577393,-0.03799694776535034,0.0033776595,4.0,4.0,0.7
2026-05-21,JPM,0.9053865,-0.04108622670173645,0.0111551015,4.0,3.0,0.7
2026-05-22,JPM,0.010746564,-0.04444119334220886,0.0011749538,4.0,5.0,0.7
2026-05-26,JPM,-1.4559344,-0.046586692333221436,-0.024320273,7.0,10.0,0.4
2026-05-27,JPM,-1.217977,-0.0476534366607666,-0.0085203815,7.0,10.0,0.4
2026-05-28,JPM,0.22228368,-0.04881063103675842,0.008694742,7.0,3.0,0.4
2026-05-29,JPM,-0.17639002,-0.048400282859802246,-0.009121034,7.0,5.0,0.4
2026-06-01,JPM,0.5173807,-0.04868674278259277,0.014768342,7.0,4.0,0.4
2026-06-02,JPM,0.23545754,-0.04994949698448181,-0.00036536317,7.0,4.0,0.4
2026-06-03,JPM,0.7784075,-0.051394686102867126,0.03337208,6.0,2.0,0.5
2026-06-04,JPM,1.4002522,-0.05391167104244232,0.0047605117,6.0,1.0,0.5
2026-06-05,JPM,-0.37372905,-0.05215062201023102,-0.0040337252,7.0,6.0,0.4
2026-06-08,JPM,1.1821097,-0.05823053419589996,0.005110786,7.0,1.0,0.4
2026-06-09,JPM,0.49416733,-0.061768725514411926,-0.011384721,8.0,3.0,0.3
2026-06-10,JPM,0.17135169,-0.06545192748308182,0.01407124,8.0,5.0,0.3
2026-06-11,JPM,1.7720459,-0.07070103287696838,0.02306302,9.0,1.0,0.2
2026-06-12,JPM,-0.8776218,-0.07486815750598907,-0.0041157603,9.0,9.0,0.2
2026-06-15,JPM,1.7258545,-0.07845944166183472,0.03675641,9.0,1.0,0.2
2026-06-16,JPM,0.83646494,-0.08022882789373398,0.0070060235,9.0,2.0,0.2
2026-06-17,JPM,-1.6035316,-0.08237430453300476,-0.024710573,9.0,10.0,0.2
2026-06-18,JPM,1.4366264,-0.08350597321987152,0.019248534,9.0,1.0,0.2
2026-06-22,JPM,0.7778886,-0.08347923308610916,0.008024619,9.0,3.0,0.2
2026-06-23,JPM,0.5914143,-0.08375295251607895,-0.002064955,9.0,3.0,0.2
2026-06-24,JPM,1.0638913,-0.08401864022016525,0.0050081415,10.0,1.0,0.1
2026-06-25,JPM,-0.7818773,-0.08657412230968475,-0.018112939,10.0,8.0,0.1
2026-06-26,JPM,-0.6387736,-0.08948812633752823,0.0010333564,10.0,7.0,0.1
2026-06-29,JPM,-1.3442663,-0.08678847551345825,-0.006254045,10.0,9.0,0.1
2026-06-30,JPM,0.17212649,-0.08537973463535309,0.02059095,9.0,3.0,0.2
2026-07-01,JPM,0.2957001,-0.08493263274431229,0.0011973154,9.0,5.0,0.2
2026-07-02,JPM,-0.14387886,-0.07969553768634796,0.014265549,9.0,5.0,0.2
2026-07-06,JPM,0.04549254,-0.07493478059768677,0.004441549,8.0,6.0,0.3
2026-07-07,JPM,-0.94111675,-0.068901427090168,-0.025352297,7.0,10.0,0.4
2026-07-08,JPM,0.16701046,-0.06524942815303802,0.014669428,7.0,4.0,0.4
2026-07-09,JPM,-0.32211,-0.06187015771865845,0.0029808925,6.0,4.0,0.5
2026-07-10,JPM,0.065108806,-0.05707675218582153,-0.0057657515,3.0,5.0,0.8
2026-07-13,JPM,0.9771651,-0.05273064970970154,0.024990333,3.0,2.0,0.8
2026-07-14,JPM,-0.39197862,-0.05382612347602844,0.011723844,2.0,7.0,0.9
2026-07-15,JPM,0.14124285,-0.05345650017261505,-0.010838574,2.0,5.0,0.9
2026-07-16,JPM,0.5795652,-0.0517725944519043,-0.0059740283,2.0,3.0,0.9
2026-07-17,JPM,-0.49539134,-0.0505252480506897,-0.0065377043,2.0,8.0,0.9
2026-07-20,JPM,0.7164352,-0.05008551478385925,0.018768307,2.0,5.0,0.9
2026-07-21,JPM,0.5246661,-0.05115292966365814,0.00863187,2.0,4.0,0.9
2026-07-22,JPM,0.8319608,-0.05209456384181976,0.0048534004,2.0,2.0,0.9
2026-07-23,JPM,0.69238603,-0.05191013216972351,0.009459839,3.0,2.0,0.8
2026-07-24,JPM,0.49019966,-0.05333220958709717,0.008465278,3.0,4.0,0.8
2026-07-27,JPM,0.09538821,-0.05612795054912567,0.0031161855,3.0,4.0,0.8
2026-07-28,JPM,-1.0859582,-0.05852492153644562,-0.035263512,5.0,9.0,0.6
2026-07-29,JPM,-0.06995121,-0.061742909252643585,0.017812116,7.0,6.0,0.4
2026-07-30,JPM,-0.37236336,-0.06418053805828094,0.0026792146,6.0,8.0,0.5
2026-07-31,JPM,-0.88188475,-0.06412720680236816,0.0024162314,7.0,8.0,0.4
2026-08-03,JPM,0.039460085,-0.06235359609127045,0.013838402,6.0,5.0,0.5
2026-08-04,JPM,0.5227008,-0.06004306674003601,0.0048109232,5.0,3.0,0.6
2026-08-05,JPM,-0.90452904,-0.0575791597366333,-0.008183951,5.0,9.0,0.6
2026-08-06,JPM,-0.24012099,-0.0548386424779892,0.0034240843,3.0,6.0,0.8
2026-08-07,JPM,0.11837192,-0.05249486863613129,0.00634935,3.0,6.0,0.8
2026-08-10,JPM,0.91703653,-0.050426632165908813,0.0062536476,3.0,2.0,0.8
2026-08-11,JPM,0.82114947,-0.04937972128391266,0.008673031,2.0,2.0,0.9
2026-08-12,JPM,-0.9309721,-0.04853856563568115,-0.0056684576,2.0,8.0,0.9
2026-08-13,JPM,0.29338658,-0.04643973708152771,-0.0007435461,2.0,5.0,0.9
2026-08-14,JPM,0.18073043,-0.04506111145019531,-0.0051813605,2.0,6.0,0.9
2026-08-17,JPM,0.59712005,-0.04246971011161804,0.006344217,2.0,3.0,0.9
2026-08-18,JPM,-0.7674149,-0.04030972719192505,-0.016489994,2.0,9.0,0.9
2026-08-19,JPM,-0.7851308,-0.038544222712516785,-0.015982818,2.0,7.0,0.9
2026-08-20,JPM,-0.32912582,-0.03400731086730957,8.53329e-05,2.0,6.0,0.9
2026-08-21,JPM,0.8466325,-0.03160072863101959,0.013681177,2.0,2.0,0.9
2026-08-24,JPM,-0.09555517,-0.028831705451011658,0.00084174017,2.0,5.0,0.9
2026-08-25,JPM,0.25308037,-0.02717505395412445,-0.0005326823,2.0,4.0,0.9
2026-08-26,JPM,-0.61344594,-0.02651311457157135,-0.0063955085,3.0,7.0,0.8
2026-08-27,JPM,0.22502679,-0.02611251175403595,0.009598537,3.0,6.0,0.8
2026-08-28,JPM,-0.26474863,-0.02619573473930359,-0.0044740397,3.0,5.0,0.8
2026-08-31,JPM,0.0352442,-0.02510097622871399,-0.003005384,1.0,5.0,1.0
2026-09-01,JPM,-0.11982012,-0.025031596422195435,0.0035779376,1.0,4.0,1.0
2026-09-02,JPM,0.07394665,-0.028507202863693237,0.016394353,2.0,5.0,0.9
2026-09-03,JPM,0.1420679,-0.03318291902542114,-0.009445901,2.0,5.0,0.9
2026-09-04,JPM,-0.76924384,-0.03542092442512512,-0.01430405,2.0,9.0,0.9
2026-09-08,JPM,0.047978774,-0.036419302225112915,0.0033944773,2.0,3.0,0.9
2026-09-09,JPM,-0.11416763,-0.037471503019332886,-0.003242068,3.0,6.0,0.8
2026-09-10,JPM,-0.16574846,-0.038094282150268555,0.007551797,3.0,4.0,0.8
2025-01-22,META,2.226145,-0.08284224569797516,0.020769922,8.0,1.0,0.3
2025-01-23,META,1.3154433,-0.08680804073810577,0.017346147,8.0,2.0,0.3
2025-01-24,META,0.73486865,-0.087079718708992,0.019135399,8.0,2.0,0.3
2025-01-27,META,-0.004768199,-0.08663962781429291,0.021897981,8.0,5.0,0.3
2025-01-28,META,0.7125588,-0.09057143330574036,0.0032031448,8.0,3.0,0.3
2025-01-29,META,0.32659432,-0.09215033054351807,0.015536085,8.0,4.0,0.3
2025-01-30,META,0.18347095,-0.09494829177856445,0.003173177,8.0,5.0,0.3
2025-01-31,META,1.3685075,-0.09999886900186539,0.012014342,8.0,1.0,0.3
2025-02-03,META,-0.8869365,-0.10696029663085938,0.009649212,9.0,8.0,0.2
2025-02-04,META,0.1030048,-0.11464740335941315,0.0009657946,9.0,5.0,0.2
2025-02-05,META,0.29130346,-0.12182365357875824,0.0101009505,9.0,4.0,0.2
2025-02-18,META,-2.052834,-0.13114500045776367,-0.017588502,10.0,10.0,0.1
2025-02-19,META,-0.32002974,-0.13310807943344116,-0.012688845,10.0,7.0,0.1
2025-02-20,META,0.5002425,-0.13217562437057495,-0.01624847,10.0,4.0,0.1
2025-02-21,META,-0.42310163,-0.12544302642345428,-0.02255864,10.0,8.0,0.1
2025-02-24,META,0.2524327,-0.11006325483322144,-0.01591014,9.0,6.0,0.2
2025-02-25,META,0.71863335,-0.0865490511059761,0.024638845,9.0,3.0,0.2
2025-02-26,META,0.18690787,-0.06487014144659042,-0.022947915,9.0,5.0,0.2
2025-02-27,META,-0.36117387,-0.038796842098236084,0.015131257,6.0,6.0,0.5
2025-02-28,META,0.5913621,-0.022802531719207764,-0.019679744,3.0,4.0,0.8
2025-03-03,META,-0.66966575,-0.00401635468006134,-0.022975307,3.0,8.0,0.8
2025-03-04,META,0.7808396,0.006851360201835632,0.025734348,3.0,3.0,0.8
2025-03-05,META,-0.57398635,0.009135320782661438,-0.043475088,1.0,7.0,1.0
2025-03-06,META,-0.4754952,0.01194736361503601,-0.0036149793,2.0,7.0,0.9
2025-03-07,META,0.061617855,0.008917465806007385,-0.04422525,2.0,5.0,0.9
2025-03-10,META,0.4314259,0.009613454341888428,0.012909979,2.0,4.0,0.9
2025-03-11,META,0.09901975,-0.0006678402423858643,0.022865593,3.0,3.0,0.8
2025-03-12,META,-1.8422598,-0.013513565063476562,-0.04667821,4.0,10.0,0.7
2025-03-13,META,0.090847224,-0.020874232053756714,0.029629834,5.0,5.0,0.6
2025-03-14,META,0.1355343,-0.03390254080295563,-0.004443674,6.0,5.0,0.5
2025-03-17,META,-0.9125666,-0.04439544677734375,-0.03726236,7.0,9.0,0.4
2025-03-18,META,-1.2890885,-0.04677259922027588,0.0029191074,8.0,10.0,0.3
2025-03-19,META,0.65431273,-0.05193224549293518,0.0033217059,9.0,3.0,0.2
2025-03-20,META,0.3263533,-0.05639535188674927,0.017491288,9.0,3.0,0.2
2025-03-21,META,0.25512367,-0.06262093782424927,0.03790346,9.0,2.0,0.2
2025-03-24,META,0.20449716,-0.07387900352478027,0.012054749,9.0,5.0,0.2
2025-03-25,META,0.017821644,-0.07802707701921463,-0.024476724,9.0,6.0,0.2
2025-03-26,META,-0.31951317,-0.07515040040016174,-0.013748351,9.0,7.0,0.2
2025-03-27,META,-0.9978158,-0.07413902878761292,-0.042882264,9.0,8.0,0.2
2025-03-28,META,0.10399666,-0.06418384611606598,-0.00065889594,9.0,5.0,0.2
2025-03-31,META,0.42013514,-0.06159663200378418,0.01672579,9.0,3.0,0.2
2025-04-01,META,-0.78327805,-0.06761734932661057,-0.0035324127,9.0,10.0,0.2
2025-04-02,META,-0.7654094,-0.06729871034622192,-0.089582704,8.0,7.0,0.3
2025-04-03,META,0.46456486,-0.05159302055835724,-0.050581366,7.0,5.0,0.4
2025-04-04,META,0.51146847,-0.037842750549316406,0.02282403,8.0,4.0,0.3
2025-04-07,META,0.27762496,-0.03621792793273926,-0.011234756,8.0,4.0,0.3
2025-04-08,META,0.22773856,-0.034569814801216125,0.14755622,7.0,5.0,0.4
2025-04-09,META,-0.9668605,-0.04747040569782257,-0.06739872,8.0,8.0,0.3
2025-04-10,META,-1.672641,-0.04956729710102081,-0.0049789576,10.0,10.0,0.1
2025-04-11,META,-1.4002472,-0.055350273847579956,-0.022241885,9.0,10.0,0.2
2025-04-14,META,-1.3786087,-0.0592290461063385,-0.018739952,9.0,10.0,0.2
2025-04-15,META,-0.28570658,-0.05732575058937073,-0.03683478,9.0,7.0,0.2
2025-04-16,META,0.115096726,-0.05156591534614563,-0.0016523205,9.0,5.0,0.2
2025-04-17,META,-0.3412636,-0.05432409048080444,-0.03354079,8.0,8.0,0.3
2025-04-21,META,0.37673783,-0.051055535674095154,0.032228854,8.0,4.0,0.3
2025-04-22,META,0.5530445,-0.053706467151641846,0.039957654,7.0,4.0,0.4
2025-04-23,META,-0.34300688,-0.056678250432014465,0.024756396,6.0,7.0,0.5
2025-04-24,META,0.11470696,-0.058854565024375916,0.026484212,7.0,3.0,0.4
2025-04-25,META,0.92404276,-0.05936823785305023,0.0045130574,7.0,1.0,0.4
2025-04-28,META,0.6010912,-0.06000438332557678,0.008549694,7.0,2.0,0.4
2025-04-29,META,-0.1467688,-0.06183784455060959,-0.009811757,9.0,7.0,0.2
2025-04-30,META,0.8268384,-0.05782264471054077,0.04227687,7.0,2.0,0.4
2025-05-01,META,1.2465788,-0.06254658848047256,0.043358248,9.0,1.0,0.2
2025-05-02,META,1.139009,-0.06798103451728821,0.0037687873,9.0,1.0,0.2
2025-05-05,META,-1.427509,-0.0727112889289856,-0.019957783,8.0,10.0,0.3
2025-05-06,META,0.52410704,-0.07368756830692291,0.016175523,8.0,4.0,0.3
2025-05-07,META,-1.3236896,-0.0713442713022232,0.0020107408,7.0,10.0,0.4
2025-05-08,META,-0.8391126,-0.06992124021053314,-0.009230725,6.0,9.0,0.5
2025-05-09,META,1.1881638,-0.07244009524583817,0.07922505,6.0,2.0,0.5
2025-05-12,META,0.16527855,-0.07056403160095215,0.025960669,6.0,4.0,0.5
2025-05-13,META,-0.37184042,-0.07165178656578064,0.00507583,7.0,6.0,0.4
2025-05-14,META,-1.4968975,-0.07627755403518677,-0.02347718,7.0,9.0,0.4
2025-05-15,META,-0.68683785,-0.08425243198871613,-0.0054979715,8.0,9.0,0.3
2025-05-16,META,0.33333203,-0.09413371235132217,0.00014049167,8.0,6.0,0.3
2025-05-19,META,-0.001870868,-0.11352544277906418,-0.0051996624,10.0,5.0,0.1
2025-05-20,META,0.5440138,-0.1302947998046875,-0.0025114112,10.0,2.0,0.1
2025-05-21,META,-0.4042614,-0.1432163119316101,0.0016837933,10.0,7.0,0.1
2025-05-22,META,-0.5203845,-0.1474592685699463,-0.014939399,10.0,9.0,0.1
2025-05-23,META,-0.21282044,-0.15131336450576782,0.024335742,10.0,7.0,0.1
2025-05-27,META,0.654509,-0.1452692747116089,0.0019616792,10.0,2.0,0.1
2025-05-28,META,-0.3813202,-0.13414964079856873,0.0022841608,9.0,8.0,0.2
2025-05-29,META,0.71014464,-0.12613892555236816,0.003782488,9.0,2.0,0.2
2025-05-30,META,1.7932892,-0.11893950402736664,0.03615514,9.0,1.0,0.2
2025-06-02,META,-0.81592447,-0.11332952976226807,-0.006036705,8.0,9.0,0.3
2025-06-03,META,1.6586611,-0.10852531343698502,0.03164138,8.0,1.0,0.3
2025-06-04,META,0.2897565,-0.10836288332939148,-0.0048406743,8.0,6.0,0.3
2025-06-05,META,0.2167886,-0.10809120535850525,0.019120224,8.0,5.0,0.3
2025-06-06,META,-0.7406343,-0.10960464179515839,-0.0052314512,8.0,8.0,0.3
2025-06-09,META,-0.041765407,-0.11511135846376419,0.0120163,8.0,4.0,0.3
2025-06-10,META,-0.6398511,-0.11643430590629578,-0.011759679,9.0,8.0,0.2
2025-06-11,META,-0.2279415,-0.11860637366771698,-0.0011236062,10.0,8.0,0.1
2025-06-12,META,-0.51013654,-0.1187577173113823,-0.015129401,10.0,8.0,0.1
2025-06-13,META,1.958117,-0.11842869222164154,0.028981017,10.0,1.0,0.1
2025-06-16,META,0.056296695,-0.11436672508716583,-0.006964619,10.0,7.0,0.1
2025-06-17,META,-0.4228848,-0.10652491450309753,-0.0020940448,10.0,7.0,0.1
2025-06-18,META,-0.8282443,-0.09823821485042572,-0.019287985,10.0,9.0,0.1
2025-06-20,META,0.42186978,-0.08379486203193665,0.023712343,8.0,2.0,0.3
2025-06-23,META,0.5571056,-0.0746489018201828,0.019569524,8.0,4.0,0.3
2025-06-24,META,-0.45249382,-0.06558544933795929,-0.004942322,7.0,9.0,0.4
2025-06-25,META,1.1395673,-0.0578036904335022,0.024566833,7.0,1.0,0.4
2025-06-26,META,0.2979538,-0.05366097390651703,0.010384319,7.0,4.0,0.4
2025-06-27,META,0.3906439,-0.0511985719203949,0.0060793646,7.0,4.0,0.4
2025-06-30,META,-0.5517396,-0.048696041107177734,-0.025566062,7.0,7.0,0.4
2025-07-01,META,-1.3042328,-0.044352173805236816,-0.007855631,7.0,10.0,0.4
2025-07-02,META,-0.507006,-0.04174363613128662,0.0076235705,7.0,7.0,0.4
2025-07-03,META,0.6377609,-0.04067102074623108,-0.00091800425,7.0,2.0,0.4
2025-07-07,META,0.2994987,-0.03977963328361511,0.003229734,5.0,4.0,0.6
2025-07-08,META,0.7452355,-0.04175013303756714,0.016803801,5.0,3.0,0.6
2025-07-09,META,-0.9043051,-0.043665528297424316,-0.007560263,5.0,9.0,0.6
2025-07-10,META,-1.7296946,-0.04497256875038147,-0.0133793065,6.0,10.0,0.5
2025-07-11,META,0.5042419,-0.04359161853790283,0.004752468,6.0,4.0,0.5
2025-07-14,META,-0.97008413,-0.04340501129627228,-0.014606259,6.0,9.0,0.5
2025-07-15,META,-0.89902806,-0.041806742548942566,-0.010529602,7.0,9.0,0.4
2025-07-16,META,-0.76965994,-0.04089348018169403,-0.0021339238,7.0,8.0,0.4
2025-07-17,META,0.16900043,-0.04148209095001221,0.004091805,7.0,6.0,0.4
2025-07-18,META,0.51487815,-0.04216635227203369,0.012338856,7.0,4.0,0.4
2025-07-21,META,-0.3987223,-0.0451255738735199,-0.011445022,7.0,8.0,0.4
2025-07-22,META,0.42218056,-0.04607127606868744,0.012443044,7.0,5.0,0.4
2025-07-23,META,0.06640484,-0.0488336980342865,0.0017095878,8.0,7.0,0.3
2025-07-24,META,-0.6714768,-0.048962756991386414,-0.0029658126,8.0,8.0,0.3
2025-07-25,META,-0.09420781,-0.049115926027297974,0.006945626,7.0,5.0,0.4
2025-07-28,META,-1.6502719,-0.04778537154197693,-0.024566952,7.0,10.0,0.4
2025-07-29,META,-0.7619442,-0.04348945617675781,-0.0068428586,7.0,8.0,0.4
2025-07-30,META,2.4633691,-0.04089125990867615,0.11252713,7.0,1.0,0.4
2025-07-31,META,-0.16369766,-0.05450013279914856,-0.03029323,8.0,9.0,0.3
2025-08-01,META,0.92067724,-0.05511051416397095,0.03514617,8.0,2.0,0.3
2025-08-04,META,-1.2095001,-0.06653058528900146,-0.016628634,8.0,10.0,0.3
2025-08-05,META,-0.28226775,-0.079033762216568,0.011172821,8.0,5.0,0.3
2025-08-06,META,-1.1071817,-0.09242649376392365,-0.01316082,8.0,9.0,0.3
2025-08-07,META,-0.23425181,-0.10050604492425919,0.009805445,8.0,5.0,0.3
2025-08-08,META,-0.35201216,-0.10748425126075745,-0.0044587944,9.0,7.0,0.2
2025-08-11,META,1.8319834,-0.11107340455055237,0.031506784,9.0,1.0,0.2
2025-08-12,META,-0.8237913,-0.11517579853534698,-0.012556937,9.0,9.0,0.2
2025-08-13,META,-0.18666424,-0.12047349661588669,0.0026278195,10.0,6.0,0.1
2025-08-14,META,1.1976594,-0.12027648091316223,0.0039634984,10.0,2.0,0.1
2025-08-15,META,-2.278794,-0.1198573037981987,-0.022744829,9.0,10.0,0.2
2025-08-18,META,-0.45287347,-0.11691409349441528,-0.020707149,9.0,8.0,0.2
2025-08-19,META,0.26674244,-0.11438920348882675,-0.005003412,9.0,4.0,0.2
2025-08-20,META,-1.320025,-0.11082778871059418,-0.0115284035,9.0,9.0,0.2
2025-08-21,META,-0.12744968,-0.10495257377624512,0.021228507,9.0,4.0,0.2
2025-08-22,META,-0.5570775,-0.10020820051431656,-0.0019740257,8.0,6.0,0.3
2025-08-25,META,-0.5220798,-0.09177112579345703,0.0010619629,8.0,7.0,0.3
2025-08-26,META,-1.7547036,-0.08643215894699097,-0.00891122,8.0,10.0,0.3
2025-08-27,META,-0.19119634,-0.08152121305465698,0.0049907123,8.0,8.0,0.3
2025-08-28,META,-0.23662144,-0.07659225910902023,-0.016522197,8.0,7.0,0.3
2025-08-29,META,0.3354415,-0.06965842843055725,-0.004859938,8.0,4.0,0.3
2025-09-02,META,-0.3545818,-0.06445664912462234,0.0026390506,8.0,6.0,0.3
2025-09-03,META,0.26733723,-0.06292314827442169,0.015738457,7.0,2.0,0.4
2025-09-04,META,0.077261396,-0.06320147216320038,0.0050759003,7.0,4.0,0.4
2025-09-05,META,-0.3138991,-0.0645483061671257,-0.00019938365,7.0,6.0,0.4
2025-09-08,META,0.81332195,-0.06433726847171783,0.017812012,7.0,2.0,0.4
2025-09-09,META,-0.6846671,-0.06922757625579834,-0.017918233,8.0,8.0,0.3
2025-09-10,META,-0.3492421,-0.06805099546909332,-0.0014362967,8.0,7.0,0.3
2025-09-11,META,-0.24105838,-0.07132163643836975,0.006246007,8.0,4.0,0.3
2025-09-12,META,-0.1937063,-0.07371904700994492,0.012056669,8.0,4.0,0.3
2025-09-15,META,0.93532294,-0.07687025517225266,0.01870024,8.0,3.0,0.3
2025-09-16,META,0.092411816,-0.08377313613891602,-0.0042106076,8.0,6.0,0.3
2025-09-17,META,0.31977895,-0.08898860961198807,0.0058397315,7.0,3.0,0.4
2025-09-18,META,-0.79654086,-0.09146192669868469,-0.0023966685,7.0,9.0,0.4
2025-09-19,META,-0.80914515,-0.08982386440038681,-0.016320497,7.0,9.0,0.4
2025-09-22,META,-0.24709459,-0.09186907112598419,-0.0127555,7.0,7.0,0.4
2025-09-23,META,0.32280424,-0.09133612364530563,0.0069631753,7.0,2.0,0.4
2025-09-24,META,-0.5779968,-0.0933619886636734,-0.015447143,8.0,9.0,0.3
2025-09-25,META,-1.0011487,-0.09145696461200714,-0.006890003,8.0,10.0,0.3
2025-09-26,META,0.08979945,-0.08980537950992584,-0.0004705451,8.0,5.0,0.3
2025-09-29,META,-1.0482752,-0.08646926283836365,-0.012133415,8.0,9.0,0.3
2025-09-30,META,-1.6634588,-0.07899345457553864,-0.023203317,8.0,10.0,0.3
2025-10-01,META,0.80781007,-0.0710546225309372,0.0135361245,7.0,2.0,0.4
2025-10-02,META,-1.6986897,-0.0685323178768158,-0.02268067,7.0,10.0,0.4
2025-10-03,META,-0.1261225,-0.06270979344844818,0.0071774684,7.0,5.0,0.4
2025-10-06,META,0.27953094,-0.06011933088302612,-0.0036050582,7.0,6.0,0.4
2025-10-07,META,-0.053867936,-0.058827221393585205,0.0066753076,7.0,5.0,0.4
2025-10-08,META,1.6350982,-0.06071203947067261,0.021829352,7.0,1.0,0.4
2025-10-09,META,-0.16493793,-0.06500239670276642,-0.038458943,7.0,6.0,0.4
2025-10-10,META,-0.5391581,-0.06081691384315491,0.014745448,7.0,7.0,0.4
2025-10-13,META,0.22492355,-0.06645478308200836,-0.009850448,7.0,5.0,0.4
2025-10-14,META,0.4741305,-0.06686778366565704,0.012559062,7.0,4.0,0.4
2025-10-15,META,-0.2599718,-0.06991846114397049,-0.0076370635,7.0,7.0,0.4
2025-10-16,META,0.061981846,-0.07067279517650604,0.006811105,8.0,6.0,0.3
2025-10-17,META,0.65831876,-0.07341179996728897,0.021271564,8.0,2.0,0.3
2025-10-20,META,0.4405003,-0.0781845822930336,0.0015024127,9.0,4.0,0.2
2025-10-21,META,0.34883097,-0.08049900829792023,0.00019085799,9.0,4.0,0.2
2025-10-22,META,-1.0366944,-0.0811392292380333,0.00080450444,9.0,9.0,0.2
2025-10-23,META,-0.20473343,-0.08192013204097748,0.00594006,9.0,7.0,0.2
2025-10-24,META,-0.38432172,-0.08399268984794617,0.016875148,9.0,6.0,0.2
2025-10-27,META,-0.6137239,-0.08528202772140503,0.00082586746,9.0,7.0,0.2
2025-10-28,META,-0.7915189,-0.08676767349243164,0.00030603464,9.0,9.0,0.2
2025-10-29,META,-2.3269224,-0.08285649120807648,-0.11334756,9.0,10.0,0.2
2025-10-30,META,-0.9535046,-0.0641774907708168,-0.027188115,6.0,10.0,0.5
2025-10-31,META,-1.0763172,-0.05151014029979706,-0.016410744,4.0,9.0,0.7
2025-11-03,META,0.06663689,-0.04379113018512726,-0.01629275,4.0,5.0,0.7
2025-11-04,META,0.35571295,-0.03650052845478058,0.0137569215,3.0,4.0,0.8
2025-11-05,META,-0.72967786,-0.03632912039756775,-0.026747396,2.0,7.0,0.9
2025-11-06,META,0.52525026,-0.03685078024864197,0.0044753985,2.0,3.0,0.9
2025-11-07,META,-0.42185926,-0.038952186703681946,0.016165186,3.0,7.0,0.8
2025-11-10,META,-0.32781443,-0.044669896364212036,-0.0074078552,3.0,7.0,0.8
2025-11-11,META,-1.466453,-0.04950551688671112,-0.028816206,4.0,10.0,0.7
2025-11-12,META,1.1575992,-0.0495954304933548,0.0014450165,5.0,2.0,0.6
2025-11-13,META,-0.19140844,-0.05216236412525177,-0.0007050608,6.0,6.0,0.5
2025-11-14,META,-0.5131994,-0.055528104305267334,-0.0122240195,6.0,7.0,0.5
2025-11-17,META,0.32640642,-0.0567488968372345,-0.0071758316,6.0,6.0,0.5
2025-11-18,META,-1.0597891,-0.05663233995437622,-0.012330924,6.0,8.0,0.5
2025-11-19,META,1.4265547,-0.05925185978412628,-0.0019819187,6.0,1.0,0.5
2025-11-20,META,0.34867713,-0.05989408493041992,0.008656576,8.0,4.0,0.3
2025-11-21,META,-0.03827582,-0.06352142244577408,0.0316365,8.0,4.0,0.3
2025-11-24,META,1.6972553,-0.06640110909938812,0.037794482,8.0,1.0,0.3
2025-11-25,META,-0.95432395,-0.06793133914470673,-0.0041022287,8.0,9.0,0.3
2025-11-26,META,1.1742913,-0.0701383575797081,0.02263221,8.0,1.0,0.3
2025-11-28,META,-0.32588205,-0.07100146263837814,-0.010926787,8.0,7.0,0.3
2025-12-01,META,1.0323788,-0.07216347754001617,0.00972111,7.0,2.0,0.4
2025-12-02,META,-0.71246725,-0.07487364858388901,-0.011590149,7.0,9.0,0.4
2025-12-03,META,1.8217957,-0.07879999279975891,0.03428724,7.0,1.0,0.4
2025-12-04,META,1.3099726,-0.07443463057279587,0.017973352,7.0,2.0,0.4
2025-12-05,META,-0.39219415,-0.08112087100744247,-0.009830443,7.0,7.0,0.4
2025-12-08,META,-0.75158584,-0.08537282794713974,-0.014756925,7.0,9.0,0.4
2025-12-09,META,-0.986236,-0.08532088994979858,-0.010396516,7.0,9.0,0.4
2025-12-10,META,0.549772,-0.08290205895900726,0.003968431,7.0,3.0,0.4
2025-12-11,META,0.1136785,-0.08546599745750427,-0.012991902,7.0,7.0,0.4
2025-12-12,META,0.48564547,-0.08537313342094421,0.0059110816,7.0,3.0,0.4
2025-12-15,META,0.8508002,-0.08700238168239594,0.014887845,7.0,2.0,0.4
2025-12-16,META,0.22356617,-0.09004735946655273,-0.01164123,7.0,6.0,0.4
2025-12-17,META,0.6810717,-0.09031830728054047,0.023017643,8.0,3.0,0.3
2025-12-18,META,-1.2115432,-0.09170867502689362,-0.008548385,8.0,10.0,0.3
2025-12-19,META,-0.35272485,-0.08559372276067734,0.004144117,8.0,8.0,0.3
2025-12-22,META,-0.570471,-0.0905349999666214,0.0052002463,8.0,7.0,0.3
2025-12-23,META,0.52190936,-0.09297077357769012,0.0039251572,8.0,3.0,0.3
2025-12-24,META,-0.53826785,-0.09418106079101562,-0.0063814935,8.0,9.0,0.3
2025-12-26,META,-0.06200522,-0.09335921704769135,-0.0069351075,8.0,6.0,0.3
2025-12-29,META,1.9115086,-0.09269274771213531,0.011021873,8.0,1.0,0.3
2025-12-30,META,-0.76056105,-0.09400421380996704,-0.008799525,8.0,8.0,0.3
2025-12-31,META,-0.71646976,-0.09388715773820877,-0.014664694,8.0,7.0,0.3
2026-01-02,META,0.19470511,-0.0915999561548233,0.012884234,8.0,5.0,0.3
2026-01-05,META,0.35238716,-0.09187880158424377,0.002777789,8.0,4.0,0.3
2026-01-06,META,-1.007157,-0.0912468433380127,-0.018058786,9.0,8.0,0.2
2026-01-07,META,-0.26217464,-0.08765062689781189,-0.0040543065,9.0,6.0,0.2
2026-01-08,META,0.082555234,-0.0862436592578888,0.010834928,9.0,4.0,0.2
2026-01-09,META,-1.482059,-0.08714869618415833,-0.016981686,9.0,10.0,0.2
2026-01-12,META,-0.6906954,-0.08386493474245071,-0.01694769,9.0,9.0,0.2
2026-01-13,META,-0.60347784,-0.0785803496837616,-0.024671633,9.0,9.0,0.2
2026-01-14,META,0.68055195,-0.07172100245952606,0.008578065,7.0,3.0,0.4
2026-01-15,META,-0.3344129,-0.06872791051864624,-0.0008859384,7.0,6.0,0.4
2026-01-16,META,0.22042122,-0.06544961035251617,-0.026005609,6.0,4.0,0.5
2026-01-20,META,0.34087372,-0.05779343843460083,0.014632888,6.0,5.0,0.5
2026-01-21,META,2.1180701,-0.05893877148628235,0.056561515,6.0,1.0,0.5
2026-01-22,META,0.7173146,-0.06629166752099991,0.017185813,7.0,3.0,0.4
2026-01-23,META,0.85012186,-0.07186054438352585,0.020644695,8.0,2.0,0.3
2026-01-26,META,-0.7707215,-0.07857601344585419,0.0009073027,9.0,8.0,0.2
2026-01-27,META,-1.0773377,-0.08201365172863007,-0.0063004782,10.0,8.0,0.1
2026-01-28,META,2.0271115,-0.07944673299789429,0.10404809,10.0,1.0,0.1
2026-01-29,META,-1.8038765,-0.08274152874946594,-0.029540457,10.0,10.0,0.1
2026-01-30,META,-0.54831564,-0.08818113803863525,-0.014082413,10.0,6.0,0.1
2026-02-02,META,-0.54536104,-0.09164612740278244,-0.020823559,10.0,7.0,0.1
2026-02-03,META,-0.8002802,-0.09440018236637115,-0.032832056,10.0,7.0,0.1
2026-02-04,META,0.93494445,-0.09806953370571136,0.0018236547,10.0,2.0,0.1
2026-02-05,META,-0.73986036,-0.10325434803962708,-0.013055633,10.0,8.0,0.1
2026-02-06,META,0.6974478,-0.10752654075622559,0.023825983,10.0,4.0,0.1
2026-02-09,META,-0.46893546,-0.11062194406986237,-0.00959812,10.0,7.0,0.1
2026-02-10,META,0.004194127,-0.1105133593082428,-0.0030264803,10.0,6.0,0.1
2026-02-11,META,-0.2862102,-0.1097026914358139,-0.028234297,10.0,7.0,0.1
2026-02-12,META,-0.56600636,-0.10169337689876556,-0.015450721,10.0,7.0,0.1
2026-02-13,META,-0.26301596,-0.09637539088726044,-0.00075023936,10.0,6.0,0.1
2026-02-17,META,-0.3483406,-0.09120861440896988,0.0061474,10.0,5.0,0.1
2026-02-18,META,0.75331694,-0.08811149001121521,0.0024253426,10.0,1.0,0.1
2026-02-19,META,0.4661698,-0.08457771688699722,0.016874019,10.0,3.0,0.1
2026-02-20,META,-0.6938065,-0.08190373331308365,-0.028078543,9.0,7.0,0.2
2026-02-23,META,-0.1854544,-0.07492788136005402,0.0032169097,9.0,6.0,0.2
2026-02-24,META,0.80842227,-0.07240891456604004,0.022508902,9.0,2.0,0.2
2026-02-25,META,0.92455214,-0.07366310060024261,0.0050789514,9.0,2.0,0.2
2026-02-26,META,-0.16463286,-0.0745348408818245,-0.013439755,10.0,5.0,0.1
2026-02-27,META,0.3749374,-0.06933555006980896,0.008300167,9.0,4.0,0.2
2026-03-02,META,0.64584327,-0.07202699780464172,0.0023257858,10.0,3.0,0.1
2026-03-03,META,0.531851,-0.07344736158847809,0.019310566,10.0,3.0,0.1
2026-03-04,META,-0.74538493,-0.07942681759595871,-0.010722846,10.0,9.0,0.1
2026-03-05,META,-0.8845084,-0.079926036298275,-0.023782553,10.0,8.0,0.1
2026-03-06,META,-0.48077598,-0.0789112076163292,0.00392336,10.0,6.0,0.1
2026-03-09,META,1.2277058,-0.08141488581895828,0.010318427,10.0,2.0,0.1
2026-03-10,META,-0.2739754,-0.08343961834907532,0.0012077924,10.0,5.0,0.1
2026-03-11,META,-0.8909733,-0.08405034244060516,-0.025471045,10.0,9.0,0.1
2026-03-12,META,-1.4115642,-0.08120808005332947,-0.038343545,10.0,9.0,0.1
2026-03-13,META,2.0030801,-0.07592069357633591,0.023263844,10.0,1.0,0.1
2026-03-16,META,-1.096292,-0.07609571516513824,-0.007634104,10.0,9.0,0.1
2026-03-17,META,0.21322963,-0.07436574250459671,-0.011209928,10.0,5.0,0.1
2026-03-18,META,-0.74511725,-0.06947778165340424,-0.01458549,10.0,9.0,0.1
2026-03-19,META,-0.32957557,-0.06651942431926727,-0.021493372,10.0,7.0,0.1
2026-03-20,META,0.0010510825,-0.05966717004776001,0.017518463,10.0,4.0,0.1
2026-03-23,META,-0.597924,-0.06042361259460449,-0.0184419,10.0,8.0,0.1
2026-03-24,META,-0.18651114,-0.059137776494026184,0.0033225813,10.0,6.0,0.1
2026-03-25,META,-2.115366,-0.05873355269432068,-0.07959464,9.0,10.0,0.2
2026-03-26,META,-0.86537564,-0.04866036772727966,-0.03985099,7.0,10.0,0.4
2026-03-27,META,1.6998587,-0.03836028277873993,0.020277105,6.0,1.0,0.5
2026-03-30,META,1.2536439,-0.034553349018096924,0.066650435,6.0,1.0,0.5
2026-03-31,META,0.2753314,-0.03996536135673523,0.012409801,6.0,4.0,0.5
2026-04-01,META,-0.1764026,-0.04689234495162964,-0.008235037,6.0,9.0,0.5
2026-04-02,META,-0.56623566,-0.053289949893951416,-0.0025066896,7.0,9.0,0.4
2026-04-06,META,-0.1135754,-0.05796520411968231,0.0035425564,9.0,5.0,0.2
2026-04-07,META,1.3481157,-0.059459492564201355,0.06498564,9.0,1.0,0.2
2026-04-08,META,0.79503334,-0.058072417974472046,0.026076956,8.0,2.0,0.3
2026-04-09,META,-0.28993398,-0.06506012380123138,0.0023391969,9.0,5.0,0.2
2026-04-10,META,-0.28093028,-0.072464719414711,0.007414499,10.0,6.0,0.1
2026-04-13,META,1.0932719,-0.07921934127807617,0.044063967,10.0,1.0,0.1
2026-04-14,META,-0.2695801,-0.07837271690368652,0.013721086,10.0,5.0,0.1
2026-04-15,META,0.28063318,-0.08196953684091568,0.007876846,10.0,4.0,0.1
2026-04-16,META,0.37748754,-0.08396841585636139,0.017255906,10.0,4.0,0.1
2026-04-17,META,-1.3331243,-0.08240945637226105,-0.025619043,10.0,10.0,0.1
2026-04-20,META,0.15264513,-0.08641776442527771,-0.0030853183,10.0,5.0,0.1
2026-04-21,META,-0.580568,-0.08941572904586792,0.008791274,10.0,7.0,0.1
2026-04-22,META,-0.70799315,-0.09168427437543869,-0.023076179,10.0,8.0,0.1
2026-04-23,META,0.61747867,-0.09666997194290161,0.024091631,10.0,3.0,0.1
2026-04-24,META,0.07541697,-0.10606641322374344,0.0053182733,10.0,5.0,0.1
2026-04-27,META,-0.35013163,-0.11732907593250275,-0.010727646,10.0,8.0,0.1
2026-04-28,META,-0.27054507,-0.12555812299251556,-0.0033068373,10.0,6.0,0.1
2026-04-29,META,-1.715273,-0.12484690546989441,-0.08550038,9.0,10.0,0.2
2026-04-30,META,-0.88899106,-0.11278806626796722,-0.0051641082,9.0,8.0,0.2
2026-05-01,META,0.50262165,-0.10602349042892456,0.0027268736,9.0,4.0,0.2
2026-05-04,META,-1.0383645,-0.09970805048942566,-0.0089284135,9.0,9.0,0.2
2026-05-05,META,0.06006728,-0.09710291028022766,0.013091762,9.0,5.0,0.2
2026-05-06,META,0.37752268,-0.08633244782686234,0.0064122984,7.0,4.0,0.4
2026-05-07,META,-0.907113,-0.07520996034145355,-0.011640519,6.0,7.0,0.5
2026-05-08,META,-0.84220105,-0.0638536661863327,-0.017666426,5.0,9.0,0.6
2026-05-11,META,0.718016,-0.054898589849472046,0.00691314,5.0,3.0,0.6
2026-05-12,META,0.6103453,-0.053533315658569336,0.022603635,5.0,4.0,0.6
2026-05-13,META,-0.3130376,-0.055268749594688416,0.0029191033,6.0,5.0,0.5
2026-05-14,META,0.051871527,-0.06148882210254669,-0.006791383,6.0,4.0,0.5
2026-05-15,META,-0.127871,-0.06246158480644226,-0.0049167387,7.0,6.0,0.4
2026-05-18,META,-0.19455402,-0.06580809503793716,-0.014070458,7.0,4.0,0.4
2026-05-19,META,-0.2764684,-0.06531640887260437,0.004065685,7.0,8.0,0.4
2026-05-20,META,0.50935113,-0.06417180597782135,0.0038342613,7.0,3.0,0.4
2026-05-21,META,0.3644376,-0.06445498019456863,0.0047417553,7.0,4.0,0.4
2026-05-22,META,0.15816757,-0.0664382129907608,0.0034083668,8.0,4.0,0.3
2026-05-26,META,1.8372911,-0.06783738732337952,0.03743023,8.0,1.0,0.3
2026-05-27,META,-0.49617523,-0.07031063735485077,4.712235e-05,8.0,8.0,0.3
2026-05-28,META,-0.26194158,-0.07539644092321396,-0.004375921,8.0,5.0,0.3
2026-05-29,META,-1.2935814,-0.07793478667736053,-0.050655395,8.0,10.0,0.3
2026-06-01,META,-0.16953442,-0.07356226444244385,-0.0047295806,8.0,6.0,0.3
2026-06-02,META,2.0286024,-0.07533743977546692,0.04241757,8.0,1.0,0.3
2026-06-03,META,0.21365742,-0.08016148954629898,0.00736782,8.0,5.0,0.3
2026-06-04,META,-0.70427096,-0.08337713778018951,-0.055085447,9.0,7.0,0.2
2026-06-05,META,-0.78762656,-0.07604905962944031,-0.012833074,9.0,8.0,0.2
2026-06-08,META,0.7255139,-0.07755386084318161,-0.0013666037,9.0,3.0,0.2
2026-06-09,META,-0.12935923,-0.07719005644321442,-0.023281299,9.0,6.0,0.2
2026-06-10,META,-0.6535973,-0.07243255525827408,-0.0044660578,9.0,8.0,0.2
2026-06-11,META,-0.31276992,-0.07060914486646652,-0.0025509072,8.0,7.0,0.3
2026-06-12,META,1.1818842,-0.06935673952102661,0.047709044,8.0,1.0,0.3
2026-06-15,META,0.6036576,-0.07219167798757553,0.011339963,8.0,2.0,0.3
2026-06-16,META,-1.4462537,-0.07602223753929138,-0.054364312,8.0,10.0,0.3
2026-06-17,META,0.28342852,-0.06943385303020477,0.016984308,8.0,4.0,0.3
2026-06-18,META,-0.22090405,-0.0694761723279953,-0.023162737,7.0,6.0,0.4
2026-06-22,META,0.33276156,-0.06919524073600769,-0.0029262453,7.0,5.0,0.4
2026-06-23,META,-0.060410153,-0.0670437440276146,-0.008057683,8.0,7.0,0.3
2026-06-24,META,-0.4350353,-0.06720800697803497,-0.026538972,8.0,7.0,0.3
2026-06-25,META,0.3272205,-0.06386904418468475,0.013594424,8.0,4.0,0.3
2026-06-26,META,0.086787514,-0.0620141327381134,0.022444298,8.0,4.0,0.3
2026-06-29,META,-0.73947144,-0.0646764412522316,0.001226453,7.0,8.0,0.4
2026-06-30,META,2.4192507,-0.06556127965450287,0.08808961,7.0,1.0,0.4
2026-07-01,META,-1.1628801,-0.0661797821521759,-0.048963062,7.0,9.0,0.4
2026-07-02,META,0.5474283,-0.07129792869091034,0.02983351,7.0,3.0,0.4
2026-07-06,META,1.0570372,-0.07254631817340851,0.025471088,7.0,2.0,0.4
2026-07-07,META,-0.73898673,-0.07603345811367035,-0.020241108,8.0,8.0,0.3
2026-07-08,META,1.6446966,-0.07960168272256851,0.047022127,8.0,1.0,0.3
2026-07-09,META,2.2476034,-0.080913245677948,0.059748594,8.0,1.0,0.3
2026-07-10,META,-0.44134274,-0.08137227594852448,-0.018648917,8.0,7.0,0.3
2026-07-13,META,-0.15131599,-0.0842948853969574,0.0065628155,8.0,5.0,0.3
2026-07-14,META,0.78151214,-0.08490913361310959,0.030663833,8.0,3.0,0.3
2026-07-15,META,-0.45081463,-0.08332301676273346,-0.024614375,8.0,8.0,0.3
2026-07-16,META,-1.1979182,-0.08859207481145859,-0.027883902,9.0,10.0,0.2
2026-07-17,META,-0.12518704,-0.10243465006351471,-0.0002477271,10.0,7.0,0.1
2026-07-20,META,-0.66567695,-0.11709746718406677,-0.0031585942,10.0,7.0,0.1
2026-07-21,META,-1.3113284,-0.12819483876228333,-0.025846157,10.0,10.0,0.1
2026-07-22,META,0.0025357946,-0.13937973976135254,-0.03359537,10.0,7.0,0.1
2026-07-23,META,-0.8374614,-0.1387946605682373,-0.018000286,10.0,8.0,0.1
2026-07-24,META,-0.025003953,-0.13057374954223633,-0.0022177915,10.0,6.0,0.1
2026-07-27,META,-0.3035939,-0.12110946327447891,-0.0007746173,10.0,6.0,0.1
2026-07-28,META,0.038994405,-0.11060085892677307,-0.013144349,10.0,5.0,0.1
2026-07-29,META,-1.7063667,-0.0954706221818924,-0.079540916,10.0,10.0,0.1
2026-07-30,META,0.14503022,-0.07438270002603531,0.032799643,9.0,3.0,0.2
2026-07-31,META,1.2963412,-0.05754268169403076,0.060228784,5.0,1.0,0.6
2026-08-03,META,-0.70934886,-0.053251951932907104,-0.0038966993,4.0,8.0,0.7
2026-08-04,META,0.35056466,-0.04942479729652405,0.0014117378,3.0,4.0,0.8
2026-08-05,META,-0.0776288,-0.054542213678359985,0.0019192636,3.0,5.0,0.8
2026-08-06,META,-0.21656324,-0.060014307498931885,0.0037293627,4.0,5.0,0.7
2026-08-07,META,0.038037438,-0.06228121370077133,0.0047627217,4.0,7.0,0.7
2026-08-10,META,0.9725631,-0.061633579432964325,0.0070597935,4.0,1.0,0.7
2026-08-11,META,-1.5324965,-0.06432154774665833,-0.03383299,4.0,10.0,0.7
2026-08-12,META,1.3210453,-0.06208208203315735,0.027848313,4.0,2.0,0.7
2026-08-13,META,-0.10958503,-0.06611181795597076,-0.008605468,4.0,8.0,0.7
2026-08-14,META,-1.8726786,-0.06823296844959259,-0.03539884,5.0,10.0,0.6
2026-08-17,META,-1.7774416,-0.06122574210166931,-0.044466298,4.0,10.0,0.7
2026-08-18,META,0.083392866,-0.0536186546087265,0.004340954,4.0,5.0,0.7
2026-08-19,META,0.7399539,-0.05126303434371948,-0.0003663026,4.0,3.0,0.7
2026-08-20,META,0.084225945,-0.04963219165802002,0.007456547,4.0,4.0,0.7
2026-08-21,META,0.9892755,-0.05273103713989258,0.016584825,5.0,1.0,0.6
2026-08-24,META,1.4109246,-0.056660354137420654,0.0197309,7.0,2.0,0.4
2026-08-25,META,1.2701751,-0.06335096806287766,0.01068332,7.0,2.0,0.4
2026-08-26,META,-0.68644005,-0.061240434646606445,-0.008747942,7.0,8.0,0.4
2026-08-27,META,0.33276,-0.06974436342716217,0.012117045,8.0,5.0,0.3
2026-08-28,META,-0.48395133,-0.07321073114871979,-0.009826637,8.0,7.0,0.3
2026-08-31,META,0.77957475,-0.07515262812376022,0.010832636,8.0,3.0,0.3
2026-09-01,META,1.4908967,-0.07661409676074982,0.024734674,8.0,2.0,0.3
2026-09-02,META,0.68837047,-0.08066609501838684,0.030075092,8.0,2.0,0.3
2026-09-03,META,1.0986811,-0.08265464752912521,0.009972534,8.0,1.0,0.3
2026-09-04,META,-0.31179807,-0.08413010835647583,-0.0053343046,8.0,5.0,0.3
2026-09-08,META,2.4894836,-0.08320065587759018,0.06554414,8.0,1.0,0.3
2026-09-09,META,-0.80510634,-0.08096928894519806,-0.014242221,8.0,9.0,0.3
2026-09-10,META,-0.4390247,-0.08384478837251663,0.0056643975,8.0,6.0,0.3
2025-01-22,MSFT,-0.23616292,-0.049012213945388794,0.0011428657,6.0,5.0,0.5
2025-01-23,MSFT,-0.20230033,-0.05711635947227478,-0.0059321974,6.0,7.0,0.5
2025-01-24,MSFT,0.193838,-0.06321251392364502,-0.02139348,6.0,6.0,0.5
2025-01-27,MSFT,0.24745952,-0.059963345527648926,0.029086925,6.0,3.0,0.5
2025-01-28,MSFT,-0.25487742,-0.06631719321012497,-0.010890124,6.0,8.0,0.5
2025-01-29,MSFT,-2.3230438,-0.07016842067241669,-0.061809033,6.0,10.0,0.5
2025-01-30,MSFT,0.025318896,-0.06434395164251328,0.00016863337,6.0,6.0,0.5
2025-01-31,MSFT,0.22098432,-0.06168462336063385,-0.009974376,6.0,5.0,0.5
2025-02-03,MSFT,-1.6132479,-0.05700577795505524,0.0035286427,6.0,10.0,0.5
2025-02-04,MSFT,0.13798662,-0.055516839027404785,0.0022310703,6.0,4.0,0.5
2025-02-05,MSFT,0.003344361,-0.05364532768726349,0.0061216727,6.0,5.0,0.5
2025-02-06,MSFT,0.20608528,-0.050976261496543884,-0.014597845,6.0,4.0,0.4444444444444444
2025-02-07,MSFT,-0.10781767,-0.04330776631832123,0.0060282345,5.0,6.0,0.5555555555555556
2025-02-10,MSFT,0.08772532,-0.042139023542404175,-0.0018921987,4.0,6.0,0.6666666666666666
2025-02-11,MSFT,-0.1835054,-0.03890031576156616,-0.0058332337,4.0,5.0,0.6666666666666666
2025-02-12,MSFT,-0.6376089,-0.036592066287994385,0.0036670868,4.0,7.0,0.6666666666666666
2025-02-13,MSFT,-0.5534056,-0.03602403402328491,-0.0051396103,4.0,7.0,0.6666666666666666
2025-02-14,MSFT,0.3108594,-0.036703601479530334,0.0029625783,4.0,4.0,0.6666666666666666
2025-02-18,MSFT,1.079351,-0.036898091435432434,0.012523274,3.0,2.0,0.8
2025-02-19,MSFT,0.7377595,-0.039060115814208984,0.0052905264,3.0,3.0,0.8
2025-02-20,MSFT,0.30961323,-0.041316330432891846,-0.01903249,3.0,5.0,0.8
2025-02-21,MSFT,0.2997281,-0.040977805852890015,-0.010313348,4.0,4.0,0.7
2025-02-24,MSFT,0.28664875,-0.042295292019844055,-0.0150989685,5.0,5.0,0.6
2025-02-25,MSFT,0.0016675758,-0.04180547595024109,0.004599171,6.0,6.0,0.5
2025-02-26,MSFT,0.35813048,-0.042914360761642456,-0.018012226,7.0,4.0,0.4
2025-02-27,MSFT,-0.6913673,-0.04049348831176758,0.011362223,8.0,7.0,0.3
2025-02-28,MSFT,0.5164047,-0.04072941839694977,-0.02141102,7.0,5.0,0.4
2025-03-03,MSFT,0.39031225,-0.03922063112258911,0.00030868672,9.0,4.0,0.2
2025-03-04,MSFT,1.1805615,-0.03819403052330017,0.031934448,9.0,1.0,0.2
2025-03-05,MSFT,0.5966091,-0.04375356435775757,-0.010298769,9.0,4.0,0.2
2025-03-06,MSFT,-0.65997183,-0.043904274702072144,-0.00902003,9.0,9.0,0.2
2025-03-07,MSFT,0.30565935,-0.0475195050239563,-0.0334343,9.0,3.0,0.2
2025-03-10,MSFT,-0.1098154,-0.042275577783584595,0.00076288055,9.0,6.0,0.2
2025-03-11,MSFT,-0.4261963,-0.04284697771072388,0.0074122273,9.0,7.0,0.2
2025-03-12,MSFT,0.6198487,-0.04577668011188507,-0.0117410645,9.0,3.0,0.2
2025-03-13,MSFT,-0.2582407,-0.04612916707992554,0.025846777,9.0,6.0,0.2
2025-03-14,MSFT,0.41341594,-0.049360066652297974,0.00036051997,9.0,4.0,0.2
2025-03-17,MSFT,0.41351998,-0.05058063566684723,-0.013326568,9.0,4.0,0.2
2025-03-18,MSFT,-0.64422005,-0.04997134208679199,0.01121197,9.0,9.0,0.2
2025-03-19,MSFT,-0.028555969,-0.05020913481712341,-0.0025269422,8.0,6.0,0.3
2025-03-20,MSFT,-0.042516727,-0.05034962296485901,0.011425827,8.0,4.0,0.3
2025-03-21,MSFT,-0.69965553,-0.04772523045539856,0.004651655,8.0,8.0,0.3
2025-03-24,MSFT,-0.29599896,-0.05344194173812866,0.0052915737,8.0,8.0,0.3
2025-03-25,MSFT,0.49410525,-0.05741199851036072,-0.013133947,8.0,4.0,0.3
2025-03-26,MSFT,0.7025824,-0.057878196239471436,0.0015641788,7.0,3.0,0.4
2025-03-27,MSFT,-0.13650872,-0.05961109697818756,-0.030160256,8.0,6.0,0.3
2025-03-28,MSFT,-0.58754504,-0.05488346517086029,-0.009002162,6.0,6.0,0.5
2025-03-31,MSFT,0.53939164,-0.05072641372680664,0.018114576,6.0,2.0,0.5
2025-04-01,MSFT,-0.58914506,-0.0541275292634964,-0.00013079349,6.0,7.0,0.5
2025-04-02,MSFT,1.7588562,-0.05525505542755127,-0.02363018,6.0,1.0,0.5
2025-04-03,MSFT,1.1390651,-0.04506500065326691,-0.035565916,6.0,2.0,0.5
2025-04-04,MSFT,-0.4866699,-0.030429810285568237,-0.00550246,6.0,7.0,0.5
2025-04-07,MSFT,0.37342104,-0.027252137660980225,-0.009221422,6.0,3.0,0.5
2025-04-08,MSFT,-0.6105751,-0.025012284517288208,0.10133691,6.0,7.0,0.5
2025-04-09,MSFT,1.6208516,-0.039468348026275635,-0.023406532,6.0,1.0,0.5
2025-04-10,MSFT,-0.40518567,-0.042887672781944275,0.0186182,6.0,8.0,0.5
2025-04-11,MSFT,0.096633576,-0.049753278493881226,-0.0016477174,7.0,5.0,0.4
2025-04-14,MSFT,-0.10097967,-0.05353550612926483,-0.005363323,7.0,6.0,0.4
2025-04-15,MSFT,-0.27493858,-0.05349329113960266,-0.036606018,7.0,6.0,0.4
2025-04-16,MSFT,-0.40218055,-0.05154876410961151,-0.010306566,8.0,7.0,0.3
2025-04-17,MSFT,0.38196734,-0.05202290415763855,-0.023546576,6.0,5.0,0.5
2025-04-21,MSFT,-0.96698123,-0.04972945153713226,0.021441298,6.0,8.0,0.5
2025-04-22,MSFT,-0.5507346,-0.053106725215911865,0.020636857,6.0,9.0,0.5
2025-04-23,MSFT,0.31940418,-0.05682489275932312,0.034482554,7.0,4.0,0.4
2025-04-24,MSFT,-0.3807441,-0.058158159255981445,0.011748202,6.0,7.0,0.5
2025-04-25,MSFT,0.10375526,-0.0589464008808136,-0.0017609108,6.0,7.0,0.5
2025-04-28,MSFT,0.45322153,-0.05804707109928131,0.007362727,6.0,3.0,0.5
2025-04-29,MSFT,0.79762673,-0.05842633545398712,0.003096045,6.0,3.0,0.5
2025-04-30,MSFT,2.2424028,-0.05542325973510742,0.07625359,6.0,1.0,0.5
2025-05-01,MSFT,0.35038745,-0.06044502556324005,0.023225242,6.0,5.0,0.5
2025-05-02,MSFT,1.0109137,-0.06421975791454315,0.002044722,7.0,2.0,0.4
2025-05-05,MSFT,-0.017960764,-0.06558246910572052,-0.006557211,6.0,6.0,0.5
2025-05-06,MSFT,-0.03004468,-0.06637221574783325,9.234745e-05,6.0,7.0,0.5
2025-05-07,MSFT,-0.2740679,-0.06708928197622299,0.0111226365,6.0,7.0,0.5
2025-05-08,MSFT,-0.20049204,-0.07091715186834335,0.0012781016,7.0,6.0,0.4
2025-05-09,MSFT,-1.1818408,-0.07750062644481659,0.024001058,8.0,9.0,0.3
2025-05-12,MSFT,-1.0645008,-0.08193083107471466,-0.00026706912,9.0,10.0,0.2
2025-05-13,MSFT,-0.20038106,-0.0867818146944046,0.008460502,9.0,5.0,0.2
2025-05-14,MSFT,0.66331935,-0.09431952983140945,0.0022562111,9.0,3.0,0.2
2025-05-15,MSFT,0.08614121,-0.09753240644931793,0.002515775,9.0,4.0,0.2
2025-05-16,MSFT,1.2486168,-0.09928645193576813,0.010126111,9.0,1.0,0.2
2025-05-19,MSFT,0.48133412,-0.10234884172677994,-0.001525347,8.0,4.0,0.3
2025-05-20,MSFT,-0.08993351,-0.1031845360994339,-0.012222562,8.0,4.0,0.3
2025-05-21,MSFT,0.018913083,-0.10391205549240112,0.0050599077,7.0,5.0,0.4
2025-05-22,MSFT,0.008098914,-0.10121667385101318,-0.01028887,7.0,5.0,0.4
2025-05-23,MSFT,-0.27293146,-0.09803447872400284,0.023346242,7.0,8.0,0.4
2025-05-27,MSFT,-0.36098677,-0.09395071864128113,-0.0072283307,7.0,8.0,0.4
2025-05-28,MSFT,-0.3213385,-0.0855557918548584,0.0028862385,7.0,7.0,0.4
2025-05-29,MSFT,0.7013921,-0.07753987610340118,0.0036625906,6.0,3.0,0.5
2025-05-30,MSFT,-0.28041697,-0.06674282252788544,0.0034973247,5.0,7.0,0.6
2025-06-02,MSFT,-0.26526877,-0.05584868788719177,0.0021646256,4.0,7.0,0.7
2025-06-03,MSFT,0.030943176,-0.04470562934875488,0.0019439352,4.0,6.0,0.7
2025-06-04,MSFT,0.58394843,-0.03579828143119812,0.008213505,4.0,1.0,0.7
2025-06-05,MSFT,-0.33161694,-0.027765125036239624,0.0057732053,3.0,9.0,0.8
2025-06-06,MSFT,-0.12133451,-0.023728251457214355,0.00503848,2.0,6.0,0.9
2025-06-09,MSFT,-0.9756128,-0.0182284414768219,-0.0038709366,1.0,10.0,1.0
2025-06-10,MSFT,0.27144325,-0.014561653137207031,0.0036098675,1.0,3.0,1.0
2025-06-11,MSFT,1.0409316,-0.011168360710144043,0.013224133,1.0,2.0,1.0
2025-06-12,MSFT,-0.0782063,-0.009029954671859741,-0.008165071,1.0,5.0,1.0
2025-06-13,MSFT,-0.8067935,-0.006383568048477173,0.008800902,1.0,9.0,1.0
2025-06-16,MSFT,0.41250056,-0.007894575595855713,-0.002295781,1.0,2.0,1.0
2025-06-17,MSFT,0.1795782,-0.006092548370361328,0.004602063,1.0,6.0,1.0
2025-06-18,MSFT,-0.047426812,-0.008325070142745972,-0.005913761,1.0,6.0,1.0
2025-06-20,MSFT,0.224315,-0.006950557231903076,0.018014284,1.0,3.0,1.0
2025-06-23,MSFT,0.04707267,-0.010024487972259521,0.008456776,1.0,7.0,1.0
2025-06-24,MSFT,-0.0020407033,-0.011824876070022583,0.004407232,1.0,5.0,1.0
2025-06-25,MSFT,-0.18433173,-0.012651786208152771,0.010522693,2.0,7.0,0.9
2025-06-26,MSFT,-0.6511753,-0.012982070446014404,-0.0030355207,2.0,7.0,0.9
2025-06-27,MSFT,0.18792138,-0.012476176023483276,0.0029640393,2.0,5.0,0.9
2025-06-30,MSFT,0.0889979,-0.01246720552444458,-0.010775925,2.0,6.0,0.9
2025-07-01,MSFT,-0.956453,-0.012390419840812683,-0.0019508733,2.0,8.0,0.9
2025-07-02,MSFT,0.70635325,-0.012458324432373047,0.015781268,2.0,4.0,0.9
2025-07-03,MSFT,0.5714193,-0.014225661754608154,-0.002245275,2.0,3.0,0.9
2025-07-07,MSFT,-0.018236006,-0.013572737574577332,-0.0022101412,1.0,6.0,1.0
2025-07-08,MSFT,0.44460636,-0.014096379280090332,0.013873875,2.0,5.0,0.9
2025-07-09,MSFT,-0.6885611,-0.01309804618358612,-0.004031763,2.0,8.0,0.9
2025-07-10,MSFT,0.13832457,-0.0115431547164917,0.003669204,1.0,6.0,1.0
2025-07-11,MSFT,-0.1475398,-0.00973421335220337,-0.00059609266,1.0,7.0,1.0
2025-07-14,MSFT,0.18868229,-0.008406177163124084,0.005566421,1.0,3.0,1.0
2025-07-15,MSFT,-0.14414743,-0.006982713937759399,-0.00039530915,1.0,5.0,1.0
2025-07-16,MSFT,0.8152806,-0.006482332944869995,0.012024759,1.0,3.0,1.0
2025-07-17,MSFT,-0.2612851,-0.007505938410758972,-0.0032246076,1.0,7.0,1.0
2025-07-18,MSFT,-0.6519836,-0.0071190595626831055,1.9637791e-05,1.0,7.0,1.0
2025-07-21,MSFT,-0.26124084,-0.007975071668624878,-0.009391091,1.0,7.0,1.0
2025-07-22,MSFT,-0.73810416,-0.007681071758270264,0.0011874625,1.0,8.0,1.0
2025-07-23,MSFT,0.34298354,-0.007547497749328613,0.009903807,1.0,5.0,1.0
2025-07-24,MSFT,0.06963284,-0.007598176598548889,0.0055394773,1.0,3.0,1.0
2025-07-25,MSFT,-0.9687024,-0.007458850741386414,-0.0023555236,1.0,9.0,1.0
2025-07-28,MSFT,0.23769826,-0.007791340351104736,0.000136627,2.0,4.0,0.9
2025-07-29,MSFT,-0.03171511,-0.005537241697311401,0.001307159,2.0,5.0,0.9
2025-07-30,MSFT,0.78399265,-0.0037555992603302,0.03947469,2.0,2.0,0.9
2025-07-31,MSFT,0.46700516,-0.005822628736495972,-0.017600765,2.0,3.0,0.9
2025-08-01,MSFT,0.27339515,-0.004991278052330017,0.02199915,3.0,5.0,0.8
2025-08-04,MSFT,-0.98501873,-0.013222187757492065,-0.014729881,3.0,8.0,0.8
2025-08-05,MSFT,-1.0839962,-0.017370671033859253,-0.0053244443,3.0,9.0,0.8
2025-08-06,MSFT,-0.7116,-0.021597176790237427,-0.007810548,5.0,8.0,0.6
2025-08-07,MSFT,-0.7956598,-0.024332866072654724,0.002304047,5.0,9.0,0.6
2025-08-08,MSFT,0.012368955,-0.026095807552337646,-0.0005171569,5.0,3.0,0.6
2025-08-11,MSFT,0.18316858,-0.023124992847442627,0.014316474,5.0,3.0,0.6
2025-08-12,MSFT,-1.1343586,-0.02494598925113678,-0.016363017,4.0,10.0,0.7
2025-08-13,MSFT,-0.08948645,-0.022300004959106445,0.0036496697,4.0,5.0,0.7
2025-08-14,MSFT,0.09524673,-0.01758633553981781,-0.004421154,2.0,5.0,0.9
2025-08-15,MSFT,-0.5515704,-0.01195254921913147,-0.0059018536,2.0,9.0,0.9
2025-08-18,MSFT,0.02516471,-0.006857588887214661,-0.014175304,2.0,5.0,0.9
2025-08-19,MSFT,-0.024501605,-0.0020356476306915283,-0.007944737,2.0,5.0,0.9
2025-08-20,MSFT,0.46501774,0.0021568387746810913,-0.0012874466,2.0,3.0,0.9
2025-08-21,MSFT,-1.0990735,0.0044806599617004395,0.005929852,2.0,10.0,0.9
2025-08-22,MSFT,-1.0172297,0.004261493682861328,-0.0058553456,2.0,10.0,0.9
2025-08-25,MSFT,-1.2180696,0.004953250288963318,-0.004402471,2.0,9.0,0.9
2025-08-26,MSFT,1.0949557,0.005119144916534424,0.009361693,2.0,2.0,0.9
2025-08-27,MSFT,-0.1267157,0.0016683340072631836,0.0057229334,2.0,6.0,0.9
2025-08-28,MSFT,0.38887227,-0.0026072263717651367,-0.0057884143,3.0,5.0,0.8
2025-08-29,MSFT,0.56741124,-0.006029382348060608,-0.0030986061,3.0,3.0,0.8
2025-09-02,MSFT,-0.42401847,-0.010054975748062134,0.00045538993,4.0,7.0,0.7
2025-09-03,MSFT,-0.65599126,-0.016762927174568176,0.005184552,4.0,9.0,0.7
2025-09-04,MSFT,-0.7092196,-0.024102985858917236,-0.02553302,4.0,7.0,0.7
2025-09-05,MSFT,0.20258555,-0.026533648371696472,0.0064646523,4.0,4.0,0.7
2025-09-08,MSFT,-0.30660042,-0.03171291947364807,0.0004215715,5.0,8.0,0.6
2025-09-09,MSFT,-0.11393381,-0.036048635840415955,0.003932433,4.0,5.0,0.7
2025-09-10,MSFT,-0.22775446,-0.03821086883544922,0.0012790916,4.0,5.0,0.7
2025-09-11,MSFT,0.25792402,-0.04247139394283295,0.017744139,4.0,2.0,0.7
2025-09-12,MSFT,-0.287599,-0.047033727169036865,0.010707967,4.0,7.0,0.7
2025-09-15,MSFT,-1.098906,-0.05296732485294342,-0.012263286,4.0,9.0,0.7
2025-09-16,MSFT,0.4825882,-0.05539020895957947,0.0019252177,4.0,5.0,0.7
2025-09-17,MSFT,-0.2795928,-0.060857221484184265,-0.0030782542,4.0,7.0,0.7
2025-09-18,MSFT,0.8373646,-0.06295830756425858,0.018644739,5.0,3.0,0.6
2025-09-19,MSFT,-0.3908911,-0.060216352343559265,-0.006719051,5.0,4.0,0.6
2025-09-22,MSFT,-0.0656611,-0.06523832678794861,-0.010146573,5.0,6.0,0.6
2025-09-23,MSFT,-0.015493981,-0.06715839356184006,0.0018065555,5.0,5.0,0.6
2025-09-24,MSFT,-0.016447304,-0.07085612416267395,-0.0061158566,5.0,6.0,0.6
2025-09-25,MSFT,0.1447766,-0.07022620737552643,0.008737117,6.0,3.0,0.5
2025-09-26,MSFT,0.5629435,-0.07121632993221283,0.0061392356,6.0,4.0,0.5
2025-09-29,MSFT,0.5437941,-0.07135944068431854,0.006510031,6.0,2.0,0.5
2025-09-30,MSFT,0.08414211,-0.07209612429141998,0.0033980678,7.0,6.0,0.4
2025-10-01,MSFT,-0.28943133,-0.07237125188112259,-0.0076389126,8.0,8.0,0.3
2025-10-02,MSFT,0.47393334,-0.07223770767450333,0.003121611,8.0,4.0,0.3
2025-10-03,MSFT,0.6279628,-0.07356338948011398,0.021687526,8.0,2.0,0.3
2025-10-06,MSFT,-0.07147881,-0.07493360340595245,-0.008683823,8.0,8.0,0.3
2025-10-07,MSFT,-0.4653569,-0.07634826749563217,0.0016602796,8.0,7.0,0.3
2025-10-08,MSFT,-0.3967973,-0.07791715115308762,-0.0046678567,8.0,6.0,0.3
2025-10-09,MSFT,0.8790018,-0.07752208411693573,-0.021898996,8.0,4.0,0.3
2025-10-10,MSFT,-0.8506558,-0.07249350100755692,0.00604745,8.0,10.0,0.3
2025-10-13,MSFT,0.77511483,-0.07305821776390076,-0.0009338041,8.0,4.0,0.3
2025-10-14,MSFT,-0.77902216,-0.072099968791008,-0.0002725966,8.0,7.0,0.3
2025-10-15,MSFT,0.14198068,-0.07156752049922943,-0.003544782,8.0,4.0,0.3
2025-10-16,MSFT,-0.18984352,-0.06824669241905212,0.0038507595,7.0,7.0,0.4
2025-10-17,MSFT,-0.55522954,-0.06791995465755463,0.006250068,7.0,7.0,0.4
2025-10-20,MSFT,0.4531623,-0.06766930222511292,0.0016834979,7.0,3.0,0.4
2025-10-21,MSFT,0.8382734,-0.06600489467382431,0.0055635143,7.0,2.0,0.4
2025-10-22,MSFT,-1.1431695,-0.06410441547632217,3.8420934e-05,6.0,10.0,0.5
2025-10-23,MSFT,-0.20909202,-0.06557118892669678,0.0058590267,6.0,8.0,0.5
2025-10-24,MSFT,-0.5354205,-0.06635453552007675,0.015106799,6.0,7.0,0.5
2025-10-27,MSFT,0.44220123,-0.06734424829483032,0.01984866,6.0,3.0,0.5
2025-10-28,MSFT,-0.88280386,-0.06823045015335083,-0.00095926813,7.0,10.0,0.4
2025-10-29,MSFT,-0.14246441,-0.06932561099529266,-0.02915714,7.0,7.0,0.4
2025-10-30,MSFT,-0.6154921,-0.06696996837854385,-0.015120984,7.0,8.0,0.4
2025-10-31,MSFT,-0.3043631,-0.06578102707862854,-0.0015063166,7.0,5.0,0.4
2025-11-03,MSFT,0.6602802,-0.06610003113746643,-0.005221979,7.0,4.0,0.4
2025-11-04,MSFT,-1.2068008,-0.06360623240470886,-0.013940568,6.0,9.0,0.5
2025-11-05,MSFT,-0.32397458,-0.06012016534805298,-0.019835949,5.0,6.0,0.6
2025-11-06,MSFT,0.2253424,-0.053225547075271606,-0.0005632566,5.0,6.0,0.6
2025-11-07,MSFT,-0.28542262,-0.04990658164024353,0.018477427,5.0,5.0,0.6
2025-11-10,MSFT,0.51161677,-0.04926690459251404,0.0052965283,5.0,3.0,0.6
2025-11-11,MSFT,0.82217205,-0.049854815006256104,0.0048360787,5.0,3.0,0.6
2025-11-12,MSFT,0.40763643,-0.04898993670940399,-0.015357907,4.0,4.0,0.7
2025-11-13,MSFT,1.0043209,-0.047153204679489136,0.013689976,4.0,2.0,0.7
2025-11-14,MSFT,-0.06096017,-0.05038057267665863,-0.005272733,5.0,4.0,0.6
2025-11-17,MSFT,-0.86635137,-0.05245494842529297,-0.026995476,5.0,8.0,0.6
2025-11-18,MSFT,-1.1199762,-0.05005219578742981,-0.01350783,5.0,9.0,0.6
2025-11-19,MSFT,-0.03590923,-0.05140849947929382,-0.01600126,5.0,5.0,0.6
2025-11-20,MSFT,-0.92519605,-0.04832160472869873,-0.0131890625,5.0,9.0,0.6
2025-11-21,MSFT,-0.78126055,-0.04746869206428528,0.003982138,5.0,8.0,0.6
2025-11-24,MSFT,-0.090425804,-0.046451061964035034,0.0063079093,5.0,6.0,0.6
2025-11-25,MSFT,0.7231161,-0.04623165726661682,0.017841063,5.0,2.0,0.6
2025-11-26,MSFT,0.37538335,-0.04778571426868439,0.013408928,5.0,5.0,0.6
2025-11-28,MSFT,-0.3134619,-0.052616775035858154,-0.010711244,5.0,6.0,0.6
2025-12-01,MSFT,0.6605515,-0.050450921058654785,0.006697669,5.0,4.0,0.6
2025-12-02,MSFT,-1.4055817,-0.05419155955314636,-0.025040837,6.0,10.0,0.5
2025-12-03,MSFT,0.063222036,-0.05109800398349762,0.0065099513,4.0,5.0,0.7
2025-12-04,MSFT,0.0709196,-0.0544300377368927,0.0048249215,4.0,4.0,0.7
2025-12-05,MSFT,0.9896341,-0.05775102972984314,0.016267916,5.0,3.0,0.6
2025-12-08,MSFT,0.13098325,-0.06121131777763367,0.0020364877,6.0,6.0,0.5
2025-12-09,MSFT,-1.995315,-0.0652930811047554,-0.027356565,6.0,10.0,0.5
2025-12-10,MSFT,0.9986236,-0.05849069356918335,0.010259973,6.0,2.0,0.5
2025-12-11,MSFT,0.18775742,-0.06018820405006409,-0.010217836,6.0,6.0,0.5
2025-12-12,MSFT,-0.10281935,-0.060198426246643066,-0.0077528534,6.0,6.0,0.5
2025-12-15,MSFT,0.09918608,-0.05895952880382538,0.0033065525,5.0,5.0,0.6
2025-12-16,MSFT,0.7099454,-0.05984047055244446,-0.00056685373,5.0,2.0,0.6
2025-12-17,MSFT,0.20877673,-0.06018686294555664,0.016508456,5.0,6.0,0.6
2025-12-18,MSFT,-0.39308912,-0.06304732710123062,0.00400842,5.0,6.0,0.6
2025-12-19,MSFT,-1.0630748,-0.05940362811088562,-0.002057862,5.0,9.0,0.6
2025-12-22,MSFT,-0.68755645,-0.06536206603050232,0.003980003,6.0,9.0,0.5
2025-12-23,MSFT,0.12574367,-0.06771183013916016,0.0024031496,6.0,5.0,0.5
2025-12-24,MSFT,0.1662082,-0.07209940254688263,-0.0006351543,7.0,4.0,0.4
2025-12-26,MSFT,0.41999027,-0.07010167837142944,-0.0012507767,7.0,4.0,0.4
2025-12-29,MSFT,0.11260671,-0.06920944899320602,0.0007801688,7.0,6.0,0.4
2025-12-30,MSFT,-0.44196707,-0.06907179951667786,-0.00791833,7.0,7.0,0.4
2025-12-31,MSFT,-1.1773665,-0.06807481497526169,-0.022083454,6.0,9.0,0.5
2026-01-02,MSFT,-0.573925,-0.06468920409679413,-0.00019026468,6.0,7.0,0.5
2026-01-05,MSFT,0.76881444,-0.06270743906497955,0.011969991,5.0,2.0,0.6
2026-01-06,MSFT,0.85446817,-0.06280170381069183,0.010365467,5.0,2.0,0.6
2026-01-07,MSFT,-0.6086513,-0.06240522116422653,-0.011086569,4.0,8.0,0.7
2026-01-08,MSFT,-0.6091377,-0.06277347356081009,0.0024471444,5.0,7.0,0.6
2026-01-09,MSFT,-0.38063458,-0.06366465240716934,-0.004381573,5.0,7.0,0.6
2026-01-12,MSFT,-0.50748056,-0.060943394899368286,-0.013642595,5.0,7.0,0.6
2026-01-13,MSFT,-0.56735814,-0.05736804008483887,-0.023987051,5.0,7.0,0.6
2026-01-14,MSFT,-0.790423,-0.05344536900520325,-0.005921019,4.0,7.0,0.7
2026-01-15,MSFT,0.42041796,-0.051938652992248535,0.0070073637,4.0,3.0,0.7
2026-01-16,MSFT,1.0794135,-0.04883824288845062,-0.011612296,4.0,2.0,0.7
2026-01-20,MSFT,-1.7696217,-0.04237201809883118,-0.022903321,5.0,10.0,0.6
2026-01-21,MSFT,0.090363964,-0.040638238191604614,0.015829494,5.0,3.0,0.6
2026-01-22,MSFT,1.6369917,-0.04179854691028595,0.032827966,5.0,1.0,0.6
2026-01-23,MSFT,0.18781208,-0.042792826890945435,0.009292779,5.0,6.0,0.6
2026-01-26,MSFT,0.97011787,-0.04814119637012482,0.021901933,5.0,3.0,0.6
2026-01-27,MSFT,0.1428203,-0.053858041763305664,0.0021847642,5.0,4.0,0.6
2026-01-28,MSFT,-2.0084853,-0.056974127888679504,-0.099931404,5.0,10.0,0.6
2026-01-29,MSFT,-0.40146154,-0.0477290153503418,-0.0074049025,5.0,8.0,0.6
2026-01-30,MSFT,-0.63963133,-0.04102638363838196,-0.016082102,5.0,7.0,0.6
2026-02-02,MSFT,-0.88459665,-0.038422971963882446,-0.028722,4.0,9.0,0.7
2026-02-03,MSFT,0.7283506,-0.03293369710445404,0.007246977,3.0,4.0,0.8
2026-02-04,MSFT,-1.7748343,-0.03105318546295166,-0.04954252,3.0,10.0,0.8
2026-02-05,MSFT,0.02636475,-0.028372883796691895,0.018975297,3.0,6.0,0.8
2026-02-06,MSFT,1.1505283,-0.028711318969726562,0.031061448,3.0,2.0,0.8
2026-02-09,MSFT,0.39946356,-0.03460785746574402,-0.0007978523,4.0,3.0,0.7
2026-02-10,MSFT,-1.088035,-0.03797468543052673,-0.021535655,4.0,8.0,0.7
2026-02-11,MSFT,1.4046971,-0.040421321988105774,-0.006256616,4.0,1.0,0.7
2026-02-12,MSFT,1.0093293,-0.04043196141719818,-0.0012939755,4.0,3.0,0.7
2026-02-13,MSFT,-0.86661357,-0.044342800974845886,-0.01111333,4.0,7.0,0.7
2026-02-17,MSFT,-0.2678428,-0.047530993819236755,0.0069041746,5.0,4.0,0.6
2026-02-18,MSFT,0.13173465,-0.05142664909362793,-0.0005768723,5.0,7.0,0.6
2026-02-19,MSFT,-0.6549875,-0.05233204364776611,-0.003086887,5.0,8.0,0.6
2026-02-20,MSFT,-0.88469326,-0.05497157573699951,-0.032122515,5.0,9.0,0.6
2026-02-23,MSFT,0.4722611,-0.05011935532093048,0.01178254,5.0,4.0,0.6
2026-02-24,MSFT,1.5940049,-0.04901617765426636,0.02982,5.0,1.0,0.6
2026-02-25,MSFT,0.80722505,-0.04784536361694336,0.0027958038,5.0,3.0,0.6
2026-02-26,MSFT,-0.5820678,-0.048502057790756226,-0.02235388,5.0,8.0,0.6
2026-02-27,MSFT,0.85606617,-0.04828047752380371,0.01479345,4.0,2.0,0.7
2026-03-02,MSFT,1.5321457,-0.050663918256759644,0.013498988,4.0,1.0,0.7
2026-03-03,MSFT,-0.40903047,-0.05271390080451965,0.003144155,4.0,6.0,0.7
2026-03-04,MSFT,0.55175954,-0.057523876428604126,0.013524119,5.0,2.0,0.6
2026-03-05,MSFT,0.9331625,-0.05790889263153076,-0.00418814,5.0,2.0,0.6
2026-03-06,MSFT,-0.65433854,-0.05854691565036774,0.0011003457,6.0,9.0,0.5
2026-03-09,MSFT,-0.9670891,-0.06169068068265915,-0.008915233,7.0,8.0,0.4
2026-03-10,MSFT,-0.5933267,-0.062122978270053864,-0.0021688107,7.0,7.0,0.4
2026-03-11,MSFT,0.6449903,-0.062433116137981415,-0.0074590044,6.0,2.0,0.5
2026-03-12,MSFT,-0.11533148,-0.06085331737995148,-0.01570202,7.0,6.0,0.4
2026-03-13,MSFT,-0.33265,-0.06110429763793945,0.011123808,7.0,5.0,0.4
2026-03-16,MSFT,-0.47366673,-0.06257332116365433,-0.0013502223,7.0,7.0,0.4
2026-03-17,MSFT,-0.8130652,-0.06318388879299164,-0.019078037,7.0,9.0,0.4
2026-03-18,MSFT,-0.10869874,-0.05946792662143707,-0.007070191,7.0,7.0,0.4
2026-03-19,MSFT,-0.10242906,-0.057201921939849854,-0.018379472,7.0,5.0,0.4
2026-03-20,MSFT,-1.1636811,-0.04755645990371704,0.002959171,6.0,10.0,0.5
2026-03-23,MSFT,-1.0410908,-0.047937750816345215,-0.026788611,7.0,9.0,0.4
2026-03-24,MSFT,-0.9476967,-0.04299825429916382,-0.004560757,4.0,9.0,0.7
2026-03-25,MSFT,0.45183146,-0.04124891757965088,-0.013664276,4.0,4.0,0.7
2026-03-26,MSFT,-0.1587937,-0.0339864045381546,-0.025138767,4.0,5.0,0.7
2026-03-27,MSFT,0.65616447,-0.02622893452644348,0.006138385,4.0,3.0,0.7
2026-03-30,MSFT,-0.3996506,-0.022852212190628052,0.03122922,4.0,8.0,0.7
2026-03-31,MSFT,-0.35762644,-0.02675873041152954,-0.0021612025,4.0,9.0,0.7
2026-04-01,MSFT,0.87569547,-0.030526459217071533,0.011072892,3.0,1.0,0.8
2026-04-02,MSFT,-0.48358876,-0.033927738666534424,-0.0015530665,3.0,8.0,0.8
2026-04-06,MSFT,-0.33900255,-0.03712804615497589,-0.001582189,3.0,8.0,0.8
2026-04-07,MSFT,-0.50361365,-0.03653499484062195,0.0054795234,3.0,8.0,0.8
2026-04-08,MSFT,-0.8428822,-0.039625465869903564,-0.003365929,2.0,9.0,0.9
2026-04-09,MSFT,-0.7344958,-0.043008118867874146,-0.005897046,2.0,9.0,0.9
2026-04-10,MSFT,2.210317,-0.04601040482521057,0.036400847,2.0,1.0,0.9
2026-04-13,MSFT,0.18738793,-0.04944227635860443,0.022738475,3.0,6.0,0.8
2026-04-14,MSFT,0.9034073,-0.0546664297580719,0.046068583,3.0,2.0,0.8
2026-04-15,MSFT,1.5322858,-0.05844065546989441,0.021983357,4.0,1.0,0.7
2026-04-16,MSFT,-0.21785484,-0.06165596842765808,0.006020124,4.0,7.0,0.7
2026-04-17,MSFT,-0.383628,-0.06316712498664856,-0.011163955,5.0,6.0,0.6
2026-04-20,MSFT,1.5411448,-0.06759287416934967,0.014566962,4.0,1.0,0.7
2026-04-21,MSFT,0.22584285,-0.06855493783950806,0.020652574,3.0,5.0,0.8
2026-04-22,MSFT,-1.7458922,-0.07085873186588287,-0.039660994,4.0,10.0,0.7
2026-04-23,MSFT,0.4730127,-0.07622431218624115,0.021335008,5.0,4.0,0.6
2026-04-24,MSFT,-0.22527061,-0.07979878783226013,0.0004709986,6.0,6.0,0.5
2026-04-27,MSFT,0.8816577,-0.08297803997993469,0.010427921,6.0,3.0,0.5
2026-04-28,MSFT,-0.84063214,-0.0876094326376915,-0.011159054,8.0,9.0,0.3
2026-04-29,MSFT,-0.79322284,-0.09050261974334717,-0.039296903,8.0,8.0,0.3
2026-04-30,MSFT,0.6445257,-0.08697205781936646,0.016332332,7.0,3.0,0.4
2026-05-01,MSFT,-0.004066993,-0.08730162680149078,-0.0019786244,7.0,6.0,0.4
2026-05-04,MSFT,-0.7815783,-0.08363024890422821,-0.00541552,6.0,7.0,0.5
2026-05-05,MSFT,-0.21643463,-0.07869382947683334,0.0062714824,5.0,7.0,0.6
2026-05-06,MSFT,0.86984366,-0.06926016509532928,0.016450908,4.0,3.0,0.7
2026-05-07,MSFT,-0.9893777,-0.060372233390808105,-0.013427767,4.0,8.0,0.7
2026-05-08,MSFT,-0.32520232,-0.04954122006893158,-0.0059260023,3.0,6.0,0.8
2026-05-11,MSFT,-0.62284696,-0.038838550448417664,-0.011849965,1.0,8.0,1.0
2026-05-12,MSFT,-1.0675634,-0.028733551502227783,-0.006278011,1.0,9.0,1.0
2026-05-13,MSFT,0.027972559,-0.01997247338294983,0.010414365,1.0,3.0,1.0
2026-05-14,MSFT,1.3356756,-0.014026671648025513,0.030505791,1.0,2.0,1.0
2026-05-15,MSFT,0.5517653,-0.01124243438243866,0.00383967,1.0,3.0,1.0
2026-05-18,MSFT,-0.22674043,-0.014294922351837158,-0.014449656,1.0,6.0,1.0
2026-05-19,MSFT,-0.03197706,-0.015758484601974487,0.008720152,1.0,7.0,1.0
2026-05-20,MSFT,-0.20923068,-0.01944202184677124,-0.002522922,1.0,6.0,1.0
2026-05-21,MSFT,-0.14016554,-0.021155059337615967,-0.0012406857,1.0,6.0,1.0
2026-05-22,MSFT,-0.46736115,-0.022828876972198486,-0.0060683284,3.0,9.0,0.8
2026-05-26,MSFT,-0.5896244,-0.02229940891265869,-0.008076296,3.0,7.0,0.8
2026-05-27,MSFT,2.4233527,-0.02290588617324829,0.03470077,3.0,1.0,0.8
2026-05-28,MSFT,1.9174017,-0.024144530296325684,0.054450963,5.0,1.0,0.6
2026-05-29,MSFT,0.68308985,-0.031923070549964905,0.022832261,5.0,4.0,0.6
2026-06-01,MSFT,-1.4724929,-0.04058527946472168,-0.041713748,6.0,10.0,0.5
2026-06-02,MSFT,-1.0760022,-0.049544557929039,-0.031655695,6.0,9.0,0.5
2026-06-03,MSFT,0.089727685,-0.054067060351371765,0.0016614001,7.0,7.0,0.4
2026-06-04,MSFT,0.29794285,-0.05677267909049988,-0.026585668,7.0,5.0,0.4
2026-06-05,MSFT,-0.7405354,-0.04877065122127533,-0.011831927,6.0,7.0,0.5
2026-06-08,MSFT,-0.6042633,-0.04970476031303406,-0.020231172,6.0,8.0,0.5
2026-06-09,MSFT,0.30482742,-0.04558786749839783,-0.014997233,5.0,4.0,0.6
2026-06-10,MSFT,-1.2410455,-0.03738182783126831,-0.017666513,5.0,9.0,0.6
2026-06-11,MSFT,-0.021737311,-0.030368030071258545,0.0010247028,5.0,6.0,0.6
2026-06-12,MSFT,0.2033097,-0.018460899591445923,0.023084484,5.0,6.0,0.6
2026-06-15,MSFT,-0.5519839,-0.00873151421546936,-0.014833966,3.0,7.0,0.8
2026-06-16,MSFT,-0.8332691,-0.00048695504665374756,-0.037884373,2.0,9.0,0.9
2026-06-17,MSFT,-0.4266958,0.007865458726882935,0.001293171,2.0,8.0,0.9
2026-06-18,MSFT,-0.55795974,0.01109074056148529,-0.03178699,2.0,7.0,0.9
2026-06-22,MSFT,1.182022,0.01426193118095398,0.017966969,1.0,1.0,1.0
2026-06-23,MSFT,-1.6505848,0.012686163187026978,-0.022677392,2.0,10.0,0.9
2026-06-24,MSFT,-0.81611013,0.005223497748374939,-0.03455925,2.0,9.0,0.9
2026-06-25,MSFT,1.8483582,0.000896155834197998,0.05708136,2.0,1.0,0.9
2026-06-26,MSFT,-1.0735668,-0.006715670228004456,-0.011797172,3.0,10.0,0.8
2026-06-29,MSFT,0.13751867,-0.016305461525917053,0.012073639,3.0,5.0,0.8
2026-06-30,MSFT,0.49156234,-0.020387589931488037,0.0301861,3.0,2.0,0.8
2026-07-01,MSFT,0.73079056,-0.02694667875766754,0.016160017,3.0,2.0,0.8
2026-07-02,MSFT,-1.2037939,-0.03694052994251251,-0.00960331,3.0,10.0,0.8
2026-07-06,MSFT,0.09304027,-0.04506176710128784,0.005430044,4.0,5.0,0.7
2026-07-07,MSFT,-0.49789095,-0.050846755504608154,-0.014144607,4.0,7.0,0.7
2026-07-08,MSFT,-0.3814759,-0.05457781255245209,0.0026607788,4.0,7.0,0.7
2026-07-09,MSFT,-0.3698938,-0.05707325041294098,0.0019252977,3.0,6.0,0.8
2026-07-10,MSFT,0.89302015,-0.061111897230148315,0.015294739,4.0,2.0,0.7
2026-07-13,MSFT,-1.5023649,-0.0616459995508194,-0.015499121,4.0,10.0,0.7
2026-07-14,MSFT,0.6039051,-0.06435179710388184,0.027797278,4.0,5.0,0.7
2026-07-15,MSFT,1.2012805,-0.06475333869457245,0.013826036,6.0,2.0,0.5
2026-07-16,MSFT,-0.40824366,-0.06642370671033859,-0.018150102,6.0,6.0,0.5
2026-07-17,MSFT,1.1552334,-0.0677315816283226,0.02150733,6.0,1.0,0.5
2026-07-20,MSFT,-1.177935,-0.06866031885147095,-0.011285452,6.0,9.0,0.5
2026-07-21,MSFT,-0.9270461,-0.07036963105201721,-0.018629743,6.0,9.0,0.5
2026-07-22,MSFT,0.24313807,-0.07023875415325165,-0.022442026,6.0,6.0,0.5
2026-07-23,MSFT,0.18288907,-0.0670974850654602,0.00031458033,5.0,5.0,0.6
2026-07-24,MSFT,1.016908,-0.0659644603729248,0.019386906,6.0,2.0,0.5
2026-07-27,MSFT,0.8958981,-0.06485959887504578,0.010922616,7.0,2.0,0.4
2026-07-28,MSFT,0.34417677,-0.06505008786916733,-0.00714376,7.0,4.0,0.4
2026-07-29,MSFT,2.2371843,-0.06017662584781647,0.15506738,5.0,1.0,0.6
2026-07-30,MSFT,0.10025155,-0.06809596717357635,0.030192822,8.0,4.0,0.3
2026-07-31,MSFT,0.8861371,-0.06615535169839859,0.04934151,8.0,2.0,0.3
2026-08-03,MSFT,-0.09805612,-0.063534215092659,0.010581411,7.0,7.0,0.4
2026-08-04,MSFT,-0.27068606,-0.06310369074344635,-0.010856148,7.0,6.0,0.4
2026-08-05,MSFT,1.8472633,-0.06307073682546616,0.02543794,7.0,1.0,0.4
2026-08-06,MSFT,-0.48428094,-0.06461136043071747,0.0002600829,7.0,8.0,0.4
2026-08-07,MSFT,0.4115806,-0.0681777149438858,0.012140303,7.0,3.0,0.4
2026-08-10,MSFT,0.18004476,-0.0795644000172615,-0.004446145,8.0,6.0,0.3
2026-08-11,MSFT,-0.9098311,-0.0972769558429718,-0.022587871,10.0,9.0,0.1
2026-08-12,MSFT,0.0570882,-0.12049147486686707,0.009036842,10.0,4.0,0.1
2026-08-13,MSFT,0.17882556,-0.12544776499271393,-0.0029786162,10.0,7.0,0.1
2026-08-14,MSFT,-1.5315889,-0.12780186533927917,-0.030379444,10.0,9.0,0.1
2026-08-17,MSFT,0.42516312,-0.12890559434890747,0.002664709,10.0,4.0,0.1
2026-08-18,MSFT,0.13336354,-0.12438751012086868,0.005564423,10.0,4.0,0.1
2026-08-19,MSFT,0.3211722,-0.12195711582899094,-0.0046545304,10.0,5.0,0.1
2026-08-20,MSFT,-0.090328656,-0.11620394140481949,0.0043437523,10.0,5.0,0.1
2026-08-21,MSFT,0.58828926,-0.10759636759757996,0.008422331,10.0,5.0,0.1
2026-08-24,MSFT,0.5574206,-0.0961223766207695,0.009029147,10.0,3.0,0.1
2026-08-25,MSFT,1.1607956,-0.08549851179122925,0.0094771385,8.0,3.0,0.3
2026-08-26,MSFT,0.12823296,-0.077226422727108,0.017507106,8.0,4.0,0.3
2026-08-27,MSFT,0.53181255,-0.06667451560497284,0.016770348,7.0,3.0,0.4
2026-08-28,MSFT,-0.57914937,-0.05617803335189819,-0.012151228,7.0,8.0,0.4
2026-08-31,MSFT,-0.4679204,-0.04140463471412659,-0.012359832,6.0,6.0,0.5
2026-09-01,MSFT,-1.0304266,-0.031081348657608032,-0.008382862,3.0,10.0,0.8
2026-09-02,MSFT,0.53994405,-0.025356143712997437,0.026770234,1.0,3.0,1.0
2026-09-03,MSFT,-0.39887258,-0.02200111746788025,-0.020426532,1.0,8.0,1.0
2026-09-04,MSFT,-0.6265929,-0.01742410659790039,-0.011506904,1.0,7.0,1.0
2026-09-08,MSFT,-0.2682933,-0.013394296169281006,-0.0046563786,1.0,6.0,1.0
2026-09-09,MSFT,0.19040142,-0.009768351912498474,0.0016068516,1.0,4.0,1.0
2026-09-10,MSFT,-0.32123035,-0.006898969411849976,0.0064779515,1.0,5.0,1.0
2025-01-22,NVDA,-0.25158373,-0.014699429273605347,0.0010199465,3.0,6.0,0.8
2025-01-23,NVDA,-1.8527422,-0.016478344798088074,-0.031245798,3.0,10.0,0.8
2025-01-24,NVDA,-1.7857001,-0.01587042212486267,-0.16968167,3.0,9.0,0.8
2025-01-27,NVDA,2.3586147,-0.003001481294631958,0.089258656,2.0,1.0,0.9
2025-01-28,NVDA,-2.3225362,-0.00826522707939148,-0.041011047,2.0,10.0,0.9
2025-01-29,NVDA,0.05746189,-0.00516916811466217,0.007679887,2.0,6.0,0.9
2025-01-30,NVDA,-1.917614,-0.006981417536735535,-0.036742847,1.0,10.0,1.0
2025-01-31,NVDA,-0.7405934,-0.005560159683227539,-0.028400026,1.0,8.0,1.0
2025-02-03,NVDA,-0.0077432473,0.00621524453163147,0.017058104,1.0,7.0,1.0
2025-02-04,NVDA,1.5163538,0.006558284163475037,0.05208597,1.0,1.0,1.0
2025-02-05,NVDA,1.7922121,0.0022964924573898315,0.030841853,1.0,1.0,1.0
2025-02-06,NVDA,1.5298162,-0.0017842650413513184,0.009014427,1.0,1.0,1.0
2025-02-07,NVDA,0.88646865,-0.0038599371910095215,0.028728034,1.0,2.0,1.0
2025-02-10,NVDA,-0.072413355,-0.01564916968345642,-0.0057648644,2.0,7.0,0.8888888888888888
2025-02-11,NVDA,-0.5726053,-0.01605209708213806,-0.012499987,2.0,7.0,0.8888888888888888
2025-02-12,NVDA,0.8505305,-0.016927435994148254,0.03164542,2.0,2.0,0.8888888888888888
2025-02-13,NVDA,2.1511073,-0.022957831621170044,0.026313864,2.0,1.0,0.8888888888888888
2025-02-14,NVDA,0.39942667,-0.033177733421325684,0.003961129,2.0,3.0,0.8888888888888888
2025-02-18,NVDA,-0.35015374,-0.0387721061706543,-0.0012195044,4.0,8.0,0.7
2025-02-19,NVDA,0.7983531,-0.0431821346282959,0.006320443,5.0,2.0,0.6
2025-02-20,NVDA,-1.1630353,-0.04266101121902466,-0.04053959,5.0,9.0,0.6
2025-02-21,NVDA,-0.9137702,-0.03164350986480713,-0.030870944,3.0,9.0,0.8
2025-02-24,NVDA,-0.25823355,-0.024331077933311462,-0.028016672,2.0,9.0,0.9
2025-02-25,NVDA,1.150909,-0.021685153245925903,0.036721237,3.0,2.0,0.8
2025-02-26,NVDA,-1.9581133,-0.021724209189414978,-0.08478063,2.0,10.0,0.9
2025-02-27,NVDA,1.791244,-0.012247100472450256,0.039700292,2.0,1.0,0.9
2025-02-28,NVDA,-2.3205514,-0.01326635479927063,-0.08693561,2.0,10.0,0.9
2025-03-03,NVDA,1.1465646,0.0010288059711456299,0.016920894,2.0,2.0,0.9
2025-03-04,NVDA,-0.15012228,0.006960570812225342,0.011294168,2.0,7.0,0.9
2025-03-05,NVDA,-1.0644063,0.006372213363647461,-0.05737428,3.0,9.0,0.8
2025-03-06,NVDA,0.30228278,0.020916283130645752,0.019173434,1.0,2.0,1.0
2025-03-07,NVDA,-0.08413414,0.021511003375053406,-0.05067006,1.0,8.0,1.0
2025-03-10,NVDA,0.59756136,0.03396357595920563,0.016638564,1.0,3.0,1.0
2025-03-11,NVDA,1.5064411,0.03140908479690552,0.06427597,1.0,2.0,1.0
2025-03-12,NVDA,1.3498482,0.015838801860809326,-0.0013824244,1.0,1.0,1.0
2025-03-13,NVDA,2.2188327,0.011296138167381287,0.052690748,1.0,1.0,1.0
2025-03-14,NVDA,-0.6247836,-0.0046808719635009766,-0.01758853,2.0,9.0,0.9
2025-03-17,NVDA,-0.7485048,-0.006289049983024597,-0.034301057,2.0,8.0,0.9
2025-03-18,NVDA,-0.108117856,0.000507742166519165,0.018106123,2.0,4.0,0.9
2025-03-19,NVDA,1.2699312,-0.004577264189720154,0.008594368,2.0,1.0,0.9
2025-03-20,NVDA,-1.1632289,-0.010922133922576904,-0.007002441,3.0,10.0,0.8
2025-03-21,NVDA,0.071857125,-0.013100773096084595,0.031520892,3.0,4.0,0.8
2025-03-24,NVDA,-1.1264521,-0.023802071809768677,-0.005930291,3.0,9.0,0.8
2025-03-25,NVDA,-1.3654634,-0.027162760496139526,-0.0574199,3.0,10.0,0.8
2025-03-26,NVDA,-0.7689561,-0.013893082737922668,-0.020481683,2.0,9.0,0.9
2025-03-27,NVDA,0.8360741,-0.00986143946647644,-0.01579464,1.0,2.0,1.0
2025-03-28,NVDA,-0.8163466,-0.0005653202533721924,-0.011762592,1.0,8.0,1.0
2025-03-31,NVDA,0.38627788,0.005489379167556763,0.016331509,1.0,4.0,1.0
2025-04-01,NVDA,-0.44179818,0.0019130408763885498,0.002451035,1.0,6.0,1.0
2025-04-02,NVDA,-0.32459936,0.002078145742416382,-0.07806548,1.0,6.0,1.0
2025-04-03,NVDA,-0.5683487,0.02120673656463623,-0.07357566,1.0,8.0,1.0
2025-04-04,NVDA,0.9514041,0.04127073287963867,0.035309106,1.0,2.0,1.0
2025-04-07,NVDA,0.15918902,0.04089635610580444,-0.013723911,1.0,5.0,1.0
2025-04-08,NVDA,0.94728404,0.04467400908470154,0.1872274,1.0,2.0,1.0
2025-04-09,NVDA,-0.480307,0.01503230631351471,-0.059127104,1.0,7.0,1.0
2025-04-10,NVDA,0.27251577,0.019972890615463257,0.031235473,1.0,5.0,1.0
2025-04-11,NVDA,0.07224825,0.00861501693725586,-0.001983212,1.0,6.0,1.0
2025-04-14,NVDA,1.6967392,0.00018867850303649902,0.013458586,1.0,1.0,1.0
2025-04-15,NVDA,-1.7864087,-0.005090460181236267,-0.06871651,1.0,10.0,1.0
2025-04-16,NVDA,-1.5022392,0.006289094686508179,-0.028710965,1.0,10.0,1.0
2025-04-17,NVDA,-1.1797341,0.0042914897203445435,-0.045127477,1.0,9.0,1.0
2025-04-21,NVDA,-1.0928019,0.009467631578445435,0.020431193,1.0,9.0,1.0
2025-04-22,NVDA,0.4771294,0.0012167394161224365,0.03862882,1.0,5.0,1.0
2025-04-23,NVDA,0.43763006,-0.010997146368026733,0.03621846,1.0,2.0,1.0
2025-04-24,NVDA,0.6711095,-0.015566930174827576,0.04303308,1.0,2.0,1.0
2025-04-25,NVDA,-2.3513434,-0.022200733423233032,-0.02053873,1.0,10.0,1.0
2025-04-28,NVDA,-0.13175309,-0.014846637845039368,0.0026670685,1.0,6.0,1.0
2025-04-29,NVDA,0.5039954,-0.012422770261764526,-0.000917247,1.0,5.0,1.0
2025-04-30,NVDA,0.09441405,-0.007816001772880554,0.024697047,1.0,5.0,1.0
2025-05-01,NVDA,0.46917415,-0.011939853429794312,0.025893794,1.0,3.0,1.0
2025-05-02,NVDA,0.41774473,-0.01877504587173462,-0.0059388815,1.0,5.0,1.0
2025-05-05,NVDA,0.41301045,-0.021495148539543152,-0.0024599682,1.0,3.0,1.0
2025-05-06,NVDA,1.0349668,-0.022393494844436646,0.031002233,1.0,1.0,1.0
2025-05-07,NVDA,-1.2502507,-0.026158735156059265,0.002648273,1.0,9.0,1.0
2025-05-08,NVDA,-0.6509542,-0.029037997126579285,-0.0061344826,1.0,8.0,1.0
2025-05-09,NVDA,0.124325275,-0.031267642974853516,0.054436315,1.0,6.0,1.0
2025-05-12,NVDA,1.5897887,-0.03318692743778229,0.056341466,1.0,1.0,1.0
2025-05-13,NVDA,1.4802964,-0.029960468411445618,0.041637704,1.0,1.0,1.0
2025-05-14,NVDA,0.15759857,-0.02619124948978424,-0.003768143,1.0,5.0,1.0
2025-05-15,NVDA,0.25124684,-0.02372843027114868,0.004227483,1.0,3.0,1.0
2025-05-16,NVDA,0.43552628,-0.023848682641983032,0.0012554156,1.0,5.0,1.0
2025-05-19,NVDA,-0.47239706,-0.029378682374954224,-0.008777568,1.0,6.0,1.0
2025-05-20,NVDA,-0.5453799,-0.03553488850593567,-0.019199338,2.0,8.0,0.9
2025-05-21,NVDA,0.36422625,-0.03766895830631256,0.0078148395,3.0,4.0,0.8
2025-05-22,NVDA,-0.14019464,-0.04112321138381958,-0.011593819,3.0,7.0,0.8
2025-05-23,NVDA,0.25681293,-0.04145967960357666,0.03206648,3.0,2.0,0.8
2025-05-27,NVDA,-0.12494896,-0.043394118547439575,-0.0050922413,3.0,5.0,0.8
2025-05-28,NVDA,2.6279433,-0.041526809334754944,0.03249022,3.0,1.0,0.8
2025-05-29,NVDA,-1.6952951,-0.03908944129943848,-0.029168671,3.0,9.0,0.8
2025-05-30,NVDA,0.5547841,-0.03343990445137024,0.016650511,2.0,3.0,0.9
2025-06-02,NVDA,1.4661222,-0.032224640250205994,0.027951537,2.0,2.0,0.9
2025-06-03,NVDA,0.19608587,-0.033510178327560425,0.004956936,2.0,5.0,0.9
2025-06-04,NVDA,0.09237289,-0.034734874963760376,-0.013599179,3.0,9.0,0.8
2025-06-05,NVDA,-0.061063074,-0.034307271242141724,0.012357908,4.0,8.0,0.7
2025-06-06,NVDA,-0.03795043,-0.03601168096065521,0.006421249,4.0,5.0,0.7
2025-06-09,NVDA,-0.19997339,-0.03776276111602783,0.00932476,4.0,5.0,0.7
2025-06-10,NVDA,-0.4039171,-0.038139790296554565,-0.007780505,4.0,7.0,0.7
2025-06-11,NVDA,1.2150404,-0.03625693917274475,0.0151928635,4.0,1.0,0.7
2025-06-12,NVDA,-0.86782175,-0.033401116728782654,-0.020896627,4.0,9.0,0.7
2025-06-13,NVDA,0.6124006,-0.026930391788482666,0.019159105,3.0,3.0,0.8
2025-06-16,NVDA,0.2870831,-0.024775758385658264,-0.0039396537,3.0,4.0,0.8
2025-06-17,NVDA,0.6145604,-0.019105494022369385,0.009436697,3.0,3.0,0.8
2025-06-18,NVDA,-0.35629773,-0.017420142889022827,-0.011204253,3.0,7.0,0.8
2025-06-20,NVDA,-0.32312116,-0.01403304934501648,0.0022246228,2.0,7.0,0.9
2025-06-23,NVDA,0.84636974,-0.013545334339141846,0.025872096,2.0,2.0,0.9
2025-06-24,NVDA,1.8737142,-0.01354457437992096,0.04334019,2.0,1.0,0.9
2025-06-25,NVDA,-0.7425469,-0.013270542025566101,0.004601055,3.0,8.0,0.8
2025-06-26,NVDA,0.80904347,-0.015253350138664246,0.017610671,3.0,3.0,0.8
2025-06-27,NVDA,0.09404993,-0.01583784818649292,0.0015214758,3.0,6.0,0.8
2025-06-30,NVDA,-0.7301985,-0.01821458339691162,-0.029685428,3.0,8.0,0.8
2025-07-01,NVDA,0.6760439,-0.017771244049072266,0.025766376,3.0,2.0,0.8
2025-07-02,NVDA,0.33594418,-0.016273587942123413,0.013290922,3.0,5.0,0.8
2025-07-03,NVDA,0.33858755,-0.015611574053764343,-0.0069034537,3.0,5.0,0.8
2025-07-07,NVDA,0.7604986,-0.01386958360671997,0.011122424,2.0,3.0,0.9
2025-07-08,NVDA,0.86796373,-0.012129217386245728,0.017999908,1.0,2.0,1.0
2025-07-09,NVDA,0.015931707,-0.012103229761123657,0.0074902405,1.0,4.0,1.0
2025-07-10,NVDA,0.28380653,-0.011844068765640259,0.004996948,2.0,4.0,0.9
2025-07-11,NVDA,-0.7029696,-0.01172703504562378,-0.005153984,2.0,8.0,0.9
2025-07-14,NVDA,2.1901517,-0.012383073568344116,0.04040951,2.0,1.0,0.9
2025-07-15,NVDA,0.17766571,-0.012276679277420044,0.0039250413,2.0,4.0,0.9
2025-07-16,NVDA,0.53395903,-0.0116339772939682,0.00951164,2.0,4.0,0.9
2025-07-17,NVDA,-0.2722086,-0.011778280138969421,-0.003410347,2.0,8.0,0.9
2025-07-18,NVDA,-1.2197151,-0.011670738458633423,-0.005974224,2.0,10.0,0.9
2025-07-21,NVDA,-1.331616,-0.01209169626235962,-0.025382172,2.0,9.0,0.9
2025-07-22,NVDA,1.4538516,-0.012601256370544434,0.022450984,2.0,1.0,0.9
2025-07-23,NVDA,0.5937148,-0.013200506567955017,0.017332241,2.0,2.0,0.9
2025-07-24,NVDA,-0.5334153,-0.010549932718276978,-0.0013813602,2.0,7.0,0.9
2025-07-25,NVDA,1.0139388,-0.009766161441802979,0.018731905,2.0,2.0,0.9
2025-07-28,NVDA,-0.30889517,-0.00742378830909729,-0.0070154,1.0,6.0,1.0
2025-07-29,NVDA,1.7706541,-0.003191903233528137,0.021423232,1.0,1.0,1.0
2025-07-30,NVDA,-0.30300754,-0.0013020634651184082,-0.007809539,1.0,6.0,1.0
2025-07-31,NVDA,0.18223572,0.003879249095916748,-0.023331556,1.0,7.0,1.0
2025-08-01,NVDA,0.97010946,0.010896295309066772,0.03615019,1.0,1.0,1.0
2025-08-04,NVDA,-0.38643,0.006973385810852051,-0.009666778,1.0,6.0,1.0
2025-08-05,NVDA,-0.50899786,0.007795274257659912,0.0065073674,1.0,7.0,1.0
2025-08-06,NVDA,0.42220345,0.005387544631958008,0.007524231,1.0,2.0,1.0
2025-08-07,NVDA,-0.16905825,0.00465354323387146,0.010676546,1.0,4.0,1.0
2025-08-08,NVDA,-0.26365995,0.0018522143363952637,-0.0035030579,1.0,5.0,1.0
2025-08-11,NVDA,-0.61047804,0.0017387866973876953,0.006042028,1.0,7.0,1.0
2025-08-12,NVDA,-0.49861673,-0.001150563359260559,-0.00857184,1.0,7.0,1.0
2025-08-13,NVDA,-0.21137202,-0.00019629299640655518,0.0023680106,1.0,7.0,1.0
2025-08-14,NVDA,-0.4575213,0.0004993826150894165,-0.008625358,1.0,7.0,1.0
2025-08-15,NVDA,0.9401855,0.0033305585384368896,0.008644965,1.0,2.0,1.0
2025-08-18,NVDA,-1.4987663,0.0051376670598983765,-0.034998074,1.0,9.0,1.0
2025-08-19,NVDA,0.6268703,0.008873030543327332,-0.0013664173,1.0,3.0,1.0
2025-08-20,NVDA,0.27204558,0.012638956308364868,-0.0023945458,1.0,4.0,1.0
2025-08-21,NVDA,-0.38316455,0.015501514077186584,0.017202161,1.0,6.0,1.0
2025-08-22,NVDA,0.88920224,0.014676332473754883,0.010225143,1.0,3.0,1.0
2025-08-25,NVDA,0.73102117,0.016984105110168457,0.010900453,1.0,4.0,1.0
2025-08-26,NVDA,-0.5108663,0.017028719186782837,-0.0009353433,1.0,8.0,1.0
2025-08-27,NVDA,-1.3241149,0.019324973225593567,-0.007874347,1.0,9.0,1.0
2025-08-28,NVDA,-1.2112043,0.02080380916595459,-0.03324652,1.0,8.0,1.0
2025-08-29,NVDA,-1.5952983,0.024294018745422363,-0.019519925,1.0,10.0,1.0
2025-09-02,NVDA,-0.46828705,0.029808491468429565,-0.0009367786,1.0,9.0,1.0
2025-09-03,NVDA,-0.57630026,0.027680769562721252,0.006095443,1.0,7.0,1.0
2025-09-04,NVDA,-0.7476879,0.025148361921310425,-0.02703016,1.0,8.0,1.0
2025-09-05,NVDA,0.30014855,0.025431200861930847,0.0077234763,1.0,3.0,1.0
2025-09-08,NVDA,0.60366124,0.024451762437820435,0.0145563455,1.0,4.0,1.0
2025-09-09,NVDA,0.7883141,0.02442115545272827,0.03847522,1.0,2.0,1.0
2025-09-10,NVDA,-0.32282525,0.021579235792160034,-0.0008458502,1.0,6.0,1.0
2025-09-11,NVDA,-0.35290727,0.015553712844848633,0.0036686554,1.0,6.0,1.0
2025-09-12,NVDA,-1.0604639,0.011096745729446411,-0.00039369476,1.0,10.0,1.0
2025-09-15,NVDA,-1.3540046,0.008505776524543762,-0.016146207,1.0,10.0,1.0
2025-09-16,NVDA,-1.3088564,0.0052769482135772705,-0.026246632,1.0,9.0,1.0
2025-09-17,NVDA,2.2756257,0.003064557909965515,0.03494056,1.0,1.0,1.0
2025-09-18,NVDA,-0.42098993,-1.2978911399841309e-05,0.00243967,1.0,6.0,1.0
2025-09-19,NVDA,1.6130035,-0.0025693029165267944,0.039282385,1.0,2.0,1.0
2025-09-22,NVDA,-1.3219887,-0.006352514028549194,-0.028211962,1.0,9.0,1.0
2025-09-23,NVDA,-0.6708275,-0.010412529110908508,-0.008182577,1.0,8.0,1.0
2025-09-24,NVDA,0.59644806,-0.012488871812820435,0.004068647,1.0,3.0,1.0
2025-09-25,NVDA,-0.28957367,-0.011173278093338013,0.0028138305,1.0,7.0,1.0
2025-09-26,NVDA,1.5937793,-0.015323445200920105,0.020539919,1.0,1.0,1.0
2025-09-29,NVDA,2.209035,-0.014480099081993103,0.026010329,1.0,1.0,1.0
2025-09-30,NVDA,0.09329616,-0.015905022621154785,0.0035374076,2.0,5.0,0.9
2025-10-01,NVDA,0.56302845,-0.019179463386535645,0.008812224,3.0,3.0,0.8
2025-10-02,NVDA,-0.35505944,-0.02192901074886322,-0.006723588,3.0,7.0,0.8
2025-10-03,NVDA,-1.0752798,-0.02506539225578308,-0.011086152,3.0,10.0,0.8
2025-10-06,NVDA,0.34243745,-0.0269794762134552,-0.002694863,3.0,5.0,0.8
2025-10-07,NVDA,1.2031509,-0.02861286699771881,0.021995245,3.0,2.0,0.8
2025-10-08,NVDA,1.364169,-0.0320814847946167,0.018296262,3.0,2.0,0.8
2025-10-09,NVDA,-0.82095414,-0.032833218574523926,-0.048865285,4.0,7.0,0.7
2025-10-10,NVDA,-0.05831715,-0.021612107753753662,0.028172046,4.0,4.0,0.7
2025-10-13,NVDA,-1.8835251,-0.027560964226722717,-0.044020902,4.0,10.0,0.7
2025-10-14,NVDA,-0.86088705,-0.024699896574020386,-0.0011108519,3.0,8.0,0.8
2025-10-15,NVDA,1.57162,-0.022598356008529663,0.011010387,3.0,1.0,0.8
2025-10-16,NVDA,0.1423058,-0.01634243130683899,0.0077553573,3.0,4.0,0.8
2025-10-17,NVDA,-1.3158966,-0.019620120525360107,-0.0031655908,3.0,10.0,0.8
2025-10-20,NVDA,-0.2311691,-0.019466742873191833,-0.008103418,3.0,6.0,0.8
2025-10-21,NVDA,-0.11107726,-0.016480490565299988,-0.0048575983,3.0,5.0,0.8
2025-10-22,NVDA,0.3008804,-0.011296957731246948,0.010428291,1.0,5.0,1.0
2025-10-23,NVDA,0.6863914,-0.01180681586265564,0.022507569,1.0,3.0,1.0
2025-10-24,NVDA,0.5730142,-0.014740705490112305,0.02807911,1.0,3.0,1.0
2025-10-27,NVDA,2.1058576,-0.019024387001991272,0.049819905,2.0,1.0,0.9
2025-10-28,NVDA,1.3432448,-0.021870121359825134,0.029896036,2.0,2.0,0.9
2025-10-29,NVDA,0.09397836,-0.024422019720077515,-0.020044483,2.0,5.0,0.9
2025-10-30,NVDA,-0.24716055,-0.028423577547073364,-0.0019714555,2.0,5.0,0.9
2025-10-31,NVDA,0.8965386,-0.03247237205505371,0.021679975,2.0,3.0,0.9
2025-11-03,NVDA,-1.1825236,-0.03738391399383545,-0.03958817,3.0,9.0,0.8
2025-11-04,NVDA,-1.4084264,-0.041319459676742554,-0.017514631,4.0,10.0,0.7
2025-11-05,NVDA,-1.3036121,-0.04471909999847412,-0.036524776,4.0,10.0,0.7
2025-11-06,NVDA,0.28102317,-0.04030120372772217,0.0003722182,3.0,5.0,0.8
2025-11-07,NVDA,2.042673,-0.0363757461309433,0.057932492,2.0,1.0,0.9
2025-11-10,NVDA,-1.79352,-0.038353025913238525,-0.029590596,2.0,10.0,0.9
2025-11-11,NVDA,0.7186131,-0.03474453091621399,0.0033133319,2.0,4.0,0.9
2025-11-12,NVDA,-0.50520855,-0.03024396300315857,-0.03581021,2.0,8.0,0.9
2025-11-13,NVDA,1.3385701,-0.020492076873779297,0.017713904,1.0,1.0,1.0
2025-11-14,NVDA,-0.9392477,-0.019323498010635376,-0.01877273,1.0,10.0,1.0
2025-11-17,NVDA,-0.931707,-0.011510968208312988,-0.02808147,1.0,9.0,1.0
2025-11-18,NVDA,1.0258361,-0.005184441804885864,0.028451655,1.0,3.0,1.0
2025-11-19,NVDA,-1.6552788,-0.008043736219406128,-0.031524718,1.0,10.0,1.0
2025-11-20,NVDA,-0.7242522,-0.0019770264625549316,-0.009743078,1.0,7.0,1.0
2025-11-21,NVDA,-0.33703414,-0.0006042122840881348,0.020516524,1.0,6.0,1.0
2025-11-24,NVDA,-1.9196725,-0.0008982717990875244,-0.02591076,1.0,10.0,1.0
2025-11-25,NVDA,0.40821964,0.004831105470657349,0.013721772,1.0,5.0,1.0
2025-11-26,NVDA,-2.3525784,0.003932878375053406,-0.018085012,1.0,10.0,1.0
2025-11-28,NVDA,1.2543701,0.00325658917427063,0.016497284,1.0,1.0,1.0
2025-12-01,NVDA,0.8894923,0.006787046790122986,0.008559255,1.0,3.0,1.0
2025-12-02,NVDA,-0.64625716,0.0023660659790039062,-0.010305267,1.0,8.0,1.0
2025-12-03,NVDA,0.99074703,-0.0008618831634521484,0.021160536,1.0,2.0,1.0
2025-12-04,NVDA,-0.8822308,-0.00432954728603363,-0.005289603,1.0,9.0,1.0
2025-12-05,NVDA,1.0397264,-0.008151590824127197,0.017213998,1.0,2.0,1.0
2025-12-08,NVDA,-0.14032401,-0.009630978107452393,-0.0031259127,1.0,8.0,1.0
2025-12-09,NVDA,-0.75044155,-0.015288978815078735,-0.006433412,1.0,8.0,1.0
2025-12-10,NVDA,-0.83970207,-0.019236460328102112,-0.015507791,1.0,8.0,1.0
2025-12-11,NVDA,-0.41166088,-0.020575344562530518,-0.032664523,1.0,9.0,1.0
2025-12-12,NVDA,0.54357904,-0.01656612753868103,0.0072562774,2.0,2.0,0.9
2025-12-15,NVDA,0.4110384,-0.013264089822769165,0.008111748,2.0,3.0,0.9
2025-12-16,NVDA,-0.9406776,-0.012191832065582275,-0.038149916,3.0,8.0,0.8
2025-12-17,NVDA,0.36923972,-0.005856364965438843,0.018719964,3.0,5.0,0.8
2025-12-18,NVDA,1.9095803,-0.006179064512252808,0.039336205,3.0,1.0,0.8
2025-12-19,NVDA,0.88126624,-0.00828734040260315,0.014917942,3.0,3.0,0.8
2025-12-22,NVDA,1.8139856,-0.013829857110977173,0.030050613,3.0,1.0,0.8
2025-12-23,NVDA,-1.325185,-0.01806873083114624,-0.0031710959,3.0,10.0,0.8
2025-12-24,NVDA,1.4920728,-0.023455560207366943,0.010179788,3.0,1.0,0.8
2025-12-26,NVDA,-0.5019987,-0.026278793811798096,-0.012124096,3.0,8.0,0.8
2025-12-29,NVDA,-0.6590022,-0.0317266583442688,-0.003612839,3.0,9.0,0.8
2025-12-30,NVDA,0.41596884,-0.036769479513168335,-0.005545376,3.0,5.0,0.8
2025-12-31,NVDA,0.97740537,-0.038575977087020874,0.012600531,3.0,2.0,0.8
2026-01-02,NVDA,-0.7899886,-0.042154937982559204,-0.0038655344,3.0,8.0,0.8
2026-01-05,NVDA,0.014629509,-0.04269641637802124,-0.0046778615,3.0,6.0,0.8
2026-01-06,NVDA,0.8296916,-0.04127137362957001,0.009987164,3.0,3.0,0.8
2026-01-07,NVDA,-1.1227947,-0.037856221199035645,-0.02152188,3.0,9.0,0.8
2026-01-08,NVDA,-0.89115846,-0.032873451709747314,-0.00097276754,3.0,9.0,0.8
2026-01-09,NVDA,0.0402074,-0.030756205320358276,0.00043278967,3.0,5.0,0.8
2026-01-12,NVDA,0.5095575,-0.024866580963134766,0.0047042104,3.0,4.0,0.8
2026-01-13,NVDA,-0.059927024,-0.019856631755828857,-0.014369631,2.0,5.0,0.9
2026-01-14,NVDA,1.9762936,-0.013983473181724548,0.02134991,2.0,1.0,0.9
2026-01-15,NVDA,-0.66892344,-0.013667881488800049,-0.004383931,2.0,8.0,0.9
2026-01-16,NVDA,-0.8425477,-0.012130111455917358,-0.043816764,2.0,9.0,0.9
2026-01-20,NVDA,1.175824,-0.0014013200998306274,0.029482894,2.0,1.0,0.9
2026-01-21,NVDA,-0.28489393,-0.007295921444892883,0.008291414,2.0,5.0,0.9
2026-01-22,NVDA,0.60705876,-0.010685011744499207,0.015310547,2.0,4.0,0.9
2026-01-23,NVDA,-0.7274174,-0.013009816408157349,-0.0063941535,2.0,9.0,0.9
2026-01-26,NVDA,0.06562656,-0.015795260667800903,0.010993713,2.0,6.0,0.9
2026-01-27,NVDA,2.1169703,-0.018064796924591064,0.01591343,2.0,1.0,0.9
2026-01-28,NVDA,0.07085844,-0.021589219570159912,0.005169159,2.0,6.0,0.9
2026-01-29,NVDA,-0.38647872,-0.02508258819580078,-0.0071684155,2.0,7.0,0.9
2026-01-30,NVDA,-1.2240853,-0.026723191142082214,-0.028880851,2.0,10.0,0.9
2026-02-02,NVDA,-0.870466,-0.027595847845077515,-0.028392995,2.0,8.0,0.9
2026-02-03,NVDA,-0.8487246,-0.021155789494514465,-0.034102213,1.0,8.0,1.0
2026-02-04,NVDA,0.13914505,-0.014054253697395325,-0.013261405,1.0,6.0,1.0
2026-02-05,NVDA,1.4554877,-0.0018889009952545166,0.07871771,1.0,1.0,1.0
2026-02-06,NVDA,0.76919466,-0.00790742039680481,0.024971742,1.0,3.0,1.0
2026-02-09,NVDA,-0.30068776,-0.016681671142578125,-0.007893115,1.0,5.0,1.0
2026-02-10,NVDA,0.65539736,-0.019331395626068115,0.008008964,1.0,2.0,1.0
2026-02-11,NVDA,0.62705255,-0.021602869033813477,-0.016364103,3.0,3.0,0.8
2026-02-12,NVDA,-1.3051094,-0.018903717398643494,-0.022092665,3.0,9.0,0.8
2026-02-13,NVDA,0.46887606,-0.019639715552330017,0.011815522,3.0,5.0,0.8
2026-02-17,NVDA,0.72869843,-0.023215532302856445,0.01627284,3.0,3.0,0.8
2026-02-18,NVDA,0.16306977,-0.029689863324165344,-0.00042552513,3.0,6.0,0.8
2026-02-19,NVDA,0.09233559,-0.03437855839729309,0.010218334,3.0,5.0,0.8
2026-02-20,NVDA,1.0617769,-0.03865280747413635,0.009113848,4.0,2.0,0.7
2026-02-23,NVDA,0.08865704,-0.03664126992225647,0.006786747,4.0,5.0,0.7
2026-02-24,NVDA,-0.10024583,-0.03716579079627991,0.014052297,4.0,6.0,0.7
2026-02-25,NVDA,-2.140258,-0.03777535259723663,-0.054561287,3.0,10.0,0.8
2026-02-26,NVDA,-1.4855022,-0.02902388572692871,-0.041646294,2.0,10.0,0.9
2026-02-27,NVDA,1.9720689,-0.018396466970443726,0.02985495,2.0,1.0,0.9
2026-03-02,NVDA,-0.59497535,-0.017003148794174194,-0.013316636,1.0,7.0,1.0
2026-03-03,NVDA,0.37447897,-0.013579607009887695,0.01660657,1.0,4.0,1.0
2026-03-04,NVDA,-0.08406122,-0.01781584322452545,0.0016389943,1.0,5.0,1.0
2026-03-05,NVDA,-1.4712852,-0.017165273427963257,-0.03010798,1.0,10.0,1.0
2026-03-06,NVDA,0.9479794,-0.011469289660453796,0.02716222,1.0,2.0,1.0
2026-03-09,NVDA,1.3747461,-0.018649667501449585,0.011606986,1.0,1.0,1.0
2026-03-10,NVDA,0.2618936,-0.022187530994415283,0.006873707,2.0,3.0,0.9
2026-03-11,NVDA,-0.043687593,-0.025803864002227783,-0.015535038,2.0,4.0,0.9
2026-03-12,NVDA,-0.11981592,-0.02445557713508606,-0.01578035,2.0,7.0,0.9
2026-03-13,NVDA,0.6973364,-0.025890737771987915,0.016477197,2.0,3.0,0.9
2026-03-16,NVDA,-1.0375086,-0.029650285840034485,-0.0070408294,2.0,8.0,0.9
2026-03-17,NVDA,0.5784716,-0.03059302270412445,-0.008409794,2.0,3.0,0.9
2026-03-18,NVDA,-0.37370127,-0.02661004662513733,-0.010199537,2.0,8.0,0.9
2026-03-19,NVDA,-1.155675,-0.025219202041625977,-0.032818176,2.0,10.0,0.9
2026-03-20,NVDA,-0.038522247,-0.01529008150100708,0.017023792,2.0,5.0,0.9
2026-03-23,NVDA,0.24823637,-0.015760749578475952,-0.0025051173,2.0,5.0,0.9
2026-03-24,NVDA,1.4105695,-0.012896955013275146,0.019863,2.0,2.0,0.9
2026-03-25,NVDA,-0.6374335,-0.014887258410453796,-0.04163861,1.0,9.0,1.0
2026-03-26,NVDA,0.0052073696,-0.008933097124099731,-0.02172399,1.0,3.0,1.0
2026-03-27,NVDA,-0.8324913,-0.0021513551473617554,-0.014028142,1.0,8.0,1.0
2026-03-30,NVDA,0.7510169,0.0015403330326080322,0.05588184,1.0,2.0,1.0
2026-03-31,NVDA,0.07251386,-0.009479746222496033,0.0077408403,1.0,6.0,1.0
2026-04-01,NVDA,0.7807983,-0.01488262414932251,0.009331356,1.0,2.0,1.0
2026-04-02,NVDA,-0.22684695,-0.020356088876724243,0.0014093556,1.0,6.0,1.0
2026-04-06,NVDA,-0.15549739,-0.024879828095436096,0.0025895233,1.0,7.0,1.0
2026-04-07,NVDA,0.02127499,-0.025998875498771667,0.022347044,1.0,6.0,1.0
2026-04-08,NVDA,-0.096522935,-0.03381983935832977,0.010050496,1.0,4.0,1.0
2026-04-09,NVDA,0.9690939,-0.03833568096160889,0.025664771,1.0,2.0,1.0
2026-04-10,NVDA,-0.6083507,-0.04170536994934082,0.003604872,1.0,8.0,1.0
2026-04-13,NVDA,0.8370765,-0.04509478807449341,0.03803285,1.0,3.0,1.0
2026-04-14,NVDA,-0.33164117,-0.0467727929353714,0.012009626,1.0,7.0,1.0
2026-04-15,NVDA,-0.65027475,-0.04632079601287842,-0.0026147733,1.0,7.0,1.0
2026-04-16,NVDA,0.35271683,-0.0472838431596756,0.016788414,1.0,6.0,1.0
2026-04-17,NVDA,0.47345132,-0.04779845476150513,0.0018841818,1.0,4.0,1.0
2026-04-20,NVDA,-0.4532943,-0.04910875856876373,-0.010788749,1.0,6.0,1.0
2026-04-21,NVDA,-0.28710112,-0.0512237548828125,0.013107807,1.0,6.0,1.0
2026-04-22,NVDA,-0.14772262,-0.05353167653083801,-0.014123494,2.0,7.0,0.9
2026-04-23,NVDA,1.620346,-0.054847702383995056,0.04322782,2.0,1.0,0.9
2026-04-24,NVDA,2.2295454,-0.05415476858615875,0.040044192,1.0,1.0,1.0
2026-04-27,NVDA,-0.6501929,-0.053630173206329346,-0.015881097,1.0,9.0,1.0
2026-04-28,NVDA,-1.3655455,-0.05369541049003601,-0.018389061,2.0,10.0,0.9
2026-04-29,NVDA,-0.9321884,-0.056045517325401306,-0.0462604,2.0,9.0,0.9
2026-04-30,NVDA,-0.9209534,-0.05659590661525726,-0.005612148,2.0,9.0,0.9
2026-05-01,NVDA,0.22526477,-0.0589427649974823,0.00015112563,2.0,5.0,0.9
2026-05-04,NVDA,-1.114926,-0.056023985147476196,-0.00997579,2.0,10.0,0.9
2026-05-05,NVDA,1.866877,-0.05601687729358673,0.05765907,2.0,1.0,0.9
2026-05-06,NVDA,0.9290767,-0.05288960039615631,0.017658692,2.0,2.0,0.9
2026-05-07,NVDA,0.43391407,-0.04414680600166321,0.017494075,1.0,4.0,1.0
2026-05-08,NVDA,0.8033737,-0.04034578800201416,0.019702606,1.0,3.0,1.0
2026-05-11,NVDA,0.66036814,-0.039470285177230835,0.006106455,2.0,5.0,0.9
2026-05-12,NVDA,0.62602025,-0.0393744558095932,0.022873446,2.0,3.0,0.9
2026-05-13,NVDA,1.5506686,-0.04201337695121765,0.04388259,2.0,2.0,0.9
2026-05-14,NVDA,-1.2358093,-0.04497930407524109,-0.044201188,4.0,9.0,0.7
2026-05-15,NVDA,-0.7796646,-0.04695869982242584,-0.013314421,4.0,9.0,0.7
2026-05-18,NVDA,0.34687757,-0.0505359023809433,-0.0076916846,5.0,3.0,0.6
2026-05-19,NVDA,0.1909498,-0.052854880690574646,0.0129640885,5.0,5.0,0.6
2026-05-20,NVDA,-1.9270853,-0.05398291349411011,-0.017720519,6.0,10.0,0.5
2026-05-21,NVDA,-1.6416959,-0.053146809339523315,-0.01904243,6.0,10.0,0.5
2026-05-22,NVDA,-0.21087885,-0.04836475849151611,-0.0021826485,6.0,7.0,0.5
2026-05-26,NVDA,-0.71987027,-0.038451433181762695,-0.010518506,5.0,8.0,0.6
2026-05-27,NVDA,0.15370934,-0.029756277799606323,0.0077609965,5.0,4.0,0.6
2026-05-28,NVDA,-0.63758606,-0.020636767148971558,-0.014515672,4.0,9.0,0.7
2026-05-29,NVDA,1.7530982,-0.008766904473304749,0.062612474,1.0,1.0,1.0
2026-06-01,NVDA,-0.24473101,-0.008184805512428284,-0.006864018,2.0,7.0,0.9
2026-06-02,NVDA,-1.2672014,-0.005176633596420288,-0.036217548,2.0,10.0,0.9
2026-06-03,NVDA,0.47483578,-0.004831522703170776,0.019393936,2.0,3.0,0.9
2026-06-04,NVDA,-0.94792145,-0.005947083234786987,-0.06201409,2.0,8.0,0.9
2026-06-05,NVDA,0.6278637,0.0038695931434631348,0.017259864,2.0,3.0,0.9
2026-06-08,NVDA,0.66981184,-0.0031995177268981934,-0.0021568078,2.0,4.0,0.9
2026-06-09,NVDA,-0.865249,-0.0027751922607421875,-0.03732171,3.0,8.0,0.8
2026-06-10,NVDA,0.533248,-0.0015661120414733887,0.022203356,3.0,3.0,0.8
2026-06-11,NVDA,0.021998197,-0.004750549793243408,0.0015620348,3.0,5.0,0.8
2026-06-12,NVDA,0.69200224,-0.008357733488082886,0.035381798,3.0,2.0,0.8
2026-06-15,NVDA,-0.9444653,-0.009402737021446228,-0.023723211,4.0,9.0,0.7
2026-06-16,NVDA,0.08090448,-0.00835949182510376,-0.013307036,3.0,5.0,0.8
2026-06-17,NVDA,0.8504718,-0.005181044340133667,0.02951388,3.0,2.0,0.8
2026-06-18,NVDA,0.30593312,-0.007381424307823181,-0.009682544,3.0,5.0,0.8
2026-06-22,NVDA,-1.2256299,-0.010658219456672668,-0.04126526,3.0,9.0,0.8
2026-06-23,NVDA,0.25053304,-0.007062971591949463,-0.0051989406,3.0,6.0,0.8
2026-06-24,NVDA,0.04756844,-0.008262664079666138,-0.016381867,3.0,6.0,0.8
2026-06-25,NVDA,-0.7219373,-0.007965534925460815,-0.01639935,3.0,7.0,0.8
2026-06-26,NVDA,-0.24432482,-0.00587889552116394,0.012673341,2.0,6.0,0.9
2026-06-29,NVDA,1.2845142,-0.006620928645133972,0.02626043,2.0,2.0,0.9
2026-06-30,NVDA,-0.9309927,-0.0073239803314208984,-0.012544317,2.0,9.0,0.9
2026-07-01,NVDA,-0.14383882,-0.00615420937538147,-0.013918369,2.0,7.0,0.9
2026-07-02,NVDA,-0.6132493,-0.005276814103126526,0.0036955152,1.0,8.0,1.0
2026-07-06,NVDA,0.17129734,-0.004369646310806274,0.007056972,1.0,4.0,1.0
2026-07-07,NVDA,1.5053422,-0.0024232566356658936,0.036510423,1.0,2.0,1.0
2026-07-08,NVDA,-0.80284566,-0.00876547396183014,-0.0065647596,1.0,8.0,1.0
2026-07-09,NVDA,1.3690012,-0.016905009746551514,0.04033934,1.0,2.0,1.0
2026-07-10,NVDA,-1.0927706,-0.02503994107246399,-0.03522,1.0,9.0,1.0
2026-07-13,NVDA,1.9350996,-0.027601763606071472,0.04063291,1.0,1.0,1.0
2026-07-14,NVDA,-0.91360027,-0.0344536155462265,0.0033049379,1.0,8.0,1.0
2026-07-15,NVDA,-0.42440996,-0.04092566668987274,-0.023999998,1.0,7.0,1.0
2026-07-16,NVDA,-0.73121405,-0.04320836067199707,-0.022131147,1.0,8.0,1.0
2026-07-17,NVDA,0.025791252,-0.04080626368522644,0.0023174782,1.0,6.0,1.0
2026-07-20,NVDA,0.7768289,-0.043906450271606445,0.019726438,1.0,4.0,1.0
2026-07-21,NVDA,1.2903868,-0.04770243167877197,0.023011291,1.0,2.0,1.0
2026-07-22,NVDA,0.39156193,-0.04907028377056122,-0.0155617,1.0,5.0,1.0
2026-07-23,NVDA,-0.3470235,-0.047782063484191895,-0.00919713,2.0,7.0,0.9
2026-07-24,NVDA,-2.3265586,-0.046655118465423584,-0.04994197,2.0,10.0,0.9
2026-07-27,NVDA,0.03675149,-0.04453518986701965,0.0025443707,2.0,5.0,0.9
2026-07-28,NVDA,-1.0995711,-0.04049356281757355,-0.035531174,2.0,10.0,0.9
2026-07-29,NVDA,0.075617544,-0.027301400899887085,0.02647224,1.0,5.0,1.0
2026-07-30,NVDA,0.0845046,-0.029924914240837097,0.029276103,1.0,5.0,1.0
2026-07-31,NVDA,0.13253269,-0.03144177794456482,0.029340006,1.0,6.0,1.0
2026-08-03,NVDA,0.5381013,-0.03259427845478058,0.025648428,2.0,2.0,0.9
2026-08-04,NVDA,2.0185392,-0.03520342707633972,0.03434936,2.0,1.0,0.9
2026-08-05,NVDA,-0.3205789,-0.03798544406890869,-0.0010491442,2.0,6.0,0.9
2026-08-06,NVDA,1.2469872,-0.04066824913024902,0.02269511,2.0,2.0,0.9
2026-08-07,NVDA,-1.6522655,-0.04484426975250244,-0.028621234,2.0,10.0,0.9
2026-08-10,NVDA,0.47046113,-0.04912868142127991,-0.00022982257,2.0,5.0,0.9
2026-08-11,NVDA,2.0186136,-0.0528726726770401,0.030298814,3.0,1.0,0.8
2026-08-12,NVDA,-0.18729483,-0.05770900845527649,0.0053996895,3.0,6.0,0.8
2026-08-13,NVDA,0.29964688,-0.06080217659473419,-0.0006214083,3.0,4.0,0.8
2026-08-14,NVDA,0.487553,-0.06331388652324677,-0.0006662328,3.0,2.0,0.8
2026-08-17,NVDA,-0.793924,-0.06291615217924118,-0.023421135,5.0,8.0,0.6
2026-08-18,NVDA,-0.4991076,-0.06216330826282501,-0.00992083,5.0,8.0,0.6
2026-08-19,NVDA,0.45702505,-0.06068161129951477,-0.0032634288,5.0,4.0,0.6
2026-08-20,NVDA,-0.8847212,-0.05609749257564545,-0.009822481,5.0,10.0,0.6
2026-08-21,NVDA,-1.2531033,-0.05184178054332733,-0.029061133,4.0,9.0,0.7
2026-08-24,NVDA,1.58556,-0.04349321126937866,0.021920586,5.0,1.0,0.6
2026-08-25,NVDA,-1.1415339,-0.04000455141067505,-0.015911778,4.0,10.0,0.7
2026-08-26,NVDA,2.2963178,-0.030335232615470886,0.08737952,4.0,1.0,0.7
2026-08-27,NVDA,-2.142579,-0.03211255371570587,-0.045749597,4.0,10.0,0.7
2026-08-28,NVDA,0.52650553,-0.02543039619922638,0.0148471845,2.0,3.0,0.9
2026-08-31,NVDA,-0.6168244,-0.026092857122421265,-0.015128141,2.0,8.0,0.9
2026-09-01,NVDA,2.0481963,-0.02609071135520935,0.032054793,2.0,1.0,0.9
2026-09-02,NVDA,0.14618133,-0.031753480434417725,0.018002728,3.0,4.0,0.8
2026-09-03,NVDA,1.0192772,-0.0378866046667099,0.008360702,4.0,2.0,0.7
2026-09-04,NVDA,-1.0647793,-0.04163190722465515,-0.020099007,5.0,10.0,0.6
2026-09-08,NVDA,-0.44387636,-0.04495592415332794,-0.009125929,6.0,7.0,0.5
2026-09-09,NVDA,-1.3330827,-0.047491297125816345,-0.022647917,7.0,10.0,0.4
2026-09-10,NVDA,-1.3055918,-0.04666486382484436,-0.00032060506,7.0,10.0,0.4
2025-01-22,TSLA,-1.2045971,-0.0967845618724823,-0.006576523,9.0,10.0,0.2
2025-01-23,TSLA,-0.73254067,-0.10517533868551254,-0.014064742,9.0,9.0,0.2
2025-01-24,TSLA,0.16980971,-0.11067219078540802,-0.02319345,9.0,7.0,0.2
2025-01-27,TSLA,-0.690027,-0.11108549684286118,0.0023668702,9.0,9.0,0.2
2025-01-28,TSLA,-1.0575249,-0.11419829726219177,-0.022582809,9.0,9.0,0.2
2025-01-29,TSLA,0.778684,-0.1109231561422348,0.028732954,9.0,2.0,0.2
2025-01-30,TSLA,0.58453214,-0.1051192656159401,0.010792464,9.0,4.0,0.2
2025-01-31,TSLA,-1.9568298,-0.10230287164449692,-0.05170542,9.0,10.0,0.2
2025-02-03,TSLA,0.6062369,-0.09773038327693939,0.022232065,8.0,3.0,0.3
2025-02-04,TSLA,-0.9134001,-0.09994618594646454,-0.035797093,8.0,9.0,0.3
2025-02-05,TSLA,-1.1763659,-0.09487687051296234,-0.010180622,8.0,9.0,0.3
2025-02-06,TSLA,-0.8775976,-0.0917862206697464,-0.033928223,8.0,8.0,0.2222222222222222
2025-02-07,TSLA,-1.6909227,-0.08716224133968353,-0.030114442,8.0,9.0,0.2222222222222222
2025-02-10,TSLA,-2.4549456,-0.0813182070851326,-0.06338212,8.0,9.0,0.2222222222222222
2025-02-11,TSLA,1.5800765,-0.06962329149246216,0.024383591,8.0,1.0,0.2222222222222222
2025-02-12,TSLA,2.23846,-0.06707360595464706,0.057739716,8.0,1.0,0.2222222222222222
2025-02-13,TSLA,-0.13563703,-0.06784389168024063,-0.00028096337,8.0,5.0,0.2222222222222222
2025-02-14,TSLA,-0.38312715,-0.0649237260222435,-0.0048617665,7.0,6.0,0.3333333333333333
2025-02-18,TSLA,1.6713667,-0.06555433571338654,0.018214714,8.0,1.0,0.3
2025-02-19,TSLA,-0.5786441,-0.06614574790000916,-0.017084545,8.0,9.0,0.3
2025-02-20,TSLA,-1.5944239,-0.06680785864591599,-0.046839748,8.0,10.0,0.3
2025-02-21,TSLA,-0.3618847,-0.057808294892311096,-0.02152158,8.0,7.0,0.3
2025-02-24,TSLA,-2.6152654,-0.0536244660615921,-0.083895594,8.0,10.0,0.3
2025-02-25,TSLA,-1.5807378,-0.044157952070236206,-0.03963012,7.0,10.0,0.4
2025-02-26,TSLA,-0.072762154,-0.04195782542228699,-0.030433204,6.0,8.0,0.5
2025-02-27,TSLA,1.740442,-0.03937363624572754,0.039120406,7.0,2.0,0.4
2025-02-28,TSLA,0.2124226,-0.04254700243473053,-0.028432032,8.0,6.0,0.3
2025-03-03,TSLA,-1.6404474,-0.0380578488111496,-0.044299968,8.0,10.0,0.3
2025-03-04,TSLA,0.79487526,-0.03565460443496704,0.025952056,8.0,2.0,0.3
2025-03-05,TSLA,-1.0184944,-0.038460567593574524,-0.05607307,8.0,8.0,0.3
2025-03-06,TSLA,-0.45316467,-0.03337734937667847,-0.002960709,8.0,6.0,0.3
2025-03-07,TSLA,-2.426908,-0.0353388786315918,-0.15426207,8.0,10.0,0.3
2025-03-10,TSLA,1.5470232,-0.030037790536880493,0.037947368,8.0,1.0,0.3
2025-03-11,TSLA,1.9028313,-0.035543352365493774,0.07593891,8.0,1.0,0.3
2025-03-12,TSLA,-0.6576166,-0.043856263160705566,-0.029868208,8.0,8.0,0.3
2025-03-13,TSLA,0.92232496,-0.04345664381980896,0.038640533,8.0,2.0,0.3
2025-03-14,TSLA,-2.3771086,-0.045586228370666504,-0.047883835,8.0,10.0,0.3
2025-03-17,TSLA,-1.8043547,-0.045609354972839355,-0.05335909,8.0,10.0,0.3
2025-03-18,TSLA,2.1250682,-0.042415156960487366,0.04682439,7.0,1.0,0.4
2025-03-19,TSLA,0.4644885,-0.039819955825805664,0.0016958955,7.0,4.0,0.4
2025-03-20,TSLA,2.4673364,-0.03912031650543213,0.052696235,7.0,1.0,0.4
2025-03-21,TSLA,2.5933397,-0.03956535458564758,0.1193358,7.0,1.0,0.4
2025-03-24,TSLA,1.9042054,-0.04889674484729767,0.035022806,7.0,1.0,0.4
2025-03-25,TSLA,-1.2977067,-0.055925533175468445,-0.05580626,7.0,9.0,0.4
2025-03-26,TSLA,0.8606976,-0.05875858664512634,0.003932983,8.0,2.0,0.3
2025-03-27,TSLA,-0.4692429,-0.05859270691871643,-0.035074934,7.0,7.0,0.4
2025-03-28,TSLA,-1.2220355,-0.05797363817691803,-0.016657121,8.0,10.0,0.3
2025-03-31,TSLA,2.065365,-0.05922895669937134,0.03588512,8.0,1.0,0.3
2025-04-01,TSLA,2.4582984,-0.06637325882911682,0.05326685,8.0,1.0,0.3
2025-04-02,TSLA,0.5679256,-0.06900329887866974,-0.05474611,9.0,4.0,0.2
2025-04-03,TSLA,-1.9439111,-0.07011057436466217,-0.10419787,9.0,10.0,0.2
2025-04-04,TSLA,-1.1964041,-0.05335193872451782,-0.025644237,9.0,9.0,0.2
2025-04-07,TSLA,-1.5190271,-0.045819997787475586,-0.048994783,9.0,9.0,0.2
2025-04-08,TSLA,1.6668534,-0.03998206555843353,0.22689989,9.0,1.0,0.2
2025-04-09,TSLA,-1.2810869,-0.050648078322410583,-0.0727407,9.0,10.0,0.2
2025-04-10,TSLA,-1.424362,-0.048543065786361694,-0.00035656235,7.0,9.0,0.4
2025-04-11,TSLA,0.22792296,-0.05296674370765686,0.000158569,8.0,4.0,0.3
2025-04-14,TSLA,1.0774231,-0.05689811706542969,0.006974418,8.0,2.0,0.3
2025-04-15,TSLA,-0.8784528,-0.05627521872520447,-0.049427405,8.0,9.0,0.3
2025-04-16,TSLA,0.16931547,-0.05135953426361084,-0.00074522017,7.0,4.0,0.4
2025-04-17,TSLA,-2.072439,-0.054003238677978516,-0.057463627,7.0,10.0,0.4
2025-04-21,TSLA,2.094837,-0.0500418096780777,0.046021983,7.0,1.0,0.4
2025-04-22,TSLA,1.3359747,-0.05473241209983826,0.053662244,8.0,1.0,0.3
2025-04-23,TSLA,0.353044,-0.062058910727500916,0.034976486,8.0,3.0,0.3
2025-04-24,TSLA,2.520235,-0.059057459235191345,0.09803091,8.0,1.0,0.3
2025-04-25,TSLA,0.76069665,-0.06429877877235413,0.0032637047,8.0,3.0,0.3
2025-04-28,TSLA,2.2159686,-0.06130984425544739,0.021512501,8.0,1.0,0.3
2025-04-29,TSLA,-1.9017063,-0.059788137674331665,-0.033797882,7.0,10.0,0.4
2025-04-30,TSLA,-1.1766924,-0.058627545833587646,-0.0058123567,8.0,10.0,0.3
2025-05-01,TSLA,0.37813428,-0.06184062361717224,0.023848576,8.0,4.0,0.3
2025-05-02,TSLA,-0.9388979,-0.06632488965988159,-0.024198258,8.0,8.0,0.3
2025-05-05,TSLA,-1.1710323,-0.07330301403999329,-0.01751946,9.0,9.0,0.2
2025-05-06,TSLA,0.07563855,-0.07745927572250366,0.0031595973,9.0,5.0,0.2
2025-05-07,TSLA,2.031162,-0.08230122178792953,0.031134624,9.0,1.0,0.2
2025-05-08,TSLA,2.589431,-0.0862760990858078,0.047187705,9.0,1.0,0.2
2025-05-09,TSLA,0.6831625,-0.08420257270336151,0.06745791,9.0,3.0,0.2
2025-05-12,TSLA,1.258722,-0.07563979178667068,0.04928074,7.0,2.0,0.4
2025-05-13,TSLA,1.4348168,-0.06991872936487198,0.04073992,6.0,2.0,0.5
2025-05-14,TSLA,-0.6995063,-0.06473073363304138,-0.0139783295,6.0,8.0,0.5
2025-05-15,TSLA,1.8580333,-0.06525411456823349,0.020885605,6.0,1.0,0.5
2025-05-16,TSLA,-1.7459521,-0.06674158573150635,-0.022544187,6.0,10.0,0.5
2025-05-19,TSLA,1.3469948,-0.0767926573753357,0.0050571808,6.0,1.0,0.5
2025-05-20,TSLA,-1.0388266,-0.0898040309548378,-0.026758222,7.0,10.0,0.4
2025-05-21,TSLA,1.7895268,-0.10563357919454575,0.019185983,8.0,1.0,0.3
2025-05-22,TSLA,0.6108516,-0.11942915618419647,-0.004984788,8.0,3.0,0.3
2025-05-23,TSLA,2.5247493,-0.13344527781009674,0.069399476,9.0,1.0,0.2
2025-05-27,TSLA,-1.3862171,-0.1391935646533966,-0.016506435,9.0,10.0,0.2
2025-05-28,TSLA,-0.18179713,-0.14728745818138123,0.004286912,10.0,5.0,0.1
2025-05-29,TSLA,-2.0038648,-0.150618314743042,-0.033395648,10.0,10.0,0.1
2025-05-30,TSLA,-1.1934409,-0.15826278924942017,-0.010881456,10.0,9.0,0.1
2025-06-02,TSLA,-0.10104449,-0.16367724537849426,0.0046105417,10.0,6.0,0.1
2025-06-03,TSLA,-2.0211084,-0.17061451077461243,-0.0354954,10.0,10.0,0.1
2025-06-04,TSLA,-2.8147948,-0.17034707963466644,-0.14259894,10.0,10.0,0.1
2025-06-05,TSLA,0.9378857,-0.16329437494277954,0.036670186,10.0,1.0,0.1
2025-06-06,TSLA,2.320854,-0.14976443350315094,0.045537613,10.0,1.0,0.1
2025-06-09,TSLA,2.5873065,-0.12553906440734863,0.056743827,10.0,1.0,0.1
2025-06-10,TSLA,0.119227,-0.10425619035959244,0.0010426458,8.0,4.0,0.3
2025-06-11,TSLA,-2.1117258,-0.08761187642812729,-0.022424433,8.0,10.0,0.3
2025-06-12,TSLA,1.6331923,-0.06673155725002289,0.019429076,8.0,2.0,0.3
2025-06-13,TSLA,-0.40373737,-0.055949240922927856,0.011742668,8.0,7.0,0.3
2025-06-16,TSLA,-2.37481,-0.06058986485004425,-0.038829636,8.0,10.0,0.3
2025-06-17,TSLA,1.3866348,-0.06480038166046143,0.01801796,8.0,1.0,0.3
2025-06-18,TSLA,0.31777596,-0.07492508739233017,0.00034161116,8.0,4.0,0.3
2025-06-20,TSLA,2.4538052,-0.086491160094738,0.08231931,9.0,1.0,0.2
2025-06-23,TSLA,-1.4217296,-0.09535151720046997,-0.02354592,9.0,9.0,0.2
2025-06-24,TSLA,-2.0426576,-0.09628824889659882,-0.037947584,9.0,10.0,0.2
2025-06-25,TSLA,-1.6856673,-0.08753000944852829,-0.0054037217,9.0,10.0,0.2
2025-06-26,TSLA,-0.9032426,-0.08328159153461456,-0.006599527,9.0,10.0,0.2
2025-06-27,TSLA,-1.2053516,-0.08079367876052856,-0.018446995,9.0,10.0,0.2
2025-06-30,TSLA,-1.7557826,-0.08066870272159576,-0.053358976,9.0,10.0,0.2
2025-07-01,TSLA,2.084657,-0.07819615304470062,0.049682427,9.0,1.0,0.2
2025-07-02,TSLA,-1.7822778,-0.07898127287626266,-0.0009503811,9.0,10.0,0.2
2025-07-03,TSLA,-2.7098708,-0.08131995797157288,-0.06789283,9.0,10.0,0.2
2025-07-07,TSLA,0.87985694,-0.0850490853190422,0.013165936,9.0,2.0,0.2
2025-07-08,TSLA,-1.6438948,-0.08245699107646942,-0.0064806174,9.0,10.0,0.2
2025-07-09,TSLA,2.4489691,-0.07523932307958603,0.047282647,9.0,1.0,0.2
2025-07-10,TSLA,1.0234053,-0.07213898003101349,0.0117469095,9.0,3.0,0.2
2025-07-11,TSLA,1.2427855,-0.07435917854309082,0.010813002,9.0,1.0,0.2
2025-07-14,TSLA,-1.2403971,-0.07647644728422165,-0.01931207,9.0,10.0,0.2
2025-07-15,TSLA,2.4954166,-0.07940588891506195,0.03504091,9.0,1.0,0.2
2025-07-16,TSLA,-1.3172698,-0.08248366415500641,-0.007025864,9.0,10.0,0.2
2025-07-17,TSLA,1.8137838,-0.08777064830064774,0.032059077,9.0,1.0,0.2
2025-07-18,TSLA,-0.98714924,-0.09115533530712128,-0.0035188948,9.0,9.0,0.2
2025-07-21,TSLA,1.1049982,-0.09897417575120926,0.011020108,9.0,1.0,0.2
2025-07-22,TSLA,-0.7208325,-0.10036207735538483,0.0013550096,9.0,7.0,0.2
2025-07-23,TSLA,-2.7580311,-0.10045875608921051,-0.0819702,9.0,10.0,0.2
2025-07-24,TSLA,2.6579454,-0.0972227081656456,0.035244055,9.0,1.0,0.2
2025-07-25,TSLA,2.0877037,-0.09205050766468048,0.0301525,9.0,1.0,0.2
2025-07-28,TSLA,-0.80319405,-0.09177983552217484,-0.013483167,9.0,9.0,0.2
2025-07-29,TSLA,-0.7513657,-0.09527845680713654,-0.006724793,9.0,7.0,0.2
2025-07-30,TSLA,-0.89951783,-0.09921948611736298,-0.033757582,9.0,10.0,0.2
2025-07-31,TSLA,0.43247816,-0.10025877505540848,-0.0182956,9.0,5.0,0.2
2025-08-01,TSLA,0.2689053,-0.09571783244609833,0.021907955,9.0,6.0,0.2
2025-08-04,TSLA,0.5499939,-0.09669748693704605,-0.0017461312,9.0,3.0,0.2
2025-08-05,TSLA,0.93625164,-0.09845840930938721,0.036246445,9.0,3.0,0.2
2025-08-06,TSLA,0.41131982,-0.10190829634666443,0.007377029,9.0,3.0,0.2
2025-08-07,TSLA,0.74575573,-0.1052909791469574,0.02290007,9.0,3.0,0.2
2025-08-08,TSLA,2.6906216,-0.10236801207065582,0.028454436,8.0,1.0,0.3
2025-08-11,TSLA,-0.67793286,-0.09894174337387085,0.0053387536,8.0,8.0,0.3
2025-08-12,TSLA,-0.14869897,-0.09717564284801483,-0.0042835097,8.0,4.0,0.3
2025-08-13,TSLA,-1.5013969,-0.0972796380519867,-0.011196942,8.0,10.0,0.3
2025-08-14,TSLA,-1.2902862,-0.09927330911159515,-0.0149591435,8.0,9.0,0.3
2025-08-15,TSLA,1.480702,-0.10122735053300858,0.013915798,8.0,1.0,0.3
2025-08-18,TSLA,-0.2148162,-0.10208277404308319,-0.017454369,8.0,7.0,0.3
2025-08-19,TSLA,-0.8645269,-0.10366767644882202,-0.016428301,8.0,8.0,0.3
2025-08-20,TSLA,-1.3501388,-0.10199616104364395,-0.0117011685,8.0,10.0,0.3
2025-08-21,TSLA,2.4725206,-0.10183078050613403,0.06216621,8.0,1.0,0.3
2025-08-22,TSLA,1.9747716,-0.10246150940656662,0.01938177,9.0,1.0,0.2
2025-08-25,TSLA,1.2057674,-0.10137484967708588,0.014627834,9.0,1.0,0.2
2025-08-26,TSLA,-1.2829553,-0.10102827847003937,-0.005886221,9.0,9.0,0.2
2025-08-27,TSLA,-1.5425369,-0.10203143209218979,-0.010354677,9.0,10.0,0.2
2025-08-28,TSLA,-1.3135059,-0.10383342206478119,-0.035002068,9.0,9.0,0.2
2025-08-29,TSLA,-0.8035568,-0.10870010405778885,-0.013508281,10.0,8.0,0.1
2025-09-02,TSLA,0.0181631,-0.10811950266361237,0.0143612195,10.0,3.0,0.1
2025-09-03,TSLA,0.053115275,-0.111533023416996,0.01328984,10.0,4.0,0.1
2025-09-04,TSLA,0.8811702,-0.11333709955215454,0.03636309,10.0,2.0,0.1
2025-09-05,TSLA,-1.2792772,-0.11479368805885315,-0.0126553485,10.0,10.0,0.1
2025-09-08,TSLA,-0.22777982,-0.10550861060619354,0.0016455177,9.0,7.0,0.2
2025-09-09,TSLA,-0.15491813,-0.09851524233818054,0.002363338,9.0,6.0,0.2
2025-09-10,TSLA,2.4190736,-0.09272946417331696,0.060438737,9.0,1.0,0.2
2025-09-11,TSLA,2.6801956,-0.09188462793827057,0.07356092,9.0,1.0,0.2
2025-09-12,TSLA,1.4461095,-0.09322427213191986,0.035611473,9.0,2.0,0.2
2025-09-15,TSLA,1.5621355,-0.09649287909269333,0.028241115,9.0,1.0,0.2
2025-09-16,TSLA,0.9996508,-0.09905288368463516,0.010056426,9.0,1.0,0.2
2025-09-17,TSLA,-1.4946624,-0.09672902524471283,-0.02115714,8.0,10.0,0.3
2025-09-18,TSLA,1.107091,-0.10310463607311249,0.02211827,8.0,2.0,0.3
2025-09-19,TSLA,0.73403645,-0.11249120533466339,0.019104805,9.0,3.0,0.2
2025-09-22,TSLA,-0.69897497,-0.12458031624555588,-0.019253323,9.0,8.0,0.2
2025-09-23,TSLA,2.4756925,-0.13595402240753174,0.039779272,10.0,1.0,0.1
2025-09-24,TSLA,-2.2850363,-0.14051656424999237,-0.04381308,10.0,10.0,0.1
2025-09-25,TSLA,2.4501429,-0.14622707664966583,0.040175673,10.0,1.0,0.1
2025-09-26,TSLA,0.58021796,-0.14333096146583557,0.0063805575,10.0,3.0,0.1
2025-09-29,TSLA,0.2788074,-0.14355060458183289,0.003406985,10.0,4.0,0.1
2025-09-30,TSLA,2.0383549,-0.14301751554012299,0.03314443,10.0,1.0,0.1
2025-10-01,TSLA,-2.5394075,-0.1440141648054123,-0.051059924,10.0,10.0,0.1
2025-10-02,TSLA,-0.98050225,-0.14537861943244934,-0.014151407,10.0,9.0,0.1
2025-10-03,TSLA,2.33253,-0.1465180367231369,0.054486692,10.0,1.0,0.1
2025-10-06,TSLA,-2.545383,-0.15202444791793823,-0.044478774,10.0,10.0,0.1
2025-10-07,TSLA,0.4593658,-0.15314975380897522,0.012930352,10.0,4.0,0.1
2025-10-08,TSLA,-0.5894719,-0.15541568398475647,-0.007180455,10.0,7.0,0.1
2025-10-09,TSLA,-0.9320033,-0.15161895751953125,-0.050626848,10.0,9.0,0.1
2025-10-10,TSLA,0.8737109,-0.1270981729030609,0.05419721,10.0,2.0,0.1
2025-10-13,TSLA,-0.11002312,-0.11950088292360306,-0.015278743,10.0,6.0,0.1
2025-10-14,TSLA,0.5922483,-0.10072432458400726,0.0137685295,9.0,3.0,0.2
2025-10-15,TSLA,-0.95445067,-0.08729805052280426,-0.014707558,9.0,9.0,0.2
2025-10-16,TSLA,1.5777448,-0.07531756907701492,0.024629733,9.0,1.0,0.2
2025-10-17,TSLA,0.43307984,-0.0762067586183548,0.01848352,9.0,3.0,0.2
2025-10-20,TSLA,-0.41936967,-0.07262453436851501,-0.010794955,8.0,7.0,0.3
2025-10-21,TSLA,-0.41570693,-0.07015034556388855,-0.008201547,8.0,7.0,0.3
2025-10-22,TSLA,2.0208519,-0.06706884503364563,0.022803403,8.0,1.0,0.3
2025-10-23,TSLA,-2.3523731,-0.068860724568367,-0.03398817,7.0,10.0,0.4
2025-10-24,TSLA,1.8578084,-0.06842605769634247,0.043115404,7.0,1.0,0.4
2025-10-27,TSLA,0.33791816,-0.06867460906505585,0.017969972,7.0,4.0,0.4
2025-10-28,TSLA,-0.6632111,-0.06961451470851898,0.002084512,8.0,7.0,0.3
2025-10-29,TSLA,-0.5896303,-0.07063369452953339,-0.0463912,8.0,9.0,0.3
2025-10-30,TSLA,0.8556895,-0.07459547370672226,0.03740057,9.0,2.0,0.2
2025-10-31,TSLA,1.1134179,-0.07892724126577377,0.02586735,9.0,2.0,0.2
2025-11-03,TSLA,-1.8199993,-0.08069398254156113,-0.051476367,8.0,10.0,0.3
2025-11-04,TSLA,1.8412064,-0.08563448488712311,0.04008913,8.0,1.0,0.3
2025-11-05,TSLA,-1.2125262,-0.09393475949764252,-0.034973063,8.0,9.0,0.3
2025-11-06,TSLA,-1.9289206,-0.09619070589542389,-0.03675633,9.0,10.0,0.2
2025-11-07,TSLA,0.7824925,-0.1043626070022583,0.036575764,9.0,3.0,0.2
2025-11-10,TSLA,-0.6708984,-0.1099138855934143,-0.0126002645,10.0,8.0,0.1
2025-11-11,TSLA,-0.9020877,-0.10786277800798416,-0.020517696,10.0,9.0,0.1
2025-11-12,TSLA,-1.8724028,-0.10639576613903046,-0.06644221,10.0,10.0,0.1
2025-11-13,TSLA,0.3548207,-0.0988665223121643,0.0058708326,8.0,5.0,0.3
2025-11-14,TSLA,1.0173717,-0.09749817848205566,0.011302108,8.0,2.0,0.3
2025-11-17,TSLA,-0.37054044,-0.09021648019552231,-0.018756757,8.0,7.0,0.3
2025-11-18,TSLA,-0.07996724,-0.08632338047027588,0.006828636,9.0,5.0,0.2
2025-11-19,TSLA,-0.6286828,-0.08558861911296844,-0.021683654,9.0,8.0,0.2
2025-11-20,TSLA,-0.76692945,-0.07637189328670502,-0.01047495,9.0,8.0,0.2
2025-11-21,TSLA,0.94528276,-0.07713520526885986,0.068245165,9.0,2.0,0.2
2025-11-24,TSLA,-0.22840744,-0.08202874660491943,0.0038776272,9.0,7.0,0.2
2025-11-25,TSLA,0.6679702,-0.08361493796110153,0.017119678,9.0,3.0,0.2
2025-11-26,TSLA,-0.05711155,-0.08692203462123871,0.008415835,9.0,7.0,0.2
2025-11-28,TSLA,0.29973173,-0.09087829291820526,-6.973703e-05,9.0,5.0,0.2
2025-12-01,TSLA,-0.42046455,-0.08662845194339752,-0.0020923987,9.0,7.0,0.2
2025-12-02,TSLA,1.98564,-0.08477775752544403,0.040769733,9.0,1.0,0.2
2025-12-03,TSLA,0.7550397,-0.08801206946372986,0.017437454,8.0,3.0,0.3
2025-12-04,TSLA,-0.2863174,-0.09244081377983093,0.0010340378,8.0,6.0,0.3
2025-12-05,TSLA,-1.6660814,-0.09824037551879883,-0.03389014,8.0,10.0,0.3
2025-12-08,TSLA,0.6922786,-0.10372044146060944,0.012716746,8.0,3.0,0.3
2025-12-09,TSLA,0.47165787,-0.10255506634712219,0.0141069675,8.0,4.0,0.3
2025-12-10,TSLA,-0.45395473,-0.10240235924720764,-0.010100781,8.0,7.0,0.3
2025-12-11,TSLA,1.1818616,-0.10300891101360321,0.027008832,9.0,1.0,0.2
2025-12-12,TSLA,1.7652935,-0.10548275709152222,0.035624035,9.0,1.0,0.2
2025-12-15,TSLA,1.8739878,-0.10712996125221252,0.030653695,9.0,1.0,0.2
2025-12-16,TSLA,-1.2931147,-0.10805477946996689,-0.046174563,9.0,10.0,0.2
2025-12-17,TSLA,1.5125829,-0.1153596043586731,0.03447756,9.0,1.0,0.2
2025-12-18,TSLA,-0.94697016,-0.11387576907873154,-0.0044892794,9.0,9.0,0.2
2025-12-19,TSLA,0.9649273,-0.11607412993907928,0.015648376,9.0,2.0,0.2
2025-12-22,TSLA,-1.691818,-0.12232481688261032,-0.0064862263,9.0,10.0,0.2
2025-12-23,TSLA,-0.585548,-0.12816300988197327,-0.000329524,10.0,7.0,0.1
2025-12-24,TSLA,-2.3346233,-0.12937031686306,-0.021034181,10.0,10.0,0.1
2025-12-26,TSLA,-2.2487178,-0.13456939160823822,-0.03272373,10.0,10.0,0.1
2025-12-29,TSLA,-2.0153604,-0.13493682444095612,-0.011335005,10.0,10.0,0.1
2025-12-30,TSLA,-1.3264153,-0.1306002289056778,-0.010364614,10.0,9.0,0.1
2025-12-31,TSLA,-1.414783,-0.12335178256034851,-0.025904994,10.0,10.0,0.1
2026-01-02,TSLA,1.2623657,-0.11594332754611969,0.03104528,9.0,1.0,0.2
2026-01-05,TSLA,-1.6500571,-0.10451225936412811,-0.041424096,9.0,10.0,0.2
2026-01-06,TSLA,-0.0588783,-0.08849430084228516,-0.0035799793,8.0,6.0,0.3
2026-01-07,TSLA,0.43894166,-0.0783395916223526,0.010175898,8.0,4.0,0.3
2026-01-08,TSLA,0.93182826,-0.0703418105840683,0.021133598,7.0,2.0,0.4
2026-01-09,TSLA,0.77827525,-0.07038980722427368,0.0088761635,7.0,3.0,0.4
2026-01-12,TSLA,0.031475484,-0.07271833717823029,-0.003920125,7.0,6.0,0.4
2026-01-13,TSLA,-0.24561942,-0.07614457607269287,-0.017889088,8.0,6.0,0.3
2026-01-14,TSLA,-0.33524603,-0.07630106806755066,-0.0014344373,8.0,6.0,0.3
2026-01-15,TSLA,-0.48300412,-0.0777425616979599,-0.002439764,8.0,7.0,0.3
2026-01-16,TSLA,-0.71707195,-0.07871825993061066,-0.041714285,8.0,8.0,0.3
2026-01-20,TSLA,1.1529313,-0.06941302865743637,0.029075736,8.0,2.0,0.3
2026-01-21,TSLA,1.3700399,-0.07290193438529968,0.041535284,9.0,2.0,0.2
2026-01-22,TSLA,-0.3323724,-0.07805535197257996,-0.000667589,9.0,6.0,0.2
2026-01-23,TSLA,-2.155098,-0.07989369332790375,-0.03086444,10.0,10.0,0.1
2026-01-26,TSLA,-1.6652325,-0.07773644477128983,-0.009880557,8.0,10.0,0.3
2026-01-27,TSLA,0.015535724,-0.07621869444847107,0.0012995999,9.0,7.0,0.2
2026-01-28,TSLA,-0.7146397,-0.07425892353057861,-0.034533896,8.0,9.0,0.3
2026-01-29,TSLA,2.1741676,-0.07012589275836945,0.033248525,8.0,1.0,0.3
2026-01-30,TSLA,-0.81767255,-0.07259893417358398,-0.019980963,9.0,8.0,0.2
2026-02-02,TSLA,0.36427733,-0.0748368501663208,0.00035559587,9.0,3.0,0.2
2026-02-03,TSLA,-0.9897501,-0.07442367076873779,-0.03779975,9.0,9.0,0.2
2026-02-04,TSLA,-0.30467469,-0.06941667199134827,-0.021674387,9.0,7.0,0.2
2026-02-05,TSLA,0.40955645,-0.0620458722114563,0.03499407,9.0,4.0,0.2
2026-02-06,TSLA,0.15137641,-0.06358795613050461,0.0151055,8.0,5.0,0.3
2026-02-09,TSLA,2.3438454,-0.06815184652805328,0.018906316,8.0,1.0,0.3
2026-02-10,TSLA,0.60745007,-0.07015486806631088,0.0071964385,8.0,3.0,0.3
2026-02-11,TSLA,-0.12597924,-0.07305622845888138,-0.026151685,8.0,5.0,0.3
2026-02-12,TSLA,1.2520386,-0.07207106053829193,0.0008871295,8.0,1.0,0.3
2026-02-13,TSLA,-1.1695098,-0.07198192924261093,-0.016313715,8.0,10.0,0.3
2026-02-17,TSLA,-0.82349885,-0.07086162269115448,0.0016803507,8.0,10.0,0.3
2026-02-18,TSLA,0.44747266,-0.07211169600486755,0.0009481283,7.0,4.0,0.4
2026-02-19,TSLA,-0.46659538,-0.07159534841775894,0.0002672169,7.0,7.0,0.4
2026-02-20,TSLA,-0.74271655,-0.07135318219661713,-0.029114712,7.0,8.0,0.4
2026-02-23,TSLA,1.4015687,-0.06503047049045563,0.023885198,6.0,1.0,0.5
2026-02-24,TSLA,0.4948458,-0.0655924528837204,0.019590573,7.0,5.0,0.4
2026-02-25,TSLA,-0.42232373,-0.06750710308551788,-0.021130828,6.0,8.0,0.5
2026-02-26,TSLA,-0.23096636,-0.0664234608411789,-0.014856275,6.0,6.0,0.5
2026-02-27,TSLA,-0.09096597,-0.0655909925699234,0.0020123662,6.0,6.0,0.5
2026-03-02,TSLA,-1.6804674,-0.06430351734161377,-0.027000928,6.0,10.0,0.5
2026-03-03,TSLA,1.4115977,-0.06193237751722336,0.034426548,7.0,2.0,0.4
2026-03-04,TSLA,-0.22314125,-0.06497929990291595,-0.0009607692,8.0,6.0,0.3
2026-03-05,TSLA,-0.6957909,-0.06675983220338821,-0.021748187,9.0,7.0,0.2
2026-03-06,TSLA,-0.41980034,-0.06461290270090103,0.0049151354,9.0,5.0,0.2
2026-03-09,TSLA,0.21053293,-0.06799167394638062,0.0014046292,9.0,6.0,0.2
2026-03-10,TSLA,1.6443515,-0.06864994764328003,0.021490876,9.0,2.0,0.2
2026-03-11,TSLA,-1.397491,-0.06865160167217255,-0.03141091,9.0,10.0,0.2
2026-03-12,TSLA,0.23141614,-0.06560434401035309,-0.009645319,8.0,5.0,0.3
2026-03-13,TSLA,-0.32854268,-0.06481996178627014,0.011145157,8.0,4.0,0.3
2026-03-16,TSLA,0.5894244,-0.06680776178836823,0.009379087,8.0,4.0,0.3
2026-03-17,TSLA,-0.4447891,-0.06954541057348251,-0.016254641,8.0,6.0,0.3
2026-03-18,TSLA,-2.2006538,-0.06616434454917908,-0.03177354,8.0,10.0,0.3
2026-03-19,TSLA,-1.1286767,-0.06264990568161011,-0.032448057,8.0,9.0,0.3
2026-03-20,TSLA,1.4020424,-0.05549630522727966,0.03503102,9.0,2.0,0.2
2026-03-23,TSLA,0.68516076,-0.056156009435653687,0.005724019,9.0,3.0,0.2
2026-03-24,TSLA,0.22876544,-0.057549864053726196,0.0076234587,9.0,4.0,0.2
2026-03-25,TSLA,-0.41241172,-0.0593891441822052,-0.035859637,10.0,8.0,0.1
2026-03-26,TSLA,-0.27825907,-0.05717399716377258,-0.027626237,10.0,6.0,0.1
2026-03-27,TSLA,-1.1332448,-0.05248524248600006,-0.01810239,9.0,9.0,0.2
2026-03-30,TSLA,0.30648014,-0.05010169744491577,0.046357807,9.0,5.0,0.2
2026-03-31,TSLA,0.8475143,-0.05457761883735657,0.025581734,9.0,2.0,0.2
2026-04-01,TSLA,-2.6818724,-0.05797779560089111,-0.054215007,9.0,10.0,0.2
2026-04-02,TSLA,-2.2164724,-0.0560208261013031,-0.021547988,9.0,10.0,0.2
2026-04-06,TSLA,-1.0386541,-0.05387316644191742,-0.017487708,7.0,9.0,0.4
2026-04-07,TSLA,-0.97933996,-0.049131572246551514,-0.009808146,7.0,9.0,0.4
2026-04-08,TSLA,-0.27153137,-0.04983802139759064,0.006904574,5.0,6.0,0.6
2026-04-09,TSLA,0.10386146,-0.04946541786193848,0.009634908,4.0,4.0,0.7
2026-04-10,TSLA,-0.06352052,-0.050736695528030396,0.009944121,4.0,5.0,0.7
2026-04-13,TSLA,0.64138335,-0.05305181443691254,0.03342602,4.0,5.0,0.7
2026-04-14,TSLA,1.9958317,-0.056404560804367065,0.0761944,4.0,1.0,0.7
2026-04-15,TSLA,-1.1087252,-0.057208433747291565,-0.0077816513,3.0,9.0,0.8
2026-04-16,TSLA,1.059971,-0.06225411593914032,0.030136285,5.0,1.0,0.6
2026-04-17,TSLA,-0.9816735,-0.06311120092868805,-0.020268572,4.0,9.0,0.7
2026-04-20,TSLA,-0.82311946,-0.06788724660873413,-0.015490412,5.0,9.0,0.6
2026-04-21,TSLA,-0.98648405,-0.07136528193950653,0.0028207554,6.0,9.0,0.5
2026-04-22,TSLA,-1.4908862,-0.07602116465568542,-0.0355862,6.0,9.0,0.5
2026-04-23,TSLA,-0.28329563,-0.07709040492773056,0.0069035282,7.0,6.0,0.4
2026-04-24,TSLA,0.13620622,-0.08211279660463333,0.0062982347,8.0,4.0,0.3
2026-04-27,TSLA,-0.13298593,-0.08470124006271362,-0.006998242,8.0,7.0,0.3
2026-04-28,TSLA,-0.6521807,-0.08568339049816132,-0.008563378,6.0,8.0,0.5
2026-04-29,TSLA,0.4636758,-0.08053169399499893,0.02368567,4.0,3.0,0.7
2026-04-30,TSLA,1.197296,-0.0775764212012291,0.024080923,4.0,2.0,0.7
2026-05-01,TSLA,0.67462707,-0.07571488618850708,0.0043242476,4.0,3.0,0.7
2026-05-04,TSLA,-0.97048706,-0.07772509753704071,-0.007999834,4.0,8.0,0.7
2026-05-05,TSLA,0.5038757,-0.08141304552555084,0.024038874,6.0,3.0,0.5
2026-05-06,TSLA,1.6693914,-0.08395403623580933,0.032753985,6.0,1.0,0.5
2026-05-07,TSLA,1.4797131,-0.08828450739383698,0.040214665,7.0,2.0,0.4
2026-05-08,TSLA,1.647428,-0.09176983684301376,0.038870066,7.0,1.0,0.4
2026-05-11,TSLA,-1.6308336,-0.09417904168367386,-0.025955029,7.0,10.0,0.4
2026-05-12,TSLA,0.8814151,-0.09951038658618927,0.027269527,9.0,2.0,0.2
2026-05-13,TSLA,-0.647138,-0.10081309080123901,-0.0044242847,9.0,9.0,0.2
2026-05-14,TSLA,-1.3496099,-0.10278947651386261,-0.047507327,9.0,10.0,0.2
2026-05-15,TSLA,-1.998041,-0.11052703857421875,-0.029011937,9.0,10.0,0.2
2026-05-18,TSLA,-0.2175878,-0.11570043861865997,-0.014341826,10.0,5.0,0.1
2026-05-19,TSLA,1.2192768,-0.12192505598068237,0.032540705,10.0,1.0,0.1
2026-05-20,TSLA,0.23577526,-0.12803998589515686,0.0014139777,10.0,5.0,0.1
2026-05-21,TSLA,1.6116647,-0.13000044226646423,0.019528547,10.0,1.0,0.1
2026-05-22,TSLA,1.1076533,-0.12579751014709473,0.017792977,10.0,2.0,0.1
2026-05-26,TSLA,0.673796,-0.11451391875743866,0.015613804,10.0,3.0,0.1
2026-05-27,TSLA,-0.16724794,-0.10928812623023987,0.00395136,10.0,6.0,0.1
2026-05-28,TSLA,-0.62858784,-0.10469619184732437,-0.014272783,10.0,8.0,0.1
2026-05-29,TSLA,-1.1599456,-0.10147538781166077,-0.04568715,10.0,9.0,0.1
2026-06-01,TSLA,0.6629273,-0.09553329646587372,0.018899648,9.0,3.0,0.2
2026-06-02,TSLA,0.2468166,-0.09298264980316162,-9.4345654e-05,10.0,3.0,0.1
2026-06-03,TSLA,-0.21545327,-0.08912715315818787,-0.012390843,10.0,9.0,0.1
2026-06-04,TSLA,-1.0739963,-0.08270494639873505,-0.06559926,8.0,9.0,0.3
2026-06-05,TSLA,1.9753926,-0.0648389458656311,0.04590796,8.0,1.0,0.3
2026-06-08,TSLA,-1.2931368,-0.06528708338737488,-0.030003715,8.0,9.0,0.3
2026-06-09,TSLA,-0.9029345,-0.054771631956100464,-0.03804073,7.0,9.0,0.4
2026-06-10,TSLA,1.5930488,-0.04709988832473755,0.04601797,6.0,1.0,0.5
2026-06-11,TSLA,1.3793803,-0.05113480985164642,0.018238755,6.0,2.0,0.5
2026-06-12,TSLA,-0.25255176,-0.05586828291416168,0.011613319,6.0,8.0,0.5
2026-06-15,TSLA,-0.593973,-0.06442193686962128,-0.01578497,7.0,8.0,0.4
2026-06-16,TSLA,-0.18521592,-0.06869542598724365,-0.020461619,7.0,6.0,0.4
2026-06-17,TSLA,-0.015965471,-0.06794752925634384,0.010368801,7.0,6.0,0.4
2026-06-18,TSLA,1.1293423,-0.07054910063743591,0.011386046,8.0,2.0,0.3
2026-06-22,TSLA,-1.9005498,-0.07455389201641083,-0.05786941,8.0,10.0,0.3
2026-06-23,TSLA,-0.91694385,-0.0667625367641449,-0.015932461,7.0,8.0,0.4
2026-06-24,TSLA,0.77405924,-0.06363982707262039,-0.0010918,7.0,3.0,0.4
2026-06-25,TSLA,0.27970657,-0.061477623879909515,0.012236075,7.0,5.0,0.4
2026-06-26,TSLA,2.193666,-0.057943195104599,0.08461722,7.0,1.0,0.4
2026-06-29,TSLA,0.88107425,-0.06583103537559509,0.02127042,8.0,3.0,0.3
2026-06-30,TSLA,-0.1413613,-0.07314759492874146,0.011174469,8.0,6.0,0.3
2026-07-01,TSLA,-1.9167416,-0.07689189910888672,-0.07488826,8.0,10.0,0.3
2026-07-02,TSLA,2.1931877,-0.07503914833068848,0.06689535,8.0,1.0,0.3
2026-07-06,TSLA,-2.1012712,-0.07685400545597076,-0.040188663,9.0,10.0,0.2
2026-07-07,TSLA,-0.80620843,-0.08473238348960876,-0.021940919,9.0,9.0,0.2
2026-07-08,TSLA,0.9446711,-0.09128832072019577,0.031695656,10.0,3.0,0.1
2026-07-09,TSLA,-0.32231706,-0.09927454590797424,0.002976318,10.0,5.0,0.1
2026-07-10,TSLA,-0.96153027,-0.10709886252880096,-0.031881496,10.0,8.0,0.1
2026-07-13,TSLA,-0.33293444,-0.11055716872215271,0.0035970788,10.0,7.0,0.1
2026-07-14,TSLA,-1.3873589,-0.10786828398704529,-0.004341464,10.0,10.0,0.1
2026-07-15,TSLA,0.23662028,-0.10271774232387543,-0.008619363,10.0,4.0,0.1
2026-07-16,TSLA,-1.055962,-0.0974273830652237,-0.0261341,10.0,9.0,0.1
2026-07-17,TSLA,-1.8523067,-0.09382139146327972,-0.02959245,9.0,10.0,0.2
2026-07-20,TSLA,1.1298281,-0.0871647298336029,0.025326692,9.0,1.0,0.2
2026-07-21,TSLA,-0.6263976,-0.08613477647304535,-0.012983884,9.0,7.0,0.2
2026-07-22,TSLA,-2.405816,-0.08511028438806534,-0.14523678,9.0,10.0,0.2
2026-07-23,TSLA,-0.99525934,-0.07694926112890244,-0.020832693,8.0,9.0,0.3
2026-07-24,TSLA,-0.50502604,-0.06727521121501923,-0.0121713495,7.0,8.0,0.4
2026-07-27,TSLA,-0.814452,-0.060651227831840515,-0.0057564154,5.0,8.0,0.6
2026-07-28,TSLA,-0.8011898,-0.05844952166080475,-0.029664308,4.0,8.0,0.7
2026-07-29,TSLA,0.2239648,-0.0552535355091095,0.035297662,4.0,4.0,0.7
2026-07-30,TSLA,-0.28712884,-0.060170963406562805,0.0076412023,5.0,6.0,0.6
2026-07-31,TSLA,0.34308007,-0.06345868110656738,0.03492817,6.0,5.0,0.5
2026-08-03,TSLA,0.14603032,-0.06935162842273712,0.016362457,8.0,4.0,0.3
2026-08-04,TSLA,-0.61817783,-0.07348579168319702,-0.017718095,8.0,9.0,0.3
2026-08-05,TSLA,-0.7488664,-0.07516156136989594,-0.006282037,8.0,8.0,0.3
2026-08-06,TSLA,1.6812663,-0.07660326361656189,0.02832281,8.0,1.0,0.3
2026-08-07,TSLA,0.15130936,-0.07403300702571869,0.0069998736,8.0,5.0,0.3
2026-08-10,TSLA,0.8880564,-0.07626571506261826,0.005832908,7.0,3.0,0.4
2026-08-11,TSLA,-0.5408923,-0.07717043161392212,-0.015924966,6.0,7.0,0.5
2026-08-12,TSLA,2.0040889,-0.07603621482849121,0.03801405,6.0,1.0,0.5
2026-08-13,TSLA,0.6797786,-0.0750519335269928,0.00679491,6.0,2.0,0.5
2026-08-14,TSLA,-0.05683819,-0.07663361728191376,-0.008677363,6.0,8.0,0.5
2026-08-17,TSLA,-0.03406485,-0.0794445052742958,-0.0071617826,7.0,7.0,0.4
2026-08-18,TSLA,1.6338197,-0.07807732373476028,0.042301185,7.0,1.0,0.4
2026-08-19,TSLA,-0.8902942,-0.07881216704845428,-0.017059667,7.0,8.0,0.4
2026-08-20,TSLA,2.5468438,-0.08477432280778885,0.05137189,8.0,1.0,0.3
2026-08-21,TSLA,-1.7086505,-0.08489114791154861,-0.038334273,8.0,10.0,0.3
2026-08-24,TSLA,0.13442943,-0.0907660499215126,0.003725427,9.0,4.0,0.2
2026-08-25,TSLA,-0.8455744,-0.09386777877807617,-0.012648088,9.0,7.0,0.2
2026-08-26,TSLA,0.39164126,-0.09953150898218155,0.025996154,9.0,3.0,0.2
2026-08-27,TSLA,-0.9161718,-0.10064559429883957,-0.017079556,9.0,9.0,0.2
2026-08-28,TSLA,2.1730704,-0.10367006808519363,0.055053797,9.0,1.0,0.2
2026-08-31,TSLA,-1.5368572,-0.10416118800640106,-0.032232683,9.0,10.0,0.2
2026-09-01,TSLA,-0.19551748,-0.10755844414234161,0.0025836541,10.0,5.0,0.1
2026-09-02,TSLA,1.773122,-0.10798019915819168,0.05422813,10.0,1.0,0.1
2026-09-03,TSLA,-2.310141,-0.10929141938686371,-0.05922366,10.0,10.0,0.1
2026-09-04,TSLA,1.9882135,-0.1091005727648735,0.039765075,10.0,1.0,0.1
2026-09-08,TSLA,-0.12271799,-0.1131046861410141,-0.0009506902,10.0,4.0,0.1
2026-09-09,TSLA,-0.6363097,-0.11889378726482391,-0.011554879,10.0,8.0,0.1
2026-09-10,TSLA,-0.5104492,-0.12625986337661743,0.005171099,10.0,7.0,0.1
2025-01-22,XOM,0.3306102,-0.1080797091126442,0.0056606145,10.0,3.0,0.1
2025-01-23,XOM,-0.69748247,-0.1115560308098793,-0.0135270385,10.0,8.0,0.1
2025-01-24,XOM,0.6649335,-0.1171388030052185,0.013896521,10.0,3.0,0.1
2025-01-27,XOM,-1.4514028,-0.12232258170843124,-0.019333713,10.0,10.0,0.1
2025-01-28,XOM,0.8929576,-0.12359920144081116,0.0058311303,10.0,1.0,0.1
2025-01-29,XOM,0.07809011,-0.12309509515762329,0.008282042,10.0,5.0,0.1
2025-01-30,XOM,-1.2998613,-0.12238926440477371,-0.025006896,10.0,9.0,0.1
2025-01-31,XOM,0.86852807,-0.12625224888324738,0.0024337887,10.0,2.0,0.1
2025-02-03,XOM,1.1482863,-0.12798693776130676,0.026799873,10.0,1.0,0.1
2025-02-04,XOM,0.05618549,-0.12393803894519806,-0.0007276379,10.0,6.0,0.1
2025-02-05,XOM,-1.3945788,-0.1221950501203537,-0.013196085,10.0,10.0,0.1
2025-02-06,XOM,1.2622855,-0.12482830137014389,0.004242304,9.0,2.0,0.1111111111111111
2025-02-07,XOM,0.46483207,-0.12432077527046204,0.019101968,9.0,3.0,0.1111111111111111
2025-02-10,XOM,0.42681006,-0.12149839848279953,0.006307956,9.0,3.0,0.1111111111111111
2025-02-11,XOM,-1.5990472,-0.12277846038341522,-0.030086817,9.0,9.0,0.1111111111111111
2025-02-12,XOM,-0.44618142,-0.12896767258644104,0.007266092,9.0,5.0,0.1111111111111111
2025-02-13,XOM,-0.024019301,-0.12730762362480164,0.0010171504,9.0,3.0,0.1111111111111111
2025-02-14,XOM,1.6050295,-0.1278418004512787,0.017553687,9.0,1.0,0.1111111111111111
2025-02-18,XOM,-0.072192416,-0.12829746305942535,0.0014527225,9.0,5.0,0.2
2025-02-19,XOM,1.3332676,-0.1263801008462906,0.01541245,9.0,1.0,0.2
2025-02-20,XOM,0.8119415,-0.12279200553894043,-0.011696302,9.0,3.0,0.2
2025-02-21,XOM,1.2178113,-0.12174229323863983,0.00523969,9.0,2.0,0.2
2025-02-24,XOM,0.3397451,-0.11789117753505707,-0.013840196,10.0,3.0,0.1
2025-02-25,XOM,-0.25091004,-0.11946974694728851,-0.0024605426,10.0,7.0,0.1
2025-02-26,XOM,1.2016656,-0.11852778494358063,0.0063036527,10.0,1.0,0.1
2025-02-27,XOM,-0.74827784,-0.12207041680812836,0.010712611,10.0,8.0,0.1
2025-02-28,XOM,0.05505281,-0.12087766081094742,-0.03206677,10.0,7.0,0.1
2025-03-03,XOM,0.28332222,-0.12288196384906769,-0.0020415082,10.0,5.0,0.1
2025-03-04,XOM,-2.1372128,-0.11946430802345276,-0.019527659,10.0,10.0,0.1
2025-03-05,XOM,1.689497,-0.11610700190067291,0.020675207,10.0,1.0,0.1
2025-03-06,XOM,0.091882534,-0.1109113097190857,0.013008837,10.0,4.0,0.1
2025-03-07,XOM,1.6384794,-0.10673360526561737,0.025499893,10.0,1.0,0.1
2025-03-10,XOM,-1.1959685,-0.10133570432662964,-0.023613693,10.0,9.0,0.1
2025-03-11,XOM,-0.6874559,-0.09574462473392487,-0.0002747805,10.0,8.0,0.1
2025-03-12,XOM,1.1502177,-0.09034982323646545,-0.0042151674,10.0,2.0,0.1
2025-03-13,XOM,0.099456035,-0.08991743624210358,0.029723126,10.0,4.0,0.1
2025-03-14,XOM,1.3539968,-0.08695513755083084,0.016621877,10.0,1.0,0.1
2025-03-17,XOM,1.0933973,-0.08839019387960434,-0.0010548184,10.0,2.0,0.1
2025-03-18,XOM,-0.3049016,-0.08768068253993988,0.015575528,10.0,6.0,0.1
2025-03-19,XOM,0.76219517,-0.08533327281475067,0.0042457,10.0,2.0,0.1
2025-03-20,XOM,-0.9472613,-0.08340516686439514,-0.003451209,10.0,9.0,0.1
2025-03-21,XOM,-0.75864094,-0.08998893946409225,0.002597388,10.0,9.0,0.1
2025-03-24,XOM,-0.1827433,-0.08858491480350494,0.006821991,10.0,7.0,0.1
2025-03-25,XOM,1.6506549,-0.08873362839221954,0.014409487,10.0,1.0,0.1
2025-03-26,XOM,0.38371837,-0.09014774858951569,-0.003212884,10.0,5.0,0.1
2025-03-27,XOM,1.8135183,-0.09128928929567337,-0.0013572215,10.0,1.0,0.1
2025-03-28,XOM,1.0034491,-0.09153787046670914,0.010192758,10.0,2.0,0.1
2025-03-31,XOM,-0.9367008,-0.0936463326215744,0.00092491775,10.0,9.0,0.1
2025-04-01,XOM,-0.7590679,-0.09042420983314514,-0.0031082,10.0,9.0,0.1
2025-04-02,XOM,0.65072453,-0.09088749438524246,-0.05258279,10.0,3.0,0.1
2025-04-03,XOM,-0.49559078,-0.0948038399219513,-0.07195596,10.0,6.0,0.1
2025-04-04,XOM,-0.7655733,-0.08130759745836258,-0.013417549,10.0,8.0,0.1
2025-04-07,XOM,-0.19083387,-0.07116244733333588,-0.0210803,10.0,7.0,0.1
2025-04-08,XOM,-1.54324,-0.058408498764038086,0.049915675,10.0,10.0,0.1
2025-04-09,XOM,-0.26589647,-0.060707658529281616,-0.055482037,10.0,6.0,0.1
2025-04-10,XOM,0.3201575,-0.04951196908950806,0.032122456,9.0,4.0,0.2
2025-04-11,XOM,0.39258555,-0.04875035583972931,0.002424006,6.0,3.0,0.5
2025-04-14,XOM,0.14337674,-0.048758864402770996,-0.0028049392,6.0,5.0,0.5
2025-04-15,XOM,1.9457859,-0.04784364998340607,0.010572269,6.0,1.0,0.5
2025-04-16,XOM,1.7799923,-0.049709007143974304,0.026202016,6.0,1.0,0.5
2025-04-17,XOM,1.0233262,-0.05645930767059326,-0.014683741,9.0,2.0,0.2
2025-04-21,XOM,-0.14978363,-0.060617297887802124,0.02800187,9.0,6.0,0.2
2025-04-22,XOM,-2.2202837,-0.06648770719766617,-0.008587314,9.0,10.0,0.2
2025-04-23,XOM,-1.2298361,-0.06882400065660477,0.011735117,9.0,10.0,0.2
2025-04-24,XOM,-0.794312,-0.06880183517932892,-0.0005523895,9.0,9.0,0.2
2025-04-25,XOM,0.40624672,-0.07098543643951416,0.0005526948,10.0,5.0,0.1
2025-04-28,XOM,-0.77364326,-0.0725262239575386,-0.0024854583,10.0,8.0,0.1
2025-04-29,XOM,-1.272194,-0.07498741149902344,-0.025193837,10.0,9.0,0.1
2025-04-30,XOM,-0.8753705,-0.07697227597236633,0.0014200433,10.0,9.0,0.1
2025-05-01,XOM,-0.5025017,-0.07932157814502716,0.0040650233,10.0,8.0,0.1
2025-05-02,XOM,-1.1976506,-0.08060848712921143,-0.027680874,10.0,9.0,0.1
2025-05-05,XOM,2.1384614,-0.08318674564361572,0.01394389,10.0,1.0,0.1
2025-05-06,XOM,-0.06612838,-0.08473313599824905,-0.0009549116,10.0,8.0,0.1
2025-05-07,XOM,0.05237556,-0.08546747267246246,0.013956533,10.0,6.0,0.1
2025-05-08,XOM,0.43225756,-0.088900625705719,0.011690319,10.0,2.0,0.1
2025-05-09,XOM,-1.4720093,-0.09086668491363525,0.01723978,10.0,10.0,0.1
2025-05-12,XOM,-0.9231139,-0.09056026488542557,0.0027483178,10.0,9.0,0.1
2025-05-13,XOM,-1.0825096,-0.09161506593227386,-0.008953047,10.0,10.0,0.1
2025-05-14,XOM,1.3251705,-0.09574998915195465,0.010140455,10.0,1.0,0.1
2025-05-15,XOM,-0.5029752,-0.09825161844491959,-0.0035918031,10.0,8.0,0.1
2025-05-16,XOM,-1.1367505,-0.1023743525147438,-0.015897887,10.0,9.0,0.1
2025-05-19,XOM,-1.1955435,-0.11119048297405243,-0.01427641,9.0,9.0,0.2
2025-05-20,XOM,-0.09443103,-0.11655893176794052,-0.0122914575,9.0,5.0,0.2
2025-05-21,XOM,-1.4496487,-0.12048135697841644,-0.0066563766,9.0,10.0,0.2
2025-05-22,XOM,1.2435338,-0.12157083302736282,0.00058266724,9.0,1.0,0.2
2025-05-23,XOM,-1.402282,-0.12055978924036026,0.004755755,8.0,10.0,0.3
2025-05-27,XOM,-1.0673094,-0.11769185960292816,-0.013620392,8.0,9.0,0.3
2025-05-28,XOM,-0.04299939,-0.11753496527671814,0.0056801206,8.0,3.0,0.3
2025-05-29,XOM,0.15678112,-0.1166502982378006,-0.0037978182,8.0,8.0,0.3
2025-05-30,XOM,-0.03696883,-0.11860696226358414,0.007331274,8.0,5.0,0.3
2025-06-02,XOM,0.07805941,-0.11745770275592804,0.0072780713,9.0,4.0,0.2
2025-06-03,XOM,-0.8676537,-0.118028923869133,-0.014450815,9.0,9.0,0.2
2025-06-04,XOM,0.29530594,-0.11910732090473175,-0.0045944294,9.0,5.0,0.2
2025-06-05,XOM,0.41570795,-0.12242758274078369,0.023961496,9.0,4.0,0.2
2025-06-06,XOM,-0.020332305,-0.12114866822957993,0.0067134127,9.0,4.0,0.2
2025-06-09,XOM,0.5118496,-0.12151412665843964,0.021434769,9.0,2.0,0.2
2025-06-10,XOM,1.2131625,-0.11857061088085175,0.019492548,10.0,2.0,0.1
2025-06-11,XOM,0.21122482,-0.11308126151561737,0.003842252,9.0,4.0,0.2
2025-06-12,XOM,1.7790437,-0.10665114969015121,0.021780746,9.0,1.0,0.2
2025-06-13,XOM,-1.5726972,-0.10301253199577332,0.0032108396,9.0,10.0,0.2
2025-06-16,XOM,1.618649,-0.09797802567481995,0.013513457,9.0,1.0,0.2
2025-06-17,XOM,-0.8737442,-0.09420788288116455,-0.007105146,9.0,8.0,0.2
2025-06-18,XOM,1.0766717,-0.09345760941505432,0.013340348,9.0,2.0,0.2
2025-06-20,XOM,-1.2949735,-0.09442918747663498,-0.025806442,10.0,10.0,0.1
2025-06-23,XOM,-1.7375817,-0.09698627889156342,-0.0304278,10.0,10.0,0.1
2025-06-24,XOM,-0.20103319,-0.10106271505355835,0.0002769665,10.0,7.0,0.1
2025-06-25,XOM,0.23290011,-0.10532355308532715,0.014948758,10.0,6.0,0.1
2025-06-26,XOM,-0.8287254,-0.1082647293806076,-0.00554592,10.0,8.0,0.1
2025-06-27,XOM,-0.9449339,-0.11364232003688812,-0.014445042,10.0,8.0,0.1
2025-06-30,XOM,1.1345252,-0.11685341596603394,0.013357972,10.0,1.0,0.1
2025-07-01,XOM,0.13433829,-0.1149216741323471,0.016569061,10.0,5.0,0.1
2025-07-02,XOM,-0.100642346,-0.11189430207014084,0.010355649,10.0,6.0,0.1
2025-07-03,XOM,0.19807166,-0.1128174215555191,-0.009714703,10.0,6.0,0.1
2025-07-07,XOM,1.7299501,-0.11883006989955902,0.027720217,10.0,1.0,0.1
2025-07-08,XOM,-1.3293709,-0.11704190075397491,-0.003415273,10.0,9.0,0.1
2025-07-09,XOM,0.16508594,-0.11592832207679749,0.009929663,10.0,3.0,0.1
2025-07-10,XOM,0.21297267,-0.11889554560184479,0.004350481,10.0,5.0,0.1
2025-07-11,XOM,-1.6690389,-0.12055127322673798,-0.013081607,10.0,10.0,0.1
2025-07-14,XOM,-0.6403393,-0.12355081737041473,-0.008865812,10.0,8.0,0.1
2025-07-15,XOM,-0.5633042,-0.12659120559692383,-0.0060225,10.0,8.0,0.1
2025-07-16,XOM,-1.0993248,-0.12806327641010284,-0.0050789053,10.0,9.0,0.1
2025-07-17,XOM,-2.1204965,-0.13003695011138916,-0.034837935,10.0,10.0,0.1
2025-07-18,XOM,-0.40774268,-0.13631346821784973,0.0025982272,10.0,6.0,0.1
2025-07-21,XOM,0.6709092,-0.13541430234909058,0.0045349495,10.0,4.0,0.1
2025-07-22,XOM,0.45963043,-0.13132146000862122,0.0128063345,10.0,4.0,0.1
2025-07-23,XOM,0.2727557,-0.12723304331302643,0.007823162,10.0,6.0,0.1
2025-07-24,XOM,-0.71978575,-0.12576133012771606,-0.0035202263,10.0,10.0,0.1
2025-07-25,XOM,0.1384601,-0.12055106461048126,0.009420289,10.0,4.0,0.1
2025-07-28,XOM,1.2147992,-0.11968168616294861,0.012921728,10.0,2.0,0.1
2025-07-29,XOM,-0.92670506,-0.11980213224887848,-0.008681739,10.0,9.0,0.1
2025-07-30,XOM,-0.17689346,-0.12137137353420258,-0.0023236088,10.0,4.0,0.1
2025-07-31,XOM,0.45140964,-0.12660178542137146,-0.017914616,10.0,4.0,0.1
2025-08-01,XOM,-1.8290629,-0.13144496083259583,-0.020704111,10.0,10.0,0.1
2025-08-04,XOM,0.6132856,-0.13263064622879028,-0.0012107848,10.0,2.0,0.1
2025-08-05,XOM,-1.156052,-0.1334449052810669,-0.0068071447,10.0,10.0,0.1
2025-08-06,XOM,-0.5228566,-0.1305009424686432,-0.0052577783,10.0,7.0,0.1
2025-08-07,XOM,-0.36767635,-0.12746861577033997,0.0080226585,10.0,6.0,0.1
2025-08-08,XOM,-0.77943957,-0.12363439798355103,-0.009082425,10.0,10.0,0.1
2025-08-11,XOM,-0.91811204,-0.12133505940437317,0.00283468,10.0,9.0,0.1
2025-08-12,XOM,1.3310329,-0.11887593567371368,0.013850976,10.0,3.0,0.1
2025-08-13,XOM,-0.63100964,-0.11831821501255035,-0.0020445897,9.0,8.0,0.2
2025-08-14,XOM,0.8001317,-0.11813393235206604,0.0009400105,9.0,3.0,0.2
2025-08-15,XOM,0.27514035,-0.12216804176568985,0.0021597946,10.0,4.0,0.1
2025-08-18,XOM,1.5426313,-0.12363634258508682,0.0065591373,10.0,1.0,0.1
2025-08-19,XOM,1.785357,-0.12590475380420685,0.010333345,10.0,1.0,0.1
2025-08-20,XOM,1.8136692,-0.12706303596496582,0.0064498927,10.0,1.0,0.1
2025-08-21,XOM,-0.2837359,-0.12479130178689957,0.01876771,10.0,5.0,0.1
2025-08-22,XOM,0.16702211,-0.11713694036006927,0.0041336543,10.0,4.0,0.1
2025-08-25,XOM,-0.942302,-0.11229006946086884,-0.0022373335,10.0,8.0,0.1
2025-08-26,XOM,1.3974622,-0.112248994410038,0.011301461,10.0,1.0,0.1
2025-08-27,XOM,-0.16206656,-0.10788256675004959,0.0053215004,10.0,7.0,0.1
2025-08-28,XOM,1.2094404,-0.10444488376379013,0.008292942,10.0,1.0,0.1
2025-08-29,XOM,1.4364294,-0.10264816880226135,0.003499795,9.0,1.0,0.2
2025-09-02,XOM,-1.2092618,-0.10090722143650055,-0.024239125,9.0,10.0,0.2
2025-09-03,XOM,-0.7265166,-0.10280799120664597,0.0043784278,9.0,10.0,0.2
2025-09-04,XOM,-0.77781737,-0.10263150930404663,-0.028202767,9.0,9.0,0.2
2025-09-05,XOM,0.14146031,-0.11118172109127045,0.005675973,9.0,5.0,0.2
2025-09-08,XOM,0.13524888,-0.11497712880373001,0.00728272,10.0,6.0,0.1
2025-09-09,XOM,0.22005904,-0.11773045361042023,0.016719433,10.0,3.0,0.1
2025-09-10,XOM,-0.42815134,-0.11720892041921616,-0.0032000092,10.0,9.0,0.1
2025-09-11,XOM,-0.50437737,-0.11563630402088165,0.00017830623,10.0,9.0,0.1
2025-09-12,XOM,-0.9151253,-0.11373511701822281,0.0016939922,10.0,9.0,0.1
2025-09-15,XOM,1.0692499,-0.11447272449731827,0.020738775,10.0,2.0,0.1
2025-09-16,XOM,0.69840825,-0.11370758712291718,0.0053191553,10.0,3.0,0.1
2025-09-17,XOM,-0.86552924,-0.11310888826847076,-0.011796337,10.0,9.0,0.1
2025-09-18,XOM,-1.3669893,-0.11696363985538483,-0.009742893,10.0,10.0,0.1
2025-09-19,XOM,-0.4070908,-0.12662135064601898,-0.0070909318,10.0,5.0,0.1
2025-09-22,XOM,1.8381338,-0.12747743725776672,0.017229086,10.0,1.0,0.1
2025-09-23,XOM,0.21718444,-0.12858587503433228,0.0053532314,9.0,3.0,0.2
2025-09-24,XOM,0.8926684,-0.12590694427490234,0.008990951,9.0,2.0,0.2
2025-09-25,XOM,0.53814924,-0.12216555327177048,0.014101586,9.0,2.0,0.2
2025-09-26,XOM,-1.7085171,-0.11644303798675537,-0.025592865,9.0,10.0,0.2
2025-09-29,XOM,-1.1111745,-0.1174667552113533,-0.012869977,9.0,10.0,0.2
2025-09-30,XOM,-0.58192515,-0.1192726343870163,-0.0067405812,9.0,8.0,0.2
2025-10-01,XOM,-0.21748959,-0.12083405256271362,-0.0062505496,9.0,7.0,0.2
2025-10-02,XOM,1.7016063,-0.1232936903834343,0.017701576,9.0,1.0,0.2
2025-10-03,XOM,-0.06781629,-0.12472955137491226,0.008299393,9.0,4.0,0.2
2025-10-06,XOM,0.5650054,-0.12378832697868347,0.0005254758,9.0,3.0,0.2
2025-10-07,XOM,-0.77393526,-0.12208579480648041,-0.0021005245,9.0,8.0,0.2
2025-10-08,XOM,-0.785368,-0.11925926059484482,-0.0097350655,9.0,8.0,0.2
2025-10-09,XOM,1.0423745,-0.11750084161758423,-0.019307427,9.0,2.0,0.2
2025-10-10,XOM,-0.5788653,-0.11822190880775452,0.013636697,9.0,8.0,0.2
2025-10-13,XOM,0.8602259,-0.11603446304798126,0.00044554332,9.0,2.0,0.2
2025-10-14,XOM,-1.3438138,-0.11819104850292206,-0.0060557816,10.0,10.0,0.1
2025-10-15,XOM,-0.363491,-0.12017521262168884,-0.008690993,10.0,8.0,0.1
2025-10-16,XOM,0.71275455,-0.1200304850935936,0.014461296,10.0,3.0,0.1
2025-10-17,XOM,-0.7290598,-0.11426199972629547,0.004098369,10.0,8.0,0.1
2025-10-20,XOM,0.34165227,-0.10908715426921844,8.874495e-05,10.0,5.0,0.1
2025-10-21,XOM,1.9479645,-0.10777205228805542,0.0177447,10.0,1.0,0.1
2025-10-22,XOM,0.39025548,-0.10591549426317215,0.01107134,10.0,4.0,0.1
2025-10-23,XOM,-0.7978548,-0.10339604318141937,-0.005087063,10.0,9.0,0.1
2025-10-24,XOM,-1.4189651,-0.10421101003885269,0.0047664377,10.0,10.0,0.1
2025-10-27,XOM,-1.0952421,-0.1057155430316925,-0.0078488225,10.0,10.0,0.1
2025-10-28,XOM,0.076991774,-0.10891425609588623,0.012344479,10.0,4.0,0.1
2025-10-29,XOM,0.2219136,-0.11124537140130997,-0.015113776,10.0,4.0,0.1
2025-10-30,XOM,-0.2725339,-0.11543094366788864,-0.0028772901,10.0,6.0,0.1
2025-10-31,XOM,-0.49808496,-0.11758191138505936,-0.0052465824,10.0,7.0,0.1
2025-11-03,XOM,1.1194135,-0.11745604872703552,0.0033403335,10.0,2.0,0.1
2025-11-04,XOM,-0.647711,-0.11785542964935303,-0.0040300093,10.0,8.0,0.1
2025-11-05,XOM,1.2638146,-0.11624857038259506,0.007213178,10.0,1.0,0.1
2025-11-06,XOM,1.6728264,-0.11483784765005112,0.023755452,10.0,1.0,0.1
2025-11-07,XOM,-0.8723226,-0.1110384464263916,0.008531022,10.0,8.0,0.1
2025-11-10,XOM,1.0335498,-0.10575097799301147,0.013195731,9.0,2.0,0.2
2025-11-11,XOM,-0.4492294,-0.10385341942310333,-0.013858799,9.0,6.0,0.2
2025-11-12,XOM,1.3462683,-0.10411298274993896,0.00567215,9.0,1.0,0.2
2025-11-13,XOM,0.9463908,-0.1052173301577568,0.012992573,9.0,3.0,0.2
2025-11-14,XOM,-0.59598684,-0.10425865650177002,-0.01349653,10.0,8.0,0.1
2025-11-17,XOM,1.4486296,-0.10650043189525604,0.011471766,10.0,1.0,0.1
2025-11-18,XOM,-1.1509787,-0.10573072731494904,-0.014114059,10.0,10.0,0.1
2025-11-19,XOM,1.339946,-0.10470181703567505,-0.0028121585,10.0,2.0,0.1
2025-11-20,XOM,-0.12620917,-0.10309513658285141,0.00051275553,10.0,5.0,0.1
2025-11-21,XOM,-1.1429628,-0.09978459775447845,-0.009480651,10.0,10.0,0.1
2025-11-24,XOM,-1.1633476,-0.09815150499343872,-0.012589549,10.0,9.0,0.1
2025-11-25,XOM,-0.4671592,-0.09846243262290955,0.0022705765,10.0,6.0,0.1
2025-11-26,XOM,0.08183973,-0.09911591559648514,0.010020008,10.0,6.0,0.1
2025-11-28,XOM,0.6566889,-0.09976956993341446,0.006124983,10.0,3.0,0.1
2025-12-01,XOM,-1.4812125,-0.10438346862792969,-0.01071766,10.0,9.0,0.1
2025-12-02,XOM,0.9655729,-0.10798875987529755,0.020974156,10.0,2.0,0.1
2025-12-03,XOM,-0.7036313,-0.10703765600919724,-0.005602766,10.0,7.0,0.1
2025-12-04,XOM,-0.86643386,-0.1072012186050415,-0.0051219705,10.0,8.0,0.1
2025-12-05,XOM,-0.12612796,-0.11066650599241257,-0.0048052957,9.0,6.0,0.2
2025-12-08,XOM,1.052574,-0.11621863394975662,0.0195724,9.0,1.0,0.2
2025-12-09,XOM,0.28138986,-0.11773377656936646,0.010909046,10.0,5.0,0.1
2025-12-10,XOM,0.2666559,-0.11666903644800186,0.0,10.0,4.0,0.1
2025-12-11,XOM,0.29977417,-0.11484566330909729,-0.0060230945,10.0,4.0,0.1
2025-12-12,XOM,-0.15312764,-0.11547936499118805,-0.008920993,10.0,7.0,0.1
2025-12-15,XOM,-1.8128338,-0.1164519190788269,-0.026154922,10.0,10.0,0.1
2025-12-16,XOM,1.7803617,-0.1212741881608963,0.023805473,10.0,1.0,0.1
2025-12-17,XOM,-1.5267032,-0.12142260372638702,-0.0074099926,10.0,10.0,0.1
2025-12-18,XOM,-0.57046497,-0.12122137099504471,0.0012871018,10.0,8.0,0.1
2025-12-19,XOM,0.6056766,-0.1274537593126297,0.012511802,10.0,4.0,0.1
2025-12-22,XOM,-0.038054276,-0.12458613514900208,0.0107489955,10.0,5.0,0.1
2025-12-23,XOM,-0.93570405,-0.12036130577325821,-0.0016747701,9.0,9.0,0.2
2025-12-24,XOM,0.13096376,-0.11723914742469788,-0.0009226395,9.0,5.0,0.2
2025-12-26,XOM,1.5369382,-0.11754396557807922,0.011921757,9.0,1.0,0.2
2025-12-29,XOM,0.645914,-0.11823132634162903,0.003816452,9.0,2.0,0.2
2025-12-30,XOM,0.47853503,-0.11761826276779175,-0.005372325,9.0,4.0,0.2
2025-12-31,XOM,1.3871349,-0.12092437595129013,0.019195685,9.0,1.0,0.2
2026-01-02,XOM,0.7362129,-0.1201295554637909,0.022095352,10.0,4.0,0.1
2026-01-05,XOM,-1.3309895,-0.11953914910554886,-0.03438101,10.0,9.0,0.1
2026-01-06,XOM,-1.2095035,-0.1216280460357666,-0.02114832,10.0,9.0,0.1
2026-01-07,XOM,1.7754729,-0.1239698976278305,0.0373028,10.0,1.0,0.1
2026-01-08,XOM,0.32964382,-0.1192413866519928,0.0138312355,10.0,3.0,0.1
2026-01-09,XOM,-0.40449572,-0.11495329439640045,-0.00465454,10.0,8.0,0.1
2026-01-12,XOM,1.3706027,-0.11689381301403046,0.020236991,10.0,1.0,0.1
2026-01-13,XOM,2.2242954,-0.11330083012580872,0.028923586,10.0,1.0,0.1
2026-01-14,XOM,-1.0234598,-0.10336430370807648,-0.008218012,10.0,9.0,0.1
2026-01-15,XOM,0.313135,-0.09738472104072571,0.0058855005,10.0,4.0,0.1
2026-01-16,XOM,2.034338,-0.09442536532878876,0.0043884628,10.0,1.0,0.1
2026-01-20,XOM,0.875716,-0.08960090577602386,0.024145322,10.0,3.0,0.1
2026-01-21,XOM,-0.68647873,-0.08148157596588135,0.00022448575,10.0,9.0,0.1
2026-01-22,XOM,0.2920056,-0.08031268417835236,0.0099520255,10.0,5.0,0.1
2026-01-23,XOM,-0.41056144,-0.07915918529033661,-0.00096327724,9.0,7.0,0.2
2026-01-26,XOM,0.37778535,-0.07901177555322647,0.014758367,10.0,4.0,0.1
2026-01-27,XOM,0.61684173,-0.07592159509658813,0.005481212,8.0,2.0,0.3
2026-01-28,XOM,0.3899306,-0.07489822059869766,0.02129668,9.0,2.0,0.2
2026-01-29,XOM,0.46898177,-0.07522746920585632,0.006334072,9.0,2.0,0.2
2026-01-30,XOM,-0.8740867,-0.07068004459142685,-0.021216355,8.0,9.0,0.3
2026-02-02,XOM,2.0030677,-0.07183315604925156,0.038511634,8.0,1.0,0.3
2026-02-03,XOM,1.476239,-0.06880125403404236,0.026855797,8.0,1.0,0.3
2026-02-04,XOM,0.29901022,-0.05867651104927063,-0.010231024,7.0,5.0,0.4
2026-02-05,XOM,0.058805272,-0.05189010500907898,0.020331426,6.0,5.0,0.5
2026-02-06,XOM,0.1129465,-0.04731297492980957,0.014491794,5.0,6.0,0.6
2026-02-09,XOM,0.72617084,-0.04277533292770386,0.0025129663,5.0,2.0,0.6
2026-02-10,XOM,1.7282122,-0.042865753173828125,0.026189143,5.0,1.0,0.6
2026-02-11,XOM,-0.40419406,-0.043523818254470825,-0.0297678,5.0,8.0,0.6
2026-02-12,XOM,0.05487055,-0.04594169557094574,-0.009871214,5.0,5.0,0.6
2026-02-13,XOM,-1.1060358,-0.04675641655921936,-0.015223941,5.0,9.0,0.6
2026-02-17,XOM,2.264735,-0.05415697395801544,0.0307134,6.0,1.0,0.5
2026-02-18,XOM,0.64964724,-0.05789408087730408,0.0019246225,6.0,2.0,0.5
2026-02-19,XOM,-1.8544499,-0.06130172312259674,-0.024441922,6.0,10.0,0.5
2026-02-20,XOM,1.746905,-0.06756866723299026,0.023628423,6.0,1.0,0.5
2026-02-23,XOM,-1.1964487,-0.06649620085954666,-0.00994958,7.0,9.0,0.4
2026-02-24,XOM,-1.7541518,-0.06487490236759186,-0.0013399356,6.0,10.0,0.5
2026-02-25,XOM,0.48427972,-0.06965810060501099,-0.0034886107,7.0,4.0,0.4
2026-02-26,XOM,1.713161,-0.07285365462303162,0.026659638,9.0,1.0,0.2
2026-02-27,XOM,0.59562993,-0.0731690526008606,0.011278619,10.0,3.0,0.1
2026-03-02,XOM,-0.767956,-0.07027284055948257,-0.015497322,9.0,8.0,0.2
2026-03-03,XOM,-1.3624935,-0.06593095511198044,-0.013238436,9.0,10.0,0.2
2026-03-04,XOM,0.16390419,-0.0639365091919899,0.0062741055,7.0,4.0,0.4
2026-03-05,XOM,1.5985758,-0.06422057747840881,0.0029849869,8.0,1.0,0.3
2026-03-06,XOM,-1.0350736,-0.06154660880565643,-0.005092352,8.0,10.0,0.3
2026-03-09,XOM,-1.7019267,-0.06079202890396118,-0.01535484,5.0,10.0,0.6
2026-03-10,XOM,1.8145307,-0.06138776242733002,0.023290236,5.0,1.0,0.6
2026-03-11,XOM,2.3780618,-0.06040647625923157,0.012864493,5.0,1.0,0.6
2026-03-12,XOM,1.749404,-0.05894288420677185,0.01686964,5.0,1.0,0.6
2026-03-13,XOM,-1.1049128,-0.055170655250549316,0.0071099466,5.0,10.0,0.6
2026-03-16,XOM,0.6557975,-0.05121603608131409,0.010048961,5.0,3.0,0.6
2026-03-17,XOM,0.67338514,-0.049248844385147095,-0.007682138,4.0,2.0,0.7
2026-03-18,XOM,0.79632384,-0.04786781966686249,0.0036169833,5.0,2.0,0.6
2026-03-19,XOM,1.9347191,-0.049021825194358826,0.009547309,5.0,1.0,0.6
2026-03-20,XOM,-0.66890365,-0.04969295859336853,0.009143949,7.0,8.0,0.4
2026-03-23,XOM,1.7816828,-0.04680049419403076,0.026376175,4.0,1.0,0.7
2026-03-24,XOM,-1.7450794,-0.0444985032081604,-0.012818977,5.0,10.0,0.6
2026-03-25,XOM,1.5014406,-0.042310625314712524,0.013291624,5.0,1.0,0.6
2026-03-26,XOM,2.6626952,-0.040293678641319275,0.033609364,5.0,1.0,0.6
2026-03-27,XOM,0.41025996,-0.037068337202072144,0.0028071648,5.0,5.0,0.6
2026-03-30,XOM,-2.3499746,-0.03402063250541687,-0.010555741,5.0,10.0,0.6
2026-03-31,XOM,-2.5373678,-0.03510281443595886,-0.05233993,5.0,10.0,0.6
2026-04-01,XOM,0.24182512,-0.04055914282798767,-0.00055979175,5.0,5.0,0.6
2026-04-02,XOM,1.0964342,-0.042507290840148926,0.01667807,5.0,1.0,0.6
2026-04-06,XOM,-0.1240071,-0.04404395818710327,0.0033054077,5.0,6.0,0.6
2026-04-07,XOM,-2.1340737,-0.04658375680446625,-0.04691601,5.0,10.0,0.6
2026-04-08,XOM,-1.0758353,-0.052469268441200256,-0.0075534536,7.0,10.0,0.4
2026-04-09,XOM,-1.297007,-0.05697622895240784,-0.016318494,7.0,10.0,0.4
2026-04-10,XOM,-0.84490263,-0.06034684181213379,0.00085252477,7.0,9.0,0.4
2026-04-13,XOM,-1.724719,-0.06296993046998978,-0.022274598,8.0,10.0,0.3
2026-04-14,XOM,-0.8230226,-0.06579375267028809,-0.0015412101,8.0,8.0,0.3
2026-04-15,XOM,1.3502324,-0.06525039672851562,0.019931557,8.0,2.0,0.3
2026-04-16,XOM,-2.4683056,-0.06659038364887238,-0.0364522,8.0,10.0,0.3
2026-04-17,XOM,0.9058882,-0.06963703036308289,0.008467581,8.0,3.0,0.3
2026-04-20,XOM,0.75752383,-0.07145491987466812,0.0046046274,8.0,4.0,0.3
2026-04-21,XOM,-0.6558468,-0.0692996233701706,0.0076840175,4.0,8.0,0.7
2026-04-22,XOM,1.167308,-0.06956885755062103,0.006889668,3.0,1.0,0.8
2026-04-23,XOM,-1.2090881,-0.07177938520908356,-0.01076196,3.0,9.0,0.8
2026-04-24,XOM,-0.5544205,-0.07453867793083191,-0.004835106,4.0,7.0,0.7
2026-04-27,XOM,1.205681,-0.0788213312625885,0.01599291,5.0,1.0,0.6
2026-04-28,XOM,1.9514363,-0.08186031877994537,0.027298102,5.0,1.0,0.6
2026-04-29,XOM,-0.052871563,-0.08253026753664017,-0.0021982652,5.0,7.0,0.6
2026-04-30,XOM,-1.2509383,-0.08599478751420975,-0.010237791,6.0,10.0,0.5
2026-05-01,XOM,0.8716399,-0.0887676477432251,0.0061538597,8.0,2.0,0.3
2026-05-04,XOM,0.18027788,-0.08827711641788483,0.0077428874,8.0,4.0,0.3
2026-05-05,XOM,-2.0909736,-0.08697597682476044,-0.039966457,7.0,10.0,0.4
2026-05-06,XOM,-0.6328995,-0.09314195811748505,-0.01419059,8.0,8.0,0.3
2026-05-07,XOM,-1.0024878,-0.09574680030345917,-0.0137125915,8.0,10.0,0.3
2026-05-08,XOM,1.4922503,-0.0982779860496521,0.03534617,8.0,2.0,0.3
2026-05-11,XOM,0.67755187,-0.09748022258281708,0.006346912,9.0,4.0,0.2
2026-05-12,XOM,-0.34028947,-0.09615594893693924,0.00624047,8.0,7.0,0.3
2026-05-13,XOM,-0.08264739,-0.09152881801128387,0.007982984,8.0,4.0,0.3
2026-05-14,XOM,1.6851591,-0.08507877588272095,0.04065901,8.0,1.0,0.3
2026-05-15,XOM,1.5168722,-0.08077900111675262,0.016274069,8.0,1.0,0.3
2026-05-18,XOM,2.089249,-0.0754685252904892,0.012835728,8.0,1.0,0.3
2026-05-19,XOM,-2.5161982,-0.0702003613114357,-0.03857283,8.0,10.0,0.3
2026-05-20,XOM,-0.6401005,-0.07131648808717728,-0.006334761,8.0,8.0,0.3
2026-05-21,XOM,-0.23648363,-0.07146243005990982,-0.0023826074,9.0,7.0,0.2
2026-05-22,XOM,-2.2440393,-0.07270991802215576,-0.03298482,9.0,10.0,0.2
2026-05-26,XOM,-0.83884835,-0.0816107839345932,-0.012749436,9.0,9.0,0.2
2026-05-27,XOM,-1.0355963,-0.09023988246917725,-0.0063555925,9.0,9.0,0.2
2026-05-28,XOM,-0.5283783,-0.09348079562187195,-0.011567832,9.0,6.0,0.2
2026-05-29,XOM,0.83185613,-0.09696179628372192,0.028363017,9.0,3.0,0.2
2026-06-01,XOM,0.039539054,-0.09792833030223846,0.0012049201,10.0,5.0,0.1
2026-06-02,XOM,1.0830835,-0.0928533673286438,0.019858282,9.0,2.0,0.2
2026-06-03,XOM,-0.01612343,-0.08877350389957428,-0.003212579,9.0,8.0,0.2
2026-06-04,XOM,0.74250776,-0.08569498360157013,-0.013943652,10.0,4.0,0.1
2026-06-05,XOM,0.39016616,-0.08431756496429443,0.012206479,10.0,4.0,0.1
2026-06-08,XOM,-0.49738076,-0.08137653768062592,-0.018714909,10.0,7.0,0.1
2026-06-09,XOM,1.6927367,-0.08566419035196304,0.011483386,10.0,1.0,0.1
2026-06-10,XOM,-1.6425921,-0.08602224290370941,-0.026689602,10.0,10.0,0.1
2026-06-11,XOM,0.1224868,-0.08981539309024811,0.002796632,10.0,4.0,0.1
2026-06-12,XOM,-2.3603103,-0.09087459743022919,-0.041425698,10.0,10.0,0.1
2026-06-15,XOM,0.39748502,-0.09472844004631042,0.0066703954,10.0,5.0,0.1
2026-06-16,XOM,0.28220585,-0.09382067620754242,-0.007895097,10.0,3.0,0.1
2026-06-17,XOM,-1.4273912,-0.09081494063138962,-0.020818518,10.0,9.0,0.1
2026-06-18,XOM,0.87152463,-0.09316277503967285,0.0047892598,10.0,3.0,0.1
2026-06-22,XOM,0.8215727,-0.0918901115655899,0.00909932,10.0,2.0,0.1
2026-06-23,XOM,-1.3869151,-0.08475296199321747,-0.020253273,10.0,9.0,0.1
2026-06-24,XOM,1.0515287,-0.08242033421993256,0.004747953,9.0,2.0,0.2
2026-06-25,XOM,-0.40514788,-0.0802660882472992,-0.007342838,9.0,6.0,0.2
2026-06-26,XOM,-0.7929175,-0.08177053928375244,-0.0035153525,9.0,8.0,0.2
2026-06-29,XOM,-0.44644898,-0.08088988065719604,0.004850746,9.0,7.0,0.2
2026-06-30,XOM,-0.6205139,-0.08890607208013535,-0.0032182198,10.0,8.0,0.1
2026-07-01,XOM,0.43371335,-0.08926082402467728,0.005943573,10.0,3.0,0.1
2026-07-02,XOM,-0.9878958,-0.08990009129047394,-0.0047413725,10.0,9.0,0.1
2026-07-06,XOM,1.6827091,-0.0920015424489975,0.038478512,10.0,1.0,0.1
2026-07-07,XOM,-0.09481947,-0.09005500376224518,-0.003952285,10.0,4.0,0.1
2026-07-08,XOM,-1.6907381,-0.09123837947845459,-0.026004419,9.0,10.0,0.2
2026-07-09,XOM,0.010578865,-0.09202134609222412,0.010330344,9.0,3.0,0.2
2026-07-10,XOM,1.88538,-0.08993543684482574,0.04053849,9.0,1.0,0.2
2026-07-13,XOM,-0.3074316,-0.08893364667892456,0.004013527,9.0,6.0,0.2
2026-07-14,XOM,-1.3660464,-0.08856213837862015,-0.0039974833,9.0,9.0,0.2
2026-07-15,XOM,1.0353295,-0.08619633316993713,0.009964741,9.0,3.0,0.2
2026-07-16,XOM,1.847974,-0.08308514207601547,0.009660815,8.0,1.0,0.3
2026-07-17,XOM,0.28880143,-0.08221112191677094,0.0067861676,8.0,5.0,0.3
2026-07-20,XOM,0.95670885,-0.07888960093259811,0.022580193,8.0,2.0,0.3
2026-07-21,XOM,1.0267639,-0.07468269020318985,0.018060734,7.0,3.0,0.4
2026-07-22,XOM,1.0680597,-0.07196682691574097,0.015797986,7.0,1.0,0.4
2026-07-23,XOM,0.18311982,-0.07026396691799164,0.00031872216,7.0,4.0,0.4
2026-07-24,XOM,-0.5848679,-0.06782345473766327,-0.013826922,8.0,9.0,0.3
2026-07-27,XOM,-1.3703967,-0.06817483901977539,-0.01117789,8.0,10.0,0.3
2026-07-28,XOM,1.9404165,-0.06998828053474426,0.024241995,8.0,1.0,0.3
2026-07-29,XOM,-0.3457635,-0.06918254494667053,0.0014035909,8.0,7.0,0.3
2026-07-30,XOM,-0.5858161,-0.06735815107822418,-0.009747085,7.0,9.0,0.4
2026-07-31,XOM,-1.065033,-0.06946852803230286,-0.0024447262,9.0,9.0,0.2
2026-08-03,XOM,-0.84434265,-0.0721869170665741,-0.007093948,9.0,9.0,0.2
2026-08-04,XOM,-0.48731065,-0.07731345295906067,-0.01513385,9.0,7.0,0.2
2026-08-05,XOM,1.4979477,-0.0857945904135704,0.021169938,10.0,2.0,0.1
2026-08-06,XOM,-1.4014236,-0.08922064304351807,-0.0116249155,10.0,10.0,0.1
2026-08-07,XOM,2.0300798,-0.0950581356883049,0.04410611,10.0,1.0,0.1
2026-08-10,XOM,0.49060073,-0.09666761755943298,6.2568324e-05,10.0,4.0,0.1
2026-08-11,XOM,0.32357892,-0.09506994485855103,-0.00031291816,9.0,4.0,0.2
2026-08-12,XOM,-1.029585,-0.09199053049087524,-0.0071361135,8.0,9.0,0.3
2026-08-13,XOM,0.8130064,-0.0931292176246643,0.009394168,8.0,1.0,0.3
2026-08-14,XOM,1.5538287,-0.09212353080511093,0.015024827,8.0,1.0,0.3
2026-08-17,XOM,1.4873501,-0.09490527212619781,0.025393229,8.0,1.0,0.3
2026-08-18,XOM,-0.28879705,-0.09432002156972885,-0.0047716433,8.0,7.0,0.3
2026-08-19,XOM,1.5936401,-0.09222757816314697,0.008375248,8.0,1.0,0.3
2026-08-20,XOM,-0.6849141,-0.08876478672027588,-0.006259364,9.0,8.0,0.2
2026-08-21,XOM,-0.14084454,-0.08811721205711365,-0.006419948,9.0,7.0,0.2
2026-08-24,XOM,-1.820476,-0.08907817304134369,-0.020786367,8.0,10.0,0.3
2026-08-25,XOM,-1.081656,-0.09675391018390656,-0.015251475,10.0,9.0,0.1
2026-08-26,XOM,-0.75826347,-0.10165689140558243,-0.011062646,10.0,9.0,0.1
2026-08-27,XOM,-0.111736774,-0.10635252296924591,0.0017259286,10.0,7.0,0.1
2026-08-28,XOM,1.0264997,-0.10929983854293823,0.027056282,10.0,2.0,0.1
2026-08-31,XOM,1.4000069,-0.10960428416728973,0.022367233,10.0,2.0,0.1
2026-09-01,XOM,-0.57729053,-0.1027974933385849,-0.0024309277,9.0,8.0,0.2
2026-09-02,XOM,-1.1931323,-0.09555292129516602,-0.011818381,9.0,9.0,0.2
2026-09-03,XOM,-0.22473642,-0.09230877459049225,-0.016891716,9.0,7.0,0.2
2026-09-04,XOM,0.34080932,-0.09308446943759918,0.007462234,9.0,3.0,0.2
2026-09-08,XOM,0.7875568,-0.095506951212883,0.022220789,9.0,2.0,0.2
2026-09-09,XOM,0.4719343,-0.09870380163192749,0.0060890215,9.0,2.0,0.2
2026-09-10,XOM,-0.5931808,-0.1010172963142395,0.004599708,9.0,8.0,0.2
