fold,test_start,test_end,horizon,feature,days,mean_ic,median_ic,ic_std,icir,positive_ic_pct
1,2019-04-16,2019-07-16,1,price_ma200_ratio,62,0.039882697947214094,-0.02424242424242424,0.3207432177918007,0.12434463375965306,48.38709677419355
1,2019-04-16,2019-07-16,1,return_60d,62,0.004887585532746821,-0.04848484848484848,0.3568346133115379,0.013697061188623167,40.32258064516129
1,2019-04-16,2019-07-16,1,beta_60,62,0.0455522971652004,0.036363636363636355,0.3909031094872101,0.11653091535893965,53.2258064516129
1,2019-04-16,2019-07-16,1,volatility_10,62,-0.06373411534701856,-0.0303030303030303,0.4581295910845762,-0.13911809362965266,45.16129032258064
1,2019-04-16,2019-07-16,1,volatility_20,62,-0.024828934506353862,-0.060606060606060594,0.4269203814777586,-0.05815823180052925,45.16129032258064
1,2019-04-16,2019-07-16,1,volatility_60,62,-0.03558162267839687,-0.05454545454545454,0.4511093624855158,-0.07887582399609212,41.935483870967744
1,2019-04-16,2019-07-16,1,price_ma50_ratio,62,-0.012903225806451611,-0.01212121212121212,0.3784473125660507,-0.03409517092078597,50.0
1,2019-04-16,2019-07-16,1,volume_ratio_20,62,-0.09716520039100683,-0.09090909090909091,0.3890242768658666,-0.24976641862509996,38.70967741935484
1,2019-04-16,2019-07-16,1,rsi_14,62,-0.002150537634408607,-0.060606060606060594,0.3360546403196909,-0.006399368960841567,41.935483870967744
1,2019-04-16,2019-07-16,1,momentum_20,62,0.03695014662756598,0.00606060606060606,0.422855884339517,0.0873823635806335,50.0
1,2019-04-16,2019-07-16,3,price_ma200_ratio,62,0.05728250244379276,0.018181818181818177,0.383855307977733,0.14922941340989782,50.0
1,2019-04-16,2019-07-16,3,return_60d,62,-0.009579667644183781,-0.07272727272727272,0.4224553210232011,-0.022676167555379587,45.16129032258064
1,2019-04-16,2019-07-16,3,beta_60,62,0.07917888563049852,0.09090909090909091,0.4004661977396621,0.19771677629074624,59.67741935483871
1,2019-04-16,2019-07-16,3,volatility_10,62,-0.016031280547409578,-0.006060606060606061,0.5321059090623207,-0.030127988196297178,48.38709677419355
1,2019-04-16,2019-07-16,3,volatility_20,62,0.015249266862170093,-0.01212121212121212,0.4535644216239275,0.033620950266716486,50.0
1,2019-04-16,2019-07-16,3,volatility_60,62,0.00039100684261974834,0.0303030303030303,0.4991951805548017,0.0007832744742951771,50.0
1,2019-04-16,2019-07-16,3,price_ma50_ratio,62,-0.019941348973607033,-0.07272727272727272,0.39657323819715845,-0.050284151962097574,41.935483870967744
1,2019-04-16,2019-07-16,3,volume_ratio_20,62,-0.1360703812316715,-0.16969696969696968,0.33984193946885227,-0.40039313995306,41.935483870967744
1,2019-04-16,2019-07-16,3,rsi_14,62,-0.02952101661779082,-0.09696969696969696,0.4076958921462753,-0.07240940413301764,37.096774193548384
1,2019-04-16,2019-07-16,3,momentum_20,62,0.06705767350928642,0.01818181818181818,0.4357724523337835,0.15388231438256,51.61290322580645
1,2019-04-16,2019-07-16,5,price_ma200_ratio,62,0.026588465298142704,-0.0303030303030303,0.4007945785502315,0.06633938361721223,48.38709677419355
1,2019-04-16,2019-07-16,5,return_60d,62,-0.047898338220918865,-0.04242424242424242,0.42882305986307795,-0.111697207319524,43.54838709677419
1,2019-04-16,2019-07-16,5,beta_60,62,0.11065493646138806,0.030303030303030297,0.3605581511401535,0.3068990012054258,53.2258064516129
1,2019-04-16,2019-07-16,5,volatility_10,62,0.050048875855327454,0.10909090909090909,0.540854851633601,0.09253661255724997,54.83870967741935
1,2019-04-16,2019-07-16,5,volatility_20,62,0.07194525904203321,0.09090909090909088,0.43740352423764434,0.1644825774264792,56.451612903225815
1,2019-04-16,2019-07-16,5,volatility_60,62,0.04594330400782014,0.0909090909090909,0.5067644288808727,0.0906600806794595,54.83870967741935
1,2019-04-16,2019-07-16,5,price_ma50_ratio,62,-0.0332355816226784,-0.1212121212121212,0.421532387345382,-0.07884466916523515,37.096774193548384
1,2019-04-16,2019-07-16,5,volume_ratio_20,62,-0.07429130009775171,-0.08484848484848484,0.32773409639508194,-0.2266816328081833,43.54838709677419
1,2019-04-16,2019-07-16,5,rsi_14,62,-0.006842619745845545,0.01818181818181818,0.4213048304495596,-0.016241493691263938,53.2258064516129
1,2019-04-16,2019-07-16,5,momentum_20,62,0.09110459433040079,0.036363636363636355,0.4599126316670118,0.19809108960582492,61.29032258064516
1,2019-04-16,2019-07-16,10,price_ma200_ratio,62,-0.03147605083088953,-0.08484848484848484,0.3423806534200046,-0.09193291302086885,41.935483870967744
1,2019-04-16,2019-07-16,10,return_60d,62,-0.10967741935483871,-0.15757575757575756,0.3506588224352382,-0.3127753027662511,38.70967741935484
1,2019-04-16,2019-07-16,10,beta_60,62,0.15796676441837726,0.09090909090909088,0.32056730443141007,0.4927725386672317,64.51612903225806
1,2019-04-16,2019-07-16,10,volatility_10,62,0.13626588465298142,0.23636363636363633,0.4491740812805258,0.3033698744694005,56.451612903225815
1,2019-04-16,2019-07-16,10,volatility_20,62,0.17126099706744863,0.21818181818181814,0.4097958056250365,0.41791788670514746,62.903225806451616
1,2019-04-16,2019-07-16,10,volatility_60,62,0.10087976539589442,0.17575757575757575,0.5090555386835042,0.19817045043215717,64.51612903225806
1,2019-04-16,2019-07-16,10,price_ma50_ratio,62,-0.0930596285434995,-0.1515151515151515,0.3837743858532148,-0.24248525168402654,41.935483870967744
1,2019-04-16,2019-07-16,10,volume_ratio_20,62,0.02365591397849462,0.07272727272727272,0.39069196814847196,0.06054875939887463,53.2258064516129
1,2019-04-16,2019-07-16,10,rsi_14,62,-0.012707722385141744,-0.036363636363636355,0.375508642568046,-0.033841357946479154,43.54838709677419
1,2019-04-16,2019-07-16,10,momentum_20,62,0.031671554252199405,-0.02424242424242424,0.44544886040465076,0.07110031491253252,46.774193548387096
1,2019-04-16,2019-07-16,20,price_ma200_ratio,62,-0.042228739002932544,-0.13939393939393938,0.37888538078168565,-0.11145518181728106,40.32258064516129
1,2019-04-16,2019-07-16,20,return_60d,62,-0.11417399804496581,-0.1212121212121212,0.34072055246533656,-0.3350957176455664,33.87096774193548
1,2019-04-16,2019-07-16,20,beta_60,62,0.21974584555229718,0.2121212121212121,0.29754182240615035,0.7385376743856191,70.96774193548387
1,2019-04-16,2019-07-16,20,volatility_10,62,0.2142717497556207,0.3696969696969697,0.5198008791932522,0.4122189059937285,62.903225806451616
1,2019-04-16,2019-07-16,20,volatility_20,62,0.15992179863147604,0.2545454545454545,0.49174229040042045,0.3252146535968128,62.903225806451616
1,2019-04-16,2019-07-16,20,volatility_60,62,0.09012707722385142,0.3272727272727272,0.6248604138596754,0.14423553680917162,61.29032258064516
1,2019-04-16,2019-07-16,20,price_ma50_ratio,62,-0.13137829912023463,-0.24242424242424238,0.41634805929155516,-0.31554920501799344,27.419354838709676
1,2019-04-16,2019-07-16,20,volume_ratio_20,62,0.036754643206256106,0.08484848484848484,0.3417963213772345,0.10753375887182433,54.83870967741935
1,2019-04-16,2019-07-16,20,rsi_14,62,-0.03499511241446725,-0.16969696969696968,0.46941330069021237,-0.0745507474181311,41.935483870967744
1,2019-04-16,2019-07-16,20,momentum_20,62,0.035386119257087,0.14545454545454545,0.47011159821818105,0.07527174269090066,53.2258064516129
2,2019-07-16,2019-10-16,1,price_ma200_ratio,65,-0.004568764568764567,-0.07878787878787878,0.35321238438970565,-0.012934893482454359,46.15384615384615
2,2019-07-16,2019-10-16,1,return_60d,65,0.02377622377622378,0.05454545454545454,0.38434157096648885,0.061862222492442415,53.84615384615385
2,2019-07-16,2019-10-16,1,beta_60,65,0.14386946386946387,0.1515151515151515,0.43977292553838465,0.32714488663287783,64.61538461538461
2,2019-07-16,2019-10-16,1,volatility_10,65,0.11738927738927737,0.16363636363636364,0.40017725817444916,0.29334319977299633,66.15384615384615
2,2019-07-16,2019-10-16,1,volatility_20,65,0.1416317016317016,0.13939393939393938,0.4275729243495049,0.33124572105957206,60.0
2,2019-07-16,2019-10-16,1,volatility_60,65,0.11794871794871795,0.11515151515151514,0.4094990625568473,0.28803171663511223,60.0
2,2019-07-16,2019-10-16,1,price_ma50_ratio,65,-0.002331002331002323,-0.04242424242424241,0.32989217620270567,-0.007065952147861835,44.61538461538462
2,2019-07-16,2019-10-16,1,volume_ratio_20,65,0.021351981351981353,0.0303030303030303,0.350542521435852,0.060911244845623345,53.84615384615385
2,2019-07-16,2019-10-16,1,rsi_14,65,-0.03235431235431235,-0.09090909090909088,0.33593044198057104,-0.09631253471271772,40.0
2,2019-07-16,2019-10-16,1,momentum_20,65,-0.009976689976689976,-0.06666666666666665,0.3435561052948163,-0.02903947804428818,47.69230769230769
2,2019-07-16,2019-10-16,3,price_ma200_ratio,65,0.040932400932400935,0.04242424242424241,0.32864825755128435,0.1245477497351818,55.38461538461539
2,2019-07-16,2019-10-16,3,return_60d,65,0.030489510489510492,0.05454545454545454,0.33213622718002694,0.0917982080677527,58.46153846153847
2,2019-07-16,2019-10-16,3,beta_60,65,0.13585081585081585,0.13939393939393938,0.4011217230677223,0.33867728432119804,67.6923076923077
2,2019-07-16,2019-10-16,3,volatility_10,65,0.10713286713286713,0.12727272727272726,0.38589857288421286,0.27761923640233793,63.07692307692307
2,2019-07-16,2019-10-16,3,volatility_20,65,0.14927738927738926,0.10303030303030303,0.36805954016189923,0.4055794592682647,67.6923076923077
2,2019-07-16,2019-10-16,3,volatility_60,65,0.09426573426573427,0.13939393939393938,0.3637973614070091,0.25911604718944536,60.0
2,2019-07-16,2019-10-16,3,price_ma50_ratio,65,-0.0058741258741258654,0.0303030303030303,0.3455973409531469,-0.016997022772007462,52.307692307692314
2,2019-07-16,2019-10-16,3,volume_ratio_20,65,0.0662937062937063,0.05454545454545454,0.3071311103842829,0.21584822915125568,58.46153846153847
2,2019-07-16,2019-10-16,3,rsi_14,65,-0.033846153846153845,-0.006060606060606061,0.3324003684482771,-0.10182345466148437,49.23076923076923
2,2019-07-16,2019-10-16,3,momentum_20,65,0.02433566433566434,-0.0303030303030303,0.3314902425197171,0.07341291300366662,47.69230769230769
2,2019-07-16,2019-10-16,5,price_ma200_ratio,65,0.06349650349650347,0.09090909090909088,0.34198333724408697,0.1856713371130814,58.46153846153847
2,2019-07-16,2019-10-16,5,return_60d,65,0.04801864801864802,0.10303030303030303,0.34793815433605063,0.13800914737355868,56.92307692307692
2,2019-07-16,2019-10-16,5,beta_60,65,0.14349650349650345,0.22424242424242422,0.3956679844475545,0.36266897787259256,60.0
2,2019-07-16,2019-10-16,5,volatility_10,65,0.12634032634032633,0.13939393939393938,0.4026787467190986,0.3137496760623899,61.53846153846154
2,2019-07-16,2019-10-16,5,volatility_20,65,0.1586013986013986,0.17575757575757575,0.3708804474215094,0.4276348340929025,63.07692307692307
2,2019-07-16,2019-10-16,5,volatility_60,65,0.10918414918414916,0.07878787878787878,0.36819817320529025,0.296536368536715,56.92307692307692
2,2019-07-16,2019-10-16,5,price_ma50_ratio,65,-0.003263403263403259,-0.006060606060606061,0.35509391165110965,-0.009190254060479781,49.23076923076923
2,2019-07-16,2019-10-16,5,volume_ratio_20,65,0.09724941724941724,0.1515151515151515,0.28606371733917063,0.3399571890975385,64.61538461538461
2,2019-07-16,2019-10-16,5,rsi_14,65,-0.06144522144522145,-0.05454545454545454,0.3316553442338955,-0.18526829889370947,44.61538461538462
2,2019-07-16,2019-10-16,5,momentum_20,65,0.011468531468531476,-0.006060606060606061,0.3480368053193377,0.032952065107047054,46.15384615384615
2,2019-07-16,2019-10-16,10,price_ma200_ratio,65,0.07897435897435896,0.16363636363636364,0.3569813517910909,0.22122824785697925,67.6923076923077
2,2019-07-16,2019-10-16,10,return_60d,65,0.18731934731934732,0.22424242424242422,0.32492445098611167,0.5765012351358992,69.23076923076923
2,2019-07-16,2019-10-16,10,beta_60,65,0.24494172494172492,0.34545454545454546,0.40919596337370734,0.5985927205201348,69.23076923076923
2,2019-07-16,2019-10-16,10,volatility_10,65,0.21025641025641026,0.34545454545454546,0.42575073201245384,0.49384861715342854,70.76923076923077
2,2019-07-16,2019-10-16,10,volatility_20,65,0.22648018648018645,0.23636363636363633,0.4006989549134653,0.5652128205053516,73.84615384615385
2,2019-07-16,2019-10-16,10,volatility_60,65,0.21230769230769228,0.28484848484848485,0.38731903448007804,0.5481468076896501,73.84615384615385
2,2019-07-16,2019-10-16,10,price_ma50_ratio,65,0.06703962703962704,0.01818181818181818,0.40993722352373096,0.1635363250581858,52.307692307692314
2,2019-07-16,2019-10-16,10,volume_ratio_20,65,0.1541258741258741,0.19999999999999998,0.31832963599379016,0.48417067309711853,67.6923076923077
2,2019-07-16,2019-10-16,10,rsi_14,65,-0.023962703962703946,-0.06666666666666665,0.3104109342182082,-0.07719671352124145,38.46153846153847
2,2019-07-16,2019-10-16,10,momentum_20,65,-0.006620046620046625,-0.05454545454545454,0.3804715959228623,-0.017399581705933153,47.69230769230769
2,2019-07-16,2019-10-16,20,price_ma200_ratio,65,0.07878787878787878,0.17575757575757575,0.34905750050574824,0.22571604584838684,66.15384615384615
2,2019-07-16,2019-10-16,20,return_60d,65,0.27645687645687644,0.34545454545454546,0.351299065485568,0.7869559119798848,73.84615384615385
2,2019-07-16,2019-10-16,20,beta_60,65,0.411095571095571,0.4545454545454545,0.3024304085398929,1.3593063378788655,89.23076923076924
2,2019-07-16,2019-10-16,20,volatility_10,65,0.33128205128205124,0.406060606060606,0.3626031358350307,0.9136215838816429,84.61538461538461
2,2019-07-16,2019-10-16,20,volatility_20,65,0.3984149184149184,0.3939393939393939,0.33157642521914543,1.2015779413497147,87.6923076923077
2,2019-07-16,2019-10-16,20,volatility_60,65,0.35776223776223776,0.309090909090909,0.3619689822518681,0.9883781630584492,83.07692307692308
2,2019-07-16,2019-10-16,20,price_ma50_ratio,65,0.24997668997668995,0.309090909090909,0.4144625320900107,0.6031345914819662,70.76923076923077
2,2019-07-16,2019-10-16,20,volume_ratio_20,65,0.097995337995338,0.1515151515151515,0.3442689137514893,0.2846476521144049,61.53846153846154
2,2019-07-16,2019-10-16,20,rsi_14,65,0.095011655011655,0.10303030303030303,0.3302841037326778,0.28766644818169823,60.0
2,2019-07-16,2019-10-16,20,momentum_20,65,0.16382284382284382,0.11515151515151514,0.3671765319799012,0.44616915721566675,66.15384615384615
3,2019-10-16,2020-01-16,1,price_ma200_ratio,63,0.15613275613275618,0.13939393939393938,0.33660654405905266,0.46384349588095053,68.25396825396825
3,2019-10-16,2020-01-16,1,return_60d,63,0.14728234728234724,0.09090909090909088,0.34942011420317975,0.42150506309063235,63.49206349206349
3,2019-10-16,2020-01-16,1,beta_60,63,0.0027898027898027797,0.04242424242424241,0.35625753235997987,0.007830859803362214,53.96825396825397
3,2019-10-16,2020-01-16,1,volatility_10,63,0.05646945646945649,0.05454545454545454,0.39016437036677276,0.14473247881751108,53.96825396825397
3,2019-10-16,2020-01-16,1,volatility_20,63,0.05435305435305435,0.07878787878787878,0.3916271236368714,0.1387877679367585,61.904761904761905
3,2019-10-16,2020-01-16,1,volatility_60,63,0.08282828282828282,0.05454545454545454,0.3938085353000767,0.21032627635957357,57.14285714285714
3,2019-10-16,2020-01-16,1,price_ma50_ratio,63,0.1259259259259259,0.13939393939393938,0.36707472578992245,0.3430525641746132,58.730158730158735
3,2019-10-16,2020-01-16,1,volume_ratio_20,63,0.019721019721019716,0.06666666666666665,0.33726108250494635,0.05847404501742499,53.96825396825397
3,2019-10-16,2020-01-16,1,rsi_14,63,0.04684944684944684,0.10303030303030303,0.36129780182225746,0.12966989174347288,57.14285714285714
3,2019-10-16,2020-01-16,1,momentum_20,63,0.055892255892255896,0.07878787878787878,0.3302432877436417,0.16924569844896722,55.55555555555556
3,2019-10-16,2020-01-16,3,price_ma200_ratio,63,0.23424723424723423,0.2606060606060606,0.3739909892305732,0.6263445938340936,73.01587301587301
3,2019-10-16,2020-01-16,3,return_60d,63,0.20673400673400671,0.2121212121212121,0.3819114396981076,0.5413139938867118,71.42857142857143
3,2019-10-16,2020-01-16,3,beta_60,63,-0.006060606060606059,0.0303030303030303,0.32005361084139156,-0.018936221480749058,52.38095238095239
3,2019-10-16,2020-01-16,3,volatility_10,63,0.09398749398749398,0.11515151515151514,0.38343599445320875,0.2451191211756814,57.14285714285714
3,2019-10-16,2020-01-16,3,volatility_20,63,0.10168350168350168,0.04242424242424241,0.3701797153368919,0.274686854710453,60.317460317460316
3,2019-10-16,2020-01-16,3,volatility_60,63,0.10707070707070707,0.1515151515151515,0.3920112222435481,0.2731317395913384,61.904761904761905
3,2019-10-16,2020-01-16,3,price_ma50_ratio,63,0.1642135642135642,0.17575757575757575,0.3878386377767605,0.4234069229277908,69.84126984126983
3,2019-10-16,2020-01-16,3,volume_ratio_20,63,-0.007215007215007209,0.01818181818181818,0.30599305729012377,-0.02357898992514194,53.96825396825397
3,2019-10-16,2020-01-16,3,rsi_14,63,0.002597402597402593,-0.01818181818181818,0.3512955026926039,0.007393782663011809,47.61904761904761
3,2019-10-16,2020-01-16,3,momentum_20,63,0.06647426647426645,0.09090909090909088,0.34377490910814335,0.1933656724591126,55.55555555555556
3,2019-10-16,2020-01-16,5,price_ma200_ratio,63,0.31159211159211164,0.35757575757575755,0.3603577102541241,0.8646744685228935,82.53968253968253
3,2019-10-16,2020-01-16,5,return_60d,63,0.29504569504569506,0.33333333333333326,0.36023305646240456,0.8190411450385239,80.95238095238095
3,2019-10-16,2020-01-16,5,beta_60,63,-0.02453102453102453,-0.006060606060606061,0.3244062376983354,-0.07561822702631221,49.2063492063492
3,2019-10-16,2020-01-16,5,volatility_10,63,0.18345358345358345,0.2121212121212121,0.3614289572505225,0.5075785428183709,63.49206349206349
3,2019-10-16,2020-01-16,5,volatility_20,63,0.18114478114478116,0.16363636363636364,0.32261834812956885,0.5614831958411443,71.42857142857143
3,2019-10-16,2020-01-16,5,volatility_60,63,0.1919191919191919,0.2121212121212121,0.3220686122566405,0.5958953608501937,77.77777777777779
3,2019-10-16,2020-01-16,5,price_ma50_ratio,63,0.25656565656565655,0.32121212121212117,0.3583122788976168,0.7160392531202285,74.60317460317461
3,2019-10-16,2020-01-16,5,volume_ratio_20,63,-0.01298701298701299,0.0303030303030303,0.3356215024047133,-0.03869541401239674,53.96825396825397
3,2019-10-16,2020-01-16,5,rsi_14,63,0.012794612794612793,0.05454545454545454,0.3802448789508902,0.033648350057767,50.79365079365079
3,2019-10-16,2020-01-16,5,momentum_20,63,0.12361712361712361,0.19999999999999998,0.3542124237874299,0.3489914958242932,61.904761904761905
3,2019-10-16,2020-01-16,10,price_ma200_ratio,63,0.4412698412698412,0.5272727272727272,0.3196365889116388,1.3805360730833822,88.88888888888889
3,2019-10-16,2020-01-16,10,return_60d,63,0.4118326118326118,0.5151515151515151,0.35035949270723815,1.1754572671925314,88.88888888888889
3,2019-10-16,2020-01-16,10,beta_60,63,0.07070707070707073,0.13939393939393938,0.37343589506655955,0.18934192358361324,60.317460317460316
3,2019-10-16,2020-01-16,10,volatility_10,63,0.20134680134680133,0.309090909090909,0.35250550556644833,0.5711876783973998,69.84126984126983
3,2019-10-16,2020-01-16,10,volatility_20,63,0.23097643097643097,0.28484848484848485,0.3134836517183604,0.7368053476164829,82.53968253968253
3,2019-10-16,2020-01-16,10,volatility_60,63,0.2544492544492544,0.2606060606060606,0.32618386631800017,0.7800792152030877,82.53968253968253
3,2019-10-16,2020-01-16,10,price_ma50_ratio,63,0.3693121693121693,0.43030303030303024,0.33785412639791873,1.0931113177442735,87.3015873015873
3,2019-10-16,2020-01-16,10,volume_ratio_20,63,-0.03819143819143819,-0.06666666666666665,0.37575227019972546,-0.101639939982633,42.857142857142854
3,2019-10-16,2020-01-16,10,rsi_14,63,0.11111111111111109,0.12727272727272726,0.3671643778766233,0.3026195290340701,68.25396825396825
3,2019-10-16,2020-01-16,10,momentum_20,63,0.23578643578643574,0.2727272727272727,0.37540694750935827,0.6280822380905936,76.19047619047619
3,2019-10-16,2020-01-16,20,price_ma200_ratio,63,0.5721019721019719,0.5393939393939393,0.19307769124047558,2.9630661544912864,100.0
3,2019-10-16,2020-01-16,20,return_60d,63,0.5182299182299183,0.5272727272727272,0.2333285676116961,2.2210307273319105,98.4126984126984
3,2019-10-16,2020-01-16,20,beta_60,63,0.0932178932178932,0.01818181818181818,0.37331439912667724,0.24970344952127457,52.38095238095239
3,2019-10-16,2020-01-16,20,volatility_10,63,0.24617604617604613,0.2727272727272727,0.28177966411102834,0.8736473121745454,79.36507936507937
3,2019-10-16,2020-01-16,20,volatility_20,63,0.2721500721500721,0.28484848484848485,0.20765787213779008,1.3105694927350917,88.88888888888889
3,2019-10-16,2020-01-16,20,volatility_60,63,0.29446849446849443,0.2727272727272727,0.2473129625341264,1.1906714935245706,88.88888888888889
3,2019-10-16,2020-01-16,20,price_ma50_ratio,63,0.4999518999518999,0.5393939393939393,0.21674303766753122,2.306657253363734,98.4126984126984
3,2019-10-16,2020-01-16,20,volume_ratio_20,63,-0.05204425204425206,-0.07878787878787878,0.3626585663190093,-0.14350757676153114,41.269841269841265
3,2019-10-16,2020-01-16,20,rsi_14,63,0.24405964405964403,0.28484848484848485,0.29718149597917964,0.8212477807728066,84.12698412698413
3,2019-10-16,2020-01-16,20,momentum_20,63,0.39451659451659443,0.4545454545454545,0.2590892553912783,1.5227053469307048,95.23809523809523
4,2020-01-16,2020-04-16,1,price_ma200_ratio,62,0.13313782991202344,0.1515151515151515,0.41975193227200974,0.3171821727928266,61.29032258064516
4,2020-01-16,2020-04-16,1,return_60d,62,0.13685239491691104,0.16969696969696968,0.43452245612430673,0.3149489583059909,61.29032258064516
4,2020-01-16,2020-04-16,1,beta_60,62,6.267388042238787e-18,0.060606060606060594,0.4026422239547443,1.5565650270556873e-17,53.2258064516129
4,2020-01-16,2020-04-16,1,volatility_10,62,0.06432062561094819,0.10909090909090909,0.37356112501207944,0.1721823318978074,62.903225806451616
4,2020-01-16,2020-04-16,1,volatility_20,62,0.04496578690127077,0.060606060606060594,0.3778837470103918,0.11899370443162831,61.29032258064516
4,2020-01-16,2020-04-16,1,volatility_60,62,0.03792766373411533,0.07272727272727271,0.3704038838188364,0.10239542669770077,58.06451612903226
4,2020-01-16,2020-04-16,1,price_ma50_ratio,62,0.08543499511241447,0.10909090909090909,0.4254736369931104,0.20079973865407294,59.67741935483871
4,2020-01-16,2020-04-16,1,volume_ratio_20,62,-0.005083088954056695,0.0,0.363850232766356,-0.013970278142767514,50.0
4,2020-01-16,2020-04-16,1,rsi_14,62,0.07585532746823069,0.08484848484848484,0.3729729390207654,0.20338024433458274,59.67741935483871
4,2020-01-16,2020-04-16,1,momentum_20,62,0.04965786901270772,0.06666666666666665,0.3980440197202337,0.12475471694716048,59.67741935483871
4,2020-01-16,2020-04-16,3,price_ma200_ratio,62,0.19276637341153466,0.18787878787878787,0.40849024174545634,0.4718995797497011,74.19354838709677
4,2020-01-16,2020-04-16,3,return_60d,62,0.20742913000977517,0.21818181818181814,0.4289447989594731,0.4835800096258381,69.35483870967742
4,2020-01-16,2020-04-16,3,beta_60,62,-0.00019550342130987496,-0.07272727272727271,0.35483803424834626,-0.0005509652360802022,43.54838709677419
4,2020-01-16,2020-04-16,3,volatility_10,62,0.14721407624633426,0.12727272727272726,0.39983495834460736,0.3681871061395644,64.51612903225806
4,2020-01-16,2020-04-16,3,volatility_20,62,0.13313782991202344,0.13333333333333333,0.41729456224597744,0.31904999958648955,62.903225806451616
4,2020-01-16,2020-04-16,3,volatility_60,62,0.11417399804496578,0.09090909090909088,0.39227696695459646,0.2910545549776841,62.903225806451616
4,2020-01-16,2020-04-16,3,price_ma50_ratio,62,0.14193548387096772,0.18787878787878787,0.4335846660130996,0.3273535597466897,67.74193548387096
4,2020-01-16,2020-04-16,3,volume_ratio_20,62,0.03988269794721407,0.04242424242424241,0.3873638975533943,0.10295925407379153,56.451612903225815
4,2020-01-16,2020-04-16,3,rsi_14,62,0.12629521016617792,0.19999999999999998,0.3303405249019468,0.3823182463116369,67.74193548387096
4,2020-01-16,2020-04-16,3,momentum_20,62,0.12844574780058648,0.20606060606060606,0.41915455769710686,0.3064400599776016,66.12903225806451
4,2020-01-16,2020-04-16,5,price_ma200_ratio,62,0.21837732160312803,0.2909090909090909,0.3769047561270342,0.5793965665148699,69.35483870967742
4,2020-01-16,2020-04-16,5,return_60d,62,0.22189638318670574,0.303030303030303,0.3953261614102824,0.5612995163161348,66.12903225806451
4,2020-01-16,2020-04-16,5,beta_60,62,-0.025610948191593347,-0.11515151515151514,0.37308057093817365,-0.06864723115221552,35.483870967741936
4,2020-01-16,2020-04-16,5,volatility_10,62,0.16011730205278588,0.19999999999999998,0.438666919495569,0.36500883685714813,64.51612903225806
4,2020-01-16,2020-04-16,5,volatility_20,62,0.15386119257087003,0.1939393939393939,0.4181600098544773,0.36794812737931304,62.903225806451616
4,2020-01-16,2020-04-16,5,volatility_60,62,0.104594330400782,0.09696969696969696,0.4059055178825801,0.2576814696838857,61.29032258064516
4,2020-01-16,2020-04-16,5,price_ma50_ratio,62,0.15425219941348975,0.2909090909090909,0.39139870433464874,0.39410503332071073,70.96774193548387
4,2020-01-16,2020-04-16,5,volume_ratio_20,62,0.02834799608993158,0.0303030303030303,0.33221557467657004,0.08533012372321767,56.451612903225815
4,2020-01-16,2020-04-16,5,rsi_14,62,0.11260997067448682,0.1939393939393939,0.3208183029249795,0.3510085604461902,69.35483870967742
4,2020-01-16,2020-04-16,5,momentum_20,62,0.12883675464320626,0.2545454545454545,0.395938883000059,0.32539556021121335,72.58064516129032
4,2020-01-16,2020-04-16,10,price_ma200_ratio,62,0.3004887585532746,0.34545454545454546,0.33386589509641446,0.9000283136631817,83.87096774193549
4,2020-01-16,2020-04-16,10,return_60d,62,0.3239491691104594,0.309090909090909,0.34154043638882037,0.9484943350651034,87.09677419354838
4,2020-01-16,2020-04-16,10,beta_60,62,-0.06881720430107525,-0.06666666666666665,0.30877046552152815,-0.22287495724320552,40.32258064516129
4,2020-01-16,2020-04-16,10,volatility_10,62,0.1284457478005865,0.18787878787878787,0.354205982511377,0.36263009136628815,66.12903225806451
4,2020-01-16,2020-04-16,10,volatility_20,62,0.1544477028347996,0.2303030303030303,0.35682095001027647,0.43284370727209687,64.51612903225806
4,2020-01-16,2020-04-16,10,volatility_60,62,0.07741935483870964,0.04848484848484848,0.30489721854219987,0.25391951821952835,54.83870967741935
4,2020-01-16,2020-04-16,10,price_ma50_ratio,62,0.2166177908113392,0.23636363636363633,0.34698927090197873,0.624278065567427,79.03225806451613
4,2020-01-16,2020-04-16,10,volume_ratio_20,62,0.05219941348973607,0.07272727272727272,0.28526431652928014,0.1829861306343172,58.06451612903226
4,2020-01-16,2020-04-16,10,rsi_14,62,0.10029325513196481,0.11515151515151514,0.3012359741097578,0.33293916979325366,64.51612903225806
4,2020-01-16,2020-04-16,10,momentum_20,62,0.19237536656891488,0.2545454545454545,0.33872074226146703,0.5679468144894874,79.03225806451613
4,2020-01-16,2020-04-16,20,price_ma200_ratio,62,0.3650048875855327,0.3696969696969697,0.22527900305836776,1.6202348316099535,95.16129032258065
4,2020-01-16,2020-04-16,20,return_60d,62,0.398240469208211,0.38181818181818183,0.19012767825853646,2.0945949209282504,98.38709677419355
4,2020-01-16,2020-04-16,20,beta_60,62,-0.09481915933528837,-0.07272727272727272,0.29806381530551906,-0.31811697517894805,40.32258064516129
4,2020-01-16,2020-04-16,20,volatility_10,62,0.040664711632453575,0.060606060606060594,0.3415505025833798,0.11905914740244437,54.83870967741935
4,2020-01-16,2020-04-16,20,volatility_20,62,0.10009775171065492,0.10909090909090909,0.3540493842929515,0.2827225696509923,56.451612903225815
4,2020-01-16,2020-04-16,20,volatility_60,62,0.06432062561094819,0.07272727272727272,0.26945065939179846,0.23871021787859828,56.451612903225815
4,2020-01-16,2020-04-16,20,price_ma50_ratio,62,0.2768328445747801,0.2909090909090909,0.2743853646932609,1.0089198630701577,82.25806451612904
4,2020-01-16,2020-04-16,20,volume_ratio_20,62,-0.008797653958944277,-0.04242424242424241,0.30655413115823094,-0.028698533357566405,41.935483870967744
4,2020-01-16,2020-04-16,20,rsi_14,62,0.18572825024437925,0.26060606060606056,0.27858930869550624,0.6666740052374993,67.74193548387096
4,2020-01-16,2020-04-16,20,momentum_20,62,0.21133919843597263,0.2606060606060606,0.31592149408837894,0.6689611260728292,70.96774193548387
5,2020-04-16,2020-07-16,1,price_ma200_ratio,63,0.06166426166426166,0.11515151515151514,0.5039804705348974,0.12235446663005528,61.904761904761905
5,2020-04-16,2020-07-16,1,return_60d,63,0.02145262145262145,0.04242424242424241,0.4670090851206929,0.045936197252088314,57.14285714285714
5,2020-04-16,2020-07-16,1,beta_60,63,-0.025877825877825864,-0.07878787878787878,0.4176349099820695,-0.06196279396024841,46.03174603174603
5,2020-04-16,2020-07-16,1,volatility_10,63,0.01683501683501683,0.07878787878787878,0.3958318996649648,0.04253072288834255,57.14285714285714
5,2020-04-16,2020-07-16,1,volatility_20,63,-0.023184223184223175,0.006060606060606061,0.422847223591097,-0.05482884098736061,50.79365079365079
5,2020-04-16,2020-07-16,1,volatility_60,63,0.0035594035594035656,0.04242424242424241,0.4211092723378965,0.008452446415256118,53.96825396825397
5,2020-04-16,2020-07-16,1,price_ma50_ratio,63,0.01587301587301586,0.07878787878787878,0.4301328654099538,0.03690258789662005,53.96825396825397
5,2020-04-16,2020-07-16,1,volume_ratio_20,63,0.03511303511303511,0.04242424242424241,0.32975087020259775,0.10648352524880916,52.38095238095239
5,2020-04-16,2020-07-16,1,rsi_14,63,0.0070226070226070275,0.04242424242424241,0.43004715637923085,0.016329853408946257,52.38095238095239
5,2020-04-16,2020-07-16,1,momentum_20,63,0.022799422799422795,0.006060606060606061,0.39649179038794236,0.057502887454781826,50.79365079365079
5,2020-04-16,2020-07-16,3,price_ma200_ratio,63,0.17267917267917268,0.2606060606060606,0.5583698211339876,0.30925591989996937,61.904761904761905
5,2020-04-16,2020-07-16,3,return_60d,63,0.10610870610870611,0.17575757575757575,0.48799549676705267,0.21743787967649564,63.49206349206349
5,2020-04-16,2020-07-16,3,beta_60,63,-0.07532467532467532,-0.12727272727272726,0.43307891865812265,-0.17392828900114962,47.61904761904761
5,2020-04-16,2020-07-16,3,volatility_10,63,0.012217412217412215,0.01818181818181818,0.39430690739310875,0.030984524968597438,52.38095238095239
5,2020-04-16,2020-07-16,3,volatility_20,63,-0.031842231842231845,0.006060606060606061,0.42631801750580783,-0.0746912645834821,50.79365079365079
5,2020-04-16,2020-07-16,3,volatility_60,63,0.004521404521404532,-0.01818181818181818,0.4327563073709285,0.01044792287112548,47.61904761904761
5,2020-04-16,2020-07-16,3,price_ma50_ratio,63,0.078018278018278,0.09090909090909088,0.4447167962840773,0.1754336212847722,55.55555555555556
5,2020-04-16,2020-07-16,3,volume_ratio_20,63,0.06320346320346318,0.0303030303030303,0.3654268631410678,0.17295790096051145,55.55555555555556
5,2020-04-16,2020-07-16,3,rsi_14,63,0.04800384800384799,0.13939393939393938,0.44676866640753876,0.10744676521262408,52.38095238095239
5,2020-04-16,2020-07-16,3,momentum_20,63,0.06127946127946126,0.01818181818181818,0.42462084939138445,0.14431571451871486,50.79365079365079
5,2020-04-16,2020-07-16,5,price_ma200_ratio,63,0.2113516113516113,0.35757575757575755,0.5571543012368317,0.37934125408783526,61.904761904761905
5,2020-04-16,2020-07-16,5,return_60d,63,0.08244348244348243,0.16363636363636364,0.5134599790946357,0.16056457328739013,57.14285714285714
5,2020-04-16,2020-07-16,5,beta_60,63,-0.0732082732082732,-0.07878787878787878,0.39737177012367764,-0.18423118780050207,46.03174603174603
5,2020-04-16,2020-07-16,5,volatility_10,63,0.03511303511303511,0.05454545454545454,0.3941005140549334,0.08909664885172093,57.14285714285714
5,2020-04-16,2020-07-16,5,volatility_20,63,-0.007599807599807602,-0.05454545454545454,0.4331722772895558,-0.017544538277844312,44.44444444444444
5,2020-04-16,2020-07-16,5,volatility_60,63,0.037229437229437216,0.0303030303030303,0.42035766008211617,0.08856609683802243,52.38095238095239
5,2020-04-16,2020-07-16,5,price_ma50_ratio,63,0.07166907166907166,0.07878787878787878,0.4369098076493474,0.1640363077557449,55.55555555555556
5,2020-04-16,2020-07-16,5,volume_ratio_20,63,0.047811447811447805,0.10303030303030303,0.33698894983416056,0.1418783845434007,61.904761904761905
5,2020-04-16,2020-07-16,5,rsi_14,63,0.010293410293410288,0.0303030303030303,0.4669936203688982,0.022041864908730627,52.38095238095239
5,2020-04-16,2020-07-16,5,momentum_20,63,0.03780663780663782,-0.06666666666666665,0.48610993561060895,0.07777384298707744,44.44444444444444
5,2020-04-16,2020-07-16,10,price_ma200_ratio,63,0.2931216931216932,0.49090909090909085,0.5529787349514019,0.5300776948456327,71.42857142857143
5,2020-04-16,2020-07-16,10,return_60d,63,0.11919191919191918,0.24848484848484845,0.522284014538235,0.22821284181423757,65.07936507936508
5,2020-04-16,2020-07-16,10,beta_60,63,-0.08686868686868687,-0.16363636363636364,0.37369598108121554,-0.23245817794815316,39.682539682539684
5,2020-04-16,2020-07-16,10,volatility_10,63,-0.0326118326118326,-0.05454545454545454,0.3307577176097921,-0.09859734444747276,41.269841269841265
5,2020-04-16,2020-07-16,10,volatility_20,63,-0.06320346320346316,-0.13939393939393938,0.34176956991206203,-0.18493004868667956,42.857142857142854
5,2020-04-16,2020-07-16,10,volatility_60,63,0.03742183742183741,0.04242424242424241,0.3437483196946816,0.1088640591903856,53.96825396825397
5,2020-04-16,2020-07-16,10,price_ma50_ratio,63,0.088023088023088,0.10303030303030303,0.45350660974426243,0.19409438833256526,60.317460317460316
5,2020-04-16,2020-07-16,10,volume_ratio_20,63,0.04069264069264068,0.11515151515151514,0.34892942625743495,0.11662140716850362,60.317460317460316
5,2020-04-16,2020-07-16,10,rsi_14,63,0.050889850889850874,0.04242424242424241,0.49017907861544197,0.10381889621563238,53.96825396825397
5,2020-04-16,2020-07-16,10,momentum_20,63,0.013179413179413162,0.006060606060606061,0.4532082509736582,0.029080258691449087,50.79365079365079
5,2020-04-16,2020-07-16,20,price_ma200_ratio,63,0.4364598364598364,0.4787878787878787,0.4255078071440868,1.0257387270735574,80.95238095238095
5,2020-04-16,2020-07-16,20,return_60d,63,0.22886002886002882,0.32121212121212117,0.3910817691093524,0.5851973856547532,74.60317460317461
5,2020-04-16,2020-07-16,20,beta_60,63,-0.06358826358826358,-0.11515151515151514,0.3861948309916491,-0.16465332646992,38.095238095238095
5,2020-04-16,2020-07-16,20,volatility_10,63,-0.09802789802789802,-0.17575757575757575,0.2918576496913032,-0.3358757193158438,33.33333333333333
5,2020-04-16,2020-07-16,20,volatility_20,63,-0.030303030303030304,-0.10303030303030303,0.34776712183578756,-0.08713598382465584,38.095238095238095
5,2020-04-16,2020-07-16,20,volatility_60,63,0.12457912457912458,0.01818181818181818,0.3310984848562509,0.3762600261768387,50.79365079365079
5,2020-04-16,2020-07-16,20,price_ma50_ratio,63,0.17748917748917745,0.18787878787878787,0.3484537001191492,0.5093622981431603,63.49206349206349
5,2020-04-16,2020-07-16,20,volume_ratio_20,63,0.010870610870610855,-0.0303030303030303,0.34175647261267433,0.031808061417262265,49.2063492063492
5,2020-04-16,2020-07-16,20,rsi_14,63,0.036459836459836456,0.0303030303030303,0.40271523130690756,0.09053503226464898,53.96825396825397
5,2020-04-16,2020-07-16,20,momentum_20,63,0.015680615680615673,-0.006060606060606061,0.3328026254587405,0.047116862912368135,49.2063492063492
6,2020-07-16,2020-10-16,1,price_ma200_ratio,65,0.059020979020979004,0.2727272727272727,0.5767518099486241,0.10233340928091145,55.38461538461539
6,2020-07-16,2020-10-16,1,return_60d,65,0.058275058275058286,0.1515151515151515,0.531029472467079,0.10973978149333516,58.46153846153847
6,2020-07-16,2020-10-16,1,beta_60,65,-0.011655011655011668,-0.0303030303030303,0.4926413364018999,-0.023658208911449194,44.61538461538462
6,2020-07-16,2020-10-16,1,volatility_10,65,-0.02955710955710955,-0.05454545454545454,0.4508428843291368,-0.06555966742403203,44.61538461538462
6,2020-07-16,2020-10-16,1,volatility_20,65,-0.008857808857808862,-0.006060606060606061,0.471573812423547,-0.018783504563763105,49.23076923076923
6,2020-07-16,2020-10-16,1,volatility_60,65,-0.03533799533799534,-0.01818181818181818,0.4115297243129317,-0.08586984912692221,44.61538461538462
6,2020-07-16,2020-10-16,1,price_ma50_ratio,65,0.035524475524475525,0.1515151515151515,0.4898275086228982,0.07252445993559874,58.46153846153847
6,2020-07-16,2020-10-16,1,volume_ratio_20,65,-0.036643356643356634,-0.10303030303030303,0.32531052970359203,-0.112641163742054,40.0
6,2020-07-16,2020-10-16,1,rsi_14,65,0.030489510489510478,0.05454545454545454,0.370047600167562,0.08239348255658045,58.46153846153847
6,2020-07-16,2020-10-16,1,momentum_20,65,0.01351981351981352,0.0303030303030303,0.4075205116759201,0.033175786573818214,52.307692307692314
6,2020-07-16,2020-10-16,3,price_ma200_ratio,65,0.15785547785547782,0.33333333333333326,0.5437351169228911,0.290316871105943,64.61538461538461
6,2020-07-16,2020-10-16,3,return_60d,65,0.12671328671328672,0.18787878787878787,0.49205081770576936,0.2575207319115913,61.53846153846154
6,2020-07-16,2020-10-16,3,beta_60,65,-0.013333333333333327,-0.04242424242424241,0.4518546618608274,-0.029508013214744777,46.15384615384615
6,2020-07-16,2020-10-16,3,volatility_10,65,0.0771095571095571,0.04242424242424241,0.41397686575078724,0.18626537734110196,53.84615384615385
6,2020-07-16,2020-10-16,3,volatility_20,65,0.05305361305361305,0.04242424242424241,0.44173622141806235,0.12010247401333822,52.307692307692314
6,2020-07-16,2020-10-16,3,volatility_60,65,-0.018927738927738923,-0.006060606060606061,0.3829401320494547,-0.049427410040414635,49.23076923076923
6,2020-07-16,2020-10-16,3,price_ma50_ratio,65,0.09594405594405593,0.16363636363636364,0.4844879924410138,0.1980318551563217,56.92307692307692
6,2020-07-16,2020-10-16,3,volume_ratio_20,65,-0.05417249417249416,-0.05454545454545454,0.38227467438921614,-0.1417109157415382,44.61538461538462
6,2020-07-16,2020-10-16,3,rsi_14,65,0.04205128205128205,0.09090909090909088,0.3974896504059449,0.10579214328809887,56.92307692307692
6,2020-07-16,2020-10-16,3,momentum_20,65,0.06517482517482517,0.04242424242424241,0.4225208994038062,0.15425231099050826,52.307692307692314
6,2020-07-16,2020-10-16,5,price_ma200_ratio,65,0.14163170163170163,0.2727272727272727,0.5237775671870593,0.2704042908754815,69.23076923076923
6,2020-07-16,2020-10-16,5,return_60d,65,0.11347319347319346,0.22424242424242422,0.4812359590838168,0.23579533351835383,67.6923076923077
6,2020-07-16,2020-10-16,5,beta_60,65,-0.021911421911421907,0.04242424242424241,0.43727767840349435,-0.050108713509961794,52.307692307692314
6,2020-07-16,2020-10-16,5,volatility_10,65,0.04634032634032635,0.09090909090909088,0.40318468046031525,0.11493573190186612,61.53846153846154
6,2020-07-16,2020-10-16,5,volatility_20,65,0.041491841491841486,0.06666666666666665,0.4502897123336844,0.09214476892399934,55.38461538461539
6,2020-07-16,2020-10-16,5,volatility_60,65,-0.020606060606060607,-0.006060606060606061,0.3780975527721712,-0.054499322873102864,49.23076923076923
6,2020-07-16,2020-10-16,5,price_ma50_ratio,65,0.04167832167832166,0.07878787878787878,0.4679188087525176,0.08907169555640866,60.0
6,2020-07-16,2020-10-16,5,volume_ratio_20,65,-0.020233100233100227,-0.04242424242424241,0.35894428172970233,-0.05636835927737794,44.61538461538462
6,2020-07-16,2020-10-16,5,rsi_14,65,-0.03515151515151515,-0.01818181818181818,0.3705702552142937,-0.09485789713798723,46.15384615384615
6,2020-07-16,2020-10-16,5,momentum_20,65,0.02508158508158509,0.05454545454545454,0.43602137898596754,0.05752375064708075,52.307692307692314
6,2020-07-16,2020-10-16,10,price_ma200_ratio,65,0.22834498834498831,0.29696969696969694,0.49536083314965323,0.4609669821756035,69.23076923076923
6,2020-07-16,2020-10-16,10,return_60d,65,0.19571095571095565,0.33333333333333326,0.4784014108130429,0.4090936006613045,67.6923076923077
6,2020-07-16,2020-10-16,10,beta_60,65,-0.043170163170163166,-0.09090909090909088,0.42570029229153983,-0.1014097569390396,46.15384615384615
6,2020-07-16,2020-10-16,10,volatility_10,65,0.055664335664335644,0.06666666666666665,0.4745096694822495,0.11730917038017903,50.76923076923077
6,2020-07-16,2020-10-16,10,volatility_20,65,0.05864801864801865,0.11515151515151514,0.4905548521905571,0.11955445631844795,52.307692307692314
6,2020-07-16,2020-10-16,10,volatility_60,65,-0.03552447552447552,-0.04242424242424241,0.363541460032268,-0.09771781056642717,46.15384615384615
6,2020-07-16,2020-10-16,10,price_ma50_ratio,65,0.11515151515151512,0.13939393939393938,0.48477745691859003,0.2375347976852249,66.15384615384615
6,2020-07-16,2020-10-16,10,volume_ratio_20,65,-0.05547785547785547,-0.006060606060606061,0.33687721979013946,-0.16468271589398617,47.69230769230769
6,2020-07-16,2020-10-16,10,rsi_14,65,0.032540792540792535,0.04242424242424241,0.330934150369901,0.09833011342111453,52.307692307692314
6,2020-07-16,2020-10-16,10,momentum_20,65,0.07655011655011655,0.07878787878787878,0.4069804840043157,0.1880928436590704,55.38461538461539
6,2020-07-16,2020-10-16,20,price_ma200_ratio,65,0.2924941724941724,0.4424242424242424,0.5300933318326932,0.5517786301573187,73.84615384615385
6,2020-07-16,2020-10-16,20,return_60d,65,0.3048018648018647,0.41818181818181815,0.5187814657686975,0.5875342218524107,72.3076923076923
6,2020-07-16,2020-10-16,20,beta_60,65,-0.10582750582750583,-0.12727272727272726,0.3950611606052601,-0.26787625912243823,36.92307692307693
6,2020-07-16,2020-10-16,20,volatility_10,65,0.038881118881118885,0.10303030303030303,0.44869325152268286,0.08665412004564843,61.53846153846154
6,2020-07-16,2020-10-16,20,volatility_20,65,0.0275058275058275,0.10303030303030303,0.40404729986345383,0.06807576121687482,60.0
6,2020-07-16,2020-10-16,20,volatility_60,65,-0.05585081585081585,0.01818181818181818,0.3131208109124342,-0.1783682652330471,52.307692307692314
6,2020-07-16,2020-10-16,20,price_ma50_ratio,65,0.20074592074592076,0.29696969696969694,0.5033992664890669,0.3987807176319767,67.6923076923077
6,2020-07-16,2020-10-16,20,volume_ratio_20,65,-0.02023310023310023,-0.06666666666666665,0.3629511804222752,-0.0557460653787103,44.61538461538462
6,2020-07-16,2020-10-16,20,rsi_14,65,0.09463869463869463,0.13939393939393938,0.3228867373630203,0.2931018332050372,70.76923076923077
6,2020-07-16,2020-10-16,20,momentum_20,65,0.14797202797202796,0.24848484848484845,0.4260552344424254,0.34730714707842425,64.61538461538461
7,2020-10-16,2021-01-16,1,price_ma200_ratio,63,0.030880230880230865,0.0303030303030303,0.41600395431947107,0.07423061862656317,52.38095238095239
7,2020-10-16,2021-01-16,1,return_60d,63,0.04069264069264069,0.0303030303030303,0.37144344709864213,0.1095527219836353,55.55555555555556
7,2020-10-16,2021-01-16,1,beta_60,63,-0.04280904280904281,-0.0303030303030303,0.4141916152874656,-0.10335564803582906,47.61904761904761
7,2020-10-16,2021-01-16,1,volatility_10,63,-0.01125541125541126,0.006060606060606061,0.353046949196793,-0.03188077755952324,50.79365079365079
7,2020-10-16,2021-01-16,1,volatility_20,63,-0.028186628186628183,-0.006060606060606061,0.38043031402335437,-0.07409143579682724,49.2063492063492
7,2020-10-16,2021-01-16,1,volatility_60,63,-0.0020202020202020263,0.09090909090909088,0.3767967216211544,-0.005361516977934891,53.96825396825397
7,2020-10-16,2021-01-16,1,price_ma50_ratio,63,0.023376623376623377,-0.01818181818181818,0.39810394715319275,0.05871989851843372,49.2063492063492
7,2020-10-16,2021-01-16,1,volume_ratio_20,63,-0.007984607984607976,-0.006060606060606061,0.3226141507704656,-0.024749714064120163,49.2063492063492
7,2020-10-16,2021-01-16,1,rsi_14,63,-0.01606541606541607,-0.006060606060606061,0.41153739155925084,-0.03903756109389409,47.61904761904761
7,2020-10-16,2021-01-16,1,momentum_20,63,0.034151034151034154,0.04242424242424241,0.40098711339803766,0.08516741064727014,50.79365079365079
7,2020-10-16,2021-01-16,3,price_ma200_ratio,63,0.041654641654641666,0.17575757575757575,0.46983536833202927,0.08865795225787393,58.730158730158735
7,2020-10-16,2021-01-16,3,return_60d,63,0.0328042328042328,0.05454545454545454,0.4290699153214247,0.07645428316655226,53.96825396825397
7,2020-10-16,2021-01-16,3,beta_60,63,-0.05608465608465605,-0.07878787878787878,0.4005830761000864,-0.14000755256730615,44.44444444444444
7,2020-10-16,2021-01-16,3,volatility_10,63,0.03241943241943241,-0.006060606060606061,0.36776760263012515,0.08815195299309059,49.2063492063492
7,2020-10-16,2021-01-16,3,volatility_20,63,0.004136604136604138,0.16363636363636364,0.39870762725009484,0.010375031361036383,53.96825396825397
7,2020-10-16,2021-01-16,3,volatility_60,63,0.015488215488215475,0.01818181818181818,0.4031420446126356,0.03841875511421175,55.55555555555556
7,2020-10-16,2021-01-16,3,price_ma50_ratio,63,0.003944203944203947,-0.07878787878787878,0.47110803555104797,0.008372185669876063,44.44444444444444
7,2020-10-16,2021-01-16,3,volume_ratio_20,63,0.03684463684463684,0.07878787878787878,0.3381896340017337,0.10894667707185833,60.317460317460316
7,2020-10-16,2021-01-16,3,rsi_14,63,-0.019143819143819154,-0.12727272727272726,0.4284572176639736,-0.04468081842148611,46.03174603174603
7,2020-10-16,2021-01-16,3,momentum_20,63,0.05088985088985088,0.0303030303030303,0.4571441383984523,0.1113212368163292,53.96825396825397
7,2020-10-16,2021-01-16,5,price_ma200_ratio,63,9.620009620011356e-05,0.09090909090909088,0.44716655480812056,0.0002151325835211291,55.55555555555556
7,2020-10-16,2021-01-16,5,return_60d,63,0.03780663780663781,0.04242424242424241,0.4515938240102448,0.0837182348308203,50.79365079365079
7,2020-10-16,2021-01-16,5,beta_60,63,-0.11188071188071187,-0.13939393939393938,0.369565262497911,-0.30273600696262487,36.507936507936506
7,2020-10-16,2021-01-16,5,volatility_10,63,0.08513708513708515,0.13939393939393938,0.3600004419747552,0.23649161281600684,61.904761904761905
7,2020-10-16,2021-01-16,5,volatility_20,63,0.05242905242905241,0.07878787878787878,0.3535890530499398,0.1482767975332299,57.14285714285714
7,2020-10-16,2021-01-16,5,volatility_60,63,0.005291005291005293,0.05454545454545454,0.41336637275537425,0.012799796112434267,57.14285714285714
7,2020-10-16,2021-01-16,5,price_ma50_ratio,63,0.06685906685906687,0.04242424242424241,0.4515574232201274,0.14806326597907368,50.79365079365079
7,2020-10-16,2021-01-16,5,volume_ratio_20,63,0.06589706589706587,0.13939393939393938,0.3158490889868513,0.2086346555832844,63.49206349206349
7,2020-10-16,2021-01-16,5,rsi_14,63,0.009139009139009138,0.05454545454545454,0.40249801025689264,0.022705725012593738,52.38095238095239
7,2020-10-16,2021-01-16,5,momentum_20,63,0.10322270322270317,0.06666666666666665,0.432098697456603,0.2388868650386759,55.55555555555556
7,2020-10-16,2021-01-16,10,price_ma200_ratio,63,-0.009139009139009138,0.12727272727272726,0.4358798678977627,-0.020966807168879678,58.730158730158735
7,2020-10-16,2021-01-16,10,return_60d,63,0.11476671476671474,0.10303030303030303,0.45438494789581546,0.25257596075350025,61.904761904761905
7,2020-10-16,2021-01-16,10,beta_60,63,-0.21885521885521883,-0.24848484848484845,0.28399053655702755,-0.770642647140712,19.047619047619047
7,2020-10-16,2021-01-16,10,volatility_10,63,0.068013468013468,0.11515151515151514,0.32580032353940747,0.20875813527312648,65.07936507936508
7,2020-10-16,2021-01-16,10,volatility_20,63,0.029341029341029348,0.05454545454545454,0.3985417394119521,0.07362096974917108,52.38095238095239
7,2020-10-16,2021-01-16,10,volatility_60,63,-0.08263588263588262,-0.04242424242424241,0.42476061299188517,-0.19454695211455808,47.61904761904761
7,2020-10-16,2021-01-16,10,price_ma50_ratio,63,0.13804713804713806,0.19999999999999998,0.477312455569355,0.28921754803668515,65.07936507936508
7,2020-10-16,2021-01-16,10,volume_ratio_20,63,0.02395382395382395,0.006060606060606061,0.3033965110212752,0.07895220638230815,52.38095238095239
7,2020-10-16,2021-01-16,10,rsi_14,63,0.0458874458874459,0.10303030303030303,0.41251449563923276,0.11123838403869586,60.317460317460316
7,2020-10-16,2021-01-16,10,momentum_20,63,0.17922077922077914,0.2121212121212121,0.42308698162110436,0.4236026798415659,73.01587301587301
7,2020-10-16,2021-01-16,20,price_ma200_ratio,63,0.016065416065416078,0.07878787878787878,0.3657192849348715,0.04392827156565468,61.904761904761905
7,2020-10-16,2021-01-16,20,return_60d,63,0.22405002405002403,0.2121212121212121,0.43040072721557865,0.5205614439814877,66.66666666666666
7,2020-10-16,2021-01-16,20,beta_60,63,-0.1642135642135642,-0.18787878787878787,0.24004135401519244,-0.6841053071345822,23.809523809523807
7,2020-10-16,2021-01-16,20,volatility_10,63,0.07436267436267434,0.04242424242424241,0.3690075881812182,0.20152071866379917,57.14285714285714
7,2020-10-16,2021-01-16,20,volatility_20,63,0.08744588744588744,0.09090909090909088,0.4046381093138974,0.21610887712519294,65.07936507936508
7,2020-10-16,2021-01-16,20,volatility_60,63,-0.010870610870610859,0.06666666666666665,0.3121713342821865,-0.03482257874704279,55.55555555555556
7,2020-10-16,2021-01-16,20,price_ma50_ratio,63,0.19037999037999032,0.29696969696969694,0.48543541566661325,0.39218397388364273,68.25396825396825
7,2020-10-16,2021-01-16,20,volume_ratio_20,63,0.02068302068302069,-0.01818181818181818,0.33984859039353105,0.06085951587755765,49.2063492063492
7,2020-10-16,2021-01-16,20,rsi_14,63,0.13670033670033668,0.16363636363636364,0.3761448793524562,0.363424691399947,68.25396825396825
7,2020-10-16,2021-01-16,20,momentum_20,63,0.19307359307359306,0.28484848484848485,0.4668340296591436,0.41358080347005705,65.07936507936508
8,2021-01-16,2021-04-16,1,price_ma200_ratio,61,-0.10740188772975659,-0.12727272727272726,0.3684199357157562,-0.2915202933334732,36.0655737704918
8,2021-01-16,2021-04-16,1,return_60d,61,-0.053949329359165424,0.006060606060606061,0.42429682900512594,-0.12714997066007688,50.81967213114754
8,2021-01-16,2021-04-16,1,beta_60,61,0.007650273224043708,0.06666666666666665,0.4488040109764588,0.017045910992192513,54.09836065573771
8,2021-01-16,2021-04-16,1,volatility_10,61,-0.05633383010432189,-0.01818181818181818,0.4326940884515931,-0.1301932048711688,47.540983606557376
8,2021-01-16,2021-04-16,1,volatility_20,61,-0.08951813214108295,-0.07878787878787878,0.40297697443584063,-0.2221420523254622,40.98360655737705
8,2021-01-16,2021-04-16,1,volatility_60,61,-0.08375558867362146,-0.13939393939393938,0.39869623489785794,-0.21007368854405864,44.26229508196721
8,2021-01-16,2021-04-16,1,price_ma50_ratio,61,-0.003278688524590166,-0.01818181818181818,0.4512684211919726,-0.00726549514794298,47.540983606557376
8,2021-01-16,2021-04-16,1,volume_ratio_20,61,0.04500745156482862,0.12727272727272726,0.3437962306349923,0.13091316179266935,57.377049180327866
8,2021-01-16,2021-04-16,1,rsi_14,61,0.005265772478887238,-0.01818181818181818,0.4397225875207278,0.011975214893046673,47.540983606557376
8,2021-01-16,2021-04-16,1,momentum_20,61,-0.012021857923497258,-0.01818181818181818,0.42408437431608076,-0.028347797399715238,49.18032786885246
8,2021-01-16,2021-04-16,3,price_ma200_ratio,61,-0.18291107799304523,-0.17575757575757575,0.33061797272602395,-0.553239972058687,32.78688524590164
8,2021-01-16,2021-04-16,3,return_60d,61,-0.0787878787878788,-0.01818181818181818,0.3943525417063909,-0.19979046780568008,49.18032786885246
8,2021-01-16,2021-04-16,3,beta_60,61,0.026726279185295576,0.006060606060606061,0.40908773219743677,0.06533141202190036,50.81967213114754
8,2021-01-16,2021-04-16,3,volatility_10,61,-0.11157476403378042,-0.10303030303030303,0.35764316613240704,-0.3119723081538571,37.704918032786885
8,2021-01-16,2021-04-16,3,volatility_20,61,-0.11217088922006954,-0.16363636363636364,0.3760028898657737,-0.29832454016540283,36.0655737704918
8,2021-01-16,2021-04-16,3,volatility_60,61,-0.10362642821659215,-0.17575757575757575,0.36065054460882134,-0.2873319609956233,31.147540983606557
8,2021-01-16,2021-04-16,3,price_ma50_ratio,61,-0.014207650273224029,-0.07878787878787878,0.4265893026249622,-0.03330521929593425,40.98360655737705
8,2021-01-16,2021-04-16,3,volume_ratio_20,61,0.06428216592151019,0.10303030303030303,0.299648357709434,0.21452534034524548,65.57377049180327
8,2021-01-16,2021-04-16,3,rsi_14,61,0.047590660705414796,0.06666666666666665,0.44508929719781104,0.10692384877604477,54.09836065573771
8,2021-01-16,2021-04-16,3,momentum_20,61,0.005265772478887245,-0.05454545454545454,0.400623137840807,0.013143954957937729,44.26229508196721
8,2021-01-16,2021-04-16,5,price_ma200_ratio,61,-0.20437158469945352,-0.18787878787878787,0.3079760666080336,-0.6635956714115734,27.86885245901639
8,2021-01-16,2021-04-16,5,return_60d,61,-0.11018380526577248,-0.07878787878787878,0.39893569486823505,-0.2761944009601979,40.98360655737705
8,2021-01-16,2021-04-16,5,beta_60,61,0.051366120218579246,0.10303030303030303,0.40882760932995504,0.12564249342838016,63.934426229508205
8,2021-01-16,2021-04-16,5,volatility_10,61,-0.12011922503725782,-0.10303030303030303,0.3553422940493814,-0.3380380749738871,42.62295081967213
8,2021-01-16,2021-04-16,5,volatility_20,61,-0.11515151515151516,-0.1515151515151515,0.37039510171484386,-0.3108883314557623,36.0655737704918
8,2021-01-16,2021-04-16,5,volatility_60,61,-0.09508196721311474,-0.13939393939393938,0.3419663354401388,-0.2780448171622988,36.0655737704918
8,2021-01-16,2021-04-16,5,price_ma50_ratio,61,-0.04520615996025833,-0.17575757575757575,0.42522479878491737,-0.10631120313169698,39.34426229508197
8,2021-01-16,2021-04-16,5,volume_ratio_20,61,0.0704421261798311,0.09090909090909088,0.297826354468317,0.23652079516463606,63.934426229508205
8,2021-01-16,2021-04-16,5,rsi_14,61,0.046398410332836565,0.10303030303030303,0.4152803534445456,0.11172792054327792,55.73770491803278
8,2021-01-16,2021-04-16,5,momentum_20,61,0.024739195230998497,0.0303030303030303,0.37188999344720375,0.06652288490389471,52.459016393442624
8,2021-01-16,2021-04-16,10,price_ma200_ratio,61,-0.2701440635866865,-0.2727272727272727,0.30285340092268365,-0.8919961366247044,22.950819672131146
8,2021-01-16,2021-04-16,10,return_60d,61,-0.13561847988077494,-0.13939393939393938,0.3929126696923975,-0.3451618905212387,42.62295081967213
8,2021-01-16,2021-04-16,10,beta_60,61,0.1364133134624938,0.24848484848484845,0.3895334387561306,0.35019667091506373,72.1311475409836
8,2021-01-16,2021-04-16,10,volatility_10,61,-0.08137108792846498,-0.10303030303030303,0.30938876323372916,-0.2630059575466638,40.98360655737705
8,2021-01-16,2021-04-16,10,volatility_20,61,-0.09071038251366119,-0.06666666666666665,0.33278185273506483,-0.2725821187908278,42.62295081967213
8,2021-01-16,2021-04-16,10,volatility_60,61,-0.08057625434674613,-0.06666666666666665,0.30106706313917553,-0.26763556765921553,40.98360655737705
8,2021-01-16,2021-04-16,10,price_ma50_ratio,61,-0.07342275211127672,-0.07878787878787878,0.4098005044611008,-0.17916706131884758,44.26229508196721
8,2021-01-16,2021-04-16,10,volume_ratio_20,61,0.030303030303030307,0.07878787878787878,0.3245453130746939,0.0933707223066755,55.73770491803278
8,2021-01-16,2021-04-16,10,rsi_14,61,0.06289120715350223,0.10303030303030303,0.3772699507981502,0.16670081203247156,55.73770491803278
8,2021-01-16,2021-04-16,10,momentum_20,61,0.017386984600099357,0.01818181818181818,0.33310088389089615,0.05219735353747752,54.09836065573771
8,2021-01-16,2021-04-16,20,price_ma200_ratio,61,-0.2836562344759066,-0.24848484848484845,0.32280303501502916,-0.8787285239207867,16.39344262295082
8,2021-01-16,2021-04-16,20,return_60d,61,-0.11992051664182808,0.01818181818181818,0.43113749612171737,-0.27814912347121046,50.81967213114754
8,2021-01-16,2021-04-16,20,beta_60,61,0.1378042722305017,0.2727272727272727,0.47381111395167286,0.29084221153275286,73.77049180327869
8,2021-01-16,2021-04-16,20,volatility_10,61,-0.14138102334823643,-0.17575757575757575,0.3284988653155303,-0.4303851193289112,32.78688524590164
8,2021-01-16,2021-04-16,20,volatility_20,61,-0.13700943864878287,-0.16363636363636364,0.3262597091939355,-0.4199398049709584,31.147540983606557
8,2021-01-16,2021-04-16,20,volatility_60,61,-0.10899155489319423,-0.06666666666666665,0.27253976001238395,-0.3999106584971006,40.98360655737705
8,2021-01-16,2021-04-16,20,price_ma50_ratio,61,-0.09826130153999005,-0.13939393939393938,0.401955907889757,-0.24445791095808406,42.62295081967213
8,2021-01-16,2021-04-16,20,volume_ratio_20,61,-0.07123695976154992,-0.05454545454545454,0.337122005651464,-0.21130913606155619,45.90163934426229
8,2021-01-16,2021-04-16,20,rsi_14,61,-0.020963735717834078,-0.05454545454545454,0.39083716160797227,-0.05363803081463802,45.90163934426229
8,2021-01-16,2021-04-16,20,momentum_20,61,-0.0905116741182315,-0.09090909090909088,0.36894420605819334,-0.24532618382941931,44.26229508196721
9,2021-04-16,2021-07-16,1,price_ma200_ratio,63,-0.027994227994227995,-0.01818181818181818,0.3885798719174984,-0.07204240367903464,44.44444444444444
9,2021-04-16,2021-07-16,1,return_60d,63,0.011447811447811455,-0.01818181818181818,0.3640126940103148,0.03144893471074134,47.61904761904761
9,2021-04-16,2021-07-16,1,beta_60,63,-0.007599807599807592,-0.01818181818181818,0.45758898720974284,-0.016608370857325954,46.03174603174603
9,2021-04-16,2021-07-16,1,volatility_10,63,0.006830206830206829,0.006060606060606061,0.3995724663015318,0.017093787500994898,53.96825396825397
9,2021-04-16,2021-07-16,1,volatility_20,63,-0.028571428571428567,-0.05454545454545454,0.42891910308603043,-0.06661262780291195,44.44444444444444
9,2021-04-16,2021-07-16,1,volatility_60,63,-0.033189033189033185,-0.05454545454545454,0.43213830413299287,-0.07680187771278679,47.61904761904761
9,2021-04-16,2021-07-16,1,price_ma50_ratio,63,-0.042231842231842225,-0.06666666666666665,0.3580707481598838,-0.11794273184523045,41.269841269841265
9,2021-04-16,2021-07-16,1,volume_ratio_20,63,0.051274651274651264,0.07878787878787878,0.3550782194889173,0.14440381994833013,58.730158730158735
9,2021-04-16,2021-07-16,1,rsi_14,63,-0.004136604136604129,0.006060606060606061,0.38700540936753874,-0.010688750173710362,50.79365079365079
9,2021-04-16,2021-07-16,1,momentum_20,63,-0.032419432419432424,-0.04242424242424241,0.40952282869235584,-0.07916391992834847,42.857142857142854
9,2021-04-16,2021-07-16,3,price_ma200_ratio,63,-0.01895141895141895,-0.06666666666666665,0.3636485694652244,-0.05211465283443462,47.61904761904761
9,2021-04-16,2021-07-16,3,return_60d,63,0.07032227032227029,0.04242424242424241,0.348139213495335,0.20199468372502827,53.96825396825397
9,2021-04-16,2021-07-16,3,beta_60,63,0.02279942279942279,0.006060606060606061,0.47231316835705806,0.04827183387397521,50.79365079365079
9,2021-04-16,2021-07-16,3,volatility_10,63,-0.0062530062530062646,-0.01818181818181818,0.4292594952630511,-0.014566960829077082,49.2063492063492
9,2021-04-16,2021-07-16,3,volatility_20,63,-0.010870610870610883,-0.05454545454545454,0.43806846119506304,-0.024814867614426184,49.2063492063492
9,2021-04-16,2021-07-16,3,volatility_60,63,-0.0303030303030303,-0.10303030303030303,0.43803849316754095,-0.06917892097542212,49.2063492063492
9,2021-04-16,2021-07-16,3,price_ma50_ratio,63,-0.021452621452621456,-0.05454545454545454,0.29474665257145827,-0.07278325730067618,41.269841269841265
9,2021-04-16,2021-07-16,3,volume_ratio_20,63,0.07109187109187107,0.07878787878787878,0.3797742096412113,0.18719509984375862,57.14285714285714
9,2021-04-16,2021-07-16,3,rsi_14,63,0.08436748436748435,0.10303030303030303,0.37423983454496607,0.22543694331755415,65.07936507936508
9,2021-04-16,2021-07-16,3,momentum_20,63,0.0035594035594035613,0.06666666666666665,0.37081962599665835,0.009598746425130252,52.38095238095239
9,2021-04-16,2021-07-16,5,price_ma200_ratio,63,-0.06628186628186629,-0.13939393939393938,0.3729912249409658,-0.17770355399743484,36.507936507936506
9,2021-04-16,2021-07-16,5,return_60d,63,0.0757094757094757,0.09090909090909088,0.405343427907341,0.18677859438930489,58.730158730158735
9,2021-04-16,2021-07-16,5,beta_60,63,0.02587782587782588,-0.0303030303030303,0.4873654200865282,0.05309737788378884,46.03174603174603
9,2021-04-16,2021-07-16,5,volatility_10,63,-0.03684463684463684,-0.06666666666666665,0.43915057350083225,-0.08389978077659738,46.03174603174603
9,2021-04-16,2021-07-16,5,volatility_20,63,-0.05589225589225589,-0.04242424242424241,0.4429454266834802,-0.12618316507011904,44.44444444444444
9,2021-04-16,2021-07-16,5,volatility_60,63,-0.06743626743626742,-0.11515151515151514,0.434043320592749,-0.15536759635921463,42.857142857142854
9,2021-04-16,2021-07-16,5,price_ma50_ratio,63,-0.059740259740259725,-0.10303030303030303,0.3306492076765188,-0.18067564764499572,42.857142857142854
9,2021-04-16,2021-07-16,5,volume_ratio_20,63,0.07570947570947571,0.0303030303030303,0.38745069395358867,0.19540415565378927,53.96825396825397
9,2021-04-16,2021-07-16,5,rsi_14,63,0.07243867243867244,0.07878787878787878,0.3559291220744263,0.2035199368247401,55.55555555555556
9,2021-04-16,2021-07-16,5,momentum_20,63,-0.03299663299663299,-0.006060606060606061,0.3847222763594063,-0.0857674094385105,49.2063492063492
9,2021-04-16,2021-07-16,10,price_ma200_ratio,63,-0.0934102934102934,-0.05454545454545454,0.3418370295626536,-0.2732597270980343,38.095238095238095
9,2021-04-16,2021-07-16,10,return_60d,63,0.12727272727272726,0.13939393939393938,0.3743675611288425,0.339967295480831,65.07936507936508
9,2021-04-16,2021-07-16,10,beta_60,63,0.03684463684463684,0.09090909090909088,0.4968305620117549,0.07415936067911438,53.96825396825397
9,2021-04-16,2021-07-16,10,volatility_10,63,-0.06974506974506973,-0.07878787878787878,0.4630892996145412,-0.15060825159018576,46.03174603174603
9,2021-04-16,2021-07-16,10,volatility_20,63,-0.10456950456950455,-0.05454545454545454,0.4994976216691164,-0.20934935429737606,46.03174603174603
9,2021-04-16,2021-07-16,10,volatility_60,63,-0.06666666666666665,-0.07878787878787878,0.4763328423357957,-0.13995815686307286,47.61904761904761
9,2021-04-16,2021-07-16,10,price_ma50_ratio,63,-0.05743145743145744,-0.05454545454545454,0.2993775094190522,-0.19183624562481089,44.44444444444444
9,2021-04-16,2021-07-16,10,volume_ratio_20,63,-0.013564213564213567,0.0303030303030303,0.371198199169521,-0.03654170088799106,55.55555555555556
9,2021-04-16,2021-07-16,10,rsi_14,63,0.05012025012025011,0.06666666666666665,0.3319980477245151,0.1509654965255664,55.55555555555556
9,2021-04-16,2021-07-16,10,momentum_20,63,-0.09264069264069263,-0.06666666666666665,0.3675182642288887,-0.25207098981887993,41.269841269841265
9,2021-04-16,2021-07-16,20,price_ma200_ratio,63,-0.15882635882635876,-0.18787878787878787,0.3069041900233947,-0.5175112103039445,33.33333333333333
9,2021-04-16,2021-07-16,20,return_60d,63,0.12092352092352088,0.06666666666666665,0.3467630182998565,0.34872092622909007,61.904761904761905
9,2021-04-16,2021-07-16,20,beta_60,63,0.1788359788359788,0.32121212121212117,0.44159977950033497,0.4049729803722493,71.42857142857143
9,2021-04-16,2021-07-16,20,volatility_10,63,-0.040115440115440104,0.0303030303030303,0.43271997355838593,-0.09270531190312023,50.79365079365079
9,2021-04-16,2021-07-16,20,volatility_20,63,-0.04665704665704666,0.01818181818181818,0.4215086263737075,-0.1106906092490756,55.55555555555556
9,2021-04-16,2021-07-16,20,volatility_60,63,0.01721981721981722,0.04242424242424241,0.34823222829578404,0.049449234793945966,57.14285714285714
9,2021-04-16,2021-07-16,20,price_ma50_ratio,63,-0.11245791245791247,-0.17575757575757575,0.2217204560612562,-0.5072058503561934,26.984126984126984
9,2021-04-16,2021-07-16,20,volume_ratio_20,63,-0.05762385762385762,-0.10303030303030303,0.33703951015569833,-0.17097063070509977,38.095238095238095
9,2021-04-16,2021-07-16,20,rsi_14,63,-0.07320827320827321,-0.01818181818181818,0.30053183421895907,-0.24359573553507716,49.2063492063492
9,2021-04-16,2021-07-16,20,momentum_20,63,-0.16305916305916307,-0.16363636363636364,0.2905620981340833,-0.5611852478567851,31.746031746031743
10,2021-07-16,2021-10-16,1,price_ma200_ratio,65,-0.00195804195804196,-0.01818181818181818,0.3642310599439611,-0.005375823682755709,46.15384615384615
10,2021-07-16,2021-10-16,1,return_60d,65,0.014452214452214457,-0.04242424242424241,0.3947306917306243,0.03661284707518276,47.69230769230769
10,2021-07-16,2021-10-16,1,beta_60,65,0.015011655011655009,-0.05454545454545454,0.38108561833133475,0.039391817191597955,47.69230769230769
10,2021-07-16,2021-10-16,1,volatility_10,65,-0.02228438228438228,0.006060606060606061,0.35345777814669876,-0.06304680123670497,50.76923076923077
10,2021-07-16,2021-10-16,1,volatility_20,65,-0.004755244755244754,0.06666666666666665,0.34255242356114984,-0.013881801523426923,53.84615384615385
10,2021-07-16,2021-10-16,1,volatility_60,65,-0.004755244755244753,0.01818181818181818,0.34190845490826216,-0.013907947250151032,52.307692307692314
10,2021-07-16,2021-10-16,1,price_ma50_ratio,65,-0.006620046620046625,0.006060606060606061,0.3665002801123831,-0.01806286919621634,52.307692307692314
10,2021-07-16,2021-10-16,1,volume_ratio_20,65,0.020233100233100234,0.0303030303030303,0.3266939974987224,0.06193288027331864,50.76923076923077
10,2021-07-16,2021-10-16,1,rsi_14,65,-0.022843822843822845,-0.06666666666666665,0.38703561472982595,-0.05902253429511701,43.07692307692308
10,2021-07-16,2021-10-16,1,momentum_20,65,-0.04074592074592075,-0.0303030303030303,0.39543351228795703,-0.10304114213832571,47.69230769230769
10,2021-07-16,2021-10-16,3,price_ma200_ratio,65,-0.031235431235431235,-0.10303030303030303,0.38616636492215195,-0.08088594469310668,46.15384615384615
10,2021-07-16,2021-10-16,3,return_60d,65,0.058834498834498816,0.06666666666666665,0.39194384289539785,0.15010951160725491,55.38461538461539
10,2021-07-16,2021-10-16,3,beta_60,65,0.003822843822843822,0.04242424242424241,0.3400216888486324,0.011242941107046966,58.46153846153847
10,2021-07-16,2021-10-16,3,volatility_10,65,-0.013706293706293693,-0.0303030303030303,0.3518713531634616,-0.03895257054337824,43.07692307692308
10,2021-07-16,2021-10-16,3,volatility_20,65,0.04167832167832167,0.09090909090909088,0.358952645182293,0.11611091947004726,52.307692307692314
10,2021-07-16,2021-10-16,3,volatility_60,65,0.037016317016317,0.06666666666666665,0.36126773245665667,0.10246228403683426,55.38461538461539
10,2021-07-16,2021-10-16,3,price_ma50_ratio,65,-0.012027972027972036,-0.0303030303030303,0.3095667985115549,-0.038854205573092424,46.15384615384615
10,2021-07-16,2021-10-16,3,volume_ratio_20,65,-0.01575757575757575,-0.0303030303030303,0.37024425462228044,-0.0425599467401634,49.23076923076923
10,2021-07-16,2021-10-16,3,rsi_14,65,-0.007738927738927741,-0.01818181818181818,0.3377862145438892,-0.02291072697971873,47.69230769230769
10,2021-07-16,2021-10-16,3,momentum_20,65,-0.048951048951048945,-0.06666666666666665,0.33709364492720306,-0.14521498606602373,40.0
10,2021-07-16,2021-10-16,5,price_ma200_ratio,65,0.01706293706293706,0.006060606060606061,0.4113167453431075,0.04148369171963493,50.76923076923077
10,2021-07-16,2021-10-16,5,return_60d,65,0.1101165501165501,0.07878787878787878,0.3930461452596299,0.28016188797325997,60.0
10,2021-07-16,2021-10-16,5,beta_60,65,-0.03533799533799534,0.01818181818181818,0.33984610239570956,-0.10398234697671632,53.84615384615385
10,2021-07-16,2021-10-16,5,volatility_10,65,-0.006060606060606069,0.0303030303030303,0.3241078735271288,-0.01869934844424191,52.307692307692314
10,2021-07-16,2021-10-16,5,volatility_20,65,0.06125874125874126,0.12727272727272726,0.3274482607910611,0.18707914682689175,60.0
10,2021-07-16,2021-10-16,5,volatility_60,65,0.06125874125874126,0.16363636363636364,0.3521287145789097,0.17396690108614696,61.53846153846154
10,2021-07-16,2021-10-16,5,price_ma50_ratio,65,0.029184149184149178,-0.0303030303030303,0.317797192324918,0.09183262120928717,47.69230769230769
10,2021-07-16,2021-10-16,5,volume_ratio_20,65,-0.0413053613053613,-0.10303030303030303,0.3531877856373718,-0.11695014093089481,46.15384615384615
10,2021-07-16,2021-10-16,5,rsi_14,65,0.0030769230769230743,-0.01818181818181818,0.342766192691606,0.008976740246058768,47.69230769230769
10,2021-07-16,2021-10-16,5,momentum_20,65,-0.020979020979020973,0.006060606060606061,0.3516442372096555,-0.05965978895457619,50.76923076923077
10,2021-07-16,2021-10-16,10,price_ma200_ratio,65,-0.03757575757575756,0.0303030303030303,0.4850558268779441,-0.0774668718395024,50.76923076923077
10,2021-07-16,2021-10-16,10,return_60d,65,0.10023310023310021,0.09090909090909088,0.36623922763467676,0.27368204351141384,58.46153846153847
10,2021-07-16,2021-10-16,10,beta_60,65,-0.062377622377622365,-0.05454545454545454,0.3541660153565929,-0.17612537531252767,47.69230769230769
10,2021-07-16,2021-10-16,10,volatility_10,65,-0.0034498834498834455,0.07878787878787878,0.29945230313607546,-0.011520644235338436,55.38461538461539
10,2021-07-16,2021-10-16,10,volatility_20,65,0.07729603729603729,0.07878787878787878,0.29032064611185476,0.26624368032804896,66.15384615384615
10,2021-07-16,2021-10-16,10,volatility_60,65,0.09090909090909091,0.1515151515151515,0.33022656885365764,0.27529308506178357,66.15384615384615
10,2021-07-16,2021-10-16,10,price_ma50_ratio,65,0.012960372960372961,-0.04242424242424241,0.3421490529427354,0.037879318527712265,43.07692307692308
10,2021-07-16,2021-10-16,10,volume_ratio_20,65,-0.12913752913752913,-0.12727272727272726,0.34963729579361946,-0.3693471225499787,38.46153846153847
10,2021-07-16,2021-10-16,10,rsi_14,65,-0.019673659673659676,-0.07878787878787878,0.3722065079195748,-0.052856839563672264,44.61538461538462
10,2021-07-16,2021-10-16,10,momentum_20,65,-0.04895104895104894,-0.006060606060606061,0.36602170249748767,-0.13373810519168583,47.69230769230769
10,2021-07-16,2021-10-16,20,price_ma200_ratio,65,-0.002703962703962701,0.16363636363636364,0.5016433402606467,-0.00539020951131886,55.38461538461539
10,2021-07-16,2021-10-16,20,return_60d,65,0.1556177156177156,0.22424242424242422,0.40642948488627906,0.38288982813650485,64.61538461538461
10,2021-07-16,2021-10-16,20,beta_60,65,-0.05920745920745919,0.04242424242424241,0.3419189910695967,-0.17316224238450584,56.92307692307692
10,2021-07-16,2021-10-16,20,volatility_10,65,0.11048951048951047,0.09090909090909088,0.24404470066250625,0.45274292041402847,63.07692307692307
10,2021-07-16,2021-10-16,20,volatility_20,65,0.16587412587412587,0.18787878787878787,0.2554357833766789,0.649377012419279,73.84615384615385
10,2021-07-16,2021-10-16,20,volatility_60,65,0.12932400932400934,0.13939393939393938,0.237821545233541,0.543785926531648,73.84615384615385
10,2021-07-16,2021-10-16,20,price_ma50_ratio,65,0.08139860139860139,0.11515151515151514,0.3812314654465462,0.21351490833333267,63.07692307692307
10,2021-07-16,2021-10-16,20,volume_ratio_20,65,-0.1144055944055944,-0.09090909090909088,0.33471392417019497,-0.34180112073085306,36.92307692307693
10,2021-07-16,2021-10-16,20,rsi_14,65,-0.014265734265734261,0.04242424242424241,0.43760402248754576,-0.03259964153126647,53.84615384615385
10,2021-07-16,2021-10-16,20,momentum_20,65,-0.02526806526806526,0.01818181818181818,0.36773505946040375,-0.06871269034054672,55.38461538461539
11,2021-10-16,2022-01-16,1,price_ma200_ratio,63,-0.010678210678210669,0.11515151515151514,0.4669087162013002,-0.02287001785935161,55.55555555555556
11,2021-10-16,2022-01-16,1,return_60d,63,-0.02587782587782587,0.0303030303030303,0.4279979097931365,-0.06046250527329294,53.96825396825397
11,2021-10-16,2022-01-16,1,beta_60,63,0.008754208754208752,-0.01818181818181818,0.4231094741961819,0.02069017426480437,49.2063492063492
11,2021-10-16,2022-01-16,1,volatility_10,63,0.013371813371813363,-0.0303030303030303,0.4032719033165738,0.033158306497034364,49.2063492063492
11,2021-10-16,2022-01-16,1,volatility_20,63,-0.03338143338143338,-0.07878787878787878,0.41539706763068324,-0.08036030098101651,42.857142857142854
11,2021-10-16,2022-01-16,1,volatility_60,63,-0.04165464165464164,-0.0303030303030303,0.3896761449301898,-0.1068955392742967,49.2063492063492
11,2021-10-16,2022-01-16,1,price_ma50_ratio,63,0.006445406445406446,-0.006060606060606061,0.43460037065298823,0.014830651054720007,49.2063492063492
11,2021-10-16,2022-01-16,1,volume_ratio_20,63,0.05550745550745549,0.07878787878787878,0.33121911284366323,0.16758530336881627,58.730158730158735
11,2021-10-16,2022-01-16,1,rsi_14,63,0.00836940836940837,0.01818181818181818,0.3147064843600077,0.026594330861750552,52.38095238095239
11,2021-10-16,2022-01-16,1,momentum_20,63,0.03357383357383357,0.05454545454545454,0.37681688635514093,0.08909853775021916,52.38095238095239
11,2021-10-16,2022-01-16,3,price_ma200_ratio,63,0.027032227032227036,-0.07878787878787878,0.45089419850120005,0.05995248358059122,46.03174603174603
11,2021-10-16,2022-01-16,3,return_60d,63,-0.008754208754208749,-0.12727272727272726,0.44627839281729365,-0.019616026442473816,44.44444444444444
11,2021-10-16,2022-01-16,3,beta_60,63,0.048003848003847986,0.04242424242424241,0.4095939148461596,0.1171986356825586,50.79365079365079
11,2021-10-16,2022-01-16,3,volatility_10,63,0.04607984607984608,-0.04242424242424241,0.3770396248904999,0.12221486294239928,47.61904761904761
11,2021-10-16,2022-01-16,3,volatility_20,63,-0.011063011063011061,-0.06666666666666665,0.422471572472898,-0.026186403497529445,44.44444444444444
11,2021-10-16,2022-01-16,3,volatility_60,63,-0.024915824915824916,-0.0303030303030303,0.3790714264025873,-0.06572857562037247,49.2063492063492
11,2021-10-16,2022-01-16,3,price_ma50_ratio,63,0.08532948532948532,0.04242424242424241,0.38091765141670475,0.22401032089778156,55.55555555555556
11,2021-10-16,2022-01-16,3,volume_ratio_20,63,0.17768157768157766,0.22424242424242422,0.3552049999875344,0.5002226254917955,71.42857142857143
11,2021-10-16,2022-01-16,3,rsi_14,63,0.06531986531986529,0.07878787878787878,0.28504276655702965,0.22915812286293005,58.730158730158735
11,2021-10-16,2022-01-16,3,momentum_20,63,0.10572390572390575,0.07878787878787878,0.3352451665502197,0.3153629530645845,58.730158730158735
11,2021-10-16,2022-01-16,5,price_ma200_ratio,63,0.045117845117845105,-0.01818181818181818,0.4625336240007776,0.09754500597727195,49.2063492063492
11,2021-10-16,2022-01-16,5,return_60d,63,-0.012409812409812418,-0.06666666666666665,0.4498294664167886,-0.02758781568638754,46.03174603174603
11,2021-10-16,2022-01-16,5,beta_60,63,0.08263588263588262,0.1515151515151515,0.41305067631847137,0.2000623346568945,60.317460317460316
11,2021-10-16,2022-01-16,5,volatility_10,63,0.022414622414622422,0.0303030303030303,0.3561441176923785,0.06293694406595023,52.38095238095239
11,2021-10-16,2022-01-16,5,volatility_20,63,-0.038961038961038946,-0.05454545454545454,0.3998662566860722,-0.0974351756608124,46.03174603174603
11,2021-10-16,2022-01-16,5,volatility_60,63,-0.06224146224146222,-0.04242424242424241,0.366959734149952,-0.16961387435502198,47.61904761904761
11,2021-10-16,2022-01-16,5,price_ma50_ratio,63,0.08475228475228476,0.12727272727272726,0.36586396883304284,0.23164971675841722,61.904761904761905
11,2021-10-16,2022-01-16,5,volume_ratio_20,63,0.2481000481000481,0.24848484848484845,0.3064670665440571,0.8095488069821093,79.36507936507937
11,2021-10-16,2022-01-16,5,rsi_14,63,0.08571428571428572,0.01818181818181818,0.3133168212594817,0.27357064765858563,53.96825396825397
11,2021-10-16,2022-01-16,5,momentum_20,63,0.1266955266955267,0.11515151515151514,0.2668037377337355,0.4748641371057783,65.07936507936508
11,2021-10-16,2022-01-16,10,price_ma200_ratio,63,0.027032227032227032,-0.07878787878787878,0.43309958955940514,0.06241572997039106,44.44444444444444
11,2021-10-16,2022-01-16,10,return_60d,63,-0.05550745550745549,-0.1515151515151515,0.4200282332844693,-0.1321517248338456,39.682539682539684
11,2021-10-16,2022-01-16,10,beta_60,63,0.11534391534391533,0.16363636363636364,0.46077833925611783,0.25032408322432637,63.49206349206349
11,2021-10-16,2022-01-16,10,volatility_10,63,-0.048388648388648384,-0.07878787878787878,0.40072136746254894,-0.12075385122349569,41.269841269841265
11,2021-10-16,2022-01-16,10,volatility_20,63,-0.11226551226551225,-0.17575757575757575,0.4158346544472706,-0.26997632608262556,36.507936507936506
11,2021-10-16,2022-01-16,10,volatility_60,63,-0.15363155363155365,-0.17575757575757575,0.3711095215686527,-0.41397901347872823,33.33333333333333
11,2021-10-16,2022-01-16,10,price_ma50_ratio,63,0.017604617604617602,0.01818181818181818,0.3745031789510202,0.04700792568417701,50.79365079365079
11,2021-10-16,2022-01-16,10,volume_ratio_20,63,0.25233285233285235,0.2727272727272727,0.2910216904668238,0.8670585753525408,77.77777777777779
11,2021-10-16,2022-01-16,10,rsi_14,63,0.0528138528138528,0.006060606060606061,0.30645074206765566,0.17234043049630793,52.38095238095239
11,2021-10-16,2022-01-16,10,momentum_20,63,0.10322270322270322,0.09090909090909088,0.26132109561616473,0.39500333097607787,66.66666666666666
11,2021-10-16,2022-01-16,20,price_ma200_ratio,63,-0.09898989898989898,-0.11515151515151514,0.3149183286488868,-0.3143351465587962,36.507936507936506
11,2021-10-16,2022-01-16,20,return_60d,63,-0.16709956709956708,-0.19999999999999998,0.31989385196596837,-0.5223594203909359,25.396825396825395
11,2021-10-16,2022-01-16,20,beta_60,63,-0.01895141895141895,0.01818181818181818,0.5441055242191688,-0.034830410844689776,50.79365079365079
11,2021-10-16,2022-01-16,20,volatility_10,63,-0.3154401154401154,-0.35757575757575755,0.2729192949971031,-1.1557999790504503,15.873015873015872
11,2021-10-16,2022-01-16,20,volatility_20,63,-0.2954304954304954,-0.38181818181818183,0.3230786768839059,-0.9144227600531324,22.22222222222222
11,2021-10-16,2022-01-16,20,volatility_60,63,-0.33679653679653676,-0.4545454545454545,0.3267613293558605,-1.0307111231933672,19.047619047619047
11,2021-10-16,2022-01-16,20,price_ma50_ratio,63,-0.11341991341991342,-0.11515151515151514,0.3179278949018766,-0.3567472852764891,36.507936507936506
11,2021-10-16,2022-01-16,20,volume_ratio_20,63,0.05339105339105339,0.0303030303030303,0.31728516239640386,0.1682746617831081,52.38095238095239
11,2021-10-16,2022-01-16,20,rsi_14,63,0.13246753246753246,0.11515151515151514,0.29438872277280786,0.4499748876921594,63.49206349206349
11,2021-10-16,2022-01-16,20,momentum_20,63,0.022991822991822987,0.06666666666666665,0.2465200405065445,0.09326553307625557,60.317460317460316
12,2022-01-16,2022-04-16,1,price_ma200_ratio,62,0.018572825024437918,0.0,0.34522677663549894,0.05379891213956349,50.0
12,2022-01-16,2022-04-16,1,return_60d,62,0.05650048875855326,0.06666666666666667,0.4376158747327611,0.12910977873701776,59.67741935483871
12,2022-01-16,2022-04-16,1,beta_60,62,-0.06334310850439882,-0.22424242424242422,0.5352139959771577,-0.11835099414534413,43.54838709677419
12,2022-01-16,2022-04-16,1,volatility_10,62,-0.07487781036168131,-0.15757575757575756,0.4387568868331389,-0.17065899729149472,37.096774193548384
12,2022-01-16,2022-04-16,1,volatility_20,62,-0.05552297165200391,-0.15757575757575756,0.43590691110070473,-0.12737346033767472,35.483870967741936
12,2022-01-16,2022-04-16,1,volatility_60,62,-0.043597262952101666,-0.10909090909090909,0.4391735421482623,-0.0992711508503932,46.774193548387096
12,2022-01-16,2022-04-16,1,price_ma50_ratio,62,0.0025415444770283445,0.012121212121212121,0.47792063468621127,0.005317921622482462,51.61290322580645
12,2022-01-16,2022-04-16,1,volume_ratio_20,62,0.0013685239491691122,0.006060606060606061,0.3651325723987137,0.0037480193568562967,51.61290322580645
12,2022-01-16,2022-04-16,1,rsi_14,62,0.027565982404692078,0.012121212121212121,0.3580455751759688,0.07699014962311491,51.61290322580645
12,2022-01-16,2022-04-16,1,momentum_20,62,-0.04418377321603128,-0.04242424242424242,0.41888518297465177,-0.1054794368763934,48.38709677419355
12,2022-01-16,2022-04-16,3,price_ma200_ratio,62,0.053176930596285435,0.06666666666666665,0.3906822731867322,0.13611298552793247,58.06451612903226
12,2022-01-16,2022-04-16,3,return_60d,62,0.058064516129032254,0.07878787878787877,0.47060236553293405,0.12338339197100516,58.06451612903226
12,2022-01-16,2022-04-16,3,beta_60,62,-0.06138807429130008,-0.1212121212121212,0.5306331909518736,-0.11568834241442645,48.38709677419355
12,2022-01-16,2022-04-16,3,volatility_10,62,-0.07526881720430104,-0.10909090909090907,0.4551531600983089,-0.1653703056528129,43.54838709677419
12,2022-01-16,2022-04-16,3,volatility_20,62,-0.06783968719452589,-0.04848484848484848,0.45312889215245716,-0.1497138857605684,43.54838709677419
12,2022-01-16,2022-04-16,3,volatility_60,62,-0.04496578690127076,0.030303030303030297,0.47787905518005813,-0.09409449193024014,51.61290322580645
12,2022-01-16,2022-04-16,3,price_ma50_ratio,62,-0.02697947214076245,-0.054545454545454536,0.4481177286900483,-0.060206214602644005,46.774193548387096
12,2022-01-16,2022-04-16,3,volume_ratio_20,62,0.03264907135874878,0.012121212121212121,0.39493603888369844,0.08266926323318735,51.61290322580645
12,2022-01-16,2022-04-16,3,rsi_14,62,-0.007233626588465293,0.012121212121212121,0.36649125832668283,-0.019737514672225513,51.61290322580645
12,2022-01-16,2022-04-16,3,momentum_20,62,-0.09970674486803517,-0.10909090909090909,0.40875377901875626,-0.24392861910020405,43.54838709677419
12,2022-01-16,2022-04-16,5,price_ma200_ratio,62,0.11300097751710654,0.1212121212121212,0.386245469436102,0.2925625967395346,66.12903225806451
12,2022-01-16,2022-04-16,5,return_60d,62,0.10439882697947213,0.16363636363636364,0.485449725765731,0.2150558985583876,62.903225806451616
12,2022-01-16,2022-04-16,5,beta_60,62,-0.06881720430107527,-0.060606060606060594,0.463813572170996,-0.14837255403924263,45.16129032258064
12,2022-01-16,2022-04-16,5,volatility_10,62,-0.0764418377321603,-0.10303030303030301,0.4320136367877787,-0.1769431129548149,41.935483870967744
12,2022-01-16,2022-04-16,5,volatility_20,62,-0.060997067448680345,-0.07272727272727272,0.40525960095133123,-0.15051356539238575,40.32258064516129
12,2022-01-16,2022-04-16,5,volatility_60,62,-0.03519061583577713,-0.024242424242424235,0.4076461968796451,-0.08632636856456907,48.38709677419355
12,2022-01-16,2022-04-16,5,price_ma50_ratio,62,-0.021505376344086016,-0.04242424242424241,0.4471653599127938,-0.04809267056884727,46.774193548387096
12,2022-01-16,2022-04-16,5,volume_ratio_20,62,0.07233626588465297,0.036363636363636355,0.32509601784165415,0.22250738832453523,54.83870967741935
12,2022-01-16,2022-04-16,5,rsi_14,62,-0.04340175953079179,-0.01818181818181818,0.400612506625068,-0.10833850369881579,46.774193548387096
12,2022-01-16,2022-04-16,5,momentum_20,62,-0.10498533724340176,-0.10909090909090909,0.41155505103664863,-0.2550942747002099,40.32258064516129
12,2022-01-16,2022-04-16,10,price_ma200_ratio,62,0.13841642228739007,0.20606060606060606,0.3435716082964543,0.40287503083769377,69.35483870967742
12,2022-01-16,2022-04-16,10,return_60d,62,0.0965786901270772,0.18181818181818182,0.4650799418943228,0.20766040722741422,66.12903225806451
12,2022-01-16,2022-04-16,10,beta_60,62,-0.116911045943304,-0.2303030303030303,0.512316076351282,-0.2282010097671444,37.096774193548384
12,2022-01-16,2022-04-16,10,volatility_10,62,-0.06001955034213098,-0.10303030303030303,0.45756665726901274,-0.13117116247140417,40.32258064516129
12,2022-01-16,2022-04-16,10,volatility_20,62,-0.0664711632453568,-0.13939393939393938,0.42459990295799394,-0.15655011407747038,33.87096774193548
12,2022-01-16,2022-04-16,10,volatility_60,62,-0.0549364613880743,-0.1212121212121212,0.4499778735340992,-0.12208702831676285,43.54838709677419
12,2022-01-16,2022-04-16,10,price_ma50_ratio,62,-0.07331378299120235,-0.060606060606060594,0.45263411316529434,-0.16197140440545937,48.38709677419355
12,2022-01-16,2022-04-16,10,volume_ratio_20,62,-0.07898338220918866,-0.09090909090909091,0.2956273436976539,-0.2671721134495837,43.54838709677419
12,2022-01-16,2022-04-16,10,rsi_14,62,-0.14819159335288365,-0.14545454545454545,0.3370379467838465,-0.4396881560874324,32.25806451612903
12,2022-01-16,2022-04-16,10,momentum_20,62,-0.1188660801564027,-0.04242424242424241,0.4046878722708776,-0.2937228622379861,43.54838709677419
12,2022-01-16,2022-04-16,20,price_ma200_ratio,62,0.21329423264907132,0.24242424242424238,0.315240995187499,0.6766069004515362,80.64516129032258
12,2022-01-16,2022-04-16,20,return_60d,62,0.11358748778103618,0.20606060606060606,0.435155826222089,0.2610271561044547,62.903225806451616
12,2022-01-16,2022-04-16,20,beta_60,62,-0.08387096774193549,-0.24242424242424243,0.5500060622678434,-0.1524909878194975,32.25806451612903
12,2022-01-16,2022-04-16,20,volatility_10,62,-0.004301075268817207,-0.11515151515151514,0.44658690939645873,-0.00963099271008617,40.32258064516129
12,2022-01-16,2022-04-16,20,volatility_20,62,-0.03049853372434018,-0.16969696969696968,0.4323293776427043,-0.07054467103446643,37.096774193548384
12,2022-01-16,2022-04-16,20,volatility_60,62,0.05259042033235582,-0.1212121212121212,0.4649891775907465,0.11310031043054194,45.16129032258064
12,2022-01-16,2022-04-16,20,price_ma50_ratio,62,-0.10244379276637341,-0.08484848484848484,0.3731972282360892,-0.2745030911686359,46.774193548387096
12,2022-01-16,2022-04-16,20,volume_ratio_20,62,-0.08895405669599217,-0.060606060606060594,0.3025426263480218,-0.29402156572034993,38.70967741935484
12,2022-01-16,2022-04-16,20,rsi_14,62,-0.023655913978494623,-0.01818181818181818,0.3273696930508186,-0.0722605497107591,48.38709677419355
12,2022-01-16,2022-04-16,20,momentum_20,62,-0.07917888563049853,-0.1333333333333333,0.4183277583853222,-0.18927475895005458,41.935483870967744
13,2022-04-16,2022-07-16,1,price_ma200_ratio,62,0.028934506353861186,0.060606060606060594,0.47442397354698124,0.06098871045140357,54.83870967741935
13,2022-04-16,2022-07-16,1,return_60d,62,-0.0482893450635386,-0.0303030303030303,0.44697449489884616,-0.10803601908978466,45.16129032258064
13,2022-04-16,2022-07-16,1,beta_60,62,-0.03890518084066471,0.0303030303030303,0.5555521155393498,-0.07002975913950786,53.2258064516129
13,2022-04-16,2022-07-16,1,volatility_10,62,-0.029912023460410567,-0.0303030303030303,0.49767905339743773,-0.06010303880827259,48.38709677419355
13,2022-04-16,2022-07-16,1,volatility_20,62,-0.049266862170087966,-0.07272727272727272,0.5090228751538074,-0.09678712799538015,43.54838709677419
13,2022-04-16,2022-07-16,1,volatility_60,62,-0.0158357771260997,-0.07878787878787878,0.5298892486471981,-0.02988506969433382,48.38709677419355
13,2022-04-16,2022-07-16,1,price_ma50_ratio,62,-0.026392961876832845,0.006060606060606056,0.49506753947389487,-0.053311840854846755,50.0
13,2022-04-16,2022-07-16,1,volume_ratio_20,62,-0.008797653958944284,0.05454545454545454,0.3813118926558346,-0.023072068111143054,54.83870967741935
13,2022-04-16,2022-07-16,1,rsi_14,62,0.014858260019550332,0.04242424242424241,0.3725108154940388,0.03988678825296579,53.2258064516129
13,2022-04-16,2022-07-16,1,momentum_20,62,-0.0035190615835776996,-0.07272727272727272,0.43525905954373617,-0.008084981820405035,43.54838709677419
13,2022-04-16,2022-07-16,3,price_ma200_ratio,62,0.030303030303030293,-0.036363636363636355,0.43107687740429707,0.07029611628788379,46.774193548387096
13,2022-04-16,2022-07-16,3,return_60d,62,-0.08563049853372431,-0.06666666666666665,0.44918848130289046,-0.1906337809138591,41.935483870967744
13,2022-04-16,2022-07-16,3,beta_60,62,-0.08797653958944276,-0.06666666666666665,0.5251766892684603,-0.16751798278021215,46.774193548387096
13,2022-04-16,2022-07-16,3,volatility_10,62,-0.06295210166177907,-0.054545454545454536,0.46618623515855917,-0.13503638012900104,48.38709677419355
13,2022-04-16,2022-07-16,3,volatility_20,62,-0.0780058651026393,-0.04242424242424242,0.4705434212235803,-0.16577825038929733,46.774193548387096
13,2022-04-16,2022-07-16,3,volatility_60,62,-0.0394916911045943,0.012121212121212121,0.48847962426956937,-0.08084613798097882,51.61290322580645
13,2022-04-16,2022-07-16,3,price_ma50_ratio,62,-0.02228739002932551,0.00606060606060606,0.42510702359091657,-0.05242771535756328,50.0
13,2022-04-16,2022-07-16,3,volume_ratio_20,62,-0.0001955034213098688,0.04242424242424241,0.3696130266234008,-0.000528940830619229,51.61290322580645
13,2022-04-16,2022-07-16,3,rsi_14,62,0.06021505376344084,0.07272727272727272,0.3411968135594089,0.17648187606229285,54.83870967741935
13,2022-04-16,2022-07-16,3,momentum_20,62,0.018572825024437925,0.01818181818181818,0.4133290371418852,0.044934721143393454,51.61290322580645
13,2022-04-16,2022-07-16,5,price_ma200_ratio,62,0.005278592375366569,-0.012121212121212121,0.37897042217832766,0.013928771393358724,48.38709677419355
13,2022-04-16,2022-07-16,5,return_60d,62,-0.149169110459433,-0.12727272727272726,0.4153338369741566,-0.35915472610220966,38.70967741935484
13,2022-04-16,2022-07-16,5,beta_60,62,-0.06510263929618766,-0.07272727272727272,0.49049117827977207,-0.1327294805270762,40.32258064516129
13,2022-04-16,2022-07-16,5,volatility_10,62,-0.05904203323558161,-0.11515151515151514,0.4374068992100135,-0.13498194322543958,40.32258064516129
13,2022-04-16,2022-07-16,5,volatility_20,62,-0.07194525904203322,-0.09090909090909088,0.43811879157876976,-0.16421404519714175,38.70967741935484
13,2022-04-16,2022-07-16,5,volatility_60,62,-0.01915933528836754,-0.036363636363636355,0.45739091952502775,-0.041888315815852506,45.16129032258064
13,2022-04-16,2022-07-16,5,price_ma50_ratio,62,-0.04574780058651025,-0.05454545454545454,0.4036424761398212,-0.11333742926168969,48.38709677419355
13,2022-04-16,2022-07-16,5,volume_ratio_20,62,-0.007429130009775178,0.06666666666666667,0.3482563355490793,-0.021332361400007323,54.83870967741935
13,2022-04-16,2022-07-16,5,rsi_14,62,0.06334310850439882,0.07272727272727272,0.36607343209988413,0.1730338859639382,54.83870967741935
13,2022-04-16,2022-07-16,5,momentum_20,62,-0.013489736070381227,-0.01212121212121212,0.39476838809847564,-0.034171267196339415,50.0
13,2022-04-16,2022-07-16,10,price_ma200_ratio,62,-0.01739980449657869,-0.0303030303030303,0.30913178551869647,-0.056286041460871836,41.935483870967744
13,2022-04-16,2022-07-16,10,return_60d,62,-0.2637341153470185,-0.2303030303030303,0.3585868012683219,-0.7354819374672762,22.58064516129032
13,2022-04-16,2022-07-16,10,beta_60,62,-0.04574780058651025,-0.1515151515151515,0.45859980542341694,-0.09975538594978715,46.774193548387096
13,2022-04-16,2022-07-16,10,volatility_10,62,-0.058455522971652,-0.060606060606060594,0.3744815871384656,-0.1560971886984604,41.935483870967744
13,2022-04-16,2022-07-16,10,volatility_20,62,-0.08406647116324534,-0.12727272727272726,0.4103208445069465,-0.20487984534215428,41.935483870967744
13,2022-04-16,2022-07-16,10,volatility_60,62,0.004496578690127082,-0.036363636363636355,0.3954641065380984,0.011370383849725914,48.38709677419355
13,2022-04-16,2022-07-16,10,price_ma50_ratio,62,-0.08993157380254153,-0.08484848484848484,0.3811026240290976,-0.2359773145924998,43.54838709677419
13,2022-04-16,2022-07-16,10,volume_ratio_20,62,0.038709677419354833,0.07878787878787878,0.25102083910961553,0.15420901928565034,56.451612903225815
13,2022-04-16,2022-07-16,10,rsi_14,62,0.02365591397849462,0.0,0.2964668424825763,0.07979278148073136,50.0
13,2022-04-16,2022-07-16,10,momentum_20,62,0.026588465298142717,0.05454545454545454,0.3554406010162382,0.07480424358422698,58.06451612903226
13,2022-04-16,2022-07-16,20,price_ma200_ratio,62,-0.04516129032258065,-0.0303030303030303,0.245371251454167,-0.18405289965689542,40.32258064516129
13,2022-04-16,2022-07-16,20,return_60d,62,-0.3652003910068426,-0.3878787878787879,0.2740805097580387,-1.332456624986744,12.903225806451612
13,2022-04-16,2022-07-16,20,beta_60,62,0.05122189638318671,0.07272727272727272,0.5052068109542527,0.10138797671083839,53.2258064516129
13,2022-04-16,2022-07-16,20,volatility_10,62,-0.03167155425219942,0.0303030303030303,0.410675731837803,-0.07712058881703814,51.61290322580645
13,2022-04-16,2022-07-16,20,volatility_20,62,-0.04007820136852391,-0.006060606060606065,0.4555416866657831,-0.08797921802034343,50.0
13,2022-04-16,2022-07-16,20,volatility_60,62,0.060606060606060594,0.04848484848484848,0.40552715365426645,0.14945006779430237,56.451612903225815
13,2022-04-16,2022-07-16,20,price_ma50_ratio,62,-0.2041055718475073,-0.16363636363636364,0.3403148640289885,-0.5997550898338702,32.25806451612903
13,2022-04-16,2022-07-16,20,volume_ratio_20,62,0.027565982404692074,0.060606060606060594,0.29472100447794475,0.09353246625065353,61.29032258064516
13,2022-04-16,2022-07-16,20,rsi_14,62,0.0015640273704789836,0.0303030303030303,0.2613500061590483,0.0059844168112518515,58.06451612903226
13,2022-04-16,2022-07-16,20,momentum_20,62,-0.029521016617790812,0.04242424242424241,0.3459648558591926,-0.08532952442373465,53.2258064516129
14,2022-07-16,2022-10-16,1,price_ma200_ratio,64,0.06496212121212121,-0.00606060606060606,0.44208671324930254,0.14694429682053714,50.0
14,2022-07-16,2022-10-16,1,return_60d,64,0.0026515151515151478,-0.04242424242424242,0.3948180898377659,0.006715789422426612,46.875
14,2022-07-16,2022-10-16,1,beta_60,64,-0.024810606060606075,0.006060606060606061,0.4909663548332661,-0.050534228702966505,51.5625
14,2022-07-16,2022-10-16,1,volatility_10,64,-0.03693181818181818,-0.08484848484848484,0.39094465163338776,-0.09446815048502405,46.875
14,2022-07-16,2022-10-16,1,volatility_20,64,-0.03844696969696969,-0.006060606060606061,0.38639721062471705,-0.0995011574612809,46.875
14,2022-07-16,2022-10-16,1,volatility_60,64,-0.008712121212121185,0.0303030303030303,0.43991642651115115,-0.019804037055889175,51.5625
14,2022-07-16,2022-10-16,1,price_ma50_ratio,64,0.053787878787878766,0.05454545454545454,0.41139553573421817,0.1307449257850683,57.8125
14,2022-07-16,2022-10-16,1,volume_ratio_20,64,-0.045643939393939376,-0.01212121212121212,0.33762503493955676,-0.13519121709120524,50.0
14,2022-07-16,2022-10-16,1,rsi_14,64,-0.01875000000000001,0.036363636363636355,0.4034305913963688,-0.04647639618776013,51.5625
14,2022-07-16,2022-10-16,1,momentum_20,64,0.03238636363636363,0.1212121212121212,0.41534856447859547,0.07797393901437843,59.375
14,2022-07-16,2022-10-16,3,price_ma200_ratio,64,0.07386363636363637,0.02424242424242424,0.4023787983520538,0.1835674162409789,53.125
14,2022-07-16,2022-10-16,3,return_60d,64,-0.0702651515151515,-0.060606060606060594,0.33743459500703304,-0.20823339561163545,42.1875
14,2022-07-16,2022-10-16,3,beta_60,64,-0.08787878787878788,-0.1212121212121212,0.46165294563595205,-0.19035682260779266,40.625
14,2022-07-16,2022-10-16,3,volatility_10,64,-0.06609848484848485,-0.09090909090909091,0.3407067969088807,-0.19400401004081627,37.5
14,2022-07-16,2022-10-16,3,volatility_20,64,-0.07518939393939394,-0.14545454545454545,0.3666107610058224,-0.20509325403626058,35.9375
14,2022-07-16,2022-10-16,3,volatility_60,64,-0.054356060606060595,-0.17575757575757575,0.4080693335577643,-0.1332030028626648,32.8125
14,2022-07-16,2022-10-16,3,price_ma50_ratio,64,0.036742424242424236,-0.006060606060606056,0.4024324063104403,0.09130085864427322,50.0
14,2022-07-16,2022-10-16,3,volume_ratio_20,64,-0.013068181818181814,0.012121212121212121,0.3306776341949794,-0.03951940036705459,51.5625
14,2022-07-16,2022-10-16,3,rsi_14,64,-0.04848484848484847,-0.036363636363636355,0.3888336011372828,-0.12469305210001709,43.75
14,2022-07-16,2022-10-16,3,momentum_20,64,0.01893939393939394,0.006060606060606061,0.44521970950951983,0.042539432857226125,51.5625
14,2022-07-16,2022-10-16,5,price_ma200_ratio,64,0.09867424242424241,-0.030303030303030297,0.4306199251117125,0.2291446277100255,48.4375
14,2022-07-16,2022-10-16,5,return_60d,64,-0.07102272727272727,-0.060606060606060594,0.3283673439881619,-0.21629047033156784,42.1875
14,2022-07-16,2022-10-16,5,beta_60,64,-0.1143939393939394,-0.13939393939393938,0.3788750260501042,-0.30193053521245133,34.375
14,2022-07-16,2022-10-16,5,volatility_10,64,-0.0865530303030303,-0.07878787878787878,0.3022586977664528,-0.2863541428009046,39.0625
14,2022-07-16,2022-10-16,5,volatility_20,64,-0.1058712121212121,-0.1212121212121212,0.3135917459253517,-0.33760841443324846,35.9375
14,2022-07-16,2022-10-16,5,volatility_60,64,-0.0971590909090909,-0.14545454545454545,0.32736885757932616,-0.2967878240695142,29.6875
14,2022-07-16,2022-10-16,5,price_ma50_ratio,64,0.05549242424242423,-0.036363636363636355,0.44454572996486746,0.12482950684693296,46.875
14,2022-07-16,2022-10-16,5,volume_ratio_20,64,0.023484848484848483,0.06666666666666665,0.31459509840392125,0.07465103113175446,57.8125
14,2022-07-16,2022-10-16,5,rsi_14,64,-0.06287878787878787,-0.04848484848484848,0.41027726008836013,-0.15325925659454256,48.4375
14,2022-07-16,2022-10-16,5,momentum_20,64,0.0007575757575757625,0.006060606060606061,0.45643985548007854,0.0016597493590452402,51.5625
14,2022-07-16,2022-10-16,10,price_ma200_ratio,64,0.13920454545454544,0.16969696969696968,0.3400288995270724,0.40939033608071973,64.0625
14,2022-07-16,2022-10-16,10,return_60d,64,-0.07253787878787878,-0.030303030303030297,0.36957152359564716,-0.19627561691480153,48.4375
14,2022-07-16,2022-10-16,10,beta_60,64,-0.19886363636363635,-0.22424242424242422,0.3412900976022524,-0.5826821163601318,28.125
14,2022-07-16,2022-10-16,10,volatility_10,64,-0.12424242424242424,-0.13939393939393938,0.2839885497816279,-0.4374909634137012,35.9375
14,2022-07-16,2022-10-16,10,volatility_20,64,-0.18162878787878786,-0.16969696969696968,0.28735192668242093,-0.6320778495406525,25.0
14,2022-07-16,2022-10-16,10,volatility_60,64,-0.17821969696969694,-0.14545454545454545,0.2861579284109049,-0.6228018841182852,26.5625
14,2022-07-16,2022-10-16,10,price_ma50_ratio,64,0.06969696969696967,0.09090909090909088,0.4295877096742597,0.16224153561054688,56.25
14,2022-07-16,2022-10-16,10,volume_ratio_20,64,0.0615530303030303,0.07878787878787878,0.3576339926164736,0.17211180025898634,59.375
14,2022-07-16,2022-10-16,10,rsi_14,64,-0.07424242424242423,0.012121212121212121,0.41155210684415633,-0.18039617100183583,51.5625
14,2022-07-16,2022-10-16,10,momentum_20,64,-0.010416666666666668,0.01818181818181818,0.38028501631256145,-0.02739173572409455,53.125
14,2022-07-16,2022-10-16,20,price_ma200_ratio,64,0.2818181818181818,0.2303030303030303,0.21032289316009925,1.3399310820798753,93.75
14,2022-07-16,2022-10-16,20,return_60d,64,0.0007575757575757581,0.006060606060606061,0.3099348088817315,0.0024443067892540027,51.5625
14,2022-07-16,2022-10-16,20,beta_60,64,-0.4026515151515151,-0.4666666666666666,0.2704740980236226,-1.488687893198366,7.8125
14,2022-07-16,2022-10-16,20,volatility_10,64,-0.21136363636363636,-0.22424242424242422,0.28547003713034874,-0.7404056779070142,20.3125
14,2022-07-16,2022-10-16,20,volatility_20,64,-0.32159090909090904,-0.3090909090909091,0.21623813563843416,-1.4872071854551703,4.6875
14,2022-07-16,2022-10-16,20,volatility_60,64,-0.29791666666666666,-0.34545454545454546,0.21213692994745537,-1.4043602249757186,7.8125
14,2022-07-16,2022-10-16,20,price_ma50_ratio,64,0.1431818181818182,0.1515151515151515,0.3641802890469406,0.3931619104277303,65.625
14,2022-07-16,2022-10-16,20,volume_ratio_20,64,0.07424242424242422,0.06666666666666665,0.3058188197198587,0.24276604137846394,57.8125
14,2022-07-16,2022-10-16,20,rsi_14,64,0.0346590909090909,0.08484848484848484,0.36957388996717044,0.09378122169877774,54.6875
14,2022-07-16,2022-10-16,20,momentum_20,64,0.11856060606060605,0.13939393939393938,0.333050516254204,0.35598385312249003,73.4375
15,2022-10-16,2023-01-16,1,price_ma200_ratio,62,0.05314866139082599,0.11515151515151514,0.42042204525156707,0.1264173988759879,58.06451612903226
15,2022-10-16,2023-01-16,1,return_60d,62,0.0784815305502275,0.09090909090909091,0.38783231292103987,0.202359442304143,66.12903225806451
15,2022-10-16,2023-01-16,1,beta_60,62,0.029061419981726924,0.006060606060606061,0.4092194794000973,0.0710167072797464,51.61290322580645
15,2022-10-16,2023-01-16,1,volatility_10,62,-0.018432818290885708,0.0,0.43872960621353124,-0.04201407434061879,50.0
15,2022-10-16,2023-01-16,1,volatility_20,62,-0.04590848824951745,-0.01818181818181818,0.42437863413016963,-0.1081781328214463,48.38709677419355
15,2022-10-16,2023-01-16,1,volatility_60,62,-0.03114768237003826,0.006060606060606061,0.4315015112285608,-0.07218441085259544,51.61290322580645
15,2022-10-16,2023-01-16,1,price_ma50_ratio,62,0.09774665195501216,0.14545454545454545,0.3928950958363143,0.2487856249438522,59.67741935483871
15,2022-10-16,2023-01-16,1,volume_ratio_20,62,-0.11722513101613369,-0.1333333333333333,0.36498138618702464,-0.32118112170264185,37.096774193548384
15,2022-10-16,2023-01-16,1,rsi_14,62,0.10792532782764445,0.15174576871758383,0.4030538545376195,0.26776900062512893,62.903225806451616
15,2022-10-16,2023-01-16,1,momentum_20,62,0.12367376821352163,0.1333333333333333,0.41382527855860196,0.298855035256161,61.29032258064516
15,2022-10-16,2023-01-16,3,price_ma200_ratio,62,0.04926686217008798,0.1939393939393939,0.4516003065306334,0.10909395201383917,54.83870967741935
15,2022-10-16,2023-01-16,3,return_60d,62,0.07898338220918864,0.15757575757575756,0.39298362062533476,0.2009839038164146,62.903225806451616
15,2022-10-16,2023-01-16,3,beta_60,62,0.05786901270772238,-0.01212121212121212,0.44035361553148716,0.13141486902038277,50.0
15,2022-10-16,2023-01-16,3,volatility_10,62,0.00019550342130987149,-0.05454545454545454,0.4867807593518714,0.00040162520303837866,45.16129032258064
15,2022-10-16,2023-01-16,3,volatility_20,62,0.003714565004887585,-0.02424242424242424,0.4645935005917273,0.00799530126908049,46.774193548387096
15,2022-10-16,2023-01-16,3,volatility_60,62,0.0129032258064516,-0.05454545454545454,0.4646545791984888,0.027769501010210997,46.774193548387096
15,2022-10-16,2023-01-16,3,price_ma50_ratio,62,0.16050830889540568,0.1939393939393939,0.4202118404566874,0.38196998142880695,67.74193548387096
15,2022-10-16,2023-01-16,3,volume_ratio_20,62,-0.16500488758553278,-0.14545454545454545,0.3240153981498807,-0.5092501422083836,32.25806451612903
15,2022-10-16,2023-01-16,3,rsi_14,62,0.12336265884652983,0.1515151515151515,0.42102977289901544,0.29300222166501877,66.12903225806451
15,2022-10-16,2023-01-16,3,momentum_20,62,0.1648093841642229,0.22424242424242424,0.4312093318283115,0.382202730783764,62.903225806451616
15,2022-10-16,2023-01-16,5,price_ma200_ratio,62,0.005669599217986326,0.05454545454545454,0.4848085812786388,0.01169451085835418,53.2258064516129
15,2022-10-16,2023-01-16,5,return_60d,62,0.04868035190615833,0.10303030303030301,0.4217726245189959,0.11541847212505812,58.06451612903226
15,2022-10-16,2023-01-16,5,beta_60,62,0.12922776148582596,0.006060606060606061,0.45716914480570414,0.28266947355064276,53.2258064516129
15,2022-10-16,2023-01-16,5,volatility_10,62,0.04789833822091885,0.04242424242424242,0.49007455412668693,0.09773683986974943,51.61290322580645
15,2022-10-16,2023-01-16,5,volatility_20,62,0.06471163245356791,0.036363636363636355,0.48757896597535627,0.132720311927563,51.61290322580645
15,2022-10-16,2023-01-16,5,volatility_60,62,0.08426197458455523,0.030303030303030297,0.4923301415562921,0.17114933145916453,51.61290322580645
15,2022-10-16,2023-01-16,5,price_ma50_ratio,62,0.14916911045943299,0.24242424242424238,0.42994584342480113,0.34694860466891136,64.51612903225806
15,2022-10-16,2023-01-16,5,volume_ratio_20,62,-0.1513196480938416,-0.15757575757575756,0.36689050286949265,-0.41243817136271804,30.64516129032258
15,2022-10-16,2023-01-16,5,rsi_14,62,0.12844574780058657,0.1515151515151515,0.4229528889344801,0.3036880729770454,66.12903225806451
15,2022-10-16,2023-01-16,5,momentum_20,62,0.15816226783968715,0.2545454545454545,0.443381647438123,0.35671812027754213,62.903225806451616
15,2022-10-16,2023-01-16,10,price_ma200_ratio,62,-0.06764418377321603,0.018181818181818174,0.46584878561362064,-0.1452063112799885,50.0
15,2022-10-16,2023-01-16,10,return_60d,62,-0.007820136852394924,0.0,0.3884425037689836,-0.02013203183616012,50.0
15,2022-10-16,2023-01-16,10,beta_60,62,0.1667644183773216,0.26666666666666666,0.44863753517951505,0.37171303179212034,58.06451612903226
15,2022-10-16,2023-01-16,10,volatility_10,62,0.11163245356793743,0.14545454545454545,0.44133278783601404,0.2529439385532731,58.06451612903226
15,2022-10-16,2023-01-16,10,volatility_20,62,0.12570869990224828,0.19999999999999998,0.4718653350366118,0.26640799941893295,64.51612903225806
15,2022-10-16,2023-01-16,10,volatility_60,62,0.15307917888563047,0.22424242424242422,0.4714414799651631,0.32470451878129636,59.67741935483871
15,2022-10-16,2023-01-16,10,price_ma50_ratio,62,0.1255131964809384,0.16969696969696968,0.3895755657559151,0.32217933441846686,67.74193548387096
15,2022-10-16,2023-01-16,10,volume_ratio_20,62,-0.04535679374389051,-0.01818181818181818,0.30856103717870087,-0.14699455951602358,48.38709677419355
15,2022-10-16,2023-01-16,10,rsi_14,62,0.11319648093841642,0.2121212121212121,0.4079222315371519,0.2774952483267805,62.903225806451616
15,2022-10-16,2023-01-16,10,momentum_20,62,0.12062561094819159,0.18787878787878787,0.42950214741053394,0.280849843651406,66.12903225806451
15,2022-10-16,2023-01-16,20,price_ma200_ratio,62,-0.11476050830889538,0.04242424242424241,0.40605670745396877,-0.28262187571893466,54.83870967741935
15,2022-10-16,2023-01-16,20,return_60d,62,-0.04301075268817203,0.01818181818181818,0.32904107210137196,-0.1307154526743128,51.61290322580645
15,2022-10-16,2023-01-16,20,beta_60,62,0.21094819159335287,0.20606060606060606,0.42439687587981545,0.497054063265751,62.903225806451616
15,2022-10-16,2023-01-16,20,volatility_10,62,0.12062561094819156,0.012121212121212121,0.45472056196898564,0.2652741508452368,51.61290322580645
15,2022-10-16,2023-01-16,20,volatility_20,62,0.10987292277614856,-0.024242424242424242,0.4762456909473844,0.23070638719603095,50.0
15,2022-10-16,2023-01-16,20,volatility_60,62,0.1847507331378299,0.036363636363636355,0.4449393859182274,0.415226745451085,53.2258064516129
15,2022-10-16,2023-01-16,20,price_ma50_ratio,62,0.09501466275659824,0.16363636363636364,0.3382134287771519,0.28093107686508567,66.12903225806451
15,2022-10-16,2023-01-16,20,volume_ratio_20,62,-0.05004887585532748,-0.07878787878787878,0.34987873974865613,-0.14304634768972047,37.096774193548384
15,2022-10-16,2023-01-16,20,rsi_14,62,0.10772238514174,0.12727272727272726,0.4526962475576277,0.23795731845121393,62.903225806451616
15,2022-10-16,2023-01-16,20,momentum_20,62,0.08817204301075267,0.14545454545454545,0.4075927784328125,0.2163238596860639,66.12903225806451
16,2023-01-16,2023-04-16,1,price_ma200_ratio,62,-0.014076246334310856,0.012121212121212121,0.38165614362396494,-0.03688201164705941,51.61290322580645
16,2023-01-16,2023-04-16,1,return_60d,62,-0.017790811339198433,0.02424242424242424,0.36355665787786445,-0.04893545738660408,53.2258064516129
16,2023-01-16,2023-04-16,1,beta_60,62,0.05259042033235581,0.04848484848484848,0.4575851654577096,0.11493034368749933,58.06451612903226
16,2023-01-16,2023-04-16,1,volatility_10,62,-0.04242424242424242,-0.04242424242424241,0.3786533293074701,-0.11203979772694282,41.935483870967744
16,2023-01-16,2023-04-16,1,volatility_20,62,-0.005669599217986321,0.036363636363636355,0.37101289659707076,-0.015281407384993537,51.61290322580645
16,2023-01-16,2023-04-16,1,volatility_60,62,0.05219941348973606,0.09696969696969696,0.44564743986181277,0.1171316355052374,61.29032258064516
16,2023-01-16,2023-04-16,1,price_ma50_ratio,62,-0.029912023460410553,0.012121212121212121,0.3883564355482841,-0.07702208775858334,51.61290322580645
16,2023-01-16,2023-04-16,1,volume_ratio_20,62,-0.01935483870967742,-0.04242424242424242,0.3414366861139693,-0.056686464861063296,48.38709677419355
16,2023-01-16,2023-04-16,1,rsi_14,62,0.05415444770283477,0.14545454545454545,0.4018950892447259,0.13474772186096187,54.83870967741935
16,2023-01-16,2023-04-16,1,momentum_20,62,0.006647116324535672,0.09696969696969696,0.44021826463990127,0.01509959231240216,56.451612903225815
16,2023-01-16,2023-04-16,3,price_ma200_ratio,62,-0.030498533724340166,0.006060606060606061,0.3997349190776772,-0.07629689644004714,51.61290322580645
16,2023-01-16,2023-04-16,3,return_60d,62,-0.05141739980449657,-0.07878787878787878,0.3669328014563125,-0.1401275645034378,43.54838709677419
16,2023-01-16,2023-04-16,3,beta_60,62,0.12629521016617792,0.13939393939393938,0.4187382541749749,0.30160896193975134,59.67741935483871
16,2023-01-16,2023-04-16,3,volatility_10,62,0.05102639296187683,0.04242424242424241,0.3231689653677261,0.15789385253567012,54.83870967741935
16,2023-01-16,2023-04-16,3,volatility_20,62,0.09853372434017595,0.0909090909090909,0.3289591249198976,0.29953181679994184,61.29032258064516
16,2023-01-16,2023-04-16,3,volatility_60,62,0.15190615835777127,0.07878787878787877,0.4043924346053562,0.37564045555405967,61.29032258064516
16,2023-01-16,2023-04-16,3,price_ma50_ratio,62,-0.00469208211143694,-0.0303030303030303,0.33964297753133477,-0.013814747902461955,43.54838709677419
16,2023-01-16,2023-04-16,3,volume_ratio_20,62,-0.08836754643206257,-0.16363636363636364,0.38035510597096134,-0.23232906577257595,38.70967741935484
16,2023-01-16,2023-04-16,3,rsi_14,62,0.06568914956011732,0.09696969696969696,0.33322979658947666,0.19712867886494329,56.451612903225815
16,2023-01-16,2023-04-16,3,momentum_20,62,0.03792766373411533,-0.012121212121212121,0.4093606374450343,0.09265097878202312,48.38709677419355
16,2023-01-16,2023-04-16,5,price_ma200_ratio,62,0.0007820136852394931,0.02424242424242424,0.38796335992898756,0.002015689536719736,53.2258064516129
16,2023-01-16,2023-04-16,5,return_60d,62,-0.060606060606060594,-0.09090909090909091,0.3782953578909787,-0.16020831168519575,40.32258064516129
16,2023-01-16,2023-04-16,5,beta_60,62,0.1282502443792766,0.07878787878787878,0.41065340663841143,0.3123077571159747,58.06451612903226
16,2023-01-16,2023-04-16,5,volatility_10,62,0.05513196480938416,0.04848484848484848,0.3459548058157831,0.1593617544331536,54.83870967741935
16,2023-01-16,2023-04-16,5,volatility_20,62,0.08660801564027369,0.060606060606060594,0.338911706047841,0.2555474304804569,58.06451612903226
16,2023-01-16,2023-04-16,5,volatility_60,62,0.15835777126099698,0.10909090909090909,0.42791186320442626,0.37007100031097934,61.29032258064516
16,2023-01-16,2023-04-16,5,price_ma50_ratio,62,0.017008797653958935,0.01818181818181818,0.322313138396654,0.052771034214022926,54.83870967741935
16,2023-01-16,2023-04-16,5,volume_ratio_20,62,-0.1217986314760508,-0.14545454545454545,0.3841454549677684,-0.31706383584902825,35.483870967741936
16,2023-01-16,2023-04-16,5,rsi_14,62,0.0484848484848485,0.02424242424242424,0.3107859970973769,0.15600718480780523,51.61290322580645
16,2023-01-16,2023-04-16,5,momentum_20,62,0.03831867057673509,0.06666666666666665,0.3836451989849979,0.09988049030227408,56.451612903225815
16,2023-01-16,2023-04-16,10,price_ma200_ratio,62,0.0541544477028348,0.05454545454545454,0.35664730974513253,0.151843140893267,64.51612903225806
16,2023-01-16,2023-04-16,10,return_60d,62,-0.07194525904203322,0.04242424242424242,0.3690709706136109,-0.1949361092323742,53.2258064516129
16,2023-01-16,2023-04-16,10,beta_60,62,0.16520039100684258,0.20606060606060606,0.4708228871580227,0.35087587182522895,67.74193548387096
16,2023-01-16,2023-04-16,10,volatility_10,62,0.05591397849462366,0.04848484848484848,0.3113385048627002,0.1795922368140158,53.2258064516129
16,2023-01-16,2023-04-16,10,volatility_20,62,0.14369501466275658,0.09090909090909088,0.33559793819539535,0.4281760949886795,66.12903225806451
16,2023-01-16,2023-04-16,10,volatility_60,62,0.19569892473118272,0.04242424242424242,0.45405489288878936,0.4310027879803397,59.67741935483871
16,2023-01-16,2023-04-16,10,price_ma50_ratio,62,0.039491691104594336,0.006060606060606061,0.2810781794166467,0.14050073608188263,51.61290322580645
16,2023-01-16,2023-04-16,10,volume_ratio_20,62,-0.16832844574780056,-0.18787878787878787,0.35739876117350694,-0.47098217463065545,30.64516129032258
16,2023-01-16,2023-04-16,10,rsi_14,62,0.08113391984359726,0.11515151515151514,0.3530285096845425,0.22982257131611414,58.06451612903226
16,2023-01-16,2023-04-16,10,momentum_20,62,0.03264907135874877,0.0,0.30269898397992506,0.10785986437573919,50.0
16,2023-01-16,2023-04-16,20,price_ma200_ratio,62,0.16363636363636364,0.17575757575757575,0.25881964923980993,0.6322408832443243,80.64516129032258
16,2023-01-16,2023-04-16,20,return_60d,62,0.07155425219941346,0.12727272727272726,0.2785455192028013,0.2568853105381199,62.903225806451616
16,2023-01-16,2023-04-16,20,beta_60,62,0.23851417399804495,0.406060606060606,0.41261490661641764,0.5780551554812747,72.58064516129032
16,2023-01-16,2023-04-16,20,volatility_10,62,0.09872922776148582,0.19999999999999998,0.29891369174009924,0.3302934274664452,66.12903225806451
16,2023-01-16,2023-04-16,20,volatility_20,62,0.16304985337243397,0.1212121212121212,0.31979782123641814,0.5098529212677014,66.12903225806451
16,2023-01-16,2023-04-16,20,volatility_60,62,0.20801564027370475,0.2606060606060606,0.3564039404494788,0.5836513479939808,61.29032258064516
16,2023-01-16,2023-04-16,20,price_ma50_ratio,62,0.09657869012707722,0.09696969696969696,0.28705610158773975,0.3364453484628599,64.51612903225806
16,2023-01-16,2023-04-16,20,volume_ratio_20,62,-0.16676441837732156,-0.18787878787878787,0.37114250297306944,-0.4493271911501394,37.096774193548384
16,2023-01-16,2023-04-16,20,rsi_14,62,0.03695014662756598,0.00606060606060606,0.2957998994038716,0.12491602161471986,50.0
16,2023-01-16,2023-04-16,20,momentum_20,62,0.10713587487781034,0.11515151515151514,0.28242252438782556,0.3793460706083423,67.74193548387096
17,2023-04-16,2023-07-16,1,price_ma200_ratio,62,0.022091886608015626,0.054545454545454536,0.40534907635119677,0.05450089292636031,51.61290322580645
17,2023-04-16,2023-07-16,1,return_60d,62,0.0021505376344085956,0.02424242424242424,0.415600138737396,0.005174535410267149,54.83870967741935
17,2023-04-16,2023-07-16,1,beta_60,62,0.10185728250244379,0.16969696969696968,0.39716716356098647,0.2564594756253137,64.51612903225806
17,2023-04-16,2023-07-16,1,volatility_10,62,0.050048875855327454,0.036363636363636355,0.3440825378993946,0.1454560180847106,51.61290322580645
17,2023-04-16,2023-07-16,1,volatility_20,62,0.05962854349951123,0.11515151515151514,0.3545107528389529,0.1681995342087671,58.06451612903226
17,2023-04-16,2023-07-16,1,volatility_60,62,0.06823069403714564,0.10909090909090909,0.3734040608287742,0.182726170373474,61.29032258064516
17,2023-04-16,2023-07-16,1,price_ma50_ratio,62,0.03128054740957967,0.06666666666666665,0.40910204919186416,0.07646147818465082,61.29032258064516
17,2023-04-16,2023-07-16,1,volume_ratio_20,62,-0.010361681329423264,0.02424242424242424,0.37876842409537104,-0.027356243736976003,54.83870967741935
17,2023-04-16,2023-07-16,1,rsi_14,62,0.006060606060606059,-0.04848484848484848,0.3928089554619724,0.01542888973465062,46.774193548387096
17,2023-04-16,2023-07-16,1,momentum_20,62,0.03147605083088954,-0.04242424242424241,0.40893958852070056,0.07696992835726939,48.38709677419355
17,2023-04-16,2023-07-16,3,price_ma200_ratio,62,0.08367546432062561,0.15757575757575756,0.4419385539646324,0.18933732658074912,54.83870967741935
17,2023-04-16,2023-07-16,3,return_60d,62,0.07624633431085044,0.18787878787878787,0.47075972058130283,0.16196443955889014,59.67741935483871
17,2023-04-16,2023-07-16,3,beta_60,62,0.22404692082111435,0.29696969696969694,0.3401559250852302,0.6586594684922119,75.80645161290323
17,2023-04-16,2023-07-16,3,volatility_10,62,0.10811339198435971,0.11515151515151514,0.3002118177156058,0.3601237046796632,64.51612903225806
17,2023-04-16,2023-07-16,3,volatility_20,62,0.11065493646138809,0.13939393939393938,0.3098350441375338,0.3571414485066094,62.903225806451616
17,2023-04-16,2023-07-16,3,volatility_60,62,0.1442815249266862,0.19999999999999998,0.33239145928358704,0.4340710956823631,67.74193548387096
17,2023-04-16,2023-07-16,3,price_ma50_ratio,62,0.12062561094819156,0.14545454545454545,0.3992959371102193,0.30209576341092287,64.51612903225806
17,2023-04-16,2023-07-16,3,volume_ratio_20,62,-0.01642228739002932,-0.036363636363636355,0.32717959171683575,-0.05019349557793422,46.774193548387096
17,2023-04-16,2023-07-16,3,rsi_14,62,0.07663734115347018,0.0303030303030303,0.39177455040832043,0.19561592521412174,51.61290322580645
17,2023-04-16,2023-07-16,3,momentum_20,62,0.08543499511241448,0.08484848484848484,0.3782630596585008,0.22586132304208065,64.51612903225806
17,2023-04-16,2023-07-16,5,price_ma200_ratio,62,0.07370478983382207,0.16363636363636364,0.4584652232118091,0.1607641890860951,59.67741935483871
17,2023-04-16,2023-07-16,5,return_60d,62,0.0772238514173998,0.20606060606060606,0.4787569842747635,0.1613007307546249,58.06451612903226
17,2023-04-16,2023-07-16,5,beta_60,62,0.2680351906158357,0.38181818181818183,0.37046318903454917,0.7235136946112044,82.25806451612904
17,2023-04-16,2023-07-16,5,volatility_10,62,0.11436950146627566,0.11515151515151513,0.3535604949002812,0.32347930019311866,64.51612903225806
17,2023-04-16,2023-07-16,5,volatility_20,62,0.10674486803519062,0.06666666666666665,0.3732434437991917,0.28599261369108014,62.903225806451616
17,2023-04-16,2023-07-16,5,volatility_60,62,0.1642228739002932,0.24848484848484845,0.36762460977386197,0.4467134939668813,74.19354838709677
17,2023-04-16,2023-07-16,5,price_ma50_ratio,62,0.13137829912023455,0.21818181818181814,0.3883128690562513,0.3383310458897075,61.29032258064516
17,2023-04-16,2023-07-16,5,volume_ratio_20,62,-0.01407624633431085,-0.07272727272727272,0.34072511314250986,-0.04131261768316853,43.54838709677419
17,2023-04-16,2023-07-16,5,rsi_14,62,0.052590420332355815,0.06666666666666667,0.3729116369119428,0.1410264929457651,54.83870967741935
17,2023-04-16,2023-07-16,5,momentum_20,62,0.07546432062561094,0.09090909090909088,0.41227412700245597,0.18304403716598347,58.06451612903226
17,2023-04-16,2023-07-16,10,price_ma200_ratio,62,0.12864125122189635,0.18787878787878787,0.37628669595973574,0.34187031485073155,64.51612903225806
17,2023-04-16,2023-07-16,10,return_60d,62,0.1775171065493646,0.22424242424242422,0.368948428384289,0.48114341434317337,64.51612903225806
17,2023-04-16,2023-07-16,10,beta_60,62,0.43343108504398825,0.5212121212121212,0.34335868514286094,1.2623274255132093,88.70967741935483
17,2023-04-16,2023-07-16,10,volatility_10,62,0.17751710654936462,0.1515151515151515,0.3398467405586342,0.5223445905573938,77.41935483870968
17,2023-04-16,2023-07-16,10,volatility_20,62,0.13294232649071355,0.17575757575757575,0.37475768920345753,0.3547420915452881,67.74193548387096
17,2023-04-16,2023-07-16,10,volatility_60,62,0.28523949169110446,0.37575757575757573,0.3323154235572087,0.8583396119199384,79.03225806451613
17,2023-04-16,2023-07-16,10,price_ma50_ratio,62,0.21388074291300097,0.16363636363636364,0.3684650213911342,0.5804641702636995,74.19354838709677
17,2023-04-16,2023-07-16,10,volume_ratio_20,62,0.059628543499511244,0.1212121212121212,0.3065315732208489,0.19452659598151822,59.67741935483871
17,2023-04-16,2023-07-16,10,rsi_14,62,0.13176930596285433,0.15757575757575756,0.3929391336145618,0.3353427915177017,67.74193548387096
17,2023-04-16,2023-07-16,10,momentum_20,62,0.09970674486803519,0.16363636363636364,0.4042685391329044,0.2466349349912097,62.903225806451616
17,2023-04-16,2023-07-16,20,price_ma200_ratio,62,0.14897360703812318,0.17575757575757575,0.2578419439562952,0.5777710358225291,77.41935483870968
17,2023-04-16,2023-07-16,20,return_60d,62,0.16754643206256112,0.15757575757575756,0.2981365334095864,0.5619788697025675,80.64516129032258
17,2023-04-16,2023-07-16,20,beta_60,62,0.4695992179863147,0.6121212121212121,0.42023906580993103,1.1174573146388742,87.09677419354838
17,2023-04-16,2023-07-16,20,volatility_10,62,0.19804496578690123,0.24848484848484848,0.21767555713261602,0.909817199485769,82.25806451612904
17,2023-04-16,2023-07-16,20,volatility_20,62,0.18240469208211146,0.20606060606060606,0.28328031133035064,0.6439017636823976,75.80645161290323
17,2023-04-16,2023-07-16,20,volatility_60,62,0.3704789833822092,0.4666666666666666,0.29184211172646446,1.2694500502019699,85.48387096774194
17,2023-04-16,2023-07-16,20,price_ma50_ratio,62,0.1874877810361681,0.15757575757575756,0.35486671722058255,0.5283329541429693,69.35483870967742
17,2023-04-16,2023-07-16,20,volume_ratio_20,62,0.07253176930596285,0.04848484848484848,0.3301687248734592,0.2196809202136315,53.2258064516129
17,2023-04-16,2023-07-16,20,rsi_14,62,0.13880742913000976,0.1333333333333333,0.4054717793695169,0.34233561049759514,59.67741935483871
17,2023-04-16,2023-07-16,20,momentum_20,62,0.05610948191593351,0.012121212121212121,0.42674435836353913,0.13148265657476935,51.61290322580645
18,2023-07-16,2023-10-16,1,price_ma200_ratio,64,-0.04867424242424244,-0.09696969696969696,0.5208249048248885,-0.09345605782927693,46.875
18,2023-07-16,2023-10-16,1,return_60d,64,-0.09223484848484848,-0.12727272727272726,0.39239266969399794,-0.23505752173397265,39.0625
18,2023-07-16,2023-10-16,1,beta_60,64,-0.04356060606060606,-0.07878787878787878,0.5152458674876998,-0.08454333903346824,43.75
18,2023-07-16,2023-10-16,1,volatility_10,64,-0.019507575757575765,0.01818181818181818,0.3976411986845052,-0.04905823597281071,51.5625
18,2023-07-16,2023-10-16,1,volatility_20,64,-0.042234848484848486,0.00606060606060606,0.4232186764891167,-0.09979438723076905,50.0
18,2023-07-16,2023-10-16,1,volatility_60,64,-0.04109848484848485,-0.024242424242424235,0.48643855278710907,-0.08448854354369337,48.4375
18,2023-07-16,2023-10-16,1,price_ma50_ratio,64,-0.06553030303030302,-0.06666666666666665,0.34309613259231686,-0.19099691545683858,42.1875
18,2023-07-16,2023-10-16,1,volume_ratio_20,64,0.007386363636363635,0.04242424242424241,0.31372093396149525,0.023544376025828758,54.6875
18,2023-07-16,2023-10-16,1,rsi_14,64,0.010606060606060612,0.04848484848484848,0.3293469267601686,0.0322033082573258,53.125
18,2023-07-16,2023-10-16,1,momentum_20,64,-0.05246212121212121,-0.07272727272727272,0.3255082549823962,-0.16116986407904896,42.1875
18,2023-07-16,2023-10-16,3,price_ma200_ratio,64,-0.10037878787878786,-0.054545454545454536,0.4734862433841886,-0.21199937544402978,45.3125
18,2023-07-16,2023-10-16,3,return_60d,64,-0.11155303030303029,-0.10303030303030303,0.3922414568148929,-0.2843988782034188,35.9375
18,2023-07-16,2023-10-16,3,beta_60,64,-0.059848484848484845,-0.060606060606060594,0.4982321860996279,-0.12012167523138977,45.3125
18,2023-07-16,2023-10-16,3,volatility_10,64,-0.032954545454545466,-0.036363636363636355,0.3723594974191768,-0.0885019602909376,42.1875
18,2023-07-16,2023-10-16,3,volatility_20,64,-0.053409090909090906,-0.06666666666666665,0.39574584889523123,-0.13495805719298978,45.3125
18,2023-07-16,2023-10-16,3,volatility_60,64,-0.04261363636363636,-0.012121212121212121,0.4687738994058012,-0.09090445610912143,46.875
18,2023-07-16,2023-10-16,3,price_ma50_ratio,64,-0.16534090909090904,-0.16969696969696968,0.3045837407343668,-0.5428422038952695,31.25
18,2023-07-16,2023-10-16,3,volume_ratio_20,64,0.05852272727272727,0.09696969696969696,0.33450791130984636,0.1749516985818584,60.9375
18,2023-07-16,2023-10-16,3,rsi_14,64,-0.07556818181818181,-0.1333333333333333,0.32729226733394096,-0.2308889923790302,35.9375
18,2023-07-16,2023-10-16,3,momentum_20,64,-0.18579545454545454,-0.24848484848484845,0.29031167362246024,-0.6399861646179436,26.5625
18,2023-07-16,2023-10-16,5,price_ma200_ratio,64,-0.11875,-0.11515151515151514,0.46591046938403985,-0.25487729468065884,42.1875
18,2023-07-16,2023-10-16,5,return_60d,64,-0.11874999999999998,-0.09090909090909088,0.3505131075170466,-0.3387890422734755,40.625
18,2023-07-16,2023-10-16,5,beta_60,64,-0.08598484848484847,-0.1212121212121212,0.515295653660232,-0.16686507614431362,43.75
18,2023-07-16,2023-10-16,5,volatility_10,64,-0.02746212121212121,-0.08484848484848484,0.32795071445611634,-0.08373856192893266,40.625
18,2023-07-16,2023-10-16,5,volatility_20,64,-0.056249999999999994,-0.06666666666666665,0.35727556675537725,-0.15744149679990227,45.3125
18,2023-07-16,2023-10-16,5,volatility_60,64,-0.05094696969696969,-0.012121212121212121,0.4502347706432691,-0.11315645307486945,46.875
18,2023-07-16,2023-10-16,5,price_ma50_ratio,64,-0.22746212121212117,-0.24848484848484845,0.2698851832839179,-0.8428107035903194,17.1875
18,2023-07-16,2023-10-16,5,volume_ratio_20,64,0.07196969696969696,0.09090909090909091,0.3117953159277747,0.23082353484222407,59.375
18,2023-07-16,2023-10-16,5,rsi_14,64,-0.09488636363636362,-0.13939393939393938,0.3145222910634264,-0.30168406606585757,35.9375
18,2023-07-16,2023-10-16,5,momentum_20,64,-0.20909090909090908,-0.24242424242424238,0.2873844519035151,-0.7275651403754722,25.0
18,2023-07-16,2023-10-16,10,price_ma200_ratio,64,-0.14393939393939392,-0.2727272727272727,0.4207926806597081,-0.3420672472575554,34.375
18,2023-07-16,2023-10-16,10,return_60d,64,-0.12348484848484848,-0.1212121212121212,0.2740239603514747,-0.4506352230164895,31.25
18,2023-07-16,2023-10-16,10,beta_60,64,-0.09015151515151514,-0.16363636363636364,0.48440516047709925,-0.1861076687596047,35.9375
18,2023-07-16,2023-10-16,10,volatility_10,64,-0.03939393939393939,-0.054545454545454536,0.2909331399390918,-0.13540547289382945,39.0625
18,2023-07-16,2023-10-16,10,volatility_20,64,-0.028219696969696964,-0.09696969696969696,0.3073633805934329,-0.09181216355446314,39.0625
18,2023-07-16,2023-10-16,10,volatility_60,64,-0.019886363636363633,-0.06666666666666667,0.4050887823637203,-0.0490913708356113,46.875
18,2023-07-16,2023-10-16,10,price_ma50_ratio,64,-0.32935606060606054,-0.32121212121212117,0.16758188086964534,-1.9653440986394721,1.5625
18,2023-07-16,2023-10-16,10,volume_ratio_20,64,0.07537878787878785,0.07272727272727272,0.31536950872537534,0.23901736151806582,59.375
18,2023-07-16,2023-10-16,10,rsi_14,64,-0.1964015151515151,-0.22424242424242422,0.27160308896421737,-0.7231195930079802,26.5625
18,2023-07-16,2023-10-16,10,momentum_20,64,-0.2265151515151515,-0.24848484848484848,0.23406337447476003,-0.9677513708560906,20.3125
18,2023-07-16,2023-10-16,20,price_ma200_ratio,64,-0.12443181818181817,-0.11515151515151514,0.266007688005952,-0.46777527038629796,31.25
18,2023-07-16,2023-10-16,20,return_60d,64,-0.1827651515151515,-0.21818181818181814,0.21417740107101607,-0.8533353687233834,23.4375
18,2023-07-16,2023-10-16,20,beta_60,64,-0.03693181818181818,-0.01212121212121212,0.29170909469457623,-0.12660495971332789,50.0
18,2023-07-16,2023-10-16,20,volatility_10,64,-0.09185606060606061,-0.036363636363636355,0.22407002655037528,-0.4099435431869759,42.1875
18,2023-07-16,2023-10-16,20,volatility_20,64,-0.010227272727272729,-0.05454545454545454,0.26927941908305686,-0.037980149994746595,43.75
18,2023-07-16,2023-10-16,20,volatility_60,64,0.022537878787878787,-0.036363636363636355,0.2552304595675687,0.08830403246565562,48.4375
18,2023-07-16,2023-10-16,20,price_ma50_ratio,64,-0.3545454545454545,-0.3939393939393939,0.23441308613107534,-1.512481493235431,9.375
18,2023-07-16,2023-10-16,20,volume_ratio_20,64,-0.06609848484848485,0.01818181818181818,0.34901788081939716,-0.18938423639873106,51.5625
18,2023-07-16,2023-10-16,20,rsi_14,64,-0.18200757575757576,-0.19999999999999998,0.29823227741305286,-0.6102879853795791,34.375
18,2023-07-16,2023-10-16,20,momentum_20,64,-0.25284090909090906,-0.2727272727272727,0.21798256293490648,-1.1599134613643933,15.625
19,2023-10-16,2024-01-16,1,price_ma200_ratio,62,0.06881720430107525,0.10909090909090907,0.46743454192624295,0.14722318983421212,59.67741935483871
19,2023-10-16,2024-01-16,1,return_60d,62,0.0699902248289345,0.0303030303030303,0.36960929537764486,0.18936272897959083,53.2258064516129
19,2023-10-16,2024-01-16,1,beta_60,62,0.034017595307917876,0.04848484848484848,0.43162737763601366,0.07881241336967397,54.83870967741935
19,2023-10-16,2024-01-16,1,volatility_10,62,0.008015640273704794,0.006060606060606061,0.3783554796884534,0.02118547425374956,51.61290322580645
19,2023-10-16,2024-01-16,1,volatility_20,62,0.011339198435972633,0.07272727272727272,0.3348256957643648,0.033865974384333544,53.2258064516129
19,2023-10-16,2024-01-16,1,volatility_60,62,0.012316715542521988,-0.012121212121212121,0.40052497988951363,0.030751429151608976,48.38709677419355
19,2023-10-16,2024-01-16,1,price_ma50_ratio,62,0.020136852394916922,0.07878787878787877,0.37557608903985823,0.05361590629050905,58.06451612903226
19,2023-10-16,2024-01-16,1,volume_ratio_20,62,0.032258064516129024,0.02424242424242424,0.3265410565870606,0.09878716279442354,53.2258064516129
19,2023-10-16,2024-01-16,1,rsi_14,62,0.03323558162267839,0.060606060606060594,0.3441346954281571,0.09657724740984966,61.29032258064516
19,2023-10-16,2024-01-16,1,momentum_20,62,0.010557184750733134,0.036363636363636355,0.35952123512264517,0.029364565203309097,53.2258064516129
19,2023-10-16,2024-01-16,3,price_ma200_ratio,62,0.12082111436950145,0.1515151515151515,0.466677467720685,0.2588963957475982,56.451612903225815
19,2023-10-16,2024-01-16,3,return_60d,62,0.07370478983382207,0.04242424242424241,0.3736559556389636,0.19725308461304875,56.451612903225815
19,2023-10-16,2024-01-16,3,beta_60,62,0.03284457478005865,0.10303030303030301,0.4170774540274166,0.07874934131035434,61.29032258064516
19,2023-10-16,2024-01-16,3,volatility_10,62,-0.017790811339198437,0.01212121212121212,0.32542369417668165,-0.054669686496580994,50.0
19,2023-10-16,2024-01-16,3,volatility_20,62,-0.015053763440860205,0.01212121212121212,0.3281799020722372,-0.04587046112758804,50.0
19,2023-10-16,2024-01-16,3,volatility_60,62,-0.012512218963831869,-0.006060606060606061,0.39994711443091835,-0.031284683680329606,48.38709677419355
19,2023-10-16,2024-01-16,3,price_ma50_ratio,62,0.038123167155425214,0.04848484848484848,0.34917491381899046,0.10918071615874433,54.83870967741935
19,2023-10-16,2024-01-16,3,volume_ratio_20,62,0.03440860215053762,0.0303030303030303,0.3207117252462728,0.10728825746584551,58.06451612903226
19,2023-10-16,2024-01-16,3,rsi_14,62,0.07507331378299119,0.09090909090909091,0.338039941321031,0.22208415221470912,59.67741935483871
19,2023-10-16,2024-01-16,3,momentum_20,62,0.05904203323558162,-0.012121212121212121,0.35359702711977964,0.16697547973326526,48.38709677419355
19,2023-10-16,2024-01-16,5,price_ma200_ratio,62,0.1010752688172043,0.060606060606060594,0.424893084454404,0.23788400544808316,54.83870967741935
19,2023-10-16,2024-01-16,5,return_60d,62,0.027370478983382206,-0.030303030303030297,0.35873957787601257,0.07629623457058864,43.54838709677419
19,2023-10-16,2024-01-16,5,beta_60,62,0.08387096774193548,0.18787878787878787,0.3656875310060526,0.2293514561767962,58.06451612903226
19,2023-10-16,2024-01-16,5,volatility_10,62,-0.0011730205278592393,0.00606060606060606,0.3107604961026768,-0.0037746770988281195,50.0
19,2023-10-16,2024-01-16,5,volatility_20,62,0.03304007820136851,0.09696969696969696,0.30223378161726383,0.10931960691015367,58.06451612903226
19,2023-10-16,2024-01-16,5,volatility_60,62,0.030498533724340172,0.08484848484848484,0.33583752976362014,0.09081335771438832,58.06451612903226
19,2023-10-16,2024-01-16,5,price_ma50_ratio,62,-0.037927663734115345,-0.07272727272727272,0.30307587433565963,-0.12514247073361592,40.32258064516129
19,2023-10-16,2024-01-16,5,volume_ratio_20,62,0.029325513196480926,-0.02424242424242424,0.3385860684261834,0.08661169472445175,48.38709677419355
19,2023-10-16,2024-01-16,5,rsi_14,62,0.01681329423264908,0.0303030303030303,0.2825944137973461,0.05949620166485745,54.83870967741935
19,2023-10-16,2024-01-16,5,momentum_20,62,0.0029325513196480986,-0.0303030303030303,0.2635041252889574,0.011129052785918537,48.38709677419355
19,2023-10-16,2024-01-16,10,price_ma200_ratio,62,0.14877810361681326,0.23636363636363633,0.44682184851795415,0.33296962561318233,66.12903225806451
19,2023-10-16,2024-01-16,10,return_60d,62,-0.013294232649071362,-0.060606060606060594,0.3426320559711468,-0.03880031776767225,43.54838709677419
19,2023-10-16,2024-01-16,10,beta_60,62,0.14076246334310843,0.21818181818181814,0.33214967434696996,0.4237922666034748,74.19354838709677
19,2023-10-16,2024-01-16,10,volatility_10,62,0.0187683284457478,-0.02424242424242424,0.25788201815988027,0.07277874036999321,48.38709677419355
19,2023-10-16,2024-01-16,10,volatility_20,62,0.07507331378299122,0.09696969696969696,0.2772465542713124,0.27078177393514063,59.67741935483871
19,2023-10-16,2024-01-16,10,volatility_60,62,0.06608015640273704,0.1212121212121212,0.3247380451497143,0.2034875721822863,61.29032258064516
19,2023-10-16,2024-01-16,10,price_ma50_ratio,62,-0.07956989247311828,-0.1515151515151515,0.3247710013378061,-0.2450030703029263,33.87096774193548
19,2023-10-16,2024-01-16,10,volume_ratio_20,62,-0.03284457478005865,-0.0303030303030303,0.2922236987905787,-0.11239531535598221,43.54838709677419
19,2023-10-16,2024-01-16,10,rsi_14,62,-0.008015640273704792,0.0,0.2630490610601916,-0.03047203529789689,50.0
19,2023-10-16,2024-01-16,10,momentum_20,62,0.019745845552297157,-0.05454545454545454,0.30369710141683637,0.06501822197240927,45.16129032258064
19,2023-10-16,2024-01-16,20,price_ma200_ratio,62,0.3343108504398826,0.3272727272727272,0.3652311337874168,0.9153405049922952,79.03225806451613
19,2023-10-16,2024-01-16,20,return_60d,62,0.12355816226783967,0.13939393939393938,0.3672979335820995,0.33639765152727596,66.12903225806451
19,2023-10-16,2024-01-16,20,beta_60,62,0.24848484848484848,0.2303030303030303,0.1825783084048195,1.3609768359442707,90.32258064516128
19,2023-10-16,2024-01-16,20,volatility_10,62,0.1466275659824047,0.19999999999999998,0.18444807302685856,0.794953092088164,80.64516129032258
19,2023-10-16,2024-01-16,20,volatility_20,62,0.13841642228739,0.16969696969696968,0.17936142328394813,0.771717907636483,82.25806451612904
19,2023-10-16,2024-01-16,20,volatility_60,62,0.129227761485826,0.12727272727272726,0.205295837464123,0.6294709287927454,72.58064516129032
19,2023-10-16,2024-01-16,20,price_ma50_ratio,62,0.03695014662756597,0.006060606060606061,0.2989989363028625,0.1235795253470011,51.61290322580645
19,2023-10-16,2024-01-16,20,volume_ratio_20,62,0.07233626588465297,0.1515151515151515,0.3037782542220179,0.23812193558721834,66.12903225806451
19,2023-10-16,2024-01-16,20,rsi_14,62,0.06451612903225806,0.1212121212121212,0.2885358084589025,0.22359834426390582,62.903225806451616
19,2023-10-16,2024-01-16,20,momentum_20,62,0.08660801564027369,0.09090909090909091,0.3035195000092699,0.2853458036061227,61.29032258064516
20,2024-01-16,2024-04-16,1,price_ma200_ratio,63,0.06551226551226552,0.06666666666666665,0.5167772141953193,0.12677080899217963,55.55555555555556
20,2024-01-16,2024-04-16,1,return_60d,63,0.07205387205387205,0.12727272727272726,0.5019221457079154,0.14355587349557297,57.14285714285714
20,2024-01-16,2024-04-16,1,beta_60,63,-0.019721019721019726,-0.05454545454545454,0.473776273331284,-0.04162517380272011,47.61904761904761
20,2024-01-16,2024-04-16,1,volatility_10,63,-0.0031746031746031807,0.006060606060606061,0.36616723884820646,-0.008669817607356193,50.79365079365079
20,2024-01-16,2024-04-16,1,volatility_20,63,-0.018951418951418945,0.0303030303030303,0.3692937115502416,-0.051318011541175795,52.38095238095239
20,2024-01-16,2024-04-16,1,volatility_60,63,-0.022607022607022596,-0.04242424242424241,0.3848753561622823,-0.05873855585986225,49.2063492063492
20,2024-01-16,2024-04-16,1,price_ma50_ratio,63,0.08994708994708996,0.12727272727272726,0.4741153223025331,0.18971563608251135,60.317460317460316
20,2024-01-16,2024-04-16,1,volume_ratio_20,63,-0.048003848003848014,-0.04242424242424241,0.3488544966072196,-0.1376042117006055,44.44444444444444
20,2024-01-16,2024-04-16,1,rsi_14,63,0.08917748917748915,0.13939393939393938,0.3741640422291594,0.23833794569407546,58.730158730158735
20,2024-01-16,2024-04-16,1,momentum_20,63,0.1012987012987013,0.12727272727272726,0.4245096610787731,0.23862519651797526,60.317460317460316
20,2024-01-16,2024-04-16,3,price_ma200_ratio,63,0.11438191438191436,0.10303030303030303,0.5196223590540552,0.22012508197326333,58.730158730158735
20,2024-01-16,2024-04-16,3,return_60d,63,0.11919191919191918,0.12727272727272726,0.4860054621920294,0.24524810617215725,61.904761904761905
20,2024-01-16,2024-04-16,3,beta_60,63,-0.0049062049062048975,0.006060606060606061,0.4412011335988823,-0.011120109475206766,50.79365079365079
20,2024-01-16,2024-04-16,3,volatility_10,63,-0.02029822029822029,-0.006060606060606061,0.3546196524112982,-0.057239411747766936,49.2063492063492
20,2024-01-16,2024-04-16,3,volatility_20,63,-0.014141414141414137,0.0303030303030303,0.36740310426845435,-0.03849018687409151,53.96825396825397
20,2024-01-16,2024-04-16,3,volatility_60,63,9.620009620010299e-05,0.06666666666666665,0.3588467430502455,0.0002680812855716322,52.38095238095239
20,2024-01-16,2024-04-16,3,price_ma50_ratio,63,0.1438191438191438,0.10303030303030303,0.4682207512898101,0.30716097785705665,60.317460317460316
20,2024-01-16,2024-04-16,3,volume_ratio_20,63,-0.05550745550745551,-0.07878787878787878,0.3805471658569491,-0.14586222284025954,42.857142857142854
20,2024-01-16,2024-04-16,3,rsi_14,63,0.16305916305916307,0.1515151515151515,0.35338719207379843,0.4614178632289287,68.25396825396825
20,2024-01-16,2024-04-16,3,momentum_20,63,0.14112554112554113,0.18787878787878787,0.4011232024442362,0.35182592347088243,66.66666666666666
20,2024-01-16,2024-04-16,5,price_ma200_ratio,63,0.16190476190476188,0.1515151515151515,0.45501497883943304,0.35582292767090484,63.49206349206349
20,2024-01-16,2024-04-16,5,return_60d,63,0.15959595959595954,0.12727272727272726,0.4288370108876413,0.3721599478217027,61.904761904761905
20,2024-01-16,2024-04-16,5,beta_60,63,0.023376623376623377,-0.006060606060606061,0.4393873423077844,0.05320276923282054,49.2063492063492
20,2024-01-16,2024-04-16,5,volatility_10,63,-0.018759018759018763,-0.0303030303030303,0.41237660174574026,-0.04549001732786247,47.61904761904761
20,2024-01-16,2024-04-16,5,volatility_20,63,0.005098605098605084,0.0303030303030303,0.3880882962243117,0.013137745065257353,55.55555555555556
20,2024-01-16,2024-04-16,5,volatility_60,63,0.022029822029822028,0.07878787878787878,0.3918771521099514,0.05621614302137468,55.55555555555556
20,2024-01-16,2024-04-16,5,price_ma50_ratio,63,0.2013468013468013,0.18787878787878787,0.4210358421323942,0.47821772209950725,65.07936507936508
20,2024-01-16,2024-04-16,5,volume_ratio_20,63,-0.04742664742664742,-0.09090909090909088,0.39057369606650866,-0.12142816555309295,39.682539682539684
20,2024-01-16,2024-04-16,5,rsi_14,63,0.21827801827801827,0.23636363636363633,0.3125380243480764,0.6984046780654122,71.42857142857143
20,2024-01-16,2024-04-16,5,momentum_20,63,0.18518518518518515,0.24848484848484845,0.35415093267693465,0.5228990469837778,65.07936507936508
20,2024-01-16,2024-04-16,10,price_ma200_ratio,63,0.19999999999999993,0.19999999999999998,0.4346877779066052,0.4601003528628562,66.66666666666666
20,2024-01-16,2024-04-16,10,return_60d,63,0.21827801827801827,0.2727272727272727,0.4096578267457622,0.5328300938663229,71.42857142857143
20,2024-01-16,2024-04-16,10,beta_60,63,-0.051274651274651264,-0.06666666666666665,0.3536605333604656,-0.14498267812764393,42.857142857142854
20,2024-01-16,2024-04-16,10,volatility_10,63,-0.06166426166426166,0.0303030303030303,0.3346380573710721,-0.18427151456919807,52.38095238095239
20,2024-01-16,2024-04-16,10,volatility_20,63,-0.03203463203463203,0.0303030303030303,0.3362644232454936,-0.0952661947566329,52.38095238095239
20,2024-01-16,2024-04-16,10,volatility_60,63,-0.027801827801827803,0.006060606060606061,0.3227459917207614,-0.08614151225736008,50.79365079365079
20,2024-01-16,2024-04-16,10,price_ma50_ratio,63,0.27888407888407885,0.2606060606060606,0.3674087351501634,0.7590567458068092,80.95238095238095
20,2024-01-16,2024-04-16,10,volume_ratio_20,63,-0.014526214526214524,-0.01818181818181818,0.30692036782596704,-0.04732893626157557,46.03174603174603
20,2024-01-16,2024-04-16,10,rsi_14,63,0.31774891774891767,0.3939393939393939,0.2812710068409689,1.1296895521427612,85.71428571428571
20,2024-01-16,2024-04-16,10,momentum_20,63,0.28427128427128423,0.28484848484848485,0.3552264962863405,0.8002536050749413,80.95238095238095
20,2024-01-16,2024-04-16,20,price_ma200_ratio,63,0.18037518037518036,0.34545454545454546,0.468656450706089,0.38487719544545435,63.49206349206349
20,2024-01-16,2024-04-16,20,return_60d,63,0.1782587782587782,0.38181818181818183,0.4968464607956704,0.3587804127120222,61.904761904761905
20,2024-01-16,2024-04-16,20,beta_60,63,-0.098989898989899,-0.07878787878787878,0.33215289072686305,-0.29802510155270834,34.92063492063492
20,2024-01-16,2024-04-16,20,volatility_10,63,0.009139009139009138,0.07878787878787878,0.30698470292035007,0.02977024279082836,63.49206349206349
20,2024-01-16,2024-04-16,20,volatility_20,63,-0.02876382876382876,0.01818181818181818,0.3101451521594392,-0.0927431190317038,52.38095238095239
20,2024-01-16,2024-04-16,20,volatility_60,63,-0.05031265031265031,-0.05454545454545454,0.2911872141516508,-0.17278454501936819,42.857142857142854
20,2024-01-16,2024-04-16,20,price_ma50_ratio,63,0.25945165945165943,0.35757575757575755,0.3902099686004932,0.6649026942653343,69.84126984126983
20,2024-01-16,2024-04-16,20,volume_ratio_20,63,-0.01587301587301587,-0.0303030303030303,0.3309725850653588,-0.04795870289341742,46.03174603174603
20,2024-01-16,2024-04-16,20,rsi_14,63,0.3281385281385281,0.33333333333333326,0.3517962558604603,0.932751621633756,80.95238095238095
20,2024-01-16,2024-04-16,20,momentum_20,63,0.26137566137566143,0.24848484848484845,0.3580070829382829,0.7300851682331665,73.01587301587301
21,2024-04-16,2024-07-16,1,price_ma200_ratio,62,-0.006060606060606059,0.024242424242424242,0.44544829353088455,-0.013605633130988422,50.0
21,2024-04-16,2024-07-16,1,return_60d,62,0.019941348973607016,0.02424242424242424,0.3947347805058145,0.050518347909586536,53.2258064516129
21,2024-04-16,2024-07-16,1,beta_60,62,0.035581622678396874,0.11515151515151514,0.5117364185132891,0.0695311519585993,58.06451612903226
21,2024-04-16,2024-07-16,1,volatility_10,62,0.00723362658846529,0.012121212121212121,0.4033890342128601,0.017932134924243514,51.61290322580645
21,2024-04-16,2024-07-16,1,volatility_20,62,0.03519061583577712,0.06666666666666665,0.3894185760736931,0.09036707028870059,56.451612903225815
21,2024-04-16,2024-07-16,1,volatility_60,62,0.04672531769305961,0.04242424242424241,0.42024142310049845,0.11118684433420431,54.83870967741935
21,2024-04-16,2024-07-16,1,price_ma50_ratio,62,-0.03851417399804497,0.01212121212121212,0.4187582465710631,-0.09197233562183506,50.0
21,2024-04-16,2024-07-16,1,volume_ratio_20,62,-0.010752688172043003,0.006060606060606061,0.4167436328388302,-0.025801685556168907,53.2258064516129
21,2024-04-16,2024-07-16,1,rsi_14,62,-0.03245356793743891,0.04242424242424242,0.35436108635547425,-0.0915833289462359,58.06451612903226
21,2024-04-16,2024-07-16,1,momentum_20,62,-0.01818181818181817,0.03636363636363636,0.4158795346996734,-0.043718953843083753,51.61290322580645
21,2024-04-16,2024-07-16,3,price_ma200_ratio,62,-0.06608015640273703,-0.07878787878787878,0.41959516905036276,-0.15748550335384254,43.54838709677419
21,2024-04-16,2024-07-16,3,return_60d,62,-0.026197458455522963,-0.11515151515151514,0.39606940560306253,-0.0661436053502649,43.54838709677419
21,2024-04-16,2024-07-16,3,beta_60,62,0.025610948191593347,0.15757575757575756,0.5169145709179493,0.04954580434076913,56.451612903225815
21,2024-04-16,2024-07-16,3,volatility_10,62,0.04613880742913002,0.10909090909090907,0.46405272381877655,0.09942578733176083,59.67741935483871
21,2024-04-16,2024-07-16,3,volatility_20,62,0.07683284457478003,0.18181818181818182,0.4510483444860092,0.17034281472052548,59.67741935483871
21,2024-04-16,2024-07-16,3,volatility_60,62,0.08308895405669599,0.1818181818181818,0.48943728524545493,0.16976425082740992,59.67741935483871
21,2024-04-16,2024-07-16,3,price_ma50_ratio,62,-0.08152492668621701,-0.08484848484848484,0.4833629470400397,-0.16866192823725862,43.54838709677419
21,2024-04-16,2024-07-16,3,volume_ratio_20,62,-0.005083088954056697,0.036363636363636355,0.3436557232261419,-0.014791224503226973,53.2258064516129
21,2024-04-16,2024-07-16,3,rsi_14,62,-0.031671554252199405,-0.060606060606060594,0.384273513255748,-0.08241930073156209,45.16129032258064
21,2024-04-16,2024-07-16,3,momentum_20,62,0.004105571847507331,0.06666666666666665,0.4827884380366292,0.008503873589441347,54.83870967741935
21,2024-04-16,2024-07-16,5,price_ma200_ratio,62,-0.06959921798631476,-0.04848484848484848,0.415350345539872,-0.16756749749623961,46.774193548387096
21,2024-04-16,2024-07-16,5,return_60d,62,-0.057673509286412517,-0.08484848484848484,0.366762094934566,-0.15725046312842672,40.32258064516129
21,2024-04-16,2024-07-16,5,beta_60,62,0.07800586510263932,0.17575757575757575,0.47377758397784187,0.16464659312857566,59.67741935483871
21,2024-04-16,2024-07-16,5,volatility_10,62,0.06471163245356795,0.13939393939393938,0.4369163224449932,0.148109899148286,59.67741935483871
21,2024-04-16,2024-07-16,5,volatility_20,62,0.08602150537634405,0.1515151515151515,0.42014032505726967,0.20474470134381503,64.51612903225806
21,2024-04-16,2024-07-16,5,volatility_60,62,0.1356793743890518,0.2121212121212121,0.4215146923695256,0.3218852790784976,62.903225806451616
21,2024-04-16,2024-07-16,5,price_ma50_ratio,62,-0.1212121212121212,-0.11515151515151514,0.469964028368212,-0.2579178700825008,45.16129032258064
21,2024-04-16,2024-07-16,5,volume_ratio_20,62,0.014271749755620714,0.006060606060606061,0.304095686592685,0.04693177307291678,51.61290322580645
21,2024-04-16,2024-07-16,5,rsi_14,62,-0.045943304007820124,0.0,0.38377980143739354,-0.1197126681387241,50.0
21,2024-04-16,2024-07-16,5,momentum_20,62,-0.02756598240469208,0.01212121212121212,0.5010623255815122,-0.05501507696213269,50.0
21,2024-04-16,2024-07-16,10,price_ma200_ratio,62,-0.14780058651026393,-0.1333333333333333,0.4212346073098357,-0.3508747475763557,40.32258064516129
21,2024-04-16,2024-07-16,10,return_60d,62,-0.09403714565004886,-0.10909090909090909,0.344863565639921,-0.2726792709330012,35.483870967741936
21,2024-04-16,2024-07-16,10,beta_60,62,0.09442815249266862,0.24242424242424238,0.47488210321312946,0.19884546470324402,66.12903225806451
21,2024-04-16,2024-07-16,10,volatility_10,62,0.033822091886608,0.0,0.3998909188861359,0.08457829445293913,50.0
21,2024-04-16,2024-07-16,10,volatility_20,62,0.1182795698924731,0.24848484848484845,0.3983191013147045,0.2969467683123301,64.51612903225806
21,2024-04-16,2024-07-16,10,volatility_60,62,0.17204301075268816,0.2727272727272727,0.4157670980658042,0.4137965980306085,72.58064516129032
21,2024-04-16,2024-07-16,10,price_ma50_ratio,62,-0.11749755620723362,-0.14545454545454545,0.46317082737268744,-0.25368082198469283,43.54838709677419
21,2024-04-16,2024-07-16,10,volume_ratio_20,62,-0.011730205278592363,0.02424242424242424,0.32992772484850197,-0.03555386345290837,56.451612903225815
21,2024-04-16,2024-07-16,10,rsi_14,62,-0.0035190615835777243,0.036363636363636355,0.3665663518224146,-0.00960006712586254,58.06451612903226
21,2024-04-16,2024-07-16,10,momentum_20,62,-0.006451612903225808,0.09696969696969696,0.4810430279074731,-0.013411716892125402,53.2258064516129
21,2024-04-16,2024-07-16,20,price_ma200_ratio,62,-0.15581622678396873,-0.15757575757575756,0.46310976279053556,-0.3364563637032294,40.32258064516129
21,2024-04-16,2024-07-16,20,return_60d,62,-0.23401759530791785,-0.23636363636363633,0.3164925323385046,-0.7394095322843963,19.35483870967742
21,2024-04-16,2024-07-16,20,beta_60,62,0.10850439882697947,0.2787878787878788,0.5468313029282632,0.19842389827711412,61.29032258064516
21,2024-04-16,2024-07-16,20,volatility_10,62,0.11691104594330395,0.1333333333333333,0.4264979952368108,0.27411862951053195,66.12903225806451
21,2024-04-16,2024-07-16,20,volatility_20,62,0.20078201368523949,0.2545454545454545,0.42929569247446886,0.46770097442144826,72.58064516129032
21,2024-04-16,2024-07-16,20,volatility_60,62,0.2140762463343108,0.3939393939393939,0.4708572105747267,0.454652156803567,69.35483870967742
21,2024-04-16,2024-07-16,20,price_ma50_ratio,62,-0.17360703812316713,-0.22424242424242422,0.43573683631780674,-0.39842176206683155,40.32258064516129
21,2024-04-16,2024-07-16,20,volume_ratio_20,62,0.03929618768328444,0.04242424242424242,0.2970452004861646,0.13229026295987814,54.83870967741935
21,2024-04-16,2024-07-16,20,rsi_14,62,-0.04887585532746823,-0.036363636363636355,0.3763610220556188,-0.1298642857873984,45.16129032258064
21,2024-04-16,2024-07-16,20,momentum_20,62,-0.14975562072336263,-0.19999999999999998,0.4547797205180021,-0.3292926530514341,40.32258064516129
22,2024-07-16,2024-10-16,1,price_ma200_ratio,65,-0.028251748251748254,-0.0303030303030303,0.4173331816793638,-0.06769590699225544,47.69230769230769
22,2024-07-16,2024-10-16,1,return_60d,65,-0.00792540792540793,0.01818181818181818,0.3749639148186385,-0.021136455035256577,50.76923076923077
22,2024-07-16,2024-10-16,1,beta_60,65,0.04093240093240094,0.09090909090909088,0.5454777254851882,0.07503954610794168,52.307692307692314
22,2024-07-16,2024-10-16,1,volatility_10,65,0.06517482517482516,0.13939393939393938,0.49231237746764056,0.1323851037629235,55.38461538461539
22,2024-07-16,2024-10-16,1,volatility_20,65,0.05920745920745921,0.1515151515151515,0.5142447112844105,0.11513479459920718,56.92307692307692
22,2024-07-16,2024-10-16,1,volatility_60,65,0.056596736596736606,0.06666666666666665,0.5118995810128985,0.11056218581923498,56.92307692307692
22,2024-07-16,2024-10-16,1,price_ma50_ratio,65,-0.07617715617715617,-0.10303030303030303,0.3323849615454659,-0.22918352209125487,38.46153846153847
22,2024-07-16,2024-10-16,1,volume_ratio_20,65,-0.030675990675990673,0.006060606060606061,0.31347140465606876,-0.09785897603530196,50.76923076923077
22,2024-07-16,2024-10-16,1,rsi_14,65,-0.03794871794871794,-0.006060606060606061,0.3240481521568913,-0.11710826831175593,49.23076923076923
22,2024-07-16,2024-10-16,1,momentum_20,65,-0.04783216783216782,-0.05454545454545454,0.35576087170812515,-0.13445033345716134,41.53846153846154
22,2024-07-16,2024-10-16,3,price_ma200_ratio,65,-0.05174825174825173,-0.05454545454545454,0.4459220862755344,-0.11604774318416824,44.61538461538462
22,2024-07-16,2024-10-16,3,return_60d,65,-0.025081585081585072,-0.04242424242424241,0.40033829376237234,-0.06265097661747211,49.23076923076923
22,2024-07-16,2024-10-16,3,beta_60,65,0.019487179487179485,0.0303030303030303,0.5427632387323279,0.03590364655626556,50.76923076923077
22,2024-07-16,2024-10-16,3,volatility_10,65,0.05846153846153845,0.07878787878787878,0.4938794706740655,0.11837207645369004,58.46153846153847
22,2024-07-16,2024-10-16,3,volatility_20,65,0.04223776223776224,0.09090909090909088,0.5027632200223272,0.08401124138692266,53.84615384615385
22,2024-07-16,2024-10-16,3,volatility_60,65,0.05529137529137528,0.04242424242424241,0.51770701675984,0.10680051361371541,55.38461538461539
22,2024-07-16,2024-10-16,3,price_ma50_ratio,65,-0.1718414918414918,-0.2606060606060606,0.3595164828403833,-0.47797945308055684,27.692307692307693
22,2024-07-16,2024-10-16,3,volume_ratio_20,65,0.006806526806526809,-0.006060606060606061,0.33851941525484974,0.020106754590139556,46.15384615384615
22,2024-07-16,2024-10-16,3,rsi_14,65,-0.10153846153846154,-0.10303030303030303,0.29547791432297,-0.3436414588586667,38.46153846153847
22,2024-07-16,2024-10-16,3,momentum_20,65,-0.11645687645687645,-0.11515151515151514,0.35796796079990556,-0.3253276527783242,36.92307692307693
22,2024-07-16,2024-10-16,5,price_ma200_ratio,65,-0.06424242424242423,-0.09090909090909088,0.43892451413571626,-0.1463632633254117,47.69230769230769
22,2024-07-16,2024-10-16,5,return_60d,65,-0.04484848484848484,-0.04242424242424241,0.4026325218588312,-0.11138813288462915,44.61538461538462
22,2024-07-16,2024-10-16,5,beta_60,65,0.03925407925407926,0.04242424242424241,0.5213850881211864,0.0752880743013413,50.76923076923077
22,2024-07-16,2024-10-16,5,volatility_10,65,0.0549184149184149,0.0303030303030303,0.48657820826497433,0.11286657311317187,53.84615384615385
22,2024-07-16,2024-10-16,5,volatility_20,65,0.042237762237762246,0.07878787878787878,0.49273646189431725,0.08572079702683227,52.307692307692314
22,2024-07-16,2024-10-16,5,volatility_60,65,0.0646153846153846,0.01818181818181818,0.5117650241999242,0.12625986841598263,52.307692307692314
22,2024-07-16,2024-10-16,5,price_ma50_ratio,65,-0.24326340326340323,-0.28484848484848485,0.3111264615432161,-0.7818795034559073,21.53846153846154
22,2024-07-16,2024-10-16,5,volume_ratio_20,65,-0.0023310023310023254,0.0303030303030303,0.33701086431631805,-0.006916697880737901,52.307692307692314
22,2024-07-16,2024-10-16,5,rsi_14,65,-0.13137529137529136,-0.13939393939393938,0.2906191494119831,-0.4520531136406745,29.230769230769234
22,2024-07-16,2024-10-16,5,momentum_20,65,-0.19198135198135194,-0.2121212121212121,0.33592844440001,-0.5714947786700322,30.76923076923077
22,2024-07-16,2024-10-16,10,price_ma200_ratio,65,-0.034592074592074584,0.01818181818181818,0.355692464546708,-0.09725276197840875,50.76923076923077
22,2024-07-16,2024-10-16,10,return_60d,65,-0.056223776223776216,-0.05454545454545454,0.3903912292301881,-0.1440190557934506,46.15384615384615
22,2024-07-16,2024-10-16,10,beta_60,65,0.13286713286713284,0.1515151515151515,0.4815897920822437,0.2758927515731945,61.53846153846154
22,2024-07-16,2024-10-16,10,volatility_10,65,0.1461072261072261,0.13939393939393938,0.4563098622652249,0.3201930052134243,64.61538461538461
22,2024-07-16,2024-10-16,10,volatility_20,65,0.131002331002331,0.18787878787878787,0.46872295429499294,0.27948776521809526,69.23076923076923
22,2024-07-16,2024-10-16,10,volatility_60,65,0.16456876456876457,0.19999999999999998,0.4853941422542572,0.3390415133657728,69.23076923076923
22,2024-07-16,2024-10-16,10,price_ma50_ratio,65,-0.3105827505827506,-0.29696969696969694,0.2585676773425763,-1.2011661850961346,7.6923076923076925
22,2024-07-16,2024-10-16,10,volume_ratio_20,65,-0.021538461538461538,0.006060606060606061,0.37456744377632917,-0.05750222529036215,52.307692307692314
22,2024-07-16,2024-10-16,10,rsi_14,65,-0.15673659673659673,-0.17575757575757575,0.24054164116220791,-0.6515986004722661,21.53846153846154
22,2024-07-16,2024-10-16,10,momentum_20,65,-0.2714219114219114,-0.22424242424242422,0.2839615711798009,-0.9558402930868785,18.461538461538463
22,2024-07-16,2024-10-16,20,price_ma200_ratio,65,0.00848484848484848,-0.006060606060606061,0.3738293635084332,0.022697116152720492,49.23076923076923
22,2024-07-16,2024-10-16,20,return_60d,65,-0.055477855477855484,-0.0303030303030303,0.3445916102203983,-0.16099595530597002,44.61538461538462
22,2024-07-16,2024-10-16,20,beta_60,65,0.2684382284382284,0.2606060606060606,0.2770816593642822,0.9688054743649048,81.53846153846153
22,2024-07-16,2024-10-16,20,volatility_10,65,0.27944055944055946,0.29696969696969694,0.24164677194856624,1.1564009615656587,86.15384615384616
22,2024-07-16,2024-10-16,20,volatility_20,65,0.25557109557109553,0.2121212121212121,0.26582936996874745,0.9614103046670203,84.61538461538461
22,2024-07-16,2024-10-16,20,volatility_60,65,0.3273659673659673,0.32121212121212117,0.2719865621252086,1.2036108137403674,87.6923076923077
22,2024-07-16,2024-10-16,20,price_ma50_ratio,65,-0.2965967365967366,-0.309090909090909,0.210698358135679,-1.407684137746073,7.6923076923076925
22,2024-07-16,2024-10-16,20,volume_ratio_20,65,-0.04372960372960371,-0.0303030303030303,0.35860869730392203,-0.12194239587151655,46.15384615384615
22,2024-07-16,2024-10-16,20,rsi_14,65,-0.28428904428904433,-0.32121212121212117,0.266032568837762,-1.068624963969791,15.384615384615385
22,2024-07-16,2024-10-16,20,momentum_20,65,-0.3799533799533799,-0.38181818181818183,0.24397450123082529,-1.5573487312672256,4.615384615384616
23,2024-10-16,2025-01-16,1,price_ma200_ratio,62,-0.04750733137829909,-0.054545454545454536,0.3683061531512819,-0.1289886985916997,43.54838709677419
23,2024-10-16,2025-01-16,1,return_60d,62,-0.014271749755620719,-0.04848484848484848,0.38022613666873134,-0.03753489931191883,46.774193548387096
23,2024-10-16,2025-01-16,1,beta_60,62,0.005278592375366567,-0.01818181818181818,0.43418826848879716,0.01215738139065534,48.38709677419355
23,2024-10-16,2025-01-16,1,volatility_10,62,-0.04281524926686215,-0.10909090909090909,0.4457724276020723,-0.0960473250828381,45.16129032258064
23,2024-10-16,2025-01-16,1,volatility_20,62,-0.052003910068426196,-0.09090909090909091,0.40953654355628294,-0.12698234354580681,45.16129032258064
23,2024-10-16,2025-01-16,1,volatility_60,62,-0.017790811339198433,0.012121212121212121,0.40725313830504817,-0.04368489685123663,51.61290322580645
23,2024-10-16,2025-01-16,1,price_ma50_ratio,62,-0.008797653958944282,0.01818181818181818,0.3671066032893342,-0.023964848030833246,53.2258064516129
23,2024-10-16,2025-01-16,1,volume_ratio_20,62,0.03030303030303029,0.07272727272727272,0.35389502202316225,0.08562717308028982,54.83870967741935
23,2024-10-16,2025-01-16,1,rsi_14,62,-0.004105571847507333,-0.00606060606060606,0.33790884754610084,-0.012149938888318723,50.0
23,2024-10-16,2025-01-16,1,momentum_20,62,-0.033626588465298146,-0.04242424242424241,0.3691724266838588,-0.09108640308636677,43.54838709677419
23,2024-10-16,2025-01-16,3,price_ma200_ratio,62,-0.010361681329423238,0.02424242424242424,0.41939805582026607,-0.024706078594374216,53.2258064516129
23,2024-10-16,2025-01-16,3,return_60d,62,0.04946236559139785,0.09696969696969696,0.43303665400216235,0.11422212215585534,61.29032258064516
23,2024-10-16,2025-01-16,3,beta_60,62,0.0997067448680352,0.1515151515151515,0.4077390072924561,0.2445357031943702,62.903225806451616
23,2024-10-16,2025-01-16,3,volatility_10,62,0.03538611925708701,0.012121212121212116,0.4154423231842684,0.08517697230715607,50.0
23,2024-10-16,2025-01-16,3,volatility_20,62,0.029325513196480947,0.030303030303030297,0.3946337928938357,0.07431069950051158,51.61290322580645
23,2024-10-16,2025-01-16,3,volatility_60,62,0.08387096774193548,0.11515151515151514,0.38073114019612264,0.22028922482865934,61.29032258064516
23,2024-10-16,2025-01-16,3,price_ma50_ratio,62,0.019550342130987285,0.08484848484848484,0.4483645592028827,0.04360367413014206,56.451612903225815
23,2024-10-16,2025-01-16,3,volume_ratio_20,62,-0.0031280547409579637,-0.01818181818181818,0.31844120089740263,-0.009823021431092328,45.16129032258064
23,2024-10-16,2025-01-16,3,rsi_14,62,-0.001955034213098727,-0.04848484848484848,0.3686551724718865,-0.005303151451775214,46.774193548387096
23,2024-10-16,2025-01-16,3,momentum_20,62,0.008211143695014652,0.05454545454545454,0.44736113673572536,0.01835462006138748,54.83870967741935
23,2024-10-16,2025-01-16,5,price_ma200_ratio,62,-0.05083088954056695,0.030303030303030297,0.35707670992468676,-0.14235285620080906,51.61290322580645
23,2024-10-16,2025-01-16,5,return_60d,62,0.018963831867057666,0.05454545454545454,0.38720054317410585,0.048976769793761685,54.83870967741935
23,2024-10-16,2025-01-16,5,beta_60,62,0.10048875855327469,0.07878787878787877,0.3552545308313347,0.2828641152531396,56.451612903225815
23,2024-10-16,2025-01-16,5,volatility_10,62,0.05278592375366569,0.060606060606060594,0.3482199681845995,0.15158787139306912,56.451612903225815
23,2024-10-16,2025-01-16,5,volatility_20,62,0.057869012707722385,0.07878787878787877,0.3229660471306806,0.17917986494817845,59.67741935483871
23,2024-10-16,2025-01-16,5,volatility_60,62,0.0881720430107527,0.06666666666666667,0.32988904252075973,0.26727787724323726,56.451612903225815
23,2024-10-16,2025-01-16,5,price_ma50_ratio,62,-0.04652981427174975,0.04242424242424241,0.3897492379239839,-0.1193839775533438,51.61290322580645
23,2024-10-16,2025-01-16,5,volume_ratio_20,62,-0.03773216031280547,-0.02424242424242424,0.34721910022347247,-0.10866959878797222,45.16129032258064
23,2024-10-16,2025-01-16,5,rsi_14,62,-0.05865102639296186,-0.07878787878787877,0.3567011695939717,-0.16442622394460765,38.70967741935484
23,2024-10-16,2025-01-16,5,momentum_20,62,-0.03245356793743891,0.04848484848484848,0.38866986018561406,-0.0834990599012239,54.83870967741935
23,2024-10-16,2025-01-16,10,price_ma200_ratio,62,-0.081524926686217,-0.02424242424242424,0.3147570564731209,-0.2590090516149522,46.774193548387096
23,2024-10-16,2025-01-16,10,return_60d,62,0.00821114369501466,0.07272727272727272,0.3042283258602887,0.026990069618913384,59.67741935483871
23,2024-10-16,2025-01-16,10,beta_60,62,0.11769305962854351,0.1333333333333333,0.3347286847611495,0.35160733150947343,61.29032258064516
23,2024-10-16,2025-01-16,10,volatility_10,62,0.06823069403714563,0.08484848484848484,0.31027977333802775,0.21990055395203972,61.29032258064516
23,2024-10-16,2025-01-16,10,volatility_20,62,0.07878787878787877,0.14545454545454545,0.2978635533473528,0.2645099674077966,64.51612903225806
23,2024-10-16,2025-01-16,10,volatility_60,62,0.13861192570869987,0.16363636363636364,0.31384858846858904,0.441652219578399,69.35483870967742
23,2024-10-16,2025-01-16,10,price_ma50_ratio,62,-0.06901270772238514,0.006060606060606061,0.35920357431722005,-0.19212700723695642,51.61290322580645
23,2024-10-16,2025-01-16,10,volume_ratio_20,62,-0.06060606060606058,-0.10303030303030303,0.36817011423484786,-0.16461428633884517,45.16129032258064
23,2024-10-16,2025-01-16,10,rsi_14,62,-0.1356793743890518,-0.13939393939393938,0.36225994650924853,-0.3745359532470088,41.935483870967744
23,2024-10-16,2025-01-16,10,momentum_20,62,-0.09912023460410559,-0.08484848484848484,0.3707843524509257,-0.2673258295527032,41.935483870967744
23,2024-10-16,2025-01-16,20,price_ma200_ratio,62,-0.09481915933528835,-0.01818181818181818,0.2934216237049269,-0.32314986924972233,48.38709677419355
23,2024-10-16,2025-01-16,20,return_60d,62,-0.023264907135874865,0.030303030303030297,0.2741359953512789,-0.08486629822567855,58.06451612903226
23,2024-10-16,2025-01-16,20,beta_60,62,0.1010752688172043,0.09090909090909091,0.3122892957601916,0.3236590885100989,59.67741935483871
23,2024-10-16,2025-01-16,20,volatility_10,62,0.10635386119257087,0.17575757575757575,0.31546600041211076,0.3371325627916635,70.96774193548387
23,2024-10-16,2025-01-16,20,volatility_20,62,0.08347996089931574,0.1212121212121212,0.272724886791658,0.3060958678226104,70.96774193548387
23,2024-10-16,2025-01-16,20,volatility_60,62,0.11339198435972626,0.1333333333333333,0.28033306233343,0.4044902282159536,59.67741935483871
23,2024-10-16,2025-01-16,20,price_ma50_ratio,62,-0.13157380254154447,-0.10303030303030301,0.2582802372690656,-0.5094226485647694,38.70967741935484
23,2024-10-16,2025-01-16,20,volume_ratio_20,62,-0.028739002932551317,-0.07272727272727272,0.3362961591154466,-0.08545742243427035,43.54838709677419
23,2024-10-16,2025-01-16,20,rsi_14,62,-0.12609970674486803,-0.19999999999999998,0.3559154474013871,-0.3542968074736522,38.70967741935484
23,2024-10-16,2025-01-16,20,momentum_20,62,-0.07683284457478004,-0.10303030303030303,0.3193513842939576,-0.24059029756406722,32.25806451612903
24,2025-01-16,2025-04-16,1,price_ma200_ratio,62,-0.1312316715542522,-0.20606060606060606,0.3507581905340651,-0.37413715515648716,25.806451612903224
24,2025-01-16,2025-04-16,1,return_60d,62,-0.07419354838709677,-0.07878787878787877,0.40516765781952135,-0.1831181412316619,40.32258064516129
24,2025-01-16,2025-04-16,1,beta_60,62,-0.11427174975562071,-0.07878787878787877,0.538694765883333,-0.2121270838194276,43.54838709677419
24,2025-01-16,2025-04-16,1,volatility_10,62,-0.06879276637341153,-0.036363636363636355,0.4670318004705422,-0.14729782062827776,46.774193548387096
24,2025-01-16,2025-04-16,1,volatility_20,62,-0.04860703812316714,0.017424242424242425,0.464650574557623,-0.10460987413917253,51.61290322580645
24,2025-01-16,2025-04-16,1,volatility_60,62,-0.09608993157380254,-0.04848484848484848,0.5316408183307764,-0.18074220086317241,46.774193548387096
24,2025-01-16,2025-04-16,1,price_ma50_ratio,62,-0.0029325513196481116,0.030303030303030297,0.4380929461640213,-0.006693902162373939,51.61290322580645
24,2025-01-16,2025-04-16,1,volume_ratio_20,62,0.046358748778103614,0.08484848484848484,0.30316222410114224,0.15291730002164522,59.67741935483871
24,2025-01-16,2025-04-16,1,rsi_14,62,-0.03299120234604103,-0.036363636363636355,0.36016500257142325,-0.0916002446392571,48.38709677419355
24,2025-01-16,2025-04-16,1,momentum_20,62,-0.013611925708699893,0.006060606060606061,0.396117587327198,-0.034363345996693336,51.61290322580645
24,2025-01-16,2025-04-16,3,price_ma200_ratio,62,-0.17272727272727276,-0.19999999999999998,0.3355587771243766,-0.5147452085964972,30.64516129032258
24,2025-01-16,2025-04-16,3,return_60d,62,-0.06999022482893447,-0.1015151515151515,0.38677907772938147,-0.18095659475641201,41.935483870967744
24,2025-01-16,2025-04-16,3,beta_60,62,-0.15657380254154443,-0.07272727272727272,0.45069556433259006,-0.3474048003410148,40.32258064516129
24,2025-01-16,2025-04-16,3,volatility_10,62,-0.08203812316715542,-0.06666666666666665,0.3865957191168251,-0.21220649663315172,43.54838709677419
24,2025-01-16,2025-04-16,3,volatility_20,62,-0.07859237536656892,-0.00606060606060606,0.41261097872911084,-0.1904757251216205,50.0
24,2025-01-16,2025-04-16,3,volatility_60,62,-0.13101173020527856,-0.060606060606060594,0.4533438097124505,-0.2889897852324871,45.16129032258064
24,2025-01-16,2025-04-16,3,price_ma50_ratio,62,-0.021334310850439898,-0.06666666666666667,0.42117238644948063,-0.0506545812043614,48.38709677419355
24,2025-01-16,2025-04-16,3,volume_ratio_20,62,0.08795210166177905,0.16969696969696968,0.31829598730211073,0.2763217419335522,61.29032258064516
24,2025-01-16,2025-04-16,3,rsi_14,62,-0.07954545454545453,-0.01818181818181818,0.33382440794749024,-0.23828531602748124,46.774193548387096
24,2025-01-16,2025-04-16,3,momentum_20,62,-0.01918377321603128,-0.05606060606060606,0.37944264755408014,-0.05055776766183646,48.38709677419355
24,2025-01-16,2025-04-16,5,price_ma200_ratio,62,-0.2578690127077223,-0.26060606060606056,0.30620970417079435,-0.8421320722216266,17.741935483870968
24,2025-01-16,2025-04-16,5,return_60d,62,-0.10760019550342129,-0.07878787878787878,0.35275046442002145,-0.30503204490554914,38.70967741935484
24,2025-01-16,2025-04-16,5,beta_60,62,-0.25141739980449657,-0.23636363636363633,0.4288950635649912,-0.5861979331604008,25.806451612903224
24,2025-01-16,2025-04-16,5,volatility_10,62,-0.15938416422287385,-0.20606060606060606,0.3698464633360608,-0.4309468388184897,35.483870967741936
24,2025-01-16,2025-04-16,5,volatility_20,62,-0.13504398826979472,-0.16363636363636364,0.3743888107030631,-0.36070519312849175,38.70967741935484
24,2025-01-16,2025-04-16,5,volatility_60,62,-0.22416911045943305,-0.16969696969696968,0.4063040460942609,-0.5517274873689708,30.64516129032258
24,2025-01-16,2025-04-16,5,price_ma50_ratio,62,-0.04164222873900293,-0.054545454545454536,0.3965705381754242,-0.10500585578190975,46.774193548387096
24,2025-01-16,2025-04-16,5,volume_ratio_20,62,0.15635386119257083,0.17575757575757572,0.36742293276044774,0.42554192254110157,67.74193548387096
24,2025-01-16,2025-04-16,5,rsi_14,62,-0.13150048875855325,-0.09090909090909088,0.34393618100842605,-0.38233979447289274,41.935483870967744
24,2025-01-16,2025-04-16,5,momentum_20,62,-0.03262463343108505,-0.019696969696969695,0.3756632893883551,-0.08684541277430544,48.38709677419355
24,2025-01-16,2025-04-16,10,price_ma200_ratio,62,-0.4172287390029325,-0.4121212121212121,0.2598817372473334,-1.6054561718042142,3.225806451612903
24,2025-01-16,2025-04-16,10,return_60d,62,-0.24049364613880742,-0.24848484848484845,0.311274850893129,-0.7726086622442134,22.58064516129032
24,2025-01-16,2025-04-16,10,beta_60,62,-0.22490224828934505,-0.24242424242424243,0.4275843832927254,-0.5259833078033076,29.03225806451613
24,2025-01-16,2025-04-16,10,volatility_10,62,-0.11353861192570867,-0.18333333333333335,0.41419747719989064,-0.27411710156533675,43.54838709677419
24,2025-01-16,2025-04-16,10,volatility_20,62,-0.07781036168132939,-0.11515151515151514,0.35578522468284196,-0.21870037394243105,38.70967741935484
24,2025-01-16,2025-04-16,10,volatility_60,62,-0.22314271749755615,-0.22424242424242422,0.3970607140697846,-0.5619863904700936,25.806451612903224
24,2025-01-16,2025-04-16,10,price_ma50_ratio,62,-0.15591397849462363,-0.14545454545454545,0.30339889526397323,-0.5138910554007461,37.096774193548384
24,2025-01-16,2025-04-16,10,volume_ratio_20,62,0.13978494623655915,0.23636363636363633,0.33839748595675084,0.4130791511093687,69.35483870967742
24,2025-01-16,2025-04-16,10,rsi_14,62,-0.1364125122189638,-0.11515151515151514,0.3209379562438234,-0.42504325077501376,37.096774193548384
24,2025-01-16,2025-04-16,10,momentum_20,62,-0.016715542521994135,-0.036363636363636355,0.32578027251907354,-0.05130925329745215,45.16129032258064
24,2025-01-16,2025-04-16,20,price_ma200_ratio,62,-0.4917155425219942,-0.5575757575757576,0.3324518351348289,-1.4790579884228174,8.064516129032258
24,2025-01-16,2025-04-16,20,return_60d,62,-0.49880254154447695,-0.5303030303030303,0.25439225765981494,-1.9607614875272608,4.838709677419355
24,2025-01-16,2025-04-16,20,beta_60,62,-0.22504887585532748,-0.38181818181818183,0.48126749154811616,-0.46761703170808816,35.483870967741936
24,2025-01-16,2025-04-16,20,volatility_10,62,-0.10026881720430103,-0.16969696969696968,0.35459030165805844,-0.282773715850224,33.87096774193548
24,2025-01-16,2025-04-16,20,volatility_20,62,-0.08208699902248291,-0.15303030303030302,0.34679763099296157,-0.23669999932654934,33.87096774193548
24,2025-01-16,2025-04-16,20,volatility_60,62,-0.28807429130009765,-0.4916666666666667,0.4535965823720248,-0.635089201496295,27.419354838709676
24,2025-01-16,2025-04-16,20,price_ma50_ratio,62,-0.21722873900293252,-0.2606060606060606,0.34350457948551016,-0.6323896447852037,27.419354838709676
24,2025-01-16,2025-04-16,20,volume_ratio_20,62,0.022971652003910076,0.03636363636363636,0.3435775339007934,0.06686016906606894,51.61290322580645
24,2025-01-16,2025-04-16,20,rsi_14,62,-0.06561583577712607,-0.08484848484848484,0.3155424307434548,-0.20794615678952433,38.70967741935484
24,2025-01-16,2025-04-16,20,momentum_20,62,-0.0003665689149560087,-0.02424242424242424,0.2605801644794719,-0.0014067414367024333,45.16129032258064
25,2025-04-16,2025-07-16,1,price_ma200_ratio,61,0.051763537009438636,0.05454545454545454,0.3928618889040784,0.13176013879543627,57.377049180327866
25,2025-04-16,2025-07-16,1,return_60d,61,0.04242424242424242,-0.01818181818181818,0.41183590837492207,0.10301249007558798,47.540983606557376
25,2025-04-16,2025-07-16,1,beta_60,61,0.10521609538002977,0.09090909090909088,0.4056805590517165,0.25935700647320575,59.01639344262295
25,2025-04-16,2025-07-16,1,volatility_10,61,0.06408345752608047,0.10303030303030303,0.3703628033167985,0.17302887048099477,59.01639344262295
25,2025-04-16,2025-07-16,1,volatility_20,61,0.08375558867362147,0.10303030303030303,0.3704504793261327,0.22609118721070878,55.73770491803278
25,2025-04-16,2025-07-16,1,volatility_60,61,0.11077993045206161,0.10303030303030303,0.4141248547774002,0.26750369888232833,59.01639344262295
25,2025-04-16,2025-07-16,1,price_ma50_ratio,61,0.037059115747640335,0.0303030303030303,0.40615723011504284,0.09124327477106206,55.73770491803278
25,2025-04-16,2025-07-16,1,volume_ratio_20,61,0.011425732737208137,0.01818181818181818,0.3358875479770255,0.03401654156583873,50.81967213114754
25,2025-04-16,2025-07-16,1,rsi_14,61,-0.013214108296075515,0.006060606060606061,0.377028655295121,-0.035048021179536364,50.81967213114754
25,2025-04-16,2025-07-16,1,momentum_20,61,0.05474416294088425,0.06666666666666665,0.3547637542796825,0.15431160111617828,54.09836065573771
25,2025-04-16,2025-07-16,3,price_ma200_ratio,61,0.05295578738201688,0.11515151515151514,0.3659955485023436,0.14468970346418786,57.377049180327866
25,2025-04-16,2025-07-16,3,return_60d,61,0.02354694485842027,0.10303030303030303,0.4218316762625181,0.05582071281855638,59.01639344262295
25,2025-04-16,2025-07-16,3,beta_60,61,0.17496274217585692,0.18787878787878787,0.4094977033337451,0.42726183993579175,70.49180327868852
25,2025-04-16,2025-07-16,3,volatility_10,61,0.1578738201689021,0.1515151515151515,0.37733527732581446,0.4183913608283812,68.85245901639344
25,2025-04-16,2025-07-16,3,volatility_20,61,0.1841033283656234,0.2121212121212121,0.38506899581625154,0.4781047821712305,65.57377049180327
25,2025-04-16,2025-07-16,3,volatility_60,61,0.1942374565325385,0.22424242424242422,0.4304174356799005,0.45127692428564165,72.1311475409836
25,2025-04-16,2025-07-16,3,price_ma50_ratio,61,0.047789369100844505,0.1515151515151515,0.4169974420541607,0.11460350659570112,60.65573770491803
25,2025-04-16,2025-07-16,3,volume_ratio_20,61,-0.009637357178340772,-0.006060606060606061,0.35112722769182203,-0.027446909320285765,49.18032786885246
25,2025-04-16,2025-07-16,3,rsi_14,61,0.0330849478390462,0.04242424242424241,0.35394765067595635,0.09347412753231098,54.09836065573771
25,2025-04-16,2025-07-16,3,momentum_20,61,0.09885742672627916,0.10303030303030303,0.3713715031721715,0.26619551010742976,65.57377049180327
25,2025-04-16,2025-07-16,5,price_ma200_ratio,61,0.040039741679085944,0.10303030303030303,0.37747291543065103,0.10607315132373255,60.65573770491803
25,2025-04-16,2025-07-16,5,return_60d,61,-0.02414307004470938,0.05454545454545454,0.4318885171189394,-0.055901162192882596,54.09836065573771
25,2025-04-16,2025-07-16,5,beta_60,61,0.24192747143566817,0.28484848484848485,0.4141398793989309,0.5841684983025393,68.85245901639344
25,2025-04-16,2025-07-16,5,volatility_10,61,0.2105315449577744,0.19999999999999998,0.39577490277063926,0.5319476891635605,67.21311475409836
25,2025-04-16,2025-07-16,5,volatility_20,61,0.23755588673621456,0.22424242424242422,0.41624028824706694,0.5707181487324191,70.49180327868852
25,2025-04-16,2025-07-16,5,volatility_60,61,0.2544461003477397,0.33333333333333326,0.4341110373858993,0.5861313775386734,67.21311475409836
25,2025-04-16,2025-07-16,5,price_ma50_ratio,61,0.04182811723795331,0.1515151515151515,0.4201384541829464,0.09955793577452338,59.01639344262295
25,2025-04-16,2025-07-16,5,volume_ratio_20,61,0.01043219076005962,-0.006060606060606061,0.3023753146541595,0.03450080166759444,49.18032786885246
25,2025-04-16,2025-07-16,5,rsi_14,61,0.029905613512170897,0.0303030303030303,0.3141005569957836,0.09521031671577819,54.09836065573771
25,2025-04-16,2025-07-16,5,momentum_20,61,0.09587680079483357,0.16363636363636364,0.35334512896214504,0.2713403778239296,63.934426229508205
25,2025-04-16,2025-07-16,10,price_ma200_ratio,61,0.11376055638350718,0.12727272727272726,0.31544740081105227,0.36063241000247725,62.295081967213115
25,2025-04-16,2025-07-16,10,return_60d,61,-0.01877794336810729,-0.04242424242424241,0.34026890268089344,-0.05518559944843792,49.18032786885246
25,2025-04-16,2025-07-16,10,beta_60,61,0.25961251862891205,0.2606060606060606,0.352115788354878,0.7372930360261579,78.68852459016394
25,2025-04-16,2025-07-16,10,volatility_10,61,0.2306010928961748,0.2727272727272727,0.36851678860360737,0.625754646809916,72.1311475409836
25,2025-04-16,2025-07-16,10,volatility_20,61,0.2844510680576254,0.24848484848484845,0.3147858579034928,0.9036335683950343,81.9672131147541
25,2025-04-16,2025-07-16,10,volatility_60,61,0.2699453551912568,0.2727272727272727,0.3569307206697268,0.7562962209718035,80.32786885245902
25,2025-04-16,2025-07-16,10,price_ma50_ratio,61,0.12111276701440635,0.17575757575757575,0.3601354909525337,0.33629778252088227,65.57377049180327
25,2025-04-16,2025-07-16,10,volume_ratio_20,61,-0.03705911574764034,-0.09090909090909088,0.34037034577234015,-0.10887880277451571,42.62295081967213
25,2025-04-16,2025-07-16,10,rsi_14,61,0.044411326378539485,0.006060606060606061,0.3102586799734998,0.14314289734724842,50.81967213114754
25,2025-04-16,2025-07-16,10,momentum_20,61,0.15171385991058117,0.2121212121212121,0.31814038636091413,0.47687708450341004,72.1311475409836
25,2025-04-16,2025-07-16,20,price_ma200_ratio,61,0.19304520615996024,0.23636363636363633,0.2842371175347788,0.6791695885261696,80.32786885245902
25,2025-04-16,2025-07-16,20,return_60d,61,0.0416294088425236,0.13939393939393938,0.37834151544302796,0.1100313001436722,63.934426229508205
25,2025-04-16,2025-07-16,20,beta_60,61,0.27630402384500735,0.19999999999999998,0.301769857494367,0.9156117384923541,83.60655737704919
25,2025-04-16,2025-07-16,20,volatility_10,61,0.17277694982613015,0.09090909090909088,0.40050568425820626,0.43139699788815167,63.934426229508205
25,2025-04-16,2025-07-16,20,volatility_20,61,0.23894684550422254,0.16363636363636364,0.3648875092663523,0.6548507127159608,70.49180327868852
25,2025-04-16,2025-07-16,20,volatility_60,61,0.2888226527570789,0.18787878787878787,0.33290125392968145,0.8675925649054081,83.60655737704919
25,2025-04-16,2025-07-16,20,price_ma50_ratio,61,0.20059612518628914,0.2727272727272727,0.31672819453111045,0.6333383912450702,81.9672131147541
25,2025-04-16,2025-07-16,20,volume_ratio_20,61,-0.03845007451564829,-0.01818181818181818,0.3191258439074623,-0.12048561797708164,45.90163934426229
25,2025-04-16,2025-07-16,20,rsi_14,61,0.14773969200198708,0.16363636363636364,0.2612539841643027,0.565502158654444,73.77049180327869
25,2025-04-16,2025-07-16,20,momentum_20,61,0.21212121212121213,0.22424242424242422,0.275989468486827,0.7685844437623413,80.32786885245902
26,2025-07-16,2025-10-16,1,price_ma200_ratio,65,0.0038228438228438176,-0.01818181818181818,0.4174284623209252,0.009158081367016988,47.69230769230769
26,2025-07-16,2025-10-16,1,return_60d,65,0.01016317016317016,-0.0303030303030303,0.3488158962700973,0.029136201279372175,43.07692307692308
26,2025-07-16,2025-10-16,1,beta_60,65,0.0034498834498834533,-0.006060606060606061,0.42978784945107196,0.008026945048096796,49.23076923076923
26,2025-07-16,2025-10-16,1,volatility_10,65,0.0027039627039626975,0.01818181818181818,0.36877373352710613,0.007332308291322346,52.307692307692314
26,2025-07-16,2025-10-16,1,volatility_20,65,0.0034498834498834607,-0.01818181818181818,0.3708903510051769,0.009301626317680362,46.15384615384615
26,2025-07-16,2025-10-16,1,volatility_60,65,0.02116550116550116,0.0303030303030303,0.41653182815050305,0.050813646725343525,53.84615384615385
26,2025-07-16,2025-10-16,1,price_ma50_ratio,65,0.017062937062937062,0.01818181818181818,0.38251933623513706,0.04460673081490544,50.76923076923077
26,2025-07-16,2025-10-16,1,volume_ratio_20,65,-0.03925407925407926,-0.07878787878787878,0.36806193910134954,-0.10665074294267156,40.0
26,2025-07-16,2025-10-16,1,rsi_14,65,-0.027878787878787878,-0.09090909090909088,0.3550902315519507,-0.07851184122114926,40.0
26,2025-07-16,2025-10-16,1,momentum_20,65,0.0004662004662004641,-0.01818181818181818,0.3743624940688621,0.0012453183040144744,47.69230769230769
26,2025-07-16,2025-10-16,3,price_ma200_ratio,65,-0.05715617715617714,-0.09090909090909088,0.36752649191254283,-0.15551580202762122,38.46153846153847
26,2025-07-16,2025-10-16,3,return_60d,65,-0.0021445221445221397,-0.006060606060606061,0.35094067275783153,-0.006110782565239962,49.23076923076923
26,2025-07-16,2025-10-16,3,beta_60,65,0.007179487179487178,0.01818181818181818,0.41618828227569715,0.017250575004731258,50.76923076923077
26,2025-07-16,2025-10-16,3,volatility_10,65,0.05864801864801865,0.11515151515151514,0.3657217785391975,0.16036239045505146,63.07692307692307
26,2025-07-16,2025-10-16,3,volatility_20,65,0.03142191142191142,0.06666666666666665,0.378076441448233,0.08310994279767567,53.84615384615385
26,2025-07-16,2025-10-16,3,volatility_60,65,0.039999999999999994,0.06666666666666665,0.4095182952686969,0.09767573381246576,56.92307692307692
26,2025-07-16,2025-10-16,3,price_ma50_ratio,65,0.011282051282051283,0.0303030303030303,0.31703957476731104,0.035585624571732616,60.0
26,2025-07-16,2025-10-16,3,volume_ratio_20,65,-0.010536130536130537,-0.0303030303030303,0.31129317370342235,-0.033846326955336965,46.15384615384615
26,2025-07-16,2025-10-16,3,rsi_14,65,-0.06368298368298367,-0.07878787878787878,0.2988117788802344,-0.2131207274412974,35.38461538461539
26,2025-07-16,2025-10-16,3,momentum_20,65,-0.05025641025641024,-0.09090909090909088,0.3201915660619193,-0.15695732050197586,38.46153846153847
26,2025-07-16,2025-10-16,5,price_ma200_ratio,65,-0.06368298368298367,-0.10303030303030303,0.3856174063296682,-0.16514551116642398,43.07692307692308
26,2025-07-16,2025-10-16,5,return_60d,65,-0.007552447552447557,-0.04242424242424241,0.3646230785407512,-0.020713026675856658,46.15384615384615
26,2025-07-16,2025-10-16,5,beta_60,65,0.019673659673659652,-0.006060606060606061,0.39005961078363616,0.05043757192428856,49.23076923076923
26,2025-07-16,2025-10-16,5,volatility_10,65,0.06573426573426573,0.06666666666666665,0.3408000343564987,0.19288221569104502,61.53846153846154
26,2025-07-16,2025-10-16,5,volatility_20,65,0.026386946386946386,0.04242424242424241,0.3268734074264655,0.08072527708722368,63.07692307692307
26,2025-07-16,2025-10-16,5,volatility_60,65,0.05827505827505827,0.06666666666666665,0.35320858469431177,0.16498766111671112,58.46153846153847
26,2025-07-16,2025-10-16,5,price_ma50_ratio,65,-0.01109557109557109,0.0303030303030303,0.3322150132115926,-0.03339876481892815,53.84615384615385
26,2025-07-16,2025-10-16,5,volume_ratio_20,65,-0.04503496503496501,0.006060606060606061,0.3431909645425918,-0.1312242153431634,52.307692307692314
26,2025-07-16,2025-10-16,5,rsi_14,65,-0.09836829836829836,-0.07878787878787878,0.3316118931729084,-0.29663682272398884,46.15384615384615
26,2025-07-16,2025-10-16,5,momentum_20,65,-0.059580419580419576,-0.09090909090909088,0.30006803871623794,-0.1985563668670569,36.92307692307693
26,2025-07-16,2025-10-16,10,price_ma200_ratio,65,-0.07841491841491839,-0.05454545454545454,0.42767533809571684,-0.1833515085627139,46.15384615384615
26,2025-07-16,2025-10-16,10,return_60d,65,0.008857808857808859,0.06666666666666665,0.38647811275421395,0.02291930271208425,56.92307692307692
26,2025-07-16,2025-10-16,10,beta_60,65,0.08717948717948716,0.07878787878787878,0.38046249872166255,0.22914081538234765,53.84615384615385
26,2025-07-16,2025-10-16,10,volatility_10,65,0.05006993006993006,0.06666666666666665,0.33189475545658026,0.15086086552060748,58.46153846153847
26,2025-07-16,2025-10-16,10,volatility_20,65,0.0454079254079254,0.0303030303030303,0.3210050130572025,0.1414555024404986,53.84615384615385
26,2025-07-16,2025-10-16,10,volatility_60,65,0.12764568764568762,0.10303030303030303,0.34556065110770606,0.369387218239447,56.92307692307692
26,2025-07-16,2025-10-16,10,price_ma50_ratio,65,0.01613053613053613,0.0303030303030303,0.36236880866455884,0.04451414068992899,53.84615384615385
26,2025-07-16,2025-10-16,10,volume_ratio_20,65,-0.0677855477855478,-0.07878787878787878,0.3023532062448689,-0.2241932494363888,43.07692307692308
26,2025-07-16,2025-10-16,10,rsi_14,65,-0.14386946386946387,-0.18787878787878787,0.3236157157098588,-0.44456884163948207,27.692307692307693
26,2025-07-16,2025-10-16,10,momentum_20,65,-0.05939393939393938,-0.09090909090909088,0.3130231158786522,-0.1897429818472712,36.92307692307693
26,2025-07-16,2025-10-16,20,price_ma200_ratio,65,-0.08717948717948718,-0.07878787878787878,0.36253572748748636,-0.24047143652206346,40.0
26,2025-07-16,2025-10-16,20,return_60d,65,0.06834498834498832,0.17575757575757575,0.3708246395927529,0.18430541298454753,56.92307692307692
26,2025-07-16,2025-10-16,20,beta_60,65,0.15878787878787878,0.1515151515151515,0.2564216568773053,0.6192451945034303,72.3076923076923
26,2025-07-16,2025-10-16,20,volatility_10,65,0.07020979020979021,0.07878787878787878,0.3284611075293792,0.21375374009390227,55.38461538461539
26,2025-07-16,2025-10-16,20,volatility_20,65,0.13491841491841491,0.07878787878787878,0.28937068945768174,0.46624768794403315,58.46153846153847
26,2025-07-16,2025-10-16,20,volatility_60,65,0.1461072261072261,0.17575757575757575,0.22955451296488846,0.636481610490376,75.38461538461539
26,2025-07-16,2025-10-16,20,price_ma50_ratio,65,0.11869463869463868,0.1515151515151515,0.34276413190941335,0.34628663750035443,67.6923076923077
26,2025-07-16,2025-10-16,20,volume_ratio_20,65,-0.09128205128205129,-0.07878787878787878,0.3670419393819183,-0.2486965152695249,41.53846153846154
26,2025-07-16,2025-10-16,20,rsi_14,65,-0.02228438228438228,-0.01818181818181818,0.27957954890285547,-0.07970676815179123,46.15384615384615
26,2025-07-16,2025-10-16,20,momentum_20,65,0.08736596736596736,0.09090909090909088,0.3237373797982221,0.26986678961947647,56.92307692307692
27,2025-10-16,2026-01-16,1,price_ma200_ratio,63,-0.0012506012506012473,0.04242424242424241,0.3837360616427334,-0.0032590141391652273,52.38095238095239
27,2025-10-16,2026-01-16,1,return_60d,63,0.03203463203463204,-0.0303030303030303,0.37648752700347493,0.08508816291897066,47.61904761904761
27,2025-10-16,2026-01-16,1,beta_60,63,-0.006445406445406441,0.0303030303030303,0.44381051047297576,-0.014522879231808799,50.79365079365079
27,2025-10-16,2026-01-16,1,volatility_10,63,0.0458874458874459,0.07878787878787878,0.4099675113120853,0.11192946909520925,53.96825396825397
27,2025-10-16,2026-01-16,1,volatility_20,63,0.02837902837902838,0.1515151515151515,0.4136089892392715,0.06861318084798974,55.55555555555556
27,2025-10-16,2026-01-16,1,volatility_60,63,0.016835016835016835,0.06666666666666665,0.4221038746178242,0.03988358754171441,58.730158730158735
27,2025-10-16,2026-01-16,1,price_ma50_ratio,63,-0.032227032227032236,-0.10303030303030303,0.3403157872224286,-0.09469743525582848,44.44444444444444
27,2025-10-16,2026-01-16,1,volume_ratio_20,63,-0.00971620971620971,0.006060606060606061,0.34979614682258703,-0.027776777430134673,50.79365079365079
27,2025-10-16,2026-01-16,1,rsi_14,63,-0.03184223184223184,-0.01818181818181818,0.2970234919536153,-0.10720442222531167,47.61904761904761
27,2025-10-16,2026-01-16,1,momentum_20,63,-0.03973063973063973,-0.05454545454545454,0.3133904056388591,-0.12677682218652228,44.44444444444444
27,2025-10-16,2026-01-16,3,price_ma200_ratio,63,0.009908609908609908,0.006060606060606061,0.3661161804662829,0.027064113626418737,53.96825396825397
27,2025-10-16,2026-01-16,3,return_60d,63,0.07686387686387684,0.11515151515151514,0.3445372489728321,0.22309308236781622,58.730158730158735
27,2025-10-16,2026-01-16,3,beta_60,63,-0.05858585858585858,-0.09090909090909088,0.34998825690269353,-0.16739378373528424,38.095238095238095
27,2025-10-16,2026-01-16,3,volatility_10,63,0.014911014911014913,0.04242424242424241,0.3615791030033331,0.04123859699623587,52.38095238095239
27,2025-10-16,2026-01-16,3,volatility_20,63,-0.02145262145262146,-0.04242424242424241,0.3690776110823463,-0.05812496019390101,49.2063492063492
27,2025-10-16,2026-01-16,3,volatility_60,63,-0.02126022126022125,-0.04242424242424241,0.3388066994317163,-0.06275029772398603,47.61904761904761
27,2025-10-16,2026-01-16,3,price_ma50_ratio,63,-0.04357864357864358,-0.06666666666666665,0.30756115638429626,-0.14169098624467474,36.507936507936506
27,2025-10-16,2026-01-16,3,volume_ratio_20,63,-0.016642616642616632,0.0303030303030303,0.3819158717740204,-0.043576656202610156,57.14285714285714
27,2025-10-16,2026-01-16,3,rsi_14,63,-0.031457431457431476,-0.0303030303030303,0.30974162837828806,-0.10156023141652905,49.2063492063492
27,2025-10-16,2026-01-16,3,momentum_20,63,-0.05185185185185186,-0.05454545454545454,0.30685712247540226,-0.16897718206299192,38.095238095238095
27,2025-10-16,2026-01-16,5,price_ma200_ratio,63,0.00048100048100048807,-0.0303030303030303,0.33069300265795365,0.0014545227057555924,46.03174603174603
27,2025-10-16,2026-01-16,5,return_60d,63,0.06743626743626745,0.13939393939393938,0.3418905036104526,0.1972452195194746,57.14285714285714
27,2025-10-16,2026-01-16,5,beta_60,63,-0.038191438191438186,-0.0303030303030303,0.41472444861836055,-0.09208870689604043,47.61904761904761
27,2025-10-16,2026-01-16,5,volatility_10,63,-0.0060606060606060545,0.07878787878787878,0.39442784966816996,-0.015365563222031127,53.96825396825397
27,2025-10-16,2026-01-16,5,volatility_20,63,-0.010870610870610885,-0.01818181818181818,0.42344032362217704,-0.02567212016470685,47.61904761904761
27,2025-10-16,2026-01-16,5,volatility_60,63,-0.003174603174603173,-0.0303030303030303,0.4014471543047816,-0.007907898064692697,44.44444444444444
27,2025-10-16,2026-01-16,5,price_ma50_ratio,63,-0.06897546897546898,-0.07878787878787878,0.3054903634824954,-0.2257860712500716,41.269841269841265
27,2025-10-16,2026-01-16,5,volume_ratio_20,63,-0.02991822991822991,-0.0303030303030303,0.2980944507501338,-0.10036493414400295,49.2063492063492
27,2025-10-16,2026-01-16,5,rsi_14,63,-0.059547859547859565,-0.05454545454545454,0.302573535872477,-0.19680458628396597,42.857142857142854
27,2025-10-16,2026-01-16,5,momentum_20,63,-0.11784511784511785,-0.10303030303030303,0.2674160309390972,-0.4406808276649523,31.746031746031743
27,2025-10-16,2026-01-16,10,price_ma200_ratio,63,-0.033766233766233764,-0.006060606060606061,0.2889017463868851,-0.11687791503003045,47.61904761904761
27,2025-10-16,2026-01-16,10,return_60d,63,0.08244348244348244,0.05454545454545454,0.3192576694477629,0.2582349316340289,55.55555555555556
27,2025-10-16,2026-01-16,10,beta_60,63,-0.017989417989417996,-0.01818181818181818,0.3459805777942876,-0.051995456230823765,49.2063492063492
27,2025-10-16,2026-01-16,10,volatility_10,63,0.003367003367003371,0.10303030303030303,0.3549796870936313,0.009485059256687193,55.55555555555556
27,2025-10-16,2026-01-16,10,volatility_20,63,-0.01991341991341991,0.06666666666666665,0.32717030469173053,-0.06086560921897517,53.96825396825397
27,2025-10-16,2026-01-16,10,volatility_60,63,-0.0027898027898027936,-0.01818181818181818,0.3246570564872039,-0.008593076090778737,47.61904761904761
27,2025-10-16,2026-01-16,10,price_ma50_ratio,63,-0.10803270803270798,-0.11515151515151514,0.30784549600742195,-0.3509315855967676,41.269841269841265
27,2025-10-16,2026-01-16,10,volume_ratio_20,63,-0.0226070226070226,-0.01818181818181818,0.3190101517797551,-0.07086615419884978,47.61904761904761
27,2025-10-16,2026-01-16,10,rsi_14,63,-0.05473785473785473,-0.06666666666666665,0.24017028491480175,-0.22791268602305442,34.92063492063492
27,2025-10-16,2026-01-16,10,momentum_20,63,-0.15132275132275133,-0.12727272727272726,0.277718993581064,-0.5448772133713692,26.984126984126984
27,2025-10-16,2026-01-16,20,price_ma200_ratio,63,-0.053391053391053385,-0.09090909090909088,0.2592381685353112,-0.20595367454071842,34.92063492063492
27,2025-10-16,2026-01-16,20,return_60d,63,0.11034151034151034,0.07878787878787878,0.30266675891842754,0.36456435036279866,58.730158730158735
27,2025-10-16,2026-01-16,20,beta_60,63,-0.1368927368927369,-0.11515151515151514,0.21322887705480587,-0.6419990518336388,30.158730158730158
27,2025-10-16,2026-01-16,20,volatility_10,63,-0.0685906685906686,-0.07878787878787878,0.20804297839061628,-0.3296947059750533,34.92063492063492
27,2025-10-16,2026-01-16,20,volatility_20,63,-0.03511303511303511,-0.01818181818181818,0.22633343529966204,-0.1551385241272284,46.03174603174603
27,2025-10-16,2026-01-16,20,volatility_60,63,-0.10226070226070225,-0.09090909090909088,0.24234478674316873,-0.42196369740387984,33.33333333333333
27,2025-10-16,2026-01-16,20,price_ma50_ratio,63,-0.0703222703222703,-0.10303030303030303,0.3401934091856488,-0.20671261824444798,36.507936507936506
27,2025-10-16,2026-01-16,20,volume_ratio_20,63,-0.043578643578643564,-0.0303030303030303,0.30075166187922614,-0.14489909484238722,42.857142857142854
27,2025-10-16,2026-01-16,20,rsi_14,63,-0.13208273208273208,-0.16363636363636364,0.29342783579501686,-0.450137021679847,33.33333333333333
27,2025-10-16,2026-01-16,20,momentum_20,63,-0.17133237133237136,-0.22424242424242422,0.3305530658806254,-0.5183203213557416,31.746031746031743
28,2026-01-16,2026-04-16,1,price_ma200_ratio,61,-0.03427719821162444,-0.10303030303030303,0.38066345389489736,-0.09004593916464727,37.704918032786885
28,2026-01-16,2026-04-16,1,return_60d,61,-0.00029806259314455954,0.04242424242424241,0.31116048321906253,-0.0009579063191475962,54.09836065573771
28,2026-01-16,2026-04-16,1,beta_60,61,-0.01381023348236463,-0.01818181818181818,0.42766889169953254,-0.03229188222571795,47.540983606557376
28,2026-01-16,2026-04-16,1,volatility_10,61,-0.01698956780923994,-0.06666666666666665,0.38793373927687336,-0.04379502499810738,45.90163934426229
28,2026-01-16,2026-04-16,1,volatility_20,61,0.020168902136115243,0.0303030303030303,0.39044718040658294,0.051655904174062246,50.81967213114754
28,2026-01-16,2026-04-16,1,volatility_60,61,-0.011028315946348734,-0.0303030303030303,0.40719802735568916,-0.027083421837688457,45.90163934426229
28,2026-01-16,2026-04-16,1,price_ma50_ratio,61,0.008246398410332836,0.01818181818181818,0.34280756731080597,0.02405547367294915,52.459016393442624
28,2026-01-16,2026-04-16,1,volume_ratio_20,61,-0.008246398410332822,-0.04242424242424241,0.33821228780387436,-0.0243823146222139,47.540983606557376
28,2026-01-16,2026-04-16,1,rsi_14,61,-0.015598609041231991,0.006060606060606061,0.3293247657964291,-0.04736542969523954,50.81967213114754
28,2026-01-16,2026-04-16,1,momentum_20,61,-0.0018877297565822136,-0.01818181818181818,0.35241184998423813,-0.005356601251253736,47.540983606557376
28,2026-01-16,2026-04-16,3,price_ma200_ratio,61,-0.04302036761053154,-0.04242424242424241,0.3592491317754285,-0.11975079076161596,49.18032786885246
28,2026-01-16,2026-04-16,3,return_60d,61,-0.04639841033283656,-0.006060606060606061,0.3529175876694758,-0.13147094946226054,47.540983606557376
28,2026-01-16,2026-04-16,3,beta_60,61,-0.03268753104818679,-0.11515151515151514,0.4163586059545332,-0.07850811915667788,42.62295081967213
28,2026-01-16,2026-04-16,3,volatility_10,61,-0.06726279185295576,-0.04242424242424241,0.3790886965805692,-0.17743286059351057,47.540983606557376
28,2026-01-16,2026-04-16,3,volatility_20,61,0.005067064083457526,0.04242424242424241,0.37888755105263305,0.013373530139430831,57.377049180327866
28,2026-01-16,2026-04-16,3,volatility_60,61,-0.04341778440139094,-0.05454545454545454,0.43011972241231006,-0.10094348652018083,42.62295081967213
28,2026-01-16,2026-04-16,3,price_ma50_ratio,61,-0.054942871336313946,-0.05454545454545454,0.3246582226864954,-0.16923295791392678,42.62295081967213
28,2026-01-16,2026-04-16,3,volume_ratio_20,61,0.013015399900645796,0.006060606060606061,0.33072965880339716,0.03935359153375121,54.09836065573771
28,2026-01-16,2026-04-16,3,rsi_14,61,-0.08514654744162943,-0.04242424242424241,0.2647461287303291,-0.32161583570636404,45.90163934426229
28,2026-01-16,2026-04-16,3,momentum_20,61,-0.06924987580725284,-0.06666666666666665,0.30624648624163103,-0.2261246378925442,37.704918032786885
28,2026-01-16,2026-04-16,5,price_ma200_ratio,61,-0.04282165921510183,0.006060606060606061,0.3908846110140303,-0.10955063977580022,50.81967213114754
28,2026-01-16,2026-04-16,5,return_60d,61,-0.06865375062096371,-0.11515151515151514,0.3166335032878176,-0.2168240249628857,36.0655737704918
28,2026-01-16,2026-04-16,5,beta_60,61,-0.04083457526080476,-0.006060606060606061,0.4017803989722232,-0.10163406518899851,47.540983606557376
28,2026-01-16,2026-04-16,5,volatility_10,61,-0.09190263288623945,-0.06666666666666665,0.34071384815906297,-0.26973553726332405,40.98360655737705
28,2026-01-16,2026-04-16,5,volatility_20,61,0.013412816691505212,0.0303030303030303,0.35818321070692466,0.037446804569742795,50.81967213114754
28,2026-01-16,2026-04-16,5,volatility_60,61,-0.05156482861400893,-0.09090909090909088,0.4185222197501989,-0.12320690797441089,39.34426229508197
28,2026-01-16,2026-04-16,5,price_ma50_ratio,61,-0.0801788375558867,-0.12727272727272726,0.31491131763861324,-0.25460767227139974,37.704918032786885
28,2026-01-16,2026-04-16,5,volume_ratio_20,61,0.07203179334326874,0.13939393939393938,0.364090790738251,0.19784019584019968,59.01639344262295
28,2026-01-16,2026-04-16,5,rsi_14,61,-0.1284649776453055,-0.10303030303030303,0.2586745894295902,-0.49662774348491995,27.86885245901639
28,2026-01-16,2026-04-16,5,momentum_20,61,-0.0913065076999503,-0.06666666666666665,0.3016125802742428,-0.3027277828296465,40.98360655737705
28,2026-01-16,2026-04-16,10,price_ma200_ratio,61,0.019175360158966717,0.0303030303030303,0.3481222185768575,0.05508226460625418,55.73770491803278
28,2026-01-16,2026-04-16,10,return_60d,61,-0.039244908097367116,-0.006060606060606061,0.27124537137723576,-0.1446841577354958,49.18032786885246
28,2026-01-16,2026-04-16,10,beta_60,61,-0.05732737208147043,-0.11515151515151514,0.3844761959273446,-0.14910512715409752,40.98360655737705
28,2026-01-16,2026-04-16,10,volatility_10,61,-0.07839046199701939,-0.17575757575757575,0.33053345470630424,-0.23716347280693054,37.704918032786885
28,2026-01-16,2026-04-16,10,volatility_20,61,0.09170392449080975,0.12727272727272726,0.3494881918127018,0.26239491530505227,54.09836065573771
28,2026-01-16,2026-04-16,10,volatility_60,61,-0.04302036761053152,-0.12727272727272726,0.41401481916022814,-0.1039102119527808,39.34426229508197
28,2026-01-16,2026-04-16,10,price_ma50_ratio,61,-0.05176353700943864,-0.06666666666666665,0.2977182356980277,-0.17386753917869455,40.98360655737705
28,2026-01-16,2026-04-16,10,volume_ratio_20,61,0.027719821162444112,0.0303030303030303,0.34334008037874386,0.08073575660571274,55.73770491803278
28,2026-01-16,2026-04-16,10,rsi_14,61,-0.09627421758569299,-0.09090909090909088,0.28008066169624307,-0.34373746835154806,31.147540983606557
28,2026-01-16,2026-04-16,10,momentum_20,61,-0.0827620466964729,-0.09090909090909088,0.253298739230715,-0.32673690736806155,37.704918032786885
28,2026-01-16,2026-04-16,20,price_ma200_ratio,61,0.010630899155489315,0.07878787878787878,0.27479052486039546,0.03868728429006144,55.73770491803278
28,2026-01-16,2026-04-16,20,return_60d,61,-0.055141579731743655,-0.05454545454545454,0.24377830158167907,-0.226195602208953,40.98360655737705
28,2026-01-16,2026-04-16,20,beta_60,61,0.016393442622950824,0.0303030303030303,0.36971244256790387,0.04434106277053387,54.09836065573771
28,2026-01-16,2026-04-16,20,volatility_10,61,0.11316443119721808,0.12727272727272726,0.32264730134777797,0.35073726240542574,68.85245901639344
28,2026-01-16,2026-04-16,20,volatility_20,61,0.134227521112767,0.09090909090909088,0.30624124295484834,0.4383064796159976,63.934426229508205
28,2026-01-16,2026-04-16,20,volatility_60,61,-0.04560357675111772,-0.06666666666666665,0.33107334244021475,-0.13774463511616863,42.62295081967213
28,2026-01-16,2026-04-16,20,price_ma50_ratio,61,-0.08176850471932438,-0.07878787878787878,0.1844344525294899,-0.44334723582216895,31.147540983606557
28,2026-01-16,2026-04-16,20,volume_ratio_20,61,-0.01957277694982612,-0.04242424242424241,0.32146815304513493,-0.060885586221905014,45.90163934426229
28,2026-01-16,2026-04-16,20,rsi_14,61,-0.10303030303030304,-0.13939393939393938,0.2259882896760517,-0.4559099198369716,29.508196721311474
28,2026-01-16,2026-04-16,20,momentum_20,61,-0.03964232488822653,-0.05454545454545454,0.19013173069594974,-0.20849925860939425,39.34426229508197
29,2026-04-16,2026-07-16,1,price_ma200_ratio,62,-0.035386119257087005,-0.07272727272727271,0.3239071738774874,-0.10924771697236699,38.70967741935484
29,2026-04-16,2026-07-16,1,return_60d,62,-0.06920821114369502,-0.08484848484848484,0.3554646452828894,-0.1946978751954841,41.935483870967744
29,2026-04-16,2026-07-16,1,beta_60,62,-0.04437927663734116,-0.060606060606060594,0.4798610523543906,-0.09248359794902847,45.16129032258064
29,2026-04-16,2026-07-16,1,volatility_10,62,-0.046334310850439875,-0.036363636363636355,0.375432285162957,-0.12341589330903811,43.54838709677419
29,2026-04-16,2026-07-16,1,volatility_20,62,-0.06177908113391983,-0.07878787878787878,0.41739104439225205,-0.14801247406703252,41.935483870967744
29,2026-04-16,2026-07-16,1,volatility_60,62,-0.04731182795698924,0.02424242424242424,0.4203180047406094,-0.11256198264974816,53.2258064516129
29,2026-04-16,2026-07-16,1,price_ma50_ratio,62,-0.08445747800586512,-0.060606060606060594,0.353695672723502,-0.23878572603258535,43.54838709677419
29,2026-04-16,2026-07-16,1,volume_ratio_20,62,0.02170087976539589,-0.01212121212121212,0.33575787774236604,0.06463252600746847,50.0
29,2026-04-16,2026-07-16,1,rsi_14,62,-0.026392961876832842,-0.030303030303030297,0.3699324077859356,-0.07134536288614471,46.774193548387096
29,2026-04-16,2026-07-16,1,momentum_20,62,-0.06392961876832844,-0.060606060606060594,0.3720983913793461,-0.17180837178936795,38.70967741935484
29,2026-04-16,2026-07-16,3,price_ma200_ratio,62,-0.03870967741935481,-0.0303030303030303,0.34209829316271156,-0.11315367013814186,46.774193548387096
29,2026-04-16,2026-07-16,3,return_60d,62,-0.10127077223851416,-0.14545454545454545,0.3499793214094666,-0.28936215954322064,33.87096774193548
29,2026-04-16,2026-07-16,3,beta_60,62,-0.13391984359726292,-0.1212121212121212,0.4279797199482146,-0.3129116576212237,41.935483870967744
29,2026-04-16,2026-07-16,3,volatility_10,62,-0.10263929618768326,-0.12727272727272726,0.39145745872250637,-0.26219782993186364,35.483870967741936
29,2026-04-16,2026-07-16,3,volatility_20,62,-0.15757575757575756,-0.13333333333333333,0.3683336291275403,-0.4278071430757003,37.096774193548384
29,2026-04-16,2026-07-16,3,volatility_60,62,-0.1378299120234604,-0.12727272727272726,0.4079888900716036,-0.3378276109412458,37.096774193548384
29,2026-04-16,2026-07-16,3,price_ma50_ratio,62,-0.06744868035190617,-0.05454545454545454,0.35816295361951916,-0.18831841671586647,43.54838709677419
29,2026-04-16,2026-07-16,3,volume_ratio_20,62,0.009384164222873914,0.04242424242424241,0.35893747874578696,0.0261442863410765,54.83870967741935
29,2026-04-16,2026-07-16,3,rsi_14,62,-0.01642228739002934,-0.036363636363636355,0.29041062422877983,-0.05654850759554919,45.16129032258064
29,2026-04-16,2026-07-16,3,momentum_20,62,-0.11867057673509285,-0.11515151515151514,0.36430729359480196,-0.32574307136184677,41.935483870967744
29,2026-04-16,2026-07-16,5,price_ma200_ratio,62,-0.054154447702834806,-0.09696969696969696,0.3320761569544903,-0.16307839803824414,43.54838709677419
29,2026-04-16,2026-07-16,5,return_60d,62,-0.11867057673509285,-0.1515151515151515,0.32318387107541685,-0.3671921384573068,38.70967741935484
29,2026-04-16,2026-07-16,5,beta_60,62,-0.14017595307917888,-0.15757575757575756,0.4210017220621996,-0.33295814656660483,37.096774193548384
29,2026-04-16,2026-07-16,5,volatility_10,62,-0.0967741935483871,-0.10303030303030303,0.3417119192724374,-0.28320403266715355,41.935483870967744
29,2026-04-16,2026-07-16,5,volatility_20,62,-0.12414467253176928,-0.1212121212121212,0.3246008612299297,-0.38245330607373806,35.483870967741936
29,2026-04-16,2026-07-16,5,volatility_60,62,-0.1319648093841642,-0.09090909090909091,0.3722985823927167,-0.3544596074904255,41.935483870967744
29,2026-04-16,2026-07-16,5,price_ma50_ratio,62,-0.11319648093841642,-0.1333333333333333,0.3752552997591754,-0.30165191807034203,35.483870967741936
29,2026-04-16,2026-07-16,5,volume_ratio_20,62,0.04985337243401759,0.06666666666666667,0.38003973065677665,0.13117936997761273,54.83870967741935
29,2026-04-16,2026-07-16,5,rsi_14,62,-0.015444770283479957,-0.012121212121212116,0.3481409174227652,-0.044363559439709835,50.0
29,2026-04-16,2026-07-16,5,momentum_20,62,-0.15171065493646135,-0.19999999999999998,0.35706256629075533,-0.4248853541620593,29.03225806451613
29,2026-04-16,2026-07-16,10,price_ma200_ratio,62,-0.07761485826001954,-0.07272727272727272,0.391634264169339,-0.19818199111010268,40.32258064516129
29,2026-04-16,2026-07-16,10,return_60d,62,-0.1616813294232649,-0.18787878787878787,0.31364378956638567,-0.5154934827397356,37.096774193548384
29,2026-04-16,2026-07-16,10,beta_60,62,-0.2,-0.20606060606060606,0.35582265780578876,-0.5620777530956498,27.419354838709676
29,2026-04-16,2026-07-16,10,volatility_10,62,-0.13665689149560115,-0.12727272727272726,0.2975837956858912,-0.4592215486082672,33.87096774193548
29,2026-04-16,2026-07-16,10,volatility_20,62,-0.17927663734115348,-0.1939393939393939,0.27069519131348824,-0.6622823127047565,29.03225806451613
29,2026-04-16,2026-07-16,10,volatility_60,62,-0.21955034213098726,-0.24848484848484845,0.2970404922961564,-0.7391259704488046,25.806451612903224
29,2026-04-16,2026-07-16,10,price_ma50_ratio,62,-0.12766373411534698,-0.09696969696969696,0.3329526272273436,-0.38342912377194377,38.70967741935484
29,2026-04-16,2026-07-16,10,volume_ratio_20,62,0.115347018572825,0.1939393939393939,0.3510968745659436,0.32853331068647934,62.903225806451616
29,2026-04-16,2026-07-16,10,rsi_14,62,-0.10283479960899317,-0.0303030303030303,0.3038240330005511,-0.3384682857159184,41.935483870967744
29,2026-04-16,2026-07-16,10,momentum_20,62,-0.14369501466275658,-0.1333333333333333,0.3158088354962346,-0.4550063155673485,37.096774193548384
29,2026-04-16,2026-07-16,20,price_ma200_ratio,62,-0.13685239491691104,-0.15757575757575756,0.2991234458452511,-0.4575114282004843,27.419354838709676
29,2026-04-16,2026-07-16,20,return_60d,62,-0.2959921798631476,-0.303030303030303,0.2776780725629615,-1.0659544598936002,17.741935483870968
29,2026-04-16,2026-07-16,20,beta_60,62,-0.28211143695014657,-0.2787878787878788,0.3159332987766474,-0.8929461947902757,24.193548387096776
29,2026-04-16,2026-07-16,20,volatility_10,62,-0.2731182795698925,-0.33939393939393936,0.2658522336343971,-1.0273311449603533,19.35483870967742
29,2026-04-16,2026-07-16,20,volatility_20,62,-0.2918866080156402,-0.3272727272727272,0.25690059327376713,-1.136185028987419,19.35483870967742
29,2026-04-16,2026-07-16,20,volatility_60,62,-0.30342130987292276,-0.33333333333333326,0.26425060709093107,-1.1482331609876404,11.29032258064516
29,2026-04-16,2026-07-16,20,price_ma50_ratio,62,-0.2467253176930596,-0.18787878787878787,0.2893137808670277,-0.8527949030069111,25.806451612903224
29,2026-04-16,2026-07-16,20,volume_ratio_20,62,0.010361681329423259,0.01818181818181818,0.36383565841380583,0.028479015428549546,51.61290322580645
29,2026-04-16,2026-07-16,20,rsi_14,62,-0.17204301075268816,-0.20606060606060606,0.2926556998249021,-0.5878683068726243,25.806451612903224
29,2026-04-16,2026-07-16,20,momentum_20,62,-0.16676441837732162,-0.10303030303030301,0.3478884149518122,-0.47936180456144534,32.25806451612903
