Date,gross_return,cost,net_return,entry_date,exit_date,longs,shorts,fold
2019-04-16,0.002067646477649676,0.001,0.001067646477649676,2019-04-16,2019-05-14,"AVGO,NVDA","JPM,XOM",1
2019-04-17,-0.0075374743793773236,0.0,-0.0075374743793773236,2019-04-16,2019-05-14,"AVGO,NVDA","JPM,XOM",1
2019-04-18,-5.2928609498653634e-05,0.0,-5.2928609498653634e-05,2019-04-16,2019-05-14,"AVGO,NVDA","JPM,XOM",1
2019-04-22,-0.005691148966523618,0.0,-0.005691148966523618,2019-04-16,2019-05-14,"AVGO,NVDA","JPM,XOM",1
2019-04-23,0.0016706284555635942,0.0,0.0016706284555635942,2019-04-16,2019-05-14,"AVGO,NVDA","JPM,XOM",1
2019-04-24,0.004892951679048879,0.0,0.004892951679048879,2019-04-16,2019-05-14,"AVGO,NVDA","JPM,XOM",1
2019-04-25,-0.009105947195073794,0.0,-0.009105947195073794,2019-04-16,2019-05-14,"AVGO,NVDA","JPM,XOM",1
2019-04-26,-0.009559654563552733,0.0,-0.009559654563552733,2019-04-16,2019-05-14,"AVGO,NVDA","JPM,XOM",1
2019-04-29,0.0016126294135261066,0.0,0.0016126294135261066,2019-04-16,2019-05-14,"AVGO,NVDA","JPM,XOM",1
2019-04-30,0.006050558323581118,0.0,0.006050558323581118,2019-04-16,2019-05-14,"AVGO,NVDA","JPM,XOM",1
2019-05-01,0.0065914279005167276,0.0,0.0065914279005167276,2019-04-16,2019-05-14,"AVGO,NVDA","JPM,XOM",1
2019-05-02,0.005196074402043227,0.0,0.005196074402043227,2019-04-16,2019-05-14,"AVGO,NVDA","JPM,XOM",1
2019-05-03,-0.002452940313550672,0.0,-0.002452940313550672,2019-04-16,2019-05-14,"AVGO,NVDA","JPM,XOM",1
2019-05-06,-0.004280253910456416,0.0,-0.004280253910456416,2019-04-16,2019-05-14,"AVGO,NVDA","JPM,XOM",1
2019-05-07,-0.0073903848095625835,0.0,-0.0073903848095625835,2019-04-16,2019-05-14,"AVGO,NVDA","JPM,XOM",1
2019-05-08,-0.001069204575205096,0.0,-0.001069204575205096,2019-04-16,2019-05-14,"AVGO,NVDA","JPM,XOM",1
2019-05-09,-0.004382033273523711,0.0,-0.004382033273523711,2019-04-16,2019-05-14,"AVGO,NVDA","JPM,XOM",1
2019-05-10,-0.004246476924259279,0.0,-0.004246476924259279,2019-04-16,2019-05-14,"AVGO,NVDA","JPM,XOM",1
2019-05-13,-0.01448322563511506,0.0,-0.01448322563511506,2019-04-16,2019-05-14,"AVGO,NVDA","JPM,XOM",1
2019-05-14,0.0106920338082655,0.001,0.009692033808265499,2019-04-16,2019-05-14,"AVGO,NVDA","JPM,XOM",1
2019-05-15,-0.0027283583372542664,0.001,-0.0037283583372542664,2019-05-15,2019-06-12,"AVGO,NVDA","JPM,XOM",1
2019-05-16,-0.008034346995053288,0.0,-0.008034346995053288,2019-05-15,2019-06-12,"AVGO,NVDA","JPM,XOM",1
2019-05-17,-0.009248779521258216,0.0,-0.009248779521258216,2019-05-15,2019-06-12,"AVGO,NVDA","JPM,XOM",1
2019-05-20,-0.023829898662924676,0.0,-0.023829898662924676,2019-05-15,2019-06-12,"AVGO,NVDA","JPM,XOM",1
2019-05-21,0.005960096308375962,0.0,0.005960096308375962,2019-05-15,2019-06-12,"AVGO,NVDA","JPM,XOM",1
2019-05-22,-0.005860549816613964,0.0,-0.005860549816613964,2019-05-15,2019-06-12,"AVGO,NVDA","JPM,XOM",1
2019-05-23,-0.005719713526250059,0.0,-0.005719713526250059,2019-05-15,2019-06-12,"AVGO,NVDA","JPM,XOM",1
2019-05-24,-0.011183997482199975,0.0,-0.011183997482199975,2019-05-15,2019-06-12,"AVGO,NVDA","JPM,XOM",1
2019-05-28,0.003177714491743866,0.0,0.003177714491743866,2019-05-15,2019-06-12,"AVGO,NVDA","JPM,XOM",1
2019-05-29,-0.003328291088620511,0.0,-0.003328291088620511,2019-05-15,2019-06-12,"AVGO,NVDA","JPM,XOM",1
2019-05-30,0.0038891925418223783,0.0,0.0038891925418223783,2019-05-15,2019-06-12,"AVGO,NVDA","JPM,XOM",1
2019-05-31,-0.004674090261074626,0.0,-0.004674090261074626,2019-05-15,2019-06-12,"AVGO,NVDA","JPM,XOM",1
2019-06-03,-0.006671439311881411,0.0,-0.006671439311881411,2019-05-15,2019-06-12,"AVGO,NVDA","JPM,XOM",1
2019-06-04,0.015942692072460407,0.0,0.015942692072460407,2019-05-15,2019-06-12,"AVGO,NVDA","JPM,XOM",1
2019-06-05,-0.0018043763547278824,0.0,-0.0018043763547278824,2019-05-15,2019-06-12,"AVGO,NVDA","JPM,XOM",1
2019-06-06,0.0059747466976198815,0.0,0.0059747466976198815,2019-05-15,2019-06-12,"AVGO,NVDA","JPM,XOM",1
2019-06-07,0.006729349505402937,0.0,0.006729349505402937,2019-05-15,2019-06-12,"AVGO,NVDA","JPM,XOM",1
2019-06-10,0.006082489918441902,0.0,0.006082489918441902,2019-05-15,2019-06-12,"AVGO,NVDA","JPM,XOM",1
2019-06-11,0.006288308410556748,0.0,0.006288308410556748,2019-05-15,2019-06-12,"AVGO,NVDA","JPM,XOM",1
2019-06-12,-0.004962032677124001,0.001,-0.005962032677124001,2019-05-15,2019-06-12,"AVGO,NVDA","JPM,XOM",1
2019-06-13,0.006264987893114915,0.001,0.005264987893114915,2019-06-13,2019-07-11,"NVDA,TSLA","JPM,XOM",1
2019-06-14,-0.004458022419649932,0.0,-0.004458022419649932,2019-06-13,2019-07-11,"NVDA,TSLA","JPM,XOM",1
2019-06-17,0.011312030623611274,0.0,0.011312030623611274,2019-06-13,2019-07-11,"NVDA,TSLA","JPM,XOM",1
2019-06-18,0.0076348203118402624,0.0,0.0076348203118402624,2019-06-13,2019-07-11,"NVDA,TSLA","JPM,XOM",1
2019-06-19,0.005465221183501484,0.0,0.005465221183501484,2019-06-13,2019-07-11,"NVDA,TSLA","JPM,XOM",1
2019-06-20,-0.010837479887450291,0.0,-0.010837479887450291,2019-06-13,2019-07-11,"NVDA,TSLA","JPM,XOM",1
2019-06-21,-0.0030690123623300647,0.0,-0.0030690123623300647,2019-06-13,2019-07-11,"NVDA,TSLA","JPM,XOM",1
2019-06-24,0.007651407377756436,0.0,0.007651407377756436,2019-06-13,2019-07-11,"NVDA,TSLA","JPM,XOM",1
2019-06-25,-0.0019898358684635187,0.0,-0.0019898358684635187,2019-06-13,2019-07-11,"NVDA,TSLA","JPM,XOM",1
2019-06-26,0.00953039338863007,0.0,0.00953039338863007,2019-06-13,2019-07-11,"NVDA,TSLA","JPM,XOM",1
2019-06-27,0.012018360892840363,0.0,0.012018360892840363,2019-06-13,2019-07-11,"NVDA,TSLA","JPM,XOM",1
2019-06-28,-0.0072426962336942236,0.0,-0.0072426962336942236,2019-06-13,2019-07-11,"NVDA,TSLA","JPM,XOM",1
2019-07-01,0.003128416453948568,0.0,0.003128416453948568,2019-06-13,2019-07-11,"NVDA,TSLA","JPM,XOM",1
2019-07-02,-0.006331995956972425,0.0,-0.006331995956972425,2019-06-13,2019-07-11,"NVDA,TSLA","JPM,XOM",1
2019-07-03,0.010345384587069989,0.0,0.010345384587069989,2019-06-13,2019-07-11,"NVDA,TSLA","JPM,XOM",1
2019-07-05,-0.006257336812564518,0.0,-0.006257336812564518,2019-06-13,2019-07-11,"NVDA,TSLA","JPM,XOM",1
2019-07-08,-0.00745578087098131,0.0,-0.00745578087098131,2019-06-13,2019-07-11,"NVDA,TSLA","JPM,XOM",1
2019-07-09,-0.001044690346644228,0.0,-0.001044690346644228,2019-06-13,2019-07-11,"NVDA,TSLA","JPM,XOM",1
2019-07-10,0.011193576121636711,0.0,0.011193576121636711,2019-06-13,2019-07-11,"NVDA,TSLA","JPM,XOM",1
2019-07-11,0.006797810490769052,0.001,0.005797810490769052,2019-06-13,2019-07-11,"NVDA,TSLA","JPM,XOM",1
2019-07-16,0.005617072527093314,0.001,0.004617072527093314,2019-07-16,2019-08-12,"NVDA,TSLA","MSFT,XOM",2
2019-07-17,0.009350746482948036,0.0,0.009350746482948036,2019-07-16,2019-08-12,"NVDA,TSLA","MSFT,XOM",2
2019-07-18,0.001242208898619701,0.0,0.001242208898619701,2019-07-16,2019-08-12,"NVDA,TSLA","MSFT,XOM",2
2019-07-19,0.0011515200579116924,0.0,0.0011515200579116924,2019-07-16,2019-08-12,"NVDA,TSLA","MSFT,XOM",2
2019-07-22,-0.0017252042437777837,0.0,-0.0017252042437777837,2019-07-16,2019-08-12,"NVDA,TSLA","MSFT,XOM",2
2019-07-23,0.008171418816548426,0.0,0.008171418816548426,2019-07-16,2019-08-12,"NVDA,TSLA","MSFT,XOM",2
2019-07-24,0.006261926579102239,0.0,0.006261926579102239,2019-07-16,2019-08-12,"NVDA,TSLA","MSFT,XOM",2
2019-07-25,-0.03905441738402671,0.0,-0.03905441738402671,2019-07-16,2019-08-12,"NVDA,TSLA","MSFT,XOM",2
2019-07-26,-6.563441682180815e-05,0.0,-6.563441682180815e-05,2019-07-16,2019-08-12,"NVDA,TSLA","MSFT,XOM",2
2019-07-29,0.006894392150542744,0.0,0.006894392150542744,2019-07-16,2019-08-12,"NVDA,TSLA","MSFT,XOM",2
2019-07-30,0.00895495402981003,0.0,0.00895495402981003,2019-07-16,2019-08-12,"NVDA,TSLA","MSFT,XOM",2
2019-07-31,0.00029159977831008654,0.0,0.00029159977831008654,2019-07-16,2019-08-12,"NVDA,TSLA","MSFT,XOM",2
2019-08-01,-0.010556022890667927,0.0,-0.010556022890667927,2019-07-16,2019-08-12,"NVDA,TSLA","MSFT,XOM",2
2019-08-02,-0.0005803137737359076,0.0,-0.0005803137737359076,2019-07-16,2019-08-12,"NVDA,TSLA","MSFT,XOM",2
2019-08-05,-0.008865735273506675,0.0,-0.008865735273506675,2019-07-16,2019-08-12,"NVDA,TSLA","MSFT,XOM",2
2019-08-06,-0.0018612751625380897,0.0,-0.0018612751625380897,2019-07-16,2019-08-12,"NVDA,TSLA","MSFT,XOM",2
2019-08-07,0.005945444487384044,0.0,0.005945444487384044,2019-07-16,2019-08-12,"NVDA,TSLA","MSFT,XOM",2
2019-08-08,-0.0010122698834235666,0.0,-0.0010122698834235666,2019-07-16,2019-08-12,"NVDA,TSLA","MSFT,XOM",2
2019-08-09,-0.00245342863963971,0.0,-0.00245342863963971,2019-07-16,2019-08-12,"NVDA,TSLA","MSFT,XOM",2
2019-08-12,-0.0061090031975894465,0.001,-0.0071090031975894466,2019-07-16,2019-08-12,"NVDA,TSLA","MSFT,XOM",2
2019-08-13,0.0067098664037494316,0.001,0.0057098664037494315,2019-08-13,2019-09-10,"AAPL,GOOGL","AMZN,XOM",2
2019-08-14,0.004257220673225703,0.0,0.004257220673225703,2019-08-13,2019-09-10,"AAPL,GOOGL","AMZN,XOM",2
2019-08-15,-0.0005447233760131065,0.0,-0.0005447233760131065,2019-08-13,2019-09-10,"AAPL,GOOGL","AMZN,XOM",2
2019-08-16,0.0017943711772570037,0.0,0.0017943711772570037,2019-08-13,2019-09-10,"AAPL,GOOGL","AMZN,XOM",2
2019-08-19,0.0016682119746144752,0.0,0.0016682119746144752,2019-08-13,2019-09-10,"AAPL,GOOGL","AMZN,XOM",2
2019-08-20,3.1181432252308516e-05,0.0,3.1181432252308516e-05,2019-08-13,2019-09-10,"AAPL,GOOGL","AMZN,XOM",2
2019-08-21,-0.0011642279632239627,0.0,-0.0011642279632239627,2019-08-13,2019-09-10,"AAPL,GOOGL","AMZN,XOM",2
2019-08-22,0.00290202115393573,0.0,0.00290202115393573,2019-08-13,2019-09-10,"AAPL,GOOGL","AMZN,XOM",2
2019-08-23,-0.004416453204806853,0.0,-0.004416453204806853,2019-08-13,2019-09-10,"AAPL,GOOGL","AMZN,XOM",2
2019-08-26,0.004480021663011147,0.0,0.004480021663011147,2019-08-13,2019-09-10,"AAPL,GOOGL","AMZN,XOM",2
2019-08-27,0.0005289208642661469,0.0,0.0005289208642661469,2019-08-13,2019-09-10,"AAPL,GOOGL","AMZN,XOM",2
2019-08-28,0.00013664148356201666,0.0,0.00013664148356201666,2019-08-13,2019-09-10,"AAPL,GOOGL","AMZN,XOM",2
2019-08-29,0.0026881131702847783,0.0,0.0026881131702847783,2019-08-13,2019-09-10,"AAPL,GOOGL","AMZN,XOM",2
2019-08-30,0.0001325566621261376,0.0,0.0001325566621261376,2019-08-13,2019-09-10,"AAPL,GOOGL","AMZN,XOM",2
2019-09-03,-0.010245553535159435,0.0,-0.010245553535159435,2019-08-13,2019-09-10,"AAPL,GOOGL","AMZN,XOM",2
2019-09-04,0.00279294405176278,0.0,0.00279294405176278,2019-08-13,2019-09-10,"AAPL,GOOGL","AMZN,XOM",2
2019-09-05,0.0021113749915331326,0.0,0.0021113749915331326,2019-08-13,2019-09-10,"AAPL,GOOGL","AMZN,XOM",2
2019-09-06,-0.002602943815905895,0.0,-0.002602943815905895,2019-08-13,2019-09-10,"AAPL,GOOGL","AMZN,XOM",2
2019-09-09,-0.0008300046643671122,0.0,-0.0008300046643671122,2019-08-13,2019-09-10,"AAPL,GOOGL","AMZN,XOM",2
2019-09-10,0.002488433132732615,0.001,0.0014884331327326148,2019-08-13,2019-09-10,"AAPL,GOOGL","AMZN,XOM",2
2019-09-11,0.013989816957052481,0.001,0.01298981695705248,2019-09-11,2019-10-08,"NVDA,TSLA","AMZN,XOM",2
2019-09-12,-0.004319197750992654,0.0,-0.004319197750992654,2019-09-11,2019-10-08,"NVDA,TSLA","AMZN,XOM",2
2019-09-13,-0.005563828089149514,0.0,-0.005563828089149514,2019-09-11,2019-10-08,"NVDA,TSLA","AMZN,XOM",2
2019-09-16,-0.004283881451102228,0.0,-0.004283881451102228,2019-09-11,2019-10-08,"NVDA,TSLA","AMZN,XOM",2
2019-09-17,0.0030963783859122296,0.0,0.0030963783859122296,2019-09-11,2019-10-08,"NVDA,TSLA","AMZN,XOM",2
2019-09-18,-0.0009386669140526993,0.0,-0.0009386669140526993,2019-09-11,2019-10-08,"NVDA,TSLA","AMZN,XOM",2
2019-09-19,9.707166061359573e-05,0.0,9.707166061359573e-05,2019-09-11,2019-10-08,"NVDA,TSLA","AMZN,XOM",2
2019-09-20,-0.007450914488042054,0.0,-0.007450914488042054,2019-09-11,2019-10-08,"NVDA,TSLA","AMZN,XOM",2
2019-09-23,0.004807638137344056,0.0,0.004807638137344056,2019-09-11,2019-10-08,"NVDA,TSLA","AMZN,XOM",2
2019-09-24,-0.012428956160862897,0.0,-0.012428956160862897,2019-09-11,2019-10-08,"NVDA,TSLA","AMZN,XOM",2
2019-09-25,0.009834866524494168,0.0,0.009834866524494168,2019-09-11,2019-10-08,"NVDA,TSLA","AMZN,XOM",2
2019-09-26,0.019261703488414217,0.0,0.019261703488414217,2019-09-11,2019-10-08,"NVDA,TSLA","AMZN,XOM",2
2019-09-27,-0.008038291582265322,0.0,-0.008038291582265322,2019-09-11,2019-10-08,"NVDA,TSLA","AMZN,XOM",2
2019-09-30,0.0035885897730132676,0.0,0.0035885897730132676,2019-09-11,2019-10-08,"NVDA,TSLA","AMZN,XOM",2
2019-10-01,0.00977914831107568,0.0,0.00977914831107568,2019-09-11,2019-10-08,"NVDA,TSLA","AMZN,XOM",2
2019-10-02,0.006782588117000776,0.0,0.006782588117000776,2019-09-11,2019-10-08,"NVDA,TSLA","AMZN,XOM",2
2019-10-03,-0.003160232310547878,0.0,-0.003160232310547878,2019-09-11,2019-10-08,"NVDA,TSLA","AMZN,XOM",2
2019-10-04,-0.006655236197771558,0.0,-0.006655236197771558,2019-09-11,2019-10-08,"NVDA,TSLA","AMZN,XOM",2
2019-10-07,0.014485038230921093,0.0,0.014485038230921093,2019-09-11,2019-10-08,"NVDA,TSLA","AMZN,XOM",2
2019-10-08,0.0015898085928075512,0.001,0.0005898085928075511,2019-09-11,2019-10-08,"NVDA,TSLA","AMZN,XOM",2
2019-10-16,-0.0014704936596429963,0.001,-0.0024704936596429963,2019-10-16,2019-11-12,"AVGO,NVDA","AMZN,XOM",3
2019-10-17,-0.00015745020767019002,0.0,-0.00015745020767019002,2019-10-16,2019-11-12,"AVGO,NVDA","AMZN,XOM",3
2019-10-18,-0.0010856817101007055,0.0,-0.0010856817101007055,2019-10-16,2019-11-12,"AVGO,NVDA","AMZN,XOM",3
2019-10-21,0.0015381161967683576,0.0,0.0015381161967683576,2019-10-16,2019-11-12,"AVGO,NVDA","AMZN,XOM",3
2019-10-22,-0.0008144563956783146,0.0,-0.0008144563956783146,2019-10-16,2019-11-12,"AVGO,NVDA","AMZN,XOM",3
2019-10-23,-0.008758291457866996,0.0,-0.008758291457866996,2019-10-16,2019-11-12,"AVGO,NVDA","AMZN,XOM",3
2019-10-24,0.0037681863272394367,0.0,0.0037681863272394367,2019-10-16,2019-11-12,"AVGO,NVDA","AMZN,XOM",3
2019-10-25,0.018555351304505863,0.0,0.018555351304505863,2019-10-16,2019-11-12,"AVGO,NVDA","AMZN,XOM",3
2019-10-28,0.004209026805599619,0.0,0.004209026805599619,2019-10-16,2019-11-12,"AVGO,NVDA","AMZN,XOM",3
2019-10-29,-0.00483556806742122,0.0,-0.00483556806742122,2019-10-16,2019-11-12,"AVGO,NVDA","AMZN,XOM",3
2019-10-30,0.002082407893511634,0.0,0.002082407893511634,2019-10-16,2019-11-12,"AVGO,NVDA","AMZN,XOM",3
2019-10-31,0.0008310974572310892,0.0,0.0008310974572310892,2019-10-16,2019-11-12,"AVGO,NVDA","AMZN,XOM",3
2019-11-01,-0.00444513979757688,0.0,-0.00444513979757688,2019-10-16,2019-11-12,"AVGO,NVDA","AMZN,XOM",3
2019-11-04,0.007569777670091982,0.0,0.007569777670091982,2019-10-16,2019-11-12,"AVGO,NVDA","AMZN,XOM",3
2019-11-05,0.001808279555628789,0.0,0.001808279555628789,2019-10-16,2019-11-12,"AVGO,NVDA","AMZN,XOM",3
2019-11-06,0.003234912859929967,0.0,0.003234912859929967,2019-10-16,2019-11-12,"AVGO,NVDA","AMZN,XOM",3
2019-11-07,-0.004540445547415645,0.0,-0.004540445547415645,2019-10-16,2019-11-12,"AVGO,NVDA","AMZN,XOM",3
2019-11-08,0.005739406750533027,0.0,0.005739406750533027,2019-10-16,2019-11-12,"AVGO,NVDA","AMZN,XOM",3
2019-11-11,0.0034658145196669876,0.0,0.0034658145196669876,2019-10-16,2019-11-12,"AVGO,NVDA","AMZN,XOM",3
2019-11-12,0.006490926054181195,0.001,0.005490926054181195,2019-10-16,2019-11-12,"AVGO,NVDA","AMZN,XOM",3
2019-11-13,0.0035147314403397023,0.001,0.0025147314403397023,2019-11-13,2019-12-11,"AVGO,NVDA","AMZN,TSLA",3
2019-11-14,-0.0048363776016271676,0.0,-0.0048363776016271676,2019-11-13,2019-12-11,"AVGO,NVDA","AMZN,TSLA",3
2019-11-15,-0.0033504504811798508,0.0,-0.0033504504811798508,2019-11-13,2019-12-11,"AVGO,NVDA","AMZN,TSLA",3
2019-11-18,0.008108358062934223,0.0,0.008108358062934223,2019-11-13,2019-12-11,"AVGO,NVDA","AMZN,TSLA",3
2019-11-19,-0.006568389165139271,0.0,-0.006568389165139271,2019-11-13,2019-12-11,"AVGO,NVDA","AMZN,TSLA",3
2019-11-20,0.005201090832573446,0.0,0.005201090832573446,2019-11-13,2019-12-11,"AVGO,NVDA","AMZN,TSLA",3
2019-11-21,0.0013848455531017823,0.0,0.0013848455531017823,2019-11-13,2019-12-11,"AVGO,NVDA","AMZN,TSLA",3
2019-11-22,0.014348633938814026,0.0,0.014348633938814026,2019-11-13,2019-12-11,"AVGO,NVDA","AMZN,TSLA",3
2019-11-25,0.009460691746705052,0.0,0.009460691746705052,2019-11-13,2019-12-11,"AVGO,NVDA","AMZN,TSLA",3
2019-11-26,-0.00511854432266956,0.0,-0.00511854432266956,2019-11-13,2019-12-11,"AVGO,NVDA","AMZN,TSLA",3
2019-11-27,-0.0014729146778751367,0.0,-0.0014729146778751367,2019-11-13,2019-12-11,"AVGO,NVDA","AMZN,TSLA",3
2019-11-29,-1.560845665685151e-05,0.0,-1.560845665685151e-05,2019-11-13,2019-12-11,"AVGO,NVDA","AMZN,TSLA",3
2019-12-02,-0.014049932474595545,0.0,-0.014049932474595545,2019-11-13,2019-12-11,"AVGO,NVDA","AMZN,TSLA",3
2019-12-03,-0.0046384791056056085,0.0,-0.0046384791056056085,2019-11-13,2019-12-11,"AVGO,NVDA","AMZN,TSLA",3
2019-12-04,0.008395385394139615,0.0,0.008395385394139615,2019-11-13,2019-12-11,"AVGO,NVDA","AMZN,TSLA",3
2019-12-05,0.0052412739468771785,0.0,0.0052412739468771785,2019-11-13,2019-12-11,"AVGO,NVDA","AMZN,TSLA",3
2019-12-06,0.002237970719062954,0.0,0.002237970719062954,2019-11-13,2019-12-11,"AVGO,NVDA","AMZN,TSLA",3
2019-12-09,-0.003731935516595092,0.0,-0.003731935516595092,2019-11-13,2019-12-11,"AVGO,NVDA","AMZN,TSLA",3
2019-12-10,-0.002709736733202628,0.0,-0.002709736733202628,2019-11-13,2019-12-11,"AVGO,NVDA","AMZN,TSLA",3
2019-12-11,0.0034900239370880826,0.001,0.0024900239370880825,2019-11-13,2019-12-11,"AVGO,NVDA","AMZN,TSLA",3
2019-12-12,0.007451962743378893,0.001,0.006451962743378893,2019-12-12,2020-01-10,"AVGO,NVDA","AMZN,TSLA",3
2019-12-13,-0.008721007891672489,0.0,-0.008721007891672489,2019-12-12,2020-01-10,"AVGO,NVDA","AMZN,TSLA",3
2019-12-16,-0.009889265311327278,0.0,-0.009889265311327278,2019-12-12,2020-01-10,"AVGO,NVDA","AMZN,TSLA",3
2019-12-17,0.0026188971907763203,0.0,0.0026188971907763203,2019-12-12,2020-01-10,"AVGO,NVDA","AMZN,TSLA",3
2019-12-18,-0.004268621407060552,0.0,-0.004268621407060552,2019-12-12,2020-01-10,"AVGO,NVDA","AMZN,TSLA",3
2019-12-19,-0.004149759978597262,0.0,-0.004149759978597262,2019-12-12,2020-01-10,"AVGO,NVDA","AMZN,TSLA",3
2019-12-20,0.0025570115037568397,0.0,0.0025570115037568397,2019-12-12,2020-01-10,"AVGO,NVDA","AMZN,TSLA",3
2019-12-23,-0.009469987108143313,0.0,-0.009469987108143313,2019-12-12,2020-01-10,"AVGO,NVDA","AMZN,TSLA",3
2019-12-24,-0.0025179179114628303,0.0,-0.0025179179114628303,2019-12-12,2020-01-10,"AVGO,NVDA","AMZN,TSLA",3
2019-12-26,-0.015830207663019902,0.0,-0.015830207663019902,2019-12-12,2020-01-10,"AVGO,NVDA","AMZN,TSLA",3
2019-12-27,-0.003377751046902744,0.0,-0.003377751046902744,2019-12-12,2020-01-10,"AVGO,NVDA","AMZN,TSLA",3
2019-12-30,0.00494441582261082,0.0,0.00494441582261082,2019-12-12,2020-01-10,"AVGO,NVDA","AMZN,TSLA",3
2019-12-31,0.0029315032122024798,0.0,0.0029315032122024798,2019-12-12,2020-01-10,"AVGO,NVDA","AMZN,TSLA",3
2020-01-02,-0.00397987904620839,0.0,-0.00397987904620839,2019-12-12,2020-01-10,"AVGO,NVDA","AMZN,TSLA",3
2020-01-03,-0.014733784791079424,0.0,-0.014733784791079424,2019-12-12,2020-01-10,"AVGO,NVDA","AMZN,TSLA",3
2020-01-06,-0.007860700047022634,0.0,-0.007860700047022634,2019-12-12,2020-01-10,"AVGO,NVDA","AMZN,TSLA",3
2020-01-07,-0.008056984759722108,0.0,-0.008056984759722108,2019-12-12,2020-01-10,"AVGO,NVDA","AMZN,TSLA",3
2020-01-08,-0.012998760400157378,0.0,-0.012998760400157378,2019-12-12,2020-01-10,"AVGO,NVDA","AMZN,TSLA",3
2020-01-09,0.005023971144851785,0.0,0.005023971144851785,2019-12-12,2020-01-10,"AVGO,NVDA","AMZN,TSLA",3
2020-01-10,-0.0003999350504262922,0.001,-0.0013999350504262922,2019-12-12,2020-01-10,"AVGO,NVDA","AMZN,TSLA",3
2020-01-16,-0.00015543018205138592,0.001,-0.001155430182051386,2020-01-16,2020-02-13,"NVDA,TSLA","AMZN,XOM",4
2020-01-17,0.001600240439638162,0.0,0.001600240439638162,2020-01-16,2020-02-13,"NVDA,TSLA","AMZN,XOM",4
2020-01-21,0.01654478692722758,0.0,0.01654478692722758,2020-01-16,2020-02-13,"NVDA,TSLA","AMZN,XOM",4
2020-01-22,0.014446288563691817,0.0,0.014446288563691817,2020-01-16,2020-02-13,"NVDA,TSLA","AMZN,XOM",4
2020-01-23,0.005851755939650649,0.0,0.005851755939650649,2020-01-16,2020-02-13,"NVDA,TSLA","AMZN,XOM",4
2020-01-24,-0.0008494851962780048,0.0,-0.0008494851962780048,2020-01-16,2020-02-13,"NVDA,TSLA","AMZN,XOM",4
2020-01-27,-0.002842309350394201,0.0,-0.002842309350394201,2020-01-16,2020-02-13,"NVDA,TSLA","AMZN,XOM",4
2020-01-28,0.009006811976423196,0.0,0.009006811976423196,2020-01-16,2020-02-13,"NVDA,TSLA","AMZN,XOM",4
2020-01-29,0.00521109302773301,0.0,0.00521109302773301,2020-01-16,2020-02-13,"NVDA,TSLA","AMZN,XOM",4
2020-01-30,0.021657751986155827,0.0,0.021657751986155827,2020-01-16,2020-02-13,"NVDA,TSLA","AMZN,XOM",4
2020-01-31,-0.01387749932617452,0.0,-0.01387749932617452,2020-01-16,2020-02-13,"NVDA,TSLA","AMZN,XOM",4
2020-02-03,0.060017549972642414,0.0,0.060017549972642414,2020-01-16,2020-02-13,"NVDA,TSLA","AMZN,XOM",4
2020-02-04,0.038844491697370725,0.0,0.038844491697370725,2020-01-16,2020-02-13,"NVDA,TSLA","AMZN,XOM",4
2020-02-05,-0.0495779295876409,0.0,-0.0495779295876409,2020-01-16,2020-02-13,"NVDA,TSLA","AMZN,XOM",4
2020-02-06,0.010449555426227664,0.0,0.010449555426227664,2020-01-16,2020-02-13,"NVDA,TSLA","AMZN,XOM",4
2020-02-07,-0.004798447947318207,0.0,-0.004798447947318207,2020-01-16,2020-02-13,"NVDA,TSLA","AMZN,XOM",4
2020-02-10,0.015136602080624617,0.0,0.015136602080624617,2020-01-16,2020-02-13,"NVDA,TSLA","AMZN,XOM",4
2020-02-11,0.0013266980355244318,0.0,0.0013266980355244318,2020-01-16,2020-02-13,"NVDA,TSLA","AMZN,XOM",4
2020-02-12,-0.0020750671198057347,0.0,-0.0020750671198057347,2020-01-16,2020-02-13,"NVDA,TSLA","AMZN,XOM",4
2020-02-13,0.012906256500902213,0.001,0.011906256500902213,2020-01-16,2020-02-13,"NVDA,TSLA","AMZN,XOM",4
2020-02-14,0.019209850943068596,0.001,0.018209850943068595,2020-02-14,2020-03-13,"NVDA,TSLA","AMZN,XOM",4
2020-02-18,0.024827242754308837,0.0,0.024827242754308837,2020-02-14,2020-03-13,"NVDA,TSLA","AMZN,XOM",4
2020-02-19,0.028864063397673834,0.0,0.028864063397673834,2020-02-14,2020-03-13,"NVDA,TSLA","AMZN,XOM",4
2020-02-20,-0.005713323042900037,0.0,-0.005713323042900037,2020-02-14,2020-03-13,"NVDA,TSLA","AMZN,XOM",4
2020-02-21,-0.001723954250197779,0.0,-0.001723954250197779,2020-02-14,2020-03-13,"NVDA,TSLA","AMZN,XOM",4
2020-02-24,-0.0142726191621744,0.0,-0.0142726191621744,2020-02-14,2020-03-13,"NVDA,TSLA","AMZN,XOM",4
2020-02-25,-0.006302949667559371,0.0,-0.006302949667559371,2020-02-14,2020-03-13,"NVDA,TSLA","AMZN,XOM",4
2020-02-26,0.0033657281874263645,0.0,0.0033657281874263645,2020-02-14,2020-03-13,"NVDA,TSLA","AMZN,XOM",4
2020-02-27,-0.018874503844855894,0.0,-0.018874503844855894,2020-02-14,2020-03-13,"NVDA,TSLA","AMZN,XOM",4
2020-02-28,0.0051801082770271956,0.0,0.0051801082770271956,2020-02-14,2020-03-13,"NVDA,TSLA","AMZN,XOM",4
2020-03-02,0.01301746972975626,0.0,0.01301746972975626,2020-02-14,2020-03-13,"NVDA,TSLA","AMZN,XOM",4
2020-03-03,0.008826675369316167,0.0,0.008826675369316167,2020-02-14,2020-03-13,"NVDA,TSLA","AMZN,XOM",4
2020-03-04,0.004633843668476023,0.0,0.004633843668476023,2020-02-14,2020-03-13,"NVDA,TSLA","AMZN,XOM",4
2020-03-05,-0.0006137053169200102,0.0,-0.0006137053169200102,2020-02-14,2020-03-13,"NVDA,TSLA","AMZN,XOM",4
2020-03-06,0.001155412898714625,0.0,0.001155412898714625,2020-02-14,2020-03-13,"NVDA,TSLA","AMZN,XOM",4
2020-03-09,-0.009513840150695396,0.0,-0.009513840150695396,2020-02-14,2020-03-13,"NVDA,TSLA","AMZN,XOM",4
2020-03-10,0.00935917359102345,0.0,0.00935917359102345,2020-02-14,2020-03-13,"NVDA,TSLA","AMZN,XOM",4
2020-03-11,-0.0006774441213127369,0.0,-0.0006774441213127369,2020-02-14,2020-03-13,"NVDA,TSLA","AMZN,XOM",4
2020-03-12,-0.011244781672282322,0.0,-0.011244781672282322,2020-02-14,2020-03-13,"NVDA,TSLA","AMZN,XOM",4
2020-03-13,-0.0003447973908784485,0.001,-0.0013447973908784485,2020-02-14,2020-03-13,"NVDA,TSLA","AMZN,XOM",4
2020-03-16,-0.018986113897304507,0.001,-0.01998611389730451,2020-03-16,2020-04-13,"NVDA,TSLA","AVGO,XOM",4
2020-03-17,-0.014503230569000908,0.0,-0.014503230569000908,2020-03-16,2020-04-13,"NVDA,TSLA","AVGO,XOM",4
2020-03-18,0.007995487286884817,0.0,0.007995487286884817,2020-03-16,2020-04-13,"NVDA,TSLA","AVGO,XOM",4
2020-03-19,0.009007759412972272,0.0,0.009007759412972272,2020-03-16,2020-04-13,"NVDA,TSLA","AVGO,XOM",4
2020-03-20,0.0023980042572391003,0.0,0.0023980042572391003,2020-03-16,2020-04-13,"NVDA,TSLA","AVGO,XOM",4
2020-03-23,0.02060997913765908,0.0,0.02060997913765908,2020-03-16,2020-04-13,"NVDA,TSLA","AVGO,XOM",4
2020-03-24,0.02695233848456191,0.0,0.02695233848456191,2020-03-16,2020-04-13,"NVDA,TSLA","AVGO,XOM",4
2020-03-25,-0.005295007633573406,0.0,-0.005295007633573406,2020-03-16,2020-04-13,"NVDA,TSLA","AVGO,XOM",4
2020-03-26,-0.03301318850477761,0.0,-0.03301318850477761,2020-03-16,2020-04-13,"NVDA,TSLA","AVGO,XOM",4
2020-03-27,0.013958172276613168,0.0,0.013958172276613168,2020-03-16,2020-04-13,"NVDA,TSLA","AVGO,XOM",4
2020-03-30,-0.007152983365563387,0.0,-0.007152983365563387,2020-03-16,2020-04-13,"NVDA,TSLA","AVGO,XOM",4
2020-03-31,0.009016046213254164,0.0,0.009016046213254164,2020-03-16,2020-04-13,"NVDA,TSLA","AVGO,XOM",4
2020-04-01,-0.02261901416967288,0.0,-0.02261901416967288,2020-03-16,2020-04-13,"NVDA,TSLA","AVGO,XOM",4
2020-04-02,-0.0354417398110467,0.0,-0.0354417398110467,2020-03-16,2020-04-13,"NVDA,TSLA","AVGO,XOM",4
2020-04-03,0.01305358318157196,0.0,0.01305358318157196,2020-03-16,2020-04-13,"NVDA,TSLA","AVGO,XOM",4
2020-04-06,0.01653562732586339,0.0,0.01653562732586339,2020-03-16,2020-04-13,"NVDA,TSLA","AVGO,XOM",4
2020-04-07,-0.00016071750058965772,0.0,-0.00016071750058965772,2020-03-16,2020-04-13,"NVDA,TSLA","AVGO,XOM",4
2020-04-08,-0.01435316079317156,0.0,-0.01435316079317156,2020-03-16,2020-04-13,"NVDA,TSLA","AVGO,XOM",4
2020-04-09,0.01787482199068441,0.0,0.01787482199068441,2020-03-16,2020-04-13,"NVDA,TSLA","AVGO,XOM",4
2020-04-13,0.03718942864279692,0.001,0.03618942864279692,2020-03-16,2020-04-13,"NVDA,TSLA","AVGO,XOM",4
2020-04-16,0.007734750770407861,0.001,0.006734750770407861,2020-04-16,2020-05-13,"NVDA,TSLA","AMZN,META",5
2020-04-17,9.740741500274819e-05,0.0,9.740741500274819e-05,2020-04-16,2020-05-13,"NVDA,TSLA","AMZN,META",5
2020-04-20,-0.007568334488647688,0.0,-0.007568334488647688,2020-04-16,2020-05-13,"NVDA,TSLA","AMZN,META",5
2020-04-21,-0.017977482454112403,0.0,-0.017977482454112403,2020-04-16,2020-05-13,"NVDA,TSLA","AMZN,META",5
2020-04-22,0.011358113230587996,0.0,0.011358113230587996,2020-04-16,2020-05-13,"NVDA,TSLA","AMZN,META",5
2020-04-23,-0.018624551499957537,0.0,-0.018624551499957537,2020-04-16,2020-05-13,"NVDA,TSLA","AMZN,META",5
2020-04-24,0.004034489631500493,0.0,0.004034489631500493,2020-04-16,2020-05-13,"NVDA,TSLA","AMZN,META",5
2020-04-27,0.03876988218334673,0.0,0.03876988218334673,2020-04-16,2020-05-13,"NVDA,TSLA","AMZN,META",5
2020-04-28,-0.0014521997338204917,0.0,-0.0014521997338204917,2020-04-16,2020-05-13,"NVDA,TSLA","AMZN,META",5
2020-04-29,-0.005456091653567641,0.0,-0.005456091653567641,2020-04-16,2020-05-13,"NVDA,TSLA","AMZN,META",5
2020-04-30,-0.035210629423175044,0.0,-0.035210629423175044,2020-04-16,2020-05-13,"NVDA,TSLA","AMZN,META",5
2020-05-01,-0.011910815668111557,0.0,-0.011910815668111557,2020-04-16,2020-05-13,"NVDA,TSLA","AMZN,META",5
2020-05-04,0.021894600156174393,0.0,0.021894600156174393,2020-04-16,2020-05-13,"NVDA,TSLA","AMZN,META",5
2020-05-05,0.0020083449595398317,0.0,0.0020083449595398317,2020-04-16,2020-05-13,"NVDA,TSLA","AMZN,META",5
2020-05-06,0.002824148212718147,0.0,0.002824148212718147,2020-04-16,2020-05-13,"NVDA,TSLA","AMZN,META",5
2020-05-07,4.8126411499843647e-05,0.0,4.8126411499843647e-05,2020-04-16,2020-05-13,"NVDA,TSLA","AMZN,META",5
2020-05-08,0.016320922246220504,0.0,0.016320922246220504,2020-04-16,2020-05-13,"NVDA,TSLA","AMZN,META",5
2020-05-11,0.0015507322799352408,0.0,0.0015507322799352408,2020-04-16,2020-05-13,"NVDA,TSLA","AMZN,META",5
2020-05-12,0.00028230198693712794,0.0,0.00028230198693712794,2020-04-16,2020-05-13,"NVDA,TSLA","AMZN,META",5
2020-05-13,-0.001633612091831882,0.001,-0.002633612091831882,2020-04-16,2020-05-13,"NVDA,TSLA","AMZN,META",5
2020-05-14,0.008841935008675583,0.001,0.007841935008675582,2020-05-14,2020-06-11,"NVDA,TSLA","AAPL,GOOGL",5
2020-05-15,0.011526600986584451,0.0,0.011526600986584451,2020-05-14,2020-06-11,"NVDA,TSLA","AAPL,GOOGL",5
2020-05-18,0.004067137436262913,0.0,0.004067137436262913,2020-05-14,2020-06-11,"NVDA,TSLA","AAPL,GOOGL",5
2020-05-19,0.003241941322584596,0.0,0.003241941322584596,2020-05-14,2020-06-11,"NVDA,TSLA","AAPL,GOOGL",5
2020-05-20,-0.00417846650635223,0.0,-0.00417846650635223,2020-05-14,2020-06-11,"NVDA,TSLA","AAPL,GOOGL",5
2020-05-21,0.0005543336561786572,0.0,0.0005543336561786572,2020-05-14,2020-06-11,"NVDA,TSLA","AAPL,GOOGL",5
2020-05-22,0.0011494585293734816,0.0,0.0011494585293734816,2020-05-14,2020-06-11,"NVDA,TSLA","AAPL,GOOGL",5
2020-05-26,-0.0076802715831600366,0.0,-0.0076802715831600366,2020-05-14,2020-06-11,"NVDA,TSLA","AAPL,GOOGL",5
2020-05-27,-0.0060025148799595085,0.0,-0.0060025148799595085,2020-05-14,2020-06-11,"NVDA,TSLA","AAPL,GOOGL",5
2020-05-28,-0.005267812379619596,0.0,-0.005267812379619596,2020-05-14,2020-06-11,"NVDA,TSLA","AAPL,GOOGL",5
2020-05-29,0.018050087680327676,0.0,0.018050087680327676,2020-05-14,2020-06-11,"NVDA,TSLA","AAPL,GOOGL",5
2020-06-01,0.013631741170351042,0.0,0.013631741170351042,2020-05-14,2020-06-11,"NVDA,TSLA","AAPL,GOOGL",5
2020-06-02,-0.006518358184315315,0.0,-0.006518358184315315,2020-05-14,2020-06-11,"NVDA,TSLA","AAPL,GOOGL",5
2020-06-03,-0.0020282186873696595,0.0,-0.0020282186873696595,2020-05-14,2020-06-11,"NVDA,TSLA","AAPL,GOOGL",5
2020-06-04,0.0012548079822841396,0.0,0.0012548079822841396,2020-05-14,2020-06-11,"NVDA,TSLA","AAPL,GOOGL",5
2020-06-05,-0.001134583113626575,0.0,-0.001134583113626575,2020-05-14,2020-06-11,"NVDA,TSLA","AAPL,GOOGL",5
2020-06-08,0.012045500769783057,0.0,0.012045500769783057,2020-05-14,2020-06-11,"NVDA,TSLA","AAPL,GOOGL",5
2020-06-09,-0.004183812610297238,0.0,-0.004183812610297238,2020-05-14,2020-06-11,"NVDA,TSLA","AAPL,GOOGL",5
2020-06-10,0.022685336871128448,0.0,0.022685336871128448,2020-05-14,2020-06-11,"NVDA,TSLA","AAPL,GOOGL",5
2020-06-11,-0.005238665791097774,0.001,-0.006238665791097774,2020-05-14,2020-06-11,"NVDA,TSLA","AAPL,GOOGL",5
2020-06-12,-0.004993265572476452,0.001,-0.005993265572476452,2020-06-12,2020-07-10,"TSLA,XOM","AMZN,GOOGL",5
2020-06-15,0.010607501774506728,0.0,0.010607501774506728,2020-06-12,2020-07-10,"TSLA,XOM","AMZN,GOOGL",5
2020-06-16,-0.0052573578135278465,0.0,-0.0052573578135278465,2020-06-12,2020-07-10,"TSLA,XOM","AMZN,GOOGL",5
2020-06-17,-0.009190931761894033,0.0,-0.009190931761894033,2020-06-12,2020-07-10,"TSLA,XOM","AMZN,GOOGL",5
2020-06-18,0.006562023884838647,0.0,0.006562023884838647,2020-06-12,2020-07-10,"TSLA,XOM","AMZN,GOOGL",5
2020-06-19,-0.006098874731491871,0.0,-0.006098874731491871,2020-06-12,2020-07-10,"TSLA,XOM","AMZN,GOOGL",5
2020-06-22,-0.007444262816253544,0.0,-0.007444262816253544,2020-06-12,2020-07-10,"TSLA,XOM","AMZN,GOOGL",5
2020-06-23,-0.003572253053288732,0.0,-0.003572253053288732,2020-06-12,2020-07-10,"TSLA,XOM","AMZN,GOOGL",5
2020-06-24,-0.01393611984840104,0.0,-0.01393611984840104,2020-06-12,2020-07-10,"TSLA,XOM","AMZN,GOOGL",5
2020-06-25,0.0069917800223675,0.0,0.0069917800223675,2020-06-12,2020-07-10,"TSLA,XOM","AMZN,GOOGL",5
2020-06-26,0.003997196051512691,0.0,0.003997196051512691,2020-06-12,2020-07-10,"TSLA,XOM","AMZN,GOOGL",5
2020-06-29,0.011740305098180526,0.0,0.011740305098180526,2020-06-12,2020-07-10,"TSLA,XOM","AMZN,GOOGL",5
2020-06-30,0.008655870164368196,0.0,0.008655870164368196,2020-06-12,2020-07-10,"TSLA,XOM","AMZN,GOOGL",5
2020-07-01,-0.01151273574880754,0.0,-0.01151273574880754,2020-06-12,2020-07-10,"TSLA,XOM","AMZN,GOOGL",5
2020-07-02,0.01614594858681101,0.0,0.01614594858681101,2020-06-12,2020-07-10,"TSLA,XOM","AMZN,GOOGL",5
2020-07-06,0.015979619609888585,0.0,0.015979619609888585,2020-06-12,2020-07-10,"TSLA,XOM","AMZN,GOOGL",5
2020-07-07,0.003132121989829484,0.0,0.003132121989829484,2020-06-12,2020-07-10,"TSLA,XOM","AMZN,GOOGL",5
2020-07-08,-0.013935907064418662,0.0,-0.013935907064418662,2020-06-12,2020-07-10,"TSLA,XOM","AMZN,GOOGL",5
2020-07-09,-0.01585844476331194,0.0,-0.01585844476331194,2020-06-12,2020-07-10,"TSLA,XOM","AMZN,GOOGL",5
2020-07-10,0.03004495021107839,0.001,0.02904495021107839,2020-06-12,2020-07-10,"TSLA,XOM","AMZN,GOOGL",5
2020-07-16,-0.003600949130217329,0.001,-0.004600949130217329,2020-07-16,2020-08-12,"TSLA,XOM","AMZN,MSFT",6
2020-07-17,0.00017841383904909636,0.0,0.00017841383904909636,2020-07-16,2020-08-12,"TSLA,XOM","AMZN,MSFT",6
2020-07-20,-0.012748308363158795,0.0,-0.012748308363158795,2020-07-16,2020-08-12,"TSLA,XOM","AMZN,MSFT",6
2020-07-21,0.009235641851760956,0.0,0.009235641851760956,2020-07-16,2020-08-12,"TSLA,XOM","AMZN,MSFT",6
2020-07-22,-0.0025376101924516614,0.0,-0.0025376101924516614,2020-07-16,2020-08-12,"TSLA,XOM","AMZN,MSFT",6
2020-07-23,0.008087773613573157,0.0,0.008087773613573157,2020-07-16,2020-08-12,"TSLA,XOM","AMZN,MSFT",6
2020-07-24,-0.017759104995770797,0.0,-0.017759104995770797,2020-07-16,2020-08-12,"TSLA,XOM","AMZN,MSFT",6
2020-07-27,0.01830041472920163,0.0,0.01830041472920163,2020-07-16,2020-08-12,"TSLA,XOM","AMZN,MSFT",6
2020-07-28,-0.006462699885148138,0.0,-0.006462699885148138,2020-07-16,2020-08-12,"TSLA,XOM","AMZN,MSFT",6
2020-07-29,0.0012947374936555511,0.0,0.0012947374936555511,2020-07-16,2020-08-12,"TSLA,XOM","AMZN,MSFT",6
2020-07-30,-0.015518397259038114,0.0,-0.015518397259038114,2020-07-16,2020-08-12,"TSLA,XOM","AMZN,MSFT",6
2020-07-31,-0.018881861772332226,0.0,-0.018881861772332226,2020-07-16,2020-08-12,"TSLA,XOM","AMZN,MSFT",6
2020-08-03,0.0005974624755683555,0.0,0.0005974624755683555,2020-07-16,2020-08-12,"TSLA,XOM","AMZN,MSFT",6
2020-08-04,0.009143525002506314,0.0,0.009143525002506314,2020-07-16,2020-08-12,"TSLA,XOM","AMZN,MSFT",6
2020-08-05,-0.0030099205609316337,0.0,-0.0030099205609316337,2020-07-16,2020-08-12,"TSLA,XOM","AMZN,MSFT",6
2020-08-06,-0.005990776928199576,0.0,-0.005990776928199576,2020-07-16,2020-08-12,"TSLA,XOM","AMZN,MSFT",6
2020-08-07,0.0015986845474829925,0.0,0.0015986845474829925,2020-07-16,2020-08-12,"TSLA,XOM","AMZN,MSFT",6
2020-08-10,0.006782887754082645,0.0,0.006782887754082645,2020-07-16,2020-08-12,"TSLA,XOM","AMZN,MSFT",6
2020-08-11,0.006003509924243949,0.0,0.006003509924243949,2020-07-16,2020-08-12,"TSLA,XOM","AMZN,MSFT",6
2020-08-12,0.0189911546745139,0.001,0.0179911546745139,2020-07-16,2020-08-12,"TSLA,XOM","AMZN,MSFT",6
2020-08-13,0.008291592704964795,0.001,0.007291592704964795,2020-08-13,2020-09-10,"JPM,TSLA","GOOGL,MSFT",6
2020-08-14,0.006421515795603544,0.0,0.006421515795603544,2020-08-13,2020-09-10,"JPM,TSLA","GOOGL,MSFT",6
2020-08-17,0.017835941686630025,0.0,0.017835941686630025,2020-08-13,2020-09-10,"JPM,TSLA","GOOGL,MSFT",6
2020-08-18,-0.004435989458492051,0.0,-0.004435989458492051,2020-08-13,2020-09-10,"JPM,TSLA","GOOGL,MSFT",6
2020-08-19,0.0027624574842123883,0.0,0.0027624574842123883,2020-08-13,2020-09-10,"JPM,TSLA","GOOGL,MSFT",6
2020-08-20,0.0024768119488520757,0.0,0.0024768119488520757,2020-08-13,2020-09-10,"JPM,TSLA","GOOGL,MSFT",6
2020-08-21,0.007810166937633922,0.0,0.007810166937633922,2020-08-13,2020-09-10,"JPM,TSLA","GOOGL,MSFT",6
2020-08-24,0.00036881332809360345,0.0,0.00036881332809360345,2020-08-13,2020-09-10,"JPM,TSLA","GOOGL,MSFT",6
2020-08-25,-0.0042832819878739214,0.0,-0.0042832819878739214,2020-08-13,2020-09-10,"JPM,TSLA","GOOGL,MSFT",6
2020-08-26,0.0011697221372559685,0.0,0.0011697221372559685,2020-08-13,2020-09-10,"JPM,TSLA","GOOGL,MSFT",6
2020-08-27,0.014396680620635732,0.0,0.014396680620635732,2020-08-13,2020-09-10,"JPM,TSLA","GOOGL,MSFT",6
2020-08-28,-0.0060506102397762385,0.0,-0.0060506102397762385,2020-08-13,2020-09-10,"JPM,TSLA","GOOGL,MSFT",6
2020-08-31,0.03034715781960537,0.0,0.03034715781960537,2020-08-13,2020-09-10,"JPM,TSLA","GOOGL,MSFT",6
2020-09-01,-0.017647652755327037,0.0,-0.017647652755327037,2020-08-13,2020-09-10,"JPM,TSLA","GOOGL,MSFT",6
2020-09-02,-0.02502714090303776,0.0,-0.02502714090303776,2020-08-13,2020-09-10,"JPM,TSLA","GOOGL,MSFT",6
2020-09-03,0.004932735779951236,0.0,0.004932735779951236,2020-08-13,2020-09-10,"JPM,TSLA","GOOGL,MSFT",6
2020-09-04,0.023275700932053056,0.0,0.023275700932053056,2020-08-13,2020-09-10,"JPM,TSLA","GOOGL,MSFT",6
2020-09-08,-0.038718599776043305,0.0,-0.038718599776043305,2020-08-13,2020-09-10,"JPM,TSLA","GOOGL,MSFT",6
2020-09-09,0.01516202540074929,0.0,0.01516202540074929,2020-08-13,2020-09-10,"JPM,TSLA","GOOGL,MSFT",6
2020-09-10,0.011302890308833025,0.001,0.010302890308833024,2020-08-13,2020-09-10,"JPM,TSLA","GOOGL,MSFT",6
2020-09-11,-0.0044906523205883175,0.001,-0.0054906523205883176,2020-09-11,2020-10-08,"NVDA,TSLA","JPM,XOM",6
2020-09-14,0.044166484226177,0.0,0.044166484226177,2020-09-11,2020-10-08,"NVDA,TSLA","JPM,XOM",6
2020-09-15,0.030705440894405522,0.0,0.030705440894405522,2020-09-11,2020-10-08,"NVDA,TSLA","JPM,XOM",6
2020-09-16,-0.025289214297873452,0.0,-0.025289214297873452,2020-09-11,2020-10-08,"NVDA,TSLA","JPM,XOM",6
2020-09-17,-0.00846736384331509,0.0,-0.00846736384331509,2020-09-11,2020-10-08,"NVDA,TSLA","JPM,XOM",6
2020-09-18,0.0101187218240755,0.0,0.0101187218240755,2020-09-11,2020-10-08,"NVDA,TSLA","JPM,XOM",6
2020-09-21,0.023657099966760492,0.0,0.023657099966760492,2020-09-11,2020-10-08,"NVDA,TSLA","JPM,XOM",6
2020-09-22,-0.002685859816443009,0.0,-0.002685859816443009,2020-09-11,2020-10-08,"NVDA,TSLA","JPM,XOM",6
2020-09-23,-0.02394173687591311,0.0,-0.02394173687591311,2020-09-11,2020-10-08,"NVDA,TSLA","JPM,XOM",6
2020-09-24,0.010232261884811134,0.0,0.010232261884811134,2020-09-11,2020-10-08,"NVDA,TSLA","JPM,XOM",6
2020-09-25,0.018731439704088082,0.0,0.018731439704088082,2020-09-11,2020-10-08,"NVDA,TSLA","JPM,XOM",6
2020-09-28,-0.00039252658097277404,0.0,-0.00039252658097277404,2020-09-11,2020-10-08,"NVDA,TSLA","JPM,XOM",6
2020-09-29,0.011792661803011445,0.0,0.011792661803011445,2020-09-11,2020-10-08,"NVDA,TSLA","JPM,XOM",6
2020-09-30,0.008913450940897127,0.0,0.008913450940897127,2020-09-11,2020-10-08,"NVDA,TSLA","JPM,XOM",6
2020-10-01,0.01963245962797261,0.0,0.01963245962797261,2020-09-11,2020-10-08,"NVDA,TSLA","JPM,XOM",6
2020-10-02,-0.029828521214493142,0.0,-0.029828521214493142,2020-09-11,2020-10-08,"NVDA,TSLA","JPM,XOM",6
2020-10-05,0.006438477909252116,0.0,0.006438477909252116,2020-09-11,2020-10-08,"NVDA,TSLA","JPM,XOM",6
2020-10-06,1.93812248944214e-05,0.0,1.93812248944214e-05,2020-09-11,2020-10-08,"NVDA,TSLA","JPM,XOM",6
2020-10-07,0.005791480735166887,0.0,0.005791480735166887,2020-09-11,2020-10-08,"NVDA,TSLA","JPM,XOM",6
2020-10-08,-0.020151047367809427,0.001,-0.021151047367809428,2020-09-11,2020-10-08,"NVDA,TSLA","JPM,XOM",6
2020-10-16,-0.004909704963227429,0.001,-0.005909704963227429,2020-10-16,2020-11-12,"NVDA,TSLA","JPM,XOM",7
2020-10-19,-0.0015089834187106965,0.0,-0.0015089834187106965,2020-10-16,2020-11-12,"NVDA,TSLA","JPM,XOM",7
2020-10-20,-0.005944392864695752,0.0,-0.005944392864695752,2020-10-16,2020-11-12,"NVDA,TSLA","JPM,XOM",7
2020-10-21,0.004699086486176146,0.0,0.004699086486176146,2020-10-16,2020-11-12,"NVDA,TSLA","JPM,XOM",7
2020-10-22,-0.022810777143345035,0.0,-0.022810777143345035,2020-10-16,2020-11-12,"NVDA,TSLA","JPM,XOM",7
2020-10-23,0.004020113828629851,0.0,0.004020113828629851,2020-10-16,2020-11-12,"NVDA,TSLA","JPM,XOM",7
2020-10-26,0.0036494943549573444,0.0,0.0036494943549573444,2020-10-16,2020-11-12,"NVDA,TSLA","JPM,XOM",7
2020-10-27,0.016167490400705475,0.0,0.016167490400705475,2020-10-16,2020-11-12,"NVDA,TSLA","JPM,XOM",7
2020-10-28,-0.00880559209701623,0.0,-0.00880559209701623,2020-10-16,2020-11-12,"NVDA,TSLA","JPM,XOM",7
2020-10-29,-0.0018960820345519935,0.0,-0.0018960820345519935,2020-10-16,2020-11-12,"NVDA,TSLA","JPM,XOM",7
2020-10-30,-0.022858334692196003,0.0,-0.022858334692196003,2020-10-16,2020-11-12,"NVDA,TSLA","JPM,XOM",7
2020-11-02,-0.0071688731557373875,0.0,-0.0071688731557373875,2020-10-16,2020-11-12,"NVDA,TSLA","JPM,XOM",7
2020-11-03,0.019704586421827597,0.0,0.019704586421827597,2020-10-16,2020-11-12,"NVDA,TSLA","JPM,XOM",7
2020-11-04,0.022140901730541007,0.0,0.022140901730541007,2020-10-16,2020-11-12,"NVDA,TSLA","JPM,XOM",7
2020-11-05,0.007016465265897998,0.0,0.007016465265897998,2020-10-16,2020-11-12,"NVDA,TSLA","JPM,XOM",7
2020-11-06,0.008721863587132617,0.0,0.008721863587132617,2020-10-16,2020-11-12,"NVDA,TSLA","JPM,XOM",7
2020-11-09,-0.08653912694475277,0.0,-0.08653912694475277,2020-10-16,2020-11-12,"NVDA,TSLA","JPM,XOM",7
2020-11-10,-0.0269891785565185,0.0,-0.0269891785565185,2020-10-16,2020-11-12,"NVDA,TSLA","JPM,XOM",7
2020-11-11,0.02312106152510865,0.0,0.02312106152510865,2020-10-16,2020-11-12,"NVDA,TSLA","JPM,XOM",7
2020-11-12,0.00914088015103598,0.001,0.008140880151035979,2020-10-16,2020-11-12,"NVDA,TSLA","JPM,XOM",7
2020-11-13,-0.0017324582984544201,0.001,-0.00273245829845442,2020-11-13,2020-12-11,"GOOGL,JPM","AMZN,XOM",7
2020-11-16,-0.0072860792886244585,0.0,-0.0072860792886244585,2020-11-13,2020-12-11,"GOOGL,JPM","AMZN,XOM",7
2020-11-17,-0.007987921617309934,0.0,-0.007987921617309934,2020-11-13,2020-12-11,"GOOGL,JPM","AMZN,XOM",7
2020-11-18,0.0070119636148748,0.0,0.0070119636148748,2020-11-13,2020-12-11,"GOOGL,JPM","AMZN,XOM",7
2020-11-19,0.0010404298653551303,0.0,0.0010404298653551303,2020-11-13,2020-12-11,"GOOGL,JPM","AMZN,XOM",7
2020-11-20,-0.0008082434185138487,0.0,-0.0008082434185138487,2020-11-13,2020-12-11,"GOOGL,JPM","AMZN,XOM",7
2020-11-23,-0.010365539934299894,0.0,-0.010365539934299894,2020-11-13,2020-12-11,"GOOGL,JPM","AMZN,XOM",7
2020-11-24,-0.0014100734220157674,0.0,-0.0014100734220157674,2020-11-13,2020-12-11,"GOOGL,JPM","AMZN,XOM",7
2020-11-25,-0.000987730930008368,0.0,-0.000987730930008368,2020-11-13,2020-12-11,"GOOGL,JPM","AMZN,XOM",7
2020-11-27,0.004576437434387709,0.0,0.004576437434387709,2020-11-13,2020-12-11,"GOOGL,JPM","AMZN,XOM",7
2020-11-30,0.0034982617160886076,0.0,0.0034982617160886076,2020-11-13,2020-12-11,"GOOGL,JPM","AMZN,XOM",7
2020-12-01,0.0032488399881702157,0.0,0.0032488399881702157,2020-11-13,2020-12-11,"GOOGL,JPM","AMZN,XOM",7
2020-12-02,0.0008594988806854276,0.0,0.0008594988806854276,2020-11-13,2020-12-11,"GOOGL,JPM","AMZN,XOM",7
2020-12-03,-0.002446493311092396,0.0,-0.002446493311092396,2020-11-13,2020-12-11,"GOOGL,JPM","AMZN,XOM",7
2020-12-04,-0.004713354119587676,0.0,-0.004713354119587676,2020-11-13,2020-12-11,"GOOGL,JPM","AMZN,XOM",7
2020-12-07,0.003178089081775498,0.0,0.003178089081775498,2020-11-13,2020-12-11,"GOOGL,JPM","AMZN,XOM",7
2020-12-08,-0.010255905555975692,0.0,-0.010255905555975692,2020-11-13,2020-12-11,"GOOGL,JPM","AMZN,XOM",7
2020-12-09,-0.004129762509170243,0.0,-0.004129762509170243,2020-11-13,2020-12-11,"GOOGL,JPM","AMZN,XOM",7
2020-12-10,-0.009896057231286476,0.0,-0.009896057231286476,2020-11-13,2020-12-11,"GOOGL,JPM","AMZN,XOM",7
2020-12-11,-0.0004751531723732605,0.001,-0.0014751531723732605,2020-11-13,2020-12-11,"GOOGL,JPM","AMZN,XOM",7
2020-12-14,-0.0011433260890458263,0.001,-0.0021433260890458264,2020-12-14,2021-01-12,"TSLA,XOM","AMZN,MSFT",7
2020-12-15,0.0017207983356795076,0.0,0.0017207983356795076,2020-12-14,2021-01-12,"TSLA,XOM","AMZN,MSFT",7
2020-12-16,-0.012306779236495813,0.0,-0.012306779236495813,2020-12-14,2021-01-12,"TSLA,XOM","AMZN,MSFT",7
2020-12-17,0.01225770258072656,0.0,0.01225770258072656,2020-12-14,2021-01-12,"TSLA,XOM","AMZN,MSFT",7
2020-12-18,0.014196324038884545,0.0,0.014196324038884545,2020-12-14,2021-01-12,"TSLA,XOM","AMZN,MSFT",7
2020-12-21,-0.02572935962876008,0.0,-0.02572935962876008,2020-12-14,2021-01-12,"TSLA,XOM","AMZN,MSFT",7
2020-12-22,-0.0094362880276401,0.0,-0.0094362880276401,2020-12-14,2021-01-12,"TSLA,XOM","AMZN,MSFT",7
2020-12-23,0.010331401256999495,0.0,0.010331401256999495,2020-12-14,2021-01-12,"TSLA,XOM","AMZN,MSFT",7
2020-12-24,0.004123935319990779,0.0,0.004123935319990779,2020-12-14,2021-01-12,"TSLA,XOM","AMZN,MSFT",7
2020-12-28,-0.00968149213602515,0.0,-0.00968149213602515,2020-12-14,2021-01-12,"TSLA,XOM","AMZN,MSFT",7
2020-12-29,-0.003944421185570174,0.0,-0.003944421185570174,2020-12-14,2021-01-12,"TSLA,XOM","AMZN,MSFT",7
2020-12-30,0.018281555680009415,0.0,0.018281555680009415,2020-12-14,2021-01-12,"TSLA,XOM","AMZN,MSFT",7
2020-12-31,0.003000703245096409,0.0,0.003000703245096409,2020-12-14,2021-01-12,"TSLA,XOM","AMZN,MSFT",7
2021-01-04,0.020948917151879742,0.0,0.020948917151879742,2020-12-14,2021-01-12,"TSLA,XOM","AMZN,MSFT",7
2021-01-05,0.011135300211803256,0.0,0.011135300211803256,2020-12-14,2021-01-12,"TSLA,XOM","AMZN,MSFT",7
2021-01-06,0.026183276866204225,0.0,0.026183276866204225,2020-12-14,2021-01-12,"TSLA,XOM","AMZN,MSFT",7
2021-01-07,0.012814516235448048,0.0,0.012814516235448048,2020-12-14,2021-01-12,"TSLA,XOM","AMZN,MSFT",7
2021-01-08,0.01923394269681733,0.0,0.01923394269681733,2020-12-14,2021-01-12,"TSLA,XOM","AMZN,MSFT",7
2021-01-11,-0.00415993127829839,0.0,-0.00415993127829839,2020-12-14,2021-01-12,"TSLA,XOM","AMZN,MSFT",7
2021-01-12,0.019750390957744696,0.001,0.018750390957744695,2020-12-14,2021-01-12,"TSLA,XOM","AMZN,MSFT",7
2021-01-19,0.0020729089854967797,0.001,0.0010729089854967797,2021-01-19,2021-02-16,"AVGO,TSLA","AMZN,META",8
2021-01-20,-0.014366627741015159,0.0,-0.014366627741015159,2021-01-19,2021-02-16,"AVGO,TSLA","AMZN,META",8
2021-01-21,-0.00730987544938641,0.0,-0.00730987544938641,2021-01-19,2021-02-16,"AVGO,TSLA","AMZN,META",8
2021-01-22,-0.0008532323702684919,0.0,-0.0008532323702684919,2021-01-19,2021-02-16,"AVGO,TSLA","AMZN,META",8
2021-01-25,0.006632022156243228,0.0,0.006632022156243228,2021-01-19,2021-02-16,"AVGO,TSLA","AMZN,META",8
2021-01-26,-0.005916289739183761,0.0,-0.005916289739183761,2021-01-19,2021-02-16,"AVGO,TSLA","AMZN,META",8
2021-01-27,0.0001248385830929788,0.0,0.0001248385830929788,2021-01-19,2021-02-16,"AVGO,TSLA","AMZN,META",8
2021-01-28,0.0018153968998592673,0.0,0.0018153968998592673,2021-01-19,2021-02-16,"AVGO,TSLA","AMZN,META",8
2021-01-29,-0.004506070544237961,0.0,-0.004506070544237961,2021-01-19,2021-02-16,"AVGO,TSLA","AMZN,META",8
2021-02-01,0.009373898843176354,0.0,0.009373898843176354,2021-01-19,2021-02-16,"AVGO,TSLA","AMZN,META",8
2021-02-02,0.0076353105343152095,0.0,0.0076353105343152095,2021-01-19,2021-02-16,"AVGO,TSLA","AMZN,META",8
2021-02-03,-0.005920011480927134,0.0,-0.005920011480927134,2021-01-19,2021-02-16,"AVGO,TSLA","AMZN,META",8
2021-02-04,0.0003047948461618599,0.0,0.0003047948461618599,2021-01-19,2021-02-16,"AVGO,TSLA","AMZN,META",8
2021-02-05,-0.004893012109496109,0.0,-0.004893012109496109,2021-01-19,2021-02-16,"AVGO,TSLA","AMZN,META",8
2021-02-08,0.010467333986930949,0.0,0.010467333986930949,2021-01-19,2021-02-16,"AVGO,TSLA","AMZN,META",8
2021-02-09,-0.004363138367006303,0.0,-0.004363138367006303,2021-01-19,2021-02-16,"AVGO,TSLA","AMZN,META",8
2021-02-10,-0.01640209846401025,0.0,-0.01640209846401025,2021-01-19,2021-02-16,"AVGO,TSLA","AMZN,META",8
2021-02-11,0.009781181776072345,0.0,0.009781181776072345,2021-01-19,2021-02-16,"AVGO,TSLA","AMZN,META",8
2021-02-12,0.004222111752958668,0.0,0.004222111752958668,2021-01-19,2021-02-16,"AVGO,TSLA","AMZN,META",8
2021-02-16,-0.007190231365544891,0.001,-0.008190231365544892,2021-01-19,2021-02-16,"AVGO,TSLA","AMZN,META",8
2021-02-17,-0.0012865751630830036,0.001,-0.0022865751630830036,2021-02-17,2021-03-16,"JPM,TSLA","AMZN,META",8
2021-02-18,-0.00018961824877486433,0.0,-0.00018961824877486433,2021-02-17,2021-03-16,"JPM,TSLA","AMZN,META",8
2021-02-19,0.015392485754380875,0.0,0.015392485754380875,2021-02-17,2021-03-16,"JPM,TSLA","AMZN,META",8
2021-02-22,-0.012531171869417296,0.0,-0.012531171869417296,2021-02-17,2021-03-16,"JPM,TSLA","AMZN,META",8
2021-02-23,-0.009863542901468958,0.0,-0.009863542901468958,2021-02-17,2021-03-16,"JPM,TSLA","AMZN,META",8
2021-02-24,0.024040103946791597,0.0,0.024040103946791597,2021-02-17,2021-03-16,"JPM,TSLA","AMZN,META",8
2021-02-25,-0.006341425402555223,0.0,-0.006341425402555223,2021-02-17,2021-03-16,"JPM,TSLA","AMZN,META",8
2021-02-26,-0.014894816657656407,0.0,-0.014894816657656407,2021-02-17,2021-03-16,"JPM,TSLA","AMZN,META",8
2021-03-01,0.010169563538634907,0.0,0.010169563538634907,2021-02-17,2021-03-16,"JPM,TSLA","AMZN,META",8
2021-03-02,-0.0022674309195464537,0.0,-0.0022674309195464537,2021-02-17,2021-03-16,"JPM,TSLA","AMZN,META",8
2021-03-03,0.0034252316898815693,0.0,0.0034252316898815693,2021-02-17,2021-03-16,"JPM,TSLA","AMZN,META",8
2021-03-04,-0.01589832180058659,0.0,-0.01589832180058659,2021-02-17,2021-03-16,"JPM,TSLA","AMZN,META",8
2021-03-05,-0.017233589153318157,0.0,-0.017233589153318157,2021-02-17,2021-03-16,"JPM,TSLA","AMZN,META",8
2021-03-08,0.0012278973773147406,0.0,0.0012278973773147406,2021-02-17,2021-03-16,"JPM,TSLA","AMZN,META",8
2021-03-09,0.027732217800513798,0.0,0.027732217800513798,2021-02-17,2021-03-16,"JPM,TSLA","AMZN,META",8
2021-03-10,0.0046004385581156215,0.0,0.0046004385581156215,2021-02-17,2021-03-16,"JPM,TSLA","AMZN,META",8
2021-03-11,-0.0025520884210801786,0.0,-0.0025520884210801786,2021-02-17,2021-03-16,"JPM,TSLA","AMZN,META",8
2021-03-12,0.007804173578764451,0.0,0.007804173578764451,2021-02-17,2021-03-16,"JPM,TSLA","AMZN,META",8
2021-03-15,-0.00047910774862516825,0.0,-0.00047910774862516825,2021-02-17,2021-03-16,"JPM,TSLA","AMZN,META",8
2021-03-16,-0.019837301918182337,0.001,-0.020837301918182338,2021-02-17,2021-03-16,"JPM,TSLA","AMZN,META",8
2021-03-17,0.005819648242669007,0.001,0.004819648242669007,2021-03-17,2021-04-14,"TSLA,XOM","AMZN,NVDA",8
2021-03-18,-0.007925660260777123,0.0,-0.007925660260777123,2021-03-17,2021-04-14,"TSLA,XOM","AMZN,NVDA",8
2021-03-19,-0.007053587233801978,0.0,-0.007053587233801978,2021-03-17,2021-04-14,"TSLA,XOM","AMZN,NVDA",8
2021-03-22,-0.006337127063542863,0.0,-0.006337127063542863,2021-03-17,2021-04-14,"TSLA,XOM","AMZN,NVDA",8
2021-03-23,-0.00596097481769961,0.0,-0.00596097481769961,2021-03-17,2021-04-14,"TSLA,XOM","AMZN,NVDA",8
2021-03-24,0.005230227503324664,0.0,0.005230227503324664,2021-03-17,2021-04-14,"TSLA,XOM","AMZN,NVDA",8
2021-03-25,0.008739738776648187,0.0,0.008739738776648187,2021-03-17,2021-04-14,"TSLA,XOM","AMZN,NVDA",8
2021-03-26,-0.008191536770439406,0.0,-0.008191536770439406,2021-03-17,2021-04-14,"TSLA,XOM","AMZN,NVDA",8
2021-03-29,-0.008404806940946224,0.0,-0.008404806940946224,2021-03-17,2021-04-14,"TSLA,XOM","AMZN,NVDA",8
2021-03-30,0.0099963821091823,0.0,0.0099963821091823,2021-03-17,2021-04-14,"TSLA,XOM","AMZN,NVDA",8
2021-03-31,-0.0035132868624004887,0.0,-0.0035132868624004887,2021-03-17,2021-04-14,"TSLA,XOM","AMZN,NVDA",8
2021-04-01,-0.009415659473680754,0.0,-0.009415659473680754,2021-03-17,2021-04-14,"TSLA,XOM","AMZN,NVDA",8
2021-04-05,-0.0011875173705863107,0.0,-0.0011875173705863107,2021-03-17,2021-04-14,"TSLA,XOM","AMZN,NVDA",8
2021-04-06,0.001975687179096075,0.0,0.001975687179096075,2021-03-17,2021-04-14,"TSLA,XOM","AMZN,NVDA",8
2021-04-07,-0.015750362566029158,0.0,-0.015750362566029158,2021-03-17,2021-04-14,"TSLA,XOM","AMZN,NVDA",8
2021-04-08,-0.002410651602415076,0.0,-0.002410651602415076,2021-03-17,2021-04-14,"TSLA,XOM","AMZN,NVDA",8
2021-04-09,-0.010032351426383784,0.0,-0.010032351426383784,2021-03-17,2021-04-14,"TSLA,XOM","AMZN,NVDA",8
2021-04-12,-0.0070169841479698625,0.0,-0.0070169841479698625,2021-03-17,2021-04-14,"TSLA,XOM","AMZN,NVDA",8
2021-04-13,0.013176565975953347,0.0,0.013176565975953347,2021-03-17,2021-04-14,"TSLA,XOM","AMZN,NVDA",8
2021-04-14,0.008701086641909273,0.001,0.0077010866419092725,2021-03-17,2021-04-14,"TSLA,XOM","AMZN,NVDA",8
2021-04-16,-0.004628916353432516,0.001,-0.005628916353432516,2021-04-16,2021-05-13,"GOOGL,NVDA","AAPL,AMZN",9
2021-04-19,-0.007134938234153065,0.0,-0.007134938234153065,2021-04-16,2021-05-13,"GOOGL,NVDA","AAPL,AMZN",9
2021-04-20,0.0017004995663126854,0.0,0.0017004995663126854,2021-04-16,2021-05-13,"GOOGL,NVDA","AAPL,AMZN",9
2021-04-21,0.0002646004876424024,0.0,0.0002646004876424024,2021-04-16,2021-05-13,"GOOGL,NVDA","AAPL,AMZN",9
2021-04-22,-0.004277873381121788,0.0,-0.004277873381121788,2021-04-16,2021-05-13,"GOOGL,NVDA","AAPL,AMZN",9
2021-04-23,0.005333118356032951,0.0,0.005333118356032951,2021-04-16,2021-05-13,"GOOGL,NVDA","AAPL,AMZN",9
2021-04-26,-0.0012706844155601638,0.0,-0.0012706844155601638,2021-04-16,2021-05-13,"GOOGL,NVDA","AAPL,AMZN",9
2021-04-27,-0.0036114250308328655,0.0,-0.0036114250308328655,2021-04-16,2021-05-13,"GOOGL,NVDA","AAPL,AMZN",9
2021-04-28,0.004222735628822943,0.0,0.004222735628822943,2021-04-16,2021-05-13,"GOOGL,NVDA","AAPL,AMZN",9
2021-04-29,0.0036202323548686632,0.0,0.0036202323548686632,2021-04-16,2021-05-13,"GOOGL,NVDA","AAPL,AMZN",9
2021-04-30,-0.005181258983943365,0.0,-0.005181258983943365,2021-04-16,2021-05-13,"GOOGL,NVDA","AAPL,AMZN",9
2021-05-03,-0.00020307063211613685,0.0,-0.00020307063211613685,2021-04-16,2021-05-13,"GOOGL,NVDA","AAPL,AMZN",9
2021-05-04,0.002306566144248956,0.0,0.002306566144248956,2021-04-16,2021-05-13,"GOOGL,NVDA","AAPL,AMZN",9
2021-05-05,0.005359807091666974,0.0,0.005359807091666974,2021-04-16,2021-05-13,"GOOGL,NVDA","AAPL,AMZN",9
2021-05-06,-0.002385532949566005,0.0,-0.002385532949566005,2021-04-16,2021-05-13,"GOOGL,NVDA","AAPL,AMZN",9
2021-05-07,0.006322775728311164,0.0,0.006322775728311164,2021-04-16,2021-05-13,"GOOGL,NVDA","AAPL,AMZN",9
2021-05-10,-0.0014893799988664747,0.0,-0.0014893799988664747,2021-04-16,2021-05-13,"GOOGL,NVDA","AAPL,AMZN",9
2021-05-11,-0.0024224861436018263,0.0,-0.0024224861436018263,2021-04-16,2021-05-13,"GOOGL,NVDA","AAPL,AMZN",9
2021-05-12,-0.005444423539873566,0.0,-0.005444423539873566,2021-04-16,2021-05-13,"GOOGL,NVDA","AAPL,AMZN",9
2021-05-13,-0.003658990324565764,0.001,-0.004658990324565764,2021-04-16,2021-05-13,"GOOGL,NVDA","AAPL,AMZN",9
2021-05-14,-0.0042086215113954495,0.001,-0.0052086215113954495,2021-05-14,2021-06-11,"JPM,XOM","AVGO,TSLA",9
2021-05-17,0.01327153755093477,0.0,0.01327153755093477,2021-05-14,2021-06-11,"JPM,XOM","AVGO,TSLA",9
2021-05-18,-0.00752471126166479,0.0,-0.00752471126166479,2021-05-14,2021-06-11,"JPM,XOM","AVGO,TSLA",9
2021-05-19,-0.006273608230392441,0.0,-0.006273608230392441,2021-05-14,2021-06-11,"JPM,XOM","AVGO,TSLA",9
2021-05-20,-0.01889085823043568,0.0,-0.01889085823043568,2021-05-14,2021-06-11,"JPM,XOM","AVGO,TSLA",9
2021-05-21,0.007764252815159606,0.0,0.007764252815159606,2021-05-14,2021-06-11,"JPM,XOM","AVGO,TSLA",9
2021-05-24,-0.011124938485240987,0.0,-0.011124938485240987,2021-05-14,2021-06-11,"JPM,XOM","AVGO,TSLA",9
2021-05-25,-0.007714285191780579,0.0,-0.007714285191780579,2021-05-14,2021-06-11,"JPM,XOM","AVGO,TSLA",9
2021-05-26,-0.003599749460013152,0.0,-0.003599749460013152,2021-05-14,2021-06-11,"JPM,XOM","AVGO,TSLA",9
2021-05-27,-0.006354851226573782,0.0,-0.006354851226573782,2021-05-14,2021-06-11,"JPM,XOM","AVGO,TSLA",9
2021-05-28,-0.0012329078498756196,0.0,-0.0012329078498756196,2021-05-14,2021-06-11,"JPM,XOM","AVGO,TSLA",9
2021-06-01,0.014362167332384851,0.0,0.014362167332384851,2021-05-14,2021-06-11,"JPM,XOM","AVGO,TSLA",9
2021-06-02,0.006631644969162548,0.0,0.006631644969162548,2021-05-14,2021-06-11,"JPM,XOM","AVGO,TSLA",9
2021-06-03,0.01919903366609141,0.0,0.01919903366609141,2021-05-14,2021-06-11,"JPM,XOM","AVGO,TSLA",9
2021-06-04,-0.015415312891983113,0.0,-0.015415312891983113,2021-05-14,2021-06-11,"JPM,XOM","AVGO,TSLA",9
2021-06-07,0.0005688958189666582,0.0,0.0005688958189666582,2021-05-14,2021-06-11,"JPM,XOM","AVGO,TSLA",9
2021-06-08,0.004197581680074586,0.0,0.004197581680074586,2021-05-14,2021-06-11,"JPM,XOM","AVGO,TSLA",9
2021-06-09,0.0007476811505203462,0.0,0.0007476811505203462,2021-05-14,2021-06-11,"JPM,XOM","AVGO,TSLA",9
2021-06-10,-0.01078697295565123,0.0,-0.01078697295565123,2021-05-14,2021-06-11,"JPM,XOM","AVGO,TSLA",9
2021-06-11,-0.003470837954011957,0.001,-0.004470837954011957,2021-05-14,2021-06-11,"JPM,XOM","AVGO,TSLA",9
2021-06-14,-0.004703172432399705,0.001,-0.005703172432399705,2021-06-14,2021-07-12,"GOOGL,NVDA","AAPL,TSLA",9
2021-06-15,0.003738695747750015,0.0,0.003738695747750015,2021-06-14,2021-07-12,"GOOGL,NVDA","AAPL,TSLA",9
2021-06-16,-0.004308152736862969,0.0,-0.004308152736862969,2021-06-14,2021-07-12,"GOOGL,NVDA","AAPL,TSLA",9
2021-06-17,0.005900829539705388,0.0,0.005900829539705388,2021-06-14,2021-07-12,"GOOGL,NVDA","AAPL,TSLA",9
2021-06-18,-0.00379785341433872,0.0,-0.00379785341433872,2021-06-14,2021-07-12,"GOOGL,NVDA","AAPL,TSLA",9
2021-06-21,-0.0018265695725447895,0.0,-0.0018265695725447895,2021-06-14,2021-07-12,"GOOGL,NVDA","AAPL,TSLA",9
2021-06-22,0.002962633516944091,0.0,0.002962633516944091,2021-06-14,2021-07-12,"GOOGL,NVDA","AAPL,TSLA",9
2021-06-23,-0.010807686082006052,0.0,-0.010807686082006052,2021-06-14,2021-07-12,"GOOGL,NVDA","AAPL,TSLA",9
2021-06-24,-0.005602245509210457,0.0,-0.005602245509210457,2021-06-14,2021-07-12,"GOOGL,NVDA","AAPL,TSLA",9
2021-06-25,0.0012317663552893487,0.0,0.0012317663552893487,2021-06-14,2021-07-12,"GOOGL,NVDA","AAPL,TSLA",9
2021-06-28,0.003181877947382672,0.0,0.003181877947382672,2021-06-14,2021-07-12,"GOOGL,NVDA","AAPL,TSLA",9
2021-06-29,-9.544903487868073e-07,0.0,-9.544903487868073e-07,2021-06-14,2021-07-12,"GOOGL,NVDA","AAPL,TSLA",9
2021-06-30,-0.0014429611875311499,0.0,-0.0014429611875311499,2021-06-14,2021-07-12,"GOOGL,NVDA","AAPL,TSLA",9
2021-07-01,0.0034343189399325957,0.0,0.0034343189399325957,2021-06-14,2021-07-12,"GOOGL,NVDA","AAPL,TSLA",9
2021-07-02,0.0038842720295136357,0.0,0.0038842720295136357,2021-06-14,2021-07-12,"GOOGL,NVDA","AAPL,TSLA",9
2021-07-06,0.00787688135271225,0.0,0.00787688135271225,2021-06-14,2021-07-12,"GOOGL,NVDA","AAPL,TSLA",9
2021-07-07,-0.002213871518211452,0.0,-0.002213871518211452,2021-06-14,2021-07-12,"GOOGL,NVDA","AAPL,TSLA",9
2021-07-08,-0.009446662633178532,0.0,-0.009446662633178532,2021-06-14,2021-07-12,"GOOGL,NVDA","AAPL,TSLA",9
2021-07-09,-0.002047808205336288,0.0,-0.002047808205336288,2021-06-14,2021-07-12,"GOOGL,NVDA","AAPL,TSLA",9
2021-07-12,-0.0012242269886004187,0.001,-0.0022242269886004187,2021-06-14,2021-07-12,"GOOGL,NVDA","AAPL,TSLA",9
2021-07-16,-0.004848995707388948,0.001,-0.005848995707388948,2021-07-16,2021-08-12,"META,NVDA","JPM,TSLA",10
2021-07-19,0.012786267405533763,0.0,0.012786267405533763,2021-07-16,2021-08-12,"META,NVDA","JPM,TSLA",10
2021-07-20,-0.008923837275100738,0.0,-0.008923837275100738,2021-07-16,2021-08-12,"META,NVDA","JPM,TSLA",10
2021-07-21,0.010774710595618409,0.0,0.010774710595618409,2021-07-16,2021-08-12,"META,NVDA","JPM,TSLA",10
2021-07-22,0.011408348410761743,0.0,0.011408348410761743,2021-07-16,2021-08-12,"META,NVDA","JPM,TSLA",10
2021-07-23,0.01552581375450321,0.0,0.01552581375450321,2021-07-16,2021-08-12,"META,NVDA","JPM,TSLA",10
2021-07-26,-0.008778939297144489,0.0,-0.008778939297144489,2021-07-16,2021-08-12,"META,NVDA","JPM,TSLA",10
2021-07-27,0.0009754927699382188,0.0,0.0009754927699382188,2021-07-16,2021-08-12,"META,NVDA","JPM,TSLA",10
2021-07-28,0.006291878899302106,0.0,0.006291878899302106,2021-07-16,2021-08-12,"META,NVDA","JPM,TSLA",10
2021-07-29,-0.02185888155502705,0.0,-0.02185888155502705,2021-07-16,2021-08-12,"META,NVDA","JPM,TSLA",10
2021-07-30,-0.005123905072606599,0.0,-0.005123905072606599,2021-07-16,2021-08-12,"META,NVDA","JPM,TSLA",10
2021-08-02,-0.007003807976693949,0.0,-0.007003807976693949,2021-07-16,2021-08-12,"META,NVDA","JPM,TSLA",10
2021-08-03,-0.0025507101881951655,0.0,-0.0025507101881951655,2021-07-16,2021-08-12,"META,NVDA","JPM,TSLA",10
2021-08-04,0.0135397465886688,0.0,0.0135397465886688,2021-07-16,2021-08-12,"META,NVDA","JPM,TSLA",10
2021-08-05,0.0028353974308490404,0.0,0.0028353974308490404,2021-07-16,2021-08-12,"META,NVDA","JPM,TSLA",10
2021-08-06,-0.004579156705331128,0.0,-0.004579156705331128,2021-07-16,2021-08-12,"META,NVDA","JPM,TSLA",10
2021-08-09,-0.00715090587753725,0.0,-0.00715090587753725,2021-07-16,2021-08-12,"META,NVDA","JPM,TSLA",10
2021-08-10,-0.006500329956044215,0.0,-0.006500329956044215,2021-07-16,2021-08-12,"META,NVDA","JPM,TSLA",10
2021-08-11,-0.006000453422455809,0.0,-0.006000453422455809,2021-07-16,2021-08-12,"META,NVDA","JPM,TSLA",10
2021-08-12,-0.0015913425046560348,0.001,-0.002591342504656035,2021-07-16,2021-08-12,"META,NVDA","JPM,TSLA",10
2021-08-13,0.007121152427316535,0.001,0.006121152427316535,2021-08-13,2021-09-10,"NVDA,TSLA","JPM,XOM",10
2021-08-16,-0.008457745500272673,0.0,-0.008457745500272673,2021-08-13,2021-09-10,"NVDA,TSLA","JPM,XOM",10
2021-08-17,-0.008901335046256648,0.0,-0.008901335046256648,2021-08-13,2021-09-10,"NVDA,TSLA","JPM,XOM",10
2021-08-18,0.010913439458096169,0.0,0.010913439458096169,2021-08-13,2021-09-10,"NVDA,TSLA","JPM,XOM",10
2021-08-19,0.014040395285732088,0.0,0.014040395285732088,2021-08-13,2021-09-10,"NVDA,TSLA","JPM,XOM",10
2021-08-20,0.014614892594480844,0.0,0.014614892594480844,2021-08-13,2021-09-10,"NVDA,TSLA","JPM,XOM",10
2021-08-23,0.009799688306698473,0.0,0.009799688306698473,2021-08-13,2021-09-10,"NVDA,TSLA","JPM,XOM",10
2021-08-24,-0.004699735597915394,0.0,-0.004699735597915394,2021-08-13,2021-09-10,"NVDA,TSLA","JPM,XOM",10
2021-08-25,0.00016939643503133262,0.0,0.00016939643503133262,2021-08-13,2021-09-10,"NVDA,TSLA","JPM,XOM",10
2021-08-26,-0.0030696945887936644,0.0,-0.0030696945887936644,2021-08-13,2021-09-10,"NVDA,TSLA","JPM,XOM",10
2021-08-27,0.003418183213260706,0.0,0.003418183213260706,2021-08-13,2021-09-10,"NVDA,TSLA","JPM,XOM",10
2021-08-30,0.013979074148096848,0.0,0.013979074148096848,2021-08-13,2021-09-10,"NVDA,TSLA","JPM,XOM",10
2021-08-31,0.00201419324671287,0.0,0.00201419324671287,2021-08-13,2021-09-10,"NVDA,TSLA","JPM,XOM",10
2021-09-01,0.003870069882643601,0.0,0.003870069882643601,2021-08-13,2021-09-10,"NVDA,TSLA","JPM,XOM",10
2021-09-02,-0.008329321716494364,0.0,-0.008329321716494364,2021-08-13,2021-09-10,"NVDA,TSLA","JPM,XOM",10
2021-09-03,0.00785704204593568,0.0,0.00785704204593568,2021-08-13,2021-09-10,"NVDA,TSLA","JPM,XOM",10
2021-09-07,0.006510475096710572,0.0,0.006510475096710572,2021-08-13,2021-09-10,"NVDA,TSLA","JPM,XOM",10
2021-09-08,0.00015851331297367377,0.0,0.00015851331297367377,2021-08-13,2021-09-10,"NVDA,TSLA","JPM,XOM",10
2021-09-09,-0.0027580229938357625,0.0,-0.0027580229938357625,2021-08-13,2021-09-10,"NVDA,TSLA","JPM,XOM",10
2021-09-10,0.0006188287290997962,0.001,-0.00038117127090020377,2021-08-13,2021-09-10,"NVDA,TSLA","JPM,XOM",10
2021-09-13,-0.006914867998678825,0.001,-0.007914867998678826,2021-09-13,2021-10-08,"NVDA,TSLA","AMZN,XOM",10
2021-09-14,0.005602441427006971,0.0,0.005602441427006971,2021-09-13,2021-10-08,"NVDA,TSLA","AMZN,XOM",10
2021-09-15,-0.005376086801509805,0.0,-0.005376086801509805,2021-09-13,2021-10-08,"NVDA,TSLA","AMZN,XOM",10
2021-09-16,0.0010390363371293454,0.0,0.0010390363371293454,2021-09-13,2021-10-08,"NVDA,TSLA","AMZN,XOM",10
2021-09-17,0.0017807596143450122,0.0,0.0017807596143450122,2021-09-13,2021-10-08,"NVDA,TSLA","AMZN,XOM",10
2021-09-20,-0.00426238794256753,0.0,-0.00426238794256753,2021-09-13,2021-10-08,"NVDA,TSLA","AMZN,XOM",10
2021-09-21,0.005862465803169847,0.0,0.005862465803169847,2021-09-13,2021-10-08,"NVDA,TSLA","AMZN,XOM",10
2021-09-22,0.002384424549200903,0.0,0.002384424549200903,2021-09-13,2021-10-08,"NVDA,TSLA","AMZN,XOM",10
2021-09-23,-0.004397103303614314,0.0,-0.004397103303614314,2021-09-13,2021-10-08,"NVDA,TSLA","AMZN,XOM",10
2021-09-24,-0.0005062516638800474,0.0,-0.0005062516638800474,2021-09-13,2021-10-08,"NVDA,TSLA","AMZN,XOM",10
2021-09-27,-0.005272052343824052,0.0,-0.005272052343824052,2021-09-13,2021-10-08,"NVDA,TSLA","AMZN,XOM",10
2021-09-28,-0.011470668905818937,0.0,-0.011470668905818937,2021-09-13,2021-10-08,"NVDA,TSLA","AMZN,XOM",10
2021-09-29,0.00029327166091516754,0.0,0.00029327166091516754,2021-09-13,2021-10-08,"NVDA,TSLA","AMZN,XOM",10
2021-09-30,0.006202625780383497,0.0,0.006202625780383497,2021-09-13,2021-10-08,"NVDA,TSLA","AMZN,XOM",10
2021-10-01,-0.008602587581124754,0.0,-0.008602587581124754,2021-09-13,2021-10-08,"NVDA,TSLA","AMZN,XOM",10
2021-10-04,-0.006262013427317831,0.0,-0.006262013427317831,2021-09-13,2021-10-08,"NVDA,TSLA","AMZN,XOM",10
2021-10-05,0.006767005375647228,0.0,0.006767005375647228,2021-09-13,2021-10-08,"NVDA,TSLA","AMZN,XOM",10
2021-10-06,0.005137226682110307,0.0,0.005137226682110307,2021-09-13,2021-10-08,"NVDA,TSLA","AMZN,XOM",10
2021-10-07,0.004197172195028909,0.0,0.004197172195028909,2021-09-13,2021-10-08,"NVDA,TSLA","AMZN,XOM",10
2021-10-08,-0.010671363771988296,0.001,-0.011671363771988297,2021-09-13,2021-10-08,"NVDA,TSLA","AMZN,XOM",10
2021-10-18,0.0012367027018742038,0.001,0.00023670270187420381,2021-10-18,2021-11-12,"NVDA,TSLA","AMZN,META",11
2021-10-19,-0.004191736707512467,0.0,-0.004191736707512467,2021-10-18,2021-11-12,"NVDA,TSLA","AMZN,META",11
2021-10-20,-0.00012416369796403037,0.0,-0.00012416369796403037,2021-10-18,2021-11-12,"NVDA,TSLA","AMZN,META",11
2021-10-21,0.01253732375578287,0.0,0.01253732375578287,2021-10-18,2021-11-12,"NVDA,TSLA","AMZN,META",11
2021-10-22,0.02462677353354073,0.0,0.02462677353354073,2021-10-18,2021-11-12,"NVDA,TSLA","AMZN,META",11
2021-10-25,0.034489771309706874,0.0,0.034489771309706874,2021-10-18,2021-11-12,"NVDA,TSLA","AMZN,META",11
2021-10-26,0.020772037094466428,0.0,0.020772037094466428,2021-10-18,2021-11-12,"NVDA,TSLA","AMZN,META",11
2021-10-27,0.003705165976551933,0.0,0.003705165976551933,2021-10-18,2021-11-12,"NVDA,TSLA","AMZN,META",11
2021-10-28,0.006699009720498195,0.0,0.006699009720498195,2021-10-18,2021-11-12,"NVDA,TSLA","AMZN,META",11
2021-10-29,0.014985945609557766,0.0,0.014985945609557766,2021-10-18,2021-11-12,"NVDA,TSLA","AMZN,META",11
2021-11-01,0.022844052418226957,0.0,0.022844052418226957,2021-10-18,2021-11-12,"NVDA,TSLA","AMZN,META",11
2021-11-02,-0.00016920218775756668,0.0,-0.00016920218775756668,2021-10-18,2021-11-12,"NVDA,TSLA","AMZN,META",11
2021-11-03,0.0027201464546222076,0.0,0.0027201464546222076,2021-10-18,2021-11-12,"NVDA,TSLA","AMZN,META",11
2021-11-04,0.023351764550924525,0.0,0.023351764550924525,2021-10-18,2021-11-12,"NVDA,TSLA","AMZN,META",11
2021-11-05,-0.00895002543691062,0.0,-0.00895002543691062,2021-10-18,2021-11-12,"NVDA,TSLA","AMZN,META",11
2021-11-08,0.0007110179276401118,0.0,0.0007110179276401118,2021-10-18,2021-11-12,"NVDA,TSLA","AMZN,META",11
2021-11-09,-0.035021142838190245,0.0,-0.035021142838190245,2021-10-18,2021-11-12,"NVDA,TSLA","AMZN,META",11
2021-11-10,0.013433991314478061,0.0,0.013433991314478061,2021-10-18,2021-11-12,"NVDA,TSLA","AMZN,META",11
2021-11-11,0.007470828209658831,0.0,0.007470828209658831,2021-10-18,2021-11-12,"NVDA,TSLA","AMZN,META",11
2021-11-12,-0.020894595620143813,0.001,-0.021894595620143814,2021-10-18,2021-11-12,"NVDA,TSLA","AMZN,META",11
2021-11-15,-0.012756531106640434,0.001,-0.013756531106640435,2021-11-15,2021-12-13,"NVDA,TSLA","AAPL,META",11
2021-11-16,0.013322695914057686,0.0,0.013322695914057686,2021-11-15,2021-12-13,"NVDA,TSLA","AAPL,META",11
2021-11-17,-0.0021980519945482,0.0,-0.0021980519945482,2021-11-15,2021-12-13,"NVDA,TSLA","AAPL,META",11
2021-11-18,0.01670848862781779,0.0,0.01670848862781779,2021-11-15,2021-12-13,"NVDA,TSLA","AAPL,META",11
2021-11-19,0.010492285259882939,0.0,0.010492285259882939,2021-11-15,2021-12-13,"NVDA,TSLA","AAPL,META",11
2021-11-22,-0.0010693614160430798,0.0,-0.0010693614160430798,2021-11-15,2021-12-13,"NVDA,TSLA","AAPL,META",11
2021-11-23,-0.009829937711213821,0.0,-0.009829937711213821,2021-11-15,2021-12-13,"NVDA,TSLA","AAPL,META",11
2021-11-24,0.005233911727913265,0.0,0.005233911727913265,2021-11-15,2021-12-13,"NVDA,TSLA","AAPL,META",11
2021-11-26,-0.0028544536790104102,0.0,-0.0028544536790104102,2021-11-15,2021-12-13,"NVDA,TSLA","AAPL,META",11
2021-11-29,0.01843548659833838,0.0,0.01843548659833838,2021-11-15,2021-12-13,"NVDA,TSLA","AAPL,META",11
2021-11-30,-0.0013931519878025433,0.0,-0.0013931519878025433,2021-11-15,2021-12-13,"NVDA,TSLA","AAPL,META",11
2021-12-01,-0.008851411140812948,0.0,-0.008851411140812948,2021-11-15,2021-12-13,"NVDA,TSLA","AAPL,META",11
2021-12-02,0.004822517144096067,0.0,0.004822517144096067,2021-11-15,2021-12-13,"NVDA,TSLA","AAPL,META",11
2021-12-03,-0.021410578237904265,0.0,-0.021410578237904265,2021-11-15,2021-12-13,"NVDA,TSLA","AAPL,META",11
2021-12-06,-0.021173765080604673,0.0,-0.021173765080604673,2021-11-15,2021-12-13,"NVDA,TSLA","AAPL,META",11
2021-12-07,0.017734906502624215,0.0,0.017734906502624215,2021-11-15,2021-12-13,"NVDA,TSLA","AAPL,META",11
2021-12-08,-0.012240509714485565,0.0,-0.012240509714485565,2021-11-15,2021-12-13,"NVDA,TSLA","AAPL,META",11
2021-12-09,-0.024431439894811308,0.0,-0.024431439894811308,2021-11-15,2021-12-13,"NVDA,TSLA","AAPL,META",11
2021-12-10,-0.006049566380161714,0.0,-0.006049566380161714,2021-11-15,2021-12-13,"NVDA,TSLA","AAPL,META",11
2021-12-13,-0.027731826399181064,0.001,-0.028731826399181065,2021-11-15,2021-12-13,"NVDA,TSLA","AAPL,META",11
2021-12-14,0.0007811938902987647,0.001,-0.00021880610970123528,2021-12-14,2022-01-11,"NVDA,TSLA","AMZN,META",11
2021-12-15,0.011103050094251443,0.0,0.011103050094251443,2021-12-14,2022-01-11,"NVDA,TSLA","AMZN,META",11
2021-12-16,-0.018219007178330165,0.0,-0.018219007178330165,2021-12-14,2022-01-11,"NVDA,TSLA","AMZN,META",11
2021-12-17,-0.004505626742308061,0.0,-0.004505626742308061,2021-12-14,2022-01-11,"NVDA,TSLA","AMZN,META",11
2021-12-20,0.0010825925282628712,0.0,0.0010825925282628712,2021-12-14,2022-01-11,"NVDA,TSLA","AMZN,META",11
2021-12-21,0.011233902901839121,0.0,0.011233902901839121,2021-12-14,2022-01-11,"NVDA,TSLA","AMZN,META",11
2021-12-22,0.02342693711929117,0.0,0.02342693711929117,2021-12-14,2022-01-11,"NVDA,TSLA","AMZN,META",11
2021-12-23,0.012775593709870525,0.0,0.012775593709870525,2021-12-14,2022-01-11,"NVDA,TSLA","AMZN,META",11
2021-12-27,0.01120542724156301,0.0,0.01120542724156301,2021-12-14,2022-01-11,"NVDA,TSLA","AMZN,META",11
2021-12-28,-0.007773010676286052,0.0,-0.007773010676286052,2021-12-14,2022-01-11,"NVDA,TSLA","AMZN,META",11
2021-12-29,0.001336825463114144,0.0,0.001336825463114144,2021-12-14,2022-01-11,"NVDA,TSLA","AMZN,META",11
2021-12-30,-0.007319122931080307,0.0,-0.007319122931080307,2021-12-14,2022-01-11,"NVDA,TSLA","AMZN,META",11
2021-12-31,0.004026515178954498,0.0,0.004026515178954498,2021-12-14,2022-01-11,"NVDA,TSLA","AMZN,META",11
2022-01-03,0.03270697654863802,0.0,0.03270697654863802,2021-12-14,2022-01-11,"NVDA,TSLA","AMZN,META",11
2022-01-04,-0.011642176548673167,0.0,-0.011642176548673167,2021-12-14,2022-01-11,"NVDA,TSLA","AMZN,META",11
2022-01-05,-0.01385308117197509,0.0,-0.01385308117197509,2021-12-14,2022-01-11,"NVDA,TSLA","AMZN,META",11
2022-01-06,-0.004897850037603763,0.0,-0.004897850037603763,2021-12-14,2022-01-11,"NVDA,TSLA","AMZN,META",11
2022-01-07,-0.015545938616175925,0.0,-0.015545938616175925,2021-12-14,2022-01-11,"NVDA,TSLA","AMZN,META",11
2022-01-10,0.013434900795365329,0.0,0.013434900795365329,2021-12-14,2022-01-11,"NVDA,TSLA","AMZN,META",11
2022-01-11,-0.0055128751952999155,0.001,-0.0065128751952999156,2021-12-14,2022-01-11,"NVDA,TSLA","AMZN,META",11
2022-01-18,0.015107323198701561,0.001,0.01410732319870156,2022-01-18,2022-02-14,"TSLA,XOM","AMZN,JPM",12
2022-01-19,-0.0003676747081234888,0.0,-0.0003676747081234888,2022-01-18,2022-02-14,"TSLA,XOM","AMZN,JPM",12
2022-01-20,0.010242655314746912,0.0,0.010242655314746912,2022-01-18,2022-02-14,"TSLA,XOM","AMZN,JPM",12
2022-01-21,0.0023488744083411395,0.0,0.0023488744083411395,2022-01-18,2022-02-14,"TSLA,XOM","AMZN,JPM",12
2022-01-24,-0.004641497871454542,0.0,-0.004641497871454542,2022-01-18,2022-02-14,"TSLA,XOM","AMZN,JPM",12
2022-01-25,0.009389856189651768,0.0,0.009389856189651768,2022-01-18,2022-02-14,"TSLA,XOM","AMZN,JPM",12
2022-01-26,0.002256128354579917,0.0,0.002256128354579917,2022-01-18,2022-02-14,"TSLA,XOM","AMZN,JPM",12
2022-01-27,-0.022649225917068277,0.0,-0.022649225917068277,2022-01-18,2022-02-14,"TSLA,XOM","AMZN,JPM",12
2022-01-28,-0.004273747098444414,0.0,-0.004273747098444414,2022-01-18,2022-02-14,"TSLA,XOM","AMZN,JPM",12
2022-01-31,0.01584292356392114,0.0,0.01584292356392114,2022-01-18,2022-02-14,"TSLA,XOM","AMZN,JPM",12
2022-02-01,0.007570717623808537,0.0,0.007570717623808537,2022-01-18,2022-02-14,"TSLA,XOM","AMZN,JPM",12
2022-02-02,-0.004557360190766302,0.0,-0.004557360190766302,2022-01-18,2022-02-14,"TSLA,XOM","AMZN,JPM",12
2022-02-03,0.014676309785086217,0.0,0.014676309785086217,2022-01-18,2022-02-14,"TSLA,XOM","AMZN,JPM",12
2022-02-04,-0.025873575132150994,0.0,-0.025873575132150994,2022-01-18,2022-02-14,"TSLA,XOM","AMZN,JPM",12
2022-02-07,-0.002622435899066994,0.0,-0.002622435899066994,2022-01-18,2022-02-14,"TSLA,XOM","AMZN,JPM",12
2022-02-08,-0.012633123880467778,0.0,-0.012633123880467778,2022-01-18,2022-02-14,"TSLA,XOM","AMZN,JPM",12
2022-02-09,0.0008196752787136552,0.0,0.0008196752787136552,2022-01-18,2022-02-14,"TSLA,XOM","AMZN,JPM",12
2022-02-10,-0.005340186296666383,0.0,-0.005340186296666383,2022-01-18,2022-02-14,"TSLA,XOM","AMZN,JPM",12
2022-02-11,0.0062141339991152456,0.0,0.0062141339991152456,2022-01-18,2022-02-14,"TSLA,XOM","AMZN,JPM",12
2022-02-14,1.4815921718008829e-05,0.001,-0.0009851840782819912,2022-01-18,2022-02-14,"TSLA,XOM","AMZN,JPM",12
2022-02-15,-0.024088227466628392,0.001,-0.025088227466628393,2022-02-15,2022-03-15,"AAPL,XOM","META,NVDA",12
2022-02-16,0.005701042099657716,0.0,0.005701042099657716,2022-02-15,2022-03-15,"AAPL,XOM","META,NVDA",12
2022-02-17,0.02339205760686852,0.0,0.02339205760686852,2022-02-15,2022-03-15,"AAPL,XOM","META,NVDA",12
2022-02-18,0.005570471572537067,0.0,0.005570471572537067,2022-02-15,2022-03-15,"AAPL,XOM","META,NVDA",12
2022-02-22,0.0002507719060837188,0.0,0.0002507719060837188,2022-02-15,2022-03-15,"AAPL,XOM","META,NVDA",12
2022-02-23,0.009758652098136061,0.0,0.009758652098136061,2022-02-15,2022-03-15,"AAPL,XOM","META,NVDA",12
2022-02-24,-0.025714009444121028,0.0,-0.025714009444121028,2022-02-15,2022-03-15,"AAPL,XOM","META,NVDA",12
2022-02-25,0.0021958225791662844,0.0,0.0021958225791662844,2022-02-15,2022-03-15,"AAPL,XOM","META,NVDA",12
2022-02-28,-0.000740712616281558,0.0,-0.000740712616281558,2022-02-15,2022-03-15,"AAPL,XOM","META,NVDA",12
2022-03-01,0.017725484877628928,0.0,0.017725484877628928,2022-02-15,2022-03-15,"AAPL,XOM","META,NVDA",12
2022-03-02,-0.004190328861893189,0.0,-0.004190328861893189,2022-02-15,2022-03-15,"AAPL,XOM","META,NVDA",12
2022-03-03,0.012485404909001463,0.0,0.012485404909001463,2022-02-15,2022-03-15,"AAPL,XOM","META,NVDA",12
2022-03-04,0.01659309048882754,0.0,0.01659309048882754,2022-02-15,2022-03-15,"AAPL,XOM","META,NVDA",12
2022-03-07,0.03607712073580474,0.0,0.03607712073580474,2022-02-15,2022-03-15,"AAPL,XOM","META,NVDA",12
2022-03-08,-0.006682467452305496,0.0,-0.006682467452305496,2022-02-15,2022-03-15,"AAPL,XOM","META,NVDA",12
2022-03-09,-0.033679011625144,0.0,-0.033679011625144,2022-02-15,2022-03-15,"AAPL,XOM","META,NVDA",12
2022-03-10,0.00897486252629795,0.0,0.00897486252629795,2022-02-15,2022-03-15,"AAPL,XOM","META,NVDA",12
2022-03-11,0.008623985566507508,0.0,0.008623985566507508,2022-02-15,2022-03-15,"AAPL,XOM","META,NVDA",12
2022-03-14,-0.005573879962998407,0.0,-0.005573879962998407,2022-02-15,2022-03-15,"AAPL,XOM","META,NVDA",12
2022-03-15,-0.033299222820702384,0.001,-0.034299222820702385,2022-02-15,2022-03-15,"AAPL,XOM","META,NVDA",12
2022-03-16,-0.02655815493608274,0.001,-0.02755815493608274,2022-03-16,2022-04-12,"AVGO,XOM","META,NVDA",12
2022-03-17,-0.0030947253501230343,0.0,-0.0030947253501230343,2022-03-16,2022-04-12,"AVGO,XOM","META,NVDA",12
2022-03-18,-0.025204548186249037,0.0,-0.025204548186249037,2022-03-16,2022-04-12,"AVGO,XOM","META,NVDA",12
2022-03-21,0.012266106295718782,0.0,0.012266106295718782,2022-03-16,2022-04-12,"AVGO,XOM","META,NVDA",12
2022-03-22,-0.0010520862348372406,0.0,-0.0010520862348372406,2022-03-16,2022-04-12,"AVGO,XOM","META,NVDA",12
2022-03-23,0.011119296523680211,0.0,0.011119296523680211,2022-03-16,2022-04-12,"AVGO,XOM","META,NVDA",12
2022-03-24,-0.019659204881173065,0.0,-0.019659204881173065,2022-03-16,2022-04-12,"AVGO,XOM","META,NVDA",12
2022-03-25,0.00793631100856329,0.0,0.00793631100856329,2022-03-16,2022-04-12,"AVGO,XOM","META,NVDA",12
2022-03-28,-0.012171324140064554,0.0,-0.012171324140064554,2022-03-16,2022-04-12,"AVGO,XOM","META,NVDA",12
2022-03-29,-0.008817191202975666,0.0,-0.008817191202975666,2022-03-16,2022-04-12,"AVGO,XOM","META,NVDA",12
2022-03-30,0.010847735277869364,0.0,0.010847735277869364,2022-03-16,2022-04-12,"AVGO,XOM","META,NVDA",12
2022-03-31,0.005561609702363662,0.0,0.005561609702363662,2022-03-16,2022-04-12,"AVGO,XOM","META,NVDA",12
2022-04-01,0.0029919979179855727,0.0,0.0029919979179855727,2022-03-16,2022-04-12,"AVGO,XOM","META,NVDA",12
2022-04-04,-0.012857448688707585,0.0,-0.012857448688707585,2022-03-16,2022-04-12,"AVGO,XOM","META,NVDA",12
2022-04-05,0.005792591969608546,0.0,0.005792591969608546,2022-03-16,2022-04-12,"AVGO,XOM","META,NVDA",12
2022-04-06,0.021747975021506993,0.0,0.021747975021506993,2022-03-16,2022-04-12,"AVGO,XOM","META,NVDA",12
2022-04-07,0.007050393729518711,0.0,0.007050393729518711,2022-03-16,2022-04-12,"AVGO,XOM","META,NVDA",12
2022-04-08,0.010549409705682633,0.0,0.010549409705682633,2022-03-16,2022-04-12,"AVGO,XOM","META,NVDA",12
2022-04-11,0.008269202041644635,0.0,0.008269202041644635,2022-03-16,2022-04-12,"AVGO,XOM","META,NVDA",12
2022-04-12,0.014528664141517683,0.001,0.013528664141517682,2022-03-16,2022-04-12,"AVGO,XOM","META,NVDA",12
2022-04-18,0.00015470416626744976,0.001,-0.0008452958337325503,2022-04-18,2022-05-13,"TSLA,XOM","MSFT,NVDA",13
2022-04-19,-0.005313683787649071,0.0,-0.005313683787649071,2022-04-18,2022-05-13,"TSLA,XOM","MSFT,NVDA",13
2022-04-20,-0.004684094222345947,0.0,-0.004684094222345947,2022-04-18,2022-05-13,"TSLA,XOM","MSFT,NVDA",13
2022-04-21,0.025398596133663798,0.0,0.025398596133663798,2022-04-18,2022-05-13,"TSLA,XOM","MSFT,NVDA",13
2022-04-22,0.007928153779608316,0.0,0.007928153779608316,2022-04-18,2022-05-13,"TSLA,XOM","MSFT,NVDA",13
2022-04-25,-0.021238020345325376,0.0,-0.021238020345325376,2022-04-18,2022-05-13,"TSLA,XOM","MSFT,NVDA",13
2022-04-26,-0.007024604572618914,0.0,-0.007024604572618914,2022-04-18,2022-05-13,"TSLA,XOM","MSFT,NVDA",13
2022-04-27,0.0015273163981626425,0.0,0.0015273163981626425,2022-04-18,2022-05-13,"TSLA,XOM","MSFT,NVDA",13
2022-04-28,-0.01778935462612563,0.0,-0.01778935462612563,2022-04-18,2022-05-13,"TSLA,XOM","MSFT,NVDA",13
2022-04-29,0.018546894079745746,0.0,0.018546894079745746,2022-04-18,2022-05-13,"TSLA,XOM","MSFT,NVDA",13
2022-05-02,-0.006910438654180673,0.0,-0.006910438654180673,2022-04-18,2022-05-13,"TSLA,XOM","MSFT,NVDA",13
2022-05-03,0.008377781132414913,0.0,0.008377781132414913,2022-04-18,2022-05-13,"TSLA,XOM","MSFT,NVDA",13
2022-05-04,0.005263881186828467,0.0,0.005263881186828467,2022-04-18,2022-05-13,"TSLA,XOM","MSFT,NVDA",13
2022-05-05,0.0045965849936275005,0.0,0.0045965849936275005,2022-04-18,2022-05-13,"TSLA,XOM","MSFT,NVDA",13
2022-05-06,0.006239673189383316,0.0,0.006239673189383316,2022-04-18,2022-05-13,"TSLA,XOM","MSFT,NVDA",13
2022-05-09,-0.010066853211380955,0.0,-0.010066853211380955,2022-04-18,2022-05-13,"TSLA,XOM","MSFT,NVDA",13
2022-05-10,-0.008397776923474598,0.0,-0.008397776923474598,2022-04-18,2022-05-13,"TSLA,XOM","MSFT,NVDA",13
2022-05-11,0.0065820474755047265,0.0,0.0065820474755047265,2022-04-18,2022-05-13,"TSLA,XOM","MSFT,NVDA",13
2022-05-12,0.010920673718384205,0.0,0.010920673718384205,2022-04-18,2022-05-13,"TSLA,XOM","MSFT,NVDA",13
2022-05-13,-0.007613866009196113,0.001,-0.008613866009196114,2022-04-18,2022-05-13,"TSLA,XOM","MSFT,NVDA",13
2022-05-16,0.0231656521640779,0.001,0.022165652164077898,2022-05-16,2022-06-13,"AVGO,XOM","AMZN,TSLA",13
2022-05-17,-0.009014759982226894,0.0,-0.009014759982226894,2022-05-16,2022-06-13,"AVGO,XOM","AMZN,TSLA",13
2022-05-18,0.015482776896510397,0.0,0.015482776896510397,2022-05-16,2022-06-13,"AVGO,XOM","AMZN,TSLA",13
2022-05-19,-0.009666797118946663,0.0,-0.009666797118946663,2022-05-16,2022-06-13,"AVGO,XOM","AMZN,TSLA",13
2022-05-20,0.016000428184174492,0.0,0.016000428184174492,2022-05-16,2022-06-13,"AVGO,XOM","AMZN,TSLA",13
2022-05-23,-0.0062844020210119644,0.0,-0.0062844020210119644,2022-05-16,2022-06-13,"AVGO,XOM","AMZN,TSLA",13
2022-05-24,0.025680982731716984,0.0,0.025680982731716984,2022-05-16,2022-06-13,"AVGO,XOM","AMZN,TSLA",13
2022-05-25,-0.010043170838573867,0.0,-0.010043170838573867,2022-05-16,2022-06-13,"AVGO,XOM","AMZN,TSLA",13
2022-05-26,-0.01881015262676944,0.0,-0.01881015262676944,2022-05-16,2022-06-13,"AVGO,XOM","AMZN,TSLA",13
2022-05-27,-0.01022415601366794,0.0,-0.01022415601366794,2022-05-16,2022-06-13,"AVGO,XOM","AMZN,TSLA",13
2022-05-31,-0.015964925555818937,0.0,-0.015964925555818937,2022-05-16,2022-06-13,"AVGO,XOM","AMZN,TSLA",13
2022-06-01,0.004818076479246924,0.0,0.004818076479246924,2022-05-16,2022-06-13,"AVGO,XOM","AMZN,TSLA",13
2022-06-02,-0.018630651154961514,0.0,-0.018630651154961514,2022-05-16,2022-06-13,"AVGO,XOM","AMZN,TSLA",13
2022-06-03,0.027162254936220598,0.0,0.027162254936220598,2022-05-16,2022-06-13,"AVGO,XOM","AMZN,TSLA",13
2022-06-06,-0.010555793177914163,0.0,-0.010555793177914163,2022-05-16,2022-06-13,"AVGO,XOM","AMZN,TSLA",13
2022-06-07,0.019645963766991736,0.0,0.019645963766991736,2022-05-16,2022-06-13,"AVGO,XOM","AMZN,TSLA",13
2022-06-08,0.0002020379154326346,0.0,0.0002020379154326346,2022-05-16,2022-06-13,"AVGO,XOM","AMZN,TSLA",13
2022-06-09,0.003166033312215266,0.0,0.003166033312215266,2022-05-16,2022-06-13,"AVGO,XOM","AMZN,TSLA",13
2022-06-10,0.01050024575070635,0.0,0.01050024575070635,2022-05-16,2022-06-13,"AVGO,XOM","AMZN,TSLA",13
2022-06-13,0.008994091075985838,0.001,0.007994091075985837,2022-05-16,2022-06-13,"AVGO,XOM","AMZN,TSLA",13
2022-06-14,0.00637759656518877,0.001,0.00537759656518877,2022-06-14,2022-07-13,"GOOGL,XOM","JPM,META",13
2022-06-15,-0.0075450281991548684,0.0,-0.0075450281991548684,2022-06-14,2022-07-13,"GOOGL,XOM","JPM,META",13
2022-06-16,-0.0009114505616903412,0.0,-0.0009114505616903412,2022-06-14,2022-07-13,"GOOGL,XOM","JPM,META",13
2022-06-17,-0.015377761510119187,0.0,-0.015377761510119187,2022-06-14,2022-07-13,"GOOGL,XOM","JPM,META",13
2022-06-21,0.02984882119213858,0.0,0.02984882119213858,2022-06-14,2022-07-13,"GOOGL,XOM","JPM,META",13
2022-06-22,-0.006706463398877205,0.0,-0.006706463398877205,2022-06-14,2022-07-13,"GOOGL,XOM","JPM,META",13
2022-06-23,-0.007765546547906871,0.0,-0.007765546547906871,2022-06-14,2022-07-13,"GOOGL,XOM","JPM,META",13
2022-06-24,-0.007702266697441507,0.0,-0.007702266697441507,2022-06-14,2022-07-13,"GOOGL,XOM","JPM,META",13
2022-06-27,0.004577200800722936,0.0,0.004577200800722936,2022-06-14,2022-07-13,"GOOGL,XOM","JPM,META",13
2022-06-28,0.012876097124001923,0.0,0.012876097124001923,2022-06-14,2022-07-13,"GOOGL,XOM","JPM,META",13
2022-06-29,-0.013867709800558792,0.0,-0.013867709800558792,2022-06-14,2022-07-13,"GOOGL,XOM","JPM,META",13
2022-06-30,-0.0032301534840316615,0.0,-0.0032301534840316615,2022-06-14,2022-07-13,"GOOGL,XOM","JPM,META",13
2022-07-01,0.0037528684385897126,0.0,0.0037528684385897126,2022-06-14,2022-07-13,"GOOGL,XOM","JPM,META",13
2022-07-05,-0.009216142596783966,0.0,-0.009216142596783966,2022-06-14,2022-07-13,"GOOGL,XOM","JPM,META",13
2022-07-06,-0.0023488922419160063,0.0,-0.0023488922419160063,2022-06-14,2022-07-13,"GOOGL,XOM","JPM,META",13
2022-07-07,0.007286775842845927,0.0,0.007286775842845927,2022-06-14,2022-07-13,"GOOGL,XOM","JPM,META",13
2022-07-08,0.004294530243243472,0.0,0.004294530243243472,2022-06-14,2022-07-13,"GOOGL,XOM","JPM,META",13
2022-07-11,0.006003464248452134,0.0,0.006003464248452134,2022-06-14,2022-07-13,"GOOGL,XOM","JPM,META",13
2022-07-12,-0.0077490967193705185,0.0,-0.0077490967193705185,2022-06-14,2022-07-13,"GOOGL,XOM","JPM,META",13
2022-07-13,-0.0028329157962168894,0.001,-0.0038329157962168894,2022-06-14,2022-07-13,"GOOGL,XOM","JPM,META",13
2022-07-18,0.0012456396364945166,0.001,0.00024563963649451657,2022-07-18,2022-08-12,"MSFT,XOM","AMZN,TSLA",14
2022-07-19,-0.003465984063175942,0.0,-0.003465984063175942,2022-07-18,2022-08-12,"MSFT,XOM","AMZN,TSLA",14
2022-07-20,-0.006263068480631684,0.0,-0.006263068480631684,2022-07-18,2022-08-12,"MSFT,XOM","AMZN,TSLA",14
2022-07-21,-0.029963111374834317,0.0,-0.029963111374834317,2022-07-18,2022-08-12,"MSFT,XOM","AMZN,TSLA",14
2022-07-22,-0.002198486337991634,0.0,-0.002198486337991634,2022-07-18,2022-08-12,"MSFT,XOM","AMZN,TSLA",14
2022-07-25,0.01296925096447235,0.0,0.01296925096447235,2022-07-18,2022-08-12,"MSFT,XOM","AMZN,TSLA",14
2022-07-26,0.014313270012645068,0.0,0.014313270012645068,2022-07-18,2022-08-12,"MSFT,XOM","AMZN,TSLA",14
2022-07-27,-0.0067030451572828165,0.0,-0.0067030451572828165,2022-07-18,2022-08-12,"MSFT,XOM","AMZN,TSLA",14
2022-07-28,0.0018182162150437442,0.0,0.0018182162150437442,2022-07-18,2022-08-12,"MSFT,XOM","AMZN,TSLA",14
2022-07-29,-0.024872776987313494,0.0,-0.024872776987313494,2022-07-18,2022-08-12,"MSFT,XOM","AMZN,TSLA",14
2022-08-01,-0.00967172050400808,0.0,-0.00967172050400808,2022-07-18,2022-08-12,"MSFT,XOM","AMZN,TSLA",14
2022-08-02,-0.004465902714077069,0.0,-0.004465902714077069,2022-07-18,2022-08-12,"MSFT,XOM","AMZN,TSLA",14
2022-08-03,-0.016798556732754377,0.0,-0.016798556732754377,2022-07-18,2022-08-12,"MSFT,XOM","AMZN,TSLA",14
2022-08-04,-0.015946175345375402,0.0,-0.015946175345375402,2022-07-18,2022-08-12,"MSFT,XOM","AMZN,TSLA",14
2022-08-05,0.022640047747516878,0.0,0.022640047747516878,2022-07-18,2022-08-12,"MSFT,XOM","AMZN,TSLA",14
2022-08-08,-0.00036226800031419204,0.0,-0.00036226800031419204,2022-07-18,2022-08-12,"MSFT,XOM","AMZN,TSLA",14
2022-08-09,0.015311628186425286,0.0,0.015311628186425286,2022-07-18,2022-08-12,"MSFT,XOM","AMZN,TSLA",14
2022-08-10,-0.010093209139504733,0.0,-0.010093209139504733,2022-07-18,2022-08-12,"MSFT,XOM","AMZN,TSLA",14
2022-08-11,0.015535791651300646,0.0,0.015535791651300646,2022-07-18,2022-08-12,"MSFT,XOM","AMZN,TSLA",14
2022-08-12,-0.01042810097988095,0.001,-0.01142810097988095,2022-07-18,2022-08-12,"MSFT,XOM","AMZN,TSLA",14
2022-08-15,0.006229389462921675,0.001,0.005229389462921675,2022-08-15,2022-09-12,"AMZN,TSLA","AVGO,META",14
2022-08-16,0.005797605272726186,0.0,0.005797605272726186,2022-08-15,2022-09-12,"AMZN,TSLA","AVGO,META",14
2022-08-17,0.00563346650406929,0.0,0.00563346650406929,2022-08-15,2022-09-12,"AMZN,TSLA","AVGO,META",14
2022-08-18,-0.009521522177549813,0.0,-0.009521522177549813,2022-08-15,2022-09-12,"AMZN,TSLA","AVGO,META",14
2022-08-19,0.0018047772479132251,0.0,0.0018047772479132251,2022-08-15,2022-09-12,"AMZN,TSLA","AVGO,META",14
2022-08-22,0.0015273689652376132,0.0,0.0015273689652376132,2022-08-15,2022-09-12,"AMZN,TSLA","AVGO,META",14
2022-08-23,0.008877839732671228,0.0,0.008877839732671228,2022-08-15,2022-09-12,"AMZN,TSLA","AVGO,META",14
2022-08-24,-0.0029571351610265806,0.0,-0.0029571351610265806,2022-08-15,2022-09-12,"AMZN,TSLA","AVGO,META",14
2022-08-25,-0.011899105220324502,0.0,-0.011899105220324502,2022-08-15,2022-09-12,"AMZN,TSLA","AVGO,META",14
2022-08-26,0.005039917201837191,0.0,0.005039917201837191,2022-08-15,2022-09-12,"AMZN,TSLA","AVGO,META",14
2022-08-29,0.0025662596888034184,0.0,0.0025662596888034184,2022-08-15,2022-09-12,"AMZN,TSLA","AVGO,META",14
2022-08-30,-0.0013467342967025397,0.0,-0.0013467342967025397,2022-08-15,2022-09-12,"AMZN,TSLA","AVGO,META",14
2022-08-31,-0.011272460990329886,0.0,-0.011272460990329886,2022-08-15,2022-09-12,"AMZN,TSLA","AVGO,META",14
2022-09-01,0.0033044412651586086,0.0,0.0033044412651586086,2022-08-15,2022-09-12,"AMZN,TSLA","AVGO,META",14
2022-09-02,-0.0034272090906121433,0.0,-0.0034272090906121433,2022-08-15,2022-09-12,"AMZN,TSLA","AVGO,META",14
2022-09-06,0.004935475133010736,0.0,0.004935475133010736,2022-08-15,2022-09-12,"AMZN,TSLA","AVGO,META",14
2022-09-07,0.00874011069687014,0.0,0.00874011069687014,2022-08-15,2022-09-12,"AMZN,TSLA","AVGO,META",14
2022-09-08,-0.0004124641173711141,0.0,-0.0004124641173711141,2022-08-15,2022-09-12,"AMZN,TSLA","AVGO,META",14
2022-09-09,-0.0004007200783788245,0.0,-0.0004007200783788245,2022-08-15,2022-09-12,"AMZN,TSLA","AVGO,META",14
2022-09-12,0.007013105382486923,0.001,0.006013105382486923,2022-08-15,2022-09-12,"AMZN,TSLA","AVGO,META",14
2022-09-13,0.019367426078418015,0.001,0.018367426078418014,2022-09-13,2022-10-10,"AMZN,TSLA","META,NVDA",14
2022-09-14,0.01514619425531838,0.0,0.01514619425531838,2022-09-13,2022-10-10,"AMZN,TSLA","META,NVDA",14
2022-09-15,0.0034856823366678225,0.0,0.0034856823366678225,2022-09-13,2022-10-10,"AMZN,TSLA","META,NVDA",14
2022-09-16,-0.005525196169916757,0.0,-0.005525196169916757,2022-09-13,2022-10-10,"AMZN,TSLA","META,NVDA",14
2022-09-19,0.0005590599807587804,0.0,0.0005590599807587804,2022-09-13,2022-10-10,"AMZN,TSLA","META,NVDA",14
2022-09-20,0.0018797365636454288,0.0,0.0018797365636454288,2022-09-13,2022-10-10,"AMZN,TSLA","META,NVDA",14
2022-09-21,-0.00870845037867815,0.0,-0.00870845037867815,2022-09-13,2022-10-10,"AMZN,TSLA","META,NVDA",14
2022-09-22,-0.0007768062844660528,0.0,-0.0007768062844660528,2022-09-13,2022-10-10,"AMZN,TSLA","META,NVDA",14
2022-09-23,-0.013895396069350419,0.0,-0.013895396069350419,2022-09-13,2022-10-10,"AMZN,TSLA","META,NVDA",14
2022-09-26,0.016573483705775327,0.0,0.016573483705775327,2022-09-13,2022-10-10,"AMZN,TSLA","META,NVDA",14
2022-09-27,0.004499512429208069,0.0,0.004499512429208069,2022-09-13,2022-10-10,"AMZN,TSLA","META,NVDA",14
2022-09-28,-0.007747206454331579,0.0,-0.007747206454331579,2022-09-13,2022-10-10,"AMZN,TSLA","META,NVDA",14
2022-09-29,-0.0045165241349615914,0.0,-0.0045165241349615914,2022-09-13,2022-10-10,"AMZN,TSLA","META,NVDA",14
2022-09-30,-0.003683877050255857,0.0,-0.003683877050255857,2022-09-13,2022-10-10,"AMZN,TSLA","META,NVDA",14
2022-10-03,-0.028245246279932412,0.0,-0.028245246279932412,2022-09-13,2022-10-10,"AMZN,TSLA","META,NVDA",14
2022-10-04,0.0024014327106369193,0.0,0.0024014327106369193,2022-09-13,2022-10-10,"AMZN,TSLA","META,NVDA",14
2022-10-05,-0.007419063609035742,0.0,-0.007419063609035742,2022-09-13,2022-10-10,"AMZN,TSLA","META,NVDA",14
2022-10-06,-0.002792570437135461,0.0,-0.002792570437135461,2022-09-13,2022-10-10,"AMZN,TSLA","META,NVDA",14
2022-10-07,0.002432237333730547,0.0,0.002432237333730547,2022-09-13,2022-10-10,"AMZN,TSLA","META,NVDA",14
2022-10-10,0.005702582802995543,0.001,0.004702582802995543,2022-09-13,2022-10-10,"AMZN,TSLA","META,NVDA",14
2022-10-17,-0.008249588830357646,0.001,-0.009249588830357647,2022-10-17,2022-11-11,"JPM,XOM","AVGO,TSLA",15
2022-10-18,0.00623005672045171,0.0,0.00623005672045171,2022-10-17,2022-11-11,"JPM,XOM","AVGO,TSLA",15
2022-10-19,0.00014354650451414708,0.0,0.00014354650451414708,2022-10-17,2022-11-11,"JPM,XOM","AVGO,TSLA",15
2022-10-20,0.019011948334556994,0.0,0.019011948334556994,2022-10-17,2022-11-11,"JPM,XOM","AVGO,TSLA",15
2022-10-21,-0.0021498204188944436,0.0,-0.0021498204188944436,2022-10-17,2022-11-11,"JPM,XOM","AVGO,TSLA",15
2022-10-24,0.0019988182515588426,0.0,0.0019988182515588426,2022-10-17,2022-11-11,"JPM,XOM","AVGO,TSLA",15
2022-10-25,-0.016197864949737434,0.0,-0.016197864949737434,2022-10-17,2022-11-11,"JPM,XOM","AVGO,TSLA",15
2022-10-26,0.0027495616397396616,0.0,0.0027495616397396616,2022-10-17,2022-11-11,"JPM,XOM","AVGO,TSLA",15
2022-10-27,0.00457615424160035,0.0,0.00457615424160035,2022-10-17,2022-11-11,"JPM,XOM","AVGO,TSLA",15
2022-10-28,-0.0031249353596000673,0.0,-0.0031249353596000673,2022-10-17,2022-11-11,"JPM,XOM","AVGO,TSLA",15
2022-10-31,0.0023936663648348733,0.0,0.0023936663648348733,2022-10-17,2022-11-11,"JPM,XOM","AVGO,TSLA",15
2022-11-01,0.007862942723387223,0.0,0.007862942723387223,2022-10-17,2022-11-11,"JPM,XOM","AVGO,TSLA",15
2022-11-02,0.012992147997433812,0.0,0.012992147997433812,2022-10-17,2022-11-11,"JPM,XOM","AVGO,TSLA",15
2022-11-03,0.009996678981530116,0.0,0.009996678981530116,2022-10-17,2022-11-11,"JPM,XOM","AVGO,TSLA",15
2022-11-04,0.006743125765416552,0.0,0.006743125765416552,2022-10-17,2022-11-11,"JPM,XOM","AVGO,TSLA",15
2022-11-07,0.011470557079520827,0.0,0.011470557079520827,2022-10-17,2022-11-11,"JPM,XOM","AVGO,TSLA",15
2022-11-08,0.004651626850345203,0.0,0.004651626850345203,2022-10-17,2022-11-11,"JPM,XOM","AVGO,TSLA",15
2022-11-09,0.010035057513746365,0.0,0.010035057513746365,2022-10-17,2022-11-11,"JPM,XOM","AVGO,TSLA",15
2022-11-10,-0.024277051229864788,0.0,-0.024277051229864788,2022-10-17,2022-11-11,"JPM,XOM","AVGO,TSLA",15
2022-11-11,-0.004354538490078219,0.001,-0.005354538490078219,2022-10-17,2022-11-11,"JPM,XOM","AVGO,TSLA",15
2022-11-14,0.014273348304600947,0.001,0.013273348304600946,2022-11-14,2022-12-12,"META,NVDA","AMZN,TSLA",15
2022-11-15,0.006266464888750711,0.0,0.006266464888750711,2022-11-14,2022-12-12,"META,NVDA","AMZN,TSLA",15
2022-11-16,-0.00531848227994286,0.0,-0.00531848227994286,2022-11-14,2022-12-12,"META,NVDA","AMZN,TSLA",15
2022-11-17,0.003267476833732963,0.0,0.003267476833732963,2022-11-14,2022-12-12,"META,NVDA","AMZN,TSLA",15
2022-11-18,0.00301080640561574,0.0,0.00301080640561574,2022-11-14,2022-12-12,"META,NVDA","AMZN,TSLA",15
2022-11-21,0.015175683673711832,0.0,0.015175683673711832,2022-11-14,2022-12-12,"META,NVDA","AMZN,TSLA",15
2022-11-22,0.010324469692871319,0.0,0.010324469692871319,2022-11-14,2022-12-12,"META,NVDA","AMZN,TSLA",15
2022-11-23,-0.012756651493360305,0.0,-0.012756651493360305,2022-11-14,2022-12-12,"META,NVDA","AMZN,TSLA",15
2022-11-25,-0.003240783199559477,0.0,-0.003240783199559477,2022-11-14,2022-12-12,"META,NVDA","AMZN,TSLA",15
2022-11-28,-0.014235910983602856,0.0,-0.014235910983602856,2022-11-14,2022-12-12,"META,NVDA","AMZN,TSLA",15
2022-11-29,0.005520910345782504,0.0,0.005520910345782504,2022-11-14,2022-12-12,"META,NVDA","AMZN,TSLA",15
2022-11-30,0.010007794282347104,0.0,0.010007794282347104,2022-11-14,2022-12-12,"META,NVDA","AMZN,TSLA",15
2022-12-01,0.010778493567322078,0.0,0.010778493567322078,2022-11-14,2022-12-12,"META,NVDA","AMZN,TSLA",15
2022-12-02,0.00593317722029546,0.0,0.00593317722029546,2022-11-14,2022-12-12,"META,NVDA","AMZN,TSLA",15
2022-12-05,0.01812157286365068,0.0,0.01812157286365068,2022-11-14,2022-12-12,"META,NVDA","AMZN,TSLA",15
2022-12-06,-0.015160478219527151,0.0,-0.015160478219527151,2022-11-14,2022-12-12,"META,NVDA","AMZN,TSLA",15
2022-12-07,0.00910459558351251,0.0,0.00910459558351251,2022-11-14,2022-12-12,"META,NVDA","AMZN,TSLA",15
2022-12-08,0.014861038225582185,0.0,0.014861038225582185,2022-11-14,2022-12-12,"META,NVDA","AMZN,TSLA",15
2022-12-09,-0.005810594860633789,0.0,-0.005810594860633789,2022-11-14,2022-12-12,"META,NVDA","AMZN,TSLA",15
2022-12-12,0.01686860225083367,0.001,0.01586860225083367,2022-11-14,2022-12-12,"META,NVDA","AMZN,TSLA",15
2022-12-13,0.027012755245307912,0.001,0.02601275524530791,2022-12-13,2023-01-11,"META,NVDA","TSLA,XOM",15
2022-12-14,0.005778015260550329,0.0,0.005778015260550329,2022-12-13,2023-01-11,"META,NVDA","TSLA,XOM",15
2022-12-15,-0.020389664419666553,0.0,-0.020389664419666553,2022-12-13,2023-01-11,"META,NVDA","TSLA,XOM",15
2022-12-16,0.014992346723336603,0.0,0.014992346723336603,2022-12-13,2023-01-11,"META,NVDA","TSLA,XOM",15
2022-12-19,-0.015667276027822447,0.0,-0.015667276027822447,2022-12-13,2023-01-11,"META,NVDA","TSLA,XOM",15
2022-12-20,0.01962124771258275,0.0,0.01962124771258275,2022-12-13,2023-01-11,"META,NVDA","TSLA,XOM",15
2022-12-21,0.009373392841110273,0.0,0.009373392841110273,2022-12-13,2023-01-11,"META,NVDA","TSLA,XOM",15
2022-12-22,0.004134389299325192,0.0,0.004134389299325192,2022-12-13,2023-01-11,"META,NVDA","TSLA,XOM",15
2022-12-23,-0.0024273938618030733,0.0,-0.0024273938618030733,2022-12-13,2023-01-11,"META,NVDA","TSLA,XOM",15
2022-12-27,0.004753461185304592,0.0,0.004753461185304592,2022-12-13,2023-01-11,"META,NVDA","TSLA,XOM",15
2022-12-28,-0.008365584991150948,0.0,-0.008365584991150948,2022-12-13,2023-01-11,"META,NVDA","TSLA,XOM",15
2022-12-29,-0.001966424594681271,0.0,-0.001966424594681271,2022-12-13,2023-01-11,"META,NVDA","TSLA,XOM",15
2022-12-30,-0.004954668516477134,0.0,-0.004954668516477134,2022-12-13,2023-01-11,"META,NVDA","TSLA,XOM",15
2023-01-03,0.04322157079773126,0.0,0.04322157079773126,2022-12-13,2023-01-11,"META,NVDA","TSLA,XOM",15
2023-01-04,-0.0006893186059909739,0.0,-0.0006893186059909739,2022-12-13,2023-01-11,"META,NVDA","TSLA,XOM",15
2023-01-05,-0.007381728394683484,0.0,-0.007381728394683484,2022-12-13,2023-01-11,"META,NVDA","TSLA,XOM",15
2023-01-06,0.007291473885767841,0.0,0.007291473885767841,2022-12-13,2023-01-11,"META,NVDA","TSLA,XOM",15
2023-01-09,0.001702895548278932,0.0,0.001702895548278932,2022-12-13,2023-01-11,"META,NVDA","TSLA,XOM",15
2023-01-10,0.009478682322974719,0.0,0.009478682322974719,2022-12-13,2023-01-11,"META,NVDA","TSLA,XOM",15
2023-01-11,-0.010841299638069374,0.001,-0.011841299638069375,2022-12-13,2023-01-11,"META,NVDA","TSLA,XOM",15
2023-01-17,0.01000482156254101,0.001,0.00900482156254101,2023-01-17,2023-02-13,"META,NVDA","GOOGL,MSFT",16
2023-01-18,-0.0037239106380139164,0.0,-0.0037239106380139164,2023-01-17,2023-02-13,"META,NVDA","GOOGL,MSFT",16
2023-01-19,-0.004103890359565848,0.0,-0.004103890359565848,2023-01-17,2023-02-13,"META,NVDA","GOOGL,MSFT",16
2023-01-20,-0.00036078624052893193,0.0,-0.00036078624052893193,2023-01-17,2023-02-13,"META,NVDA","GOOGL,MSFT",16
2023-01-23,0.01900058006253491,0.0,0.01900058006253491,2023-01-17,2023-02-13,"META,NVDA","GOOGL,MSFT",16
2023-01-24,0.006503535011881778,0.0,0.006503535011881778,2023-01-17,2023-02-13,"META,NVDA","GOOGL,MSFT",16
2023-01-25,0.00571134985491259,0.0,0.00571134985491259,2023-01-17,2023-02-13,"META,NVDA","GOOGL,MSFT",16
2023-01-26,0.002727570519265532,0.0,0.002727570519265532,2023-01-17,2023-02-13,"META,NVDA","GOOGL,MSFT",16
2023-01-27,0.009739601846992685,0.0,0.009739601846992685,2023-01-17,2023-02-13,"META,NVDA","GOOGL,MSFT",16
2023-01-30,-0.010874701454968827,0.0,-0.010874701454968827,2023-01-17,2023-02-13,"META,NVDA","GOOGL,MSFT",16
2023-01-31,-0.0020136488621820825,0.0,-0.0020136488621820825,2023-01-17,2023-02-13,"META,NVDA","GOOGL,MSFT",16
2023-02-01,0.015950648632682918,0.0,0.015950648632682918,2023-01-17,2023-02-13,"META,NVDA","GOOGL,MSFT",16
2023-02-02,0.037432108962632604,0.0,0.037432108962632604,2023-01-17,2023-02-13,"META,NVDA","GOOGL,MSFT",16
2023-02-03,0.00279364621887937,0.0,0.00279364621887937,2023-01-17,2023-02-13,"META,NVDA","GOOGL,MSFT",16
2023-02-06,0.005254396745010742,0.0,0.005254396745010742,2023-01-17,2023-02-13,"META,NVDA","GOOGL,MSFT",16
2023-02-07,-0.0017006543655914697,0.0,-0.0017006543655914697,2023-01-17,2023-02-13,"META,NVDA","GOOGL,MSFT",16
2023-02-08,0.009658650034600258,0.0,0.009658650034600258,2023-01-17,2023-02-13,"META,NVDA","GOOGL,MSFT",16
2023-02-09,0.007860636623837125,0.0,0.007860636623837125,2023-01-17,2023-02-13,"META,NVDA","GOOGL,MSFT",16
2023-02-10,-0.01564456995703692,0.0,-0.01564456995703692,2023-01-17,2023-02-13,"META,NVDA","GOOGL,MSFT",16
2023-02-13,0.005811827005687942,0.001,0.004811827005687942,2023-01-17,2023-02-13,"META,NVDA","GOOGL,MSFT",16
2023-02-14,0.017545366260425577,0.001,0.016545366260425576,2023-02-14,2023-03-14,"META,TSLA","GOOGL,JPM",16
2023-02-15,-0.004284663900007674,0.0,-0.004284663900007674,2023-02-14,2023-03-14,"META,TSLA","GOOGL,JPM",16
2023-02-16,-0.013767000668982482,0.0,-0.013767000668982482,2023-02-14,2023-03-14,"META,TSLA","GOOGL,JPM",16
2023-02-17,0.010692321280961314,0.0,0.010692321280961314,2023-02-14,2023-03-14,"META,TSLA","GOOGL,JPM",16
2023-02-21,-0.002915874579279748,0.0,-0.002915874579279748,2023-02-14,2023-03-14,"META,TSLA","GOOGL,JPM",16
2023-02-22,0.005323052517476223,0.0,0.005323052517476223,2023-02-14,2023-03-14,"META,TSLA","GOOGL,JPM",16
2023-02-23,0.002920460342302089,0.0,0.002920460342302089,2023-02-14,2023-03-14,"META,TSLA","GOOGL,JPM",16
2023-02-24,-0.0062329716204813645,0.0,-0.0062329716204813645,2023-02-14,2023-03-14,"META,TSLA","GOOGL,JPM",16
2023-02-27,0.008145736110213325,0.0,0.008145736110213325,2023-02-14,2023-03-14,"META,TSLA","GOOGL,JPM",16
2023-02-28,0.0030296315704018972,0.0,0.0030296315704018972,2023-02-14,2023-03-14,"META,TSLA","GOOGL,JPM",16
2023-03-01,-0.005182638661148931,0.0,-0.005182638661148931,2023-02-14,2023-03-14,"META,TSLA","GOOGL,JPM",16
2023-03-02,-0.014976588594805496,0.0,-0.014976588594805496,2023-02-14,2023-03-14,"META,TSLA","GOOGL,JPM",16
2023-03-03,0.015304998270356751,0.0,0.015304998270356751,2023-02-14,2023-03-14,"META,TSLA","GOOGL,JPM",16
2023-03-06,-0.007992036955809134,0.0,-0.007992036955809134,2023-02-14,2023-03-14,"META,TSLA","GOOGL,JPM",16
2023-03-07,0.0022936402554833424,0.0,0.0022936402554833424,2023-02-14,2023-03-14,"META,TSLA","GOOGL,JPM",16
2023-03-08,-0.0065415541586426595,0.0,-0.0065415541586426595,2023-02-14,2023-03-14,"META,TSLA","GOOGL,JPM",16
2023-03-09,0.0017478726762613639,0.0,0.0017478726762613639,2023-02-14,2023-03-14,"META,TSLA","GOOGL,JPM",16
2023-03-10,-0.00402010530698943,0.0,-0.00402010530698943,2023-02-14,2023-03-14,"META,TSLA","GOOGL,JPM",16
2023-03-13,0.006600101670858977,0.0,0.006600101670858977,2023-02-14,2023-03-14,"META,TSLA","GOOGL,JPM",16
2023-03-14,0.01644515452081341,0.001,0.015445154520813409,2023-02-14,2023-03-14,"META,TSLA","GOOGL,JPM",16
2023-03-15,0.030768316439381882,0.001,0.02976831643938188,2023-03-15,2023-04-12,"META,NVDA","JPM,XOM",16
2023-03-16,0.01922363662242846,0.0,0.01922363662242846,2023-03-15,2023-04-12,"META,NVDA","JPM,XOM",16
2023-03-17,0.0028214492211264264,0.0,0.0028214492211264264,2023-03-15,2023-04-12,"META,NVDA","JPM,XOM",16
2023-03-20,-0.004665919039718025,0.0,-0.004665919039718025,2023-03-15,2023-04-12,"META,NVDA","JPM,XOM",16
2023-03-21,-0.009521990940874192,0.0,-0.009521990940874192,2023-03-15,2023-04-12,"META,NVDA","JPM,XOM",16
2023-03-22,0.011836388725402491,0.0,0.011836388725402491,2023-03-15,2023-04-12,"META,NVDA","JPM,XOM",16
2023-03-23,0.015910741506443116,0.0,0.015910741506443116,2023-03-15,2023-04-12,"META,NVDA","JPM,XOM",16
2023-03-24,0.0018430270688058192,0.0,0.0018430270688058192,2023-03-15,2023-04-12,"META,NVDA","JPM,XOM",16
2023-03-27,-0.018808790033850664,0.0,-0.018808790033850664,2023-03-15,2023-04-12,"META,NVDA","JPM,XOM",16
2023-03-28,-0.007680362598093016,0.0,-0.007680362598093016,2023-03-15,2023-04-12,"META,NVDA","JPM,XOM",16
2023-03-29,0.0064526789026812525,0.0,0.0064526789026812525,2023-03-15,2023-04-12,"META,NVDA","JPM,XOM",16
2023-03-30,0.006267019425396814,0.0,0.006267019425396814,2023-03-15,2023-04-12,"META,NVDA","JPM,XOM",16
2023-03-31,0.005111457696910238,0.0,0.005111457696910238,2023-03-15,2023-04-12,"META,NVDA","JPM,XOM",16
2023-04-03,-0.011437315667520515,0.0,-0.011437315667520515,2023-03-15,2023-04-12,"META,NVDA","JPM,XOM",16
2023-04-04,0.003090439358923308,0.0,0.003090439358923308,2023-03-15,2023-04-12,"META,NVDA","JPM,XOM",16
2023-04-05,-0.01363585091175848,0.0,-0.01363585091175848,2023-03-15,2023-04-12,"META,NVDA","JPM,XOM",16
2023-04-06,0.011332212728448171,0.0,0.011332212728448171,2023-03-15,2023-04-12,"META,NVDA","JPM,XOM",16
2023-04-10,0.003734349200027659,0.0,0.003734349200027659,2023-03-15,2023-04-12,"META,NVDA","JPM,XOM",16
2023-04-11,-0.0077637153285479155,0.0,-0.0077637153285479155,2023-03-15,2023-04-12,"META,NVDA","JPM,XOM",16
2023-04-12,-0.00572759386329566,0.001,-0.00672759386329566,2023-03-15,2023-04-12,"META,NVDA","JPM,XOM",16
2023-04-17,0.002916212154783271,0.001,0.0019162121547832709,2023-04-17,2023-05-12,"JPM,META","GOOGL,TSLA",17
2023-04-18,0.008815971189311683,0.0,0.008815971189311683,2023-04-17,2023-05-12,"JPM,META","GOOGL,TSLA",17
2023-04-19,0.002980350095455331,0.0,0.002980350095455331,2023-04-17,2023-05-12,"JPM,META","GOOGL,TSLA",17
2023-04-20,0.017927019530270816,0.0,0.017927019530270816,2023-04-17,2023-05-12,"JPM,META","GOOGL,TSLA",17
2023-04-21,-0.004181222760649389,0.0,-0.004181222760649389,2023-04-17,2023-05-12,"JPM,META","GOOGL,TSLA",17
2023-04-24,0.002723769364394113,0.0,0.002723769364394113,2023-04-17,2023-05-12,"JPM,META","GOOGL,TSLA",17
2023-04-25,-0.003699383726314981,0.0,-0.003699383726314981,2023-04-17,2023-05-12,"JPM,META","GOOGL,TSLA",17
2023-04-26,0.008901930804710745,0.0,0.008901930804710745,2023-04-17,2023-05-12,"JPM,META","GOOGL,TSLA",17
2023-04-27,0.018353912299087283,0.0,0.018353912299087283,2023-04-17,2023-05-12,"JPM,META","GOOGL,TSLA",17
2023-04-28,-0.0018339045301669354,0.0,-0.0018339045301669354,2023-04-17,2023-05-12,"JPM,META","GOOGL,TSLA",17
2023-05-01,0.012427619022255892,0.0,0.012427619022255892,2023-04-17,2023-05-12,"JPM,META","GOOGL,TSLA",17
2023-05-02,-0.0013547600480365019,0.0,-0.0013547600480365019,2023-04-17,2023-05-12,"JPM,META","GOOGL,TSLA",17
2023-05-03,-0.00828174385467173,0.0,-0.00828174385467173,2023-04-17,2023-05-12,"JPM,META","GOOGL,TSLA",17
2023-05-04,-0.00633244555667109,0.0,-0.00633244555667109,2023-04-17,2023-05-12,"JPM,META","GOOGL,TSLA",17
2023-05-05,-0.011750716671953848,0.0,-0.011750716671953848,2023-04-17,2023-05-12,"JPM,META","GOOGL,TSLA",17
2023-05-08,-0.006623357406629393,0.0,-0.006623357406629393,2023-04-17,2023-05-12,"JPM,META","GOOGL,TSLA",17
2023-05-09,0.0037196484464591395,0.0,0.0037196484464591395,2023-04-17,2023-05-12,"JPM,META","GOOGL,TSLA",17
2023-05-10,-0.009527706652409679,0.0,-0.009527706652409679,2023-04-17,2023-05-12,"JPM,META","GOOGL,TSLA",17
2023-05-11,-0.013914942924692558,0.0,-0.013914942924692558,2023-04-17,2023-05-12,"JPM,META","GOOGL,TSLA",17
2023-05-12,-0.0017419580560313619,0.001,-0.002741958056031362,2023-04-17,2023-05-12,"JPM,META","GOOGL,TSLA",17
2023-05-15,0.009480133421658543,0.001,0.008480133421658542,2023-05-15,2023-06-12,"AMZN,META","TSLA,XOM",17
2023-05-16,0.010716083741643456,0.0,0.010716083741643456,2023-05-15,2023-06-12,"AMZN,META","TSLA,XOM",17
2023-05-17,-0.008156996354183488,0.0,-0.008156996354183488,2023-05-15,2023-06-12,"AMZN,META","TSLA,XOM",17
2023-05-18,0.0036083041105711144,0.0,0.0036083041105711144,2023-05-15,2023-06-12,"AMZN,META","TSLA,XOM",17
2023-05-19,-0.0109972221034291,0.0,-0.0109972221034291,2023-05-15,2023-06-12,"AMZN,META","TSLA,XOM",17
2023-05-22,-0.009019660162362386,0.0,-0.009019660162362386,2023-05-15,2023-06-12,"AMZN,META","TSLA,XOM",17
2023-05-23,-0.0009365858669559413,0.0,-0.0009365858669559413,2023-05-15,2023-06-12,"AMZN,META","TSLA,XOM",17
2023-05-24,0.007395378867153191,0.0,0.007395378867153191,2023-05-15,2023-06-12,"AMZN,META","TSLA,XOM",17
2023-05-25,0.002082283363048859,0.0,0.002082283363048859,2023-05-15,2023-06-12,"AMZN,META","TSLA,XOM",17
2023-05-26,0.010201228845686111,0.0,0.010201228845686111,2023-05-15,2023-06-12,"AMZN,META","TSLA,XOM",17
2023-05-30,-0.004441526757772762,0.0,-0.004441526757772762,2023-05-15,2023-06-12,"AMZN,META","TSLA,XOM",17
2023-05-31,0.0009026790547985164,0.0,0.0009026790547985164,2023-05-15,2023-06-12,"AMZN,META","TSLA,XOM",17
2023-06-01,0.004703660863889847,0.0,0.004703660863889847,2023-05-15,2023-06-12,"AMZN,META","TSLA,XOM",17
2023-06-02,-0.010561507754403454,0.0,-0.010561507754403454,2023-05-15,2023-06-12,"AMZN,META","TSLA,XOM",17
2023-06-05,-0.0021479909515977336,0.0,-0.0021479909515977336,2023-05-15,2023-06-12,"AMZN,META","TSLA,XOM",17
2023-06-06,-0.003927736356911377,0.0,-0.003927736356911377,2023-05-15,2023-06-12,"AMZN,META","TSLA,XOM",17
2023-06-07,-0.026845204757046576,0.0,-0.026845204757046576,2023-05-15,2023-06-12,"AMZN,META","TSLA,XOM",17
2023-06-08,-0.0035148954729627147,0.0,-0.0035148954729627147,2023-05-15,2023-06-12,"AMZN,META","TSLA,XOM",17
2023-06-09,-0.009606609190479315,0.0,-0.009606609190479315,2023-05-15,2023-06-12,"AMZN,META","TSLA,XOM",17
2023-06-12,0.00881941650100701,0.001,0.00781941650100701,2023-05-15,2023-06-12,"AMZN,META","TSLA,XOM",17
2023-06-13,0.018206112457408663,0.001,0.017206112457408662,2023-06-13,2023-07-12,"NVDA,TSLA","GOOGL,XOM",17
2023-06-14,0.013510348900910685,0.0,0.013510348900910685,2023-06-13,2023-07-12,"NVDA,TSLA","GOOGL,XOM",17
2023-06-15,-0.007472622020267661,0.0,-0.007472622020267661,2023-06-13,2023-07-12,"NVDA,TSLA","GOOGL,XOM",17
2023-06-16,0.009673647006236963,0.0,0.009673647006236963,2023-06-13,2023-07-12,"NVDA,TSLA","GOOGL,XOM",17
2023-06-20,0.026483692932600916,0.0,0.026483692932600916,2023-06-13,2023-07-12,"NVDA,TSLA","GOOGL,XOM",17
2023-06-21,-0.015628941057719253,0.0,-0.015628941057719253,2023-06-13,2023-07-12,"NVDA,TSLA","GOOGL,XOM",17
2023-06-22,0.0008259789152871011,0.0,0.0008259789152871011,2023-06-13,2023-07-12,"NVDA,TSLA","GOOGL,XOM",17
2023-06-23,-0.008486645985012031,0.0,-0.008486645985012031,2023-06-13,2023-07-12,"NVDA,TSLA","GOOGL,XOM",17
2023-06-26,-0.020930756354257063,0.0,-0.020930756354257063,2023-06-13,2023-07-12,"NVDA,TSLA","GOOGL,XOM",17
2023-06-27,0.016551961331430137,0.0,0.016551961331430137,2023-06-13,2023-07-12,"NVDA,TSLA","GOOGL,XOM",17
2023-06-28,-0.004447385904241069,0.0,-0.004447385904241069,2023-06-13,2023-07-12,"NVDA,TSLA","GOOGL,XOM",17
2023-06-29,-0.001401204119329702,0.0,-0.001401204119329702,2023-06-13,2023-07-12,"NVDA,TSLA","GOOGL,XOM",17
2023-06-30,0.010661294236735064,0.0,0.010661294236735064,2023-06-13,2023-07-12,"NVDA,TSLA","GOOGL,XOM",17
2023-07-03,0.016987203664347583,0.0,0.016987203664347583,2023-06-13,2023-07-12,"NVDA,TSLA","GOOGL,XOM",17
2023-07-05,-0.0007671663413223173,0.0,-0.0007671663413223173,2023-06-13,2023-07-12,"NVDA,TSLA","GOOGL,XOM",17
2023-07-06,0.0061765429430362395,0.0,0.0061765429430362395,2023-06-13,2023-07-12,"NVDA,TSLA","GOOGL,XOM",17
2023-07-07,0.0011958785648444326,0.0,0.0011958785648444326,2023-06-13,2023-07-12,"NVDA,TSLA","GOOGL,XOM",17
2023-07-10,-0.003658677088312551,0.0,-0.003658677088312551,2023-06-13,2023-07-12,"NVDA,TSLA","GOOGL,XOM",17
2023-07-11,-0.003037396645344137,0.0,-0.003037396645344137,2023-06-13,2023-07-12,"NVDA,TSLA","GOOGL,XOM",17
2023-07-12,0.005817272467461554,0.001,0.004817272467461554,2023-06-13,2023-07-12,"NVDA,TSLA","GOOGL,XOM",17
2023-07-17,0.013895608494120554,0.001,0.012895608494120553,2023-07-17,2023-08-11,"NVDA,TSLA","GOOGL,XOM",18
2023-07-18,0.011026197566797402,0.0,0.011026197566797402,2023-07-17,2023-08-11,"NVDA,TSLA","GOOGL,XOM",18
2023-07-19,-0.0022070980556784803,0.0,-0.0022070980556784803,2023-07-17,2023-08-11,"NVDA,TSLA","GOOGL,XOM",18
2023-07-20,-0.031216718842020402,0.0,-0.031216718842020402,2023-07-17,2023-08-11,"NVDA,TSLA","GOOGL,XOM",18
2023-07-21,-0.012269850410019073,0.0,-0.012269850410019073,2023-07-17,2023-08-11,"NVDA,TSLA","GOOGL,XOM",18
2023-07-24,0.0033334419433402873,0.0,0.0033334419433402873,2023-07-17,2023-08-11,"NVDA,TSLA","GOOGL,XOM",18
2023-07-25,0.0006892085963497996,0.0,0.0006892085963497996,2023-07-17,2023-08-11,"NVDA,TSLA","GOOGL,XOM",18
2023-07-26,-0.015165368029881304,0.0,-0.015165368029881304,2023-07-17,2023-08-11,"NVDA,TSLA","GOOGL,XOM",18
2023-07-27,-0.006743298636985223,0.0,-0.006743298636985223,2023-07-17,2023-08-11,"NVDA,TSLA","GOOGL,XOM",18
2023-07-28,0.011964242745065967,0.0,0.011964242745065967,2023-07-17,2023-08-11,"NVDA,TSLA","GOOGL,XOM",18
2023-07-31,-0.006839783080169054,0.0,-0.006839783080169054,2023-07-17,2023-08-11,"NVDA,TSLA","GOOGL,XOM",18
2023-08-01,-0.0034839509697004167,0.0,-0.0034839509697004167,2023-07-17,2023-08-11,"NVDA,TSLA","GOOGL,XOM",18
2023-08-02,-0.009552383994949815,0.0,-0.009552383994949815,2023-07-17,2023-08-11,"NVDA,TSLA","GOOGL,XOM",18
2023-08-03,0.0020334298295355824,0.0,0.0020334298295355824,2023-07-17,2023-08-11,"NVDA,TSLA","GOOGL,XOM",18
2023-08-04,-0.004375583236168767,0.0,-0.004375583236168767,2023-07-17,2023-08-11,"NVDA,TSLA","GOOGL,XOM",18
2023-08-07,-0.004411425415316833,0.0,-0.004411425415316833,2023-07-17,2023-08-11,"NVDA,TSLA","GOOGL,XOM",18
2023-08-08,-0.0068738055494035055,0.0,-0.0068738055494035055,2023-07-17,2023-08-11,"NVDA,TSLA","GOOGL,XOM",18
2023-08-09,-0.020265601097710556,0.0,-0.020265601097710556,2023-07-17,2023-08-11,"NVDA,TSLA","GOOGL,XOM",18
2023-08-10,0.0009405567249995694,0.0,0.0009405567249995694,2023-07-17,2023-08-11,"NVDA,TSLA","GOOGL,XOM",18
2023-08-11,-0.015413983955379545,0.001,-0.016413983955379546,2023-07-17,2023-08-11,"NVDA,TSLA","GOOGL,XOM",18
2023-08-14,0.016796416933218816,0.001,0.015796416933218815,2023-08-14,2023-09-11,"META,NVDA","AAPL,MSFT",18
2023-08-15,0.0020885190194228076,0.0,0.0020885190194228076,2023-08-14,2023-09-11,"META,NVDA","AAPL,MSFT",18
2023-08-16,-0.00707820901664305,0.0,-0.00707820901664305,2023-08-14,2023-09-11,"META,NVDA","AAPL,MSFT",18
2023-08-17,-0.0022464890205919907,0.0,-0.0022464890205919907,2023-08-14,2023-09-11,"META,NVDA","AAPL,MSFT",18
2023-08-18,-0.0022614594242160446,0.0,-0.0022614594242160446,2023-08-14,2023-09-11,"META,NVDA","AAPL,MSFT",18
2023-08-21,0.020847841433316194,0.0,0.020847841433316194,2023-08-14,2023-09-11,"META,NVDA","AAPL,MSFT",18
2023-08-22,-0.011324543611521853,0.0,-0.011324543611521853,2023-08-14,2023-09-11,"META,NVDA","AAPL,MSFT",18
2023-08-23,0.004691576398774933,0.0,0.004691576398774933,2023-08-14,2023-09-11,"META,NVDA","AAPL,MSFT",18
2023-08-24,0.005802743142130168,0.0,0.005802743142130168,2023-08-14,2023-09-11,"META,NVDA","AAPL,MSFT",18
2023-08-25,-0.012671720956840826,0.0,-0.012671720956840826,2023-08-14,2023-09-11,"META,NVDA","AAPL,MSFT",18
2023-08-28,0.0058377729850285776,0.0,0.0058377729850285776,2023-08-14,2023-09-11,"META,NVDA","AAPL,MSFT",18
2023-08-29,0.00797113378427583,0.0,0.00797113378427583,2023-08-14,2023-09-11,"META,NVDA","AAPL,MSFT",18
2023-08-30,-0.005046999460095125,0.0,-0.005046999460095125,2023-08-14,2023-09-11,"META,NVDA","AAPL,MSFT",18
2023-08-31,0.0016211098776366673,0.0,0.0016211098776366673,2023-08-14,2023-09-11,"META,NVDA","AAPL,MSFT",18
2023-09-01,-0.006673622314261218,0.0,-0.006673622314261218,2023-08-14,2023-09-11,"META,NVDA","AAPL,MSFT",18
2023-09-05,-0.0006552213964421405,0.0,-0.0006552213964421405,2023-08-14,2023-09-11,"META,NVDA","AAPL,MSFT",18
2023-09-06,0.0009967991078478067,0.0,0.0009967991078478067,2023-08-14,2023-09-11,"META,NVDA","AAPL,MSFT",18
2023-09-07,0.004768969019209618,0.0,0.004768969019209618,2023-08-14,2023-09-11,"META,NVDA","AAPL,MSFT",18
2023-09-08,-0.008446669820681624,0.0,-0.008446669820681624,2023-08-14,2023-09-11,"META,NVDA","AAPL,MSFT",18
2023-09-11,0.0015535229085570368,0.001,0.0005535229085570368,2023-08-14,2023-09-11,"META,NVDA","AAPL,MSFT",18
2023-09-12,0.012544835545910543,0.001,0.011544835545910542,2023-09-12,2023-10-09,"AMZN,XOM","AAPL,AVGO",18
2023-09-13,0.004647934364200829,0.0,0.004647934364200829,2023-09-12,2023-10-09,"AMZN,XOM","AAPL,AVGO",18
2023-09-14,-0.003438265372715854,0.0,-0.003438265372715854,2023-09-12,2023-10-09,"AMZN,XOM","AAPL,AVGO",18
2023-09-15,-0.004555665229886929,0.0,-0.004555665229886929,2023-09-12,2023-10-09,"AMZN,XOM","AAPL,AVGO",18
2023-09-18,-0.0024515727114219066,0.0,-0.0024515727114219066,2023-09-12,2023-10-09,"AMZN,XOM","AAPL,AVGO",18
2023-09-19,-0.006165704338631506,0.0,-0.006165704338631506,2023-09-12,2023-10-09,"AMZN,XOM","AAPL,AVGO",18
2023-09-20,0.00291866734056509,0.0,0.00291866734056509,2023-09-12,2023-10-09,"AMZN,XOM","AAPL,AVGO",18
2023-09-21,-0.0056281362645835,0.0,-0.0056281362645835,2023-09-12,2023-10-09,"AMZN,XOM","AAPL,AVGO",18
2023-09-22,-0.007657963716398625,0.0,-0.007657963716398625,2023-09-12,2023-10-09,"AMZN,XOM","AAPL,AVGO",18
2023-09-25,0.003673103659586785,0.0,0.003673103659586785,2023-09-12,2023-10-09,"AMZN,XOM","AAPL,AVGO",18
2023-09-26,0.001468560683105441,0.0,0.001468560683105441,2023-09-12,2023-10-09,"AMZN,XOM","AAPL,AVGO",18
2023-09-27,0.010173829450471017,0.0,0.010173829450471017,2023-09-12,2023-10-09,"AMZN,XOM","AAPL,AVGO",18
2023-09-28,-0.00654894286089483,0.0,-0.00654894286089483,2023-09-12,2023-10-09,"AMZN,XOM","AAPL,AVGO",18
2023-09-29,-0.002027569043090899,0.0,-0.002027569043090899,2023-09-12,2023-10-09,"AMZN,XOM","AAPL,AVGO",18
2023-10-02,-0.004568381787532605,0.0,-0.004568381787532605,2023-09-12,2023-10-09,"AMZN,XOM","AAPL,AVGO",18
2023-10-03,-0.0007542130432824645,0.0,-0.0007542130432824645,2023-09-12,2023-10-09,"AMZN,XOM","AAPL,AVGO",18
2023-10-04,-0.009357724237673226,0.0,-0.009357724237673226,2023-09-12,2023-10-09,"AMZN,XOM","AAPL,AVGO",18
2023-10-05,-0.009489730014688003,0.0,-0.009489730014688003,2023-09-12,2023-10-09,"AMZN,XOM","AAPL,AVGO",18
2023-10-06,-0.010386628571541073,0.0,-0.010386628571541073,2023-09-12,2023-10-09,"AMZN,XOM","AAPL,AVGO",18
2023-10-09,0.004080095673635709,0.001,0.0030800956736357086,2023-09-12,2023-10-09,"AMZN,XOM","AAPL,AVGO",18
2023-10-16,0.008370245498703632,0.001,0.007370245498703632,2023-10-16,2023-11-10,"GOOGL,META","JPM,XOM",19
2023-10-17,0.0005997406921536552,0.0,0.0005997406921536552,2023-10-16,2023-11-10,"GOOGL,META","JPM,XOM",19
2023-10-18,-0.009329510418512599,0.0,-0.009329510418512599,2023-10-16,2023-11-10,"GOOGL,META","JPM,XOM",19
2023-10-19,-0.0027543729190714905,0.0,-0.0027543729190714905,2023-10-16,2023-11-10,"GOOGL,META","JPM,XOM",19
2023-10-20,0.0010912040427838998,0.0,0.0010912040427838998,2023-10-16,2023-11-10,"GOOGL,META","JPM,XOM",19
2023-10-23,0.013079450239451035,0.0,0.013079450239451035,2023-10-16,2023-11-10,"GOOGL,META","JPM,XOM",19
2023-10-24,0.005188196145339913,0.0,0.005188196145339913,2023-10-16,2023-11-10,"GOOGL,META","JPM,XOM",19
2023-10-25,-0.033285524776806574,0.0,-0.033285524776806574,2023-10-16,2023-11-10,"GOOGL,META","JPM,XOM",19
2023-10-26,-0.014320776299673293,0.0,-0.014320776299673293,2023-10-16,2023-11-10,"GOOGL,META","JPM,XOM",19
2023-10-27,0.02080831045869258,0.0,0.02080831045869258,2023-10-16,2023-11-10,"GOOGL,META","JPM,XOM",19
2023-10-30,0.005713191124600447,0.0,0.005713191124600447,2023-10-16,2023-11-10,"GOOGL,META","JPM,XOM",19
2023-10-31,-0.004824176463700314,0.0,-0.004824176463700314,2023-10-16,2023-11-10,"GOOGL,META","JPM,XOM",19
2023-11-01,0.014266415771094554,0.0,0.014266415771094554,2023-10-16,2023-11-10,"GOOGL,META","JPM,XOM",19
2023-11-02,-0.011403782656296407,0.0,-0.011403782656296407,2023-10-16,2023-11-10,"GOOGL,META","JPM,XOM",19
2023-11-03,0.0064111135425376775,0.0,0.0064111135425376775,2023-10-16,2023-11-10,"GOOGL,META","JPM,XOM",19
2023-11-06,0.005722632896076635,0.0,0.005722632896076635,2023-10-16,2023-11-10,"GOOGL,META","JPM,XOM",19
2023-11-07,0.00781412428625955,0.0,0.00781412428625955,2023-10-16,2023-11-10,"GOOGL,META","JPM,XOM",19
2023-11-08,0.004251724554413444,0.0,0.004251724554413444,2023-10-16,2023-11-10,"GOOGL,META","JPM,XOM",19
2023-11-09,-0.0017621513362536256,0.0,-0.0017621513362536256,2023-10-16,2023-11-10,"GOOGL,META","JPM,XOM",19
2023-11-10,0.005295781997420146,0.001,0.004295781997420146,2023-10-16,2023-11-10,"GOOGL,META","JPM,XOM",19
2023-11-13,-0.0032194771097898978,0.001,-0.004219477109789898,2023-11-13,2023-12-11,"META,MSFT","JPM,XOM",19
2023-11-14,0.002330644724580222,0.0,0.002330644724580222,2023-11-13,2023-12-11,"META,MSFT","JPM,XOM",19
2023-11-15,-0.0032538734424944205,0.0,-0.0032538734424944205,2023-11-13,2023-12-11,"META,MSFT","JPM,XOM",19
2023-11-16,0.005547008243583951,0.0,0.005547008243583951,2023-11-13,2023-12-11,"META,MSFT","JPM,XOM",19
2023-11-17,-0.011925706395956026,0.0,-0.011925706395956026,2023-11-13,2023-12-11,"META,MSFT","JPM,XOM",19
2023-11-20,0.009135894448075027,0.0,0.009135894448075027,2023-11-13,2023-12-11,"META,MSFT","JPM,XOM",19
2023-11-21,-0.004475614040000492,0.0,-0.004475614040000492,2023-11-13,2023-12-11,"META,MSFT","JPM,XOM",19
2023-11-22,0.007037584228123783,0.0,0.007037584228123783,2023-11-13,2023-12-11,"META,MSFT","JPM,XOM",19
2023-11-24,-0.0043529307706201,0.0,-0.0043529307706201,2023-11-13,2023-12-11,"META,MSFT","JPM,XOM",19
2023-11-27,0.0002007524266708638,0.0,0.0002007524266708638,2023-11-13,2023-12-11,"META,MSFT","JPM,XOM",19
2023-11-28,0.005478107637469309,0.0,0.005478107637469309,2023-11-13,2023-12-11,"META,MSFT","JPM,XOM",19
2023-11-29,-0.0050389618876834075,0.0,-0.0050389618876834075,2023-11-13,2023-12-11,"META,MSFT","JPM,XOM",19
2023-11-30,-0.0075892336132420135,0.0,-0.0075892336132420135,2023-11-13,2023-12-11,"META,MSFT","JPM,XOM",19
2023-12-01,-0.00650913453717733,0.0,-0.00650913453717733,2023-11-13,2023-12-11,"META,MSFT","JPM,XOM",19
2023-12-04,-0.007752950228587768,0.0,-0.007752950228587768,2023-11-13,2023-12-11,"META,MSFT","JPM,XOM",19
2023-12-05,0.005826367940800742,0.0,0.005826367940800742,2023-11-13,2023-12-11,"META,MSFT","JPM,XOM",19
2023-12-06,0.0027812122463282685,0.0,0.0027812122463282685,2023-11-13,2023-12-11,"META,MSFT","JPM,XOM",19
2023-12-07,0.009628140475701208,0.0,0.009628140475701208,2023-11-13,2023-12-11,"META,MSFT","JPM,XOM",19
2023-12-08,0.0012971502384412914,0.0,0.0012971502384412914,2023-11-13,2023-12-11,"META,MSFT","JPM,XOM",19
2023-12-11,-0.008660166491773341,0.001,-0.009660166491773342,2023-11-13,2023-12-11,"META,MSFT","JPM,XOM",19
2023-12-12,0.02276367639003765,0.001,0.02176367639003765,2023-12-12,2024-01-10,"AVGO,NVDA","TSLA,XOM",19
2023-12-13,0.001696849347659568,0.0,0.001696849347659568,2023-12-12,2024-01-10,"AVGO,NVDA","TSLA,XOM",19
2023-12-14,-0.01379264061338581,0.0,-0.01379264061338581,2023-12-12,2024-01-10,"AVGO,NVDA","TSLA,XOM",19
2023-12-15,0.00727912416704854,0.0,0.00727912416704854,2023-12-12,2024-01-10,"AVGO,NVDA","TSLA,XOM",19
2023-12-18,0.009431238362048205,0.0,0.009431238362048205,2023-12-12,2024-01-10,"AVGO,NVDA","TSLA,XOM",19
2023-12-19,-0.011229678112729041,0.0,-0.011229678112729041,2023-12-12,2024-01-10,"AVGO,NVDA","TSLA,XOM",19
2023-12-20,4.172634980420531e-05,0.0,4.172634980420531e-05,2023-12-12,2024-01-10,"AVGO,NVDA","TSLA,XOM",19
2023-12-21,-0.00020588916279312697,0.0,-0.00020588916279312697,2023-12-12,2024-01-10,"AVGO,NVDA","TSLA,XOM",19
2023-12-22,-0.0005111186211565755,0.0,-0.0005111186211565755,2023-12-12,2024-01-10,"AVGO,NVDA","TSLA,XOM",19
2023-12-26,-8.627122061838355e-05,0.0,-8.627122061838355e-05,2023-12-12,2024-01-10,"AVGO,NVDA","TSLA,XOM",19
2023-12-27,-0.004094089271798884,0.0,-0.004094089271798884,2023-12-12,2024-01-10,"AVGO,NVDA","TSLA,XOM",19
2023-12-28,0.011210082876141891,0.0,0.011210082876141891,2023-12-12,2024-01-10,"AVGO,NVDA","TSLA,XOM",19
2023-12-29,0.0037929611234540084,0.0,0.0037929611234540084,2023-12-12,2024-01-10,"AVGO,NVDA","TSLA,XOM",19
2024-01-02,-0.01964003275307119,0.0,-0.01964003275307119,2023-12-12,2024-01-10,"AVGO,NVDA","TSLA,XOM",19
2024-01-03,-0.00134883817098147,0.0,-0.00134883817098147,2023-12-12,2024-01-10,"AVGO,NVDA","TSLA,XOM",19
2024-01-04,0.0027195847778752336,0.0,0.0027195847778752336,2023-12-12,2024-01-10,"AVGO,NVDA","TSLA,XOM",19
2024-01-05,0.005493362904270188,0.0,0.005493362904270188,2023-12-12,2024-01-10,"AVGO,NVDA","TSLA,XOM",19
2024-01-08,0.02321205614893898,0.0,0.02321205614893898,2023-12-12,2024-01-10,"AVGO,NVDA","TSLA,XOM",19
2024-01-09,0.014825265615327016,0.0,0.014825265615327016,2023-12-12,2024-01-10,"AVGO,NVDA","TSLA,XOM",19
2024-01-10,0.008792500922314234,0.001,0.007792500922314234,2023-12-12,2024-01-10,"AVGO,NVDA","TSLA,XOM",19
2024-01-16,-0.0031320733423938207,0.001,-0.004132073342393821,2024-01-16,2024-02-12,"META,MSFT","JPM,TSLA",20
2024-01-17,0.006402670043828135,0.0,0.006402670043828135,2024-01-16,2024-02-12,"META,MSFT","JPM,TSLA",20
2024-01-18,0.011853643062571861,0.0,0.011853643062571861,2024-01-16,2024-02-12,"META,MSFT","JPM,TSLA",20
2024-01-19,0.0032307190641676087,0.0,0.0032307190641676087,2024-01-16,2024-02-12,"META,MSFT","JPM,TSLA",20
2024-01-22,0.001844349382154914,0.0,0.001844349382154914,2024-01-16,2024-02-12,"META,MSFT","JPM,TSLA",20
2024-01-23,0.004985256967820456,0.0,0.004985256967820456,2024-01-16,2024-02-12,"META,MSFT","JPM,TSLA",20
2024-01-24,0.005195521655268737,0.0,0.005195521655268737,2024-01-16,2024-02-12,"META,MSFT","JPM,TSLA",20
2024-01-25,0.029756922808079123,0.0,0.029756922808079123,2024-01-16,2024-02-12,"META,MSFT","JPM,TSLA",20
2024-01-26,0.00013538169055141158,0.0,0.00013538169055141158,2024-01-16,2024-02-12,"META,MSFT","JPM,TSLA",20
2024-01-29,-0.003182975760753326,0.0,-0.003182975760753326,2024-01-16,2024-02-12,"META,MSFT","JPM,TSLA",20
2024-01-30,-0.007275826308209027,0.0,-0.007275826308209027,2024-01-16,2024-02-12,"META,MSFT","JPM,TSLA",20
2024-01-31,-0.004615803415149694,0.0,-0.004615803415149694,2024-01-16,2024-02-12,"META,MSFT","JPM,TSLA",20
2024-02-01,0.005679533515074692,0.0,0.005679533515074692,2024-01-16,2024-02-12,"META,MSFT","JPM,TSLA",20
2024-02-02,0.05521910758819404,0.0,0.05521910758819404,2024-01-16,2024-02-12,"META,MSFT","JPM,TSLA",20
2024-02-05,-0.0021439775111602166,0.0,-0.0021439775111602166,2024-01-16,2024-02-12,"META,MSFT","JPM,TSLA",20
2024-02-06,-0.009088667871736372,0.0,-0.009088667871736372,2024-01-16,2024-02-12,"META,MSFT","JPM,TSLA",20
2024-02-07,0.009632257200679728,0.0,0.009632257200679728,2024-01-16,2024-02-12,"META,MSFT","JPM,TSLA",20
2024-02-08,-0.0014866118818018803,0.0,-0.0014866118818018803,2024-01-16,2024-02-12,"META,MSFT","JPM,TSLA",20
2024-02-09,-0.0027063530128679236,0.0,-0.0027063530128679236,2024-01-16,2024-02-12,"META,MSFT","JPM,TSLA",20
2024-02-12,0.0031889626867475096,0.001,0.0021889626867475096,2024-01-16,2024-02-12,"META,MSFT","JPM,TSLA",20
2024-02-13,-0.0007105885529967992,0.001,-0.0017105885529967993,2024-02-13,2024-03-12,"META,TSLA","GOOGL,MSFT",20
2024-02-14,0.009727645584932165,0.0,0.009727645584932165,2024-02-13,2024-03-12,"META,TSLA","GOOGL,MSFT",20
2024-02-15,0.028450519825137577,0.0,0.028450519825137577,2024-02-13,2024-03-12,"META,TSLA","GOOGL,MSFT",20
2024-02-16,-0.000678100589643793,0.0,-0.000678100589643793,2024-02-13,2024-03-12,"META,TSLA","GOOGL,MSFT",20
2024-02-20,-0.008850395036090725,0.0,-0.008850395036090725,2024-02-13,2024-03-12,"META,TSLA","GOOGL,MSFT",20
2024-02-21,-0.0025598361817460447,0.0,-0.0025598361817460447,2024-02-13,2024-03-12,"META,TSLA","GOOGL,MSFT",20
2024-02-22,0.004469431984786165,0.0,0.004469431984786165,2024-02-13,2024-03-12,"META,TSLA","GOOGL,MSFT",20
2024-02-23,-0.006948058803770085,0.0,-0.006948058803770085,2024-02-13,2024-03-12,"META,TSLA","GOOGL,MSFT",20
2024-02-26,0.02129586725831703,0.0,0.02129586725831703,2024-02-13,2024-03-12,"META,TSLA","GOOGL,MSFT",20
2024-02-27,0.0008256355880136845,0.0,0.0008256355880136845,2024-02-13,2024-03-12,"META,TSLA","GOOGL,MSFT",20
2024-02-28,0.005689170430812324,0.0,0.005689170430812324,2024-02-13,2024-03-12,"META,TSLA","GOOGL,MSFT",20
2024-02-29,-0.0044849865458388705,0.0,-0.0044849865458388705,2024-02-13,2024-03-12,"META,TSLA","GOOGL,MSFT",20
2024-03-01,0.008407941032083727,0.0,0.008407941032083727,2024-02-13,2024-03-12,"META,TSLA","GOOGL,MSFT",20
2024-03-04,-0.012676508750052079,0.0,-0.012676508750052079,2024-02-13,2024-03-12,"META,TSLA","GOOGL,MSFT",20
2024-03-05,-0.005164707101841748,0.0,-0.005164707101841748,2024-02-13,2024-03-12,"META,TSLA","GOOGL,MSFT",20
2024-03-06,-7.513203922962508e-05,0.0,-7.513203922962508e-05,2024-02-13,2024-03-12,"META,TSLA","GOOGL,MSFT",20
2024-03-07,0.0010484161804182879,0.0,0.0010484161804182879,2024-02-13,2024-03-12,"META,TSLA","GOOGL,MSFT",20
2024-03-08,-0.007809646085625566,0.0,-0.007809646085625566,2024-02-13,2024-03-12,"META,TSLA","GOOGL,MSFT",20
2024-03-11,-0.010710037966793262,0.0,-0.010710037966793262,2024-02-13,2024-03-12,"META,TSLA","GOOGL,MSFT",20
2024-03-12,-0.00012645297136182343,0.001,-0.0011264529713618235,2024-02-13,2024-03-12,"META,TSLA","GOOGL,MSFT",20
2024-03-13,0.013445350757302188,0.001,0.012445350757302187,2024-03-13,2024-04-10,"NVDA,XOM","META,TSLA",20
2024-03-14,0.008512985453454497,0.0,0.008512985453454497,2024-03-13,2024-04-10,"NVDA,XOM","META,TSLA",20
2024-03-15,0.0015302456860898095,0.0,0.0015302456860898095,2024-03-13,2024-04-10,"NVDA,XOM","META,TSLA",20
2024-03-18,-0.018213780927916257,0.0,-0.018213780927916257,2024-03-13,2024-04-10,"NVDA,XOM","META,TSLA",20
2024-03-19,0.008363506493118705,0.0,0.008363506493118705,2024-03-13,2024-04-10,"NVDA,XOM","META,TSLA",20
2024-03-20,-0.008505698182441818,0.0,-0.008505698182441818,2024-03-13,2024-04-10,"NVDA,XOM","META,TSLA",20
2024-03-21,0.006981020439969676,0.0,0.006981020439969676,2024-03-13,2024-04-10,"NVDA,XOM","META,TSLA",20
2024-03-22,0.009785992289805812,0.0,0.009785992289805812,2024-03-13,2024-04-10,"NVDA,XOM","META,TSLA",20
2024-03-25,0.005029915364399534,0.0,0.005029915364399534,2024-03-13,2024-04-10,"NVDA,XOM","META,TSLA",20
2024-03-26,-0.012054094842108593,0.0,-0.012054094842108593,2024-03-13,2024-04-10,"NVDA,XOM","META,TSLA",20
2024-03-27,-0.0056652611473680115,0.0,-0.0056652611473680115,2024-03-13,2024-04-10,"NVDA,XOM","META,TSLA",20
2024-03-28,0.012863189925807456,0.0,0.012863189925807456,2024-03-13,2024-04-10,"NVDA,XOM","META,TSLA",20
2024-04-01,-0.0005276826034748827,0.0,-0.0005276826034748827,2024-03-13,2024-04-10,"NVDA,XOM","META,TSLA",20
2024-04-02,0.011566187928315264,0.0,0.011566187928315264,2024-03-13,2024-04-10,"NVDA,XOM","META,TSLA",20
2024-04-03,-0.00865724921631253,0.0,-0.00865724921631253,2024-03-13,2024-04-10,"NVDA,XOM","META,TSLA",20
2024-04-04,-0.013831599481658935,0.0,-0.013831599481658935,2024-03-13,2024-04-10,"NVDA,XOM","META,TSLA",20
2024-04-05,0.01060428983194281,0.0,0.01060428983194281,2024-03-13,2024-04-10,"NVDA,XOM","META,TSLA",20
2024-04-08,-0.01258925746549061,0.0,-0.01258925746549061,2024-03-13,2024-04-10,"NVDA,XOM","META,TSLA",20
2024-04-09,-0.008302877468605474,0.0,-0.008302877468605474,2024-03-13,2024-04-10,"NVDA,XOM","META,TSLA",20
2024-04-10,0.0128591897740645,0.001,0.0118591897740645,2024-03-13,2024-04-10,"NVDA,XOM","META,TSLA",20
2024-04-16,0.017236775563818196,0.001,0.016236775563818195,2024-04-16,2024-05-13,"AVGO,NVDA","JPM,TSLA",21
2024-04-17,-0.0147631345323819,0.0,-0.0147631345323819,2024-04-16,2024-05-13,"AVGO,NVDA","JPM,TSLA",21
2024-04-18,0.004537558737353953,0.0,0.004537558737353953,2024-04-16,2024-05-13,"AVGO,NVDA","JPM,TSLA",21
2024-04-19,-0.037263614834207204,0.0,-0.037263614834207204,2024-04-16,2024-05-13,"AVGO,NVDA","JPM,TSLA",21
2024-04-22,0.018627427114591727,0.0,0.018627427114591727,2024-04-16,2024-05-13,"AVGO,NVDA","JPM,TSLA",21
2024-04-23,0.005950423152699613,0.0,0.005950423152699613,2024-04-16,2024-05-13,"AVGO,NVDA","JPM,TSLA",21
2024-04-24,-0.03817787405015641,0.0,-0.03817787405015641,2024-04-16,2024-05-13,"AVGO,NVDA","JPM,TSLA",21
2024-04-25,0.003962703647744037,0.0,0.003962703647744037,2024-04-16,2024-05-13,"AVGO,NVDA","JPM,TSLA",21
2024-04-26,0.02764942070288548,0.0,0.02764942070288548,2024-04-16,2024-05-13,"AVGO,NVDA","JPM,TSLA",21
2024-04-29,-0.038946932501662035,0.0,-0.038946932501662035,2024-04-16,2024-05-13,"AVGO,NVDA","JPM,TSLA",21
2024-04-30,0.004844880036373261,0.0,0.004844880036373261,2024-04-16,2024-05-13,"AVGO,NVDA","JPM,TSLA",21
2024-05-01,-0.016431791502914544,0.0,-0.016431791502914544,2024-04-16,2024-05-13,"AVGO,NVDA","JPM,TSLA",21
2024-05-02,0.00772727072726348,0.0,0.00772727072726348,2024-04-16,2024-05-13,"AVGO,NVDA","JPM,TSLA",21
2024-05-03,0.016500155846912834,0.0,0.016500155846912834,2024-04-16,2024-05-13,"AVGO,NVDA","JPM,TSLA",21
2024-05-06,0.00885266697569942,0.0,0.00885266697569942,2024-04-16,2024-05-13,"AVGO,NVDA","JPM,TSLA",21
2024-05-07,0.0040526060210688275,0.0,0.0040526060210688275,2024-04-16,2024-05-13,"AVGO,NVDA","JPM,TSLA",21
2024-05-08,0.0031382943609066793,0.0,0.0031382943609066793,2024-04-16,2024-05-13,"AVGO,NVDA","JPM,TSLA",21
2024-05-09,-0.006748955780340904,0.0,-0.006748955780340904,2024-04-16,2024-05-13,"AVGO,NVDA","JPM,TSLA",21
2024-05-10,0.011861230057522126,0.0,0.011861230057522126,2024-04-16,2024-05-13,"AVGO,NVDA","JPM,TSLA",21
2024-05-13,-0.0026921507570371594,0.001,-0.0036921507570371595,2024-04-16,2024-05-13,"AVGO,NVDA","JPM,TSLA",21
2024-05-14,0.008153568096048058,0.001,0.007153568096048058,2024-05-14,2024-06-11,"AVGO,JPM","GOOGL,XOM",21
2024-05-15,0.0057961600058905605,0.0,0.0057961600058905605,2024-05-14,2024-06-11,"AVGO,JPM","GOOGL,XOM",21
2024-05-16,-0.00466267547137067,0.0,-0.00466267547137067,2024-05-14,2024-06-11,"AVGO,JPM","GOOGL,XOM",21
2024-05-17,-0.006569185952709972,0.0,-0.006569185952709972,2024-05-14,2024-06-11,"AVGO,JPM","GOOGL,XOM",21
2024-05-20,-0.007079729949387964,0.0,-0.007079729949387964,2024-05-14,2024-06-11,"AVGO,JPM","GOOGL,XOM",21
2024-05-21,0.002827672765294248,0.0,0.002827672765294248,2024-05-14,2024-06-11,"AVGO,JPM","GOOGL,XOM",21
2024-05-22,0.0043341580324623985,0.0,0.0043341580324623985,2024-05-14,2024-06-11,"AVGO,JPM","GOOGL,XOM",21
2024-05-23,0.006712272373126604,0.0,0.006712272373126604,2024-05-14,2024-06-11,"AVGO,JPM","GOOGL,XOM",21
2024-05-24,0.005546271516232548,0.0,0.005546271516232548,2024-05-14,2024-06-11,"AVGO,JPM","GOOGL,XOM",21
2024-05-28,-0.005876972287845006,0.0,-0.005876972287845006,2024-05-14,2024-06-11,"AVGO,JPM","GOOGL,XOM",21
2024-05-29,-0.0022111256720020733,0.0,-0.0022111256720020733,2024-05-14,2024-06-11,"AVGO,JPM","GOOGL,XOM",21
2024-05-30,0.0013541095035801143,0.0,0.0013541095035801143,2024-05-14,2024-06-11,"AVGO,JPM","GOOGL,XOM",21
2024-05-31,-0.010111090494528685,0.0,-0.010111090494528685,2024-05-14,2024-06-11,"AVGO,JPM","GOOGL,XOM",21
2024-06-03,0.0027692542744606474,0.0,0.0027692542744606474,2024-05-14,2024-06-11,"AVGO,JPM","GOOGL,XOM",21
2024-06-04,0.0013849657074517796,0.0,0.0013849657074517796,2024-05-14,2024-06-11,"AVGO,JPM","GOOGL,XOM",21
2024-06-05,0.009740871878274576,0.0,0.009740871878274576,2024-05-14,2024-06-11,"AVGO,JPM","GOOGL,XOM",21
2024-06-06,-0.006294551347655553,0.0,-0.006294551347655553,2024-05-14,2024-06-11,"AVGO,JPM","GOOGL,XOM",21
2024-06-07,0.01070492851422386,0.0,0.01070492851422386,2024-05-14,2024-06-11,"AVGO,JPM","GOOGL,XOM",21
2024-06-10,0.0037798202024755256,0.0,0.0037798202024755256,2024-05-14,2024-06-11,"AVGO,JPM","GOOGL,XOM",21
2024-06-11,-0.003295115423692846,0.001,-0.004295115423692846,2024-05-14,2024-06-11,"AVGO,JPM","GOOGL,XOM",21
2024-06-12,0.02117395377718123,0.001,0.02017395377718123,2024-06-12,2024-07-11,"AVGO,NVDA","JPM,XOM",21
2024-06-13,0.03870329759195984,0.0,0.03870329759195984,2024-06-12,2024-07-11,"AVGO,NVDA","JPM,XOM",21
2024-06-14,0.014682209043460265,0.0,0.014682209043460265,2024-06-12,2024-07-11,"AVGO,NVDA","JPM,XOM",21
2024-06-17,0.011984139735238847,0.0,0.011984139735238847,2024-06-12,2024-07-11,"AVGO,NVDA","JPM,XOM",21
2024-06-18,0.00023466264918795,0.0,0.00023466264918795,2024-06-12,2024-07-11,"AVGO,NVDA","JPM,XOM",21
2024-06-20,-0.025789913515414653,0.0,-0.025789913515414653,2024-06-12,2024-07-11,"AVGO,NVDA","JPM,XOM",21
2024-06-21,-0.013816564685964955,0.0,-0.013816564685964955,2024-06-12,2024-07-11,"AVGO,NVDA","JPM,XOM",21
2024-06-24,-0.036671162334236396,0.0,-0.036671162334236396,2024-06-12,2024-07-11,"AVGO,NVDA","JPM,XOM",21
2024-06-25,0.015414717741696143,0.0,0.015414717741696143,2024-06-12,2024-07-11,"AVGO,NVDA","JPM,XOM",21
2024-06-26,0.0031078464167409725,0.0,0.0031078464167409725,2024-06-12,2024-07-11,"AVGO,NVDA","JPM,XOM",21
2024-06-27,-0.008879181177183254,0.0,-0.008879181177183254,2024-06-12,2024-07-11,"AVGO,NVDA","JPM,XOM",21
2024-06-28,-0.002291436693901472,0.0,-0.002291436693901472,2024-06-12,2024-07-11,"AVGO,NVDA","JPM,XOM",21
2024-07-01,0.0034344861657006343,0.0,0.0034344861657006343,2024-06-12,2024-07-11,"AVGO,NVDA","JPM,XOM",21
2024-07-02,-0.003153615979635649,0.0,-0.003153615979635649,2024-06-12,2024-07-11,"AVGO,NVDA","JPM,XOM",21
2024-07-03,0.021151441302545676,0.0,0.021151441302545676,2024-06-12,2024-07-11,"AVGO,NVDA","JPM,XOM",21
2024-07-05,-0.0021799562061385613,0.0,-0.0021799562061385613,2024-06-12,2024-07-11,"AVGO,NVDA","JPM,XOM",21
2024-07-08,0.013114162976183369,0.0,0.013114162976183369,2024-06-12,2024-07-11,"AVGO,NVDA","JPM,XOM",21
2024-07-09,0.004170070454684843,0.0,0.004170070454684843,2024-06-12,2024-07-11,"AVGO,NVDA","JPM,XOM",21
2024-07-10,0.005945488950501843,0.0,0.005945488950501843,2024-06-12,2024-07-11,"AVGO,NVDA","JPM,XOM",21
2024-07-11,-0.022017631382961256,0.001,-0.023017631382961257,2024-06-12,2024-07-11,"AVGO,NVDA","JPM,XOM",21
2024-07-16,0.0053806404886613535,0.001,0.0043806404886613535,2024-07-16,2024-08-12,"JPM,XOM","META,TSLA",22
2024-07-17,0.029294264376203805,0.0,0.029294264376203805,2024-07-16,2024-08-12,"JPM,XOM","META,TSLA",22
2024-07-18,-0.01371199595123862,0.0,-0.01371199595123862,2024-07-16,2024-08-12,"JPM,XOM","META,TSLA",22
2024-07-19,0.003584084287948347,0.0,0.003584084287948347,2024-07-16,2024-08-12,"JPM,XOM","META,TSLA",22
2024-07-22,-0.019556298302720376,0.0,-0.019556298302720376,2024-07-16,2024-08-12,"JPM,XOM","META,TSLA",22
2024-07-23,0.0004629293257256417,0.0,0.0004629293257256417,2024-07-16,2024-08-12,"JPM,XOM","META,TSLA",22
2024-07-24,0.04632275696309257,0.0,0.04632275696309257,2024-07-16,2024-08-12,"JPM,XOM","META,TSLA",22
2024-07-25,0.004685444540662997,0.0,0.004685444540662997,2024-07-16,2024-08-12,"JPM,XOM","META,TSLA",22
2024-07-26,-0.002201448403302886,0.0,-0.002201448403302886,2024-07-16,2024-08-12,"JPM,XOM","META,TSLA",22
2024-07-29,-0.01825352824245613,0.0,-0.01825352824245613,2024-07-16,2024-08-12,"JPM,XOM","META,TSLA",22
2024-07-30,0.021167126000086522,0.0,0.021167126000086522,2024-07-16,2024-08-12,"JPM,XOM","META,TSLA",22
2024-07-31,-0.018782868332382657,0.0,-0.018782868332382657,2024-07-16,2024-08-12,"JPM,XOM","META,TSLA",22
2024-08-01,-0.004820372409708201,0.0,-0.004820372409708201,2024-07-16,2024-08-12,"JPM,XOM","META,TSLA",22
2024-08-02,0.0046634567834449026,0.0,0.0046634567834449026,2024-07-16,2024-08-12,"JPM,XOM","META,TSLA",22
2024-08-05,0.007101374690301698,0.0,0.007101374690301698,2024-07-16,2024-08-12,"JPM,XOM","META,TSLA",22
2024-08-06,-0.0062114446964749714,0.0,-0.0062114446964749714,2024-07-16,2024-08-12,"JPM,XOM","META,TSLA",22
2024-08-07,0.017084009132804,0.0,0.017084009132804,2024-07-16,2024-08-12,"JPM,XOM","META,TSLA",22
2024-08-08,-0.010477965858327831,0.0,-0.010477965858327831,2024-07-16,2024-08-12,"JPM,XOM","META,TSLA",22
2024-08-09,-0.0012840773793262872,0.0,-0.0012840773793262872,2024-07-16,2024-08-12,"JPM,XOM","META,TSLA",22
2024-08-12,0.0048055188911212965,0.001,0.0038055188911212965,2024-07-16,2024-08-12,"JPM,XOM","META,TSLA",22
2024-08-13,0.029283689413553443,0.001,0.028283689413553442,2024-08-13,2024-09-10,"AVGO,NVDA","JPM,XOM",22
2024-08-14,0.001548184812219966,0.0,0.001548184812219966,2024-08-13,2024-09-10,"AVGO,NVDA","JPM,XOM",22
2024-08-15,0.020396568539794435,0.0,0.020396568539794435,2024-08-13,2024-09-10,"AVGO,NVDA","JPM,XOM",22
2024-08-16,0.0012022819589664613,0.0,0.0012022819589664613,2024-08-13,2024-09-10,"AVGO,NVDA","JPM,XOM",22
2024-08-19,0.011387828817629286,0.0,0.011387828817629286,2024-08-13,2024-09-10,"AVGO,NVDA","JPM,XOM",22
2024-08-20,0.001498211086782747,0.0,0.001498211086782747,2024-08-13,2024-09-10,"AVGO,NVDA","JPM,XOM",22
2024-08-21,0.0036992604728361134,0.0,0.0036992604728361134,2024-08-13,2024-09-10,"AVGO,NVDA","JPM,XOM",22
2024-08-22,-0.0187455027131746,0.0,-0.0187455027131746,2024-08-13,2024-09-10,"AVGO,NVDA","JPM,XOM",22
2024-08-23,0.012161847231879408,0.0,0.012161847231879408,2024-08-13,2024-09-10,"AVGO,NVDA","JPM,XOM",22
2024-08-26,-0.02208852564860045,0.0,-0.02208852564860045,2024-08-13,2024-09-10,"AVGO,NVDA","JPM,XOM",22
2024-08-27,0.007635492216405415,0.0,0.007635492216405415,2024-08-13,2024-09-10,"AVGO,NVDA","JPM,XOM",22
2024-08-28,-0.009010122386490793,0.0,-0.009010122386490793,2024-08-13,2024-09-10,"AVGO,NVDA","JPM,XOM",22
2024-08-29,-0.022431386487268057,0.0,-0.022431386487268057,2024-08-13,2024-09-10,"AVGO,NVDA","JPM,XOM",22
2024-08-30,0.010655732046560257,0.0,0.010655732046560257,2024-08-13,2024-09-10,"AVGO,NVDA","JPM,XOM",22
2024-09-03,-0.028972797008142204,0.0,-0.028972797008142204,2024-08-13,2024-09-10,"AVGO,NVDA","JPM,XOM",22
2024-09-04,0.002186173835677069,0.0,0.002186173835677069,2024-08-13,2024-09-10,"AVGO,NVDA","JPM,XOM",22
2024-09-05,0.004133593989264411,0.0,0.004133593989264411,2024-08-13,2024-09-10,"AVGO,NVDA","JPM,XOM",22
2024-09-06,-0.02898406834723935,0.0,-0.02898406834723935,2024-08-13,2024-09-10,"AVGO,NVDA","JPM,XOM",22
2024-09-09,0.005441695917933975,0.0,0.005441695917933975,2024-08-13,2024-09-10,"AVGO,NVDA","JPM,XOM",22
2024-09-10,0.03902697356851087,0.001,0.03802697356851087,2024-08-13,2024-09-10,"AVGO,NVDA","JPM,XOM",22
2024-09-11,0.026160786977730888,0.001,0.025160786977730887,2024-09-11,2024-10-08,"MSFT,NVDA","JPM,XOM",22
2024-09-12,0.004450096579706492,0.0,0.004450096579706492,2024-09-11,2024-10-08,"MSFT,NVDA","JPM,XOM",22
2024-09-13,0.004956654135652605,0.0,0.004956654135652605,2024-09-11,2024-10-08,"MSFT,NVDA","JPM,XOM",22
2024-09-16,-0.012274617120007575,0.0,-0.012274617120007575,2024-09-11,2024-10-08,"MSFT,NVDA","JPM,XOM",22
2024-09-17,-0.005271648290175263,0.0,-0.005271648290175263,2024-09-11,2024-10-08,"MSFT,NVDA","JPM,XOM",22
2024-09-18,-0.00611575177931134,0.0,-0.00611575177931134,2024-09-11,2024-10-08,"MSFT,NVDA","JPM,XOM",22
2024-09-19,0.007844153662313225,0.0,0.007844153662313225,2024-09-11,2024-10-08,"MSFT,NVDA","JPM,XOM",22
2024-09-20,-0.0050665337998588855,0.0,-0.0050665337998588855,2024-09-11,2024-10-08,"MSFT,NVDA","JPM,XOM",22
2024-09-23,-0.005397809097547529,0.0,-0.005397809097547529,2024-09-11,2024-10-08,"MSFT,NVDA","JPM,XOM",22
2024-09-24,0.007893301684217119,0.0,0.007893301684217119,2024-09-11,2024-10-08,"MSFT,NVDA","JPM,XOM",22
2024-09-25,0.013696804057776929,0.0,0.013696804057776929,2024-09-11,2024-10-08,"MSFT,NVDA","JPM,XOM",22
2024-09-26,0.005388838390751438,0.0,0.005388838390751438,2024-09-11,2024-10-08,"MSFT,NVDA","JPM,XOM",22
2024-09-27,-0.014779188387486875,0.0,-0.014779188387486875,2024-09-11,2024-10-08,"MSFT,NVDA","JPM,XOM",22
2024-09-30,-0.002035381666391889,0.0,-0.002035381666391889,2024-09-11,2024-10-08,"MSFT,NVDA","JPM,XOM",22
2024-10-01,-0.015974285862122184,0.0,-0.015974285862122184,2024-09-11,2024-10-08,"MSFT,NVDA","JPM,XOM",22
2024-10-02,-0.001778856319116645,0.0,-0.001778856319116645,2024-09-11,2024-10-08,"MSFT,NVDA","JPM,XOM",22
2024-10-03,0.008364025832558825,0.0,0.008364025832558825,2024-09-11,2024-10-08,"MSFT,NVDA","JPM,XOM",22
2024-10-04,-0.009537829673412629,0.0,-0.009537829673412629,2024-09-11,2024-10-08,"MSFT,NVDA","JPM,XOM",22
2024-10-07,0.0009476657616831474,0.0,0.0009476657616831474,2024-09-11,2024-10-08,"MSFT,NVDA","JPM,XOM",22
2024-10-08,0.02012940592742407,0.001,0.01912940592742407,2024-09-11,2024-10-08,"MSFT,NVDA","JPM,XOM",22
2024-10-16,0.012418725376245249,0.001,0.011418725376245248,2024-10-16,2024-11-12,"AVGO,NVDA","META,XOM",23
2024-10-17,0.009469646418184652,0.0,0.009469646418184652,2024-10-16,2024-11-12,"AVGO,NVDA","META,XOM",23
2024-10-18,0.0006006391004271527,0.0,0.0006006391004271527,2024-10-16,2024-11-12,"AVGO,NVDA","META,XOM",23
2024-10-21,0.010905539752373211,0.0,0.010905539752373211,2024-10-16,2024-11-12,"AVGO,NVDA","META,XOM",23
2024-10-22,-0.005324328672619699,0.0,-0.005324328672619699,2024-10-16,2024-11-12,"AVGO,NVDA","META,XOM",23
2024-10-23,-0.006437506768064483,0.0,-0.006437506768064483,2024-10-16,2024-11-12,"AVGO,NVDA","META,XOM",23
2024-10-24,-0.001990004795750955,0.0,-0.001990004795750955,2024-10-16,2024-11-12,"AVGO,NVDA","META,XOM",23
2024-10-25,0.002219876270346227,0.0,0.002219876270346227,2024-10-16,2024-11-12,"AVGO,NVDA","META,XOM",23
2024-10-28,-0.004124669511114121,0.0,-0.004124669511114121,2024-10-16,2024-11-12,"AVGO,NVDA","META,XOM",23
2024-10-29,0.008659854678411155,0.0,0.008659854678411155,2024-10-16,2024-11-12,"AVGO,NVDA","META,XOM",23
2024-10-30,-0.005125540091412029,0.0,-0.005125540091412029,2024-10-16,2024-11-12,"AVGO,NVDA","META,XOM",23
2024-10-31,-0.011490193950400768,0.0,-0.011490193950400768,2024-10-16,2024-11-12,"AVGO,NVDA","META,XOM",23
2024-11-01,0.007822229691928057,0.0,0.007822229691928057,2024-10-16,2024-11-12,"AVGO,NVDA","META,XOM",23
2024-11-04,-0.004450972019188537,0.0,-0.004450972019188537,2024-10-16,2024-11-12,"AVGO,NVDA","META,XOM",23
2024-11-05,0.009051384037414234,0.0,0.009051384037414234,2024-10-16,2024-11-12,"AVGO,NVDA","META,XOM",23
2024-11-06,0.014186475530504478,0.0,0.014186475530504478,2024-10-16,2024-11-12,"AVGO,NVDA","META,XOM",23
2024-11-07,0.002648320405297111,0.0,0.002648320405297111,2024-10-16,2024-11-12,"AVGO,NVDA","META,XOM",23
2024-11-08,-0.001250651853710677,0.0,-0.001250651853710677,2024-10-16,2024-11-12,"AVGO,NVDA","META,XOM",23
2024-11-11,-0.006514126247853136,0.0,-0.006514126247853136,2024-10-16,2024-11-12,"AVGO,NVDA","META,XOM",23
2024-11-12,0.0009975523232798045,0.001,-2.447676720195545e-06,2024-10-16,2024-11-12,"AVGO,NVDA","META,XOM",23
2024-11-13,-0.0023396378910159887,0.001,-0.0033396378910159888,2024-11-13,2024-12-11,"NVDA,TSLA","META,XOM",23
2024-11-14,-0.012533220039351728,0.0,-0.012533220039351728,2024-11-13,2024-12-11,"NVDA,TSLA","META,XOM",23
2024-11-15,0.012111050210569352,0.0,0.012111050210569352,2024-11-13,2024-12-11,"NVDA,TSLA","META,XOM",23
2024-11-18,0.008584463698232792,0.0,0.008584463698232792,2024-11-13,2024-12-11,"NVDA,TSLA","META,XOM",23
2024-11-19,0.018069194849984288,0.0,0.018069194849984288,2024-11-13,2024-12-11,"NVDA,TSLA","META,XOM",23
2024-11-20,-0.010308443747236412,0.0,-0.010308443747236412,2024-11-13,2024-12-11,"NVDA,TSLA","META,XOM",23
2024-11-21,-0.002681319042062341,0.0,-0.002681319042062341,2024-11-13,2024-12-11,"NVDA,TSLA","META,XOM",23
2024-11-22,0.0035055872056176385,0.0,0.0035055872056176385,2024-11-13,2024-12-11,"NVDA,TSLA","META,XOM",23
2024-11-25,-0.01928327015870382,0.0,-0.01928327015870382,2024-11-13,2024-12-11,"NVDA,TSLA","META,XOM",23
2024-11-26,0.0018266783563700706,0.0,0.0018266783563700706,2024-11-13,2024-12-11,"NVDA,TSLA","META,XOM",23
2024-11-27,-0.004283224115744916,0.0,-0.004283224115744916,2024-11-13,2024-12-11,"NVDA,TSLA","META,XOM",23
2024-11-29,0.011703949549836723,0.0,0.011703949549836723,2024-11-13,2024-12-11,"NVDA,TSLA","META,XOM",23
2024-12-02,0.0015038668562646906,0.0,0.0015038668562646906,2024-11-13,2024-12-11,"NVDA,TSLA","META,XOM",23
2024-12-03,-0.009428210687984134,0.0,-0.009428210687984134,2024-11-13,2024-12-11,"NVDA,TSLA","META,XOM",23
2024-12-04,0.02047869389999621,0.0,0.02047869389999621,2024-11-13,2024-12-11,"NVDA,TSLA","META,XOM",23
2024-12-05,0.008835319596801922,0.0,0.008835319596801922,2024-11-13,2024-12-11,"NVDA,TSLA","META,XOM",23
2024-12-06,0.0053769238122941265,0.0,0.0053769238122941265,2024-11-13,2024-12-11,"NVDA,TSLA","META,XOM",23
2024-12-09,-0.0004421205988948407,0.0,-0.0004421205988948407,2024-11-13,2024-12-11,"NVDA,TSLA","META,XOM",23
2024-12-10,-0.0013860261692603126,0.0,-0.0013860261692603126,2024-11-13,2024-12-11,"NVDA,TSLA","META,XOM",23
2024-12-11,0.018944795234811018,0.001,0.017944795234811017,2024-11-13,2024-12-11,"NVDA,TSLA","META,XOM",23
2024-12-12,-0.008659350824834738,0.001,-0.00965935082483474,2024-12-12,2025-01-13,"AVGO,TSLA","AAPL,XOM",23
2024-12-13,0.07394193610052643,0.0,0.07394193610052643,2024-12-12,2025-01-13,"AVGO,TSLA","AAPL,XOM",23
2024-12-16,0.04579160542185734,0.0,0.04579160542185734,2024-12-12,2025-01-13,"AVGO,TSLA","AAPL,XOM",23
2024-12-17,-0.002047197654875682,0.0,-0.002047197654875682,2024-12-12,2025-01-13,"AVGO,TSLA","AAPL,XOM",23
2024-12-18,-0.028948581654618277,0.0,-0.028948581654618277,2024-12-12,2025-01-13,"AVGO,TSLA","AAPL,XOM",23
2024-12-19,-0.007790516202203862,0.0,-0.007790516202203862,2024-12-12,2025-01-13,"AVGO,TSLA","AAPL,XOM",23
2024-12-20,-0.011389182001718595,0.0,-0.011389182001718595,2024-12-12,2025-01-13,"AVGO,TSLA","AAPL,XOM",23
2024-12-23,0.01767698514965038,0.0,0.01767698514965038,2024-12-12,2025-01-13,"AVGO,TSLA","AAPL,XOM",23
2024-12-24,0.023175035341610195,0.0,0.023175035341610195,2024-12-12,2025-01-13,"AVGO,TSLA","AAPL,XOM",23
2024-12-26,0.0005116839101831083,0.0,0.0005116839101831083,2024-12-12,2025-01-13,"AVGO,TSLA","AAPL,XOM",23
2024-12-27,-0.012714092830936025,0.0,-0.012714092830936025,2024-12-12,2025-01-13,"AVGO,TSLA","AAPL,XOM",23
2024-12-30,-0.009627281716035219,0.0,-0.009627281716035219,2024-12-12,2025-01-13,"AVGO,TSLA","AAPL,XOM",23
2024-12-31,-0.014610517753144842,0.0,-0.014610517753144842,2024-12-12,2025-01-13,"AVGO,TSLA","AAPL,XOM",23
2025-01-02,-0.007889793313975602,0.0,-0.007889793313975602,2024-12-12,2025-01-13,"AVGO,TSLA","AAPL,XOM",23
2025-01-03,0.02037421075863094,0.0,0.02037421075863094,2024-12-12,2025-01-13,"AVGO,TSLA","AAPL,XOM",23
2025-01-06,0.0031145930529859756,0.0,0.0031145930529859756,2024-12-12,2025-01-13,"AVGO,TSLA","AAPL,XOM",23
2025-01-07,-0.017864174668750205,0.0,-0.017864174668750205,2024-12-12,2025-01-13,"AVGO,TSLA","AAPL,XOM",23
2025-01-08,0.004778478779883716,0.0,0.004778478779883716,2024-12-12,2025-01-13,"AVGO,TSLA","AAPL,XOM",23
2025-01-10,0.0013599345655185002,0.0,0.0013599345655185002,2024-12-12,2025-01-13,"AVGO,TSLA","AAPL,XOM",23
2025-01-13,0.0026529294362417633,0.001,0.0016529294362417632,2024-12-12,2025-01-13,"AVGO,TSLA","AAPL,XOM",23
2025-01-16,0.014587114576455867,0.001,0.013587114576455867,2025-01-16,2025-02-13,"JPM,XOM","AAPL,AMZN",24
2025-01-17,-0.0008121634085644369,0.0,-0.0008121634085644369,2025-01-16,2025-02-13,"JPM,XOM","AAPL,AMZN",24
2025-01-21,0.0045423163139704514,0.0,0.0045423163139704514,2025-01-16,2025-02-13,"JPM,XOM","AAPL,AMZN",24
2025-01-22,-0.010527308266101237,0.0,-0.010527308266101237,2025-01-16,2025-02-13,"JPM,XOM","AAPL,AMZN",24
2025-01-23,0.004126954646496456,0.0,0.004126954646496456,2025-01-16,2025-02-13,"JPM,XOM","AAPL,AMZN",24
2025-01-24,-0.00283633467320224,0.0,-0.00283633467320224,2025-01-16,2025-02-13,"JPM,XOM","AAPL,AMZN",24
2025-01-27,-0.004124250898557114,0.0,-0.004124250898557114,2025-01-16,2025-02-13,"JPM,XOM","AAPL,AMZN",24
2025-01-28,-0.015655356517882385,0.0,-0.015655356517882385,2025-01-16,2025-02-13,"JPM,XOM","AAPL,AMZN",24
2025-01-29,0.0009132119646851622,0.0,0.0009132119646851622,2025-01-16,2025-02-13,"JPM,XOM","AAPL,AMZN",24
2025-01-30,0.008029074704821615,0.0,0.008029074704821615,2025-01-16,2025-02-13,"JPM,XOM","AAPL,AMZN",24
2025-01-31,-0.008684437453978011,0.0,-0.008684437453978011,2025-01-16,2025-02-13,"JPM,XOM","AAPL,AMZN",24
2025-02-03,0.008887626334506377,0.0,0.008887626334506377,2025-01-16,2025-02-13,"JPM,XOM","AAPL,AMZN",24
2025-02-04,-0.00237905465295124,0.0,-0.00237905465295124,2025-01-16,2025-02-13,"JPM,XOM","AAPL,AMZN",24
2025-02-05,0.008578922457904425,0.0,0.008578922457904425,2025-01-16,2025-02-13,"JPM,XOM","AAPL,AMZN",24
2025-02-06,-0.00094013048441835,0.0,-0.00094013048441835,2025-01-16,2025-02-13,"JPM,XOM","AAPL,AMZN",24
2025-02-07,0.01619240762183405,0.0,0.01619240762183405,2025-01-16,2025-02-13,"JPM,XOM","AAPL,AMZN",24
2025-02-10,-0.0041891141242741126,0.0,-0.0041891141242741126,2025-01-16,2025-02-13,"JPM,XOM","AAPL,AMZN",24
2025-02-11,0.00016988053963029603,0.0,0.00016988053963029603,2025-01-16,2025-02-13,"JPM,XOM","AAPL,AMZN",24
2025-02-12,-0.0075573359616970814,0.0,-0.0075573359616970814,2025-01-16,2025-02-13,"JPM,XOM","AAPL,AMZN",24
2025-02-13,-0.00388469370077249,0.001,-0.00488469370077249,2025-01-16,2025-02-13,"JPM,XOM","AAPL,AMZN",24
2025-02-14,0.01111127527432923,0.001,0.010111275274329229,2025-02-14,2025-03-14,"AAPL,NVDA","MSFT,TSLA",24
2025-02-18,0.0013322030709513322,0.0,0.0013322030709513322,2025-02-14,2025-03-14,"AAPL,NVDA","MSFT,TSLA",24
2025-02-19,-0.0075803272661224,0.0,-0.0075803272661224,2025-02-14,2025-03-14,"AAPL,NVDA","MSFT,TSLA",24
2025-02-20,0.005508712478373395,0.0,0.005508712478373395,2025-02-14,2025-03-14,"AAPL,NVDA","MSFT,TSLA",24
2025-02-21,0.006048441922100162,0.0,0.006048441922100162,2025-02-14,2025-03-14,"AAPL,NVDA","MSFT,TSLA",24
2025-02-24,0.0018191041599297242,0.0,0.0018191041599297242,2025-02-14,2025-03-14,"AAPL,NVDA","MSFT,TSLA",24
2025-02-25,0.017683739704505985,0.0,0.017683739704505985,2025-02-14,2025-03-14,"AAPL,NVDA","MSFT,TSLA",24
2025-02-26,0.011178027371742089,0.0,0.011178027371742089,2025-02-14,2025-03-14,"AAPL,NVDA","MSFT,TSLA",24
2025-02-27,-0.012266539707585677,0.0,-0.012266539707585677,2025-02-14,2025-03-14,"AAPL,NVDA","MSFT,TSLA",24
2025-02-28,0.0020873814739681973,0.0,0.0020873814739681973,2025-02-14,2025-03-14,"AAPL,NVDA","MSFT,TSLA",24
2025-03-03,-0.013211698230035013,0.0,-0.013211698230035013,2025-02-14,2025-03-14,"AAPL,NVDA","MSFT,TSLA",24
2025-03-04,0.013022427310905915,0.0,0.013022427310905915,2025-02-14,2025-03-14,"AAPL,NVDA","MSFT,TSLA",24
2025-03-05,-0.011849387170900949,0.0,-0.011849387170900949,2025-02-14,2025-03-14,"AAPL,NVDA","MSFT,TSLA",24
2025-03-06,0.0018145806834451716,0.0,0.0018145806834451716,2025-02-14,2025-03-14,"AAPL,NVDA","MSFT,TSLA",24
2025-03-07,0.011761699163171463,0.0,0.011761699163171463,2025-02-14,2025-03-14,"AAPL,NVDA","MSFT,TSLA",24
2025-03-10,0.022136694573259563,0.0,0.022136694573259563,2025-02-14,2025-03-14,"AAPL,NVDA","MSFT,TSLA",24
2025-03-11,-0.012815268814384134,0.0,-0.012815268814384134,2025-02-14,2025-03-14,"AAPL,NVDA","MSFT,TSLA",24
2025-03-12,-0.009138479109102288,0.0,-0.009138479109102288,2025-02-14,2025-03-14,"AAPL,NVDA","MSFT,TSLA",24
2025-03-13,0.0016458017508765854,0.0,0.0016458017508765854,2025-02-14,2025-03-14,"AAPL,NVDA","MSFT,TSLA",24
2025-03-14,0.0015935000715137093,0.001,0.0005935000715137093,2025-02-14,2025-03-14,"AAPL,NVDA","MSFT,TSLA",24
2025-03-17,-0.007926536951266494,0.001,-0.008926536951266495,2025-03-17,2025-04-11,"AVGO,NVDA","AAPL,JPM",24
2025-03-18,-0.015649904518700297,0.0,-0.015649904518700297,2025-03-17,2025-04-11,"AVGO,NVDA","AAPL,JPM",24
2025-03-19,0.006267371918489972,0.0,0.006267371918489972,2025-03-17,2025-04-11,"AVGO,NVDA","AAPL,JPM",24
2025-03-20,-0.002115694268559898,0.0,-0.002115694268559898,2025-03-17,2025-04-11,"AVGO,NVDA","AAPL,JPM",24
2025-03-21,-0.007890734429975704,0.0,-0.007890734429975704,2025-03-17,2025-04-11,"AVGO,NVDA","AAPL,JPM",24
2025-03-24,-0.0021249402158774744,0.0,-0.0021249402158774744,2025-03-17,2025-04-11,"AVGO,NVDA","AAPL,JPM",24
2025-03-25,-0.0119055517623943,0.0,-0.0119055517623943,2025-03-17,2025-04-11,"AVGO,NVDA","AAPL,JPM",24
2025-03-26,-0.023713243767388315,0.0,-0.023713243767388315,2025-03-17,2025-04-11,"AVGO,NVDA","AAPL,JPM",24
2025-03-27,-0.014992797621274978,0.0,-0.014992797621274978,2025-03-17,2025-04-11,"AVGO,NVDA","AAPL,JPM",24
2025-03-28,0.0038345484102953464,0.0,0.0038345484102953464,2025-03-17,2025-04-11,"AVGO,NVDA","AAPL,JPM",24
2025-03-31,-0.012814125254899444,0.0,-0.012814125254899444,2025-03-17,2025-04-11,"AVGO,NVDA","AAPL,JPM",24
2025-04-01,0.006188841036469744,0.0,0.006188841036469744,2025-03-17,2025-04-11,"AVGO,NVDA","AAPL,JPM",24
2025-04-02,0.002908598127208173,0.0,0.002908598127208173,2025-03-17,2025-04-11,"AVGO,NVDA","AAPL,JPM",24
2025-04-03,-0.005246402852594201,0.0,-0.005246402852594201,2025-03-17,2025-04-11,"AVGO,NVDA","AAPL,JPM",24
2025-04-04,0.006005877538084958,0.0,0.006005877538084958,2025-03-17,2025-04-11,"AVGO,NVDA","AAPL,JPM",24
2025-04-07,0.026480204538301022,0.0,0.026480204538301022,2025-03-17,2025-04-11,"AVGO,NVDA","AAPL,JPM",24
2025-04-08,0.00925598867143057,0.0,0.00925598867143057,2025-03-17,2025-04-11,"AVGO,NVDA","AAPL,JPM",24
2025-04-09,0.035003586696237654,0.0,0.035003586696237654,2025-03-17,2025-04-11,"AVGO,NVDA","AAPL,JPM",24
2025-04-10,-0.013820899035434903,0.0,-0.013820899035434903,2025-03-17,2025-04-11,"AVGO,NVDA","AAPL,JPM",24
2025-04-11,0.001641279128341111,0.001,0.000641279128341111,2025-03-17,2025-04-11,"AVGO,NVDA","AAPL,JPM",24
2025-04-16,-0.013740830156328515,0.001,-0.014740830156328516,2025-04-16,2025-05-14,"AVGO,TSLA","AMZN,XOM",25
2025-04-17,-0.00945318577559992,0.0,-0.00945318577559992,2025-04-16,2025-05-14,"AVGO,TSLA","AMZN,XOM",25
2025-04-21,-0.01002190712218412,0.0,-0.01002190712218412,2025-04-16,2025-05-14,"AVGO,TSLA","AMZN,XOM",25
2025-04-22,0.0008182377709667898,0.0,0.0008182377709667898,2025-04-16,2025-05-14,"AVGO,TSLA","AMZN,XOM",25
2025-04-23,0.01565710534102388,0.0,0.01565710534102388,2025-04-16,2025-05-14,"AVGO,TSLA","AMZN,XOM",25
2025-04-24,0.013471518775237667,0.0,0.013471518775237667,2025-04-16,2025-05-14,"AVGO,TSLA","AMZN,XOM",25
2025-04-25,0.026889831449777718,0.0,0.026889831449777718,2025-04-16,2025-05-14,"AVGO,TSLA","AMZN,XOM",25
2025-04-28,0.0025922198442481503,0.0,0.0025922198442481503,2025-04-16,2025-05-14,"AVGO,TSLA","AMZN,XOM",25
2025-04-29,0.004723814571603313,0.0,0.004723814571603313,2025-04-16,2025-05-14,"AVGO,TSLA","AMZN,XOM",25
2025-04-30,0.003511362564439874,0.0,0.003511362564439874,2025-04-16,2025-05-14,"AVGO,TSLA","AMZN,XOM",25
2025-05-01,-0.0033308174708198968,0.0,-0.0033308174708198968,2025-04-16,2025-05-14,"AVGO,TSLA","AMZN,XOM",25
2025-05-02,0.013229297325406564,0.0,0.013229297325406564,2025-04-16,2025-05-14,"AVGO,TSLA","AMZN,XOM",25
2025-05-05,0.00206270291299393,0.0,0.00206270291299393,2025-04-16,2025-05-14,"AVGO,TSLA","AMZN,XOM",25
2025-05-06,-0.0068528213124127435,0.0,-0.0068528213124127435,2025-04-16,2025-05-14,"AVGO,TSLA","AMZN,XOM",25
2025-05-07,0.0019262302578146595,0.0,0.0019262302578146595,2025-04-16,2025-05-14,"AVGO,TSLA","AMZN,XOM",25
2025-05-08,0.003443105724447504,0.0,0.003443105724447504,2025-04-16,2025-05-14,"AVGO,TSLA","AMZN,XOM",25
2025-05-09,0.008116225940068666,0.0,0.008116225940068666,2025-04-16,2025-05-14,"AVGO,TSLA","AMZN,XOM",25
2025-05-12,0.008445766862434645,0.0,0.008445766862434645,2025-04-16,2025-05-14,"AVGO,TSLA","AMZN,XOM",25
2025-05-13,0.020592257138504544,0.0,0.020592257138504544,2025-04-16,2025-05-14,"AVGO,TSLA","AMZN,XOM",25
2025-05-14,0.013425251419004414,0.001,0.012425251419004413,2025-04-16,2025-05-14,"AVGO,TSLA","AMZN,XOM",25
2025-05-15,-0.006033683784526539,0.001,-0.007033683784526539,2025-05-15,2025-06-12,"AVGO,TSLA","MSFT,XOM",25
2025-05-16,0.0011596556132219826,0.0,0.0011596556132219826,2025-05-15,2025-06-12,"AVGO,TSLA","MSFT,XOM",25
2025-05-19,-0.001984103621008232,0.0,-0.001984103621008232,2025-05-15,2025-06-12,"AVGO,TSLA","MSFT,XOM",25
2025-05-20,0.006352923735877036,0.0,0.006352923735877036,2025-05-15,2025-06-12,"AVGO,TSLA","MSFT,XOM",25
2025-05-21,-0.002665234155623586,0.0,-0.002665234155623586,2025-05-15,2025-06-12,"AVGO,TSLA","MSFT,XOM",25
2025-05-22,0.006066213040142321,0.0,0.006066213040142321,2025-05-15,2025-06-12,"AVGO,TSLA","MSFT,XOM",25
2025-05-23,-0.0007825507493547657,0.0,-0.0007825507493547657,2025-05-15,2025-06-12,"AVGO,TSLA","MSFT,XOM",25
2025-05-27,0.017899163798887285,0.0,0.017899163798887285,2025-05-15,2025-06-12,"AVGO,TSLA","MSFT,XOM",25
2025-05-28,0.0050957449076134975,0.0,0.0050957449076134975,2025-05-15,2025-06-12,"AVGO,TSLA","MSFT,XOM",25
2025-05-29,0.001582276827128859,0.0,0.001582276827128859,2025-05-15,2025-06-12,"AVGO,TSLA","MSFT,XOM",25
2025-05-30,-0.008211780577111832,0.0,-0.008211780577111832,2025-05-15,2025-06-12,"AVGO,TSLA","MSFT,XOM",25
2025-06-02,0.0014300007351966681,0.0,0.0014300007351966681,2025-05-15,2025-06-12,"AVGO,TSLA","MSFT,XOM",25
2025-06-03,0.006974209585181135,0.0,0.006974209585181135,2025-05-15,2025-06-12,"AVGO,TSLA","MSFT,XOM",25
2025-06-04,-0.0016299662667264292,0.0,-0.0016299662667264292,2025-05-15,2025-06-12,"AVGO,TSLA","MSFT,XOM",25
2025-06-05,-0.03765572048147356,0.0,-0.03765572048147356,2025-05-15,2025-06-12,"AVGO,TSLA","MSFT,XOM",25
2025-06-06,-0.010769496913263427,0.0,-0.010769496913263427,2025-05-15,2025-06-12,"AVGO,TSLA","MSFT,XOM",25
2025-06-09,0.005763503937158382,0.0,0.005763503937158382,2025-05-15,2025-06-12,"AVGO,TSLA","MSFT,XOM",25
2025-06-10,0.010153205813667937,0.0,0.010153205813667937,2025-05-15,2025-06-12,"AVGO,TSLA","MSFT,XOM",25
2025-06-11,0.002946813984565977,0.0,0.002946813984565977,2025-05-15,2025-06-12,"AVGO,TSLA","MSFT,XOM",25
2025-06-12,-0.006749073485130541,0.001,-0.007749073485130541,2025-05-15,2025-06-12,"AVGO,TSLA","MSFT,XOM",25
2025-06-13,-0.006595819207505488,0.001,-0.007595819207505488,2025-06-13,2025-07-14,"AVGO,NVDA","META,MSFT",25
2025-06-16,-0.0012379506284197483,0.0,-0.0012379506284197483,2025-06-13,2025-07-14,"AVGO,NVDA","META,MSFT",25
2025-06-17,-0.0013770749884716438,0.0,-0.0013770749884716438,2025-06-13,2025-07-14,"AVGO,NVDA","META,MSFT",25
2025-06-18,0.0036269391283408614,0.0,0.0036269391283408614,2025-06-13,2025-07-14,"AVGO,NVDA","META,MSFT",25
2025-06-20,0.0028212110299045134,0.0,0.0028212110299045134,2025-06-13,2025-07-14,"AVGO,NVDA","META,MSFT",25
2025-06-23,-0.0060953522855204945,0.0,-0.0060953522855204945,2025-06-13,2025-07-14,"AVGO,NVDA","META,MSFT",25
2025-06-24,0.00931290374340088,0.0,0.00931290374340088,2025-06-13,2025-07-14,"AVGO,NVDA","META,MSFT",25
2025-06-25,0.011802877551769508,0.0,0.011802877551769508,2025-06-13,2025-07-14,"AVGO,NVDA","META,MSFT",25
2025-06-26,-0.002407703930660976,0.0,-0.002407703930660976,2025-06-13,2025-07-14,"AVGO,NVDA","META,MSFT",25
2025-06-27,0.0018067239914599242,0.0,0.0018067239914599242,2025-06-13,2025-07-14,"AVGO,NVDA","META,MSFT",25
2025-06-30,0.003966847441751908,0.0,0.003966847441751908,2025-06-13,2025-07-14,"AVGO,NVDA","META,MSFT",25
2025-07-01,-0.008230642116160564,0.0,-0.008230642116160564,2025-06-13,2025-07-14,"AVGO,NVDA","META,MSFT",25
2025-07-02,0.013765926166236342,0.0,0.013765926166236342,2025-06-13,2025-07-14,"AVGO,NVDA","META,MSFT",25
2025-07-03,0.002362262415689931,0.0,0.002362262415689931,2025-06-13,2025-07-14,"AVGO,NVDA","META,MSFT",25
2025-07-07,-0.0018435495120468492,0.0,-0.0018435495120468492,2025-06-13,2025-07-14,"AVGO,NVDA","META,MSFT",25
2025-07-08,0.0003555885542725623,0.0,0.0003555885542725623,2025-06-13,2025-07-14,"AVGO,NVDA","META,MSFT",25
2025-07-09,0.0024413332042734215,0.0,0.0024413332042734215,2025-06-13,2025-07-14,"AVGO,NVDA","META,MSFT",25
2025-07-10,0.0025215046249243978,0.0,0.0025215046249243978,2025-06-13,2025-07-14,"AVGO,NVDA","META,MSFT",25
2025-07-11,0.002750871280533612,0.0,0.002750871280533612,2025-06-13,2025-07-14,"AVGO,NVDA","META,MSFT",25
2025-07-14,-0.0012159975638106613,0.001,-0.0022159975638106613,2025-06-13,2025-07-14,"AVGO,NVDA","META,MSFT",25
2025-07-16,0.012472716207306,0.001,0.011472716207306,2025-07-16,2025-08-12,"NVDA,TSLA","META,MSFT",26
2025-07-17,-0.0018512647613588007,0.0,-0.0018512647613588007,2025-07-16,2025-08-12,"NVDA,TSLA","META,MSFT",26
2025-07-18,0.0069453834762332745,0.0,0.0069453834762332745,2025-07-16,2025-08-12,"NVDA,TSLA","META,MSFT",26
2025-07-21,-0.005462903245999379,0.0,-0.005462903245999379,2025-07-16,2025-08-12,"NVDA,TSLA","META,MSFT",26
2025-07-22,0.0016185121039776207,0.0,0.0016185121039776207,2025-07-16,2025-08-12,"NVDA,TSLA","META,MSFT",26
2025-07-23,0.0025438714051389533,0.0,0.0025438714051389533,2025-07-16,2025-08-12,"NVDA,TSLA","META,MSFT",26
2025-07-24,-0.01906283884517007,0.0,-0.01906283884517007,2025-07-16,2025-08-12,"NVDA,TSLA","META,MSFT",26
2025-07-25,0.007822257640433927,0.0,0.007822257640433927,2025-07-16,2025-08-12,"NVDA,TSLA","META,MSFT",26
2025-07-28,0.011073575382593237,0.0,0.011073575382593237,2025-07-16,2025-08-12,"NVDA,TSLA","META,MSFT",26
2025-07-29,0.0009829394710557937,0.0,0.0009829394710557937,2025-07-16,2025-08-12,"NVDA,TSLA","META,MSFT",26
2025-07-30,0.005058534418519861,0.0,0.005058534418519861,2025-07-16,2025-08-12,"NVDA,TSLA","META,MSFT",26
2025-07-31,-0.04839223473225793,0.0,-0.04839223473225793,2025-07-16,2025-08-12,"NVDA,TSLA","META,MSFT",26
2025-08-01,0.0015667099792541217,0.0,0.0015667099792541217,2025-07-16,2025-08-12,"NVDA,TSLA","META,MSFT",26
2025-08-04,0.00022820751547236728,0.0,0.00022820751547236728,2025-07-16,2025-08-12,"NVDA,TSLA","META,MSFT",26
2025-08-05,0.004986401240709232,0.0,0.004986401240709232,2025-07-16,2025-08-12,"NVDA,TSLA","META,MSFT",26
2025-08-06,0.009226358877671897,0.0,0.009226358877671897,2025-07-16,2025-08-12,"NVDA,TSLA","META,MSFT",26
2025-08-07,0.008968156959906742,0.0,0.008968156959906742,2025-07-16,2025-08-12,"NVDA,TSLA","META,MSFT",26
2025-08-08,0.005366780593633491,0.0,0.005366780593633491,2025-07-16,2025-08-12,"NVDA,TSLA","META,MSFT",26
2025-08-11,0.007481832546843481,0.0,0.007481832546843481,2025-07-16,2025-08-12,"NVDA,TSLA","META,MSFT",26
2025-08-12,-0.008610619097350336,0.001,-0.009610619097350337,2025-07-16,2025-08-12,"NVDA,TSLA","META,MSFT",26
2025-08-13,0.003045185672475359,0.001,0.002045185672475359,2025-08-13,2025-09-10,"AMZN,TSLA","MSFT,XOM",26
2025-08-14,0.0039468027878712675,0.0,0.0039468027878712675,2025-08-13,2025-09-10,"AMZN,TSLA","MSFT,XOM",26
2025-08-15,-0.0028153793327755083,0.0,-0.0028153793327755083,2025-08-13,2025-09-10,"AMZN,TSLA","MSFT,XOM",26
2025-08-18,0.004912242273935968,0.0,0.004912242273935968,2025-08-13,2025-09-10,"AMZN,TSLA","MSFT,XOM",26
2025-08-19,-0.006217823853267107,0.0,-0.006217823853267107,2025-08-13,2025-09-10,"AMZN,TSLA","MSFT,XOM",26
2025-08-20,-0.009309285182031696,0.0,-0.009309285182031696,2025-08-13,2025-09-10,"AMZN,TSLA","MSFT,XOM",26
2025-08-21,-0.006293559637751689,0.0,-0.006293559637751689,2025-08-13,2025-09-10,"AMZN,TSLA","MSFT,XOM",26
2025-08-22,0.01712791824404175,0.0,0.01712791824404175,2025-08-13,2025-09-10,"AMZN,TSLA","MSFT,XOM",26
2025-08-25,0.004292652649357798,0.0,0.004292652649357798,2025-08-13,2025-09-10,"AMZN,TSLA","MSFT,XOM",26
2025-08-26,0.00616143476871156,0.0,0.00616143476871156,2025-08-13,2025-09-10,"AMZN,TSLA","MSFT,XOM",26
2025-08-27,-0.006189190408264017,0.0,-0.006189190408264017,2025-08-13,2025-09-10,"AMZN,TSLA","MSFT,XOM",26
2025-08-28,-0.002643760054178629,0.0,-0.002643760054178629,2025-08-13,2025-09-10,"AMZN,TSLA","MSFT,XOM",26
2025-08-29,-0.012183218517540784,0.0,-0.012183218517540784,2025-08-13,2025-09-10,"AMZN,TSLA","MSFT,XOM",26
2025-09-02,-0.007473004707410857,0.0,-0.007473004707410857,2025-08-13,2025-09-10,"AMZN,TSLA","MSFT,XOM",26
2025-09-03,0.010257381266004173,0.0,0.010257381266004173,2025-08-13,2025-09-10,"AMZN,TSLA","MSFT,XOM",26
2025-09-04,0.0116512012834179,0.0,0.0116512012834179,2025-08-13,2025-09-10,"AMZN,TSLA","MSFT,XOM",26
2025-09-05,0.01897118185647892,0.0,0.01897118185647892,2025-08-13,2025-09-10,"AMZN,TSLA","MSFT,XOM",26
2025-09-08,-0.0024220441753219912,0.0,-0.0024220441753219912,2025-08-13,2025-09-10,"AMZN,TSLA","MSFT,XOM",26
2025-09-09,0.0010294140554584774,0.0,0.0010294140554584774,2025-08-13,2025-09-10,"AMZN,TSLA","MSFT,XOM",26
2025-09-10,-0.012872588946471336,0.001,-0.013872588946471337,2025-08-13,2025-09-10,"AMZN,TSLA","MSFT,XOM",26
2025-09-11,0.0056140677785581905,0.001,0.0046140677785581905,2025-09-11,2025-10-08,"AVGO,TSLA","AAPL,XOM",26
2025-09-12,0.014121754387158236,0.0,0.014121754387158236,2025-09-11,2025-10-08,"AVGO,TSLA","AAPL,XOM",26
2025-09-15,0.008601981640058043,0.0,0.008601981640058043,2025-09-11,2025-10-08,"AVGO,TSLA","AAPL,XOM",26
2025-09-16,-0.002464227227582716,0.0,-0.002464227227582716,2025-09-11,2025-10-08,"AVGO,TSLA","AAPL,XOM",26
2025-09-17,-0.009301666044303047,0.0,-0.009301666044303047,2025-09-11,2025-10-08,"AVGO,TSLA","AAPL,XOM",26
2025-09-18,-0.0017712236815756732,0.0,-0.0017712236815756732,2025-09-11,2025-10-08,"AVGO,TSLA","AAPL,XOM",26
2025-09-19,-0.0003397775950355897,0.0,-0.0003397775950355897,2025-09-11,2025-10-08,"AVGO,TSLA","AAPL,XOM",26
2025-09-22,-0.008261539316673921,0.0,-0.008261539316673921,2025-09-11,2025-10-08,"AVGO,TSLA","AAPL,XOM",26
2025-09-23,-0.0073991286691651725,0.0,-0.0073991286691651725,2025-09-11,2025-10-08,"AVGO,TSLA","AAPL,XOM",26
2025-09-24,0.010962501529250684,0.0,0.010962501529250684,2025-09-11,2025-10-08,"AVGO,TSLA","AAPL,XOM",26
2025-09-25,-0.020084345936101478,0.0,-0.020084345936101478,2025-09-11,2025-10-08,"AVGO,TSLA","AAPL,XOM",26
2025-09-26,0.006723010383718087,0.0,0.006723010383718087,2025-09-11,2025-10-08,"AVGO,TSLA","AAPL,XOM",26
2025-09-29,0.004046614074028121,0.0,0.004046614074028121,2025-09-11,2025-10-08,"AVGO,TSLA","AAPL,XOM",26
2025-09-30,0.005405195428675402,0.0,0.005405195428675402,2025-09-11,2025-10-08,"AVGO,TSLA","AAPL,XOM",26
2025-10-01,0.011803253171623895,0.0,0.011803253171623895,2025-09-11,2025-10-08,"AVGO,TSLA","AAPL,XOM",26
2025-10-02,-0.009254660236298923,0.0,-0.009254660236298923,2025-09-11,2025-10-08,"AVGO,TSLA","AAPL,XOM",26
2025-10-03,-0.008688025851322334,0.0,-0.008688025851322334,2025-09-11,2025-10-08,"AVGO,TSLA","AAPL,XOM",26
2025-10-06,0.01070760329849696,0.0,0.01070760329849696,2025-09-11,2025-10-08,"AVGO,TSLA","AAPL,XOM",26
2025-10-07,-0.010361004023998699,0.0,-0.010361004023998699,2025-09-11,2025-10-08,"AVGO,TSLA","AAPL,XOM",26
2025-10-08,0.00897282600352134,0.001,0.007972826003521338,2025-09-11,2025-10-08,"AVGO,TSLA","AAPL,XOM",26
2025-10-16,6.368385902574825e-05,0.001,-0.0009363161409742518,2025-10-16,2025-11-12,"AMZN,META","GOOGL,TSLA",27
2025-10-17,-0.007950875678967184,0.0,-0.007950875678967184,2025-10-16,2025-11-12,"AMZN,META","GOOGL,TSLA",27
2025-10-20,0.001526148211910161,0.0,0.001526148211910161,2025-10-16,2025-11-12,"AMZN,META","GOOGL,TSLA",27
2025-10-21,0.015418229595458993,0.0,0.015418229595458993,2025-10-16,2025-11-12,"AMZN,META","GOOGL,TSLA",27
2025-10-22,-0.0037236279074469303,0.0,-0.0037236279074469303,2025-10-16,2025-11-12,"AMZN,META","GOOGL,TSLA",27
2025-10-23,-0.003278636972507576,0.0,-0.003278636972507576,2025-10-16,2025-11-12,"AMZN,META","GOOGL,TSLA",27
2025-10-24,0.0067532651526325815,0.0,0.0067532651526325815,2025-10-16,2025-11-12,"AMZN,META","GOOGL,TSLA",27
2025-10-27,-0.012475716808583504,0.0,-0.012475716808583504,2025-10-16,2025-11-12,"AMZN,META","GOOGL,TSLA",27
2025-10-28,-0.00010348005283730699,0.0,-0.00010348005283730699,2025-10-16,2025-11-12,"AMZN,META","GOOGL,TSLA",27
2025-10-29,-0.005935856142771034,0.0,-0.005935856142771034,2025-10-16,2025-11-12,"AMZN,META","GOOGL,TSLA",27
2025-10-30,-0.031107210735759033,0.0,-0.031107210735759033,2025-10-16,2025-11-12,"AMZN,META","GOOGL,TSLA",27
2025-10-31,0.00807165268742771,0.0,0.00807165268742771,2025-10-16,2025-11-12,"AMZN,META","GOOGL,TSLA",27
2025-11-03,-0.0028074286955816485,0.0,-0.0028074286955816485,2025-10-16,2025-11-12,"AMZN,META","GOOGL,TSLA",27
2025-11-04,0.00963512248250395,0.0,0.00963512248250395,2025-10-16,2025-11-12,"AMZN,META","GOOGL,TSLA",27
2025-11-05,-0.011798856867794028,0.0,-0.011798856867794028,2025-10-16,2025-11-12,"AMZN,META","GOOGL,TSLA",27
2025-11-06,-0.005484778089350079,0.0,-0.005484778089350079,2025-10-16,2025-11-12,"AMZN,META","GOOGL,TSLA",27
2025-11-07,0.016914733980026825,0.0,0.016914733980026825,2025-10-16,2025-11-12,"AMZN,META","GOOGL,TSLA",27
2025-11-10,-0.011126137238440192,0.0,-0.011126137238440192,2025-10-16,2025-11-12,"AMZN,META","GOOGL,TSLA",27
2025-11-11,0.0009598910180346198,0.0,0.0009598910180346198,2025-10-16,2025-11-12,"AMZN,META","GOOGL,TSLA",27
2025-11-12,-0.0030446771432124375,0.001,-0.0040446771432124376,2025-10-16,2025-11-12,"AMZN,META","GOOGL,TSLA",27
2025-11-13,-0.008676182264967303,0.001,-0.009676182264967303,2025-11-13,2025-12-11,"META,TSLA","AAPL,GOOGL",27
2025-11-14,0.003724566102134036,0.0,0.003724566102134036,2025-11-13,2025-12-11,"META,TSLA","AAPL,GOOGL",27
2025-11-17,-0.0034750566743244338,0.0,-0.0034750566743244338,2025-11-13,2025-12-11,"META,TSLA","AAPL,GOOGL",27
2025-11-18,-0.005815346243005531,0.0,-0.005815346243005531,2025-11-13,2025-12-11,"META,TSLA","AAPL,GOOGL",27
2025-11-19,-0.009923984597955071,0.0,-0.009923984597955071,2025-11-13,2025-12-11,"META,TSLA","AAPL,GOOGL",27
2025-11-20,-0.0008972671969225965,0.0,-0.0008972671969225965,2025-11-13,2025-12-11,"META,TSLA","AAPL,GOOGL",27
2025-11-21,-0.0141932094630913,0.0,-0.0141932094630913,2025-11-13,2025-12-11,"META,TSLA","AAPL,GOOGL",27
2025-11-24,0.005106505633525327,0.0,0.005106505633525327,2025-11-13,2025-12-11,"META,TSLA","AAPL,GOOGL",27
2025-11-25,0.00565287837068279,0.0,0.00565287837068279,2025-11-13,2025-12-11,"META,TSLA","AAPL,GOOGL",27
2025-11-26,0.005428359645665265,0.0,0.005428359645665265,2025-11-13,2025-12-11,"META,TSLA","AAPL,GOOGL",27
2025-11-28,0.006411355030863097,0.0,0.006411355030863097,2025-11-13,2025-12-11,"META,TSLA","AAPL,GOOGL",27
2025-12-01,-0.0024289337922415444,0.0,-0.0024289337922415444,2025-11-13,2025-12-11,"META,TSLA","AAPL,GOOGL",27
2025-12-02,-0.0015519652110216609,0.0,-0.0015519652110216609,2025-11-13,2025-12-11,"META,TSLA","AAPL,GOOGL",27
2025-12-03,0.0060529780009302425,0.0,0.0060529780009302425,2025-11-13,2025-12-11,"META,TSLA","AAPL,GOOGL",27
2025-12-04,0.01753865755149936,0.0,0.01753865755149936,2025-11-13,2025-12-11,"META,TSLA","AAPL,GOOGL",27
2025-12-05,0.003588960444063677,0.0,0.003588960444063677,2025-11-13,2025-12-11,"META,TSLA","AAPL,GOOGL",27
2025-12-08,-0.004416595779792337,0.0,-0.004416595779792337,2025-11-13,2025-12-11,"META,TSLA","AAPL,GOOGL",27
2025-12-09,-0.0025488326987590515,0.0,-0.0025488326987590515,2025-11-13,2025-12-11,"META,TSLA","AAPL,GOOGL",27
2025-12-10,-0.00298334567229408,0.0,-0.00298334567229408,2025-11-13,2025-12-11,"META,TSLA","AAPL,GOOGL",27
2025-12-11,0.0052136422777299685,0.001,0.0042136422777299684,2025-11-13,2025-12-11,"META,TSLA","AAPL,GOOGL",27
2025-12-12,-0.009126367480058434,0.001,-0.010126367480058435,2025-12-12,2026-01-12,"META,NVDA","AAPL,GOOGL",27
2025-12-15,0.007902971157364852,0.0,0.007902971157364852,2025-12-12,2026-01-12,"META,NVDA","AAPL,GOOGL",27
2025-12-16,0.006632212448124619,0.0,0.006632212448124619,2025-12-12,2026-01-12,"META,NVDA","AAPL,GOOGL",27
2025-12-17,-0.0018936360025646748,0.0,-0.0018936360025646748,2025-12-12,2026-01-12,"META,NVDA","AAPL,GOOGL",27
2025-12-18,0.005276334653657955,0.0,0.005276334653657955,2025-12-12,2026-01-12,"META,NVDA","AAPL,GOOGL",27
2025-12-19,0.0024527320552208687,0.0,0.0024527320552208687,2025-12-12,2026-01-12,"META,NVDA","AAPL,GOOGL",27
2025-12-22,0.005099580186452679,0.0,0.005099580186452679,2025-12-12,2026-01-12,"META,NVDA","AAPL,GOOGL",27
2025-12-23,0.003842206081763888,0.0,0.003842206081763888,2025-12-12,2026-01-12,"META,NVDA","AAPL,GOOGL",27
2025-12-24,-0.0009356293241973845,0.0,-0.0009356293241973845,2025-12-12,2026-01-12,"META,NVDA","AAPL,GOOGL",27
2025-12-26,0.0017854986142261942,0.0,0.0017854986142261942,2025-12-12,2026-01-12,"META,NVDA","AAPL,GOOGL",27
2025-12-29,-0.005133869808350094,0.0,-0.005133869808350094,2025-12-12,2026-01-12,"META,NVDA","AAPL,GOOGL",27
2025-12-30,0.002242090427881843,0.0,0.002242090427881843,2025-12-12,2026-01-12,"META,NVDA","AAPL,GOOGL",27
2025-12-31,-0.0017922668697533117,0.0,-0.0017922668697533117,2025-12-12,2026-01-12,"META,NVDA","AAPL,GOOGL",27
2026-01-02,-0.0014516641063803959,0.0,-0.0014516641063803959,2025-12-12,2026-01-12,"META,NVDA","AAPL,GOOGL",27
2026-01-05,0.004611272451726517,0.0,0.004611272451726517,2025-12-12,2026-01-12,"META,NVDA","AAPL,GOOGL",27
2026-01-06,0.005846154731331377,0.0,0.005846154731331377,2025-12-12,2026-01-12,"META,NVDA","AAPL,GOOGL",27
2026-01-07,-0.00615984363183289,0.0,-0.00615984363183289,2025-12-12,2026-01-12,"META,NVDA","AAPL,GOOGL",27
2026-01-08,-0.007841737307608843,0.0,-0.007841737307608843,2025-12-12,2026-01-12,"META,NVDA","AAPL,GOOGL",27
2026-01-09,-0.00025735529280668246,0.0,-0.00025735529280668246,2025-12-12,2026-01-12,"META,NVDA","AAPL,GOOGL",27
2026-01-12,-0.007488678476918753,0.001,-0.008488678476918754,2025-12-12,2026-01-12,"META,NVDA","AAPL,GOOGL",27
2026-01-16,0.006340600685789094,0.001,0.005340600685789094,2026-01-16,2026-02-13,"AVGO,TSLA","GOOGL,XOM",28
2026-01-20,-0.01904871170841363,0.0,-0.01904871170841363,2026-01-16,2026-02-13,"AVGO,TSLA","GOOGL,XOM",28
2026-01-21,-0.006577111444850431,0.0,-0.006577111444850431,2026-01-16,2026-02-13,"AVGO,TSLA","GOOGL,XOM",28
2026-01-22,0.006166546513313054,0.0,0.006166546513313054,2026-01-16,2026-02-13,"AVGO,TSLA","GOOGL,XOM",28
2026-01-23,-0.004859147931061153,0.0,-0.004859147931061153,2026-01-16,2026-02-13,"AVGO,TSLA","GOOGL,XOM",28
2026-01-26,-0.0077892623095017766,0.0,-0.0077892623095017766,2026-01-16,2026-02-13,"AVGO,TSLA","GOOGL,XOM",28
2026-01-27,-0.001016916751426289,0.0,-0.001016916751426289,2026-01-16,2026-02-13,"AVGO,TSLA","GOOGL,XOM",28
2026-01-28,-0.0017983947265786115,0.0,-0.0017983947265786115,2026-01-16,2026-02-13,"AVGO,TSLA","GOOGL,XOM",28
2026-01-29,-0.017507273676726026,0.0,-0.017507273676726026,2026-01-16,2026-02-13,"AVGO,TSLA","GOOGL,XOM",28
2026-01-30,0.007344223046668957,0.0,0.007344223046668957,2026-01-16,2026-02-13,"AVGO,TSLA","GOOGL,XOM",28
2026-02-02,-0.0040430835201537285,0.0,-0.0040430835201537285,2026-01-16,2026-02-13,"AVGO,TSLA","GOOGL,XOM",28
2026-02-03,-0.014783266908516696,0.0,-0.014783266908516696,2026-01-16,2026-02-13,"AVGO,TSLA","GOOGL,XOM",28
2026-02-04,-0.020839154222609763,0.0,-0.020839154222609763,2026-01-16,2026-02-13,"AVGO,TSLA","GOOGL,XOM",28
2026-02-05,0.0004792882575229418,0.0,0.0004792882575229418,2026-01-16,2026-02-13,"AVGO,TSLA","GOOGL,XOM",28
2026-02-06,0.02804066679872505,0.0,0.02804066679872505,2026-01-16,2026-02-13,"AVGO,TSLA","GOOGL,XOM",28
2026-02-09,0.007298127816823208,0.0,0.007298127816823208,2026-01-16,2026-02-13,"AVGO,TSLA","GOOGL,XOM",28
2026-02-10,0.0059789531593535394,0.0,0.0059789531593535394,2026-01-16,2026-02-13,"AVGO,TSLA","GOOGL,XOM",28
2026-02-11,0.002935182350125659,0.0,0.002935182350125659,2026-01-16,2026-02-13,"AVGO,TSLA","GOOGL,XOM",28
2026-02-12,-0.005973675477806417,0.0,-0.005973675477806417,2026-01-16,2026-02-13,"AVGO,TSLA","GOOGL,XOM",28
2026-02-13,0.0008139139071292323,0.001,-0.00018608609287076774,2026-01-16,2026-02-13,"AVGO,TSLA","GOOGL,XOM",28
2026-02-17,-0.0025231476818644294,0.001,-0.0035231476818644294,2026-02-17,2026-03-16,"AVGO,TSLA","AAPL,XOM",28
2026-02-18,-0.0069743255357357925,0.0,-0.0069743255357357925,2026-02-17,2026-03-16,"AVGO,TSLA","AAPL,XOM",28
2026-02-19,0.003681062650539718,0.0,0.003681062650539718,2026-02-17,2026-03-16,"AVGO,TSLA","AAPL,XOM",28
2026-02-20,0.001336674901131235,0.0,0.001336674901131235,2026-02-17,2026-03-16,"AVGO,TSLA","AAPL,XOM",28
2026-02-23,-0.01643365508491576,0.0,-0.01643365508491576,2026-02-17,2026-03-16,"AVGO,TSLA","AAPL,XOM",28
2026-02-24,-0.0008095402748862224,0.0,-0.0008095402748862224,2026-02-17,2026-03-16,"AVGO,TSLA","AAPL,XOM",28
2026-02-25,0.00855093001718965,0.0,0.00855093001718965,2026-02-17,2026-03-16,"AVGO,TSLA","AAPL,XOM",28
2026-02-26,-0.011225648665629862,0.0,-0.011225648665629862,2026-02-17,2026-03-16,"AVGO,TSLA","AAPL,XOM",28
2026-02-27,-0.004017180394853964,0.0,-0.004017180394853964,2026-02-17,2026-03-16,"AVGO,TSLA","AAPL,XOM",28
2026-03-02,-0.003398663063045454,0.0,-0.003398663063045454,2026-02-17,2026-03-16,"AVGO,TSLA","AAPL,XOM",28
2026-03-03,-0.005864885205975612,0.0,-0.005864885205975612,2026-02-17,2026-03-16,"AVGO,TSLA","AAPL,XOM",28
2026-03-04,0.016021523692398038,0.0,0.016021523692398038,2026-02-17,2026-03-16,"AVGO,TSLA","AAPL,XOM",28
2026-03-05,0.01231377044884277,0.0,0.01231377044884277,2026-02-17,2026-03-16,"AVGO,TSLA","AAPL,XOM",28
2026-03-06,-0.00518552651140064,0.0,-0.00518552651140064,2026-02-17,2026-03-16,"AVGO,TSLA","AAPL,XOM",28
2026-03-09,0.011703352522944022,0.0,0.011703352522944022,2026-02-17,2026-03-16,"AVGO,TSLA","AAPL,XOM",28
2026-03-10,0.0009838547450996549,0.0,0.0009838547450996549,2026-02-17,2026-03-16,"AVGO,TSLA","AAPL,XOM",28
2026-03-11,-0.001167725246280782,0.0,-0.001167725246280782,2026-02-17,2026-03-16,"AVGO,TSLA","AAPL,XOM",28
2026-03-12,-0.010326878974123183,0.0,-0.010326878974123183,2026-02-17,2026-03-16,"AVGO,TSLA","AAPL,XOM",28
2026-03-13,-0.011391962701246816,0.0,-0.011391962701246816,2026-02-17,2026-03-16,"AVGO,TSLA","AAPL,XOM",28
2026-03-16,0.0004518810729722822,0.001,-0.0005481189270277178,2026-02-17,2026-03-16,"AVGO,TSLA","AAPL,XOM",28
2026-03-17,-0.007330484974045343,0.001,-0.008330484974045343,2026-03-17,2026-04-14,"AVGO,TSLA","GOOGL,XOM",28
2026-03-18,-0.0037319754865605403,0.0,-0.0037319754865605403,2026-03-17,2026-04-14,"AVGO,TSLA","GOOGL,XOM",28
2026-03-19,-0.005298587550908979,0.0,-0.005298587550908979,2026-03-17,2026-04-14,"AVGO,TSLA","GOOGL,XOM",28
2026-03-20,-0.012801797378852203,0.0,-0.012801797378852203,2026-03-17,2026-04-14,"AVGO,TSLA","GOOGL,XOM",28
2026-03-23,0.01579756203229621,0.0,0.01579756203229621,2026-03-17,2026-04-14,"AVGO,TSLA","GOOGL,XOM",28
2026-03-24,0.0011830402803119644,0.0,0.0011830402803119644,2026-03-17,2026-04-14,"AVGO,TSLA","GOOGL,XOM",28
2026-03-25,0.005097268558939938,0.0,0.005097268558939938,2026-03-17,2026-04-14,"AVGO,TSLA","GOOGL,XOM",28
2026-03-26,-0.011049409799934184,0.0,-0.011049409799934184,2026-03-17,2026-04-14,"AVGO,TSLA","GOOGL,XOM",28
2026-03-27,-0.016514754257325293,0.0,-0.016514754257325293,2026-03-17,2026-04-14,"AVGO,TSLA","GOOGL,XOM",28
2026-03-30,-0.010506550143467908,0.0,-0.010506550143467908,2026-03-17,2026-04-14,"AVGO,TSLA","GOOGL,XOM",28
2026-03-31,0.01509450367040241,0.0,0.01509450367040241,2026-03-17,2026-04-14,"AVGO,TSLA","GOOGL,XOM",28
2026-04-01,0.014149101758766075,0.0,0.014149101758766075,2026-03-17,2026-04-14,"AVGO,TSLA","GOOGL,XOM",28
2026-04-02,-0.01120662249434351,0.0,-0.01120662249434351,2026-03-17,2026-04-14,"AVGO,TSLA","GOOGL,XOM",28
2026-04-06,-0.013218834607095192,0.0,-0.013218834607095192,2026-03-17,2026-04-14,"AVGO,TSLA","GOOGL,XOM",28
2026-04-07,0.00577928363945196,0.0,0.00577928363945196,2026-03-17,2026-04-14,"AVGO,TSLA","GOOGL,XOM",28
2026-04-08,0.012041466358160419,0.0,0.012041466358160419,2026-03-17,2026-04-14,"AVGO,TSLA","GOOGL,XOM",28
2026-04-09,0.0057443906697408065,0.0,0.0057443906697408065,2026-03-17,2026-04-14,"AVGO,TSLA","GOOGL,XOM",28
2026-04-10,0.019190798975961793,0.0,0.019190798975961793,2026-03-17,2026-04-14,"AVGO,TSLA","GOOGL,XOM",28
2026-04-13,0.004582984521586231,0.0,0.004582984521586231,2026-03-17,2026-04-14,"AVGO,TSLA","GOOGL,XOM",28
2026-04-14,0.005577663953654388,0.001,0.004577663953654388,2026-03-17,2026-04-14,"AVGO,TSLA","GOOGL,XOM",28
2026-04-16,0.0026300842607618335,0.001,0.0016300842607618335,2026-04-16,2026-05-13,"AVGO,META","AAPL,JPM",29
2026-04-17,0.002620317580422804,0.0,0.002620317580422804,2026-04-16,2026-05-13,"AVGO,META","AAPL,JPM",29
2026-04-20,-0.01866108392232027,0.0,-0.01866108392232027,2026-04-16,2026-05-13,"AVGO,META","AAPL,JPM",29
2026-04-21,0.010263621772459708,0.0,0.010263621772459708,2026-04-16,2026-05-13,"AVGO,META","AAPL,JPM",29
2026-04-22,0.008338003330292054,0.0,0.008338003330292054,2026-04-16,2026-05-13,"AVGO,META","AAPL,JPM",29
2026-04-23,-0.006547705470884513,0.0,-0.006547705470884513,2026-04-16,2026-05-13,"AVGO,META","AAPL,JPM",29
2026-04-24,0.012603740729940416,0.0,0.012603740729940416,2026-04-16,2026-05-13,"AVGO,META","AAPL,JPM",29
2026-04-27,-0.0009017247217530389,0.0,-0.0009017247217530389,2026-04-16,2026-05-13,"AVGO,META","AAPL,JPM",29
2026-04-28,-0.01641514493659843,0.0,-0.01641514493659843,2026-04-16,2026-05-13,"AVGO,META","AAPL,JPM",29
2026-04-29,0.004951934047057488,0.0,0.004951934047057488,2026-04-16,2026-05-13,"AVGO,META","AAPL,JPM",29
2026-04-30,-0.018297639074208144,0.0,-0.018297639074208144,2026-04-16,2026-05-13,"AVGO,META","AAPL,JPM",29
2026-05-01,-0.006477083252881516,0.0,-0.006477083252881516,2026-04-16,2026-05-13,"AVGO,META","AAPL,JPM",29
2026-05-04,0.004655456851329981,0.0,0.004655456851329981,2026-04-16,2026-05-13,"AVGO,META","AAPL,JPM",29
2026-05-05,-0.003773256353367116,0.0,-0.003773256353367116,2026-04-16,2026-05-13,"AVGO,META","AAPL,JPM",29
2026-05-06,-0.005223830165385218,0.0,-0.005223830165385218,2026-04-16,2026-05-13,"AVGO,META","AAPL,JPM",29
2026-05-07,0.0009467052983472835,0.0,0.0009467052983472835,2026-04-16,2026-05-13,"AVGO,META","AAPL,JPM",29
2026-05-08,0.005947778428027073,0.0,0.005947778428027073,2026-04-16,2026-05-13,"AVGO,META","AAPL,JPM",29
2026-05-11,-0.0032758975931503065,0.0,-0.0032758975931503065,2026-04-16,2026-05-13,"AVGO,META","AAPL,JPM",29
2026-05-12,-0.009476823154902392,0.0,-0.009476823154902392,2026-04-16,2026-05-13,"AVGO,META","AAPL,JPM",29
2026-05-13,0.0044994475442729776,0.001,0.0034994475442729775,2026-04-16,2026-05-13,"AVGO,META","AAPL,JPM",29
2026-05-14,0.015360857150483742,0.001,0.014360857150483741,2026-05-14,2026-06-11,"AVGO,META","AAPL,JPM",29
2026-05-15,-0.009940173461120888,0.0,-0.009940173461120888,2026-05-14,2026-06-11,"AVGO,META","AAPL,JPM",29
2026-05-18,-0.004324383301940932,0.0,-0.004324383301940932,2026-05-14,2026-06-11,"AVGO,META","AAPL,JPM",29
2026-05-19,-0.006013021536400626,0.0,-0.006013021536400626,2026-05-14,2026-06-11,"AVGO,META","AAPL,JPM",29
2026-05-20,-0.0029671414387595907,0.0,-0.0029671414387595907,2026-05-14,2026-06-11,"AVGO,META","AAPL,JPM",29
2026-05-21,-0.004061156601307181,0.0,-0.004061156601307181,2026-05-14,2026-06-11,"AVGO,META","AAPL,JPM",29
2026-05-22,-0.005002106915172555,0.0,-0.005002106915172555,2026-05-14,2026-06-11,"AVGO,META","AAPL,JPM",29
2026-05-26,0.005705852300615238,0.0,0.005705852300615238,2026-05-14,2026-06-11,"AVGO,META","AAPL,JPM",29
2026-05-27,0.013305451387509076,0.0,0.013305451387509076,2026-05-14,2026-06-11,"AVGO,META","AAPL,JPM",29
2026-05-28,0.0036039717058563847,0.0,0.0036039717058563847,2026-05-14,2026-06-11,"AVGO,META","AAPL,JPM",29
2026-05-29,0.008924816187139306,0.0,0.008924816187139306,2026-05-14,2026-06-11,"AVGO,META","AAPL,JPM",29
2026-06-01,0.001609253269667682,0.0,0.001609253269667682,2026-05-14,2026-06-11,"AVGO,META","AAPL,JPM",29
2026-06-02,-0.00039030778975129854,0.0,-0.00039030778975129854,2026-05-14,2026-06-11,"AVGO,META","AAPL,JPM",29
2026-06-03,0.013399116599380811,0.0,0.013399116599380811,2026-05-14,2026-06-11,"AVGO,META","AAPL,JPM",29
2026-06-04,-0.03874983133312526,0.0,-0.03874983133312526,2026-05-14,2026-06-11,"AVGO,META","AAPL,JPM",29
2026-06-05,-0.03163816899683264,0.0,-0.03163816899683264,2026-05-14,2026-06-11,"AVGO,META","AAPL,JPM",29
2026-06-08,0.009563126234647251,0.0,0.009563126234647251,2026-05-14,2026-06-11,"AVGO,META","AAPL,JPM",29
2026-06-09,0.004693448585202292,0.0,0.004693448585202292,2026-05-14,2026-06-11,"AVGO,META","AAPL,JPM",29
2026-06-10,-0.01664853586683568,0.0,-0.01664853586683568,2026-05-14,2026-06-11,"AVGO,META","AAPL,JPM",29
2026-06-11,0.0009431923529960029,0.001,-5.680764700399712e-05,2026-05-14,2026-06-11,"AVGO,META","AAPL,JPM",29
2026-06-12,0.0003299898660260314,0.001,-0.0006700101339739686,2026-06-12,2026-07-13,"AVGO,TSLA","AAPL,JPM",29
2026-06-15,0.007156525409107939,0.0,0.007156525409107939,2026-06-12,2026-07-13,"AVGO,TSLA","AAPL,JPM",29
2026-06-16,-0.026448139978775098,0.0,-0.026448139978775098,2026-06-12,2026-07-13,"AVGO,TSLA","AAPL,JPM",29
2026-06-17,0.006626071134422734,0.0,0.006626071134422734,2026-06-12,2026-07-13,"AVGO,TSLA","AAPL,JPM",29
2026-06-18,0.01876932526019312,0.0,0.01876932526019312,2026-06-12,2026-07-13,"AVGO,TSLA","AAPL,JPM",29
2026-06-22,-0.012430618918922554,0.0,-0.012430618918922554,2026-06-12,2026-07-13,"AVGO,TSLA","AAPL,JPM",29
2026-06-23,-0.021830186752469644,0.0,-0.021830186752469644,2026-06-12,2026-07-13,"AVGO,TSLA","AAPL,JPM",29
2026-06-24,-0.0011678382624964734,0.0,-0.0011678382624964734,2026-06-12,2026-07-13,"AVGO,TSLA","AAPL,JPM",29
2026-06-25,0.011701763571961454,0.0,0.011701763571961454,2026-06-12,2026-07-13,"AVGO,TSLA","AAPL,JPM",29
2026-06-26,-0.009418374493215503,0.0,-0.009418374493215503,2026-06-12,2026-07-13,"AVGO,TSLA","AAPL,JPM",29
2026-06-29,0.027781908530633975,0.0,0.027781908530633975,2026-06-12,2026-07-13,"AVGO,TSLA","AAPL,JPM",29
2026-06-30,0.0036770792146346987,0.0,0.0036770792146346987,2026-06-12,2026-07-13,"AVGO,TSLA","AAPL,JPM",29
2026-07-01,-0.012257141358291118,0.0,-0.012257141358291118,2026-06-12,2026-07-13,"AVGO,TSLA","AAPL,JPM",29
2026-07-02,-0.03714056196738558,0.0,-0.03714056196738558,2026-06-12,2026-07-13,"AVGO,TSLA","AAPL,JPM",29
2026-07-06,0.019221609120055605,0.0,0.019221609120055605,2026-06-12,2026-07-13,"AVGO,TSLA","AAPL,JPM",29
2026-07-07,-0.011644476708008972,0.0,-0.011644476708008972,2026-06-12,2026-07-13,"AVGO,TSLA","AAPL,JPM",29
2026-07-08,0.010731794361447639,0.0,0.010731794361447639,2026-06-12,2026-07-13,"AVGO,TSLA","AAPL,JPM",29
2026-07-09,0.009987359910858362,0.0,0.009987359910858362,2026-06-12,2026-07-13,"AVGO,TSLA","AAPL,JPM",29
2026-07-10,-1.5114110407665748e-07,0.0,-1.5114110407665748e-07,2026-06-12,2026-07-13,"AVGO,TSLA","AAPL,JPM",29
2026-07-13,-0.018057426118446573,0.001,-0.019057426118446574,2026-06-12,2026-07-13,"AVGO,TSLA","AAPL,JPM",29
