Date,Ticker,prediction,base_position,portfolio_side,actual_return,exposure_multiplier,targeted_position
2025-01-22,AAPL,0.0248550325632095,0.25,LONG,-0.0007595152,1.0,0.25
2025-01-22,GOOGL,-0.0116031467914581,0.25,LONG,-0.0019658762,1.0,0.25
2025-01-22,TSLA,-0.0967845618724823,-0.25,SHORT,-0.006576523,1.0,-0.25
2025-01-22,XOM,-0.1080797091126442,-0.25,SHORT,0.0056606145,1.0,-0.25
2025-01-23,AAPL,0.0253767073154449,0.25,LONG,-0.003934463,1.0,0.25
2025-01-23,GOOGL,-0.0111829936504364,0.25,LONG,0.0112637235,1.0,0.25
2025-01-23,TSLA,-0.1051753386855125,-0.25,SHORT,-0.014064742,1.0,-0.25
2025-01-23,XOM,-0.1115560308098793,-0.25,SHORT,-0.0135270385,1.0,-0.25
2025-01-24,AAPL,0.0241807401180267,0.25,LONG,0.031780235,1.0,0.25
2025-01-24,GOOGL,-0.0117840468883514,0.25,LONG,-0.041956086,1.0,0.25
2025-01-24,TSLA,-0.110672190785408,-0.25,SHORT,-0.02319345,1.0,-0.25
2025-01-24,XOM,-0.1171388030052185,-0.25,SHORT,0.013896521,1.0,-0.25
2025-01-27,AAPL,0.0231437683105468,0.25,LONG,0.036543835,1.0,0.25
2025-01-27,NVDA,-0.0030014812946319,0.25,LONG,0.089258656,1.0,0.25
2025-01-27,TSLA,-0.1110854968428611,-0.25,SHORT,0.0023668702,1.0,-0.25
2025-01-27,XOM,-0.1223225817084312,-0.25,SHORT,-0.019333713,1.0,-0.25
2025-01-28,AAPL,0.0088089257478713,0.25,LONG,0.004616856,1.0,0.25
2025-01-28,NVDA,-0.0082652270793914,0.25,LONG,-0.041011047,1.0,0.25
2025-01-28,TSLA,-0.1141982972621917,-0.25,SHORT,-0.022582809,1.0,-0.25
2025-01-28,XOM,-0.1235992014408111,-0.25,SHORT,0.0058311303,1.0,-0.25
2025-01-29,AAPL,-0.0009819567203521,0.25,LONG,-0.0073946565,1.0,0.25
2025-01-29,NVDA,-0.0051691681146621,0.25,LONG,0.007679887,1.0,0.25
2025-01-29,TSLA,-0.1109231561422348,-0.25,SHORT,0.028732954,1.0,-0.25
2025-01-29,XOM,-0.1230950951576232,-0.25,SHORT,0.008282042,1.0,-0.25
2025-01-30,NVDA,-0.0069814175367355,0.25,LONG,-0.036742847,1.0,0.25
2025-01-30,AAPL,-0.0081360638141632,0.25,LONG,-0.0066922335,1.0,0.25
2025-01-30,TSLA,-0.1051192656159401,-0.25,SHORT,0.010792464,1.0,-0.25
2025-01-30,XOM,-0.1223892644047737,-0.25,SHORT,-0.025006896,1.0,-0.25
2025-01-31,NVDA,-0.0055601596832275,0.25,LONG,-0.028400026,1.0,0.25
2025-01-31,AAPL,-0.0112650841474533,0.25,LONG,-0.03385593,1.0,0.25
2025-01-31,TSLA,-0.1023028716444969,-0.25,SHORT,-0.05170542,1.0,-0.25
2025-01-31,XOM,-0.1262522488832473,-0.25,SHORT,0.0024337887,1.0,-0.25
2025-02-03,NVDA,0.0062152445316314,0.25,LONG,0.017058104,1.0,0.25
2025-02-03,GOOGL,-0.0111451148986816,0.25,LONG,0.025592683,1.0,0.25
2025-02-03,META,-0.1069602966308593,-0.25,SHORT,0.009649212,1.0,-0.25
2025-02-03,XOM,-0.1279869377613067,-0.25,SHORT,0.026799873,1.0,-0.25
2025-02-04,NVDA,0.006558284163475,0.25,LONG,0.05208597,1.0,0.25
2025-02-04,GOOGL,-0.0153481066226959,0.25,LONG,-0.07292384,1.0,0.25
2025-02-04,META,-0.1146474033594131,-0.25,SHORT,0.0009657946,1.0,-0.25
2025-02-04,XOM,-0.123938038945198,-0.25,SHORT,-0.0007276379,1.0,-0.25
2025-02-05,NVDA,0.0022964924573898,0.25,LONG,0.030841853,1.0,0.25
2025-02-05,GOOGL,-0.0181488096714019,0.25,LONG,0.0014112972,1.0,0.25
2025-02-05,META,-0.1218236535787582,-0.25,SHORT,0.0101009505,1.0,-0.25
2025-02-05,XOM,-0.1221950501203537,-0.25,SHORT,-0.013196085,1.0,-0.25
2025-02-06,NVDA,-0.0017842650413513,0.25,LONG,0.009014427,1.0,0.25
2025-02-06,GOOGL,-0.0181360095739364,0.25,LONG,-0.03267227,1.0,0.25
2025-02-06,TSLA,-0.0917862206697464,-0.25,SHORT,-0.033928223,1.0,-0.25
2025-02-06,XOM,-0.1248283013701438,-0.25,SHORT,0.004242304,1.0,-0.25
2025-02-07,NVDA,-0.0038599371910095,0.25,LONG,0.028728034,1.0,0.25
2025-02-07,GOOGL,-0.0107907205820083,0.25,LONG,0.0060969396,1.0,0.25
2025-02-07,TSLA,-0.0871622413396835,-0.25,SHORT,-0.030114442,1.0,-0.25
2025-02-07,XOM,-0.124320775270462,-0.25,SHORT,0.019101968,1.0,-0.25
2025-02-10,GOOGL,-0.010182112455368,0.25,LONG,-0.006167242,1.0,0.25
2025-02-10,NVDA,-0.0156491696834564,0.25,LONG,-0.0057648644,1.0,0.25
2025-02-10,TSLA,-0.0813182070851326,-0.25,SHORT,-0.06338212,1.0,-0.25
2025-02-10,XOM,-0.1214983984827995,-0.25,SHORT,0.006307956,1.0,-0.25
2025-02-11,GOOGL,-0.0053254514932632,0.25,LONG,-0.009227229,1.0,0.25
2025-02-11,NVDA,-0.016052097082138,0.25,LONG,-0.012499987,1.0,0.25
2025-02-11,TSLA,-0.0696232914924621,-0.25,SHORT,0.024383591,1.0,-0.25
2025-02-11,XOM,-0.1227784603834152,-0.25,SHORT,-0.030086817,1.0,-0.25
2025-02-12,GOOGL,-0.0016056150197982,0.25,LONG,0.013779156,1.0,0.25
2025-02-12,NVDA,-0.0169274359941482,0.25,LONG,0.03164542,1.0,0.25
2025-02-12,TSLA,-0.067073605954647,-0.25,SHORT,0.057739716,1.0,-0.25
2025-02-12,XOM,-0.128967672586441,-0.25,SHORT,0.007266092,1.0,-0.25
2025-02-13,GOOGL,0.0012513399124145,0.25,LONG,-0.004888812,1.0,0.25
2025-02-13,NVDA,-0.02295783162117,0.25,LONG,0.026313864,1.0,0.25
2025-02-13,TSLA,-0.0678438916802406,-0.25,SHORT,-0.00028096337,1.0,-0.25
2025-02-13,XOM,-0.1273076236248016,-0.25,SHORT,0.0010171504,1.0,-0.25
2025-02-14,GOOGL,0.0038864016532897,0.25,LONG,-0.0078821555,1.0,0.25
2025-02-14,NVDA,-0.0331777334213256,0.25,LONG,0.003961129,1.0,0.25
2025-02-14,AVGO,-0.0658608824014663,-0.25,SHORT,-0.019352878,1.0,-0.25
2025-02-14,XOM,-0.1278418004512787,-0.25,SHORT,0.017553687,1.0,-0.25
2025-02-18,GOOGL,0.0075220763683319,0.25,LONG,0.008162345,1.0,0.25
2025-02-18,AAPL,-0.0360919833183288,0.25,LONG,0.0016361834,1.0,0.25
2025-02-18,XOM,-0.1282974630594253,-0.25,SHORT,0.0014527225,1.0,-0.25
2025-02-18,META,-0.1311450004577636,-0.25,SHORT,-0.017588502,1.0,-0.25
2025-02-19,GOOGL,0.0079386532306671,0.25,LONG,-0.0038321582,1.0,0.25
2025-02-19,AMZN,-0.0360581278800964,0.25,LONG,-0.016546793,1.0,0.25
2025-02-19,XOM,-0.1263801008462906,-0.25,SHORT,0.01541245,1.0,-0.25
2025-02-19,META,-0.1331080794334411,-0.25,SHORT,-0.012688845,1.0,-0.25
2025-02-20,GOOGL,0.0093843936920166,0.25,LONG,-0.026549581,1.5,0.375
2025-02-20,AMZN,-0.0324312597513198,0.25,LONG,-0.028266344,1.5,0.375
2025-02-20,XOM,-0.1227920055389404,-0.25,SHORT,-0.011696302,1.5,-0.375
2025-02-20,META,-0.1321756243705749,-0.25,SHORT,-0.01624847,1.5,-0.375
2025-02-21,GOOGL,0.0138000845909118,0.25,LONG,-0.0022820905,1.5,0.375
2025-02-21,AMZN,-0.0259998738765716,0.25,LONG,-0.017868664,1.5,0.375
2025-02-21,XOM,-0.1217422932386398,-0.25,SHORT,0.00523969,1.5,-0.375
2025-02-21,META,-0.1254430264234542,-0.25,SHORT,-0.02255864,1.5,-0.375
2025-02-24,GOOGL,0.0114237964153289,0.25,LONG,-0.021366782,1.5,0.375
2025-02-24,NVDA,-0.0243310779333114,0.25,LONG,-0.028016672,1.5,0.375
2025-02-24,META,-0.1100632548332214,-0.25,SHORT,-0.01591014,1.5,-0.375
2025-02-24,XOM,-0.117891177535057,-0.25,SHORT,-0.013840196,1.5,-0.375
2025-02-25,GOOGL,0.0127190053462982,0.25,LONG,-0.0153348725,1.5,0.375
2025-02-25,AMZN,-0.0214520841836929,0.25,LONG,0.0072838487,1.5,0.375
2025-02-25,META,-0.0865490511059761,-0.25,SHORT,0.024638845,1.5,-0.375
2025-02-25,XOM,-0.1194697469472885,-0.25,SHORT,-0.0024605426,1.5,-0.375
2025-02-26,GOOGL,0.0123208165168762,0.25,LONG,-0.024488851,1.5,0.375
2025-02-26,NVDA,-0.0217242091894149,0.25,LONG,-0.08478063,1.5,0.375
2025-02-26,META,-0.0648701414465904,-0.25,SHORT,-0.022947915,1.5,-0.375
2025-02-26,XOM,-0.1185277849435806,-0.25,SHORT,0.0063036527,1.5,-0.375
2025-02-27,GOOGL,0.0156760215759277,0.25,LONG,0.010563671,1.5,0.375
2025-02-27,NVDA,-0.0122471004724502,0.25,LONG,0.039700292,1.5,0.375
2025-02-27,AAPL,-0.0461992174386978,-0.25,SHORT,0.019131863,1.5,-0.375
2025-02-27,XOM,-0.1220704168081283,-0.25,SHORT,0.010712611,1.5,-0.375
2025-02-28,GOOGL,0.0149585604667663,0.25,LONG,-0.019203644,1.5,0.375
2025-02-28,NVDA,-0.0132663547992706,0.25,LONG,-0.08693561,1.5,0.375
2025-02-28,AAPL,-0.0435364842414855,-0.25,SHORT,-0.015754234,1.5,-0.375
2025-02-28,XOM,-0.1208776608109474,-0.25,SHORT,-0.03206677,1.5,-0.375
2025-03-03,GOOGL,0.0184646844863891,0.25,LONG,0.023411907,1.5,0.375
2025-03-03,NVDA,0.0010288059711456,0.25,LONG,0.016920894,1.5,0.375
2025-03-03,MSFT,-0.0392206311225891,-0.25,SHORT,0.00030868672,1.5,-0.375
2025-03-03,XOM,-0.1228819638490676,-0.25,SHORT,-0.0020415082,1.5,-0.375
2025-03-04,GOOGL,0.0144917666912078,0.25,LONG,0.01228631,1.5,0.375
2025-03-04,NVDA,0.0069605708122253,0.25,LONG,0.011294168,1.5,0.375
2025-03-04,MSFT,-0.0381940305233001,-0.25,SHORT,0.031934448,1.5,-0.375
2025-03-04,XOM,-0.1194643080234527,-0.25,SHORT,-0.019527659,1.5,-0.375
2025-03-05,META,0.0091353207826614,0.25,LONG,-0.043475088,1.5,0.375
2025-03-05,GOOGL,0.0078497976064682,0.25,LONG,-0.0038723932,1.5,0.375
2025-03-05,MSFT,-0.0437535643577575,-0.25,SHORT,-0.010298769,1.5,-0.375
2025-03-05,XOM,-0.1161070019006729,-0.25,SHORT,0.020675207,1.5,-0.375
2025-03-06,NVDA,0.0209162831306457,0.25,LONG,0.019173434,1.5,0.375
2025-03-06,META,0.011947363615036,0.25,LONG,-0.0036149793,1.5,0.375
2025-03-06,MSFT,-0.0439042747020721,-0.25,SHORT,-0.00902003,1.5,-0.375
2025-03-06,XOM,-0.1109113097190857,-0.25,SHORT,0.013008837,1.5,-0.375
2025-03-07,NVDA,0.0215110033750534,0.25,LONG,-0.05067006,1.5,0.375
2025-03-07,META,0.0089174658060073,0.25,LONG,-0.04422525,1.5,0.375
2025-03-07,MSFT,-0.0475195050239563,-0.25,SHORT,-0.0334343,1.5,-0.375
2025-03-07,XOM,-0.1067336052656173,-0.25,SHORT,0.025499893,1.5,-0.375
2025-03-10,NVDA,0.0339635759592056,0.25,LONG,0.016638564,1.5,0.375
2025-03-10,META,0.0096134543418884,0.25,LONG,0.012909979,1.5,0.375
2025-03-10,MSFT,-0.0422755777835845,-0.25,SHORT,0.00076288055,1.5,-0.375
2025-03-10,XOM,-0.1013357043266296,-0.25,SHORT,-0.023613693,1.5,-0.375
2025-03-11,NVDA,0.0314090847969055,0.25,LONG,0.06427597,1.5,0.375
2025-03-11,GOOGL,0.0036884546279907,0.25,LONG,0.018715052,1.5,0.375
2025-03-11,MSFT,-0.0428469777107238,-0.25,SHORT,0.0074122273,1.5,-0.375
2025-03-11,XOM,-0.0957446247339248,-0.25,SHORT,-0.0002747805,1.5,-0.375
2025-03-12,NVDA,0.0158388018608093,0.25,LONG,-0.0013824244,1.435663190051897,0.35891579751297426
2025-03-12,AAPL,-0.0010052472352981,0.25,LONG,-0.03364364,1.435663190051897,0.35891579751297426
2025-03-12,MSFT,-0.045776680111885,-0.25,SHORT,-0.0117410645,1.435663190051897,-0.35891579751297426
2025-03-12,XOM,-0.0903498232364654,-0.25,SHORT,-0.0042151674,1.435663190051897,-0.35891579751297426
2025-03-13,NVDA,0.0112961381673812,0.25,LONG,0.052690748,1.4346273261580482,0.35865683153951206
2025-03-13,AAPL,0.006425529718399,0.25,LONG,0.018170564,1.4346273261580482,0.35865683153951206
2025-03-13,MSFT,-0.0461291670799255,-0.25,SHORT,0.025846777,1.4346273261580482,-0.35865683153951206
2025-03-13,XOM,-0.0899174362421035,-0.25,SHORT,0.029723126,1.4346273261580482,-0.35865683153951206
2025-03-14,AAPL,0.008154273033142,0.25,LONG,0.002388868,1.4265947591482238,0.35664868978705594
2025-03-14,NVDA,-0.0046808719635009,0.25,LONG,-0.01758853,1.4265947591482238,0.35664868978705594
2025-03-14,MSFT,-0.0493600666522979,-0.25,SHORT,0.00036051997,1.4265947591482238,-0.35664868978705594
2025-03-14,XOM,-0.0869551375508308,-0.25,SHORT,0.016621877,1.4265947591482238,-0.35664868978705594
2025-03-17,AAPL,0.0095438063144683,0.25,LONG,-0.0061214715,1.4322881234575906,0.35807203086439765
2025-03-17,NVDA,-0.0062890499830245,0.25,LONG,-0.034301057,1.4322881234575906,0.35807203086439765
2025-03-17,MSFT,-0.0505806356668472,-0.25,SHORT,-0.013326568,1.4322881234575906,-0.35807203086439765
2025-03-17,XOM,-0.0883901938796043,-0.25,SHORT,-0.0010548184,1.4322881234575906,-0.35807203086439765
2025-03-18,AAPL,0.0122301578521728,0.25,LONG,0.011989194,1.4289113926769321,0.35722784816923303
2025-03-18,NVDA,0.0005077421665191,0.25,LONG,0.018106123,1.4289113926769321,0.35722784816923303
2025-03-18,MSFT,-0.0499713420867919,-0.25,SHORT,0.01121197,1.4289113926769321,-0.35722784816923303
2025-03-18,XOM,-0.0876806825399398,-0.25,SHORT,0.015575528,1.4289113926769321,-0.35722784816923303
2025-03-19,AAPL,0.0098830163478851,0.25,LONG,-0.0052963193,1.4524467063914364,0.3631116765978591
2025-03-19,NVDA,-0.0045772641897201,0.25,LONG,0.008594368,1.4524467063914364,0.3631116765978591
2025-03-19,META,-0.0519322454929351,-0.25,SHORT,0.0033217059,1.4524467063914364,-0.3631116765978591
2025-03-19,XOM,-0.0853332728147506,-0.25,SHORT,0.0042457,1.4524467063914364,-0.3631116765978591
2025-03-20,AAPL,0.0095940828323364,0.25,LONG,0.019476773,1.453965554330609,0.36349138858265223
2025-03-20,GOOGL,-0.0093868374824523,0.25,LONG,0.0073096706,1.453965554330609,0.36349138858265223
2025-03-20,META,-0.0563953518867492,-0.25,SHORT,0.017491288,1.453965554330609,-0.36349138858265223
2025-03-20,XOM,-0.0834051668643951,-0.25,SHORT,-0.003451209,1.453965554330609,-0.36349138858265223
2025-03-21,AAPL,0.0083549320697784,0.25,LONG,0.011270445,1.4488551195479613,0.36221377988699033
2025-03-21,GOOGL,-0.0098190903663635,0.25,LONG,0.022501405,1.4488551195479613,0.36221377988699033
2025-03-21,META,-0.0626209378242492,-0.25,SHORT,0.03790346,1.4488551195479613,-0.36221377988699033
2025-03-21,XOM,-0.0899889394640922,-0.25,SHORT,0.002597388,1.4488551195479613,-0.36221377988699033
2025-03-24,AAPL,0.0006929636001586,0.25,LONG,0.013681818,1.4495740819456218,0.36239352048640544
2025-03-24,GOOGL,-0.0162848681211471,0.25,LONG,0.017175622,1.4495740819456218,0.36239352048640544
2025-03-24,META,-0.0738790035247802,-0.25,SHORT,0.012054749,1.4495740819456218,-0.36239352048640544
2025-03-24,XOM,-0.0885849148035049,-0.25,SHORT,0.006821991,1.4495740819456218,-0.36239352048640544
2025-03-25,AAPL,-0.0064100325107574,0.25,LONG,-0.009921685,1.44344298351242,0.360860745878105
2025-03-25,GOOGL,-0.0210800915956497,0.25,LONG,-0.03224676,1.44344298351242,0.360860745878105
2025-03-25,META,-0.0780270770192146,-0.25,SHORT,-0.024476724,1.44344298351242,-0.360860745878105
2025-03-25,XOM,-0.0887336283922195,-0.25,SHORT,0.014409487,1.44344298351242,-0.360860745878105
2025-03-26,AAPL,-0.0116282850503921,0.25,LONG,0.010472688,1.441710014582213,0.36042750364555326
2025-03-26,NVDA,-0.0138930827379226,0.25,LONG,-0.020481683,1.441710014582213,0.36042750364555326
2025-03-26,META,-0.0751504004001617,-0.25,SHORT,-0.013748351,1.441710014582213,-0.36042750364555326
2025-03-26,XOM,-0.0901477485895156,-0.25,SHORT,-0.003212884,1.441710014582213,-0.36042750364555326
2025-03-27,NVDA,-0.0098614394664764,0.25,LONG,-0.01579464,1.5,0.375
2025-03-27,AVGO,-0.0171581506729125,0.25,LONG,-0.01668704,1.5,0.375
2025-03-27,META,-0.0741390287876129,-0.25,SHORT,-0.042882264,1.5,-0.375
2025-03-27,XOM,-0.0912892892956733,-0.25,SHORT,-0.0013572215,1.5,-0.375
2025-03-28,NVDA,-0.0005653202533721,0.25,LONG,-0.011762592,1.5,0.375
2025-03-28,AVGO,-0.006065011024475,0.25,LONG,-0.0099929,1.5,0.375
2025-03-28,META,-0.0641838461160659,-0.25,SHORT,-0.00065889594,1.5,-0.375
2025-03-28,XOM,-0.0915378704667091,-0.25,SHORT,0.010192758,1.5,-0.375
2025-03-31,NVDA,0.0054893791675567,0.25,LONG,0.016331509,1.5,0.375
2025-03-31,AVGO,-0.0010593980550765,0.25,LONG,0.0065102642,1.5,0.375
2025-03-31,META,-0.0615966320037841,-0.25,SHORT,0.01672579,1.5,-0.375
2025-03-31,XOM,-0.0936463326215744,-0.25,SHORT,0.00092491775,1.5,-0.375
2025-04-01,NVDA,0.0019130408763885,0.25,LONG,0.002451035,1.5,0.375
2025-04-01,AVGO,-0.0028464794158935,0.25,LONG,0.021184307,1.5,0.375
2025-04-01,META,-0.0676173493266105,-0.25,SHORT,-0.0035324127,1.5,-0.375
2025-04-01,XOM,-0.0904242098331451,-0.25,SHORT,-0.0031082,1.5,-0.375
2025-04-02,NVDA,0.0020781457424163,0.25,LONG,-0.07806548,1.5,0.375
2025-04-02,AVGO,-0.0042253732681274,0.25,LONG,-0.1050613,1.5,0.375
2025-04-02,TSLA,-0.0690032988786697,-0.25,SHORT,-0.05474611,1.5,-0.375
2025-04-02,XOM,-0.0908874943852424,-0.25,SHORT,-0.05258279,1.5,-0.375
2025-04-03,NVDA,0.0212067365646362,0.25,LONG,-0.07357566,1.5,0.375
2025-04-03,AVGO,0.0108202546834945,0.25,LONG,-0.05012667,1.5,0.375
2025-04-03,TSLA,-0.0701105743646621,-0.25,SHORT,-0.10419787,1.5,-0.375
2025-04-03,XOM,-0.0948038399219513,-0.25,SHORT,-0.07195596,1.5,-0.375
2025-04-04,NVDA,0.0412707328796386,0.25,LONG,0.035309106,1.5,0.375
2025-04-04,AVGO,0.027874156832695,0.25,LONG,0.053660616,1.5,0.375
2025-04-04,TSLA,-0.0533519387245178,-0.25,SHORT,-0.025644237,1.5,-0.375
2025-04-04,XOM,-0.0813075974583625,-0.25,SHORT,-0.013417549,1.5,-0.375
2025-04-07,NVDA,0.0408963561058044,0.25,LONG,-0.013723911,1.41565476793779,0.3539136919844475
2025-04-07,AAPL,0.0193112939596176,0.25,LONG,-0.049817998,1.41565476793779,0.3539136919844475
2025-04-07,TSLA,-0.0458199977874755,-0.25,SHORT,-0.048994783,1.41565476793779,-0.3539136919844475
2025-04-07,XOM,-0.0711624473333358,-0.25,SHORT,-0.0210803,1.41565476793779,-0.3539136919844475
2025-04-08,NVDA,0.0446740090847015,0.25,LONG,0.1872274,1.4546144512225956,0.3636536128056489
2025-04-08,AAPL,0.0297073572874069,0.25,LONG,0.1532884,1.4546144512225956,0.3636536128056489
2025-04-08,TSLA,-0.0399820655584335,-0.25,SHORT,0.22689989,1.4546144512225956,-0.3636536128056489
2025-04-08,XOM,-0.058408498764038,-0.25,SHORT,0.049915675,1.4546144512225956,-0.3636536128056489
2025-04-09,NVDA,0.0150323063135147,0.25,LONG,-0.059127104,1.487145988811149,0.3717864972027872
2025-04-09,AAPL,0.0097003430128097,0.25,LONG,-0.04239383,1.487145988811149,0.3717864972027872
2025-04-09,TSLA,-0.0506480783224105,-0.25,SHORT,-0.0727407,1.487145988811149,-0.3717864972027872
2025-04-09,XOM,-0.0607076585292816,-0.25,SHORT,-0.055482037,1.487145988811149,-0.3717864972027872
2025-04-10,NVDA,0.0199728906154632,0.25,LONG,0.031235473,1.493911241235034,0.3734778103087585
2025-04-10,AAPL,0.011991798877716,0.25,LONG,0.040594526,1.493911241235034,0.3734778103087585
2025-04-10,XOM,-0.049511969089508,-0.25,SHORT,0.032122456,1.493911241235034,-0.3734778103087585
2025-04-10,META,-0.0495672971010208,-0.25,SHORT,-0.0049789576,1.493911241235034,-0.3734778103087585
2025-04-11,NVDA,0.0086150169372558,0.25,LONG,-0.001983212,1.4674283728006003,0.3668570932001501
2025-04-11,AAPL,-0.0032705962657928,0.25,LONG,0.022054112,1.4674283728006003,0.3668570932001501
2025-04-11,META,-0.0553502738475799,-0.25,SHORT,-0.022241885,1.4674283728006003,-0.3668570932001501
2025-04-11,JPM,-0.0579387247562408,-0.25,SHORT,-0.00626586,1.4674283728006003,-0.3668570932001501
2025-04-14,NVDA,0.0001886785030364,0.25,LONG,0.013458586,1.4798228601388315,0.36995571503470787
2025-04-14,AAPL,-0.0173809379339218,0.25,LONG,-0.0018764002,1.4798228601388315,0.36995571503470787
2025-04-14,META,-0.0592290461063385,-0.25,SHORT,-0.018739952,1.4798228601388315,-0.36995571503470787
2025-04-14,JPM,-0.0616820156574249,-0.25,SHORT,-0.0067740306,1.4798228601388315,-0.36995571503470787
2025-04-15,NVDA,-0.0050904601812362,0.25,LONG,-0.06871651,1.5,0.375
2025-04-15,AAPL,-0.0193711370229721,0.25,LONG,-0.03893346,1.5,0.375
2025-04-15,META,-0.0573257505893707,-0.25,SHORT,-0.03683478,1.5,-0.375
2025-04-15,JPM,-0.0602566748857498,-0.25,SHORT,-0.0150988,1.5,-0.375
2025-04-16,NVDA,0.0062890946865081,0.25,LONG,-0.028710965,1.4066216906605822,0.35165542266514555
2025-04-16,AAPL,-0.0138898193836212,0.25,LONG,0.01394967,1.4066216906605822,0.35165542266514555
2025-04-16,META,-0.0515659153461456,-0.25,SHORT,-0.0016523205,1.4066216906605822,-0.35165542266514555
2025-04-16,JPM,-0.0563095808029174,-0.25,SHORT,0.010234742,1.4066216906605822,-0.35165542266514555
2025-04-17,NVDA,0.0042914897203445,0.25,LONG,-0.045127477,1.3877387888146089,0.3469346972036522
2025-04-17,GOOGL,-0.0192107260227203,0.25,LONG,-0.023088228,1.3877387888146089,0.3469346972036522
2025-04-17,XOM,-0.0564593076705932,-0.25,SHORT,-0.014683741,1.3877387888146089,-0.3469346972036522
2025-04-17,JPM,-0.0581163167953491,-0.25,SHORT,-0.012803966,1.3877387888146089,-0.3469346972036522
2025-04-21,NVDA,0.0094676315784454,0.25,LONG,0.020431193,1.3413816987054599,0.33534542467636497
2025-04-21,GOOGL,-0.0162945836782455,0.25,LONG,0.025733076,1.3413816987054599,0.33534542467636497
2025-04-21,XOM,-0.0606172978878021,-0.25,SHORT,0.02800187,1.3413816987054599,-0.33534542467636497
2025-04-21,JPM,-0.0614224970340728,-0.25,SHORT,0.0288222,1.3413816987054599,-0.33534542467636497
2025-04-22,NVDA,0.0012167394161224,0.25,LONG,0.03862882,1.3389963292559157,0.33474908231397893
2025-04-22,GOOGL,-0.0236692130565643,0.25,LONG,0.025615828,1.3389963292559157,0.33474908231397893
2025-04-22,XOM,-0.0664877071976661,-0.25,SHORT,-0.008587314,1.3389963292559157,-0.33474908231397893
2025-04-22,JPM,-0.0666949152946472,-0.25,SHORT,0.02245429,1.3389963292559157,-0.33474908231397893
2025-04-23,NVDA,-0.0109971463680267,0.25,LONG,0.03621846,1.315189608755507,0.32879740218887676
2025-04-23,GOOGL,-0.0310726165771484,0.25,LONG,0.02529766,1.315189608755507,0.32879740218887676
2025-04-23,XOM,-0.0688240006566047,-0.25,SHORT,0.011735117,1.315189608755507,-0.32879740218887676
2025-04-23,JPM,-0.0701895058155059,-0.25,SHORT,0.015609401,1.315189608755507,-0.32879740218887676
2025-04-24,NVDA,-0.0155669301748275,0.25,LONG,0.04303308,1.3414647294614641,0.33536618236536603
2025-04-24,GOOGL,-0.0342244207859039,0.25,LONG,0.016825644,1.3414647294614641,0.33536618236536603
2025-04-24,XOM,-0.0688018351793289,-0.25,SHORT,-0.0005523895,1.3414647294614641,-0.33536618236536603
2025-04-24,JPM,-0.0688954293727874,-0.25,SHORT,-0.0044555115,1.3414647294614641,-0.33536618236536603
2025-04-25,NVDA,-0.022200733423233,0.25,LONG,-0.02053873,1.3075411865499649,0.3268852966374912
2025-04-25,GOOGL,-0.0360040366649627,0.25,LONG,-0.00833533,1.3075411865499649,0.3268852966374912
2025-04-25,JPM,-0.0667253211140632,-0.25,SHORT,-0.0013549473,1.3075411865499649,-0.3268852966374912
2025-04-25,XOM,-0.0709854364395141,-0.25,SHORT,0.0005526948,1.3075411865499649,-0.3268852966374912
2025-04-28,NVDA,-0.0148466378450393,0.25,LONG,0.0026670685,1.278423633769207,0.31960590844230174
2025-04-28,GOOGL,-0.0332089513540267,0.25,LONG,-0.0028019245,1.278423633769207,0.31960590844230174
2025-04-28,JPM,-0.0635198205709457,-0.25,SHORT,0.005756012,1.278423633769207,-0.31960590844230174
2025-04-28,XOM,-0.0725262239575386,-0.25,SHORT,-0.0024854583,1.278423633769207,-0.31960590844230174
2025-04-29,NVDA,-0.0124227702617645,0.25,LONG,-0.000917247,1.305862021337564,0.326465505334391
2025-04-29,GOOGL,-0.0317023694515228,0.25,LONG,-0.008491419,1.305862021337564,0.326465505334391
2025-04-29,META,-0.0618378445506095,-0.25,SHORT,-0.009811757,1.305862021337564,-0.326465505334391
2025-04-29,XOM,-0.0749874114990234,-0.25,SHORT,-0.025193837,1.305862021337564,-0.326465505334391
2025-04-30,NVDA,-0.0078160017728805,0.25,LONG,0.024697047,1.3075910235281945,0.3268977558820486
2025-04-30,GOOGL,-0.0298369377851486,0.25,LONG,0.015743017,1.3075910235281945,0.3268977558820486
2025-04-30,JPM,-0.0596492290496826,-0.25,SHORT,0.009279812,1.3075910235281945,-0.3268977558820486
2025-04-30,XOM,-0.0769722759723663,-0.25,SHORT,0.0014200433,1.3075910235281945,-0.3268977558820486
2025-05-01,NVDA,-0.0119398534297943,0.25,LONG,0.025893794,1.3077698475074433,0.3269424618768608
2025-05-01,GOOGL,-0.033009648323059,0.25,LONG,0.016925065,1.3077698475074433,0.3269424618768608
2025-05-01,META,-0.0625465884804725,-0.25,SHORT,0.043358248,1.3077698475074433,-0.3269424618768608
2025-05-01,XOM,-0.0793215781450271,-0.25,SHORT,0.0040650233,1.3077698475074433,-0.3269424618768608
2025-05-02,NVDA,-0.0187750458717346,0.25,LONG,-0.0059388815,1.4585983375572475,0.3646495843893119
2025-05-02,GOOGL,-0.0374779105186462,0.25,LONG,0.0010972524,1.4585983375572475,0.3646495843893119
2025-05-02,META,-0.0679810345172882,-0.25,SHORT,0.0037687873,1.4585983375572475,-0.3646495843893119
2025-05-02,XOM,-0.0806084871292114,-0.25,SHORT,-0.027680874,1.4585983375572475,-0.3646495843893119
2025-05-05,NVDA,-0.0214951485395431,0.25,LONG,-0.0024599682,1.4786444807693488,0.3696611201923372
2025-05-05,GOOGL,-0.0378358215093612,0.25,LONG,-0.005968056,1.4786444807693488,0.3696611201923372
2025-05-05,TSLA,-0.0733030140399932,-0.25,SHORT,-0.01751946,1.4786444807693488,-0.3696611201923372
2025-05-05,XOM,-0.0831867456436157,-0.25,SHORT,0.01394389,1.4786444807693488,-0.3696611201923372
2025-05-06,NVDA,-0.0223934948444366,0.25,LONG,0.031002233,1.5,0.375
2025-05-06,AAPL,-0.0360723137855529,0.25,LONG,-0.011384746,1.5,0.375
2025-05-06,TSLA,-0.0774592757225036,-0.25,SHORT,0.0031595973,1.5,-0.375
2025-05-06,XOM,-0.084733135998249,-0.25,SHORT,-0.0009549116,1.5,-0.375
2025-05-07,NVDA,-0.0261587351560592,0.25,LONG,0.002648273,1.5,0.375
2025-05-07,GOOGL,-0.0327147543430328,0.25,LONG,0.019156985,1.5,0.375
2025-05-07,TSLA,-0.0823012217879295,-0.25,SHORT,0.031134624,1.5,-0.375
2025-05-07,XOM,-0.0854674726724624,-0.25,SHORT,0.013956533,1.5,-0.375
2025-05-08,NVDA,-0.0290379971265792,0.25,LONG,-0.0061344826,1.5,0.375
2025-05-08,AAPL,-0.0364332497119903,0.25,LONG,0.0052660285,1.5,0.375
2025-05-08,TSLA,-0.0862760990858078,-0.25,SHORT,0.047187705,1.5,-0.375
2025-05-08,XOM,-0.088900625705719,-0.25,SHORT,0.011690319,1.5,-0.375
2025-05-09,NVDA,-0.0312676429748535,0.25,LONG,0.054436315,1.5,0.375
2025-05-09,AAPL,-0.0357956886291503,0.25,LONG,0.06314612,1.5,0.375
2025-05-09,TSLA,-0.0842025727033615,-0.25,SHORT,0.06745791,1.5,-0.375
2025-05-09,XOM,-0.0908666849136352,-0.25,SHORT,0.01723978,1.5,-0.375
2025-05-12,NVDA,-0.0331869274377822,0.25,LONG,0.056341466,1.5,0.375
2025-05-12,GOOGL,-0.0395964235067367,0.25,LONG,0.0067523336,1.5,0.375
2025-05-12,MSFT,-0.0819308310747146,-0.25,SHORT,-0.00026706912,1.5,-0.375
2025-05-12,XOM,-0.0905602648854255,-0.25,SHORT,0.0027483178,1.5,-0.375
2025-05-13,NVDA,-0.0299604684114456,0.25,LONG,0.041637704,1.5,0.375
2025-05-13,GOOGL,-0.0364396870136261,0.25,LONG,0.036607612,1.5,0.375
2025-05-13,MSFT,-0.0867818146944046,-0.25,SHORT,0.008460502,1.5,-0.375
2025-05-13,XOM,-0.0916150659322738,-0.25,SHORT,-0.008953047,1.5,-0.375
2025-05-14,NVDA,-0.0261912494897842,0.25,LONG,-0.003768143,1.5,0.375
2025-05-14,GOOGL,-0.0347918421030044,0.25,LONG,-0.0085263,1.5,0.375
2025-05-14,MSFT,-0.0943195298314094,-0.25,SHORT,0.0022562111,1.5,-0.375
2025-05-14,XOM,-0.0957499891519546,-0.25,SHORT,0.010140455,1.5,-0.375
2025-05-15,NVDA,-0.0237284302711486,0.25,LONG,0.004227483,1.5,0.375
2025-05-15,GOOGL,-0.0320566296577453,0.25,LONG,0.013600704,1.5,0.375
2025-05-15,MSFT,-0.0975324064493179,-0.25,SHORT,0.002515775,1.5,-0.375
2025-05-15,XOM,-0.0982516184449195,-0.25,SHORT,-0.0035918031,1.5,-0.375
2025-05-16,NVDA,-0.023848682641983,0.25,LONG,0.0012554156,1.5,0.375
2025-05-16,GOOGL,-0.0302592366933822,0.25,LONG,0.0021060216,1.5,0.375
2025-05-16,MSFT,-0.0992864519357681,-0.25,SHORT,0.010126111,1.5,-0.375
2025-05-16,XOM,-0.1023743525147438,-0.25,SHORT,-0.015897887,1.5,-0.375
2025-05-19,NVDA,-0.0293786823749542,0.25,LONG,-0.008777568,1.5,0.375
2025-05-19,GOOGL,-0.0300279110670089,0.25,LONG,-0.015371565,1.5,0.375
2025-05-19,XOM,-0.1111904829740524,-0.25,SHORT,-0.01427641,1.5,-0.375
2025-05-19,META,-0.1135254427790641,-0.25,SHORT,-0.0051996624,1.5,-0.375
2025-05-20,GOOGL,-0.0303195416927337,0.25,LONG,0.027930222,1.5,0.375
2025-05-20,NVDA,-0.0355348885059356,0.25,LONG,-0.019199338,1.5,0.375
2025-05-20,XOM,-0.1165589317679405,-0.25,SHORT,-0.0122914575,1.5,-0.375
2025-05-20,META,-0.1302947998046875,-0.25,SHORT,-0.0025114112,1.5,-0.375
2025-05-21,GOOGL,-0.028672769665718,0.25,LONG,0.013704215,1.5,0.375
2025-05-21,AAPL,-0.0350597947835922,0.25,LONG,-0.0036121635,1.5,0.375
2025-05-21,XOM,-0.1204813569784164,-0.25,SHORT,-0.0066563766,1.5,-0.375
2025-05-21,META,-0.1432163119316101,-0.25,SHORT,0.0016837933,1.5,-0.375
2025-05-22,GOOGL,-0.0310578197240829,0.25,LONG,-0.014045703,1.5,0.375
2025-05-22,AAPL,-0.0351316183805465,0.25,LONG,-0.030244218,1.5,0.375
2025-05-22,XOM,-0.1215708330273628,-0.25,SHORT,0.00058266724,1.5,-0.375
2025-05-22,META,-0.1474592685699463,-0.25,SHORT,-0.014939399,1.5,-0.375
2025-05-23,AAPL,-0.0265833735466003,0.25,LONG,0.025298327,1.5,0.375
2025-05-23,GOOGL,-0.0310297608375549,0.25,LONG,0.0262955,1.5,0.375
2025-05-23,TSLA,-0.1334452778100967,-0.25,SHORT,0.069399476,1.5,-0.375
2025-05-23,META,-0.1513133645057678,-0.25,SHORT,0.024335742,1.5,-0.375
2025-05-27,AAPL,-0.0280794501304626,0.25,LONG,0.0010487174,1.5,0.375
2025-05-27,GOOGL,-0.0337565839290618,0.25,LONG,-0.0031232405,1.5,0.375
2025-05-27,TSLA,-0.1391935646533966,-0.25,SHORT,-0.016506435,1.5,-0.375
2025-05-27,META,-0.1452692747116089,-0.25,SHORT,0.0019616792,1.5,-0.375
2025-05-28,AAPL,-0.0229939669370651,0.25,LONG,-0.0023450167,1.5,0.375
2025-05-28,GOOGL,-0.0357230007648468,0.25,LONG,-0.0029008773,1.5,0.375
2025-05-28,META,-0.1341496407985687,-0.25,SHORT,0.0022841608,1.5,-0.375
2025-05-28,TSLA,-0.1472874581813812,-0.25,SHORT,0.004286912,1.5,-0.375
2025-05-29,AAPL,-0.0184201002120971,0.25,LONG,0.0045010713,1.5,0.375
2025-05-29,GOOGL,-0.0376764088869094,0.25,LONG,-0.00069829315,1.5,0.375
2025-05-29,META,-0.1261389255523681,-0.25,SHORT,0.003782488,1.5,-0.375
2025-05-29,TSLA,-0.150618314743042,-0.25,SHORT,-0.033395648,1.5,-0.375
2025-05-30,AAPL,-0.0152546912431716,0.25,LONG,0.0042319633,1.5,0.375
2025-05-30,NVDA,-0.0334399044513702,0.25,LONG,0.016650511,1.5,0.375
2025-05-30,META,-0.1189395040273666,-0.25,SHORT,0.03615514,1.5,-0.375
2025-05-30,TSLA,-0.1582627892494201,-0.25,SHORT,-0.010881456,1.5,-0.375
2025-06-02,AAPL,-0.0141700357198715,0.25,LONG,0.007783942,1.5,0.375
2025-06-02,NVDA,-0.0322246402502059,0.25,LONG,0.027951537,1.5,0.375
2025-06-02,XOM,-0.117457702755928,-0.25,SHORT,0.0072780713,1.5,-0.375
2025-06-02,TSLA,-0.1636772453784942,-0.25,SHORT,0.0046105417,1.5,-0.375
2025-06-03,AAPL,-0.0137639045715332,0.25,LONG,-0.0022138532,1.5,0.375
2025-06-03,NVDA,-0.0335101783275604,0.25,LONG,0.004956936,1.5,0.375
2025-06-03,XOM,-0.118028923869133,-0.25,SHORT,-0.014450815,1.5,-0.375
2025-06-03,TSLA,-0.1706145107746124,-0.25,SHORT,-0.0354954,1.5,-0.375
2025-06-04,AAPL,-0.0150179117918014,0.25,LONG,-0.010797713,1.5,0.375
2025-06-04,GOOGL,-0.0301765203475952,0.25,LONG,0.0009519533,1.5,0.375
2025-06-04,XOM,-0.1191073209047317,-0.25,SHORT,-0.0045944294,1.5,-0.375
2025-06-04,TSLA,-0.1703470796346664,-0.25,SHORT,-0.14259894,1.5,-0.375
2025-06-05,AAPL,-0.0148468762636184,0.25,LONG,0.016398316,1.394119723573856,0.348529930893464
2025-06-05,GOOGL,-0.0246136784553527,0.25,LONG,0.032518823,1.394119723573856,0.348529930893464
2025-06-05,XOM,-0.1224275827407836,-0.25,SHORT,0.023961496,1.394119723573856,-0.348529930893464
2025-06-05,TSLA,-0.1632943749427795,-0.25,SHORT,0.036670186,1.394119723573856,-0.348529930893464
2025-06-06,AAPL,-0.0203463733196258,0.25,LONG,-0.012112568,1.4079147784854278,0.35197869462135695
2025-06-06,MSFT,-0.0237282514572143,0.25,LONG,0.00503848,1.4079147784854278,0.35197869462135695
2025-06-06,XOM,-0.1211486682295799,-0.25,SHORT,0.0067134127,1.4079147784854278,-0.35197869462135695
2025-06-06,TSLA,-0.1497644335031509,-0.25,SHORT,0.045537613,1.4079147784854278,-0.35197869462135695
2025-06-09,MSFT,-0.0182284414768219,0.25,LONG,-0.0038709366,1.4090863532525562,0.35227158831313904
2025-06-09,AAPL,-0.0208798050880432,0.25,LONG,0.006056066,1.4090863532525562,0.35227158831313904
2025-06-09,XOM,-0.1215141266584396,-0.25,SHORT,0.021434769,1.4090863532525562,-0.35227158831313904
2025-06-09,TSLA,-0.1255390644073486,-0.25,SHORT,0.056743827,1.4090863532525562,-0.35227158831313904
2025-06-10,MSFT,-0.014561653137207,0.25,LONG,0.0036098675,1.2879975229120018,0.32199938072800044
2025-06-10,AAPL,-0.0232980251312255,0.25,LONG,-0.01919385,1.2879975229120018,0.32199938072800044
2025-06-10,META,-0.1164343059062957,-0.25,SHORT,-0.011759679,1.2879975229120018,-0.32199938072800044
2025-06-10,XOM,-0.1185706108808517,-0.25,SHORT,0.019492548,1.2879975229120018,-0.32199938072800044
2025-06-11,MSFT,-0.011168360710144,0.25,LONG,0.013224133,1.3142081917944999,0.32855204794862497
2025-06-11,AAPL,-0.0213261693716049,0.25,LONG,0.002112987,1.3142081917944999,0.32855204794862497
2025-06-11,XOM,-0.1130812615156173,-0.25,SHORT,0.003842252,1.3142081917944999,-0.32855204794862497
2025-06-11,META,-0.1186063736677169,-0.25,SHORT,-0.0011236062,1.3142081917944999,-0.32855204794862497
2025-06-12,MSFT,-0.0090299546718597,0.25,LONG,-0.008165071,1.4054571334627068,0.3513642833656767
2025-06-12,AAPL,-0.0203892290592193,0.25,LONG,-0.013805209,1.4054571334627068,0.3513642833656767
2025-06-12,XOM,-0.1066511496901512,-0.25,SHORT,0.021780746,1.4054571334627068,-0.3513642833656767
2025-06-12,META,-0.1187577173113823,-0.25,SHORT,-0.015129401,1.4054571334627068,-0.3513642833656767
2025-06-13,MSFT,-0.0063835680484771,0.25,LONG,0.008800902,1.401263058022708,0.350315764505677
2025-06-13,AAPL,-0.0153219699859619,0.25,LONG,0.010028001,1.401263058022708,0.350315764505677
2025-06-13,XOM,-0.1030125319957733,-0.25,SHORT,0.0032108396,1.401263058022708,-0.350315764505677
2025-06-13,META,-0.1184286922216415,-0.25,SHORT,0.028981017,1.401263058022708,-0.350315764505677
2025-06-16,MSFT,-0.0078945755958557,0.25,LONG,-0.002295781,1.4027047568616433,0.3506761892154108
2025-06-16,AAPL,-0.017702966928482,0.25,LONG,-0.014010701,1.4027047568616433,0.3506761892154108
2025-06-16,XOM,-0.0979780256748199,-0.25,SHORT,0.013513457,1.4027047568616433,-0.3506761892154108
2025-06-16,META,-0.1143667250871658,-0.25,SHORT,-0.006964619,1.4027047568616433,-0.3506761892154108
2025-06-17,MSFT,-0.0060925483703613,0.25,LONG,0.004602063,1.394806179552847,0.34870154488821176
2025-06-17,AAPL,-0.0132821798324584,0.25,LONG,0.00480478,1.394806179552847,0.34870154488821176
2025-06-17,XOM,-0.0942078828811645,-0.25,SHORT,-0.007105146,1.394806179552847,-0.34870154488821176
2025-06-17,META,-0.1065249145030975,-0.25,SHORT,-0.0020940448,1.394806179552847,-0.34870154488821176
2025-06-18,MSFT,-0.0083250701427459,0.25,LONG,-0.005913761,1.3887775645661997,0.34719439114154993
2025-06-18,AAPL,-0.0138811320066452,0.25,LONG,0.022484416,1.3887775645661997,0.34719439114154993
2025-06-18,XOM,-0.0934576094150543,-0.25,SHORT,0.013340348,1.3887775645661997,-0.34719439114154993
2025-06-18,META,-0.0982382148504257,-0.25,SHORT,-0.019287985,1.3887775645661997,-0.34719439114154993
2025-06-20,MSFT,-0.006950557231903,0.25,LONG,0.018014284,1.3895988361365919,0.34739970903414796
2025-06-20,NVDA,-0.0140330493450164,0.25,LONG,0.0022246228,1.3895988361365919,0.34739970903414796
2025-06-20,TSLA,-0.086491160094738,-0.25,SHORT,0.08231931,1.3895988361365919,-0.34739970903414796
2025-06-20,XOM,-0.0944291874766349,-0.25,SHORT,-0.025806442,1.3895988361365919,-0.34739970903414796
2025-06-23,MSFT,-0.0100244879722595,0.25,LONG,0.008456776,1.3724255352497279,0.34310638381243197
2025-06-23,NVDA,-0.0135453343391418,0.25,LONG,0.025872096,1.3724255352497279,0.34310638381243197
2025-06-23,TSLA,-0.0953515172004699,-0.25,SHORT,-0.02354592,1.3724255352497279,-0.34310638381243197
2025-06-23,XOM,-0.0969862788915634,-0.25,SHORT,-0.0304278,1.3724255352497279,-0.34310638381243197
2025-06-24,MSFT,-0.0118248760700225,0.25,LONG,0.004407232,1.2695660859548714,0.31739152148871785
2025-06-24,NVDA,-0.0135445743799209,0.25,LONG,0.04334019,1.2695660859548714,0.31739152148871785
2025-06-24,TSLA,-0.0962882488965988,-0.25,SHORT,-0.037947584,1.2695660859548714,-0.31739152148871785
2025-06-24,XOM,-0.1010627150535583,-0.25,SHORT,0.0002769665,1.2695660859548714,-0.31739152148871785
2025-06-25,GOOGL,-0.0111452937126159,0.25,LONG,0.01675644,1.2210838443870458,0.30527096109676144
2025-06-25,MSFT,-0.0126517862081527,0.25,LONG,0.010522693,1.2210838443870458,0.30527096109676144
2025-06-25,TSLA,-0.0875300094485282,-0.25,SHORT,-0.0054037217,1.2210838443870458,-0.30527096109676144
2025-06-25,XOM,-0.1053235530853271,-0.25,SHORT,0.014948758,1.2210838443870458,-0.30527096109676144
2025-06-26,GOOGL,-0.0087033957242965,0.25,LONG,0.028754277,1.2204497298372403,0.3051124324593101
2025-06-26,MSFT,-0.0129820704460144,0.25,LONG,-0.0030355207,1.2204497298372403,0.3051124324593101
2025-06-26,TSLA,-0.0832815915346145,-0.25,SHORT,-0.006599527,1.2204497298372403,-0.3051124324593101
2025-06-26,XOM,-0.1082647293806076,-0.25,SHORT,-0.00554592,1.2204497298372403,-0.3051124324593101
2025-06-27,GOOGL,-0.0100289434194564,0.25,LONG,-0.012883035,1.2186088389528693,0.3046522097382173
2025-06-27,MSFT,-0.0124761760234832,0.25,LONG,0.0029640393,1.2186088389528693,0.3046522097382173
2025-06-27,TSLA,-0.0807936787605285,-0.25,SHORT,-0.018446995,1.2186088389528693,-0.3046522097382173
2025-06-27,XOM,-0.1136423200368881,-0.25,SHORT,-0.014445042,1.2186088389528693,-0.3046522097382173
2025-06-30,GOOGL,-0.0109723955392837,0.25,LONG,-0.0022130206,1.2225708007195557,0.3056427001798889
2025-06-30,MSFT,-0.0124672055244445,0.25,LONG,-0.010775925,1.2225708007195557,0.3056427001798889
2025-06-30,TSLA,-0.0806687027215957,-0.25,SHORT,-0.053358976,1.2225708007195557,-0.3056427001798889
2025-06-30,XOM,-0.1168534159660339,-0.25,SHORT,0.013357972,1.2225708007195557,-0.3056427001798889
2025-07-01,GOOGL,-0.0096713304519653,0.25,LONG,0.015923545,1.2238498095213068,0.3059624523803267
2025-07-01,MSFT,-0.0123904198408126,0.25,LONG,-0.0019508733,1.2238498095213068,0.3059624523803267
2025-07-01,TSLA,-0.0781961530447006,-0.25,SHORT,0.049682427,1.2238498095213068,-0.3059624523803267
2025-07-01,XOM,-0.1149216741323471,-0.25,SHORT,0.016569061,1.2238498095213068,-0.3059624523803267
2025-07-02,GOOGL,-0.0107581913471221,0.25,LONG,0.0049821935,1.1782504415314417,0.2945626103828604
2025-07-02,MSFT,-0.012458324432373,0.25,LONG,0.015781268,1.1782504415314417,0.2945626103828604
2025-07-02,TSLA,-0.0789812728762626,-0.25,SHORT,-0.0009503811,1.1782504415314417,-0.2945626103828604
2025-07-02,XOM,-0.1118943020701408,-0.25,SHORT,0.010355649,1.1782504415314417,-0.2945626103828604
2025-07-03,GOOGL,-0.0141172409057617,0.25,LONG,-0.015262089,1.1995169365353708,0.2998792341338427
2025-07-03,MSFT,-0.0142256617546081,0.25,LONG,-0.002245275,1.1995169365353708,0.2998792341338427
2025-07-03,TSLA,-0.0813199579715728,-0.25,SHORT,-0.06789283,1.1995169365353708,-0.2998792341338427
2025-07-03,XOM,-0.1128174215555191,-0.25,SHORT,-0.009714703,1.1995169365353708,-0.2998792341338427
2025-07-07,MSFT,-0.0135727375745773,0.25,LONG,-0.0022101412,1.4072767300572095,0.3518191825143024
2025-07-07,NVDA,-0.0138695836067199,0.25,LONG,0.011122424,1.4072767300572095,0.3518191825143024
2025-07-07,TSLA,-0.0850490853190422,-0.25,SHORT,0.013165936,1.4072767300572095,-0.3518191825143024
2025-07-07,XOM,-0.118830069899559,-0.25,SHORT,0.027720217,1.4072767300572095,-0.3518191825143024
2025-07-08,NVDA,-0.0121292173862457,0.25,LONG,0.017999908,1.3886497996551306,0.34716244991378264
2025-07-08,MSFT,-0.0140963792800903,0.25,LONG,0.013873875,1.3886497996551306,0.34716244991378264
2025-07-08,TSLA,-0.0824569910764694,-0.25,SHORT,-0.0064806174,1.3886497996551306,-0.34716244991378264
2025-07-08,XOM,-0.1170419007539749,-0.25,SHORT,-0.003415273,1.3886497996551306,-0.34716244991378264
2025-07-09,NVDA,-0.0121032297611236,0.25,LONG,0.0074902405,1.4431509649704077,0.36078774124260193
2025-07-09,MSFT,-0.0130980461835861,0.25,LONG,-0.004031763,1.4431509649704077,0.36078774124260193
2025-07-09,TSLA,-0.075239323079586,-0.25,SHORT,0.047282647,1.4431509649704077,-0.36078774124260193
2025-07-09,XOM,-0.1159283220767974,-0.25,SHORT,0.009929663,1.4431509649704077,-0.36078774124260193
2025-07-10,MSFT,-0.0115431547164917,0.25,LONG,0.003669204,1.5,0.375
2025-07-10,NVDA,-0.0118440687656402,0.25,LONG,0.004996948,1.5,0.375
2025-07-10,TSLA,-0.0721389800310134,-0.25,SHORT,0.0117469095,1.5,-0.375
2025-07-10,XOM,-0.1188955456018447,-0.25,SHORT,0.004350481,1.5,-0.375
2025-07-11,MSFT,-0.0097342133522033,0.25,LONG,-0.00059609266,1.5,0.375
2025-07-11,NVDA,-0.0117270350456237,0.25,LONG,-0.005153984,1.5,0.375
2025-07-11,TSLA,-0.0743591785430908,-0.25,SHORT,0.010813002,1.5,-0.375
2025-07-11,XOM,-0.1205512732267379,-0.25,SHORT,-0.013081607,1.5,-0.375
2025-07-14,MSFT,-0.008406177163124,0.25,LONG,0.005566421,1.5,0.375
2025-07-14,NVDA,-0.0123830735683441,0.25,LONG,0.04040951,1.5,0.375
2025-07-14,TSLA,-0.0764764472842216,-0.25,SHORT,-0.01931207,1.5,-0.375
2025-07-14,XOM,-0.1235508173704147,-0.25,SHORT,-0.008865812,1.5,-0.375
2025-07-15,MSFT,-0.0069827139377593,0.25,LONG,-0.00039530915,1.476930079713041,0.3692325199282602
2025-07-15,NVDA,-0.01227667927742,0.25,LONG,0.0039250413,1.476930079713041,0.3692325199282602
2025-07-15,TSLA,-0.0794058889150619,-0.25,SHORT,0.03504091,1.476930079713041,-0.3692325199282602
2025-07-15,XOM,-0.1265912055969238,-0.25,SHORT,-0.0060225,1.476930079713041,-0.3692325199282602
2025-07-16,MSFT,-0.0064823329448699,0.25,LONG,0.012024759,1.4599017197803752,0.3649754299450938
2025-07-16,NVDA,-0.0116339772939682,0.25,LONG,0.00951164,1.4599017197803752,0.3649754299450938
2025-07-16,TSLA,-0.0824836641550064,-0.25,SHORT,-0.007025864,1.4599017197803752,-0.3649754299450938
2025-07-16,XOM,-0.1280632764101028,-0.25,SHORT,-0.0050789053,1.4599017197803752,-0.3649754299450938
2025-07-17,MSFT,-0.0075059384107589,0.25,LONG,-0.0032246076,1.4831379424052566,0.37078448560131416
2025-07-17,NVDA,-0.0117782801389694,0.25,LONG,-0.003410347,1.4831379424052566,0.37078448560131416
2025-07-17,TSLA,-0.0877706483006477,-0.25,SHORT,0.032059077,1.4831379424052566,-0.37078448560131416
2025-07-17,XOM,-0.1300369501113891,-0.25,SHORT,-0.034837935,1.4831379424052566,-0.37078448560131416
2025-07-18,MSFT,-0.0071190595626831,0.25,LONG,1.9637791e-05,1.4748473381115024,0.3687118345278756
2025-07-18,NVDA,-0.0116707384586334,0.25,LONG,-0.005974224,1.4748473381115024,0.3687118345278756
2025-07-18,TSLA,-0.0911553353071212,-0.25,SHORT,-0.0035188948,1.4748473381115024,-0.3687118345278756
2025-07-18,XOM,-0.1363134682178497,-0.25,SHORT,0.0025982272,1.4748473381115024,-0.3687118345278756
2025-07-21,MSFT,-0.0079750716686248,0.25,LONG,-0.009391091,1.467881423134121,0.36697035578353027
2025-07-21,NVDA,-0.0120916962623596,0.25,LONG,-0.025382172,1.467881423134121,0.36697035578353027
2025-07-21,TSLA,-0.0989741757512092,-0.25,SHORT,0.011020108,1.467881423134121,-0.36697035578353027
2025-07-21,XOM,-0.1354143023490905,-0.25,SHORT,0.0045349495,1.467881423134121,-0.36697035578353027
2025-07-22,MSFT,-0.0076810717582702,0.25,LONG,0.0011874625,1.4353948248472657,0.3588487062118164
2025-07-22,NVDA,-0.0126012563705444,0.25,LONG,0.022450984,1.4353948248472657,0.3588487062118164
2025-07-22,TSLA,-0.1003620773553848,-0.25,SHORT,0.0013550096,1.4353948248472657,-0.3588487062118164
2025-07-22,XOM,-0.1313214600086212,-0.25,SHORT,0.0128063345,1.4353948248472657,-0.3588487062118164
2025-07-23,MSFT,-0.0075474977493286,0.25,LONG,0.009903807,1.5,0.375
2025-07-23,NVDA,-0.013200506567955,0.25,LONG,0.017332241,1.5,0.375
2025-07-23,TSLA,-0.1004587560892105,-0.25,SHORT,-0.0819702,1.5,-0.375
2025-07-23,XOM,-0.1272330433130264,-0.25,SHORT,0.007823162,1.5,-0.375
2025-07-24,MSFT,-0.0075981765985488,0.25,LONG,0.0055394773,1.5,0.375
2025-07-24,NVDA,-0.0105499327182769,0.25,LONG,-0.0013813602,1.5,0.375
2025-07-24,TSLA,-0.0972227081656456,-0.25,SHORT,0.035244055,1.5,-0.375
2025-07-24,XOM,-0.125761330127716,-0.25,SHORT,-0.0035202263,1.5,-0.375
2025-07-25,MSFT,-0.0074588507413864,0.25,LONG,-0.0023555236,1.4758813067603769,0.3689703266900942
2025-07-25,NVDA,-0.0097661614418029,0.25,LONG,0.018731905,1.4758813067603769,0.3689703266900942
2025-07-25,TSLA,-0.0920505076646804,-0.25,SHORT,0.0301525,1.4758813067603769,-0.3689703266900942
2025-07-25,XOM,-0.1205510646104812,-0.25,SHORT,0.009420289,1.4758813067603769,-0.3689703266900942
2025-07-28,NVDA,-0.0074237883090972,0.25,LONG,-0.0070154,1.4783174208997796,0.3695793552249449
2025-07-28,MSFT,-0.0077913403511047,0.25,LONG,0.000136627,1.4783174208997796,0.3695793552249449
2025-07-28,TSLA,-0.0917798355221748,-0.25,SHORT,-0.013483167,1.4783174208997796,-0.3695793552249449
2025-07-28,XOM,-0.1196816861629486,-0.25,SHORT,0.012921728,1.4783174208997796,-0.3695793552249449
2025-07-29,NVDA,-0.0031919032335281,0.25,LONG,0.021423232,1.4835995499957888,0.3708998874989472
2025-07-29,MSFT,-0.0055372416973114,0.25,LONG,0.001307159,1.4835995499957888,0.3708998874989472
2025-07-29,TSLA,-0.0952784568071365,-0.25,SHORT,-0.006724793,1.4835995499957888,-0.3708998874989472
2025-07-29,XOM,-0.1198021322488784,-0.25,SHORT,-0.008681739,1.4835995499957888,-0.3708998874989472
2025-07-30,NVDA,-0.0013020634651184,0.25,LONG,-0.007809539,1.4698738994243703,0.3674684748560926
2025-07-30,MSFT,-0.0037555992603302,0.25,LONG,0.03947469,1.4698738994243703,0.3674684748560926
2025-07-30,TSLA,-0.0992194861173629,-0.25,SHORT,-0.033757582,1.4698738994243703,-0.3674684748560926
2025-07-30,XOM,-0.1213713735342025,-0.25,SHORT,-0.0023236088,1.4698738994243703,-0.3674684748560926
2025-07-31,NVDA,0.0038792490959167,0.25,LONG,-0.023331556,1.4660095814379328,0.3665023953594832
2025-07-31,MSFT,-0.0058226287364959,0.25,LONG,-0.017600765,1.4660095814379328,0.3665023953594832
2025-07-31,TSLA,-0.1002587750554084,-0.25,SHORT,-0.0182956,1.4660095814379328,-0.3665023953594832
2025-07-31,XOM,-0.1266017854213714,-0.25,SHORT,-0.017914616,1.4660095814379328,-0.3665023953594832
2025-08-01,NVDA,0.0108962953090667,0.25,LONG,0.03615019,1.4618297621664385,0.3654574405416096
2025-08-01,AAPL,-0.0001705735921859,0.25,LONG,0.0047930274,1.4618297621664385,0.3654574405416096
2025-08-01,TSLA,-0.0957178324460983,-0.25,SHORT,0.021907955,1.4618297621664385,-0.3654574405416096
2025-08-01,XOM,-0.1314449608325958,-0.25,SHORT,-0.020704111,1.4618297621664385,-0.3654574405416096
2025-08-04,NVDA,0.006973385810852,0.25,LONG,-0.009666778,1.4979362382563042,0.37448405956407604
2025-08-04,AAPL,0.0003173053264617,0.25,LONG,-0.0021145854,1.4979362382563042,0.37448405956407604
2025-08-04,TSLA,-0.096697486937046,-0.25,SHORT,-0.0017461312,1.4979362382563042,-0.37448405956407604
2025-08-04,XOM,-0.1326306462287902,-0.25,SHORT,-0.0012107848,1.4979362382563042,-0.37448405956407604
2025-08-05,NVDA,0.0077952742576599,0.25,LONG,0.0065073674,1.5,0.375
2025-08-05,AAPL,0.004910409450531,0.25,LONG,0.050906632,1.5,0.375
2025-08-05,TSLA,-0.0984584093093872,-0.25,SHORT,0.036246445,1.5,-0.375
2025-08-05,XOM,-0.1334449052810669,-0.25,SHORT,-0.0068071447,1.5,-0.375
2025-08-06,NVDA,0.005387544631958,0.25,LONG,0.007524231,1.5,0.375
2025-08-06,AAPL,0.0021920204162597,0.25,LONG,0.03179368,1.5,0.375
2025-08-06,TSLA,-0.1019082963466644,-0.25,SHORT,0.007377029,1.5,-0.375
2025-08-06,XOM,-0.1305009424686432,-0.25,SHORT,-0.0052577783,1.5,-0.375
2025-08-07,NVDA,0.0046535432338714,0.25,LONG,0.010676546,1.5,0.375
2025-08-07,AAPL,-0.0065608173608779,0.25,LONG,0.042357955,1.5,0.375
2025-08-07,TSLA,-0.1052909791469574,-0.25,SHORT,0.02290007,1.5,-0.375
2025-08-07,XOM,-0.1274686157703399,-0.25,SHORT,0.0080226585,1.5,-0.375
2025-08-08,NVDA,0.0018522143363952,0.25,LONG,-0.0035030579,1.5,0.375
2025-08-08,AAPL,-0.0163734555244445,0.25,LONG,-0.008337396,1.5,0.375
2025-08-08,META,-0.1074842512607574,-0.25,SHORT,-0.0044587944,1.5,-0.375
2025-08-08,XOM,-0.123634397983551,-0.25,SHORT,-0.009082425,1.5,-0.375
2025-08-11,NVDA,0.0017387866973876,0.25,LONG,0.006042028,1.5,0.375
2025-08-11,GOOGL,-0.0196646451950073,0.25,LONG,0.011641732,1.5,0.375
2025-08-11,META,-0.1110734045505523,-0.25,SHORT,0.031506784,1.5,-0.375
2025-08-11,XOM,-0.1213350594043731,-0.25,SHORT,0.00283468,1.5,-0.375
2025-08-12,NVDA,-0.0011505633592605,0.25,LONG,-0.00857184,1.5,0.375
2025-08-12,AVGO,-0.0213418751955032,0.25,LONG,-0.011955287,1.5,0.375
2025-08-12,META,-0.1151757985353469,-0.25,SHORT,-0.012556937,1.5,-0.375
2025-08-12,XOM,-0.1188759356737136,-0.25,SHORT,0.013850976,1.5,-0.375
2025-08-13,NVDA,-0.0001962929964065,0.25,LONG,0.0023680106,1.5,0.375
2025-08-13,AVGO,-0.0207192599773406,0.25,LONG,0.0069235037,1.5,0.375
2025-08-13,XOM,-0.1183182150125503,-0.25,SHORT,-0.0020445897,1.5,-0.375
2025-08-13,META,-0.1204734966158866,-0.25,SHORT,0.0026278195,1.5,-0.375
2025-08-14,NVDA,0.0004993826150894,0.25,LONG,-0.008625358,1.5,0.375
2025-08-14,MSFT,-0.0175863355398178,0.25,LONG,-0.004421154,1.5,0.375
2025-08-14,XOM,-0.118133932352066,-0.25,SHORT,0.0009400105,1.5,-0.375
2025-08-14,META,-0.1202764809131622,-0.25,SHORT,0.0039634984,1.5,-0.375
2025-08-15,NVDA,0.0033305585384368,0.25,LONG,0.008644965,1.5,0.375
2025-08-15,MSFT,-0.0119525492191314,0.25,LONG,-0.0059018536,1.5,0.375
2025-08-15,META,-0.1198573037981987,-0.25,SHORT,-0.022744829,1.5,-0.375
2025-08-15,XOM,-0.1221680417656898,-0.25,SHORT,0.0021597946,1.5,-0.375
2025-08-18,NVDA,0.0051376670598983,0.25,LONG,-0.034998074,1.5,0.375
2025-08-18,MSFT,-0.0068575888872146,0.25,LONG,-0.014175304,1.5,0.375
2025-08-18,META,-0.1169140934944152,-0.25,SHORT,-0.020707149,1.5,-0.375
2025-08-18,XOM,-0.1236363425850868,-0.25,SHORT,0.0065591373,1.5,-0.375
2025-08-19,NVDA,0.0088730305433273,0.25,LONG,-0.0013664173,1.5,0.375
2025-08-19,MSFT,-0.0020356476306915,0.25,LONG,-0.007944737,1.5,0.375
2025-08-19,META,-0.1143892034888267,-0.25,SHORT,-0.005003412,1.5,-0.375
2025-08-19,XOM,-0.1259047538042068,-0.25,SHORT,0.010333345,1.5,-0.375
2025-08-20,NVDA,0.0126389563083648,0.25,LONG,-0.0023945458,1.5,0.375
2025-08-20,MSFT,0.002156838774681,0.25,LONG,-0.0012874466,1.5,0.375
2025-08-20,META,-0.1108277887105941,-0.25,SHORT,-0.0115284035,1.5,-0.375
2025-08-20,XOM,-0.1270630359649658,-0.25,SHORT,0.0064498927,1.5,-0.375
2025-08-21,NVDA,0.0155015140771865,0.25,LONG,0.017202161,1.5,0.375
2025-08-21,MSFT,0.0044806599617004,0.25,LONG,0.005929852,1.5,0.375
2025-08-21,META,-0.1049525737762451,-0.25,SHORT,0.021228507,1.5,-0.375
2025-08-21,XOM,-0.1247913017868995,-0.25,SHORT,0.01876771,1.5,-0.375
2025-08-22,NVDA,0.0146763324737548,0.25,LONG,0.010225143,1.5,0.375
2025-08-22,MSFT,0.0042614936828613,0.25,LONG,-0.0058553456,1.5,0.375
2025-08-22,TSLA,-0.1024615094065666,-0.25,SHORT,0.01938177,1.5,-0.375
2025-08-22,XOM,-0.1171369403600692,-0.25,SHORT,0.0041336543,1.5,-0.375
2025-08-25,NVDA,0.0169841051101684,0.25,LONG,0.010900453,1.5,0.375
2025-08-25,MSFT,0.0049532502889633,0.25,LONG,-0.004402471,1.5,0.375
2025-08-25,TSLA,-0.1013748496770858,-0.25,SHORT,0.014627834,1.5,-0.375
2025-08-25,XOM,-0.1122900694608688,-0.25,SHORT,-0.0022373335,1.5,-0.375
2025-08-26,NVDA,0.0170287191867828,0.25,LONG,-0.0009353433,1.5,0.375
2025-08-26,MSFT,0.0051191449165344,0.25,LONG,0.009361693,1.5,0.375
2025-08-26,TSLA,-0.1010282784700393,-0.25,SHORT,-0.005886221,1.5,-0.375
2025-08-26,XOM,-0.112248994410038,-0.25,SHORT,0.011301461,1.5,-0.375
2025-08-27,NVDA,0.0193249732255935,0.25,LONG,-0.007874347,1.5,0.375
2025-08-27,MSFT,0.0016683340072631,0.25,LONG,0.0057229334,1.5,0.375
2025-08-27,TSLA,-0.1020314320921897,-0.25,SHORT,-0.010354677,1.5,-0.375
2025-08-27,XOM,-0.1078825667500495,-0.25,SHORT,0.0053215004,1.5,-0.375
2025-08-28,NVDA,0.0208038091659545,0.25,LONG,-0.03324652,1.5,0.375
2025-08-28,AVGO,-0.0014367997646331,0.25,LONG,-0.03648127,1.5,0.375
2025-08-28,TSLA,-0.1038334220647811,-0.25,SHORT,-0.035002068,1.5,-0.375
2025-08-28,XOM,-0.1044448837637901,-0.25,SHORT,0.008292942,1.5,-0.375
2025-08-29,NVDA,0.0242940187454223,0.25,LONG,-0.019519925,1.5,0.375
2025-08-29,AVGO,-0.0005107074975967,0.25,LONG,0.0028580748,1.5,0.375
2025-08-29,XOM,-0.1026481688022613,-0.25,SHORT,0.003499795,1.5,-0.375
2025-08-29,TSLA,-0.1087001040577888,-0.25,SHORT,-0.013508281,1.5,-0.375
2025-09-02,NVDA,0.0298084914684295,0.25,LONG,-0.0009367786,1.5,0.375
2025-09-02,AVGO,-0.0007131546735763,0.25,LONG,0.013915169,1.5,0.375
2025-09-02,XOM,-0.1009072214365005,-0.25,SHORT,-0.024239125,1.5,-0.375
2025-09-02,TSLA,-0.1081195026636123,-0.25,SHORT,0.0143612195,1.5,-0.375
2025-09-03,NVDA,0.0276807695627212,0.25,LONG,0.006095443,1.5,0.375
2025-09-03,AVGO,-0.0064349770545959,0.25,LONG,0.012268921,1.5,0.375
2025-09-03,XOM,-0.1028079912066459,-0.25,SHORT,0.0043784278,1.5,-0.375
2025-09-03,TSLA,-0.111533023416996,-0.25,SHORT,0.01328984,1.5,-0.375
2025-09-04,NVDA,0.0251483619213104,0.25,LONG,-0.02703016,1.5,0.375
2025-09-04,AVGO,-0.0113844275474548,0.25,LONG,0.09405425,1.5,0.375
2025-09-04,XOM,-0.1026315093040466,-0.25,SHORT,-0.028202767,1.5,-0.375
2025-09-04,TSLA,-0.1133370995521545,-0.25,SHORT,0.03636309,1.5,-0.375
2025-09-05,NVDA,0.0254312008619308,0.25,LONG,0.0077234763,1.5,0.375
2025-09-05,GOOGL,-0.0175226926803588,0.25,LONG,-0.003194441,1.5,0.375
2025-09-05,XOM,-0.1111817210912704,-0.25,SHORT,0.005675973,1.5,-0.375
2025-09-05,TSLA,-0.1147936880588531,-0.25,SHORT,-0.0126553485,1.5,-0.375
2025-09-08,NVDA,0.0244517624378204,0.25,LONG,0.0145563455,1.5,0.375
2025-09-08,GOOGL,-0.0231315940618515,0.25,LONG,0.023884809,1.5,0.375
2025-09-08,TSLA,-0.1055086106061935,-0.25,SHORT,0.0016455177,1.5,-0.375
2025-09-08,XOM,-0.11497712880373,-0.25,SHORT,0.00728272,1.5,-0.375
2025-09-09,NVDA,0.0244211554527282,0.25,LONG,0.03847522,1.5,0.375
2025-09-09,AAPL,-0.0273479968309402,0.25,LONG,-0.032259457,1.5,0.375
2025-09-09,TSLA,-0.0985152423381805,-0.25,SHORT,0.002363338,1.5,-0.375
2025-09-09,XOM,-0.1177304536104202,-0.25,SHORT,0.016719433,1.5,-0.375
2025-09-10,NVDA,0.02157923579216,0.25,LONG,-0.0008458502,1.5,0.375
2025-09-10,AAPL,-0.0218328684568405,0.25,LONG,0.014286333,1.5,0.375
2025-09-10,TSLA,-0.0927294641733169,-0.25,SHORT,0.060438737,1.5,-0.375
2025-09-10,XOM,-0.1172089204192161,-0.25,SHORT,-0.0032000092,1.5,-0.375
2025-09-11,NVDA,0.0155537128448486,0.25,LONG,0.0036686554,1.5,0.375
2025-09-11,AAPL,-0.0191358923912048,0.25,LONG,0.017562859,1.5,0.375
2025-09-11,TSLA,-0.0918846279382705,-0.25,SHORT,0.07356092,1.5,-0.375
2025-09-11,XOM,-0.1156363040208816,-0.25,SHORT,0.00017830623,1.5,-0.375
2025-09-12,NVDA,0.0110967457294464,0.25,LONG,-0.00039369476,1.5,0.375
2025-09-12,AAPL,-0.0141468346118927,0.25,LONG,0.011235999,1.5,0.375
2025-09-12,TSLA,-0.0932242721319198,-0.25,SHORT,0.035611473,1.5,-0.375
2025-09-12,XOM,-0.1137351170182228,-0.25,SHORT,0.0016939922,1.5,-0.375
2025-09-15,NVDA,0.0085057765245437,0.25,LONG,-0.016146207,1.5,0.375
2025-09-15,AAPL,-0.0105585902929306,0.25,LONG,0.006125868,1.5,0.375
2025-09-15,TSLA,-0.0964928790926933,-0.25,SHORT,0.028241115,1.5,-0.375
2025-09-15,XOM,-0.1144727244973182,-0.25,SHORT,0.020738775,1.5,-0.375
2025-09-16,NVDA,0.0052769482135772,0.25,LONG,-0.026246632,1.5,0.375
2025-09-16,AAPL,-0.0075507462024688,0.25,LONG,0.0035272767,1.5,0.375
2025-09-16,TSLA,-0.0990528836846351,-0.25,SHORT,0.010056426,1.5,-0.375
2025-09-16,XOM,-0.1137075871229171,-0.25,SHORT,0.0053191553,1.5,-0.375
2025-09-17,NVDA,0.0030645579099655,0.25,LONG,0.03494056,1.5,0.375
2025-09-17,AAPL,-0.0078180730342864,0.25,LONG,-0.004644659,1.5,0.375
2025-09-17,AVGO,-0.0971032381057739,-0.25,SHORT,-0.0023687503,1.5,-0.375
2025-09-17,XOM,-0.1131088882684707,-0.25,SHORT,-0.011796337,1.5,-0.375
2025-09-18,NVDA,-1.2978911399841309e-05,0.25,LONG,0.00243967,1.5,0.375
2025-09-18,AAPL,-0.0067053735256195,0.25,LONG,0.032032996,1.5,0.375
2025-09-18,AVGO,-0.1069153249263763,-0.25,SHORT,-0.0011872763,1.5,-0.375
2025-09-18,XOM,-0.1169636398553848,-0.25,SHORT,-0.009742893,1.5,-0.375
2025-09-19,NVDA,-0.0025693029165267,0.25,LONG,0.039282385,1.5,0.375
2025-09-19,AAPL,-0.0058581233024597,0.25,LONG,0.043095596,1.5,0.375
2025-09-19,TSLA,-0.1124912053346633,-0.25,SHORT,0.019104805,1.5,-0.375
2025-09-19,XOM,-0.1266213506460189,-0.25,SHORT,-0.0070909318,1.5,-0.375
2025-09-22,NVDA,-0.0063525140285491,0.25,LONG,-0.028211962,1.5,0.375
2025-09-22,AAPL,-0.0123196244239807,0.25,LONG,-0.0064432146,1.5,0.375
2025-09-22,TSLA,-0.1245803162455558,-0.25,SHORT,-0.019253323,1.5,-0.375
2025-09-22,XOM,-0.1274774372577667,-0.25,SHORT,0.017229086,1.5,-0.375
2025-09-23,NVDA,-0.0104125291109085,0.25,LONG,-0.008182577,1.5,0.375
2025-09-23,AAPL,-0.0166669189929962,0.25,LONG,-0.008332292,1.5,0.375
2025-09-23,XOM,-0.1285858750343322,-0.25,SHORT,0.0053532314,1.5,-0.375
2025-09-23,TSLA,-0.1359540224075317,-0.25,SHORT,0.039779272,1.5,-0.375
2025-09-24,NVDA,-0.0124888718128204,0.25,LONG,0.004068647,1.5,0.375
2025-09-24,AAPL,-0.023557037115097,0.25,LONG,0.018072987,1.5,0.375
2025-09-24,XOM,-0.1259069442749023,-0.25,SHORT,0.008990951,1.5,-0.375
2025-09-24,TSLA,-0.1405165642499923,-0.25,SHORT,-0.04381308,1.5,-0.375
2025-09-25,NVDA,-0.011173278093338,0.25,LONG,0.0028138305,1.4801983225798483,0.3700495806449621
2025-09-25,AAPL,-0.029479831457138,0.25,LONG,-0.0054891775,1.4801983225798483,0.3700495806449621
2025-09-25,XOM,-0.1221655532717704,-0.25,SHORT,0.014101586,1.4801983225798483,-0.3700495806449621
2025-09-25,TSLA,-0.1462270766496658,-0.25,SHORT,0.040175673,1.4801983225798483,-0.3700495806449621
2025-09-26,NVDA,-0.0153234452009201,0.25,LONG,0.020539919,1.4223169602062697,0.35557924005156744
2025-09-26,AVGO,-0.0351515412330627,0.25,LONG,-0.01981893,1.4223169602062697,0.35557924005156744
2025-09-26,XOM,-0.1164430379867553,-0.25,SHORT,-0.025592865,1.4223169602062697,-0.35557924005156744
2025-09-26,TSLA,-0.1433309614658355,-0.25,SHORT,0.0063805575,1.4223169602062697,-0.35557924005156744
2025-09-29,NVDA,-0.0144800990819931,0.25,LONG,0.026010329,1.4431031787948947,0.3607757946987237
2025-09-29,AVGO,-0.0199195146560668,0.25,LONG,0.0061299526,1.4431031787948947,0.3607757946987237
2025-09-29,XOM,-0.1174667552113533,-0.25,SHORT,-0.012869977,1.4431031787948947,-0.3607757946987237
2025-09-29,TSLA,-0.1435506045818328,-0.25,SHORT,0.003406985,1.4431031787948947,-0.3607757946987237
2025-09-30,AVGO,-0.0094397366046905,0.25,LONG,0.010548318,1.4100884944624834,0.35252212361562085
2025-09-30,NVDA,-0.0159050226211547,0.25,LONG,0.0035374076,1.4100884944624834,0.35252212361562085
2025-09-30,XOM,-0.1192726343870163,-0.25,SHORT,-0.0067405812,1.4100884944624834,-0.35252212361562085
2025-09-30,TSLA,-0.1430175155401229,-0.25,SHORT,0.03314443,1.4100884944624834,-0.35252212361562085
2025-10-01,AVGO,-0.0005255043506622,0.25,LONG,0.014367465,1.4169905815748984,0.3542476453937246
2025-10-01,GOOGL,-0.0167026221752166,0.25,LONG,0.0032258602,1.4169905815748984,0.3542476453937246
2025-10-01,XOM,-0.1208340525627136,-0.25,SHORT,-0.0062505496,1.4169905815748984,-0.3542476453937246
2025-10-01,TSLA,-0.1440141648054123,-0.25,SHORT,-0.051059924,1.4169905815748984,-0.3542476453937246
2025-10-02,AVGO,0.0042273998260498,0.25,LONG,0.0005619015,1.3239887685867096,0.3309971921466774
2025-10-02,GOOGL,-0.0092490911483764,0.25,LONG,-0.0013837058,1.3239887685867096,0.3309971921466774
2025-10-02,XOM,-0.1232936903834343,-0.25,SHORT,0.017701576,1.3239887685867096,-0.3309971921466774
2025-10-02,TSLA,-0.1453786194324493,-0.25,SHORT,-0.014151407,1.3239887685867096,-0.3309971921466774
2025-10-03,AVGO,0.0076853483915328,0.25,LONG,-0.008511401,1.3776218710780814,0.34440546776952036
2025-10-03,GOOGL,-0.0017613470554351,0.25,LONG,0.020705031,1.3776218710780814,0.34440546776952036
2025-10-03,XOM,-0.1247295513749122,-0.25,SHORT,0.008299393,1.3776218710780814,-0.34440546776952036
2025-10-03,TSLA,-0.1465180367231369,-0.25,SHORT,0.054486692,1.3776218710780814,-0.34440546776952036
2025-10-06,AVGO,0.0098909735679626,0.25,LONG,0.0027422984,1.3410388752009197,0.3352597188002299
2025-10-06,GOOGL,0.0015095323324203,0.25,LONG,-0.01864797,1.3410388752009197,0.3352597188002299
2025-10-06,XOM,-0.1237883269786834,-0.25,SHORT,0.0005254758,1.3410388752009197,-0.3352597188002299
2025-10-06,TSLA,-0.1520244479179382,-0.25,SHORT,-0.044478774,1.3410388752009197,-0.3352597188002299
2025-10-07,AVGO,0.0104295313358306,0.25,LONG,0.027020585,1.3425516703819393,0.33563791759548484
2025-10-07,GOOGL,0.0063343346118927,0.25,LONG,-0.004638719,1.3425516703819393,0.33563791759548484
2025-10-07,XOM,-0.1220857948064804,-0.25,SHORT,-0.0021005245,1.3425516703819393,-0.33563791759548484
2025-10-07,TSLA,-0.1531497538089752,-0.25,SHORT,0.012930352,1.3425516703819393,-0.33563791759548484
2025-10-08,GOOGL,0.0077883452177047,0.25,LONG,-0.012631779,1.340822734490551,0.33520568362263775
2025-10-08,AVGO,0.0047111362218856,0.25,LONG,-0.0013892922,1.340822734490551,0.33520568362263775
2025-10-08,XOM,-0.1192592605948448,-0.25,SHORT,-0.0097350655,1.340822734490551,-0.33520568362263775
2025-10-08,TSLA,-0.1554156839847564,-0.25,SHORT,-0.007180455,1.340822734490551,-0.33520568362263775
2025-10-09,GOOGL,0.0111533999443054,0.25,LONG,-0.020535728,1.3706962751136622,0.34267406877841555
2025-10-09,AVGO,-0.0006649196147918,0.25,LONG,-0.05909802,1.3706962751136622,0.34267406877841555
2025-10-09,XOM,-0.1175008416175842,-0.25,SHORT,-0.019307427,1.3706962751136622,-0.34267406877841555
2025-10-09,TSLA,-0.1516189575195312,-0.25,SHORT,-0.050626848,1.3706962751136622,-0.34267406877841555
2025-10-10,GOOGL,0.019519567489624,0.25,LONG,0.032041237,1.42043494465884,0.35510873616471
2025-10-10,AVGO,2.8431415557861328e-05,0.25,LONG,0.09878936,1.42043494465884,0.35510873616471
2025-10-10,XOM,-0.1182219088077545,-0.25,SHORT,0.013636697,1.42043494465884,-0.35510873616471
2025-10-10,TSLA,-0.1270981729030609,-0.25,SHORT,0.05419721,1.42043494465884,-0.35510873616471
2025-10-13,GOOGL,0.0127285122871398,0.25,LONG,0.0053246077,1.375674143796259,0.34391853594906474
2025-10-13,AAPL,-0.0175793915987014,0.25,LONG,0.00044413083,1.375674143796259,0.34391853594906474
2025-10-13,XOM,-0.1160344630479812,-0.25,SHORT,0.00044554332,1.375674143796259,-0.34391853594906474
2025-10-13,TSLA,-0.119500882923603,-0.25,SHORT,-0.015278743,1.375674143796259,-0.34391853594906474
2025-10-14,GOOGL,0.012020781636238,0.25,LONG,0.022733735,1.4593682767712906,0.36484206919282264
2025-10-14,AAPL,-0.0109022706747055,0.25,LONG,0.0063365316,1.4593682767712906,0.36484206919282264
2025-10-14,TSLA,-0.1007243245840072,-0.25,SHORT,0.0137685295,1.4593682767712906,-0.36484206919282264
2025-10-14,XOM,-0.118191048502922,-0.25,SHORT,-0.0060557816,1.4593682767712906,-0.36484206919282264
2025-10-15,GOOGL,0.006387859582901,0.25,LONG,0.0017129803,1.5,0.375
2025-10-15,AAPL,-0.0082575976848602,0.25,LONG,-0.0075800004,1.5,0.375
2025-10-15,TSLA,-0.0872980505228042,-0.25,SHORT,-0.014707558,1.5,-0.375
2025-10-15,XOM,-0.1201752126216888,-0.25,SHORT,-0.008690993,1.5,-0.375
2025-10-16,GOOGL,0.0051133036613464,0.25,LONG,0.00731724,1.5,0.375
2025-10-16,AAPL,-0.0018972754478454,0.25,LONG,0.019559516,1.5,0.375
2025-10-16,TSLA,-0.0753175690770149,-0.25,SHORT,0.024629733,1.5,-0.375
2025-10-16,XOM,-0.1200304850935936,-0.25,SHORT,0.014461296,1.5,-0.375
2025-10-17,GOOGL,-0.0044448375701904,0.25,LONG,0.012830665,1.5,0.375
2025-10-17,AAPL,-0.0069997608661651,0.25,LONG,0.03943866,1.5,0.375
2025-10-17,TSLA,-0.0762067586183548,-0.25,SHORT,0.01848352,1.5,-0.375
2025-10-17,XOM,-0.1142619997262954,-0.25,SHORT,0.004098369,1.5,-0.375
2025-10-20,GOOGL,-0.0096992254257202,0.25,LONG,-0.023738064,1.5,0.375
2025-10-20,AAPL,-0.0122030228376388,0.25,LONG,0.0020210352,1.5,0.375
2025-10-20,META,-0.0781845822930336,-0.25,SHORT,0.0015024127,1.5,-0.375
2025-10-20,XOM,-0.1090871542692184,-0.25,SHORT,8.874495e-05,1.5,-0.375
2025-10-21,GOOGL,-0.0111331641674041,0.25,LONG,0.0049110134,1.5,0.375
2025-10-21,AAPL,-0.0152956992387771,0.25,LONG,-0.016440144,1.5,0.375
2025-10-21,META,-0.0804990082979202,-0.25,SHORT,0.00019085799,1.5,-0.375
2025-10-21,XOM,-0.1077720522880554,-0.25,SHORT,0.0177447,1.5,-0.375
2025-10-22,NVDA,-0.0112969577312469,0.25,LONG,0.010428291,1.5,0.375
2025-10-22,GOOGL,-0.0130058079957962,0.25,LONG,0.005522621,1.5,0.375
2025-10-22,META,-0.0811392292380333,-0.25,SHORT,0.00080450444,1.5,-0.375
2025-10-22,XOM,-0.1059154942631721,-0.25,SHORT,0.01107134,1.5,-0.375
2025-10-23,NVDA,-0.0118068158626556,0.25,LONG,0.022507569,1.5,0.375
2025-10-23,GOOGL,-0.016391783952713,0.25,LONG,0.027027119,1.5,0.375
2025-10-23,META,-0.0819201320409774,-0.25,SHORT,0.00594006,1.5,-0.375
2025-10-23,XOM,-0.1033960431814193,-0.25,SHORT,-0.005087063,1.5,-0.375
2025-10-24,NVDA,-0.0147407054901123,0.25,LONG,0.02807911,1.5,0.375
2025-10-24,GOOGL,-0.0171491205692291,0.25,LONG,0.035972476,1.5,0.375
2025-10-24,META,-0.0839926898479461,-0.25,SHORT,0.016875148,1.5,-0.375
2025-10-24,XOM,-0.1042110100388526,-0.25,SHORT,0.0047664377,1.5,-0.375
2025-10-27,GOOGL,-0.0187858045101165,0.25,LONG,-0.006684808,1.5,0.375
2025-10-27,NVDA,-0.0190243870019912,0.25,LONG,0.049819905,1.5,0.375
2025-10-27,META,-0.085282027721405,-0.25,SHORT,0.00082586746,1.5,-0.375
2025-10-27,XOM,-0.1057155430316925,-0.25,SHORT,-0.0078488225,1.5,-0.375
2025-10-28,GOOGL,-0.0200509428977966,0.25,LONG,0.026545113,1.5,0.375
2025-10-28,NVDA,-0.0218701213598251,0.25,LONG,0.029896036,1.5,0.375
2025-10-28,META,-0.0867676734924316,-0.25,SHORT,0.00030603464,1.5,-0.375
2025-10-28,XOM,-0.1089142560958862,-0.25,SHORT,0.012344479,1.5,-0.375
2025-10-29,GOOGL,-0.0209600925445556,0.25,LONG,0.025166785,1.5,0.375
2025-10-29,NVDA,-0.0244220197200775,0.25,LONG,-0.020044483,1.5,0.375
2025-10-29,META,-0.0828564912080764,-0.25,SHORT,-0.11334756,1.5,-0.375
2025-10-29,XOM,-0.1112453714013099,-0.25,SHORT,-0.015113776,1.5,-0.375
2025-10-30,GOOGL,-0.0231160819530487,0.25,LONG,-0.0010303694,1.5,0.375
2025-10-30,NVDA,-0.0284235775470733,0.25,LONG,-0.0019714555,1.5,0.375
2025-10-30,TSLA,-0.0745954737067222,-0.25,SHORT,0.03740057,1.5,-0.375
2025-10-30,XOM,-0.1154309436678886,-0.25,SHORT,-0.0028772901,1.5,-0.375
2025-10-31,GOOGL,-0.0272234678268432,0.25,LONG,0.008997475,1.5,0.375
2025-10-31,NVDA,-0.0324723720550537,0.25,LONG,0.021679975,1.5,0.375
2025-10-31,TSLA,-0.0789272412657737,-0.25,SHORT,0.02586735,1.5,-0.375
2025-10-31,XOM,-0.1175819113850593,-0.25,SHORT,-0.0052465824,1.5,-0.375
2025-11-03,GOOGL,-0.0315376222133636,0.25,LONG,-0.021782042,1.5,0.375
2025-11-03,AAPL,-0.0347831398248672,0.25,LONG,0.0036797358,1.5,0.375
2025-11-03,AVGO,-0.0846723020076751,-0.25,SHORT,-0.02926485,1.5,-0.375
2025-11-03,XOM,-0.1174560487270355,-0.25,SHORT,0.0033403335,1.5,-0.375
2025-11-04,AAPL,-0.0323678851127624,0.25,LONG,0.00037034496,1.5,0.375
2025-11-04,GOOGL,-0.035867229104042,0.25,LONG,0.024392776,1.5,0.375
2025-11-04,AVGO,-0.0897934734821319,-0.25,SHORT,0.020003486,1.5,-0.375
2025-11-04,XOM,-0.117855429649353,-0.25,SHORT,-0.0040300093,1.5,-0.375
2025-11-05,AAPL,-0.033124566078186,0.25,LONG,-0.0013698257,1.5,0.375
2025-11-05,META,-0.0363291203975677,0.25,LONG,-0.026747396,1.5,0.375
2025-11-05,AVGO,-0.095195785164833,-0.25,SHORT,-0.009443554,1.5,-0.375
2025-11-05,XOM,-0.116248570382595,-0.25,SHORT,0.007213178,1.5,-0.375
2025-11-06,AAPL,-0.0304264575242996,0.25,LONG,-0.004818963,1.5,0.375
2025-11-06,META,-0.0368507802486419,0.25,LONG,0.0044753985,1.5,0.375
2025-11-06,TSLA,-0.0961907058954238,-0.25,SHORT,-0.03675633,1.5,-0.375
2025-11-06,XOM,-0.1148378476500511,-0.25,SHORT,0.023755452,1.5,-0.375
2025-11-07,AAPL,-0.0295736193656921,0.25,LONG,0.0045486246,1.5,0.375
2025-11-07,NVDA,-0.0363757461309433,0.25,LONG,0.057932492,1.5,0.375
2025-11-07,TSLA,-0.1043626070022583,-0.25,SHORT,0.036575764,1.5,-0.375
2025-11-07,XOM,-0.1110384464263916,-0.25,SHORT,0.008531022,1.5,-0.375
2025-11-10,AAPL,-0.0279323458671569,0.25,LONG,0.021601267,1.5,0.375
2025-11-10,NVDA,-0.0383530259132385,0.25,LONG,-0.029590596,1.5,0.375
2025-11-10,XOM,-0.1057509779930114,-0.25,SHORT,0.013195731,1.5,-0.375
2025-11-10,TSLA,-0.1099138855934143,-0.25,SHORT,-0.0126002645,1.5,-0.375
2025-11-11,AAPL,-0.0269578546285629,0.25,LONG,-0.00646677,1.5,0.375
2025-11-11,NVDA,-0.0347445309162139,0.25,LONG,0.0033133319,1.5,0.375
2025-11-11,XOM,-0.1038534194231033,-0.25,SHORT,-0.013858799,1.5,-0.375
2025-11-11,TSLA,-0.1078627780079841,-0.25,SHORT,-0.020517696,1.5,-0.375
2025-11-12,AAPL,-0.0258969068527221,0.25,LONG,-0.0019014764,1.5,0.375
2025-11-12,NVDA,-0.0302439630031585,0.25,LONG,-0.03581021,1.5,0.375
2025-11-12,XOM,-0.1041129827499389,-0.25,SHORT,0.00567215,1.5,-0.375
2025-11-12,TSLA,-0.1063957661390304,-0.25,SHORT,-0.06644221,1.5,-0.375
2025-11-13,NVDA,-0.0204920768737792,0.25,LONG,0.017713904,1.5,0.375
2025-11-13,AAPL,-0.0231478214263916,0.25,LONG,-0.0019784193,1.5,0.375
2025-11-13,XOM,-0.1052173301577568,-0.25,SHORT,0.012992573,1.5,-0.375
2025-11-13,AMZN,-0.1069197505712509,-0.25,SHORT,-0.012164321,1.5,-0.375
2025-11-14,NVDA,-0.0193234980106353,0.25,LONG,-0.01877273,1.5,0.375
2025-11-14,AAPL,-0.0223332345485687,0.25,LONG,-0.018171106,1.5,0.375
2025-11-14,AMZN,-0.1033208668231964,-0.25,SHORT,-0.007754942,1.5,-0.375
2025-11-14,XOM,-0.10425865650177,-0.25,SHORT,-0.01349653,1.5,-0.375
2025-11-17,NVDA,-0.0115109682083129,0.25,LONG,-0.02808147,1.5,0.375
2025-11-17,AAPL,-0.0178733468055725,0.25,LONG,-7.493988e-05,1.5,0.375
2025-11-17,AMZN,-0.0937312915921211,-0.25,SHORT,-0.044316538,1.5,-0.375
2025-11-17,XOM,-0.106500431895256,-0.25,SHORT,0.011471766,1.5,-0.375
2025-11-18,NVDA,-0.0051844418048858,0.25,LONG,0.028451655,1.5,0.375
2025-11-18,AAPL,-0.0145483613014221,0.25,LONG,0.004188023,1.5,0.375
2025-11-18,TSLA,-0.0863233804702758,-0.25,SHORT,0.006828636,1.5,-0.375
2025-11-18,XOM,-0.105730727314949,-0.25,SHORT,-0.014114059,1.5,-0.375
2025-11-19,NVDA,-0.0080437362194061,0.25,LONG,-0.031524718,1.5,0.375
2025-11-19,AAPL,-0.0149833261966705,0.25,LONG,-0.008601475,1.5,0.375
2025-11-19,TSLA,-0.0855886191129684,-0.25,SHORT,-0.021683654,1.5,-0.375
2025-11-19,XOM,-0.104701817035675,-0.25,SHORT,-0.0028121585,1.5,-0.375
2025-11-20,NVDA,-0.0019770264625549,0.25,LONG,-0.009743078,1.5,0.375
2025-11-20,AAPL,-0.0117264986038208,0.25,LONG,0.019680612,1.5,0.375
2025-11-20,TSLA,-0.076371893286705,-0.25,SHORT,-0.01047495,1.5,-0.375
2025-11-20,XOM,-0.1030951365828514,-0.25,SHORT,0.00051275553,1.5,-0.375
2025-11-21,NVDA,-0.0006042122840881,0.25,LONG,0.020516524,1.5,0.375
2025-11-21,AAPL,-0.0158474147319793,0.25,LONG,0.016317567,1.5,0.375
2025-11-21,TSLA,-0.0771352052688598,-0.25,SHORT,0.068245165,1.5,-0.375
2025-11-21,XOM,-0.0997845977544784,-0.25,SHORT,-0.009480651,1.5,-0.375
2025-11-24,NVDA,-0.0008982717990875,0.25,LONG,-0.02591076,1.5,0.375
2025-11-24,AAPL,-0.019406646490097,0.25,LONG,0.0038053396,1.5,0.375
2025-11-24,TSLA,-0.0820287466049194,-0.25,SHORT,0.0038776272,1.5,-0.375
2025-11-24,XOM,-0.0981515049934387,-0.25,SHORT,-0.012589549,1.5,-0.375
2025-11-25,NVDA,0.0048311054706573,0.25,LONG,0.013721772,1.5,0.375
2025-11-25,AAPL,-0.0210726857185363,0.25,LONG,0.0020941065,1.5,0.375
2025-11-25,TSLA,-0.0836149379611015,-0.25,SHORT,0.017119678,1.5,-0.375
2025-11-25,XOM,-0.0984624326229095,-0.25,SHORT,0.0022705765,1.5,-0.375
2025-11-26,NVDA,0.0039328783750534,0.25,LONG,-0.018085012,1.5,0.375
2025-11-26,AAPL,-0.0223705470561981,0.25,LONG,0.0046838666,1.5,0.375
2025-11-26,TSLA,-0.0869220346212387,-0.25,SHORT,0.008415835,1.5,-0.375
2025-11-26,XOM,-0.0991159155964851,-0.25,SHORT,0.010020008,1.5,-0.375
2025-11-28,NVDA,0.0032565891742706,0.25,LONG,0.016497284,1.5,0.375
2025-11-28,AAPL,-0.0239143669605255,0.25,LONG,0.015241063,1.5,0.375
2025-11-28,TSLA,-0.0908782929182052,-0.25,SHORT,-6.973703e-05,1.5,-0.375
2025-11-28,XOM,-0.0997695699334144,-0.25,SHORT,0.006124983,1.5,-0.375
2025-12-01,NVDA,0.0067870467901229,0.25,LONG,0.008559255,1.5,0.375
2025-12-01,AAPL,-0.0233053714036941,0.25,LONG,0.010914952,1.5,0.375
2025-12-01,TSLA,-0.0866284519433975,-0.25,SHORT,-0.0020923987,1.5,-0.375
2025-12-01,XOM,-0.1043834686279296,-0.25,SHORT,-0.01071766,1.5,-0.375
2025-12-02,NVDA,0.0023660659790039,0.25,LONG,-0.010305267,1.5,0.375
2025-12-02,AAPL,-0.0263731330633163,0.25,LONG,-0.007128104,1.5,0.375
2025-12-02,TSLA,-0.084777757525444,-0.25,SHORT,0.040769733,1.5,-0.375
2025-12-02,XOM,-0.1079887598752975,-0.25,SHORT,0.020974156,1.5,-0.375
2025-12-03,NVDA,-0.0008618831634521,0.25,LONG,0.021160536,1.5,0.375
2025-12-03,AAPL,-0.0283966362476348,0.25,LONG,-0.012141397,1.5,0.375
2025-12-03,AVGO,-0.0950062572956085,-0.25,SHORT,0.0011035836,1.5,-0.375
2025-12-03,XOM,-0.1070376560091972,-0.25,SHORT,-0.005602766,1.5,-0.375
2025-12-04,NVDA,-0.0043295472860336,0.25,LONG,-0.005289603,1.5,0.375
2025-12-04,AAPL,-0.0290116518735885,0.25,LONG,-0.0068401755,1.5,0.375
2025-12-04,AVGO,-0.102788433432579,-0.25,SHORT,0.02417129,1.5,-0.375
2025-12-04,XOM,-0.1072012186050415,-0.25,SHORT,-0.0051219705,1.5,-0.375
2025-12-05,NVDA,-0.0081515908241271,0.25,LONG,0.017213998,1.5,0.375
2025-12-05,AAPL,-0.0283642709255218,0.25,LONG,-0.0031924427,1.5,0.375
2025-12-05,XOM,-0.1106665059924125,-0.25,SHORT,-0.0048052957,1.5,-0.375
2025-12-05,AVGO,-0.1126615181565284,-0.25,SHORT,0.027829085,1.5,-0.375
2025-12-08,NVDA,-0.0096309781074523,0.25,LONG,-0.0031259127,1.5,0.375
2025-12-08,AAPL,-0.0262326002120971,0.25,LONG,-0.0025550642,1.5,0.375
2025-12-08,XOM,-0.1162186339497566,-0.25,SHORT,0.0195724,1.5,-0.375
2025-12-08,AVGO,-0.1190599799156189,-0.25,SHORT,0.012939404,1.5,-0.375
2025-12-09,NVDA,-0.0152889788150787,0.25,LONG,-0.006433412,1.5,0.375
2025-12-09,AAPL,-0.0245907306671142,0.25,LONG,0.0057724803,1.5,0.375
2025-12-09,AVGO,-0.1135793626308441,-0.25,SHORT,0.016441429,1.5,-0.375
2025-12-09,XOM,-0.1177337765693664,-0.25,SHORT,0.010909046,1.5,-0.375
2025-12-10,NVDA,-0.0192364603281021,0.25,LONG,-0.015507791,1.5,0.375
2025-12-10,AAPL,-0.0229930281639099,0.25,LONG,-0.0026903718,1.5,0.375
2025-12-10,AVGO,-0.1062620729207992,-0.25,SHORT,-0.015981749,1.5,-0.375
2025-12-10,XOM,-0.1166690364480018,-0.25,SHORT,0.0,1.5,-0.375
2025-12-11,NVDA,-0.0205753445625305,0.25,LONG,-0.032664523,1.5,0.375
2025-12-11,AAPL,-0.0209277272224426,0.25,LONG,0.0008993199,1.5,0.375
2025-12-11,TSLA,-0.1030089110136032,-0.25,SHORT,0.027008832,1.5,-0.375
2025-12-11,XOM,-0.1148456633090972,-0.25,SHORT,-0.0060230945,1.5,-0.375
2025-12-12,AAPL,-0.0159279406070709,0.25,LONG,-0.014985057,1.5,0.375
2025-12-12,NVDA,-0.016566127538681,0.25,LONG,0.0072562774,1.5,0.375
2025-12-12,TSLA,-0.1054827570915222,-0.25,SHORT,0.035624035,1.5,-0.375
2025-12-12,XOM,-0.115479364991188,-0.25,SHORT,-0.008920993,1.5,-0.375
2025-12-15,AAPL,-0.0100770741701126,0.25,LONG,0.0018241386,1.5,0.375
2025-12-15,NVDA,-0.0132640898227691,0.25,LONG,0.008111748,1.5,0.375
2025-12-15,TSLA,-0.1071299612522125,-0.25,SHORT,0.030653695,1.5,-0.375
2025-12-15,XOM,-0.1164519190788269,-0.25,SHORT,-0.026154922,1.5,-0.375
2025-12-16,AAPL,-0.0058592855930328,0.25,LONG,-0.010086926,1.5,0.375
2025-12-16,GOOGL,-0.0121460258960723,0.25,LONG,-0.03212968,1.5,0.375
2025-12-16,TSLA,-0.1080547794699668,-0.25,SHORT,-0.046174563,1.5,-0.375
2025-12-16,XOM,-0.1212741881608963,-0.25,SHORT,0.023805473,1.5,-0.375
2025-12-17,AAPL,0.0009062439203262,0.25,LONG,0.0012874469,1.5,0.375
2025-12-17,GOOGL,-0.0055470168590545,0.25,LONG,0.019344822,1.5,0.375
2025-12-17,TSLA,-0.1153596043586731,-0.25,SHORT,0.03447756,1.5,-0.375
2025-12-17,XOM,-0.121422603726387,-0.25,SHORT,-0.0074099926,1.5,-0.375
2025-12-18,AAPL,0.0034305155277252,0.25,LONG,0.005437604,1.5,0.375
2025-12-18,GOOGL,-0.0027864873409271,0.25,LONG,0.015539287,1.5,0.375
2025-12-18,TSLA,-0.1138757690787315,-0.25,SHORT,-0.0044892794,1.5,-0.375
2025-12-18,XOM,-0.1212213709950447,-0.25,SHORT,0.0012871018,1.5,-0.375
2025-12-19,AAPL,0.0064263641834259,0.25,LONG,-0.00986607,1.5,0.375
2025-12-19,GOOGL,0.0007002353668212,0.25,LONG,0.008529808,1.5,0.375
2025-12-19,TSLA,-0.1160741299390792,-0.25,SHORT,0.015648376,1.5,-0.375
2025-12-19,XOM,-0.1274537593126297,-0.25,SHORT,0.012511802,1.5,-0.375
2025-12-22,AAPL,0.0064374506473541,0.25,LONG,0.0051297327,1.5,0.375
2025-12-22,GOOGL,0.0018655061721801,0.25,LONG,0.014752303,1.5,0.375
2025-12-22,TSLA,-0.1223248168826103,-0.25,SHORT,-0.0064862263,1.5,-0.375
2025-12-22,XOM,-0.124586135149002,-0.25,SHORT,0.0107489955,1.5,-0.375
2025-12-23,AAPL,0.0071228742599487,0.25,LONG,0.0053237663,1.5,0.375
2025-12-23,GOOGL,0.0026137977838516,0.25,LONG,-0.0008271873,1.5,0.375
2025-12-23,XOM,-0.1203613057732582,-0.25,SHORT,-0.0016747701,1.5,-0.375
2025-12-23,TSLA,-0.1281630098819732,-0.25,SHORT,-0.000329524,1.5,-0.375
2025-12-24,AAPL,0.0052918195724487,0.25,LONG,-0.001497343,1.5,0.375
2025-12-24,GOOGL,0.0008707046508789,0.25,LONG,-0.0018463572,1.5,0.375
2025-12-24,XOM,-0.1172391474246978,-0.25,SHORT,-0.0009226395,1.5,-0.375
2025-12-24,TSLA,-0.12937031686306,-0.25,SHORT,-0.021034181,1.5,-0.375
2025-12-26,AAPL,0.0047492384910583,0.25,LONG,0.0013168127,1.5,0.375
2025-12-26,GOOGL,0.0013027787208557,0.25,LONG,0.00015946316,1.5,0.375
2025-12-26,XOM,-0.1175439655780792,-0.25,SHORT,0.011921757,1.5,-0.375
2025-12-26,TSLA,-0.1345693916082382,-0.25,SHORT,-0.03272373,1.5,-0.375
2025-12-29,AAPL,0.0036354064941406,0.25,LONG,-0.0024840666,1.5,0.375
2025-12-29,GOOGL,0.001296192407608,0.25,LONG,0.0009247389,1.5,0.375
2025-12-29,XOM,-0.118231326341629,-0.25,SHORT,0.003816452,1.5,-0.375
2025-12-29,TSLA,-0.1349368244409561,-0.25,SHORT,-0.011335005,1.5,-0.375
2025-12-30,AAPL,0.001649796962738,0.25,LONG,-0.0044675064,1.5,0.375
2025-12-30,GOOGL,-0.0023269057273864,0.25,LONG,-0.002708327,1.5,0.375
2025-12-30,XOM,-0.1176182627677917,-0.25,SHORT,-0.005372325,1.5,-0.375
2025-12-30,TSLA,-0.1306002289056778,-0.25,SHORT,-0.010364614,1.5,-0.375
2025-12-31,AAPL,0.0016223341226577,0.25,LONG,-0.0031264753,1.5,0.375
2025-12-31,GOOGL,-0.0046009719371795,0.25,LONG,0.0068689687,1.5,0.375
2025-12-31,XOM,-0.1209243759512901,-0.25,SHORT,0.019195685,1.5,-0.375
2025-12-31,TSLA,-0.1233517825603485,-0.25,SHORT,-0.025904994,1.5,-0.375
2026-01-02,AAPL,0.0004640519618988,0.25,LONG,-0.013837078,1.5,0.375
2026-01-02,GOOGL,-0.0065194219350814,0.25,LONG,0.004410687,1.5,0.375
2026-01-02,TSLA,-0.1159433275461196,-0.25,SHORT,0.03104528,1.5,-0.375
2026-01-02,XOM,-0.1201295554637909,-0.25,SHORT,0.022095352,1.5,-0.375
2026-01-05,AAPL,0.0011942088603973,0.25,LONG,-0.018334508,1.5,0.375
2026-01-05,GOOGL,-0.0098122358322143,0.25,LONG,-0.0069501833,1.5,0.375
2026-01-05,TSLA,-0.1045122593641281,-0.25,SHORT,-0.041424096,1.5,-0.375
2026-01-05,XOM,-0.1195391491055488,-0.25,SHORT,-0.03438101,1.5,-0.375
2026-01-06,AAPL,0.00263512134552,0.25,LONG,-0.0077372896,1.5,0.375
2026-01-06,GOOGL,-0.012146770954132,0.25,LONG,0.024305042,1.5,0.375
2026-01-06,META,-0.0912468433380127,-0.25,SHORT,-0.018058786,1.5,-0.375
2026-01-06,XOM,-0.1216280460357666,-0.25,SHORT,-0.02114832,1.5,-0.375
2026-01-07,AAPL,0.0060786306858062,0.25,LONG,-0.004955135,1.5,0.375
2026-01-07,GOOGL,-0.0128820389509201,0.25,LONG,0.010745898,1.5,0.375
2026-01-07,META,-0.0876506268978118,-0.25,SHORT,-0.0040543065,1.5,-0.375
2026-01-07,XOM,-0.1239698976278305,-0.25,SHORT,0.0373028,1.5,-0.375
2026-01-08,AAPL,0.009297177195549,0.25,LONG,0.0012738061,1.5,0.375
2026-01-08,GOOGL,-0.0154755413532257,0.25,LONG,0.009617775,1.5,0.375
2026-01-08,META,-0.0862436592578888,-0.25,SHORT,0.010834928,1.5,-0.375
2026-01-08,XOM,-0.1192413866519928,-0.25,SHORT,0.0138312355,1.5,-0.375
2026-01-09,AAPL,0.0102290958166122,0.25,LONG,0.00339277,1.5,0.375
2026-01-09,GOOGL,-0.0197404026985168,0.25,LONG,0.010013048,1.5,0.375
2026-01-09,META,-0.0871486961841583,-0.25,SHORT,-0.016981686,1.5,-0.375
2026-01-09,XOM,-0.1149532943964004,-0.25,SHORT,-0.00465454,1.5,-0.375
2026-01-12,AAPL,0.0129222720861434,0.25,LONG,0.003074057,1.5,0.375
2026-01-12,GOOGL,-0.0213555544614791,0.25,LONG,0.0123846475,1.5,0.375
2026-01-12,META,-0.0838649347424507,-0.25,SHORT,-0.01694769,1.5,-0.375
2026-01-12,XOM,-0.1168938130140304,-0.25,SHORT,0.020236991,1.5,-0.375
2026-01-13,AAPL,0.0139112472534179,0.25,LONG,-0.004175426,1.5,0.375
2026-01-13,NVDA,-0.0198566317558288,0.25,LONG,-0.014369631,1.5,0.375
2026-01-13,META,-0.0785803496837616,-0.25,SHORT,-0.024671633,1.5,-0.375
2026-01-13,XOM,-0.1133008301258087,-0.25,SHORT,0.028923586,1.5,-0.375
2026-01-14,AAPL,0.0136021822690963,0.25,LONG,-0.0067318827,1.5,0.375
2026-01-14,NVDA,-0.0139834731817245,0.25,LONG,0.02134991,1.5,0.375
2026-01-14,AMZN,-0.0769644081592559,-0.25,SHORT,0.006465239,1.5,-0.375
2026-01-14,XOM,-0.1033643037080764,-0.25,SHORT,-0.008218012,1.5,-0.375
2026-01-15,AAPL,0.0112907588481903,0.25,LONG,-0.010379048,1.5,0.375
2026-01-15,NVDA,-0.0136678814888,0.25,LONG,-0.004383931,1.5,0.375
2026-01-15,AMZN,-0.0782742798328399,-0.25,SHORT,0.0039466056,1.5,-0.375
2026-01-15,XOM,-0.0973847210407257,-0.25,SHORT,0.0058855005,1.5,-0.375
2026-01-16,AAPL,0.011939063668251,0.25,LONG,-0.034555685,1.5,0.375
2026-01-16,NVDA,-0.0121301114559173,0.25,LONG,-0.043816764,1.5,0.375
2026-01-16,AMZN,-0.079257383942604,-0.25,SHORT,-0.033957824,1.5,-0.375
2026-01-16,XOM,-0.0944253653287887,-0.25,SHORT,0.0043884628,1.5,-0.375
2026-01-20,AAPL,0.0194377601146698,0.25,LONG,0.003850881,1.5,0.375
2026-01-20,NVDA,-0.0014013200998306,0.25,LONG,0.029482894,1.5,0.375
2026-01-20,AMZN,-0.0762956663966178,-0.25,SHORT,0.0013419808,1.5,-0.375
2026-01-20,XOM,-0.0896009057760238,-0.25,SHORT,0.024145322,1.5,-0.375
2026-01-21,AAPL,0.0152531266212463,0.25,LONG,0.0028265282,1.5,0.375
2026-01-21,NVDA,-0.0072959214448928,0.25,LONG,0.008291414,1.5,0.375
2026-01-21,TSLA,-0.0729019343852996,-0.25,SHORT,0.041535284,1.5,-0.375
2026-01-21,XOM,-0.0814815759658813,-0.25,SHORT,0.00022448575,1.5,-0.375
2026-01-22,AAPL,0.0119762122631073,0.25,LONG,-0.0012482377,1.5,0.375
2026-01-22,NVDA,-0.0106850117444992,0.25,LONG,0.015310547,1.5,0.375
2026-01-22,TSLA,-0.0780553519725799,-0.25,SHORT,-0.000667589,1.5,-0.375
2026-01-22,XOM,-0.0803126841783523,-0.25,SHORT,0.0099520255,1.5,-0.375
2026-01-23,AAPL,0.0103667974472045,0.25,LONG,0.029712938,1.5,0.375
2026-01-23,NVDA,-0.0130098164081573,0.25,LONG,-0.0063941535,1.5,0.375
2026-01-23,XOM,-0.0791591852903366,-0.25,SHORT,-0.00096327724,1.5,-0.375
2026-01-23,TSLA,-0.0798936933279037,-0.25,SHORT,-0.03086444,1.5,-0.375
2026-01-26,AAPL,0.005678504705429,0.25,LONG,0.011197672,1.5,0.375
2026-01-26,NVDA,-0.0157952606678009,0.25,LONG,0.010993713,1.5,0.375
2026-01-26,META,-0.0785760134458541,-0.25,SHORT,0.0009073027,1.5,-0.375
2026-01-26,XOM,-0.0790117755532264,-0.25,SHORT,0.014758367,1.5,-0.375
2026-01-27,AAPL,-0.0014089047908782,0.25,LONG,-0.007085589,1.5,0.375
2026-01-27,NVDA,-0.018064796924591,0.25,LONG,0.01591343,1.5,0.375
2026-01-27,TSLA,-0.076218694448471,-0.25,SHORT,0.0012995999,1.5,-0.375
2026-01-27,META,-0.08201365172863,-0.25,SHORT,-0.0063004782,1.5,-0.375
2026-01-28,AAPL,-0.0075684189796447,0.25,LONG,0.007175054,1.5,0.375
2026-01-28,NVDA,-0.0215892195701599,0.25,LONG,0.005169159,1.5,0.375
2026-01-28,XOM,-0.0748982205986976,-0.25,SHORT,0.02129668,1.5,-0.375
2026-01-28,META,-0.0794467329978942,-0.25,SHORT,0.10404809,1.5,-0.375
2026-01-29,AAPL,-0.0108403712511062,0.25,LONG,0.004646256,1.5,0.375
2026-01-29,NVDA,-0.0250825881958007,0.25,LONG,-0.0071684155,1.5,0.375
2026-01-29,XOM,-0.0752274692058563,-0.25,SHORT,0.006334072,1.5,-0.375
2026-01-29,META,-0.0827415287494659,-0.25,SHORT,-0.029540457,1.5,-0.375
2026-01-30,AAPL,-0.0145375728607177,0.25,LONG,0.040581234,1.5,0.375
2026-01-30,NVDA,-0.0267231911420822,0.25,LONG,-0.028880851,1.5,0.375
2026-01-30,TSLA,-0.0725989341735839,-0.25,SHORT,-0.019980963,1.5,-0.375
2026-01-30,META,-0.0881811380386352,-0.25,SHORT,-0.014082413,1.5,-0.375
2026-02-02,AAPL,-0.0247975289821624,0.25,LONG,-0.0019629018,1.462648871248059,0.36566221781201474
2026-02-02,NVDA,-0.0275958478450775,0.25,LONG,-0.028392995,1.462648871248059,0.36566221781201474
2026-02-02,TSLA,-0.0748368501663208,-0.25,SHORT,0.00035559587,1.462648871248059,-0.36566221781201474
2026-02-02,META,-0.0916461274027824,-0.25,SHORT,-0.020823559,1.462648871248059,-0.36566221781201474
2026-02-03,NVDA,-0.0211557894945144,0.25,LONG,-0.034102213,1.5,0.375
2026-02-03,GOOGL,-0.030945599079132,0.25,LONG,-0.019634284,1.5,0.375
2026-02-03,TSLA,-0.0744236707687377,-0.25,SHORT,-0.03779975,1.5,-0.375
2026-02-03,META,-0.0944001823663711,-0.25,SHORT,-0.032832056,1.5,-0.375
2026-02-04,NVDA,-0.0140542536973953,0.25,LONG,-0.013261405,1.5,0.375
2026-02-04,GOOGL,-0.029942974448204,0.25,LONG,-0.0053747436,1.5,0.375
2026-02-04,TSLA,-0.0694166719913482,-0.25,SHORT,-0.021674387,1.5,-0.375
2026-02-04,META,-0.0980695337057113,-0.25,SHORT,0.0018236547,1.5,-0.375
2026-02-05,NVDA,-0.0018889009952545,0.25,LONG,0.07871771,1.5,0.375
2026-02-05,GOOGL,-0.0256228744983673,0.25,LONG,-0.025328415,1.5,0.375
2026-02-05,TSLA,-0.0620458722114563,-0.25,SHORT,0.03499407,1.5,-0.375
2026-02-05,META,-0.103254348039627,-0.25,SHORT,-0.013055633,1.5,-0.375
2026-02-06,NVDA,-0.0079074203968048,0.25,LONG,0.024971742,1.5,0.375
2026-02-06,GOOGL,-0.0261269658803939,0.25,LONG,0.004522141,1.5,0.375
2026-02-06,JPM,-0.0648309141397476,-0.25,SHORT,-0.0009304747,1.5,-0.375
2026-02-06,META,-0.1075265407562255,-0.25,SHORT,0.023825983,1.5,-0.375
2026-02-09,NVDA,-0.0166816711425781,0.25,LONG,-0.007893115,1.5,0.375
2026-02-09,GOOGL,-0.0262923389673233,0.25,LONG,-0.01769865,1.5,0.375
2026-02-09,JPM,-0.0699913129210472,-0.25,SHORT,-0.011859775,1.5,-0.375
2026-02-09,META,-0.1106219440698623,-0.25,SHORT,-0.00959812,1.5,-0.375
2026-02-10,NVDA,-0.0193313956260681,0.25,LONG,0.008008964,1.5,0.375
2026-02-10,AMZN,-0.0200849473476409,0.25,LONG,-0.013915756,1.5,0.375
2026-02-10,JPM,-0.0733201429247856,-0.25,SHORT,-0.023438394,1.5,-0.375
2026-02-10,META,-0.1105133593082428,-0.25,SHORT,-0.0030264803,1.5,-0.375
2026-02-11,AMZN,-0.0131872594356536,0.25,LONG,-0.021952154,1.5,0.375
2026-02-11,GOOGL,-0.0147016048431396,0.25,LONG,-0.006302906,1.5,0.375
2026-02-11,JPM,-0.0762686878442764,-0.25,SHORT,-0.026317531,1.5,-0.375
2026-02-11,META,-0.1097026914358139,-0.25,SHORT,-0.028234297,1.5,-0.375
2026-02-12,GOOGL,-0.0023402720689773,0.25,LONG,-0.010614949,1.5,0.375
2026-02-12,AMZN,-0.0056394338607788,0.25,LONG,-0.0040581804,1.5,0.375
2026-02-12,JPM,-0.0747862011194229,-0.25,SHORT,-0.0002974904,1.5,-0.375
2026-02-12,META,-0.1016933768987655,-0.25,SHORT,-0.015450721,1.5,-0.375
2026-02-13,GOOGL,0.0035262703895568,0.25,LONG,-0.012102657,1.5,0.375
2026-02-13,AMZN,-0.0043683797121047,0.25,LONG,0.011871828,1.5,0.375
2026-02-13,JPM,-0.0736209526658058,-0.25,SHORT,0.015138029,1.5,-0.375
2026-02-13,META,-0.0963753908872604,-0.25,SHORT,-0.00075023936,1.5,-0.375
2026-02-17,GOOGL,0.0101129114627838,0.25,LONG,0.0043375893,1.5,0.375
2026-02-17,AMZN,-0.0035116821527481,0.25,LONG,0.018095946,1.5,0.375
2026-02-17,JPM,-0.0733599215745925,-0.25,SHORT,0.0053723515,1.5,-0.375
2026-02-17,META,-0.0912086144089698,-0.25,SHORT,0.0061474,1.5,-0.375
2026-02-18,GOOGL,0.0128185153007507,0.25,LONG,-0.0015824246,1.5,0.375
2026-02-18,AMZN,-0.0068637281656265,0.25,LONG,0.00034184934,1.5,0.375
2026-02-18,AVGO,-0.0765897557139396,-0.25,SHORT,0.0014391533,1.5,-0.375
2026-02-18,META,-0.0881114900112152,-0.25,SHORT,0.0024253426,1.5,-0.375
2026-02-19,GOOGL,0.0146144777536392,0.25,LONG,0.040052917,1.5,0.375
2026-02-19,AMZN,-0.0116967111825943,0.25,LONG,0.025627257,1.5,0.375
2026-02-19,AVGO,-0.0830835253000259,-0.25,SHORT,-0.004012008,1.5,-0.375
2026-02-19,META,-0.0845777168869972,-0.25,SHORT,0.016874019,1.5,-0.375
2026-02-20,GOOGL,0.0086510479450225,0.25,LONG,-0.011080233,1.5,0.375
2026-02-20,AMZN,-0.0194627344608306,0.25,LONG,-0.023035536,1.5,0.375
2026-02-20,META,-0.0819037333130836,-0.25,SHORT,-0.028078543,1.5,-0.375
2026-02-20,AVGO,-0.0896326303482055,-0.25,SHORT,-0.006944211,1.5,-0.375
2026-02-23,GOOGL,0.0033890455961227,0.25,LONG,-0.0018940645,1.5,0.375
2026-02-23,AMZN,-0.0279833227396011,0.25,LONG,0.016027639,1.5,0.375
2026-02-23,META,-0.074927881360054,-0.25,SHORT,0.0032169097,1.5,-0.375
2026-02-23,AVGO,-0.0874639600515365,-0.25,SHORT,-0.014681888,1.5,-0.375
2026-02-24,GOOGL,-0.003638356924057,0.25,LONG,0.0064329603,1.5,0.375
2026-02-24,AAPL,-0.0344814658164978,0.25,LONG,0.0076798564,1.5,0.375
2026-02-24,META,-0.07240891456604,-0.25,SHORT,0.022508902,1.5,-0.375
2026-02-24,AVGO,-0.0822088420391082,-0.25,SHORT,0.020953067,1.5,-0.375
2026-02-25,GOOGL,-0.0094706863164901,0.25,LONG,-0.017641498,1.5,0.375
2026-02-25,AAPL,-0.0364972949028015,0.25,LONG,-0.0046676896,1.5,0.375
2026-02-25,META,-0.0736631006002426,-0.25,SHORT,0.0050789514,1.5,-0.375
2026-02-25,AVGO,-0.0797657817602157,-0.25,SHORT,-0.031928066,1.5,-0.375
2026-02-26,GOOGL,-0.0119906067848205,0.25,LONG,0.014249545,1.5,0.375
2026-02-26,NVDA,-0.0290238857269287,0.25,LONG,-0.041646294,1.5,0.375
2026-02-26,XOM,-0.0728536546230316,-0.25,SHORT,0.026659638,1.5,-0.375
2026-02-26,META,-0.0745348408818245,-0.25,SHORT,-0.013439755,1.5,-0.375
2026-02-27,GOOGL,-0.0157374143600463,0.25,LONG,-0.016807806,1.5,0.375
2026-02-27,NVDA,-0.0183964669704437,0.25,LONG,0.02985495,1.5,0.375
2026-02-27,META,-0.0693355500698089,-0.25,SHORT,0.008300167,1.5,-0.375
2026-02-27,XOM,-0.0731690526008606,-0.25,SHORT,0.011278619,1.5,-0.375
2026-03-02,NVDA,-0.0170031487941741,0.25,LONG,-0.013316636,1.5,0.375
2026-03-02,GOOGL,-0.0201910585165023,0.25,LONG,-0.009591656,1.5,0.375
2026-03-02,XOM,-0.0702728405594825,-0.25,SHORT,-0.015497322,1.5,-0.375
2026-03-02,META,-0.0720269978046417,-0.25,SHORT,0.0023257858,1.5,-0.375
2026-03-03,NVDA,-0.0135796070098876,0.25,LONG,0.01660657,1.5,0.375
2026-03-03,GOOGL,-0.0220530480146408,0.25,LONG,-0.0014821127,1.5,0.375
2026-03-03,XOM,-0.0659309551119804,-0.25,SHORT,-0.013238436,1.5,-0.375
2026-03-03,META,-0.073447361588478,-0.25,SHORT,0.019310566,1.5,-0.375
2026-03-04,NVDA,-0.0178158432245254,0.25,LONG,0.0016389943,1.5,0.375
2026-03-04,GOOGL,-0.0270972847938537,0.25,LONG,-0.0074225715,1.5,0.375
2026-03-04,JPM,-0.0653033703565597,-0.25,SHORT,-0.019506441,1.5,-0.375
2026-03-04,META,-0.0794268175959587,-0.25,SHORT,-0.010722846,1.5,-0.375
2026-03-05,NVDA,-0.0171652734279632,0.25,LONG,-0.03010798,1.5,0.375
2026-03-05,GOOGL,-0.0258330404758453,0.25,LONG,-0.007843725,1.5,0.375
2026-03-05,TSLA,-0.0667598322033882,-0.25,SHORT,-0.021748187,1.5,-0.375
2026-03-05,META,-0.079926036298275,-0.25,SHORT,-0.023782553,1.5,-0.375
2026-03-06,NVDA,-0.0114692896604537,0.25,LONG,0.02716222,1.5,0.375
2026-03-06,AAPL,-0.0209986716508865,0.25,LONG,0.009399602,1.5,0.375
2026-03-06,TSLA,-0.064612902700901,-0.25,SHORT,0.0049151354,1.5,-0.375
2026-03-06,META,-0.0789112076163292,-0.25,SHORT,0.00392336,1.5,-0.375
2026-03-09,NVDA,-0.0186496675014495,0.25,LONG,0.011606986,1.5,0.375
2026-03-09,AAPL,-0.0224306583404541,0.25,LONG,0.003655516,1.5,0.375
2026-03-09,TSLA,-0.0679916739463806,-0.25,SHORT,0.0014046292,1.5,-0.375
2026-03-09,META,-0.0814148858189582,-0.25,SHORT,0.010318427,1.5,-0.375
2026-03-10,AAPL,-0.0208620876073837,0.25,LONG,-7.665573e-05,1.5,0.375
2026-03-10,NVDA,-0.0221875309944152,0.25,LONG,0.006873707,1.5,0.375
2026-03-10,TSLA,-0.06864994764328,-0.25,SHORT,0.021490876,1.5,-0.375
2026-03-10,META,-0.0834396183490753,-0.25,SHORT,0.0012077924,1.5,-0.375
2026-03-11,AAPL,-0.0202018618583679,0.25,LONG,-0.01936274,1.5,0.375
2026-03-11,NVDA,-0.0258038640022277,0.25,LONG,-0.015535038,1.5,0.375
2026-03-11,TSLA,-0.0686516016721725,-0.25,SHORT,-0.03141091,1.5,-0.375
2026-03-11,META,-0.0840503424406051,-0.25,SHORT,-0.025471045,1.5,-0.375
2026-03-12,AAPL,-0.0147817432880401,0.25,LONG,-0.022051947,1.5,0.375
2026-03-12,NVDA,-0.024455577135086,0.25,LONG,-0.01578035,1.5,0.375
2026-03-12,AVGO,-0.0658004134893417,-0.25,SHORT,-0.04110484,1.5,-0.375
2026-03-12,META,-0.0812080800533294,-0.25,SHORT,-0.038343545,1.5,-0.375
2026-03-13,AAPL,-0.0133232474327087,0.25,LONG,0.010794881,1.5,0.375
2026-03-13,NVDA,-0.0258907377719879,0.25,LONG,0.016477197,1.5,0.375
2026-03-13,AVGO,-0.0649446099996566,-0.25,SHORT,0.008567195,1.5,-0.375
2026-03-13,META,-0.0759206935763359,-0.25,SHORT,0.023263844,1.5,-0.375
2026-03-16,AAPL,-0.0146361887454986,0.25,LONG,0.005577021,1.5,0.375
2026-03-16,NVDA,-0.0296502858400344,0.25,LONG,-0.0070408294,1.5,0.375
2026-03-16,AVGO,-0.0699564293026924,-0.25,SHORT,-0.01111049,1.5,-0.375
2026-03-16,META,-0.0760957151651382,-0.25,SHORT,-0.007634104,1.5,-0.375
2026-03-17,AAPL,-0.014579564332962,0.25,LONG,-0.016874447,1.5,0.375
2026-03-17,NVDA,-0.0305930227041244,0.25,LONG,-0.008409794,1.5,0.375
2026-03-17,AVGO,-0.070023663341999,-0.25,SHORT,-0.016743971,1.5,-0.375
2026-03-17,META,-0.0743657425045967,-0.25,SHORT,-0.011209928,1.5,-0.375
2026-03-18,AAPL,-0.0109129250049591,0.25,LONG,-0.0039208876,1.5,0.375
2026-03-18,NVDA,-0.0266100466251373,0.25,LONG,-0.010199537,1.5,0.375
2026-03-18,AVGO,-0.0663515254855156,-0.25,SHORT,0.012376194,1.5,-0.375
2026-03-18,META,-0.0694777816534042,-0.25,SHORT,-0.01458549,1.5,-0.375
2026-03-19,AAPL,-0.0120632946491241,0.25,LONG,-0.003896289,1.5,0.375
2026-03-19,NVDA,-0.0252192020416259,0.25,LONG,-0.032818176,1.5,0.375
2026-03-19,AVGO,-0.0646564364433288,-0.25,SHORT,-0.029170798,1.5,-0.375
2026-03-19,META,-0.0665194243192672,-0.25,SHORT,-0.021493372,1.5,-0.375
2026-03-20,AAPL,-0.0054334998130798,0.25,LONG,0.01411351,1.5,0.375
2026-03-20,NVDA,-0.015290081501007,0.25,LONG,0.017023792,1.5,0.375
2026-03-20,TSLA,-0.0554963052272796,-0.25,SHORT,0.03503102,1.5,-0.375
2026-03-20,META,-0.05966717004776,-0.25,SHORT,0.017518463,1.5,-0.375
2026-03-23,AAPL,-0.0104142725467681,0.25,LONG,0.00059639115,1.5,0.375
2026-03-23,NVDA,-0.0157607495784759,0.25,LONG,-0.0025051173,1.5,0.375
2026-03-23,TSLA,-0.0561560094356536,-0.25,SHORT,0.005724019,1.5,-0.375
2026-03-23,META,-0.0604236125946044,-0.25,SHORT,-0.0184419,1.5,-0.375
2026-03-24,AAPL,-0.0117583572864532,0.25,LONG,0.0038944604,1.5,0.375
2026-03-24,NVDA,-0.0128969550132751,0.25,LONG,0.019863,1.5,0.375
2026-03-24,TSLA,-0.0575498640537261,-0.25,SHORT,0.0076234587,1.5,-0.375
2026-03-24,META,-0.0591377764940261,-0.25,SHORT,0.0033225813,1.5,-0.375
2026-03-25,NVDA,-0.0148872584104537,0.25,LONG,-0.04163861,1.5,0.375
2026-03-25,AAPL,-0.0168015956878662,0.25,LONG,0.0010688475,1.5,0.375
2026-03-25,META,-0.0587335526943206,-0.25,SHORT,-0.07959464,1.5,-0.375
2026-03-25,TSLA,-0.0593891441822052,-0.25,SHORT,-0.035859637,1.5,-0.375
2026-03-26,NVDA,-0.0089330971240997,0.25,LONG,-0.02172399,1.5,0.375
2026-03-26,AAPL,-0.0175630152225494,0.25,LONG,-0.016173054,1.5,0.375
2026-03-26,JPM,-0.055916354060173,-0.25,SHORT,-0.030240623,1.5,-0.375
2026-03-26,TSLA,-0.0571739971637725,-0.25,SHORT,-0.027626237,1.5,-0.375
2026-03-27,NVDA,-0.0021513551473617,0.25,LONG,-0.014028142,1.5,0.375
2026-03-27,AAPL,-0.0174975097179412,0.25,LONG,-0.008721878,1.5,0.375
2026-03-27,TSLA,-0.052485242486,-0.25,SHORT,-0.01810239,1.5,-0.375
2026-03-27,JPM,-0.054076999425888,-0.25,SHORT,0.0032880667,1.5,-0.375
2026-03-30,NVDA,0.001540333032608,0.25,LONG,0.05588184,1.5,0.375
2026-03-30,GOOGL,-0.0154503881931304,0.25,LONG,0.051407646,1.5,0.375
2026-03-30,TSLA,-0.0501016974449157,-0.25,SHORT,0.046357807,1.5,-0.375
2026-03-30,JPM,-0.0533807575702667,-0.25,SHORT,0.03661417,1.5,-0.375
2026-03-31,NVDA,-0.009479746222496,0.25,LONG,0.0077408403,1.5,0.375
2026-03-31,GOOGL,-0.0201955437660217,0.25,LONG,0.034184236,1.5,0.375
2026-03-31,TSLA,-0.0545776188373565,-0.25,SHORT,0.025581734,1.5,-0.375
2026-03-31,JPM,-0.0573909431695938,-0.25,SHORT,0.0041473988,1.5,-0.375
2026-04-01,NVDA,-0.0148826241493225,0.25,LONG,0.009331356,1.5,0.375
2026-04-01,GOOGL,-0.0276612043380737,0.25,LONG,-0.0054474543,1.5,0.375
2026-04-01,TSLA,-0.0579777956008911,-0.25,SHORT,-0.054215007,1.5,-0.375
2026-04-01,JPM,-0.0608626306056976,-0.25,SHORT,-0.0026406809,1.5,-0.375
2026-04-02,NVDA,-0.0203560888767242,0.25,LONG,0.0014093556,1.5,0.375
2026-04-02,GOOGL,-0.0329268276691436,0.25,LONG,0.014267777,1.5,0.375
2026-04-02,TSLA,-0.0560208261013031,-0.25,SHORT,-0.021547988,1.5,-0.375
2026-04-02,JPM,-0.0630367249250412,-0.25,SHORT,0.008017799,1.5,-0.375
2026-04-06,NVDA,-0.024879828095436,0.25,LONG,0.0025895233,1.5,0.375
2026-04-06,GOOGL,-0.036232590675354,0.25,LONG,0.018233953,1.5,0.375
2026-04-06,META,-0.0579652041196823,-0.25,SHORT,0.0035425564,1.5,-0.375
2026-04-06,JPM,-0.0633482784032821,-0.25,SHORT,0.0066000973,1.5,-0.375
2026-04-07,NVDA,-0.0259988754987716,0.25,LONG,0.022347044,1.5,0.375
2026-04-07,AAPL,-0.0355372428894043,0.25,LONG,0.021301838,1.5,0.375
2026-04-07,META,-0.0594594925642013,-0.25,SHORT,0.06498564,1.5,-0.375
2026-04-07,JPM,-0.0638153553009033,-0.25,SHORT,0.03554131,1.5,-0.375
2026-04-08,NVDA,-0.0338198393583297,0.25,LONG,0.010050496,1.5,0.375
2026-04-08,MSFT,-0.0396254658699035,0.25,LONG,-0.003365929,1.5,0.375
2026-04-08,AVGO,-0.0601819157600402,-0.25,SHORT,0.012206562,1.5,-0.375
2026-04-08,JPM,-0.066008485853672,-0.25,SHORT,0.007663018,1.5,-0.375
2026-04-09,NVDA,-0.0383356809616088,0.25,LONG,0.025664771,1.5,0.375
2026-04-09,MSFT,-0.0430081188678741,0.25,LONG,-0.005897046,1.5,0.375
2026-04-09,META,-0.0650601238012313,-0.25,SHORT,0.0023391969,1.5,-0.375
2026-04-09,JPM,-0.0686871856451034,-0.25,SHORT,-0.001482226,1.5,-0.375
2026-04-10,NVDA,-0.0417053699493408,0.25,LONG,0.003604872,1.5,0.375
2026-04-10,MSFT,-0.0460104048252105,0.25,LONG,0.036400847,1.5,0.375
2026-04-10,JPM,-0.070977583527565,-0.25,SHORT,0.012295461,1.5,-0.375
2026-04-10,META,-0.072464719414711,-0.25,SHORT,0.007414499,1.5,-0.375
2026-04-13,NVDA,-0.0450947880744934,0.25,LONG,0.03803285,1.5,0.375
2026-04-13,AAPL,-0.0485012084245681,0.25,LONG,-0.0014275206,1.5,0.375
2026-04-13,JPM,-0.073386326432228,-0.25,SHORT,-0.008161196,1.5,-0.375
2026-04-13,META,-0.0792193412780761,-0.25,SHORT,0.044063967,1.5,-0.375
2026-04-14,NVDA,-0.0467727929353714,0.25,LONG,0.012009626,1.5,0.375
2026-04-14,AAPL,-0.048137217760086,0.25,LONG,0.029362882,1.5,0.375
2026-04-14,JPM,-0.0752391070127487,-0.25,SHORT,-0.016681645,1.5,-0.375
2026-04-14,META,-0.0783727169036865,-0.25,SHORT,0.013721086,1.5,-0.375
2026-04-15,NVDA,-0.0463207960128784,0.25,LONG,-0.0026147733,1.5,0.375
2026-04-15,AAPL,-0.0493092387914657,0.25,LONG,-0.011372574,1.5,0.375
2026-04-15,JPM,-0.0766965150833129,-0.25,SHORT,0.013140301,1.5,-0.375
2026-04-15,META,-0.0819695368409156,-0.25,SHORT,0.007876846,1.5,-0.375
2026-04-16,NVDA,-0.0472838431596756,0.25,LONG,0.016788414,1.5,0.375
2026-04-16,AAPL,-0.0504657328128814,0.25,LONG,0.025930172,1.5,0.375
2026-04-16,JPM,-0.0771480947732925,-0.25,SHORT,0.0010969357,1.5,-0.375
2026-04-16,META,-0.0839684158563613,-0.25,SHORT,0.017255906,1.5,-0.375
2026-04-17,NVDA,-0.0477984547615051,0.25,LONG,0.0018841818,1.5,0.375
2026-04-17,AAPL,-0.0506225824356079,0.25,LONG,0.010435425,1.5,0.375
2026-04-17,JPM,-0.077709823846817,-0.25,SHORT,0.021592703,1.5,-0.375
2026-04-17,META,-0.082409456372261,-0.25,SHORT,-0.025619043,1.5,-0.375
2026-04-20,NVDA,-0.0491087585687637,0.25,LONG,-0.010788749,1.5,0.375
2026-04-20,AAPL,-0.0520080029964447,0.25,LONG,-0.025196714,1.5,0.375
2026-04-20,JPM,-0.0795314162969589,-0.25,SHORT,-0.012587151,1.5,-0.375
2026-04-20,META,-0.0864177644252777,-0.25,SHORT,-0.0030853183,1.5,-0.375
2026-04-21,NVDA,-0.0512237548828125,0.25,LONG,0.013107807,1.5,0.375
2026-04-21,AAPL,-0.0514683127403259,0.25,LONG,0.02629905,1.5,0.375
2026-04-21,JPM,-0.0803917571902275,-0.25,SHORT,6.385654e-05,1.5,-0.375
2026-04-21,META,-0.0894157290458679,-0.25,SHORT,0.008791274,1.5,-0.375
2026-04-22,AAPL,-0.0534380376338958,0.25,LONG,0.00095161994,1.5,0.375
2026-04-22,NVDA,-0.053531676530838,0.25,LONG,-0.014123494,1.5,0.375
2026-04-22,AVGO,-0.079012893140316,-0.25,SHORT,-0.0064118556,1.5,-0.375
2026-04-22,META,-0.0916842743754386,-0.25,SHORT,-0.023076179,1.5,-0.375
2026-04-23,AAPL,-0.0545895397663116,0.25,LONG,-0.008667687,1.5,0.375
2026-04-23,NVDA,-0.054847702383995,0.25,LONG,0.04322782,1.5,0.375
2026-04-23,AVGO,-0.0917636305093765,-0.25,SHORT,0.0067152637,1.5,-0.375
2026-04-23,META,-0.0966699719429016,-0.25,SHORT,0.024091631,1.5,-0.375
2026-04-24,NVDA,-0.0541547685861587,0.25,LONG,0.040044192,1.5,0.375
2026-04-24,AAPL,-0.0555063784122467,0.25,LONG,-0.012727786,1.5,0.375
2026-04-24,AVGO,-0.1025564819574356,-0.25,SHORT,-0.010786263,1.5,-0.375
2026-04-24,META,-0.1060664132237434,-0.25,SHORT,0.0053182733,1.5,-0.375
2026-04-27,NVDA,-0.0536301732063293,0.25,LONG,-0.015881097,1.5,0.375
2026-04-27,AAPL,-0.0552886575460433,0.25,LONG,0.01158404,1.5,0.375
2026-04-27,AVGO,-0.11163080483675,-0.25,SHORT,-0.043926425,1.5,-0.375
2026-04-27,META,-0.1173290759325027,-0.25,SHORT,-0.010727646,1.5,-0.375
2026-04-28,AAPL,-0.0536772161722183,0.25,LONG,-0.001994732,1.5,0.375
2026-04-28,NVDA,-0.053695410490036,0.25,LONG,-0.018389061,1.5,0.375
2026-04-28,AVGO,-0.1233928054571151,-0.25,SHORT,0.014056038,1.5,-0.375
2026-04-28,META,-0.1255581229925155,-0.25,SHORT,-0.0033068373,1.5,-0.375
2026-04-29,AAPL,-0.0507802069187164,0.25,LONG,0.004367693,1.5,0.375
2026-04-29,NVDA,-0.0560455173254013,0.25,LONG,-0.0462604,1.5,0.375
2026-04-29,META,-0.1248469054698944,-0.25,SHORT,-0.08550038,1.5,-0.375
2026-04-29,AVGO,-0.1295160353183746,-0.25,SHORT,0.029547391,1.5,-0.375
2026-04-30,AAPL,-0.0442714989185333,0.25,LONG,0.032393627,1.5,0.375
2026-04-30,NVDA,-0.0565959066152572,0.25,LONG,-0.005612148,1.5,0.375
2026-04-30,META,-0.1127880662679672,-0.25,SHORT,-0.0051641082,1.5,-0.375
2026-04-30,AVGO,-0.1391839981079101,-0.25,SHORT,0.00922307,1.5,-0.375
2026-05-01,AAPL,-0.0437754392623901,0.25,LONG,-0.011815752,1.5,0.375
2026-05-01,NVDA,-0.0589427649974823,0.25,LONG,0.00015112563,1.5,0.375
2026-05-01,META,-0.1060234904289245,-0.25,SHORT,0.0027268736,1.5,-0.375
2026-05-01,AVGO,-0.141933724284172,-0.25,SHORT,-0.011346335,1.5,-0.375
2026-05-04,AAPL,-0.0410553961992263,0.25,LONG,0.02655073,1.5,0.375
2026-05-04,NVDA,-0.0560239851474761,0.25,LONG,-0.00997579,1.5,0.375
2026-05-04,META,-0.0997080504894256,-0.25,SHORT,-0.0089284135,1.5,-0.375
2026-05-04,AVGO,-0.1422222554683685,-0.25,SHORT,0.026074419,1.5,-0.375
2026-05-05,AAPL,-0.0421558916568756,0.25,LONG,0.011718026,1.5,0.375
2026-05-05,NVDA,-0.0560168772935867,0.25,LONG,0.05765907,1.5,0.375
2026-05-05,META,-0.0971029102802276,-0.25,SHORT,0.013091762,1.5,-0.375
2026-05-05,AVGO,-0.1397172063589096,-0.25,SHORT,-0.004492689,1.5,-0.375
2026-05-06,AAPL,-0.0429014265537261,0.25,LONG,-0.00024350444,1.5,0.375
2026-05-06,NVDA,-0.0528896003961563,0.25,LONG,0.017658692,1.5,0.375
2026-05-06,GOOGL,-0.0943367332220077,-0.25,SHORT,-0.00012566386,1.5,-0.375
2026-05-06,AVGO,-0.1265057027339935,-0.25,SHORT,-0.030274544,1.5,-0.375
2026-05-07,NVDA,-0.0441468060016632,0.25,LONG,0.017494075,1.5,0.375
2026-05-07,AAPL,-0.0444366484880447,0.25,LONG,0.020456377,1.5,0.375
2026-05-07,GOOGL,-0.101710595190525,-0.25,SHORT,0.007060479,1.5,-0.375
2026-05-07,AVGO,-0.1136718541383743,-0.25,SHORT,0.042272646,1.5,-0.375
2026-05-08,NVDA,-0.0403457880020141,0.25,LONG,0.019702606,1.5,0.375
2026-05-08,AAPL,-0.0466277748346328,0.25,LONG,-0.0012626131,1.5,0.375
2026-05-08,AVGO,-0.1049379110336303,-0.25,SHORT,-0.0036512008,1.5,-0.375
2026-05-08,GOOGL,-0.1103335097432136,-0.25,SHORT,-0.030339304,1.5,-0.375
2026-05-11,MSFT,-0.0388385504484176,0.25,LONG,-0.011849965,1.5,0.375
2026-05-11,NVDA,-0.0394702851772308,0.25,LONG,0.006106455,1.5,0.375
2026-05-11,XOM,-0.097480222582817,-0.25,SHORT,0.006346912,1.5,-0.375
2026-05-11,GOOGL,-0.1197283118963241,-0.25,SHORT,-0.0033192397,1.5,-0.375
2026-05-12,MSFT,-0.0287335515022277,0.25,LONG,-0.006278011,1.5,0.375
2026-05-12,NVDA,-0.0393744558095932,0.25,LONG,0.022873446,1.5,0.375
2026-05-12,TSLA,-0.0995103865861892,-0.25,SHORT,0.027269527,1.5,-0.375
2026-05-12,GOOGL,-0.1236561089754104,-0.25,SHORT,0.039421674,1.5,-0.375
2026-05-13,MSFT,-0.0199724733829498,0.25,LONG,0.010414365,1.5,0.375
2026-05-13,NVDA,-0.0420133769512176,0.25,LONG,0.04388259,1.5,0.375
2026-05-13,TSLA,-0.100813090801239,-0.25,SHORT,-0.0044242847,1.5,-0.375
2026-05-13,GOOGL,-0.1263833343982696,-0.25,SHORT,-0.0038497478,1.5,-0.375
2026-05-14,MSFT,-0.0140266716480255,0.25,LONG,0.030505791,1.5,0.375
2026-05-14,JPM,-0.0409940183162689,0.25,LONG,-0.007002183,1.5,0.375
2026-05-14,TSLA,-0.1027894765138626,-0.25,SHORT,-0.047507327,1.5,-0.375
2026-05-14,GOOGL,-0.1185233891010284,-0.25,SHORT,-0.01069642,1.5,-0.375
2026-05-15,MSFT,-0.0112424343824386,0.25,LONG,0.00383967,1.5,0.375
2026-05-15,JPM,-0.0370509922504425,0.25,LONG,0.009804966,1.5,0.375
2026-05-15,TSLA,-0.1105270385742187,-0.25,SHORT,-0.029011937,1.5,-0.375
2026-05-15,GOOGL,-0.1111309602856636,-0.25,SHORT,0.00040329352,1.5,-0.375
2026-05-18,MSFT,-0.0142949223518371,0.25,LONG,-0.014449656,1.5,0.375
2026-05-18,AMZN,-0.0331141948699951,0.25,LONG,-0.020841159,1.5,0.375
2026-05-18,GOOGL,-0.1016976535320282,-0.25,SHORT,-0.023378901,1.5,-0.375
2026-05-18,TSLA,-0.1157004386186599,-0.25,SHORT,-0.014341826,1.5,-0.375
2026-05-19,MSFT,-0.0157584846019744,0.25,LONG,0.008720152,1.5,0.375
2026-05-19,AMZN,-0.0269509106874465,0.25,LONG,0.021863243,1.5,0.375
2026-05-19,GOOGL,-0.0892384201288223,-0.25,SHORT,0.003224534,1.5,-0.375
2026-05-19,TSLA,-0.1219250559806823,-0.25,SHORT,0.032540705,1.5,-0.375
2026-05-20,MSFT,-0.0194420218467712,0.25,LONG,-0.002522922,1.5,0.375
2026-05-20,AMZN,-0.0240232199430465,0.25,LONG,0.013018307,1.5,0.375
2026-05-20,GOOGL,-0.0783687904477119,-0.25,SHORT,-0.0032141698,1.5,-0.375
2026-05-20,TSLA,-0.1280399858951568,-0.25,SHORT,0.0014139777,1.5,-0.375
2026-05-21,MSFT,-0.0211550593376159,0.25,LONG,-0.0012406857,1.5,0.375
2026-05-21,AMZN,-0.022212266921997,0.25,LONG,-0.007971333,1.5,0.375
2026-05-21,XOM,-0.0714624300599098,-0.25,SHORT,-0.0023826074,1.5,-0.375
2026-05-21,TSLA,-0.1300004422664642,-0.25,SHORT,0.019528547,1.5,-0.375
2026-05-22,AMZN,-0.0192122161388397,0.25,LONG,-0.003867523,1.5,0.375
2026-05-22,AVGO,-0.0217489004135131,0.25,LONG,0.01900326,1.5,0.375
2026-05-22,XOM,-0.0727099180221557,-0.25,SHORT,-0.03298482,1.5,-0.375
2026-05-22,TSLA,-0.1257975101470947,-0.25,SHORT,0.017792977,1.5,-0.375
2026-05-26,AVGO,-0.0158670246601104,0.25,LONG,-0.0003555553,1.5,0.375
2026-05-26,AMZN,-0.0177927613258361,0.25,LONG,0.024727646,1.5,0.375
2026-05-26,XOM,-0.0816107839345932,-0.25,SHORT,-0.012749436,1.5,-0.375
2026-05-26,TSLA,-0.1145139187574386,-0.25,SHORT,0.015613804,1.5,-0.375
2026-05-27,AVGO,-0.0165411531925201,0.25,LONG,0.011188579,1.5,0.375
2026-05-27,AMZN,-0.0197749882936477,0.25,LONG,0.00790875,1.5,0.375
2026-05-27,XOM,-0.0902398824691772,-0.25,SHORT,-0.0063555925,1.5,-0.375
2026-05-27,TSLA,-0.1092881262302398,-0.25,SHORT,0.00395136,1.5,-0.375
2026-05-28,AVGO,-0.0179025679826736,0.25,LONG,0.047329962,1.5,0.375
2026-05-28,AMZN,-0.0188324749469757,0.25,LONG,-0.012262721,1.5,0.375
2026-05-28,XOM,-0.0934807956218719,-0.25,SHORT,-0.011567832,1.5,-0.375
2026-05-28,TSLA,-0.1046961918473243,-0.25,SHORT,-0.014272783,1.5,-0.375
2026-05-29,NVDA,-0.0087669044733047,0.25,LONG,0.062612474,1.5,0.375
2026-05-29,GOOGL,-0.0107499957084655,0.25,LONG,-0.010437966,1.5,0.375
2026-05-29,XOM,-0.0969617962837219,-0.25,SHORT,0.028363017,1.5,-0.375
2026-05-29,TSLA,-0.1014753878116607,-0.25,SHORT,-0.04568715,1.5,-0.375
2026-06-01,GOOGL,-0.0028934776782989,0.25,LONG,-0.038579065,1.5,0.375
2026-06-01,NVDA,-0.0081848055124282,0.25,LONG,-0.006864018,1.5,0.375
2026-06-01,TSLA,-0.0955332964658737,-0.25,SHORT,0.018899648,1.5,-0.375
2026-06-01,XOM,-0.0979283303022384,-0.25,SHORT,0.0012049201,1.5,-0.375
2026-06-02,GOOGL,0.0070571303367614,0.25,LONG,-0.00790388,1.5,0.375
2026-06-02,NVDA,-0.0051766335964202,0.25,LONG,-0.036217548,1.5,0.375
2026-06-02,XOM,-0.0928533673286438,-0.25,SHORT,0.019858282,1.5,-0.375
2026-06-02,TSLA,-0.0929826498031616,-0.25,SHORT,-9.4345654e-05,1.5,-0.375
2026-06-03,GOOGL,0.0169529765844345,0.25,LONG,0.036769938,1.4112246782593034,0.35280616956482586
2026-06-03,NVDA,-0.0048315227031707,0.25,LONG,0.019393936,1.4112246782593034,0.35280616956482586
2026-06-03,XOM,-0.0887735038995742,-0.25,SHORT,-0.003212579,1.4112246782593034,-0.35280616956482586
2026-06-03,TSLA,-0.0891271531581878,-0.25,SHORT,-0.012390843,1.4112246782593034,-0.35280616956482586
2026-06-04,GOOGL,0.0182889401912689,0.25,LONG,-0.009833745,1.3914693121147266,0.34786732802868164
2026-06-04,NVDA,-0.0059470832347869,0.25,LONG,-0.06201409,1.3914693121147266,0.34786732802868164
2026-06-04,META,-0.0833771377801895,-0.25,SHORT,-0.055085447,1.3914693121147266,-0.34786732802868164
2026-06-04,XOM,-0.0856949836015701,-0.25,SHORT,-0.013943652,1.3914693121147266,-0.34786732802868164
2026-06-05,GOOGL,0.0255659073591232,0.25,LONG,-0.013575541,1.4033339032480487,0.3508334758120122
2026-06-05,NVDA,0.0038695931434631,0.25,LONG,0.017259864,1.4033339032480487,0.3508334758120122
2026-06-05,META,-0.0760490596294403,-0.25,SHORT,-0.012833074,1.4033339032480487,-0.3508334758120122
2026-06-05,XOM,-0.0843175649642944,-0.25,SHORT,0.012206479,1.4033339032480487,-0.3508334758120122
2026-06-08,GOOGL,0.0196272432804107,0.25,LONG,0.0026148802,1.4142080586921775,0.35355201467304437
2026-06-08,NVDA,-0.0031995177268981,0.25,LONG,-0.0021568078,1.4142080586921775,0.35355201467304437
2026-06-08,META,-0.0775538608431816,-0.25,SHORT,-0.0013666037,1.4142080586921775,-0.35355201467304437
2026-06-08,XOM,-0.0813765376806259,-0.25,SHORT,-0.018714909,1.4142080586921775,-0.35355201467304437
2026-06-09,GOOGL,0.0191573798656463,0.25,LONG,-0.0216329,1.4409563582496676,0.3602390895624169
2026-06-09,AAPL,-0.0026147365570068,0.25,LONG,0.0035450056,1.4409563582496676,0.3602390895624169
2026-06-09,META,-0.0771900564432144,-0.25,SHORT,-0.023281299,1.4409563582496676,-0.3602390895624169
2026-06-09,XOM,-0.085664190351963,-0.25,SHORT,0.011483386,1.4409563582496676,-0.3602390895624169
2026-06-10,GOOGL,0.0192140936851501,0.25,LONG,0.0039002227,1.4430819472159204,0.3607704868039801
2026-06-10,AAPL,0.0058145821094512,0.25,LONG,0.013889837,1.4430819472159204,0.3607704868039801
2026-06-10,META,-0.072432555258274,-0.25,SHORT,-0.0044660578,1.4430819472159204,-0.3607704868039801
2026-06-10,XOM,-0.0860222429037094,-0.25,SHORT,-0.026689602,1.4430819472159204,-0.3607704868039801
2026-06-11,GOOGL,0.0145161151885986,0.25,LONG,0.0053386535,1.5,0.375
2026-06-11,AAPL,0.0076145976781845,0.25,LONG,-0.015221634,1.5,0.375
2026-06-11,JPM,-0.0707010328769683,-0.25,SHORT,0.02306302,1.5,-0.375
2026-06-11,XOM,-0.0898153930902481,-0.25,SHORT,0.002796632,1.5,-0.375
2026-06-12,AAPL,0.0107833743095397,0.25,LONG,0.01817054,1.5,0.375
2026-06-12,GOOGL,0.0078161805868148,0.25,LONG,0.026885094,1.5,0.375
2026-06-12,JPM,-0.074868157505989,-0.25,SHORT,-0.0041157603,1.5,-0.375
2026-06-12,XOM,-0.0908745974302291,-0.25,SHORT,-0.041425698,1.5,-0.375
2026-06-15,AAPL,0.0115748941898345,0.25,LONG,0.009513514,1.473832970226675,0.36845824255666876
2026-06-15,GOOGL,-0.0009838640689849,0.25,LONG,0.010559081,1.473832970226675,0.36845824255666876
2026-06-15,JPM,-0.0784594416618347,-0.25,SHORT,0.03675641,1.473832970226675,-0.36845824255666876
2026-06-15,XOM,-0.0947284400463104,-0.25,SHORT,0.0066703954,1.473832970226675,-0.36845824255666876
2026-06-16,AAPL,0.0129216313362121,0.25,LONG,-0.010994538,1.4642789832603758,0.36606974581509394
2026-06-16,MSFT,-0.0004869550466537,0.25,LONG,-0.037884373,1.4642789832603758,0.36606974581509394
2026-06-16,JPM,-0.0802288278937339,-0.25,SHORT,0.0070060235,1.4642789832603758,-0.36606974581509394
2026-06-16,XOM,-0.0938206762075424,-0.25,SHORT,-0.007895097,1.4642789832603758,-0.36606974581509394
2026-06-17,AAPL,0.0161588042974472,0.25,LONG,0.0069606444,1.3999355778221263,0.3499838944555316
2026-06-17,MSFT,0.0078654587268829,0.25,LONG,0.001293171,1.3999355778221263,0.3499838944555316
2026-06-17,JPM,-0.0823743045330047,-0.25,SHORT,-0.024710573,1.3999355778221263,-0.3499838944555316
2026-06-17,XOM,-0.0908149406313896,-0.25,SHORT,-0.020818518,1.3999355778221263,-0.3499838944555316
2026-06-18,AAPL,0.0144214928150177,0.25,LONG,-0.0033555138,1.3706789331556262,0.34266973328890654
2026-06-18,MSFT,0.0110907405614852,0.25,LONG,-0.03178699,1.3706789331556262,0.34266973328890654
2026-06-18,JPM,-0.0835059732198715,-0.25,SHORT,0.019248534,1.3706789331556262,-0.34266973328890654
2026-06-18,XOM,-0.0931627750396728,-0.25,SHORT,0.0047892598,1.3706789331556262,-0.34266973328890654
2026-06-22,MSFT,0.0142619311809539,0.25,LONG,0.017966969,1.2958553979010647,0.3239638494752662
2026-06-22,AAPL,0.0140783786773681,0.25,LONG,-0.009124399,1.2958553979010647,0.3239638494752662
2026-06-22,JPM,-0.0834792330861091,-0.25,SHORT,0.008024619,1.2958553979010647,-0.3239638494752662
2026-06-22,XOM,-0.0918901115655899,-0.25,SHORT,0.00909932,1.2958553979010647,-0.3239638494752662
2026-06-23,AAPL,0.0155368894338607,0.25,LONG,-0.0041454807,1.3095816002081315,0.3273954000520329
2026-06-23,MSFT,0.0126861631870269,0.25,LONG,-0.022677392,1.3095816002081315,0.3273954000520329
2026-06-23,JPM,-0.0837529525160789,-0.25,SHORT,-0.002064955,1.3095816002081315,-0.3273954000520329
2026-06-23,XOM,-0.0847529619932174,-0.25,SHORT,-0.020253273,1.3095816002081315,-0.3273954000520329
2026-06-24,AAPL,0.0116583108901977,0.25,LONG,-0.06117774,1.3145407053485771,0.3286351763371443
2026-06-24,MSFT,0.0052234977483749,0.25,LONG,-0.03455925,1.3145407053485771,0.3286351763371443
2026-06-24,XOM,-0.0824203342199325,-0.25,SHORT,0.004747953,1.3145407053485771,-0.3286351763371443
2026-06-24,JPM,-0.0840186402201652,-0.25,SHORT,0.0050081415,1.3145407053485771,-0.3286351763371443
2026-06-25,AAPL,0.0114321410655975,0.25,LONG,0.03136469,1.1672001968300334,0.29180004920750835
2026-06-25,MSFT,0.0008961558341979,0.25,LONG,0.05708136,1.1672001968300334,0.29180004920750835
2026-06-25,XOM,-0.0802660882472992,-0.25,SHORT,-0.007342838,1.1672001968300334,-0.29180004920750835
2026-06-25,JPM,-0.0865741223096847,-0.25,SHORT,-0.018112939,1.1672001968300334,-0.29180004920750835
2026-06-26,AAPL,0.0130819082260131,0.25,LONG,-0.0071886545,1.058808645493961,0.26470216137349023
2026-06-26,NVDA,-0.0058788955211639,0.25,LONG,0.012673341,1.058808645493961,0.26470216137349023
2026-06-26,XOM,-0.0817705392837524,-0.25,SHORT,-0.0035153525,1.058808645493961,-0.26470216137349023
2026-06-26,JPM,-0.0894881263375282,-0.25,SHORT,0.0010333564,1.058808645493961,-0.26470216137349023
2026-06-29,AAPL,0.0091684162616729,0.25,LONG,0.027046213,1.084916630113255,0.2712291575283137
2026-06-29,NVDA,-0.0066209286451339,0.25,LONG,0.02626043,1.084916630113255,0.2712291575283137
2026-06-29,XOM,-0.080889880657196,-0.25,SHORT,0.004850746,1.084916630113255,-0.2712291575283137
2026-06-29,JPM,-0.0867884755134582,-0.25,SHORT,-0.006254045,1.084916630113255,-0.2712291575283137
2026-06-30,AAPL,0.004251092672348,0.25,LONG,0.017348673,1.10015065759522,0.275037664398805
2026-06-30,NVDA,-0.0073239803314208,0.25,LONG,-0.012544317,1.10015065759522,0.275037664398805
2026-06-30,JPM,-0.085379734635353,-0.25,SHORT,0.02059095,1.10015065759522,-0.275037664398805
2026-06-30,XOM,-0.0889060720801353,-0.25,SHORT,-0.0032182198,1.10015065759522,-0.275037664398805
2026-07-01,AAPL,-0.0011740624904632,0.25,LONG,0.048406754,1.1422667795773636,0.2855666948943409
2026-07-01,NVDA,-0.0061542093753814,0.25,LONG,-0.013918369,1.1422667795773636,0.2855666948943409
2026-07-01,JPM,-0.0849326327443122,-0.25,SHORT,0.0011973154,1.1422667795773636,-0.2855666948943409
2026-07-01,XOM,-0.0892608240246772,-0.25,SHORT,0.005943573,1.1422667795773636,-0.2855666948943409
2026-07-02,NVDA,-0.0052768141031265,0.25,LONG,0.0036955152,1.1909671644060968,0.2977417911015242
2026-07-02,AAPL,-0.0103838443756103,0.25,LONG,0.013057781,1.1909671644060968,0.2977417911015242
2026-07-02,JPM,-0.0796955376863479,-0.25,SHORT,0.014265549,1.1909671644060968,-0.2977417911015242
2026-07-02,XOM,-0.0899000912904739,-0.25,SHORT,-0.0047413725,1.1909671644060968,-0.2977417911015242
2026-07-06,NVDA,-0.0043696463108062,0.25,LONG,0.007056972,1.2396809766926218,0.30992024417315545
2026-07-06,AAPL,-0.020109087228775,0.25,LONG,-0.006396771,1.2396809766926218,0.30992024417315545
2026-07-06,TSLA,-0.0768540054559707,-0.25,SHORT,-0.040188663,1.2396809766926218,-0.30992024417315545
2026-07-06,XOM,-0.0920015424489975,-0.25,SHORT,0.038478512,1.2396809766926218,-0.30992024417315545
2026-07-07,NVDA,-0.0024232566356658,0.25,LONG,0.036510423,1.2405353595981723,0.3101338398995431
2026-07-07,AAPL,-0.0277619957923889,0.25,LONG,0.008787786,1.2405353595981723,0.3101338398995431
2026-07-07,TSLA,-0.0847323834896087,-0.25,SHORT,-0.021940919,1.2405353595981723,-0.3101338398995431
2026-07-07,XOM,-0.0900550037622451,-0.25,SHORT,-0.003952285,1.2405353595981723,-0.3101338398995431
2026-07-08,NVDA,-0.0087654739618301,0.25,LONG,-0.0065647596,1.193159244161075,0.29828981104026875
2026-07-08,AAPL,-0.0341401398181915,0.25,LONG,0.009030229,1.193159244161075,0.29828981104026875
2026-07-08,XOM,-0.0912383794784545,-0.25,SHORT,-0.026004419,1.193159244161075,-0.29828981104026875
2026-07-08,TSLA,-0.0912883207201957,-0.25,SHORT,0.031695656,1.193159244161075,-0.29828981104026875
2026-07-09,NVDA,-0.0169050097465515,0.25,LONG,0.04033934,1.1928874330630146,0.29822185826575365
2026-07-09,AAPL,-0.0411926954984664,0.25,LONG,-0.0028460438,1.1928874330630146,0.29822185826575365
2026-07-09,XOM,-0.0920213460922241,-0.25,SHORT,0.010330344,1.1928874330630146,-0.29822185826575365
2026-07-09,TSLA,-0.0992745459079742,-0.25,SHORT,0.002976318,1.1928874330630146,-0.29822185826575365
2026-07-10,NVDA,-0.0250399410724639,0.25,LONG,-0.03522,1.1931511395740626,0.29828778489351565
2026-07-10,AAPL,-0.0484801083803176,0.25,LONG,0.0063109393,1.1931511395740626,0.29828778489351565
2026-07-10,XOM,-0.0899354368448257,-0.25,SHORT,0.04053849,1.1931511395740626,-0.29828778489351565
2026-07-10,TSLA,-0.1070988625288009,-0.25,SHORT,-0.031881496,1.1931511395740626,-0.29828778489351565
2026-07-13,NVDA,-0.0276017636060714,0.25,LONG,0.04063291,1.188805717110371,0.29720142927759274
2026-07-13,AAPL,-0.051312118768692,0.25,LONG,-0.007721116,1.188805717110371,0.29720142927759274
2026-07-13,XOM,-0.0889336466789245,-0.25,SHORT,0.004013527,1.188805717110371,-0.29720142927759274
2026-07-13,TSLA,-0.1105571687221527,-0.25,SHORT,0.0035970788,1.188805717110371,-0.29720142927759274
2026-07-14,NVDA,-0.0344536155462265,0.25,LONG,0.0033049379,1.2062049266910815,0.30155123167277037
2026-07-14,JPM,-0.0538261234760284,0.25,LONG,0.011723844,1.2062049266910815,0.30155123167277037
2026-07-14,XOM,-0.0885621383786201,-0.25,SHORT,-0.0039974833,1.2062049266910815,-0.30155123167277037
2026-07-14,TSLA,-0.1078682839870452,-0.25,SHORT,-0.004341464,1.2062049266910815,-0.30155123167277037
2026-07-15,NVDA,-0.0409256666898727,0.25,LONG,-0.023999998,1.292684260108413,0.32317106502710324
2026-07-15,JPM,-0.053456500172615,0.25,LONG,-0.010838574,1.292684260108413,0.32317106502710324
2026-07-15,XOM,-0.0861963331699371,-0.25,SHORT,0.009964741,1.292684260108413,-0.32317106502710324
2026-07-15,TSLA,-0.1027177423238754,-0.25,SHORT,-0.008619363,1.292684260108413,-0.32317106502710324
2026-07-16,NVDA,-0.043208360671997,0.25,LONG,-0.022131147,1.2800410304364838,0.32001025760912094
2026-07-16,JPM,-0.0517725944519043,0.25,LONG,-0.0059740283,1.2800410304364838,0.32001025760912094
2026-07-16,META,-0.0885920748114585,-0.25,SHORT,-0.027883902,1.2800410304364838,-0.32001025760912094
2026-07-16,TSLA,-0.0974273830652237,-0.25,SHORT,-0.0261341,1.2800410304364838,-0.32001025760912094
2026-07-17,NVDA,-0.0408062636852264,0.25,LONG,0.0023174782,1.318066798299796,0.329516699574949
2026-07-17,JPM,-0.0505252480506897,0.25,LONG,-0.0065377043,1.318066798299796,0.329516699574949
2026-07-17,TSLA,-0.0938213914632797,-0.25,SHORT,-0.02959245,1.318066798299796,-0.329516699574949
2026-07-17,META,-0.1024346500635147,-0.25,SHORT,-0.0002477271,1.318066798299796,-0.329516699574949
2026-07-20,NVDA,-0.0439064502716064,0.25,LONG,0.019726438,1.3462225964966958,0.33655564912417396
2026-07-20,JPM,-0.0500855147838592,0.25,LONG,0.018768307,1.3462225964966958,0.33655564912417396
2026-07-20,TSLA,-0.0871647298336029,-0.25,SHORT,0.025326692,1.3462225964966958,-0.33655564912417396
2026-07-20,META,-0.1170974671840667,-0.25,SHORT,-0.0031585942,1.3462225964966958,-0.33655564912417396
2026-07-21,NVDA,-0.0477024316787719,0.25,LONG,0.023011291,1.4273305465831487,0.3568326366457872
2026-07-21,JPM,-0.0511529296636581,0.25,LONG,0.00863187,1.4273305465831487,0.3568326366457872
2026-07-21,TSLA,-0.0861347764730453,-0.25,SHORT,-0.012983884,1.4273305465831487,-0.3568326366457872
2026-07-21,META,-0.1281948387622833,-0.25,SHORT,-0.025846157,1.4273305465831487,-0.3568326366457872
2026-07-22,NVDA,-0.0490702837705612,0.25,LONG,-0.0155617,1.3749412718191132,0.3437353179547783
2026-07-22,JPM,-0.0520945638418197,0.25,LONG,0.0048534004,1.3749412718191132,0.3437353179547783
2026-07-22,TSLA,-0.0851102843880653,-0.25,SHORT,-0.14523678,1.3749412718191132,-0.3437353179547783
2026-07-22,META,-0.1393797397613525,-0.25,SHORT,-0.03359537,1.3749412718191132,-0.3437353179547783
2026-07-23,GOOGL,-0.0453177988529205,0.25,LONG,0.006452807,1.107035295443292,0.276758823860823
2026-07-23,NVDA,-0.0477820634841918,0.25,LONG,-0.00919713,1.107035295443292,0.276758823860823
2026-07-23,AVGO,-0.0787609964609146,-0.25,SHORT,-0.026881004,1.107035295443292,-0.276758823860823
2026-07-23,META,-0.1387946605682373,-0.25,SHORT,-0.018000286,1.107035295443292,-0.276758823860823
2026-07-24,GOOGL,-0.0403972864151001,0.25,LONG,0.02132981,1.306728770753644,0.326682192688411
2026-07-24,NVDA,-0.0466551184654235,0.25,LONG,-0.04994197,1.306728770753644,0.326682192688411
2026-07-24,AVGO,-0.077372670173645,-0.25,SHORT,0.0034038222,1.306728770753644,-0.326682192688411
2026-07-24,META,-0.1305737495422363,-0.25,SHORT,-0.0022177915,1.306728770753644,-0.326682192688411
2026-07-27,GOOGL,-0.0370378047227859,0.25,LONG,0.021894934,1.3746795687132682,0.34366989217831706
2026-07-27,NVDA,-0.0445351898670196,0.25,LONG,0.0025443707,1.3746795687132682,0.34366989217831706
2026-07-27,AVGO,-0.0780124068260192,-0.25,SHORT,-0.006027863,1.3746795687132682,-0.34366989217831706
2026-07-27,META,-0.1211094632744789,-0.25,SHORT,-0.0007746173,1.3746795687132682,-0.34366989217831706
2026-07-28,GOOGL,-0.0361727774143219,0.25,LONG,0.008989855,1.3784025998509977,0.3446006499627494
2026-07-28,NVDA,-0.0404935628175735,0.25,LONG,-0.035531174,1.3784025998509977,0.3446006499627494
2026-07-28,AVGO,-0.0789050906896591,-0.25,SHORT,-0.027801832,1.3784025998509977,-0.3446006499627494
2026-07-28,META,-0.110600858926773,-0.25,SHORT,-0.013144349,1.3784025998509977,-0.3446006499627494
2026-07-29,NVDA,-0.027301400899887,0.25,LONG,0.02647224,1.3937114167920839,0.34842785419802097
2026-07-29,GOOGL,-0.0317214131355285,0.25,LONG,-0.009058222,1.3937114167920839,0.34842785419802097
2026-07-29,AVGO,-0.0758216232061386,-0.25,SHORT,0.047310404,1.3937114167920839,-0.34842785419802097
2026-07-29,META,-0.0954706221818924,-0.25,SHORT,-0.079540916,1.3937114167920839,-0.34842785419802097
2026-07-30,NVDA,-0.029924914240837,0.25,LONG,0.029276103,1.4068781938203665,0.3517195484550916
2026-07-30,GOOGL,-0.0352502316236496,0.25,LONG,0.067344,1.4068781938203665,0.3517195484550916
2026-07-30,META,-0.0743827000260353,-0.25,SHORT,0.032799643,1.4068781938203665,-0.3517195484550916
2026-07-30,AVGO,-0.0824276208877563,-0.25,SHORT,0.0037128776,1.4068781938203665,-0.3517195484550916
2026-07-31,NVDA,-0.0314417779445648,0.25,LONG,0.029340006,1.386745857700688,0.346686464425172
2026-07-31,GOOGL,-0.0405063331127166,0.25,LONG,0.048802402,1.386745857700688,0.346686464425172
2026-07-31,XOM,-0.0694685280323028,-0.25,SHORT,-0.0024447262,1.386745857700688,-0.346686464425172
2026-07-31,AVGO,-0.0867486298084259,-0.25,SHORT,0.0075781243,1.386745857700688,-0.346686464425172
2026-08-03,AAPL,-0.0313895791769027,0.25,LONG,0.019642638,1.3619914515326887,0.3404978628831722
2026-08-03,NVDA,-0.0325942784547805,0.25,LONG,0.025648428,1.3619914515326887,0.3404978628831722
2026-08-03,XOM,-0.0721869170665741,-0.25,SHORT,-0.007093948,1.3619914515326887,-0.3404978628831722
2026-08-03,AVGO,-0.0873888880014419,-0.25,SHORT,0.06610915,1.3619914515326887,-0.3404978628831722
2026-08-04,AAPL,-0.0175514370203018,0.25,LONG,0.0052363365,1.342926240067429,0.3357315600168572
2026-08-04,NVDA,-0.0352034270763397,0.25,LONG,0.03434936,1.342926240067429,0.3357315600168572
2026-08-04,XOM,-0.0773134529590606,-0.25,SHORT,-0.01513385,1.342926240067429,-0.3357315600168572
2026-08-04,AVGO,-0.0862913876771926,-0.25,SHORT,0.0002869598,1.342926240067429,-0.3357315600168572
2026-08-05,AAPL,-0.0083283185958862,0.25,LONG,0.004533755,1.361165564897537,0.34029139122438423
2026-08-05,NVDA,-0.0379854440689086,0.25,LONG,-0.0010491442,1.361165564897537,0.34029139122438423
2026-08-05,AVGO,-0.0835768654942512,-0.25,SHORT,0.005474822,1.361165564897537,-0.34029139122438423
2026-08-05,XOM,-0.0857945904135704,-0.25,SHORT,0.021169938,1.361165564897537,-0.34029139122438423
2026-08-06,AAPL,-0.0021379590034484,0.25,LONG,0.002944791,1.3340691685637964,0.3335172921409491
2026-08-06,NVDA,-0.040668249130249,0.25,LONG,0.02269511,1.3340691685637964,0.3335172921409491
2026-08-06,AVGO,-0.0828516408801078,-0.25,SHORT,0.01709585,1.3340691685637964,-0.3335172921409491
2026-08-06,XOM,-0.089220643043518,-0.25,SHORT,-0.0116249155,1.3340691685637964,-0.3335172921409491
2026-08-07,AAPL,0.0020198076963424,0.25,LONG,-0.015332486,1.33332148769995,0.3333303719249875
2026-08-07,NVDA,-0.0448442697525024,0.25,LONG,-0.028621234,1.33332148769995,0.3333303719249875
2026-08-07,AVGO,-0.0831356793642044,-0.25,SHORT,-0.012530427,1.33332148769995,-0.3333303719249875
2026-08-07,XOM,-0.0950581356883049,-0.25,SHORT,0.04410611,1.33332148769995,-0.3333303719249875
2026-08-10,AAPL,0.0077812373638153,0.25,LONG,-0.010867469,1.243519443701114,0.3108798609252785
2026-08-10,NVDA,-0.0491286814212799,0.25,LONG,-0.00022982257,1.243519443701114,0.3108798609252785
2026-08-10,AVGO,-0.0867371261119842,-0.25,SHORT,-0.014962139,1.243519443701114,-0.3108798609252785
2026-08-10,XOM,-0.0966676175594329,-0.25,SHORT,6.2568324e-05,1.243519443701114,-0.3108798609252785
2026-08-11,AAPL,0.0125330090522766,0.25,LONG,-0.008723898,1.2375291536721704,0.3093822884180426
2026-08-11,JPM,-0.0493797212839126,0.25,LONG,0.008673031,1.2375291536721704,0.3093822884180426
2026-08-11,XOM,-0.095069944858551,-0.25,SHORT,-0.00031291816,1.2375291536721704,-0.3093822884180426
2026-08-11,MSFT,-0.0972769558429718,-0.25,SHORT,-0.022587871,1.2375291536721704,-0.3093822884180426
2026-08-12,AAPL,0.0165096223354339,0.25,LONG,0.009958676,1.2375044618555593,0.3093761154638898
2026-08-12,JPM,-0.0485385656356811,0.25,LONG,-0.0056684576,1.2375044618555593,0.3093761154638898
2026-08-12,AVGO,-0.1004192754626274,-0.25,SHORT,0.0042543435,1.2375044618555593,-0.3093761154638898
2026-08-12,MSFT,-0.120491474866867,-0.25,SHORT,0.009036842,1.2375044618555593,-0.3093761154638898
2026-08-13,AAPL,0.0186900198459625,0.25,LONG,0.0021947941,1.2718614784158226,0.31796536960395566
2026-08-13,JPM,-0.0464397370815277,0.25,LONG,-0.0007435461,1.2718614784158226,0.31796536960395566
2026-08-13,AVGO,-0.1065505743026733,-0.25,SHORT,-0.059427544,1.2718614784158226,-0.31796536960395566
2026-08-13,MSFT,-0.1254477649927139,-0.25,SHORT,-0.0029786162,1.2718614784158226,-0.31796536960395566
2026-08-14,AAPL,0.0179311037063598,0.25,LONG,-0.0011113534,1.2540361245755027,0.3135090311438757
2026-08-14,JPM,-0.0450611114501953,0.25,LONG,-0.0051813605,1.2540361245755027,0.3135090311438757
2026-08-14,AVGO,-0.1069527491927146,-0.25,SHORT,-0.0014249665,1.2540361245755027,-0.3135090311438757
2026-08-14,MSFT,-0.1278018653392791,-0.25,SHORT,-0.030379444,1.2540361245755027,-0.3135090311438757
2026-08-17,AAPL,0.0178187191486358,0.25,LONG,0.014529279,1.2540285338388704,0.3135071334597176
2026-08-17,JPM,-0.042469710111618,0.25,LONG,0.006344217,1.2540285338388704,0.3135071334597176
2026-08-17,AVGO,-0.1098663285374641,-0.25,SHORT,-0.031674422,1.2540285338388704,-0.3135071334597176
2026-08-17,MSFT,-0.1289055943489074,-0.25,SHORT,0.002664709,1.2540285338388704,-0.3135071334597176
2026-08-18,AAPL,0.014818400144577,0.25,LONG,0.021933323,1.2505131766336255,0.3126282941584064
2026-08-18,JPM,-0.040309727191925,0.25,LONG,-0.016489994,1.2505131766336255,0.3126282941584064
2026-08-18,AVGO,-0.1019865944981575,-0.25,SHORT,-0.046105236,1.2505131766336255,-0.3126282941584064
2026-08-18,MSFT,-0.1243875101208686,-0.25,SHORT,0.005564423,1.2505131766336255,-0.3126282941584064
2026-08-19,AAPL,0.0067757964134216,0.25,LONG,-0.017454153,1.2692963707980522,0.31732409269951306
2026-08-19,JPM,-0.0385442227125167,0.25,LONG,-0.015982818,1.2692963707980522,0.31732409269951306
2026-08-19,AVGO,-0.0931191444396972,-0.25,SHORT,0.004276064,1.2692963707980522,-0.31732409269951306
2026-08-19,MSFT,-0.1219571158289909,-0.25,SHORT,-0.0046545304,1.2692963707980522,-0.31732409269951306
2026-08-20,AAPL,0.0019906610250473,0.25,LONG,-0.0062639955,1.5,0.375
2026-08-20,JPM,-0.0340073108673095,0.25,LONG,8.53329e-05,1.5,0.375
2026-08-20,XOM,-0.0887647867202758,-0.25,SHORT,-0.006259364,1.5,-0.375
2026-08-20,MSFT,-0.1162039414048194,-0.25,SHORT,0.0043437523,1.5,-0.375
2026-08-21,AAPL,-0.0035136193037033,0.25,LONG,0.003200227,1.5,0.375
2026-08-21,JPM,-0.0316007286310195,0.25,LONG,0.013681177,1.5,0.375
2026-08-21,XOM,-0.0881172120571136,-0.25,SHORT,-0.006419948,1.5,-0.375
2026-08-21,MSFT,-0.1075963675975799,-0.25,SHORT,0.008422331,1.5,-0.375
2026-08-24,AAPL,-0.0071687996387481,0.25,LONG,-0.0014178078,1.5,0.375
2026-08-24,JPM,-0.0288317054510116,0.25,LONG,0.00084174017,1.5,0.375
2026-08-24,TSLA,-0.0907660499215126,-0.25,SHORT,0.003725427,1.5,-0.375
2026-08-24,MSFT,-0.0961223766207695,-0.25,SHORT,0.009029147,1.5,-0.375
2026-08-25,AAPL,-0.0121137797832489,0.25,LONG,0.011455367,1.5,0.375
2026-08-25,JPM,-0.0271750539541244,0.25,LONG,-0.0005326823,1.5,0.375
2026-08-25,TSLA,-0.0938677787780761,-0.25,SHORT,-0.012648088,1.5,-0.375
2026-08-25,XOM,-0.0967539101839065,-0.25,SHORT,-0.015251475,1.5,-0.375
2026-08-26,AAPL,-0.0157348662614822,0.25,LONG,0.0036049588,1.5,0.375
2026-08-26,AVGO,-0.0224518030881881,0.25,LONG,0.044855066,1.5,0.375
2026-08-26,TSLA,-0.0995315089821815,-0.25,SHORT,0.025996154,1.5,-0.375
2026-08-26,XOM,-0.1016568914055824,-0.25,SHORT,-0.011062646,1.5,-0.375
2026-08-27,AAPL,-0.020925685763359,0.25,LONG,0.01627575,1.5,0.375
2026-08-27,AVGO,-0.0229308009147644,0.25,LONG,-0.0074016256,1.5,0.375
2026-08-27,TSLA,-0.1006455942988395,-0.25,SHORT,-0.017079556,1.5,-0.375
2026-08-27,XOM,-0.1063525229692459,-0.25,SHORT,0.0017259286,1.5,-0.375
2026-08-28,AAPL,-0.0251606553792953,0.25,LONG,-0.008914626,1.5,0.375
2026-08-28,NVDA,-0.0254303961992263,0.25,LONG,0.0148471845,1.5,0.375
2026-08-28,TSLA,-0.1036700680851936,-0.25,SHORT,0.055053797,1.5,-0.375
2026-08-28,XOM,-0.1092998385429382,-0.25,SHORT,0.027056282,1.5,-0.375
2026-08-31,JPM,-0.0251009762287139,0.25,LONG,-0.003005384,1.5,0.375
2026-08-31,NVDA,-0.0260928571224212,0.25,LONG,-0.015128141,1.5,0.375
2026-08-31,TSLA,-0.104161188006401,-0.25,SHORT,-0.032232683,1.5,-0.375
2026-08-31,XOM,-0.1096042841672897,-0.25,SHORT,0.022367233,1.5,-0.375
2026-09-01,JPM,-0.0250315964221954,0.25,LONG,0.0035779376,1.5,0.375
2026-09-01,NVDA,-0.0260907113552093,0.25,LONG,0.032054793,1.5,0.375
2026-09-01,XOM,-0.1027974933385849,-0.25,SHORT,-0.0024309277,1.5,-0.375
2026-09-01,TSLA,-0.1075584441423416,-0.25,SHORT,0.0025836541,1.5,-0.375
2026-09-02,MSFT,-0.0253561437129974,0.25,LONG,0.026770234,1.5,0.375
2026-09-02,JPM,-0.0285072028636932,0.25,LONG,0.016394353,1.5,0.375
2026-09-02,XOM,-0.095552921295166,-0.25,SHORT,-0.011818381,1.5,-0.375
2026-09-02,TSLA,-0.1079801991581916,-0.25,SHORT,0.05422813,1.5,-0.375
2026-09-03,MSFT,-0.0220011174678802,0.25,LONG,-0.020426532,1.5,0.375
2026-09-03,JPM,-0.0331829190254211,0.25,LONG,-0.009445901,1.5,0.375
2026-09-03,XOM,-0.0923087745904922,-0.25,SHORT,-0.016891716,1.5,-0.375
2026-09-03,TSLA,-0.1092914193868637,-0.25,SHORT,-0.05922366,1.5,-0.375
2026-09-04,MSFT,-0.0174241065979003,0.25,LONG,-0.011506904,1.5,0.375
2026-09-04,JPM,-0.0354209244251251,0.25,LONG,-0.01430405,1.5,0.375
2026-09-04,XOM,-0.0930844694375991,-0.25,SHORT,0.007462234,1.5,-0.375
2026-09-04,TSLA,-0.1091005727648735,-0.25,SHORT,0.039765075,1.5,-0.375
2026-09-08,MSFT,-0.013394296169281,0.25,LONG,-0.0046563786,1.5,0.375
2026-09-08,JPM,-0.0364193022251129,0.25,LONG,0.0033944773,1.5,0.375
2026-09-08,XOM,-0.095506951212883,-0.25,SHORT,0.022220789,1.5,-0.375
2026-09-08,TSLA,-0.1131046861410141,-0.25,SHORT,-0.0009506902,1.5,-0.375
2026-09-09,MSFT,-0.0097683519124984,0.25,LONG,0.0016068516,1.5,0.375
2026-09-09,GOOGL,-0.0333866477012634,0.25,LONG,0.0058975117,1.5,0.375
2026-09-09,XOM,-0.0987038016319274,-0.25,SHORT,0.0060890215,1.5,-0.375
2026-09-09,TSLA,-0.1188937872648239,-0.25,SHORT,-0.011554879,1.5,-0.375
2026-09-10,MSFT,-0.0068989694118499,0.25,LONG,0.0064779515,1.5,0.375
2026-09-10,GOOGL,-0.0336266160011291,0.25,LONG,0.017739007,1.5,0.375
2026-09-10,XOM,-0.1010172963142395,-0.25,SHORT,0.004599708,1.5,-0.375
2026-09-10,TSLA,-0.1262598633766174,-0.25,SHORT,0.005171099,1.5,-0.375
